{"type": "FeatureCollection", "features": [{"type": "Feature", "properties": {"nome": "Zaire", "codigo": "11"}, "geometry": {"type": "Polygon", "coordinates": [[[14.775166561000049, -5.875193310999975], [14.790256276000036, -5.887305501999947], [14.793288691000043, -5.929385729999979], [14.838600780000036, -5.959815772999946], [14.84418271800007, -5.995247178999932], [14.876333964000025, -6.010731069999963], [14.876593657000058, -6.045080587999962], [14.899290712000038, -6.072711971999979], [14.894716818000063, -6.108368247999977], [14.936632368000062, -6.15178240399996], [14.92793877500003, -6.234515141999964], [14.966028881000057, -6.258322243999942], [14.973047885000028, -6.283165382999925], [14.916020476000028, -6.362226789999966], [14.883199430000047, -6.381078966999951], [14.81999025600004, -6.525355704999981], [14.826250997000045, -6.551792208999927], [14.81314205600006, -6.563397857999973], [14.772654142000022, -6.551584033999973], [14.709871250000049, -6.5932442359999754], [14.63183685000007, -6.617202248999945], [14.575001193000048, -6.606201057999954], [14.551718324000035, -6.641425120999941], [14.517209879000063, -6.652659267999979], [14.527979274000074, -6.656788174999974], [14.493679995000036, -6.68154558699996], [14.45436485700003, -6.677505762999942], [14.408920481000052, -6.697736127999974], [14.378233155000032, -6.685720221999929], [14.346730352000066, -6.712177967999935], [14.290904847000036, -6.7202183639999475], [14.288516860000072, -6.739831993999928], [14.27863108400004, -6.73431491499997], [14.22618783400003, -6.785058207999953], [14.249005958000055, -6.803290316999949], [14.236972946000037, -6.8349310079999555], [14.173406293000028, -6.862380319999943], [14.145228290000034, -6.894005001999972], [14.087064183000052, -6.887219571999935], [14.044000479000033, -6.900531470999965], [13.988365912000063, -6.981454962999976], [13.896804245000055, -6.963814712999977], [13.833036724000067, -6.999189942999976], [13.80762756100006, -6.986836250999943], [13.778611511000065, -7.0013207059999445], [13.828410103000067, -7.0419201079999425], [13.834628615000042, -7.079803933999926], [13.821404804000053, -7.106868159999976], [13.848101942000028, -7.14726811099996], [13.950650095000071, -7.233782077999933], [13.901377069000034, -7.2498120919999565], [13.873732220000022, -7.298422290999952], [13.841471167000066, -7.320903397999928], [13.864849932000027, -7.33279225299998], [13.86064439200004, -7.3579932919999465], [13.891633333000073, -7.392118031999928], [13.90990183200006, -7.453523251999968], [13.94365189900003, -7.468379183999957], [13.967692406000026, -7.509975615999963], [13.922533446000045, -7.572327169999937], [13.842410528000073, -7.584147238999947], [13.83832394600006, -7.6338048359999675], [13.817708063000055, -7.663106727999946], [13.791807017000053, -7.660839555999928], [13.742530765000026, -7.69847886499997], [13.656525453000029, -7.696940896999934], [13.635423306000064, -7.728943035999976], [13.616479840000068, -7.717976060999945], [13.593858517000058, -7.7390655919999745], [13.546107946000063, -7.734459146999939], [13.527622439000027, -7.765147053999954], [13.479039883000041, -7.758369982999966], [13.417229706000057, -7.712162684999953], [13.38257436300006, -7.715080432999969], [13.316157457000031, -7.736374775999934], [13.300585064000074, -7.769422995999946], [13.258912000000066, -7.744727651999938], [13.225679347000039, -7.784229909999965], [13.170898825000052, -7.806681813999944], [13.09207725400006, -7.807987392999962], [12.997668833000034, -7.5984519229999705], [13.003553364000027, -7.577555157999939], [12.935630230000072, -7.432928128999947], [12.913479989000052, -7.333906310999964], [12.854672528000037, -7.267682528999956], [12.850175770000021, -7.109322514999974], [12.82778352400004, -6.991363539999952], [12.752167258000043, -6.87230070499993], [12.561870917000022, -6.662782691999951], [12.39837220100003, -6.331460815999947], [12.277565178000032, -6.152311987999951], [12.276178686000037, -6.1069973869999785], [12.33057988400003, -6.074610901999961], [12.319006906000027, -6.108467985999937], [12.346565111000075, -6.120850885999971], [12.443234845000063, -6.103758093999943], [12.44327916800006, -6.081193936999966], [12.794343476000051, -5.976582718999964], [13.04973328400007, -5.863839161999977], [13.093559649000042, -5.877192615999945], [13.11630427700004, -5.905953792999981], [13.225697743000069, -5.862492156999963], [13.355088113000022, -5.909417469999937], [13.380502487000058, -5.872933539999963], [13.429313985000022, -5.861645588999977], [13.51486854500007, -5.862243231999969], [13.56187637000005, -5.886984011999971], [13.588269145000027, -5.869491441999969], [13.788950408000062, -5.870123280999962], [14.00379595000004, -5.833988186999932], [14.040479037000068, -5.852427458999955], [14.179456917000039, -5.8395023909999395], [14.207910921000064, -5.87376022899997], [14.227851122000061, -5.8638620889999515], [14.237468060000026, -5.879932362999966], [14.259513975000061, -5.878531719999955], [14.283370365000053, -5.856909738999946], [14.308636782000065, -5.8822249519999446], [14.408326498000065, -5.896497662999934], [14.506044707000058, -5.88652756099998], [14.59593525200006, -5.904173497999977], [14.775166561000049, -5.875193310999975]]]}}, {"type": "Feature", "properties": {"nome": "U\u00edge", "codigo": "12"}, "geometry": {"type": "Polygon", "coordinates": [[[14.71119744300006, -7.992142186999956], [14.740185104000034, -7.957684751999977], [14.701446777000058, -7.911362674999964], [14.672056983000061, -7.925891602999968], [14.621636112000033, -7.9170995459999745], [14.573182584000051, -7.946317378999936], [14.494317758000022, -7.960477811999965], [14.462112306000051, -7.948942611999939], [14.456524073000026, -7.929854390999935], [14.424058114000047, -7.935027939999941], [14.41642394400003, -7.913709724999933], [14.359863869000037, -7.884255856999971], [14.311479022000071, -7.881177548999972], [14.246031291000065, -7.8215021539999725], [14.236787012000036, -7.767660838999973], [14.211681574000067, -7.735242153999934], [14.161525036000057, -7.728274078999959], [14.12124829000004, -7.648678607999955], [14.018609218000051, -7.662451792999946], [13.974292861000038, -7.635015443999976], [13.960767217000068, -7.655366281999932], [13.932555312000034, -7.6432541369999285], [13.908627172000024, -7.658216962999973], [13.89056153000007, -7.638797261999969], [13.841154016000075, -7.674932340999931], [13.823283511000056, -7.6692990089999284], [13.842410528000073, -7.584147238999947], [13.922533446000045, -7.572327169999937], [13.963248652000061, -7.52914866499998], [13.946379880000052, -7.471803068999975], [13.90990183200006, -7.453523251999968], [13.891633333000073, -7.392118031999928], [13.86064439200004, -7.3579932919999465], [13.864849932000027, -7.33279225299998], [13.841471167000066, -7.320903397999928], [13.873732220000022, -7.298422290999952], [13.901377069000034, -7.2498120919999565], [13.950769218000062, -7.2341157029999295], [13.848101942000028, -7.14726811099996], [13.821404804000053, -7.106868159999976], [13.834628615000042, -7.079803933999926], [13.828410103000067, -7.0419201079999425], [13.778684694000049, -7.00145551199995], [13.806907185000057, -6.986924099999953], [13.832425128000068, -6.999432983999952], [13.896077536000064, -6.963717842999927], [13.988804056000049, -6.981770911999945], [14.044256099000052, -6.900661513999978], [14.086252995000052, -6.887441295999963], [14.14580230200005, -6.894007517999967], [14.174344649000034, -6.861867019999977], [14.237496939000039, -6.834839307999971], [14.249071769000068, -6.8040230579999275], [14.226266341000041, -6.785300205999931], [14.279391110000063, -6.733988113999942], [14.288957845000027, -6.739399659999947], [14.291518711000037, -6.720338708999975], [14.346358483000074, -6.712390918999972], [14.37783719500004, -6.685986023999931], [14.410861686000032, -6.697944571999926], [14.454021011000066, -6.677741107999964], [14.493375064000077, -6.681778204999944], [14.527982278000025, -6.656769695999969], [14.517086778000078, -6.652904263999972], [14.551718324000035, -6.641425120999941], [14.575001193000048, -6.606201057999954], [14.63183685000007, -6.617202248999945], [14.709871250000049, -6.5932442359999754], [14.772654142000022, -6.551584033999973], [14.81314205600006, -6.563397857999973], [14.826250997000045, -6.551792208999927], [14.81999025600004, -6.525355704999981], [14.883199430000047, -6.381078966999951], [14.916020476000028, -6.362226789999966], [14.973047885000028, -6.283165382999925], [14.966028881000057, -6.258322243999942], [14.92793877500003, -6.234515141999964], [14.936632369000051, -6.15178240399996], [14.894716818000063, -6.108368247999977], [14.899290712000038, -6.072711971999979], [14.876593657000058, -6.045080587999962], [14.876333964000025, -6.010731069999963], [14.84418271800007, -5.995247178999932], [14.838600780000036, -5.959815772999946], [14.793288691000043, -5.929385729999979], [14.790256276000036, -5.887305501999947], [14.775166561000049, -5.875193310999975], [15.673440012000071, -5.860556621999933], [15.816338779000034, -5.877481361999969], [16.385078641000064, -5.857867184999975], [16.424964370000055, -5.871553117999952], [16.49127863700005, -5.843270163999932], [16.583539767000048, -5.87631941199993], [16.576678405000052, -5.941837164999981], [16.604267332000063, -5.949278063999941], [16.587936195000054, -5.965029238999932], [16.603977257000054, -5.987061835999953], [16.588273964000052, -6.032672902999934], [16.623448821000068, -6.034412465999935], [16.598613740000076, -6.05794272199995], [16.642968737000047, -6.062436461999937], [16.635286165000025, -6.094712063999964], [16.663020156000073, -6.090122084999962], [16.665774078000027, -6.106356610999967], [16.68630889600007, -6.106791596999926], [16.72964885500005, -6.16460286399996], [16.703654178000022, -6.204029369999944], [16.72138582100007, -6.325449783999943], [16.71032107900004, -6.339606604999972], [16.675532866000026, -6.334291532999941], [16.69350670500006, -6.35178226599993], [16.67819010200003, -6.383333195999967], [16.722158413000045, -6.398939699999971], [16.695728933000055, -6.423822811999969], [16.71992526300005, -6.456889411999953], [16.706154836000053, -6.478535222999938], [16.751572690000046, -6.522817980999946], [16.730651023000064, -6.5824408919999655], [16.75770839300003, -6.606985919999943], [16.76089690200007, -6.700720720999925], [16.805541645000062, -6.74078772799993], [16.81052768400002, -6.808714886999951], [16.84216520600006, -6.825591641999949], [16.837284898000064, -6.876469251999936], [16.873522653000066, -6.873183835999953], [16.90768256800004, -6.906087919999948], [16.900724694000075, -6.9454177659999345], [16.91879510600006, -6.969769627999938], [16.898381087000075, -6.983491386999958], [16.902874387000054, -7.019825798999932], [16.937855882000065, -7.0181832539999505], [16.94065811300004, -7.043839527999978], [16.969986473000063, -7.061958455999957], [16.94959633900004, -7.115638350999973], [16.915871182000046, -7.103462269999966], [16.936101002000044, -7.182821085999933], [16.95446133100006, -7.201423075999969], [16.93996595300007, -7.23447174599994], [16.972821407000026, -7.261819326999955], [16.97726635600003, -7.293225359999951], [17.025845779000065, -7.294136282999943], [17.037709934000077, -7.316647985999964], [17.108489603000066, -7.352697305999925], [17.088183238000056, -7.399254192999933], [17.027467443000035, -7.430093198999941], [17.005728490000024, -7.4898196979999625], [17.024146030000054, -7.494167563999952], [17.001952195000058, -7.512977576999958], [16.995903458000043, -7.555101741999977], [16.958282780000047, -7.56612903499996], [16.94667170100007, -7.609466169999962], [16.902155442000037, -7.631622367999967], [16.804648393000036, -7.631232882999939], [16.77457570000007, -7.604206423999926], [16.758630405000076, -7.54592469499994], [16.73076961000004, -7.538053011999978], [16.731859947000032, -7.506605270999955], [16.692350985000076, -7.422300637999967], [16.658786478000025, -7.40591104799995], [16.638138296000022, -7.365324165999937], [16.568106389000036, -7.353294716999926], [16.388494284000046, -7.4148074229999565], [16.34669026100005, -7.455748890999928], [16.341765492000036, -7.513479089999976], [16.30594441200003, -7.527649974999974], [16.279198956000073, -7.5651945329999535], [16.25645916700006, -7.560656509999944], [16.23546433000007, -7.576397019999945], [16.205182328000035, -7.619068671999969], [16.039003071000025, -7.6217275589999645], [16.02698397100005, -7.649968583999964], [16.050284434000048, -7.7206200699999386], [16.037528423000026, -7.75353583499998], [16.063957333000076, -7.832244084999957], [16.07950331400002, -7.841569309999954], [16.069755112000053, -7.866585350999969], [16.09584598300006, -7.9139842469999735], [16.10165555800006, -7.994842477999953], [16.127359719000026, -8.053438864999976], [16.09523460500003, -8.108824219999974], [16.103399869000043, -8.144995498999947], [16.033248005000075, -8.14385657899993], [16.024611416000027, -8.164341289999982], [15.956196458000022, -8.189433428999962], [15.90288786700006, -8.256026966999968], [15.883189122000033, -8.239132841999947], [15.792003300000033, -8.228671980999934], [15.782509038000057, -8.177685161999932], [15.793784002000052, -8.153081895999946], [15.772282221000069, -8.11905117599997], [15.730240540000068, -8.118518220999931], [15.746776153000042, -8.107987094999942], [15.731217566000055, -8.096907751999936], [15.740295574000072, -8.080705831999978], [15.76440794000007, -8.072843381999974], [15.69754923000005, -8.018732651999926], [15.64027051100004, -8.013395258999935], [15.615347831000065, -8.048538917999963], [15.470204506000073, -8.066742377999958], [15.446711382000046, -8.081751819999965], [15.424956719000022, -8.073381898999969], [15.393925512000067, -8.020581135999976], [15.363222946000064, -8.031835844999932], [15.343923902000029, -7.965674748999959], [15.294012461000023, -7.959707296999966], [15.242537459000062, -7.983426925999936], [15.20411905700007, -8.03225071299994], [15.212284048000072, -8.124759376999975], [15.183801090000031, -8.12985654399995], [15.204662167000038, -8.192437516999973], [15.188620899000057, -8.191000031999977], [15.187787326000034, -8.218504356999972], [15.159932489000028, -8.224108899999976], [15.14881938800005, -8.253074775999949], [15.114210014000037, -8.254503429999943], [15.104872324000041, -8.312519761999965], [15.094750055000077, -8.29478746999996], [15.051337262000061, -8.287720795999974], [14.98933426700006, -8.320698913999934], [14.955295335000073, -8.284461108999949], [14.93510341800004, -8.294573819999925], [14.90397531900004, -8.282917247999933], [14.86911438900006, -8.317233937999958], [14.865756112000042, -8.355331714999977], [14.822901638000076, -8.401129173999948], [14.821077406000029, -8.432172599999944], [14.684453679000057, -8.392576678999944], [14.610507148000067, -8.424804890999951], [14.599018339000054, -8.402649813999972], [14.641526872000043, -8.388788430999966], [14.669661905000055, -8.355925938999974], [14.652310237000052, -8.30794191299998], [14.659843006000074, -8.289856380999936], [14.63325879100006, -8.263320743999941], [14.611370001000068, -8.264934704999973], [14.612409627000034, -8.24798624899995], [14.669362470000067, -8.137528457999963], [14.721510428000045, -8.116918106999947], [14.693760118000057, -8.057121102999929], [14.71119744300006, -7.992142186999956]]]}}, {"type": "Feature", "properties": {"nome": "Malanje", "codigo": "17"}, "geometry": {"type": "Polygon", "coordinates": [[[15.462802878000048, -9.314063274999967], [15.442207162000045, -9.192384244999971], [15.457397578000041, -9.178804914999944], [15.609854430000041, -9.175114246999954], [15.646356419000028, -9.10533787999998], [15.622400956000035, -9.041057164999927], [15.663472897000077, -8.99643148299998], [15.67903560600007, -8.955569246999971], [15.673510019000048, -8.899980877999951], [15.715537944000062, -8.835670772999947], [15.662553686000024, -8.811794892999956], [15.682427777000044, -8.761913125999968], [15.708459245000029, -8.759770696999965], [15.71765980400005, -8.687514893999946], [15.691523251000035, -8.698536789999935], [15.65430500900004, -8.685154701999977], [15.590271361000077, -8.620819584999936], [15.656008991000022, -8.52680734699993], [15.649407953000036, -8.486273521999976], [15.785407512000063, -8.44536762599995], [15.828924705000077, -8.407711537999944], [15.799602673000038, -8.381045663999942], [15.814973682000073, -8.35730014099994], [15.792160802000069, -8.350405437999939], [15.805301378000024, -8.302569543999937], [15.783461957000043, -8.280141840999931], [15.788069763000067, -8.229426759999967], [15.882826935000026, -8.239390514999968], [15.904063586000063, -8.255722756999944], [15.956195838000042, -8.189468011999963], [16.024644611000042, -8.164210065999953], [16.033321331000025, -8.143796128999952], [16.103673961000027, -8.144688347999931], [16.09533503700004, -8.108584201999975], [16.127516867000054, -8.053293248999978], [16.101722710000047, -7.994535805999931], [16.096107549000067, -7.914229474999956], [16.069957595000062, -7.866556483999943], [16.07964660700003, -7.841201736999949], [16.064004714000077, -7.832139463999965], [16.03763843200005, -7.753599527999938], [16.05041017800005, -7.697420274999956], [16.027144641000064, -7.649998293999943], [16.03177487100004, -7.628455990999953], [16.074633583000036, -7.61604484399993], [16.20532386900004, -7.618942338999943], [16.235615762000066, -7.576243215999966], [16.256625565000036, -7.560443728999928], [16.27925374700004, -7.565191454999933], [16.303716474000055, -7.529507594999927], [16.341836166000064, -7.513384506999955], [16.346962363000046, -7.455359862999956], [16.388441046000025, -7.414741100999947], [16.59820389500004, -7.351724715999978], [16.638440848000073, -7.365198116999977], [16.65892066200007, -7.405586522999954], [16.69302083100007, -7.42266164199998], [16.731892671000026, -7.506296695999936], [16.730798896000067, -7.537737421999964], [16.75943114200004, -7.546511165999959], [16.761170786000037, -7.575242786999979], [16.77593429500007, -7.578647915999966], [16.774915114000066, -7.604471563999937], [16.79574299500007, -7.626567187999967], [16.82335626300005, -7.626467929999933], [16.82499658200004, -7.639019378999933], [16.90121815200007, -7.632406314999969], [16.946503342000028, -7.609988962999978], [16.958454025000037, -7.5663589499999375], [16.99603778100004, -7.555336826999962], [17.001984121000078, -7.512887924999973], [17.024208632000068, -7.49357176999996], [17.005745279000053, -7.488956160999976], [17.021987934000038, -7.473915765999948], [17.02767442000004, -7.429811369999925], [17.047617417000026, -7.428523842999937], [17.102168542000072, -7.377744169999971], [17.10641605400002, -7.423198026999955], [17.12597162000003, -7.423870203999968], [17.139179564000074, -7.404156153999963], [17.180243505000078, -7.428926149999938], [17.180482420000033, -7.445656958999962], [17.148561419000032, -7.466853795999953], [17.199703045000035, -7.504641164999953], [17.192373278000048, -7.533951699999932], [17.213960327000052, -7.575074588999939], [17.295863448000034, -7.622555039999952], [17.287969391000047, -7.692306506999955], [17.33183435500007, -7.717220786999974], [17.31728738700002, -7.751095102999955], [17.329814291000048, -7.777810579999937], [17.381465329000036, -7.7785759789999815], [17.376737880000064, -7.822329231999959], [17.396266964000063, -7.815690514999972], [17.392322066000077, -7.838733980999962], [17.422866990000045, -7.833681159999969], [17.42256465300005, -7.868403871999931], [17.448615930000074, -7.869759070999976], [17.441853483000045, -7.926100113999951], [17.46959905700004, -7.956354494999971], [17.481547635000027, -7.94840109699993], [17.480117160000077, -8.000191103999953], [17.499266672000033, -8.003363357999945], [17.53184944000003, -8.045306849999974], [17.501942477000057, -8.068145853999965], [17.52942555800007, -8.099120290999963], [17.52349064200007, -8.118883232999963], [17.504813214000023, -8.115352248999955], [17.496434315000045, -8.15718814099995], [17.513847172000055, -8.150026792999938], [17.551981218000037, -8.184756799999946], [17.51687763600006, -8.212295003999941], [17.54187009000003, -8.235333388999948], [17.521052588000032, -8.246281471999964], [17.54235225000002, -8.268034555999975], [17.525317770000072, -8.288801057999933], [17.549032526000076, -8.294560684999965], [17.55277983700006, -8.32650887899996], [17.535742612000035, -8.335082241999942], [17.552670427000066, -8.36877806299998], [17.529343392000044, -8.355383002999929], [17.53280401300003, -8.367065658999934], [17.50982321500004, -8.379391987999952], [17.520290438000075, -8.386665729999947], [17.511620332000064, -8.412424792999957], [17.49680133100003, -8.400635590999968], [17.486132028000043, -8.422583179999947], [17.468676250000044, -8.416401404999931], [17.48734909500007, -8.426230542999974], [17.476778859000035, -8.43686607099994], [17.48819456900003, -8.468992654999965], [17.53267117200005, -8.541553694999948], [17.525324216000058, -8.553152919999945], [17.538889702000063, -8.555129915999942], [17.52766636000007, -8.573178982999934], [17.545648399000072, -8.578856481999935], [17.52400374800004, -8.588194555999962], [17.54807810400007, -8.584420939999973], [17.539254776000064, -8.599226718999944], [17.548953658000073, -8.60112795599997], [17.56814184800004, -8.59306724299995], [17.550837062000028, -8.622092804999966], [17.58165807900002, -8.64279987599997], [17.567522888000042, -8.669218953999973], [17.59457275400007, -8.672407187999966], [17.559421057000066, -8.679069965999929], [17.594021422000026, -8.695906961999981], [17.55982424700005, -8.729532889999973], [17.597335792000024, -8.736720541999944], [17.564008629000057, -8.758719534999955], [17.585917151000046, -8.765571557999976], [17.571083733000023, -8.778822790999925], [17.586852683000075, -8.794301046999976], [17.568431099000065, -8.805989584999963], [17.583610814000053, -8.819628335999937], [17.558838421000075, -8.83078665599993], [17.584072012000036, -8.846493781999925], [17.564964288000056, -8.875765054999931], [17.557593147000034, -8.861144990999946], [17.54227400600007, -8.870798940999975], [17.54962815600004, -8.911418235999975], [17.525656767000044, -8.951907930999937], [17.537533521000057, -8.948139849999961], [17.527262782000037, -8.963000587999943], [17.543675730000075, -8.966244870999958], [17.527907624000022, -8.970699847999981], [17.52724575700006, -8.977217349999933], [17.544511097000054, -8.974315676999936], [17.530453284000032, -8.984081314999969], [17.529075343000045, -8.98928392099998], [17.541391977000046, -8.980161476999967], [17.550876579000033, -8.993236495999952], [17.539917208000077, -9.01195551799998], [17.563028990000078, -9.011938592999968], [17.57013233600003, -9.030155315999934], [17.55245658700005, -9.05405004399995], [17.570906956000044, -9.059085203999928], [17.56089904600003, -9.075088286999971], [17.585186821000036, -9.080903846999945], [17.562634675000027, -9.126948709999965], [17.543744090000075, -9.133642170999963], [17.54736093300005, -9.174371548999943], [17.53601510900006, -9.178348205999953], [17.557867532000046, -9.228494920999935], [17.54514820000003, -9.225295353999968], [17.546477408000044, -9.238818421999952], [17.50927342800003, -9.23764584199995], [17.484982693000063, -9.257499932999963], [17.48896388000003, -9.247368200999972], [17.472327160000077, -9.247748418999947], [17.466789206000044, -9.266364887999941], [17.459782344000075, -9.255569714999979], [17.421476015000053, -9.272515777999956], [17.40359481300004, -9.26229707999994], [17.373071352000068, -9.296635356999957], [17.336240975000067, -9.286757189999946], [17.325767591000044, -9.30253040699995], [17.31634658300004, -9.28442755499998], [17.300231647000032, -9.320182985999963], [17.30775475200005, -9.338439621999953], [17.287932969000053, -9.333302122999953], [17.312978593000025, -9.380569191999939], [17.29614104700005, -9.402186582999946], [17.346691188000023, -9.410752636999973], [17.31167240700006, -9.423887674999946], [17.33486597500007, -9.42424356999993], [17.329884578000076, -9.436959712999965], [17.352844824000044, -9.450870742999939], [17.35051880700007, -9.469693166999946], [17.334453456000062, -9.464574070999959], [17.340722753000023, -9.48378639699996], [17.368345057000056, -9.470437186999959], [17.361255929000038, -9.49034142599993], [17.39020381200004, -9.501034071999982], [17.379883217000042, -9.517445650999946], [17.40125394100005, -9.516840113999933], [17.379388606000077, -9.529500429999928], [17.393131356000026, -9.537092063999978], [17.37040058900004, -9.602743196999938], [17.39613742800003, -9.59834075799995], [17.410754488000066, -9.625217895999981], [17.446174561000078, -9.604004093999947], [17.436788209000042, -9.618818332999979], [17.460566156000027, -9.628500656999961], [17.465119982000033, -9.607905569999957], [17.461588945000074, -9.641959479999969], [17.474452201000076, -9.653722992999974], [17.449105458000076, -9.668510494999964], [17.478780112000038, -9.68985717499993], [17.499002419000078, -9.663716164999926], [17.51061083700006, -9.679832404999956], [17.499075085000072, -9.699598738999953], [17.52452034600003, -9.676096222999945], [17.528986733000067, -9.693335064999928], [17.54103344600003, -9.67515194899994], [17.552903093000054, -9.687285864999978], [17.55212939300003, -9.671626844999935], [17.584213587000022, -9.686653054999965], [17.57087954900004, -9.713599601999931], [17.581913323000038, -9.74065879099993], [17.602127833000054, -9.74063429599994], [17.592640862000053, -9.747936188999972], [17.607883997000044, -9.762858666999932], [17.59057530700005, -9.756086318999962], [17.58439379500004, -9.779543716999967], [17.609539003000066, -9.836422884999934], [17.618063095000025, -9.821744967999962], [17.640811858000063, -9.837977728999931], [17.654552360000025, -9.82369861899997], [17.680682641000033, -9.838221186999931], [17.67601065100007, -9.854617076999943], [17.752742082000054, -9.85658673599994], [17.79352504600007, -9.900632668999947], [17.790736654000057, -9.915265816999977], [17.834018696000044, -9.88504482999997], [17.837448342000073, -9.861184503999937], [17.818068229000062, -9.858660357999952], [17.824267270000064, -9.818910119999941], [17.882686387000035, -9.845608561999939], [17.897935603000064, -9.86962826399997], [17.962906933000056, -9.851395800999967], [17.99698012400006, -9.89631179099996], [18.00811675400007, -9.87769020099995], [18.007152244000054, -9.890891307999937], [18.022417304000044, -9.88933536199994], [18.026798402000054, -9.872775113999978], [18.02820537100007, -9.893017481999948], [18.01245000600005, -9.911928424999928], [18.044466293000028, -9.909020038999927], [18.02735511000003, -9.930562576999932], [18.06235719400007, -9.930817789999935], [18.047521411000048, -9.94516682799997], [18.063613579000048, -9.938894653999967], [18.057709962000047, -9.95155501599993], [18.068216023000048, -9.945407859999932], [18.07829507200006, -9.968916571999955], [18.083332642000073, -9.944723747999944], [18.06904412700004, -9.926214720999951], [18.096929224000064, -9.932611092999934], [18.097735460000024, -9.919928408999965], [18.146818753000048, -9.911040432999926], [18.127389570000048, -9.917760346999955], [18.125027680000073, -9.937318086999937], [18.086949212000036, -9.944303230999935], [18.12851326300006, -9.93891244699995], [18.14770850800005, -9.953911278999954], [18.23858107700005, -9.906539804999966], [18.307013577000077, -9.793614515999934], [18.33853820300004, -9.77797643699995], [18.35611059300004, -9.744987505999973], [18.41315288000004, -9.720882256999971], [18.424861002000057, -9.668854978999946], [18.441109763000043, -9.687581526999963], [18.457939477000025, -9.682825352999942], [18.466652477000025, -9.710640116999969], [18.51105525400004, -9.726277736999975], [18.49714192700003, -9.72901483399994], [18.499457491000044, -9.73909594099996], [18.57739110500006, -9.75343133499996], [18.57184344800004, -9.764288761999978], [18.61035845500004, -9.774057446999961], [18.61855827200003, -9.795228348999956], [18.644340518000035, -9.793351943999937], [18.629569522000054, -9.81149593999993], [18.653630907000036, -9.847717445999933], [18.64269343600006, -9.860909540999955], [18.672585905000062, -9.864570687999958], [18.666219959000045, -9.885820383999942], [18.69351783600007, -9.921280255999932], [18.681005266000057, -9.916892219999966], [18.679951862000053, -9.93165064699997], [18.701502362000042, -9.942879164999965], [18.692927335000036, -9.97102461399993], [18.709289907000027, -10.014637672999982], [18.689839044000053, -10.02137410399996], [18.702625330000046, -10.023507623999933], [18.692449303000046, -10.043988746999958], [18.705882662000022, -10.053835050999965], [18.680704512000034, -10.082704165999928], [18.65397368500004, -10.086751271999958], [18.65570372800005, -10.109948285999963], [18.623679578000065, -10.113637988999926], [18.630950864000056, -10.140272362999951], [18.601564215000053, -10.123521087999961], [18.596548004000056, -10.154284098999938], [18.575675069000056, -10.14520650399993], [18.568289549000042, -10.167912220999938], [18.534651821000068, -10.167975430999945], [18.560216940000032, -10.191043992999937], [18.530164985000056, -10.183473288999949], [18.55056617200006, -10.202691225999956], [18.525993149000044, -10.215486917999954], [18.537687796000057, -10.233249194999928], [18.528694805000043, -10.241736145999937], [18.52042486000005, -10.226558520999959], [18.523878574000037, -10.243890068999974], [18.505716239000037, -10.258154742999977], [18.51895070300003, -10.27310328699997], [18.50244299600007, -10.27357560799993], [18.48780930500004, -10.30225410099996], [18.49455864500004, -10.316462053999942], [18.504697947000068, -10.295033793999949], [18.50637805200006, -10.32362001499996], [18.53373597600006, -10.33003937799998], [18.50497699400006, -10.329529709999974], [18.521024865000072, -10.343208757999946], [18.497286297000073, -10.348220560999948], [18.519165086000044, -10.376883874999976], [18.507905993000065, -10.382080257999974], [18.49950003200007, -10.365930397999932], [18.482101818000046, -10.389136049999934], [18.468677654000032, -10.376832557999933], [18.449455862000036, -10.403018647999943], [18.469463117000032, -10.414002443999948], [18.45666706000003, -10.44543703599993], [18.473050216000047, -10.436339587999953], [18.481149103000064, -10.462929692999978], [18.506794608000064, -10.463427088999936], [18.481555722000053, -10.487115913999958], [18.51920847300005, -10.48709170099994], [18.507554130000074, -10.50522402599995], [18.53355692100007, -10.499470022999958], [18.539143378000063, -10.520332639999936], [18.55649342600003, -10.516106244999946], [18.551261659000033, -10.539803051999968], [18.56668798900006, -10.532807498999944], [18.561721687000045, -10.545934024999951], [18.573837531000038, -10.544918207999956], [18.56689123800004, -10.565500553999925], [18.589550236000036, -10.546020369999951], [18.584238241000037, -10.565877150999938], [18.610887066000032, -10.58709437899995], [18.62117458000006, -10.56784448999997], [18.627016621000053, -10.586340481999969], [18.633604348000063, -10.563564705999966], [18.646578254000076, -10.57923107399995], [18.63152244400004, -10.590941235999935], [18.66095454500004, -10.603081836999934], [18.642663993000042, -10.626638776999926], [18.670692162000023, -10.627703520999944], [18.67124203800006, -10.640966745999947], [18.645245232000036, -10.640324547999967], [18.661870789000034, -10.660885579999956], [18.640759030000027, -10.674010478999946], [18.652333502000033, -10.68233979799993], [18.631966143000056, -10.678622233999931], [18.60072076000006, -10.705869327999949], [18.62320636000004, -10.745750551999947], [18.615775261000067, -10.776404917999969], [18.648770671000023, -10.830268686999943], [18.650163975000055, -10.86561773699998], [18.742559081000024, -10.940336788999957], [18.752377091000028, -10.934660647999976], [18.772868132000042, -10.97652704799998], [18.78272577100006, -11.005077699999958], [18.756551109000043, -11.125413138999932], [18.76201013700006, -11.151281480999955], [18.80156846600005, -11.176465092999933], [18.77283058300003, -11.25597271099997], [18.829519454000035, -11.290771800999948], [18.841084729000045, -11.367303553999932], [18.81429550200005, -11.371989016999976], [18.80116206200006, -11.392311434999954], [18.704362698000068, -11.355418699999973], [18.641810199000076, -11.37304695399996], [18.59539108200005, -11.41804618599997], [18.48123139300003, -11.428676966999944], [18.40840173500004, -11.511743357999933], [18.402444697000078, -11.546924377999972], [18.376345038000068, -11.576654896999969], [18.300543395000034, -11.562861914999928], [18.29427666600003, -11.55008812799997], [18.246521634000032, -11.568966536999937], [18.22548672100004, -11.559280530999956], [18.208686800000066, -11.583301343999949], [18.12874720900004, -11.570621163999931], [18.095833777000053, -11.601418982999974], [18.075401347000025, -11.569879948999926], [18.07827032600005, -11.542404842999929], [18.04884249400004, -11.518702134999955], [17.925660296000046, -11.51883631499993], [17.91018529200005, -11.496535622999943], [17.923032698000043, -11.467082790999939], [17.91167480000007, -11.431130612999937], [17.88687647000006, -11.393725460999974], [17.86319338100003, -11.389635710999926], [17.802272792000053, -11.327199099999973], [17.792073036000033, -11.349486368999976], [17.831265659000053, -11.441123034999976], [17.813206054000034, -11.467030399999942], [17.81884420700004, -11.506678621999981], [17.801912578000042, -11.55871218599998], [17.757230409000044, -11.593751727999972], [17.70610522100003, -11.60217139699995], [17.686526860000072, -11.664203018999956], [17.660698042000035, -11.672041245999935], [17.648566765000055, -11.726008840999953], [17.598181733000047, -11.736443298999973], [17.568257927000047, -11.705127146999928], [17.524902587000042, -11.706803787999945], [17.50466904600006, -11.693525652999938], [17.53340032600005, -11.674595969999928], [17.535466236000048, -11.638729613999942], [17.51381135300005, -11.605896790999964], [17.491921311000056, -11.60196321899997], [17.47829865500006, -11.565625999999952], [17.49772070800003, -11.512423007999928], [17.547480003000032, -11.506718260999946], [17.540022201000056, -11.479036256999962], [17.51506596100006, -11.49853264799998], [17.49376403900004, -11.487683171999947], [17.50668544800004, -11.480594718999953], [17.493856872000038, -11.468361769999944], [17.521516250000047, -11.433985178999933], [17.530053416000044, -11.376510548999931], [17.482749501000058, -11.324839063999946], [17.46335444600004, -11.330573009999966], [17.462977957000078, -11.25208986299998], [17.388951275000068, -11.228453698999942], [17.411773573000062, -11.189721457999951], [17.449899619000064, -11.177153892999968], [17.456666897000048, -11.126814042999968], [17.453856216000077, -11.101823021999962], [17.415858080000078, -11.062141725999936], [17.41971245700006, -11.036710158999938], [17.387354191000043, -11.015322396999977], [17.373418337000032, -10.932010662999971], [17.31452191300002, -10.900905117999969], [17.285282900000027, -10.86554143899997], [17.228832542000077, -10.878299672999958], [17.159467027000062, -10.85064710699993], [17.147748755000066, -10.81232864499998], [17.108939489000022, -10.81237103199993], [17.092764989000045, -10.847924797999951], [17.05425881700006, -10.825898568999946], [17.052845493000063, -10.80958919099993], [16.929144085000075, -10.76730142699995], [16.874364574000026, -10.765911441999947], [16.862368567000033, -10.78186631999995], [16.834561273000077, -10.77566963399994], [16.820606681000072, -10.788190397999927], [16.779554073000043, -10.775703446999955], [16.718186978000062, -10.703663786999925], [16.671205823000037, -10.696462169999961], [16.659792964000076, -10.653619223999954], [16.62929546600003, -10.657074469999941], [16.616376271000036, -10.619611689999942], [16.645276301000024, -10.602572453999926], [16.644296757000063, -10.586645234999935], [16.60153815800004, -10.570580118999942], [16.58178674100003, -10.530516194999961], [16.49812087300006, -10.445090565999976], [16.446561947000077, -10.427529912999944], [16.43374582000007, -10.404736234999973], [16.44508733400005, -10.346837266999955], [16.397546727000076, -10.28791171499995], [16.344592289000047, -10.270989188999977], [16.331026087000055, -10.19313780899995], [16.383008543000074, -10.145727264999948], [16.363558970000042, -10.011128535999944], [16.303456684000025, -9.959875549999936], [16.31716999300005, -9.893937928999947], [16.237762687000043, -9.864858541999979], [16.209511328000076, -9.76804266299996], [16.189331195000022, -9.770133443999953], [16.188164289000042, -9.753649002999964], [16.160154035000062, -9.741037845999927], [16.12401566400007, -9.752492060999941], [16.061177217000022, -9.727807888999962], [16.042462632000024, -9.742569531999948], [16.01509528400004, -9.712217454999973], [15.979077633000031, -9.736135660999935], [15.960557221000045, -9.713054623999938], [15.929192900000032, -9.747210353999947], [15.819837859000074, -9.714449491999972], [15.798432091000052, -9.720312604999947], [15.796291257000064, -9.75158345999995], [15.77255857800003, -9.781458114999964], [15.66022496100004, -9.796813412999938], [15.59880004400003, -9.775128042999938], [15.584374239000056, -9.800349365999978], [15.524624510000024, -9.784155024999961], [15.502194892000034, -9.802023902999963], [15.448132831000066, -9.791386816999932], [15.338339959000052, -9.821633610999982], [15.323851195000032, -9.802295730999958], [15.297701706000055, -9.819382005999955], [15.263413420000063, -9.78965352299997], [15.205803998000022, -9.796349094999925], [15.186350954000034, -9.771007811999937], [15.157777165000027, -9.771815714999946], [15.11142105500005, -9.740794533999974], [15.111499425000034, -9.72277295999993], [15.161845836000055, -9.73230600599993], [15.142111126000032, -9.694764547999966], [15.170016580000038, -9.674215371999935], [15.14293175000006, -9.61261731199994], [15.084673898000062, -9.56978010599994], [15.125099411000065, -9.550593808999963], [15.146328951000044, -9.49986980999995], [15.168409785000051, -9.49978939999994], [15.183371831000045, -9.462031250999928], [15.100479892000067, -9.393756812999982], [15.142405471000075, -9.370092603999979], [15.390314572000023, -9.358458802999962], [15.462802878000048, -9.314063274999967]]]}}, {"type": "Feature", "properties": {"nome": "Lunda-Sul", "codigo": "19"}, "geometry": {"type": "Polygon", "coordinates": [[[21.933343711000077, -8.325563735999935], [21.915137037000022, -8.344878052999945], [21.918733683000028, -8.391860355999938], [21.94984289300004, -8.440253756999937], [21.95172236800005, -8.501215404999925], [21.92865702100005, -8.525836857999934], [21.941337197000053, -8.558776661999957], [21.919633947000023, -8.590484643999957], [21.935569176000058, -8.597353755999961], [21.905762197000058, -8.634191708999936], [21.914378855000052, -8.663624477999974], [21.891168398000048, -8.706621483999982], [21.895852948000027, -8.78347608599995], [21.860679649000076, -8.85191576799997], [21.867722446000073, -8.87591413499996], [21.854071044000023, -8.901796383999965], [21.855294036000032, -9.045944563999967], [21.83497267300004, -9.059843505999936], [21.857891981000023, -9.22764389699995], [21.808387140000036, -9.330477146999954], [21.791197305000026, -9.417750811999952], [21.829744574000074, -9.454584868999973], [21.83106517500005, -9.507444594999981], [21.864740496000024, -9.559185974999934], [21.87349421600004, -9.64861521399996], [21.935321259000034, -9.685386637999954], [21.934488447000035, -9.705700046999937], [21.96664091400004, -9.725152140999967], [21.976366961000053, -9.759059459999946], [21.996235460000037, -9.747429843999953], [22.013337836000062, -9.819438282999954], [22.039555704000065, -9.828748824999934], [22.068763587000035, -9.873958583999979], [22.111564142000077, -9.870210932999953], [22.18621973100005, -9.91910885699997], [22.203738513000076, -9.985168642999952], [22.193298628000036, -9.994745973999954], [22.212506827000027, -10.016821422999953], [22.205879782000068, -10.041706475999945], [22.221762930000068, -10.069431305999956], [22.21548421600005, -10.158988373999932], [22.23610061000005, -10.216376347999926], [22.277826839000056, -10.260577215999945], [22.280024887000025, -10.297900536999975], [22.32844097000003, -10.388314106999928], [22.27133152700003, -10.506954031999953], [22.307570718000022, -10.530748641999935], [22.310910559000035, -10.597881927999936], [22.270420776000037, -10.624532927999951], [22.196913971000072, -10.589263242999948], [22.089007603000027, -10.578635628999962], [22.042487426000037, -10.619109549999962], [21.95186656900006, -10.608531982999978], [21.897940764000055, -10.622997820999956], [21.861871906000033, -10.607047502999933], [21.81056669700007, -10.621988450999936], [21.756267191000063, -10.748881941999969], [21.770757555000046, -10.81815955899998], [21.71497200700003, -10.843323139999939], [21.680713620000063, -10.927646295999978], [21.695873821000077, -10.97565446599998], [21.66145431800004, -11.005059303999928], [21.670073683000055, -11.024368787999947], [21.64957253600005, -11.022043504999942], [21.657560872000033, -11.04875229199996], [21.633042904000035, -11.077998897999976], [21.655842016000065, -11.08632210099995], [21.648341087000063, -11.104580792999968], [21.667053114000055, -11.119384492999927], [21.65309803200006, -11.140070223999942], [21.66062971300005, -11.170379417999982], [21.623449609000033, -11.172159084999976], [21.604562732000034, -11.193088541999941], [21.564939450000054, -11.190254954999943], [21.547624893000034, -11.207723810999937], [21.538797557000066, -11.19229559699994], [21.50630380100006, -11.200771914999962], [21.51029631700004, -11.188029805999975], [21.492715313000076, -11.180896752999956], [21.48943290400007, -11.196135512999945], [21.457188003000056, -11.196094823999942], [21.435289264000062, -11.23151639799994], [21.388611832000038, -11.227576432999967], [21.358416281000075, -11.250137973999927], [21.287235774000067, -11.258343228999934], [21.23507249100004, -11.292483242999936], [21.180965618000073, -11.29074673699995], [21.192691108000076, -11.299945222999952], [21.170775156000047, -11.317269917999965], [21.183538921000036, -11.333793080999953], [21.162423357000023, -11.324891304999937], [21.150002656000026, -11.345213703999946], [21.13024454600003, -11.344483840999942], [21.10402193500005, -11.403897023999946], [21.084894895000048, -11.399724874999947], [21.081908976000022, -11.41607364999993], [21.053781058000027, -11.403325967999933], [20.990145066000025, -11.433196359999954], [21.00661344400004, -11.470151531999932], [20.990613987000074, -11.499560888999952], [20.900646074000065, -11.492099530999951], [20.88284780300006, -11.478393428999937], [20.86600057900006, -11.491490470999963], [20.834890736000034, -11.472916558999941], [20.79681342600003, -11.482385059999956], [20.758308070000055, -11.447756123999966], [20.70889850900005, -11.446155763999968], [20.696118693000074, -11.418658494999931], [20.651459930000044, -11.425337942999931], [20.606738651000057, -11.381991419999963], [20.542695284000047, -11.369399001999966], [20.524717641000052, -11.336646582999947], [20.50142579900006, -11.347776823999936], [20.44616824900004, -11.285436024999967], [20.417125398000053, -11.284120230999974], [20.38617084400005, -11.259604453999941], [20.339213517000076, -11.279626323999935], [20.266101040000024, -11.229539057999943], [20.227367749000052, -11.240917710999952], [20.16099947500004, -11.186059679999971], [20.08714952300005, -11.270378260999962], [20.05775339400003, -11.274635709999927], [20.02592053500007, -11.248257660999968], [19.98335894300004, -11.239452123999968], [19.959465115000057, -11.265889554999944], [19.92499347000006, -11.255788005999932], [19.91690244600005, -11.287707833999946], [19.881149203000064, -11.298007849999976], [19.851163443000075, -11.249881972999958], [19.83641932000006, -11.25893810499997], [19.809088407000047, -11.243806106999955], [19.78018092600007, -11.258768024999938], [19.78059488400004, -11.283417929999928], [19.70704157800003, -11.30329788399996], [19.637243151000064, -11.247623905999944], [19.564882081000064, -11.246668600999953], [19.523447231000034, -11.315969805999941], [19.456872843000042, -11.384471559999952], [19.430361567000034, -11.383567036999978], [19.392008315000055, -11.41734073799995], [19.273604379000062, -11.402159727999958], [19.256201297000075, -11.436265061999961], [19.14810318800005, -11.452799161999963], [19.128258800000026, -11.403208835999976], [19.19088947000006, -11.384247247999951], [19.167684835000045, -11.337740795999935], [19.220756313000038, -11.25596251899998], [19.198609801000032, -11.226983699999948], [19.172153684000023, -11.23297049699994], [19.12088929400005, -11.196004939999966], [19.054990840000073, -11.21572387599997], [19.008239813000046, -11.144105983999964], [18.88196622600003, -11.082909879999931], [18.842781142000035, -11.037319154999977], [18.782368056000053, -11.005924180999955], [18.752377091000028, -10.934660647999976], [18.742559081000024, -10.940336788999957], [18.650163975000055, -10.86561773699998], [18.648770671000023, -10.830268686999943], [18.615775261000067, -10.776404917999969], [18.62320636000004, -10.745750551999947], [18.601020592000054, -10.705082427999969], [18.631966143000056, -10.678622233999931], [18.652333502000033, -10.68233979799993], [18.640468423000073, -10.675561562999974], [18.661870789000034, -10.660885579999956], [18.64383732400006, -10.650047447999953], [18.65193469700006, -10.631519435999962], [18.671992723000074, -10.639539268999954], [18.67024976400006, -10.627049513999964], [18.642728902000044, -10.627225573999965], [18.66364379600003, -10.612393802999975], [18.646561931000065, -10.60598626999996], [18.64735837300003, -10.588852118999966], [18.63152244400004, -10.590941235999935], [18.642590248000033, -10.569002212999976], [18.628405602000043, -10.56322328799996], [18.627016621000053, -10.586340481999969], [18.62211590100003, -10.567833677999943], [18.606046135000042, -10.586015329999952], [18.584238241000037, -10.565877150999938], [18.587187733000064, -10.545454837999955], [18.568293272000062, -10.56649746499994], [18.56987169100006, -10.534262076999937], [18.551261659000033, -10.539803051999968], [18.557353463000027, -10.517013826999971], [18.539143378000063, -10.520332639999936], [18.53355692100007, -10.499470022999958], [18.507554130000074, -10.50522402599995], [18.520989503000067, -10.48953346199994], [18.50033505500005, -10.494301900999972], [18.505418088000056, -10.478938071999949], [18.491836720000038, -10.49203459399996], [18.481555722000053, -10.487115913999958], [18.506794608000064, -10.463427088999936], [18.481149103000064, -10.462929692999978], [18.473050216000047, -10.436339587999953], [18.456334223000056, -10.444956265999963], [18.469574054000077, -10.415222850999953], [18.449640766000073, -10.404017162999935], [18.456501520000074, -10.383888450999962], [18.483808510000074, -10.388830388999963], [18.500569900000073, -10.365777567999942], [18.518120684000053, -10.378233928999975], [18.497286297000073, -10.348220560999948], [18.521024865000072, -10.343208757999946], [18.50497699400006, -10.329529709999974], [18.533914268000046, -10.33273950299997], [18.50637805200006, -10.32362001499996], [18.503814650000038, -10.29455605399994], [18.48740078000003, -10.31098533599993], [18.501029088000053, -10.27491585599995], [18.51895070300003, -10.27310328699997], [18.505716239000037, -10.258154742999977], [18.523878574000037, -10.243890068999974], [18.52042486000005, -10.226558520999959], [18.528694805000043, -10.241736145999937], [18.537687796000057, -10.233249194999928], [18.525993149000044, -10.215486917999954], [18.55056617200006, -10.202691225999956], [18.530164985000056, -10.183473288999949], [18.560216940000032, -10.191043992999937], [18.534651821000068, -10.167975430999945], [18.568289549000042, -10.167912220999938], [18.575675069000056, -10.14520650399993], [18.596548004000056, -10.154284098999938], [18.601564215000053, -10.123521087999961], [18.630950864000056, -10.140272362999951], [18.623679578000065, -10.113637988999926], [18.65570372800005, -10.109948285999963], [18.65397368500004, -10.086751271999958], [18.680704512000034, -10.082704165999928], [18.705882662000022, -10.053835050999965], [18.692449303000046, -10.043988746999958], [18.702625330000046, -10.023507623999933], [18.689839044000053, -10.02137410399996], [18.709289907000027, -10.014637672999982], [18.692927335000036, -9.97102461399993], [18.701502362000042, -9.942879164999965], [18.679951862000053, -9.93165064699997], [18.681005266000057, -9.916892219999966], [18.68355427000006, -9.924898114999962], [18.69351783600007, -9.921280255999932], [18.666219959000045, -9.885820383999942], [18.672585905000062, -9.864570687999958], [18.64291627600005, -9.861291553999934], [18.653746859000023, -9.85004493799994], [18.644180566000045, -9.84208356399995], [18.691963145000045, -9.830159095999932], [18.70221471600007, -9.857138069999962], [18.716900585000076, -9.85125494099998], [18.753955704000077, -9.882705877999967], [18.76719255300003, -9.873909375999972], [18.771576754000023, -9.900886343999957], [18.789020315000073, -9.896607098999937], [18.80353880100006, -9.914690391999954], [18.834818617000053, -9.89705547699998], [18.879891457000042, -9.94613734799998], [18.86769995900005, -9.994549983999946], [18.87973925600005, -9.989621417999956], [18.897374666000076, -10.01791898199997], [18.894842615000073, -10.049750478999954], [18.91603778800004, -10.049510784999939], [18.954127930000027, -10.105623225999977], [19.063076167000077, -10.035373929999935], [19.124603832000048, -10.042686899999978], [19.130066921000036, -10.01779631599993], [19.180754200000024, -9.976227132999952], [19.178390329000024, -9.960659003999979], [19.20758143300003, -9.960920059999978], [19.25724057000002, -9.898377854999978], [19.27952332900003, -9.89684712899998], [19.326964862000068, -9.852469547999931], [19.327443973000072, -9.755630098999973], [19.299611927000058, -9.732368643999962], [19.283075568000072, -9.687910364999937], [19.285572217000038, -9.632018609999932], [19.313357659000076, -9.603910259999964], [19.35138869900004, -9.588796590999948], [19.502281218000064, -9.58544742099997], [19.517447954000033, -9.572635627999944], [19.547415353000076, -9.614596821999953], [19.54187345400004, -9.650901503999933], [19.56440662600005, -9.662415515999953], [19.568895500000053, -9.718029889999968], [19.627535126000055, -9.837078014999975], [19.609600707000027, -9.939101254999969], [19.65121401500005, -9.920156813999938], [19.660596234000025, -9.889672536999967], [19.68237851500004, -9.876563336999936], [19.81354533700005, -9.889352827999971], [19.859709830000043, -9.812543127999959], [19.902889732000062, -9.805819603999964], [19.940034406000052, -9.686593453999933], [19.932705080000062, -9.570774878999941], [20.028179057000045, -9.531203630999926], [20.04523936000004, -9.499234803999968], [20.08146512600007, -9.492103390999944], [20.117697625000062, -9.461151640999958], [20.16490105200006, -9.45462503799996], [20.198659839000072, -9.47154487299997], [20.235831031000032, -9.435785086999942], [20.256039876000045, -9.386476389999928], [20.362745155000027, -9.310471452999934], [20.36230006100004, -9.247868316999927], [20.349875131000033, -9.243879174999961], [20.362636113000065, -9.223924758999942], [20.34350450100004, -9.22208263999994], [20.33261956900003, -9.178307591999953], [20.352571751000028, -9.140240013999971], [20.348747435000064, -9.08708784199996], [20.367260058000056, -9.02123701399995], [20.396930441000052, -9.007457173999967], [20.418679620000034, -9.047334211999953], [20.476268281000046, -9.05567766699994], [20.50199422000003, -9.046112232999974], [20.499488648000067, -9.019262394999942], [20.54148778800004, -8.993334940999944], [20.59348192500005, -8.99281173299994], [20.595807474000026, -8.947750048999978], [20.610555411000064, -8.932813162999935], [20.70448493400005, -8.909192374999975], [20.764275320000024, -8.804847995999978], [20.790396343000054, -8.705052622999972], [20.82451343100007, -8.675767166999947], [20.817637859000058, -8.651877854999952], [20.86634102200003, -8.653096779999942], [20.88680733600006, -8.638160918999972], [20.922684849000063, -8.648054717999969], [21.01004120700003, -8.589661157999956], [21.07267457000006, -8.62659634199997], [21.09476548600003, -8.576039457999968], [21.202634126000078, -8.56391764999995], [21.22853307300005, -8.535891367999966], [21.25202120800003, -8.571601683999972], [21.34434826100005, -8.63686712699996], [21.39276107200004, -8.727494054999966], [21.44990382800006, -8.67120790499996], [21.48071299000003, -8.568994884999938], [21.513511481000023, -8.537842981999972], [21.588051673000052, -8.514370919999976], [21.598110844000075, -8.473592906999954], [21.58333665600003, -8.457314053999937], [21.605170590000057, -8.438701909999963], [21.633067391000054, -8.44841011099993], [21.653728251000075, -8.495161759999974], [21.707537382000055, -8.498289561999968], [21.72246666800004, -8.522359796999979], [21.760669708000023, -8.528512686999932], [21.779036768000026, -8.432064803999936], [21.810777345000076, -8.366764221999972], [21.933343711000077, -8.325563735999935]]]}}, {"type": "Feature", "properties": {"nome": "Lunda-Norte", "codigo": "18"}, "geometry": {"type": "Polygon", "coordinates": [[[20.319355376000033, -6.920781637999937], [20.63197075200003, -6.921854012999972], [20.595156001000078, -7.060554262999972], [20.54635950000005, -7.144780262999973], [20.562520626000037, -7.167184388999942], [20.55158225100007, -7.284784762999948], [21.790088066000067, -7.282801370999948], [21.78824673500003, -7.307585915999937], [21.807279578000077, -7.308707770999945], [21.842192003000036, -7.373242263999941], [21.834922669000036, -7.408290351999938], [21.85880250300005, -7.4284701389999555], [21.84144137800007, -7.525115512999946], [21.85990387800007, -7.559200012999952], [21.830574825000042, -7.655093865999959], [21.813277162000077, -7.662758656999927], [21.801712981000037, -7.732286507999959], [21.77458712600003, -7.772404219999942], [21.772252068000057, -7.802714571999957], [21.785143878000042, -7.805849137999928], [21.766949056000044, -7.845501261999971], [21.775586499000042, -7.90767657899994], [21.750464969000063, -7.939900433999981], [21.775454753000076, -8.027558013999965], [21.822842595000054, -8.068718498999942], [21.831662378000033, -8.114986637999948], [21.884194878000073, -8.175185263999936], [21.87359649800004, -8.193640201999926], [21.893663531000072, -8.292143384999974], [21.927816009000026, -8.307606696999926], [21.93271167000006, -8.324926009999956], [21.810777345000076, -8.366764221999972], [21.779036768000026, -8.432064803999936], [21.760669708000023, -8.528512686999932], [21.72246666800004, -8.522359796999979], [21.707537382000055, -8.498289561999968], [21.653728251000075, -8.495161759999974], [21.633067391000054, -8.44841011099993], [21.60582732100005, -8.438230775999955], [21.58333665600003, -8.457314053999937], [21.598110844000075, -8.473592906999954], [21.588051673000052, -8.514370919999976], [21.513511481000023, -8.537842981999972], [21.48071299000003, -8.568994884999938], [21.44990382800006, -8.67120790499996], [21.39276107200004, -8.727494054999966], [21.34434826100005, -8.63686712699996], [21.25202120800003, -8.571601683999972], [21.22853307300005, -8.535891367999966], [21.202634126000078, -8.56391764999995], [21.09476548600003, -8.576039457999968], [21.07267457000006, -8.62659634199997], [21.01004120700003, -8.589661157999956], [20.922684849000063, -8.648054717999969], [20.825657291000027, -8.64708029999997], [20.813050377000025, -8.666158903999928], [20.82451343100007, -8.675767166999947], [20.790396343000054, -8.705052622999972], [20.764275320000024, -8.804847995999978], [20.70448493400005, -8.909192374999975], [20.610555411000064, -8.932813162999935], [20.595807474000026, -8.947750048999978], [20.59348192500005, -8.99281173299994], [20.54148778800004, -8.993334940999944], [20.499488648000067, -9.019262394999942], [20.50199422000003, -9.046112232999974], [20.476268281000046, -9.05567766699994], [20.418679620000034, -9.047334211999953], [20.396930441000052, -9.007457173999967], [20.367260058000056, -9.02123701399995], [20.348747435000064, -9.08708784199996], [20.352571751000028, -9.140240013999971], [20.33261956900003, -9.178307591999953], [20.34350450100004, -9.22208263999994], [20.362636113000065, -9.223924758999942], [20.349875131000033, -9.243879174999961], [20.36230006100004, -9.247868316999927], [20.362745155000027, -9.310471452999934], [20.256039876000045, -9.386476389999928], [20.235831031000032, -9.435785086999942], [20.198659839000072, -9.47154487299997], [20.16490105200006, -9.45462503799996], [20.117697625000062, -9.461151640999958], [20.08146512600007, -9.492103390999944], [20.04523936000004, -9.499234803999968], [20.028179057000045, -9.531203630999926], [19.932705080000062, -9.570774878999941], [19.940034406000052, -9.686593453999933], [19.907169251000028, -9.79436551599997], [19.857312827000044, -9.814947566999933], [19.814601896000056, -9.888675968999962], [19.68237851500004, -9.876563336999936], [19.660596234000025, -9.889672536999967], [19.65121401500005, -9.920156813999938], [19.609600707000027, -9.939101254999969], [19.627535126000055, -9.837078014999975], [19.568895500000053, -9.718029889999968], [19.56440662600005, -9.662415515999953], [19.54187345400004, -9.650901503999933], [19.54752227700004, -9.614902319999942], [19.524933454000063, -9.57662862899997], [19.330277531000036, -9.594066206999969], [19.285572217000038, -9.632018609999932], [19.282165001000067, -9.653834578999977], [19.299611927000058, -9.732368643999962], [19.327443973000072, -9.755630098999973], [19.326964862000068, -9.852469547999931], [19.27952332900003, -9.89684712899998], [19.25724057000002, -9.898377854999978], [19.20758143300003, -9.960920059999978], [19.178390329000024, -9.960659003999979], [19.180754200000024, -9.976227132999952], [19.130066921000036, -10.01779631599993], [19.124603832000048, -10.042686899999978], [19.063076167000077, -10.035373929999935], [18.954127930000027, -10.105623225999977], [18.91603778800004, -10.049510784999939], [18.894842615000073, -10.049750478999954], [18.897374666000076, -10.01791898199997], [18.87973925600005, -9.989621417999956], [18.86769995900005, -9.994549983999946], [18.879891457000042, -9.94613734799998], [18.834818617000053, -9.89705547699998], [18.80353880100006, -9.914690391999954], [18.789020315000073, -9.896607098999937], [18.771576754000023, -9.900886343999957], [18.76719255300003, -9.873909375999972], [18.753955704000077, -9.882705877999967], [18.716900585000076, -9.85125494099998], [18.70221471600007, -9.857138069999962], [18.691963145000045, -9.830159095999932], [18.644180566000045, -9.84208356399995], [18.641937016000043, -9.812980908999975], [18.629569522000054, -9.81149593999993], [18.643901903000028, -9.79287895899995], [18.61855827200003, -9.795228348999956], [18.61035845500004, -9.774057446999961], [18.57184344800004, -9.764288761999978], [18.57739110500006, -9.75343133499996], [18.499457491000044, -9.73909594099996], [18.51105525400004, -9.726277736999975], [18.466652477000025, -9.710640116999969], [18.457939477000025, -9.682825352999942], [18.441109763000043, -9.687581526999963], [18.42733720700005, -9.668607296999937], [18.41315288000004, -9.720882256999971], [18.35611059300004, -9.744987505999973], [18.33853820300004, -9.77797643699995], [18.307013577000077, -9.793614515999934], [18.23858107700005, -9.906539804999966], [18.14770850800005, -9.953911278999954], [18.12851326300006, -9.93891244699995], [18.104272528000024, -9.94730922399998], [18.086949212000036, -9.944303230999935], [18.125027680000073, -9.937318086999937], [18.127389570000048, -9.917760346999955], [18.146818753000048, -9.911040432999926], [18.097735460000024, -9.919928408999965], [18.096929224000064, -9.932611092999934], [18.06904412700004, -9.926214720999951], [18.083332642000073, -9.944723747999944], [18.07829507200006, -9.968916571999955], [18.068216023000048, -9.945407859999932], [18.057709962000047, -9.95155501599993], [18.063613579000048, -9.938894653999967], [18.047521411000048, -9.94516682799997], [18.06235719400007, -9.930817789999935], [18.02735511000003, -9.930562576999932], [18.04600242600003, -9.917354369999941], [18.044466293000028, -9.909020038999927], [18.01245000600005, -9.911928424999928], [18.02820537100007, -9.893017481999948], [18.026798402000054, -9.872775113999978], [18.022417304000044, -9.88933536199994], [18.007152244000054, -9.890891307999937], [18.00811675400007, -9.87769020099995], [17.99698012400006, -9.89631179099996], [17.962906933000056, -9.851395800999967], [17.897935603000064, -9.86962826399997], [17.882686387000035, -9.845608561999939], [17.824267270000064, -9.818910119999941], [17.818068229000062, -9.858660357999952], [17.837448342000073, -9.861184503999937], [17.834018696000044, -9.88504482999997], [17.790736654000057, -9.915265816999977], [17.79352504600007, -9.900632668999947], [17.752742082000054, -9.85658673599994], [17.67601065100007, -9.854617076999943], [17.680682641000033, -9.838221186999931], [17.654552360000025, -9.82369861899997], [17.640811858000063, -9.837977728999931], [17.618063095000025, -9.821744967999962], [17.609539003000066, -9.836422884999934], [17.58439379500004, -9.779543716999967], [17.59057530700005, -9.756086318999962], [17.607883997000044, -9.762858666999932], [17.592640862000053, -9.747936188999972], [17.602127833000054, -9.74063429599994], [17.581913323000038, -9.74065879099993], [17.57087954900004, -9.713599601999931], [17.584213587000022, -9.686653054999965], [17.55212939300003, -9.671626844999935], [17.552903093000054, -9.687285864999978], [17.54103344600003, -9.67515194899994], [17.528986733000067, -9.693335064999928], [17.52452034600003, -9.676096222999945], [17.499075085000072, -9.699598738999953], [17.51061083700006, -9.679832404999956], [17.499002419000078, -9.663716164999926], [17.478780112000038, -9.68985717499993], [17.449105458000076, -9.668510494999964], [17.474452201000076, -9.653722992999974], [17.461588945000074, -9.641959479999969], [17.465119982000033, -9.607905569999957], [17.460566156000027, -9.628500656999961], [17.436788209000042, -9.618818332999979], [17.446174561000078, -9.604004093999947], [17.410754488000066, -9.625217895999981], [17.39613742800003, -9.59834075799995], [17.37090689000007, -9.603830094999978], [17.393131356000026, -9.537092063999978], [17.379388606000077, -9.529500429999928], [17.40125394100005, -9.516840113999933], [17.379883217000042, -9.517445650999946], [17.39020381200004, -9.501034071999982], [17.361255929000038, -9.49034142599993], [17.368345057000056, -9.470437186999959], [17.340722753000023, -9.48378639699996], [17.334453456000062, -9.464574070999959], [17.35051880700007, -9.469693166999946], [17.352844824000044, -9.450870742999939], [17.329884578000076, -9.436959712999965], [17.33486597500007, -9.42424356999993], [17.31167240700006, -9.423887674999946], [17.346691188000023, -9.410752636999973], [17.29614104700005, -9.402186582999946], [17.312978593000025, -9.380569191999939], [17.287932969000053, -9.333302122999953], [17.30775475200005, -9.338439621999953], [17.300231647000032, -9.320182985999963], [17.31634658300004, -9.28442755499998], [17.325767591000044, -9.30253040699995], [17.336240975000067, -9.286757189999946], [17.373071352000068, -9.296635356999957], [17.40359481300004, -9.26229707999994], [17.421476015000053, -9.272515777999956], [17.459782344000075, -9.255569714999979], [17.466789206000044, -9.266364887999941], [17.472327160000077, -9.247748418999947], [17.48896388000003, -9.247368200999972], [17.484982693000063, -9.257499932999963], [17.50927342800003, -9.23764584199995], [17.546477408000044, -9.238818421999952], [17.54514820000003, -9.225295353999968], [17.557867532000046, -9.228494920999935], [17.53601510900006, -9.178348205999953], [17.54736093300005, -9.174371548999943], [17.543744090000075, -9.133642170999963], [17.562634675000027, -9.126948709999965], [17.585186821000036, -9.080903846999945], [17.56089904600003, -9.075088286999971], [17.570906956000044, -9.059085203999928], [17.55245658700005, -9.05405004399995], [17.57013233600003, -9.030155315999934], [17.563028990000078, -9.011938592999968], [17.539917208000077, -9.01195551799998], [17.550876579000033, -8.993236495999952], [17.541391977000046, -8.980161476999967], [17.529075343000045, -8.98928392099998], [17.544511097000054, -8.974315676999936], [17.52724575700006, -8.977217349999933], [17.543675730000075, -8.966244870999958], [17.527262782000037, -8.963000587999943], [17.537533521000057, -8.948139849999961], [17.525656767000044, -8.951907930999937], [17.54962815600004, -8.911418235999975], [17.54227400600007, -8.870798940999975], [17.557593147000034, -8.861144990999946], [17.564964288000056, -8.875765054999931], [17.584072012000036, -8.846493781999925], [17.558838421000075, -8.83078665599993], [17.583610814000053, -8.819628335999937], [17.568431099000065, -8.805989584999963], [17.586852683000075, -8.794301046999976], [17.571083733000023, -8.778822790999925], [17.585917151000046, -8.765571557999976], [17.564008629000057, -8.758719534999955], [17.597335792000024, -8.736720541999944], [17.55982424700005, -8.729532889999973], [17.594021422000026, -8.695906961999981], [17.559421057000066, -8.679069965999929], [17.59132804500007, -8.680656235999948], [17.59457275400007, -8.672407187999966], [17.567522888000042, -8.669218953999973], [17.58165807900002, -8.64279987599997], [17.550837062000028, -8.622092804999966], [17.56814184800004, -8.59306724299995], [17.548953658000073, -8.60112795599997], [17.54807810400007, -8.584420939999973], [17.52400374800004, -8.588194555999962], [17.545648399000072, -8.578856481999935], [17.52766636000007, -8.573178982999934], [17.538889702000063, -8.555129915999942], [17.525324216000058, -8.553152919999945], [17.53267117200005, -8.541553694999948], [17.48819456900003, -8.468992654999965], [17.476778859000035, -8.43686607099994], [17.48734909500007, -8.426230542999974], [17.46870405100003, -8.416999009999927], [17.486132028000043, -8.422583179999947], [17.49680133100003, -8.400635590999968], [17.511620332000064, -8.412424792999957], [17.520290438000075, -8.386665729999947], [17.50982321500004, -8.379391987999952], [17.53280401300003, -8.367065658999934], [17.529343392000044, -8.355383002999929], [17.55299648600004, -8.367233777999957], [17.535742612000035, -8.335082241999942], [17.55277983700006, -8.32650887899996], [17.549032526000076, -8.294560684999965], [17.525317770000072, -8.288801057999933], [17.54235225000002, -8.268034555999975], [17.521052588000032, -8.246281471999964], [17.54187009000003, -8.235333388999948], [17.51687763600006, -8.212295003999941], [17.551981218000037, -8.184756799999946], [17.513847172000055, -8.150026792999938], [17.496434315000045, -8.15718814099995], [17.507009982000056, -8.111692326999957], [17.52349064200007, -8.118883232999963], [17.52902045700006, -8.099495007999963], [17.567737874000045, -8.127906888999973], [17.614903748000074, -8.129662512999971], [17.679099249000046, -8.100821762999942], [17.75984737400006, -8.09873463799994], [17.795509499000048, -8.112941138999929], [17.873703999000043, -8.080549263999956], [18.104134249000026, -8.097465513999964], [18.09261062400003, -8.056248513999947], [18.10559099900007, -8.028967888999944], [18.140530124000065, -8.036847887999954], [18.149826249000057, -8.014990763999947], [18.176341499000046, -8.01110413799995], [18.212790249000022, -7.97744838899996], [18.28215512400004, -7.986777638999968], [18.310924998000075, -8.015322138999977], [18.35831999800007, -8.023421138999936], [18.408677624000063, -8.00127688899994], [18.533228875000077, -8.001555138999947], [18.531258999000045, -7.918086013999925], [18.773033000000055, -7.914755513999978], [18.77337112400005, -7.958308388999967], [18.797821249000037, -8.001063262999935], [19.38096950000005, -8.001063262999935], [19.35895137500006, -7.949414262999937], [19.359753375000025, -7.907539637999946], [19.341803750000054, -7.8994973889999756], [19.366859625000075, -7.858225263999941], [19.363203875000067, -7.806641388999935], [19.386270500000023, -7.784700888999964], [19.412906000000078, -7.700961263999943], [19.368747375000055, -7.590323138999963], [19.383699500000034, -7.572073762999935], [19.474361000000044, -7.57379401299994], [19.49717912500006, -7.524311262999959], [19.48835762500005, -7.5008693879999555], [19.544765374000065, -7.4572420139999736], [19.515976000000023, -7.421647138999958], [19.52191812500007, -7.395023637999941], [19.50520075000003, -7.3886460129999705], [19.49426687500005, -7.365361388999929], [19.50382462500005, -7.343189638999945], [19.48412650000006, -7.317708012999958], [19.507523500000048, -7.246692638999946], [19.497981125000024, -7.1688737639999545], [19.559771751000028, -7.060018387999946], [19.542357250000066, -7.001430637999931], [20.30304925100006, -7.001239637999959], [20.319355376000033, -6.920781637999937]]]}}, {"type": "Feature", "properties": {"nome": "Icolo e Bengo", "codigo": "28"}, "geometry": {"type": "Polygon", "coordinates": [[[13.153191347000075, -9.363681097999972], [13.165088339000022, -9.322745998999949], [13.186751533000063, -9.327577454999926], [13.193298708000043, -9.292030200999932], [13.220479685000043, -9.266194325999948], [13.228805004000037, -9.209041557999967], [13.251151636000031, -9.18678609999995], [13.317286428000045, -9.149258310999926], [13.38966462600007, -9.177028080999946], [13.391778481000074, -9.138324187999956], [13.363919145000068, -9.11943273199995], [13.379035197000064, -9.070345004999979], [13.36468601000007, -9.013919103999967], [13.372918740000046, -8.97720357399993], [13.40606570500006, -8.971681285999978], [13.433797680000055, -8.932821068999942], [13.427182880000032, -8.841154204999953], [13.386854957000025, -8.769477695999967], [13.402287748000049, -8.759899376999954], [13.461447898000074, -8.744989603999954], [13.47582380700004, -8.76936577999993], [13.505691928000033, -8.778641197999946], [13.503954489000023, -8.810108974999935], [13.547056456000064, -8.826817467999945], [13.553371790000028, -8.845583549999958], [13.60862352600003, -8.827372319999938], [13.624038580000047, -8.852939410999966], [13.607341545000054, -8.871489578999956], [13.662589178000076, -8.89552537399993], [13.673044825000034, -8.93373687299993], [13.687268691000043, -8.928587362999963], [13.747231148000026, -8.976671903999943], [13.759361894000051, -8.960197819999962], [13.779638048000038, -8.96279469999996], [13.784414433000052, -8.943092012999955], [13.780401536000056, -8.971147732999952], [13.839162759000033, -8.952771292999955], [13.871168639000075, -8.968558475999941], [13.914987694000047, -8.956604887999958], [13.977442420000045, -8.973555071999954], [14.036511990000065, -8.962593970999933], [14.040629051000053, -9.014227150999943], [14.106066636000037, -9.040311935999966], [14.078135458000077, -9.092281875999959], [14.049266432000024, -9.113525252999978], [13.998732088000054, -9.114882722999937], [13.99865834600007, -9.132554926999944], [14.061445775000038, -9.15324185399993], [14.074610754000048, -9.198592820999977], [14.16059986700003, -9.233741965999968], [14.126048400000059, -9.25614742199997], [14.173766069000067, -9.331994532999943], [14.099774366000076, -9.394092486999966], [14.12358303700006, -9.506470380999929], [14.103790275000051, -9.520804621999957], [14.138499852000052, -9.55563879899995], [14.148066157000073, -9.609463712999968], [14.181356255000026, -9.64246425999994], [14.256499355000074, -9.639080157999956], [14.306868963000056, -9.699307340999951], [14.382823113000029, -9.679401620999954], [14.455539584000064, -9.701048258999947], [14.47766831000007, -9.751178060999962], [14.518302305000077, -9.760816457999965], [14.533902349000073, -9.78867121899998], [14.52362394000005, -9.805729519999943], [14.541437623000036, -9.822787277999964], [14.51509797500006, -9.853238259999955], [14.546340073000067, -9.937424065999949], [14.525295292000067, -9.973511049999956], [14.53589431100005, -9.992227771999978], [14.486621662000061, -10.05888146999996], [14.54796748800004, -10.129552614999966], [14.539290661000052, -10.139619834999962], [14.558294743000033, -10.167168559999936], [14.525433037000028, -10.194985628999973], [14.535346201000038, -10.233634494999933], [14.494607445000042, -10.229039718999957], [14.529585877000045, -10.287593018999928], [14.563254463000021, -10.295163664999961], [14.570335430000057, -10.324397085999976], [14.511646365000047, -10.452592230999926], [14.505930773000046, -10.422769738999932], [14.436138301000028, -10.415573774999928], [14.406892952000021, -10.341576576999955], [14.382280996000077, -10.32012101099997], [14.338822246000063, -10.316251761999979], [14.32635263000003, -10.330648685999961], [14.260143829000071, -10.270657355999958], [14.227167397000073, -10.270743203999928], [14.211823795000043, -10.293615263999982], [14.204936820000057, -10.276390008999954], [14.162190354000074, -10.281917196999927], [14.132376488000034, -10.309647791999964], [14.090881563000039, -10.309513699999968], [14.040382666000028, -10.399286704999952], [14.01657134800007, -10.408968874999971], [13.99134222300006, -10.398686751999946], [13.994154309000066, -10.38532728599995], [13.97319509600004, -10.390688796999939], [13.956531485000028, -10.363233291999961], [13.920533189000025, -10.36855858399997], [13.914945122000063, -10.34483303199994], [13.830173011000056, -10.382283603999952], [13.822141643000066, -10.362365566999927], [13.767987874000028, -10.36637023999998], [13.746397624000053, -10.342397224999957], [13.721434268000053, -10.339054472999976], [13.69632875600007, -10.361145012999941], [13.676351000000068, -10.348590798999965], [13.68609033000007, -10.334204950999947], [13.655434892000073, -10.311493625999958], [13.64365420100006, -10.27737261599998], [13.624463959000025, -10.283048277999967], [13.603925532000062, -10.246195255999965], [13.578705721000063, -10.239709435999941], [13.569386508000036, -10.251168567999969], [13.559986907000052, -10.211335241999961], [13.51748666800006, -10.199354880999977], [13.494598961000065, -10.239475179999943], [13.468366297000046, -10.210557257999938], [13.439732071000037, -10.121577429999945], [13.31156100000004, -9.979214035999973], [13.342343653000057, -9.952214314999935], [13.314160581000067, -9.870613355999978], [13.195974397000043, -9.686579834999975], [13.236895417000028, -9.637167923999925], [13.19307727000006, -9.55814989299995], [13.206424858000048, -9.527050497999937], [13.170770006000055, -9.465849915999968], [13.178582977000076, -9.415250599999979], [13.153191347000075, -9.363681097999972]]]}}, {"type": "Feature", "properties": {"nome": "Benguela", "codigo": "23"}, "geometry": {"type": "Polygon", "coordinates": [[[14.754970145000073, -13.621021939999935], [14.710895571000037, -13.662978862999978], [14.679391019000036, -13.646949746999951], [14.638642750000031, -13.683474472999933], [14.55691226600004, -13.61882312399996], [14.527711521000072, -13.630910784999969], [14.472298633000037, -13.60380396499994], [14.450917181000023, -13.631626801999971], [14.471915925000076, -13.659252343999981], [14.468048148000037, -13.692031347999944], [14.386085234000063, -13.704772171999934], [14.385204833000046, -13.787172905999967], [14.36900070400003, -13.82783789499996], [14.339435901000058, -13.839181974999974], [14.334587749000036, -13.864612463999947], [14.292441546000077, -13.881893299999945], [14.130132563000075, -13.837159432999954], [14.049647294000067, -13.84872956299995], [14.044828885000072, -13.869163183999945], [14.008162067000058, -13.888075822999951], [13.971726570000044, -13.824871389999942], [13.942994578000025, -13.81871453499997], [13.884923506000064, -13.831737964999945], [13.849241582000047, -13.871672864999937], [13.724143652000066, -13.841676333999942], [13.687053803000026, -13.805032634999975], [13.662877790000039, -13.842562574999931], [13.594973921000076, -13.855084488999978], [13.55274010900007, -13.886945364999974], [13.427687536000064, -13.839905403999978], [13.389947301000063, -13.851287530999969], [13.346700597000051, -13.766132569999968], [13.299587270000075, -13.745609718999958], [13.278439810000066, -13.692636967999931], [13.311068169000066, -13.650223075999975], [13.295601673000021, -13.576727473999938], [13.185326990000021, -13.562552925999967], [13.167629748000024, -13.59000595699996], [13.14838585800004, -13.58979775499995], [13.078935339000054, -13.532750175999979], [13.035748123000076, -13.59789386999995], [13.02034825100003, -13.59001309599995], [12.945309568000027, -13.640724168999952], [12.879833345000065, -13.645258111999965], [12.838490210000032, -13.62589524799995], [12.797878035000053, -13.579377780999948], [12.751755753000054, -13.593714033999959], [12.714631402000066, -13.559759124999971], [12.62488616500002, -13.560501693999981], [12.584292560000051, -13.535660120999978], [12.550404762000028, -13.555491294999968], [12.538789423000026, -13.454396324999948], [12.52656851100005, -13.450189437999938], [12.531822361000025, -13.41733383999997], [12.542844025000022, -13.42304454699996], [12.558757860000071, -13.39995425799998], [12.568009204000077, -13.410557135999966], [12.65102384000005, -13.339021019999961], [12.638460285000065, -13.291450835999967], [12.656144440000048, -13.293202118999943], [12.661182067000027, -13.258147190999978], [12.70627285300003, -13.23675583599993], [12.709675482000023, -13.210676943999943], [12.729421310000077, -13.231187638999927], [12.750229697000066, -13.203098101999956], [12.781382790000066, -13.195168548999959], [12.798336449000033, -13.154182332999937], [12.876412514000037, -13.102904947999946], [12.917755649000071, -13.030837022999947], [12.977726394000058, -12.983312643999966], [12.937898976000042, -12.86179594899994], [12.943966601000056, -12.831100902999935], [13.137780324000062, -12.67179441099995], [13.151029164000022, -12.637568243999965], [13.199627275000068, -12.597231620999935], [13.205052446000025, -12.614097240999968], [13.236727831000053, -12.62251101499993], [13.265831900000023, -12.601181267999948], [13.26550353500005, -12.584134809999966], [13.300838530000021, -12.580794046999927], [13.317429678000053, -12.607347353999955], [13.346310386000027, -12.613474465999957], [13.472858211000073, -12.511560618999965], [13.486019784000064, -12.475397907999934], [13.475600752000048, -12.455094688999964], [13.514150390000054, -12.374160684999936], [13.539096439000048, -12.348279297999966], [13.582972306000045, -12.314879404999942], [13.547622915000034, -12.346267788999967], [13.57568550800005, -12.348825852999937], [13.651952994000055, -12.244679521999956], [13.673592402000054, -12.144780496999942], [13.708998782000037, -12.103020956999956], [13.724031026000034, -11.992686300999935], [13.762667524000051, -11.956756439999936], [13.797744229000045, -11.775771482999971], [13.840128378000031, -11.783593960999951], [13.847207274000027, -11.767740801999935], [13.870882911000024, -11.766907990999925], [13.885457110000061, -11.788828774999956], [13.951183771000046, -11.821036762999938], [14.055970281000043, -11.808335604999968], [14.08715002200006, -11.838391373999968], [14.074665032000041, -11.881932137999968], [14.060650871000064, -11.88034482699993], [14.06245926500003, -11.928332607999948], [14.146104498000057, -11.935509458999945], [14.114237566000043, -11.99255108799997], [14.199648319000062, -11.988481415999956], [14.22341913400004, -12.036415657999953], [14.340476719000037, -11.991646099999969], [14.377239391000046, -11.907199028999969], [14.456413577000035, -11.84851200199995], [14.492470739000055, -11.85715539399996], [14.509975577000034, -11.837797322999961], [14.608073021000052, -11.958593188999942], [14.662502002000053, -12.06756893399995], [14.663049278000074, -12.107045381999967], [14.728332884000054, -12.130554614999937], [14.792359421000072, -12.08733884399993], [14.885807993000071, -12.103601032999961], [14.900013375000071, -12.13313014399995], [14.956739725000034, -12.149857753999981], [14.964039912000032, -12.173965262999957], [14.930972543000053, -12.22684402599998], [14.982475973000078, -12.215493995999964], [15.009227212000042, -12.299378093999962], [15.008699223000065, -12.400070809999931], [15.02737416900004, -12.43134470299998], [15.043935217000069, -12.426699994999979], [15.054340600000046, -12.460935679999977], [15.03052425800007, -12.494937542999935], [15.069153766000056, -12.515016525999954], [15.048392969000076, -12.53420092999994], [15.066933729000027, -12.56273899599995], [14.998957288000042, -12.571933231999935], [14.916068763000055, -12.620719321999957], [14.880681419000041, -12.607106424999927], [14.852089815000056, -12.651135971999963], [14.772002878000023, -12.694588587999931], [14.809728192000023, -12.724297547999981], [14.78142450200005, -12.776229284999943], [14.782673720000048, -12.830124076999937], [14.802982419000045, -12.824627521999957], [14.835500115000059, -12.845748836999974], [14.838230229000033, -12.870960608999951], [14.883002206000072, -12.905016124999975], [14.845311544000026, -12.947311043999946], [14.875114293000024, -12.99031980199993], [14.898177399000076, -12.998298999999975], [14.895113843000047, -13.019327485999952], [14.923964807000061, -13.059956782999961], [14.91382950600007, -13.08972667699993], [14.92376970500004, -13.128346517999944], [14.900117862000059, -13.159469867999974], [14.88994804500004, -13.214172486999928], [14.890138402000048, -13.233360460999961], [14.915334277000056, -13.250613456999929], [14.902869470000041, -13.288538495999944], [14.987768639000024, -13.342504671999961], [15.052556603000028, -13.348757894999949], [15.051021137000077, -13.408196592999957], [15.076255036000077, -13.399110477999955], [15.108782267000038, -13.455059934999952], [15.091978514000061, -13.490808956999956], [15.068374260000041, -13.486097623999967], [14.942369478000046, -13.55531567099996], [14.92216309500003, -13.556043784999929], [14.906672804000038, -13.521041913999966], [14.881640874000027, -13.509644295999976], [14.857679702000041, -13.57748272899994], [14.782928811000033, -13.629022877999944], [14.754970145000073, -13.621021939999935]]]}}, {"type": "Feature", "properties": {"nome": "Namibe", "codigo": "24"}, "geometry": {"type": "MultiPolygon", "coordinates": [[[[11.720083140000042, -16.510222831999954], [11.736005397000042, -16.722552555999982], [11.750207117000059, -16.746717459999957], [11.714324844000032, -16.69812886699998], [11.671161422000068, -16.56713953899998], [11.690720592000048, -16.513673049999966], [11.720083140000042, -16.510222831999954]]], [[[13.427687536000064, -13.839905403999978], [13.55274010900007, -13.886945364999974], [13.541858732000037, -13.911092401999952], [13.55560252400005, -13.929494638999927], [13.623104065000064, -13.967302574999962], [13.65536955600004, -13.95827252099997], [13.639593729000069, -14.009954413999935], [13.598536129000024, -14.054516959999944], [13.59357495300003, -14.09538420299998], [13.615525481000077, -14.117227653999976], [13.627196737000077, -14.177082995999967], [13.58807839900004, -14.24468348299996], [13.610885532000054, -14.276841898999976], [13.676637972000037, -14.29366072199997], [13.641039830000068, -14.34837181499995], [13.664586624000037, -14.461690628999975], [13.573596035000037, -14.57913388299994], [13.595796406000034, -14.632386219999944], [13.563500696000062, -14.729515818999971], [13.518957186000023, -14.769026768999936], [13.46064754200006, -14.763841922999973], [13.402510568000025, -14.792069469999944], [13.312130721000074, -14.888432393999949], [13.295688645000041, -14.87891455099998], [13.266349891000061, -14.890907033999952], [13.232989848000045, -14.917628380999929], [13.254167051000024, -14.92153069699998], [13.21036117400007, -14.947466821999967], [13.232347394000044, -14.96576487699997], [13.219522099000073, -14.970262057999946], [13.227421909000043, -14.979161242999965], [13.24800424700004, -14.981945211999971], [13.272655171000054, -15.039979267999968], [13.236130444000025, -15.06401182299993], [13.249425683000027, -15.07115020599997], [13.23128229300005, -15.085099795999952], [13.218790123000076, -15.078377818999968], [13.201860258000067, -15.111410686999932], [13.233459500000038, -15.131088828999964], [13.26448767100004, -15.127591021999933], [13.25121027800003, -15.136299848999954], [13.25770620700007, -15.149339294999947], [13.205054683000071, -15.146305481999946], [13.221163635000039, -15.173478926999962], [13.250288238000053, -15.16136746999996], [13.261566883000057, -15.179594141999928], [13.280269446000034, -15.174311737999972], [13.260163001000024, -15.185828329999936], [13.264779156000031, -15.201937279999981], [13.251240022000047, -15.18409132399995], [13.223352739000063, -15.181783245999952], [13.229634516000033, -15.19765425099996], [13.206601333000037, -15.196250368999927], [13.193323941000074, -15.220330513999954], [13.192586308000045, -15.253738145999932], [13.219087555000044, -15.291779778999967], [13.232977659000028, -15.28044759599993], [13.217094756000051, -15.272565631999953], [13.222329571000046, -15.261352421999959], [13.26411885400006, -15.251626374999944], [13.247992058000023, -15.227819867999926], [13.262935073000051, -15.236481105999928], [13.271334571000068, -15.223513042999969], [13.30103024400006, -15.27010288899993], [13.287491111000065, -15.309268817999964], [13.317424730000027, -15.376345822999951], [13.355662668000036, -15.38174719999995], [13.357756594000023, -15.365043383999932], [13.384073433000026, -15.361450397999931], [13.374674562000052, -15.38607781899998], [13.430948815000022, -15.429312625999955], [13.479941917000076, -15.495199900999978], [13.513635084000043, -15.493153563999954], [13.54989807000004, -15.522135399999968], [13.507942224000033, -15.677534031999926], [13.524301018000074, -15.802663937999966], [13.544764383000029, -15.814412526999945], [13.556453485000077, -15.880502055999955], [13.478442856000072, -16.041585616999953], [13.521850174000065, -16.16322961299994], [13.503790065000032, -16.241109370999936], [13.429550881000068, -16.318519186999936], [13.36944569600007, -16.340576789999943], [13.380367422000063, -16.35678091899996], [13.359523343000035, -16.35064190999998], [13.366138245000059, -16.369058937999966], [13.343319214000076, -16.347286869999948], [13.335942885000065, -16.376863569999955], [13.286473891000071, -16.393829127999936], [13.279026178000038, -16.428807203999952], [13.222180854000044, -16.437230495999927], [13.21359280200005, -16.481737615999975], [13.274209571000029, -16.509279876999926], [13.284228292000023, -16.533333847999927], [13.244491293000067, -16.57988205399994], [13.185742401000027, -16.60358743499995], [13.13273990600004, -16.682555796999964], [13.208139077000055, -16.722025105999933], [13.344441740000036, -16.90483170699997], [13.374814208000032, -16.98241140199997], [13.351897619000056, -16.97389887999998], [13.245999707000067, -16.99998967099998], [13.169190705000062, -16.963964630999953], [12.984350457000062, -16.982351171999937], [12.96281633500007, -17.01019086599996], [12.872906061000037, -17.047997563999957], [12.871329668000044, -17.067598373999942], [12.823788037000043, -17.08579530199995], [12.805727928000067, -17.115877637999972], [12.712405467000053, -17.17141425799997], [12.672144987000024, -17.17372233499998], [12.610505050000029, -17.210080498999957], [12.60565095000004, -17.231495647999964], [12.541702934000057, -17.247902031999956], [12.478855421000048, -17.24228055499998], [12.444650669000055, -17.26381467699997], [12.434775905000038, -17.22157924399994], [12.404378292000047, -17.206529153999952], [12.369548931000054, -17.233773981999946], [12.351316311000062, -17.219140296999967], [12.250466732000064, -17.240359814999977], [12.183484904000068, -17.196072096999956], [12.163199999000028, -17.163651940999955], [12.102731947000052, -17.160915559999978], [12.079918864000035, -17.14217730599995], [11.943189086000075, -17.181914303999974], [11.787689513000032, -17.27131294299994], [11.754733978000047, -17.248553398999945], [11.750720124000054, -17.07665369999995], [11.78281310500006, -16.87698717899997], [11.773624212000072, -16.832375817999946], [11.77705063600007, -16.789545518999944], [11.780584135000026, -16.78080099999994], [11.787401292000027, -16.780265620999955], [11.776428011000064, -16.82147788599997], [11.789396073000034, -16.820912763999956], [11.811673776000077, -16.78165165799993], [11.820031633000042, -16.675557439999977], [11.827170016000025, -16.690220867999926], [11.814201954000055, -16.625380555999982], [11.826099259000046, -16.452691173999938], [11.789006512000071, -16.10947860699997], [11.80590068600003, -16.019154266999976], [11.732660876000068, -15.877243212999929], [11.774729746000048, -15.787251997999931], [11.854060976000028, -15.781011860999968], [11.809535312000037, -15.793444544999943], [11.833210949000033, -15.803289564999943], [11.882138616000077, -15.784848740999962], [11.908955142000025, -15.746854697999936], [11.92692007200003, -15.677207873999976], [11.995638906000067, -15.632283650999966], [12.018838651000067, -15.568466506999982], [12.05517302000004, -15.23467571699996], [12.09243538000004, -15.201339467999958], [12.152397797000049, -15.184873597999967], [12.143043541000054, -15.129713725999977], [12.112318751000032, -15.135025872999961], [12.124977483000066, -15.089221247999944], [12.147986871000057, -15.073302653999974], [12.138873535000073, -15.057740979999949], [12.168711976000054, -15.023643302999972], [12.170924875000026, -14.96322878799998], [12.19267314900003, -14.94847612999996], [12.215078154000025, -14.896456352999962], [12.212199006000048, -14.848177088999932], [12.24955654400003, -14.826714350999964], [12.287766630000021, -14.754835771999979], [12.272680846000071, -14.698014242999932], [12.294833628000049, -14.669127585999945], [12.301995806000036, -14.57801802399996], [12.354819840000062, -14.411741288999963], [12.351940693000074, -14.33731174899998], [12.36852553600005, -14.310733169999935], [12.330692106000072, -14.189523425999937], [12.361744072000022, -14.179601073999947], [12.37000080200005, -14.157995567999933], [12.353368369000066, -14.101864081999963], [12.36155371500007, -14.058581686999958], [12.392177378000042, -14.03238382099994], [12.401980758000036, -13.972302429999957], [12.425141836000023, -13.942826856999943], [12.420073584000022, -13.878676588999951], [12.493027859000051, -13.867445532999966], [12.486140271000068, -13.880936600999974], [12.511024674000055, -13.881614746999958], [12.528323355000055, -13.847683632999974], [12.52223650600007, -13.76581532299997], [12.539939695000044, -13.65021158999997], [12.529205610000076, -13.610505185999955], [12.551439294000033, -13.587757537999948], [12.544129590000068, -13.564838570999939], [12.584292560000051, -13.535660120999978], [12.62488616500002, -13.560501693999981], [12.714631402000066, -13.559759124999971], [12.751755753000054, -13.593714033999959], [12.797878035000053, -13.579377780999948], [12.838490210000032, -13.62589524799995], [12.880606670000077, -13.645287854999935], [12.945309568000027, -13.640724168999952], [13.02034825100003, -13.59001309599995], [13.035748123000076, -13.59789386999995], [13.078935339000054, -13.532750175999979], [13.14838585800004, -13.58979775499995], [13.167629748000024, -13.59000595699996], [13.185326990000021, -13.562552925999967], [13.295601673000021, -13.576727473999938], [13.311068169000066, -13.650223075999975], [13.278439810000066, -13.692636967999931], [13.299587270000075, -13.745609718999958], [13.346700597000051, -13.766132569999968], [13.389947301000063, -13.851287530999969], [13.427687536000064, -13.839905403999978]]]]}}, {"type": "Feature", "properties": {"nome": "Huambo", "codigo": "22"}, "geometry": {"type": "Polygon", "coordinates": [[[16.283350378000023, -12.59778146399998], [16.349325461000035, -12.621210962999953], [16.34963003100006, -12.685375507999936], [16.433964574000072, -12.709590984999977], [16.50015404000004, -12.76770456099996], [16.499887541000078, -12.87516101999995], [16.516677018000053, -12.884222007999938], [16.511575453000034, -13.024248528999976], [16.54136828700007, -13.108872076999944], [16.53441250900005, -13.181402956999932], [16.547147384000027, -13.207139206999955], [16.527350268000077, -13.345243122999932], [16.430923801000063, -13.362865410999973], [16.39790560700004, -13.322876982999958], [16.329258157000027, -13.344101774999956], [16.282121034000056, -13.32263903699993], [16.250235067000062, -13.337747899999954], [16.229890676000025, -13.32820626199998], [16.178566642000078, -13.415500786999928], [16.112798944000076, -13.450173569999947], [16.077361971000073, -13.444802047999929], [16.05793400600004, -13.422781353999937], [16.01613218500006, -13.425225829999931], [15.993683927000063, -13.397925124999972], [15.955302458000062, -13.388332246999937], [15.92894139200007, -13.441422466999938], [15.874812194000071, -13.444257357999959], [15.88014789600004, -13.469781669999975], [15.813420178000058, -13.518090695999945], [15.795202033000066, -13.559549463999929], [15.774195065000072, -13.558897781999974], [15.738147020000042, -13.620607819999975], [15.716981130000022, -13.607583989999966], [15.701967946000025, -13.629677613999945], [15.648172338000052, -13.644990880999956], [15.619766895000055, -13.717932957999949], [15.565819745000056, -13.731866029999935], [15.536193989000026, -13.768175821999932], [15.512450674000036, -13.766900573999976], [15.506012269000053, -13.746309935999932], [15.523750580000069, -13.71387477999997], [15.512823484000023, -13.673730292999949], [15.533340483000075, -13.614978895999968], [15.491740590000063, -13.624886617999948], [15.464317778000066, -13.611123391999968], [15.38073593200005, -13.631570705999934], [15.370396855000024, -13.621131562999949], [15.366206014000056, -13.455959648999965], [15.33580231600007, -13.423967326999957], [15.318216304000032, -13.358102039999949], [15.238018241000077, -13.395532895999963], [15.212234305000038, -13.393312934999926], [15.185592454000073, -13.426948100999937], [15.122256767000067, -13.387496265999971], [15.051173423000023, -13.408367913999939], [15.052556603000028, -13.348757894999949], [14.987768639000024, -13.342504671999961], [14.902869470000041, -13.288538495999944], [14.915334277000056, -13.250613456999929], [14.890138402000048, -13.233360460999961], [14.88994804500004, -13.214172486999928], [14.900117862000059, -13.159469867999974], [14.92376970500004, -13.128346517999944], [14.91382950600007, -13.08972667699993], [14.924648903000048, -13.062663419999978], [14.895113843000047, -13.019327485999952], [14.898177399000076, -12.998298999999975], [14.875114293000024, -12.99031980199993], [14.845311544000026, -12.947311043999946], [14.883002206000072, -12.905016124999975], [14.838230229000033, -12.870960608999951], [14.83550011400007, -12.845748836999974], [14.802982419000045, -12.824627521999957], [14.78303063900006, -12.831194834999962], [14.78142450200005, -12.776229284999943], [14.809728192000023, -12.724297547999981], [14.770832184000028, -12.69619234399994], [14.853555563000043, -12.649955758999965], [14.880681419000041, -12.607106424999927], [14.916068763000055, -12.620719321999957], [14.998957288000042, -12.571933231999935], [15.066819515000077, -12.563138744999947], [15.048392969000076, -12.53420092999994], [15.069153766000056, -12.515016525999954], [15.03052425800007, -12.494937542999935], [15.032808540000076, -12.481826712999975], [15.051568528000075, -12.470132295999974], [15.054340600000046, -12.460935679999977], [15.043935217000069, -12.426699994999979], [15.02737416900004, -12.43134470299998], [15.008699223000065, -12.400070809999931], [15.009227212000042, -12.299378093999962], [14.982475974000067, -12.215493995999964], [15.002537003000043, -12.209467221999944], [15.036139051000077, -12.106937022999944], [15.099449366000044, -12.026430478999941], [15.156092193000063, -12.037506794999956], [15.228161538000052, -12.00261927899993], [15.24343686900005, -12.015598839999939], [15.279146062000052, -11.995083892999958], [15.273704015000021, -11.973100243999966], [15.316534432000026, -11.939437634999933], [15.366741494000053, -11.94284606399998], [15.384046953000052, -11.87661695099996], [15.364980812000056, -11.84338349899997], [15.384326571000031, -11.833380315999932], [15.410832489000029, -11.770338294999931], [15.376933178000058, -11.75719642799993], [15.375757230000033, -11.714150348999965], [15.388566764000075, -11.70700291199995], [15.37453137600005, -11.705322758999955], [15.362565696000047, -11.670834800999955], [15.318996630000072, -11.654749764999963], [15.329238038000028, -11.632102740999926], [15.31039147100006, -11.60006058199997], [15.319117059000064, -11.584484203999978], [15.37231575900006, -11.574608846999979], [15.387139801000046, -11.552456063999955], [15.44319990200006, -11.543033398999967], [15.508706464000056, -11.505628271999967], [15.539453859000048, -11.516273979999937], [15.71633743800004, -11.460122466999962], [15.775490839000042, -11.495742998999958], [15.813133912000069, -11.473376065999958], [15.832588386000054, -11.495733877999953], [15.868161327000053, -11.497090170999968], [15.898326944000075, -11.47172511599996], [15.925512286000071, -11.485763936999945], [15.978177692000031, -11.483019229999968], [15.988704427000073, -11.49893306499996], [16.008444436000048, -11.464402327999949], [16.035341863000042, -11.452200451999943], [16.109562011000037, -11.477042024999946], [16.11300747000007, -11.499351850999972], [16.17188485400004, -11.492270574999964], [16.234112517000028, -11.536947333999933], [16.26251376400006, -11.514904007999974], [16.32141018300007, -11.506585411999936], [16.32249521700004, -11.61619766299998], [16.354379995000045, -11.633996030999981], [16.346670541000037, -11.655220823999969], [16.357758829000034, -11.663977239999952], [16.403492070000027, -11.67661217799997], [16.39037617400004, -11.708167069999945], [16.40232106800005, -11.721587228999965], [16.42523527700007, -11.715329246999943], [16.44584141000007, -11.74160801399995], [16.48229475200003, -11.754380960999981], [16.493316415000038, -11.830528471999969], [16.583793041000035, -11.900398964999965], [16.596737309000048, -11.954631640999935], [16.592911135000065, -11.981357746999947], [16.55967482400007, -11.996319796999956], [16.52074684200005, -12.06060331499998], [16.531749470000022, -12.070996801999968], [16.51840545300007, -12.12431576399996], [16.497923052000033, -12.133015072999967], [16.503377570000055, -12.16238912199998], [16.355779604000077, -12.25616367999993], [16.343463514000064, -12.292978700999981], [16.36407916400003, -12.32288376699995], [16.36070325000003, -12.347893380999949], [16.39862234000003, -12.38107258499997], [16.404542439000068, -12.490166113999976], [16.370216334000077, -12.524563601999944], [16.32019054600005, -12.53899265299998], [16.311453166000035, -12.577368599999943], [16.283350378000023, -12.59778146399998]]]}}, {"type": "Feature", "properties": {"nome": "Hu\u00edla", "codigo": "25"}, "geometry": {"type": "Polygon", "coordinates": [[[14.683227901000066, -13.648317936999945], [14.710895571000037, -13.662978862999978], [14.754107590000046, -13.62131937199996], [14.782928811000033, -13.629022877999944], [14.823153600000069, -13.605798147999963], [14.85989260100007, -13.574698759999933], [14.881640874000027, -13.509644295999976], [14.906672804000038, -13.521041913999966], [14.92216309500003, -13.556043784999929], [14.940694337000025, -13.55569638399993], [15.068374260000041, -13.486097623999967], [15.091978514000061, -13.490808956999956], [15.108670433000043, -13.453164693999952], [15.09944050300004, -13.422886052999957], [15.076897490000022, -13.408604527999955], [15.098622211000077, -13.39026273199994], [15.122432744000037, -13.38755360099998], [15.183698517000039, -13.427278452999929], [15.212234305000038, -13.393312934999926], [15.238018241000077, -13.395532895999963], [15.309440254000037, -13.354763470999956], [15.318107885000074, -13.38721834599994], [15.336515502000054, -13.39200332699994], [15.33580231600007, -13.423967326999957], [15.366206014000056, -13.455959648999965], [15.370396855000024, -13.621131562999949], [15.38073593200005, -13.631570705999934], [15.464317778000066, -13.611123391999968], [15.491740590000063, -13.624886617999948], [15.533340483000075, -13.614978895999968], [15.512823484000023, -13.673730292999949], [15.523750580000069, -13.71387477999997], [15.506012269000053, -13.746309935999932], [15.512450674000036, -13.766900573999976], [15.536193989000026, -13.768175821999932], [15.565819745000056, -13.731866029999935], [15.619766895000055, -13.717932957999949], [15.648172338000052, -13.644990880999956], [15.701967946000025, -13.629677613999945], [15.716981130000022, -13.607583989999966], [15.738147020000042, -13.620607819999975], [15.774195065000072, -13.558897781999974], [15.795202033000066, -13.559549463999929], [15.813420178000058, -13.518090695999945], [15.88014789600004, -13.469781669999975], [15.874812194000071, -13.444257357999959], [15.92894139200007, -13.441422466999938], [15.955302458000062, -13.388332246999937], [15.993683927000063, -13.397925124999972], [16.01613218500006, -13.425225829999931], [16.05793400600004, -13.422781353999937], [16.077361971000073, -13.444802047999929], [16.112798944000076, -13.450173569999947], [16.178566642000078, -13.415500786999928], [16.229890676000025, -13.32820626199998], [16.250235067000062, -13.337747899999954], [16.282121034000056, -13.32263903699993], [16.329258157000027, -13.344101774999956], [16.39790560700004, -13.322876982999958], [16.430923801000063, -13.362865410999973], [16.527350268000077, -13.345243122999932], [16.516525603000048, -13.468402018999939], [16.536842112000045, -13.506388129999948], [16.509633688000065, -13.694796458999974], [16.482275849000075, -13.726121277999937], [16.49677627500006, -13.76281909599993], [16.47610082800003, -13.82369039899993], [16.492575290000048, -13.866713286999982], [16.481880845000035, -13.90274636199996], [16.491210859000034, -13.970380959999943], [16.473484254000027, -13.989191129999938], [16.48733126600007, -14.04614735299998], [16.471239274000027, -14.065792047999935], [16.48425895400004, -14.07421772999993], [16.493477089000066, -14.150373829999978], [16.47813941000004, -14.160217831999944], [16.478253189000043, -14.248754149999968], [16.461728939000068, -14.252107359999968], [16.46444345900005, -14.310311351999928], [16.503185277000057, -14.436381275999963], [16.488289063000025, -14.465360611999927], [16.513196273000062, -14.485831271999928], [16.491708347000042, -14.625263464999932], [16.497470887000077, -14.647513469999978], [16.556263659000024, -14.700792455999931], [16.59562438300003, -14.69706571699993], [16.573894308000035, -14.716300261999947], [16.636152636000077, -14.732215692999944], [16.607108007000022, -14.781127726999955], [16.651289870000028, -14.824513242999956], [16.66476827100007, -14.905084409999972], [16.647232643000052, -14.941807082999958], [16.66468949800003, -14.948009387999946], [16.64983922400006, -14.95539496999993], [16.661764943000037, -14.963764770999944], [16.652082412000027, -14.97902586999993], [16.708862683000063, -15.042479071999935], [16.701046268000027, -15.053433110999947], [16.71679860200004, -15.072350101999973], [16.69122438900007, -15.095940135999967], [16.756262922000076, -15.168666001999952], [16.73641315900005, -15.17826284399996], [16.667109759000027, -15.153972861999932], [16.576032148000024, -15.14588637299994], [16.51719349800004, -15.10619487899993], [16.493954703000043, -15.13236322199998], [16.346058181000046, -15.20116035899997], [16.33146914300005, -15.260098682999967], [16.26444084800005, -15.31434225299995], [16.248287197000025, -15.36567675799995], [16.185794147000024, -15.406086100999971], [16.168191851000074, -15.381202443999939], [16.117527951000056, -15.37697348599994], [16.07906126300003, -15.383707499999957], [16.03037770000003, -15.427647485999955], [15.972014382000054, -15.377531924999971], [15.876288807000037, -15.391695883999944], [15.845134863000055, -15.371465066999974], [15.753963059000057, -15.403855989999954], [15.706008148000024, -15.378924939999933], [15.641769703000023, -15.432483244999958], [15.605489686000055, -15.428604648999965], [15.567088326000032, -15.467602582999973], [15.501186563000033, -15.48385606499994], [15.509419404000027, -15.501749830999927], [15.485746347000031, -15.513658729999975], [15.479583073000072, -15.553831943999967], [15.453812510000034, -15.54442307499994], [15.44239667200003, -15.564253490999931], [15.45019080000003, -15.608052628999928], [15.43224890600004, -15.615590493999946], [15.434497365000027, -15.64250266299996], [15.383237919000067, -15.704076892999979], [15.38602024100004, -15.728711191999935], [15.360981816000049, -15.730237190999958], [15.32778539700007, -15.76378941799993], [15.300525700000037, -15.76307282099998], [15.30196236100005, -15.825860140999964], [15.234038731000055, -15.93872900499997], [15.228822811000043, -15.993949117999932], [15.214941186000033, -15.988084557999969], [15.210758875000067, -16.01786202699998], [15.196287502000075, -16.017037546999973], [15.18226939300007, -16.044968306999976], [15.032368446000078, -16.050549599999954], [14.990105958000072, -15.951953634999938], [14.945774320000055, -15.946020249999947], [14.791937406000045, -15.868765718999953], [14.737610408000023, -15.867799581999975], [14.673112317000061, -15.843664119999971], [14.604668899000046, -15.868305695999936], [14.506418263000057, -15.817536943999926], [14.436871821000068, -15.917992518999938], [14.261211051000032, -16.05636451199996], [14.089767840000036, -16.11582449599996], [14.091815324000038, -16.173352415999943], [13.970603437000022, -16.16623109099993], [13.962303481000049, -16.12078138299995], [13.913734875000046, -16.104180162999967], [13.779713470000047, -16.301443346999974], [13.652627228000028, -16.34848332599995], [13.55427131600004, -16.252030487999946], [13.529931022000028, -16.236952052999982], [13.499700085000029, -16.247014142999944], [13.521850174000065, -16.16322961299994], [13.478442856000072, -16.041585616999953], [13.556453485000077, -15.880502055999955], [13.544764383000029, -15.814412526999945], [13.524301018000074, -15.802663937999966], [13.507942224000033, -15.677534031999926], [13.54989807000004, -15.522135399999968], [13.513635084000043, -15.493153563999954], [13.479941917000076, -15.495199900999978], [13.430948815000022, -15.429312625999955], [13.374674562000052, -15.38607781899998], [13.384073433000026, -15.361450397999931], [13.357756594000023, -15.365043383999932], [13.355662668000036, -15.38174719999995], [13.317424730000027, -15.376345822999951], [13.287491111000065, -15.309268817999964], [13.30103024400006, -15.27010288899993], [13.271334571000068, -15.223513042999969], [13.262935073000051, -15.236481105999928], [13.247801701000071, -15.228105402999972], [13.263434760000052, -15.252667388999953], [13.222329571000046, -15.261352421999959], [13.217094756000051, -15.272565631999953], [13.232977659000028, -15.28044759599993], [13.221080354000037, -15.291452603999971], [13.192378105000046, -15.252756618999967], [13.205625754000039, -15.196988001999955], [13.248241901000029, -15.182925386999955], [13.264779156000031, -15.201937279999981], [13.260163001000024, -15.185828329999936], [13.280269446000034, -15.174311737999972], [13.261566883000057, -15.179594141999928], [13.250288238000053, -15.16136746999996], [13.221163635000039, -15.173478926999962], [13.205054683000071, -15.146305481999946], [13.25770620700007, -15.149339294999947], [13.25121027800003, -15.136299848999954], [13.26448767100004, -15.127591021999933], [13.233459500000038, -15.131088828999964], [13.201860258000067, -15.111410686999932], [13.218790123000076, -15.078377818999968], [13.23128229300005, -15.085099795999952], [13.249425683000027, -15.07115020599997], [13.236130444000025, -15.06401182299993], [13.272655171000054, -15.039979267999968], [13.24800424700004, -14.981945211999971], [13.227421909000043, -14.979161242999965], [13.219522099000073, -14.970262057999946], [13.232347394000044, -14.96576487699997], [13.21036117400007, -14.947466821999967], [13.254167051000024, -14.92153069699998], [13.232989848000045, -14.917628380999929], [13.266349891000061, -14.890907033999952], [13.295688645000041, -14.87891455099998], [13.312130721000074, -14.888432393999949], [13.402510568000025, -14.792069469999944], [13.46064754200006, -14.763841922999973], [13.518957186000023, -14.769026768999936], [13.563500696000062, -14.729515818999971], [13.595796406000034, -14.632386219999944], [13.573596035000037, -14.57913388299994], [13.664586624000037, -14.461690628999975], [13.641039830000068, -14.34837181499995], [13.676637972000037, -14.29366072199997], [13.610885532000054, -14.276841898999976], [13.58807839900004, -14.24468348299996], [13.627196737000077, -14.177082995999967], [13.615525481000077, -14.117227653999976], [13.59357495300003, -14.09538420299998], [13.598536129000024, -14.054516959999944], [13.639593729000069, -14.009954413999935], [13.65536955600004, -13.95827252099997], [13.622747146000052, -13.967159807999963], [13.55560252400005, -13.929494638999927], [13.542620181000075, -13.906791900999963], [13.592653946000041, -13.856184989999974], [13.662877790000039, -13.842562574999931], [13.687053803000026, -13.805032634999975], [13.724143652000066, -13.841676333999942], [13.849241582000047, -13.871672864999937], [13.884923507000053, -13.831737965999935], [13.942994578000025, -13.81871453499997], [13.971726570000044, -13.824871389999942], [14.008162067000058, -13.888075822999951], [14.044828885000072, -13.869163183999945], [14.049647294000067, -13.84872956299995], [14.130132563000075, -13.837159432999954], [14.292441546000077, -13.881893299999945], [14.334587749000036, -13.864612463999947], [14.339435901000058, -13.839181974999974], [14.36900070400003, -13.82783789499996], [14.385204833000046, -13.787172905999967], [14.386085234000063, -13.704772171999934], [14.468048148000037, -13.692031347999944], [14.471915925000076, -13.659252343999981], [14.450917181000023, -13.631626801999971], [14.472298633000037, -13.60380396499994], [14.527711521000072, -13.630910784999969], [14.55691226600004, -13.61882312399996], [14.638642750000031, -13.683474472999933], [14.683227901000066, -13.648317936999945]]]}}, {"type": "Feature", "properties": {"nome": "Bi\u00e9", "codigo": "21"}, "geometry": {"type": "Polygon", "coordinates": [[[16.646523672000058, -10.600723904999938], [16.614889308000045, -10.632623087999946], [16.62929546600003, -10.657074469999941], [16.659792964000076, -10.653619223999954], [16.671205823000037, -10.696462169999961], [16.718186978000062, -10.703663786999925], [16.779554073000043, -10.775703446999955], [16.820606681000072, -10.788190397999927], [16.834561273000077, -10.77566963399994], [16.862368567000033, -10.78186631999995], [16.874364574000026, -10.765911441999947], [16.929144085000075, -10.76730142699995], [17.052845493000063, -10.80958919099993], [17.05425881700006, -10.825898568999946], [17.092764989000045, -10.847924797999951], [17.108939489000022, -10.81237103199993], [17.147748755000066, -10.81232864499998], [17.159467027000062, -10.85064710699993], [17.228832542000077, -10.878299672999958], [17.285282900000027, -10.86554143899997], [17.31452191300002, -10.900905117999969], [17.373418337000032, -10.932010662999971], [17.387354191000043, -11.015322396999977], [17.41971245700006, -11.036710158999938], [17.415858080000078, -11.062141725999936], [17.453856216000077, -11.101823021999962], [17.456666897000048, -11.126814042999968], [17.449899619000064, -11.177153892999968], [17.411773573000062, -11.189721457999951], [17.388951275000068, -11.228453698999942], [17.462977957000078, -11.25208986299998], [17.46335444600004, -11.330573009999966], [17.482749501000058, -11.324839063999946], [17.530053416000044, -11.376510548999931], [17.521516250000047, -11.433985178999933], [17.493856872000038, -11.468361769999944], [17.50668544800004, -11.480594718999953], [17.49376403900004, -11.487683171999947], [17.51506596100006, -11.49853264799998], [17.540022201000056, -11.479036256999962], [17.547667497000077, -11.506435453999927], [17.49772070800003, -11.512423007999928], [17.47829865500006, -11.565625999999952], [17.491921311000056, -11.60196321899997], [17.51381135300005, -11.605896790999964], [17.535466236000048, -11.638729613999942], [17.53340032600005, -11.674595969999928], [17.50466904600006, -11.693525652999938], [17.569777741000053, -11.705802051999967], [17.594301579000046, -11.735531844999969], [17.648566765000055, -11.726008840999953], [17.660698042000035, -11.672041245999935], [17.686526860000072, -11.664203018999956], [17.70610522100003, -11.60217139699995], [17.779532793000044, -11.582655870999929], [17.807242209000037, -11.549848789999942], [17.813206054000034, -11.467030399999942], [17.831265659000053, -11.441123034999976], [17.792073036000033, -11.349486368999976], [17.802272792000053, -11.327199099999973], [17.86319338100003, -11.389635710999926], [17.88687647000006, -11.393725460999974], [17.91167480000007, -11.431130612999937], [17.923032698000043, -11.467082790999939], [17.91018529200005, -11.496535622999943], [17.925660296000046, -11.51883631499993], [18.04884249400004, -11.518702134999955], [18.07827032600005, -11.542404842999929], [18.075401347000025, -11.569879948999926], [18.095833777000053, -11.601418982999974], [18.12874720900004, -11.570621163999931], [18.208686800000066, -11.583301343999949], [18.22548672100004, -11.559280530999956], [18.246521634000032, -11.568966536999937], [18.29427666600003, -11.55008812799997], [18.300543395000034, -11.562861914999928], [18.376345038000068, -11.576654896999969], [18.402444697000078, -11.546924377999972], [18.40840173500004, -11.511743357999933], [18.48123139300003, -11.428676966999944], [18.59539108200005, -11.41804618599997], [18.641810199000076, -11.37304695399996], [18.697107579000033, -11.356736578999971], [18.809564066000064, -11.391222417999927], [18.81429550200005, -11.371989016999976], [18.841084729000045, -11.367303553999932], [18.829519454000035, -11.290771800999948], [18.77283058300003, -11.25597271099997], [18.800762948000056, -11.176643470999977], [18.76201013700006, -11.151281480999955], [18.756551109000043, -11.125413138999932], [18.78020345300007, -11.006111998999927], [18.842781142000035, -11.037319154999977], [18.88196622600003, -11.082909879999931], [19.008239813000046, -11.144105983999964], [19.054990840000073, -11.21572387599997], [19.12088929400005, -11.196004939999966], [19.172153684000023, -11.23297049699994], [19.198609801000032, -11.226983699999948], [19.22162542800004, -11.258124068999962], [19.167684835000045, -11.337740795999935], [19.19088947000006, -11.384247247999951], [19.128258800000026, -11.403208835999976], [19.146020072000056, -11.449803919999965], [19.115108992000046, -11.45026097799996], [19.102175226000043, -11.473178100999974], [19.04507735100003, -11.499959687999933], [19.006355905000078, -11.667009324999981], [18.968713258000037, -11.67299400099995], [18.95150925100006, -11.70231414899996], [18.922455666000076, -11.686506874999964], [18.89091476300007, -11.696674480999945], [18.942577174000064, -11.772247812999979], [18.91929598400003, -11.809441252999932], [18.863123551000058, -11.801738779999937], [18.84479258700003, -11.825030907999974], [18.874718245000054, -11.874508142999957], [18.845004682000024, -11.887366462999978], [18.793991420000054, -11.953425667999966], [18.82746422100007, -11.975775694999982], [18.844198807000055, -12.028646726999966], [18.809873130000028, -12.096353275999945], [18.67496913100007, -12.19785172099995], [18.714128721000066, -12.224265579999951], [18.711724779000065, -12.251260994999939], [18.62280646000005, -12.294842979999942], [18.588742895000053, -12.286559907999958], [18.58351996400006, -12.306301833999953], [18.521749098000043, -12.338687037999932], [18.48775869700006, -12.328867870999943], [18.46924441400006, -12.418480373999955], [18.404491715000063, -12.455018089999953], [18.383622415000048, -12.489515495999967], [18.385615641000072, -12.53812694499993], [18.34669737300004, -12.54132926099993], [18.340023193000036, -12.566809900999942], [18.301214944000037, -12.584600621999982], [18.28909447500007, -12.63236070499994], [18.268815647000054, -12.639997912999945], [18.28034595400004, -12.701121316999945], [18.263709985000048, -12.71812807899994], [18.280776755000034, -12.746551308999926], [18.224174730000072, -12.760419290999948], [18.212160976000064, -12.78326644699996], [18.17162432400005, -12.797543710999946], [18.181431933000056, -12.80620515499993], [18.11755660500006, -12.804846269999928], [18.111563588000024, -12.837630736999927], [18.14556888100003, -12.870937639999966], [18.166852059000064, -12.941821932999972], [18.117657589000032, -12.959645930999955], [18.116890210000065, -12.988769502999958], [18.082407163000028, -13.030803609999964], [18.020559822000052, -13.02983932199993], [18.025069235000046, -13.10878192399997], [17.980737506000025, -13.155925612999965], [18.060333495000066, -13.271718764999946], [18.001901694000026, -13.31052355199995], [17.96408580900004, -13.311084551999954], [17.892799026000034, -13.404871463999939], [17.918469666000078, -13.422557266999945], [17.927479751000078, -13.457767178999973], [17.89757516800006, -13.493752603999951], [17.893222992000062, -13.531182576999981], [17.931008503000044, -13.558139721999964], [17.898964790000036, -13.57999719399993], [17.887063202000036, -13.643723688999955], [17.809652562000053, -13.662912903999938], [17.748280885000042, -13.637580742999944], [17.761206817000073, -13.656930485999965], [17.750315691000026, -13.712017636999974], [17.781695048000074, -13.742739463999953], [17.776661345000036, -13.903195959999948], [17.725670885000056, -13.944900047999965], [17.681072596000035, -13.952418063999971], [17.651344506000044, -13.986615506999954], [17.46682926400007, -14.019665302999954], [17.421857161000048, -14.101192467999965], [17.346280053000044, -14.138255504999961], [17.332368192000047, -14.182426935999956], [17.34601561200003, -14.238633027999981], [17.30332740800003, -14.307138813999927], [17.240839950000066, -14.30385734899994], [17.190038956000024, -14.229679228999942], [17.127851804000045, -14.236339577999956], [17.113195915000063, -14.208848020999937], [17.03350522200003, -14.16995611599998], [17.016605519000052, -14.119341833999954], [17.040334458000075, -14.077781625999933], [16.97591868300003, -14.038435853999943], [17.00439293200003, -13.994701361999944], [16.985082770000076, -14.001632326999982], [16.900621819000037, -13.967781352999964], [16.892174746000023, -14.006255197999963], [16.84722935800005, -14.015102645999946], [16.721389097000042, -13.98155236699995], [16.72810005300005, -13.958682576999934], [16.71522871600007, -13.956351008999945], [16.674292016000038, -13.986426881999932], [16.652482466000038, -13.979810784999927], [16.60616193900006, -13.998046239999951], [16.590915135000046, -13.987301617999947], [16.517088277000028, -13.99687735699996], [16.485643560000028, -13.975983306999979], [16.492743735000033, -13.869169184999976], [16.47610082800003, -13.82369039899993], [16.49677627500006, -13.76281909599993], [16.482275849000075, -13.726121277999937], [16.509633688000065, -13.694796458999974], [16.520182933000058, -13.647645891999957], [16.512911046000056, -13.614173231999928], [16.536840691000066, -13.50616617199995], [16.516525603000048, -13.468402018999939], [16.515165574000036, -13.40592935099994], [16.547187990000054, -13.207165939999982], [16.53436210800004, -13.181582361999972], [16.54134416000005, -13.108870208999974], [16.511563296000077, -13.024394023999946], [16.51676074100004, -12.884421205999956], [16.499886592000053, -12.875506215999962], [16.50025746500006, -12.768075714999952], [16.433621170000038, -12.709392450999928], [16.350674327000036, -12.686223018999954], [16.34940189400004, -12.621271042999979], [16.279295955000066, -12.598961878999944], [16.310528979000026, -12.578812563999975], [16.320119136000073, -12.539031258999955], [16.375056623000035, -12.521876112999962], [16.404524567000067, -12.490300349999927], [16.39972269200007, -12.385139831999936], [16.360676562000037, -12.347823949999963], [16.34810707400004, -12.272763663999967], [16.373059854000076, -12.239507861999982], [16.503457038000022, -12.162560845999963], [16.49795227100003, -12.133041555999966], [16.518451968000022, -12.12442929699995], [16.531809965000036, -12.070353744999977], [16.520592074000035, -12.06077010599995], [16.559696769000027, -11.996311293999952], [16.593115942000054, -11.98102038899998], [16.58384539700006, -11.900537976999942], [16.493177846000037, -11.830473448999953], [16.482197364000058, -11.754204711999932], [16.44573026300003, -11.741668717999971], [16.425584952000065, -11.715343663999931], [16.402454928000054, -11.721674141999927], [16.390426528000035, -11.708381703999976], [16.403728501000046, -11.67693713999995], [16.346717605000038, -11.655313822999972], [16.354364430000032, -11.633949366999957], [16.318108152000036, -11.605121273999941], [16.316818242000068, -11.526655690999974], [16.330789898000035, -11.518304711999974], [16.320388990000026, -11.505903688999979], [16.290501221000056, -11.521001083999977], [16.262285631000054, -11.514975290999928], [16.233806912000034, -11.53694197699997], [16.17202670200004, -11.492333274999964], [16.112856443000055, -11.499314235999975], [16.10955589100007, -11.477058332999945], [16.03515765700007, -11.45216273699998], [16.00857658900003, -11.464337715999932], [15.990060017000076, -11.499108391999926], [15.978306667000027, -11.483041386999957], [15.925479586000051, -11.485817051999959], [15.898197370000048, -11.47168364099997], [15.869510533000039, -11.49684183599993], [15.832410883000023, -11.496107910999967], [15.813296207000064, -11.473367089999954], [15.775268929000049, -11.495767815999955], [15.736015870000074, -11.461037443999942], [15.701492570000028, -11.466336868999974], [15.776058214000045, -11.341590210999982], [15.759351515000048, -11.300865107999925], [15.722301499000025, -11.275926322999965], [15.762086131000046, -11.27419458999998], [15.795400389000065, -11.240010059999975], [15.806061103000047, -11.19484612499997], [15.878744852000068, -11.113147212999934], [15.898615489000065, -11.051487850999933], [15.881568601000026, -11.015913000999944], [15.914272790000041, -10.968334992999928], [15.92941849600004, -10.968834731999948], [15.958259589000022, -11.028926639999952], [16.001101277000032, -11.006983545999958], [16.015262671000073, -10.974058157999934], [16.040980400000024, -10.969286093999926], [16.079318664000027, -10.984450730999981], [16.09119507400004, -11.006182099999933], [16.164325181000038, -11.019544890999953], [16.16679398900004, -11.03839321199996], [16.200762938000025, -11.049515257999929], [16.274566754000034, -10.90616074299993], [16.27756998500007, -10.870211886999925], [16.39646030800003, -10.81980693099996], [16.424006418000033, -10.775315569999975], [16.47166307200007, -10.75843210499994], [16.511021907000043, -10.700571667999952], [16.569123777000073, -10.67482674699994], [16.566427846000067, -10.647051086999966], [16.601748715000042, -10.626938123999935], [16.578616238000052, -10.597428885999932], [16.590288319000024, -10.581075676999944], [16.64249652500007, -10.584549447999962], [16.646523672000058, -10.600723904999938]]]}}, {"type": "Feature", "properties": {"nome": "Cunene", "codigo": "26"}, "geometry": {"type": "Polygon", "coordinates": [[[15.028525365000064, -16.041588297999965], [15.19272270700003, -16.038064644999963], [15.21496096800007, -15.988084537999953], [15.223214512000027, -15.994859804999976], [15.228842593000024, -15.993949096999927], [15.234058508000032, -15.938728983999965], [15.30198212700003, -15.825860112999976], [15.300545460000023, -15.763072793999982], [15.327805157000057, -15.763789387999964], [15.361001572000077, -15.730237157999966], [15.386039997000069, -15.728711156999964], [15.38325767300006, -15.70407685799995], [15.434517113000027, -15.642502623999974], [15.432268651000072, -15.61559045499996], [15.450210544000072, -15.608052588999954], [15.452601065000067, -15.545554670999934], [15.479602812000053, -15.553831900999967], [15.485766082000055, -15.513658686999975], [15.509439138000062, -15.501749785999948], [15.501206295000031, -15.483856019999962], [15.567108057000041, -15.467602531999944], [15.60550941300005, -15.428604594999968], [15.641789430000074, -15.432483187999935], [15.705328260000044, -15.379080190999957], [15.753982783000026, -15.40385592299998], [15.845154583000067, -15.371464991999972], [15.876308529000028, -15.391695805999973], [15.972034102000066, -15.377531838999971], [16.030397425000046, -15.427647393999962], [16.07908098300004, -15.38370740399995], [16.11754767000002, -15.376973386999964], [16.16821157000004, -15.381202340999948], [16.18535891700003, -15.406197489999954], [16.248306914000068, -15.365676647999976], [16.264460560000032, -15.31434214099994], [16.331488850000028, -15.260098565999954], [16.34607788200003, -15.201160240999968], [16.493974397000045, -15.132363091999935], [16.516741624000076, -15.106341405999956], [16.576051842000027, -15.145886234999978], [16.780323887000065, -15.174415328999942], [16.790791132000038, -15.195412838999971], [16.767581048000068, -15.221295759999975], [16.787486040000033, -15.245529501999954], [16.82928787900005, -15.252748870999937], [16.832726241000046, -15.277752289999967], [16.858526288000064, -15.280696012999954], [16.860949910000045, -15.30523829699996], [16.843241529000068, -15.319732324999961], [16.86401255000004, -15.318383474999962], [16.877129893000074, -15.343916579999927], [16.911223749000044, -15.343292262999967], [16.935790947000044, -15.380486727999937], [16.91925873100007, -15.391007350999928], [16.968879826000034, -15.41816632299998], [16.964865615000065, -15.438409117999981], [16.981716463000055, -15.444961718999934], [16.995525111000063, -15.428999811999972], [17.069199302000072, -15.57092317799993], [17.139456237000047, -15.562680082999975], [17.166119512000023, -15.646395946999974], [17.238729087000024, -15.743701384999952], [17.282048115000066, -15.861303390999979], [17.365334851000057, -15.942838458999972], [17.37606201600005, -16.023159755999927], [17.398578030000067, -16.062898580999956], [17.378435317000026, -16.09379654399993], [17.37662960700004, -16.14076711799993], [17.402956393000068, -16.24381378299995], [17.385865785000078, -16.41070007299993], [17.323866794000025, -16.55390007099993], [17.305546881000055, -16.65548579299997], [17.212053936000075, -16.778946866999945], [17.229660550000062, -16.826202301999956], [17.223893169000064, -16.981533170999967], [17.274100059000034, -17.242446797999946], [17.27078042000005, -17.390150224999957], [14.218141995000053, -17.39164268299993], [14.212987873000031, -17.408746449999967], [14.138004705000071, -17.431658717999937], [14.115050515000064, -17.42352240499997], [14.101103498000043, -17.438215904999936], [14.017575273000034, -17.41455193799993], [13.995182119000049, -17.432830973999955], [13.955720407000058, -17.43334544399994], [13.899211698000045, -17.362000895999927], [13.67970553500004, -17.24594627999994], [13.51105027500006, -17.13515593699998], [13.522730770000067, -17.09194145899994], [13.477058801000055, -17.02531963299998], [13.37522884200007, -16.98235239199994], [13.344243701000039, -16.90452682299997], [13.206646559000035, -16.719762014999958], [13.13298657200005, -16.682499830999973], [13.185480949000066, -16.603972503999955], [13.244215439000072, -16.58009487399994], [13.284477744000071, -16.533166510999934], [13.273979713000074, -16.508989665999934], [13.213596236000058, -16.48185541299995], [13.222401188000049, -16.43710090099995], [13.27974768300004, -16.428282422999928], [13.287107049000042, -16.393095313999936], [13.335738281000033, -16.377084237999952], [13.343348691000074, -16.347267577999958], [13.36634686800005, -16.36895671999997], [13.359438440000076, -16.35065315999998], [13.380201441000054, -16.35761348899996], [13.369699925000077, -16.340230480999935], [13.429960013000027, -16.31829376999997], [13.481400356000051, -16.254838004999954], [13.529950822000046, -16.236952189999954], [13.65270520200005, -16.348495482999965], [13.779733279000027, -16.301443460999963], [13.913754665000056, -16.10418026399998], [13.962323273000038, -16.12078147899996], [13.970623233000026, -16.166231186999937], [14.091835122000077, -16.173352499999964], [14.089787632000025, -16.11582457999998], [14.261028684000053, -16.055882521999933], [14.436891595000077, -15.917992570999957], [14.506438028000048, -15.817536988999962], [14.60468866900004, -15.868305731999953], [14.67313208400003, -15.843664149999938], [14.737630178000074, -15.867799605999949], [14.79195717600004, -15.86876573799998], [14.945794098000022, -15.94602025499995], [14.990105958000072, -15.951953634999938], [15.028525365000064, -16.041588297999965]]]}}, {"type": "Feature", "properties": {"nome": "Cubango", "codigo": "27"}, "geometry": {"type": "Polygon", "coordinates": [[[18.87716554900004, -14.34828117799998], [18.950132402000065, -14.408229375999952], [18.93692947200003, -14.45716579499998], [18.96551355300005, -14.488391185999944], [18.95339630500007, -14.551005453999949], [18.99512106000003, -14.580296204999968], [18.991093869000053, -14.624818785999935], [18.916199943000038, -14.631294476999926], [18.730847889000074, -14.689669252999977], [18.697572695000076, -14.67888506099996], [18.66787247800005, -14.691698512999949], [18.686555859000066, -14.731430050999961], [18.699692975000062, -14.841291506999937], [18.75132893400007, -14.978386434999948], [18.747964530000047, -15.007669706999934], [18.782314154000062, -15.067945201999976], [18.777389113000027, -15.131199422999941], [18.809688144000063, -15.183041909999929], [18.80322686200003, -15.272278794999977], [18.779628200000047, -15.29471209299993], [18.78337842800005, -15.353388496999969], [18.80329337200004, -15.360712166999974], [18.788488277000056, -15.370148942999947], [18.801251041000057, -15.380933832999972], [18.78621918400006, -15.395318258999964], [18.794093523000072, -15.414797713999974], [18.774644457000022, -15.424611832999972], [18.772298074000048, -15.497952811999937], [18.804904716000067, -15.489831719999927], [18.863054790000035, -15.609934615999975], [19.043406703000073, -15.599349275999941], [19.16319991100005, -15.667829457999972], [19.147383166000054, -15.68611660199997], [19.16028280200004, -15.701183980999929], [19.149574596000036, -15.703148049999982], [19.158558154000048, -15.762735616999976], [19.14783535400005, -15.770615839999948], [19.15740671100008, -15.818210204999957], [19.146607386000028, -15.816304938999963], [19.155463952000048, -15.832051544999956], [19.139808635000065, -15.877412970999956], [19.14980184700005, -15.900066760999948], [19.132168668000077, -15.923448811999947], [19.147134675000075, -15.968225159999974], [19.130362886000057, -15.980433662999928], [19.132011829000078, -16.027175902999943], [19.113864669000066, -16.04576169799998], [19.11924435700007, -16.079908660999934], [19.10603925500004, -16.09636154599997], [19.119701469000063, -16.112479162999932], [19.102941529000077, -16.140062028999978], [19.113179462000062, -16.14563782999994], [19.076101621000078, -16.175973385999953], [19.089567776000024, -16.18590384999993], [19.077029890000063, -16.220503495999935], [19.087172112000076, -16.248414741999966], [19.075162412000054, -16.25418721999995], [19.079844382000033, -16.284281401999976], [19.04823817500005, -16.308974921999948], [19.056769905000067, -16.349982507999982], [19.042003049000073, -16.358475229999954], [19.035999890000028, -16.346680153999955], [19.02800081600003, -16.36708869699993], [19.020926651000025, -16.353330537999966], [18.989712363000024, -16.385805594999965], [18.990761192000036, -16.437368018999962], [19.011582850000025, -16.46052797799996], [18.998876121000023, -16.47042457999993], [19.027747696000063, -16.498474578999947], [19.02668777100007, -16.554210341999976], [19.056775151000068, -16.56345650299994], [19.035876939000048, -16.60330780399994], [19.099806382000054, -16.643994695999936], [19.089510502000053, -16.691887469999926], [19.103482472000053, -16.692628449999972], [19.100712307000038, -16.715023215999963], [19.138039153000022, -16.77206874199993], [19.162172232000046, -16.77949416399997], [19.169285977000072, -16.801757803999976], [19.221659918000057, -16.81046312999996], [19.25648822900007, -16.83569291799995], [19.340942193000046, -16.94444282099994], [19.377563364000025, -16.950134530999946], [19.393888334000053, -16.97601819099998], [19.440408355000045, -16.988781822999954], [19.509799103000034, -17.047245234999934], [19.52721811200007, -17.03839833799998], [19.563683801000025, -17.07220813999993], [19.59356858700005, -17.074723107999944], [19.589088633000074, -17.114672094999946], [19.620304133000047, -17.11873900599994], [19.62013326700003, -17.143902301999958], [19.64725164400005, -17.147111106999944], [19.649062268000023, -17.168136570999934], [19.66053884100006, -17.160375836999947], [19.705880896000053, -17.199774503999947], [19.699175147000062, -17.21028107799998], [19.723508200000026, -17.21789261699996], [19.74406781500005, -17.251302645999942], [19.730148202000066, -17.258569136999938], [19.75591103000005, -17.28937319199997], [19.845798389000038, -17.321697895999932], [19.86626326100003, -17.34880958699995], [19.892300677000037, -17.354552299999966], [19.923926060000042, -17.407492632999947], [19.939669338000044, -17.40484383699993], [19.949171627000055, -17.422431883999934], [19.96655450000003, -17.41340698199997], [19.998936666000077, -17.450492598999972], [19.984622915000045, -17.47712751499995], [19.921580747000064, -17.49741615099998], [19.87054210100007, -17.476518948999967], [19.736392899000066, -17.626549200999932], [19.740163507000034, -17.650857290999966], [19.858158896000077, -17.770919628999934], [19.875912413000037, -17.82079174699993], [19.901277312000047, -17.839453425999977], [19.900183259000073, -17.876889156999937], [19.81127145100004, -17.868711979999944], [19.75220289300006, -17.910613221999938], [19.726841652000076, -17.877097593999963], [19.706626192000044, -17.88420899299996], [19.670052561000034, -17.84828732699998], [19.541702462000046, -17.874224426999945], [19.512415696000062, -17.860783055999946], [19.408546518000037, -17.86726706299993], [19.371485389000043, -17.846342688999982], [19.326963017000026, -17.854399606999948], [19.331344759000046, -17.833710018999966], [19.246205735000046, -17.81315160799994], [19.229931989000022, -17.827608517999977], [19.175313061000054, -17.805875055999934], [19.168904979000047, -17.817395749999946], [19.135107468000058, -17.80811502699993], [19.11492159100004, -17.83601205399998], [18.89672584500005, -17.816829036999934], [18.861478012000077, -17.80337789899994], [18.837704036000048, -17.77256302199993], [18.788152466000042, -17.765020128999936], [18.77474081300005, -17.735712858999932], [18.743110611000077, -17.737035850999973], [18.738052779000043, -17.719483580999963], [18.620706495000036, -17.632265914999948], [18.61799458300004, -17.600185007999983], [18.56304930600004, -17.581240709999975], [18.53621567400006, -17.522461860999954], [18.479529574000026, -17.48372699999993], [18.474941584000078, -17.449685298999952], [18.419831921000025, -17.389491305999968], [17.27078042000005, -17.390150224999957], [17.274100059000034, -17.242446797999946], [17.223893169000064, -16.981533170999967], [17.229660550000062, -16.826202301999956], [17.212053936000075, -16.778946866999945], [17.305546881000055, -16.65548579299997], [17.323866794000025, -16.55390007099993], [17.385865785000078, -16.41070007299993], [17.402956393000068, -16.24381378299995], [17.37662960700004, -16.14076711799993], [17.378435317000026, -16.09379654399993], [17.398578030000067, -16.062898580999956], [17.37606201600005, -16.023159755999927], [17.365334851000057, -15.942838458999972], [17.282048115000066, -15.861303390999979], [17.238729087000024, -15.743701384999952], [17.166119512000023, -15.646395946999974], [17.139456237000047, -15.562680082999975], [17.069199302000072, -15.57092317799993], [16.995525111000063, -15.428999811999972], [16.981716463000055, -15.444961718999934], [16.964865615000065, -15.438409117999981], [16.968879826000034, -15.41816632299998], [16.91925873100007, -15.391007350999928], [16.935790947000044, -15.380486727999937], [16.911223749000044, -15.343292262999967], [16.877129893000074, -15.343916579999927], [16.86401255000004, -15.318383474999962], [16.84426744800004, -15.320976852999934], [16.860949910000045, -15.30523829699996], [16.85919470600004, -15.28163737999995], [16.831317650000074, -15.276654279999946], [16.83891561300004, -15.264406295999947], [16.823815016000026, -15.249847428999942], [16.786466096000026, -15.244906323999942], [16.764829791000068, -15.212651223999956], [16.790791132000038, -15.195412838999971], [16.78254772300005, -15.176548013999934], [16.758672342000068, -15.176123502999928], [16.69122438900007, -15.095940135999967], [16.71676516100007, -15.071862507999981], [16.701978487000076, -15.056793249999942], [16.708393956000066, -15.041707777999932], [16.690829350000058, -15.037190275999933], [16.652082412000027, -14.97902586999993], [16.661764943000037, -14.963764770999944], [16.64983922400006, -14.95539496999993], [16.66468949800003, -14.948009387999946], [16.647232643000052, -14.941807082999958], [16.66476827100007, -14.905084409999972], [16.650965154000062, -14.823183971999981], [16.607108007000022, -14.781127726999955], [16.636152636000077, -14.732215692999944], [16.573894308000035, -14.716300261999947], [16.59562438300003, -14.69706571699993], [16.556263659000024, -14.700792455999931], [16.497470887000077, -14.647513469999978], [16.491708347000042, -14.625263464999932], [16.513196273000062, -14.485831271999928], [16.488289063000025, -14.465360611999927], [16.503185277000057, -14.436381275999963], [16.46417625600003, -14.307833167999945], [16.461747384000034, -14.251925468999957], [16.478253189000043, -14.248754149999968], [16.48668882900006, -14.188876367999967], [16.47813941000004, -14.160217831999944], [16.493477089000066, -14.150373829999978], [16.48425895400004, -14.07421772999993], [16.471239274000027, -14.065792047999935], [16.48733126600007, -14.04614735299998], [16.473484254000027, -13.989191129999938], [16.482392722000043, -13.975933822999934], [16.517088277000028, -13.99687735699996], [16.590915135000046, -13.987301617999947], [16.60616193900006, -13.998046239999951], [16.652482466000038, -13.979810784999927], [16.674292016000038, -13.986426881999932], [16.71522871600007, -13.956351008999945], [16.72810005300005, -13.958682576999934], [16.721389097000042, -13.98155236699995], [16.84722935800005, -14.015102645999946], [16.892174746000023, -14.006255197999963], [16.900621819000037, -13.967781352999964], [16.985082770000076, -14.001632326999982], [17.00439293200003, -13.994701361999944], [16.97591868300003, -14.038435853999943], [17.040334458000075, -14.077781625999933], [17.016605519000052, -14.119341833999954], [17.03350522200003, -14.16995611599998], [17.113195915000063, -14.208848020999937], [17.127851804000045, -14.236339577999956], [17.190038956000024, -14.229679228999942], [17.240839950000066, -14.30385734899994], [17.30332740800003, -14.307138813999927], [17.34601561200003, -14.238633027999981], [17.332368192000047, -14.182426935999956], [17.346280053000044, -14.138255504999961], [17.421857161000048, -14.101192467999965], [17.46682926400007, -14.019665302999954], [17.651344506000044, -13.986615506999954], [17.681072596000035, -13.952418063999971], [17.725670885000056, -13.944900047999965], [17.776661345000036, -13.903195959999948], [17.781695048000074, -13.742739463999953], [17.750315691000026, -13.712017636999974], [17.761206817000073, -13.656930485999965], [17.748280885000042, -13.637580742999944], [17.809652562000053, -13.662912903999938], [17.866265330000033, -13.653230186999963], [17.887063202000036, -13.643723688999955], [17.898964790000036, -13.57999719399993], [17.931008503000044, -13.558139721999964], [17.985058168000023, -13.594067457999927], [18.027303620000055, -13.583320534999928], [18.07456946800005, -13.613997137999945], [18.091721043000064, -13.653117841999972], [18.15908401200005, -13.687199902999964], [18.189827406000063, -13.669636715999957], [18.265607852000073, -13.719434773999978], [18.33106894900004, -13.70451348399996], [18.368215004000035, -13.715560473999972], [18.433132217000036, -13.769996822999929], [18.45904095000003, -13.774332138999966], [18.474207368000066, -13.80207926299994], [18.536767046000023, -13.780632752999963], [18.59025528600006, -13.785355667999966], [18.62303968200007, -13.852750773999958], [18.64172076500006, -13.852534447999972], [18.671977936000076, -13.896262632999935], [18.737219942000024, -13.928811167999982], [18.761824586000046, -14.01102611899995], [18.799639998000032, -14.041440876999957], [18.783415465000076, -14.086647727999946], [18.799711328000058, -14.100967701999934], [18.80647959500004, -14.162402486999952], [18.817982779000033, -14.160569004999957], [18.815690026000027, -14.229969315999938], [18.858046888000047, -14.272289919999935], [18.850642981000078, -14.299137179999946], [18.88139682800005, -14.321661185999972], [18.87716554900004, -14.34828117799998]]]}}, {"type": "Feature", "properties": {"nome": "Moxico", "codigo": "20"}, "geometry": {"type": "Polygon", "coordinates": [[[21.11719783600006, -12.84914697299996], [21.16208460200005, -12.864326142999971], [21.172297495000066, -12.888053709999951], [21.239078836000033, -12.895546388999946], [21.243765065000048, -12.942008612999928], [21.306098784000028, -13.006843386999947], [21.298032944000056, -13.027003387999969], [21.31731810900004, -13.051044469999965], [21.367793035000034, -13.088634095999964], [21.356971438000073, -13.098812819999978], [21.462066709000055, -13.139118791999977], [21.47312313900005, -13.167244366999967], [21.533757424000044, -13.178189448999944], [21.534568945000046, -13.194058433999942], [21.58427772600004, -13.225508007999963], [21.592828963000045, -13.254494056999931], [21.60191215900005, -13.242960576999963], [21.63428736800006, -13.314750182999944], [21.702220399000055, -13.295242688999963], [21.75772190500004, -13.327721507999968], [21.806843039000057, -13.313340413999981], [21.81458357200006, -13.33212554499994], [21.88893082100003, -13.338882215999945], [21.905435819000047, -13.38912960099998], [21.92997021000008, -13.402127036999957], [21.941186052000035, -13.39301325699995], [21.932735842000056, -13.41857541099995], [21.94929118300007, -13.405358325999941], [21.970039244000077, -13.436385321999978], [21.99700320100004, -13.435157365999942], [22.000143939000054, -16.194623732999958], [21.91262464600004, -16.163841762999937], [21.88850081000004, -16.07951087699996], [21.821778255000027, -16.027757347999966], [21.779406063000067, -15.937819782999952], [21.726483674000065, -15.938092507999954], [21.704310747000022, -15.922167620999971], [21.690576116000045, -15.894889465999938], [21.70622796300006, -15.888528110999971], [21.69973338500006, -15.862684464999973], [21.657375477000073, -15.844432537999978], [21.624339485000064, -15.854507525999963], [21.57898289700006, -15.816390776999981], [21.561586272000056, -15.73464146899994], [21.524165770000025, -15.712267820999955], [21.527154057000075, -15.649817090999932], [21.495814345000042, -15.634849049999957], [21.464537777000032, -15.58055823899997], [21.421706398000026, -15.579442266999934], [21.399434892000045, -15.548693411999977], [21.41999560100004, -15.482049550999932], [21.386324927000032, -15.424716658999955], [21.369299355000066, -15.409683190999942], [21.343157990000066, -15.428176358999963], [21.330973675000052, -15.397580496999979], [21.27171241800005, -15.374315703999969], [21.249506990000043, -15.353332656999953], [21.256606904000023, -15.32959515899995], [21.23546704300003, -15.30689882799993], [21.247475118000068, -15.280378630999962], [21.228947023000046, -15.257667478999963], [21.20716791700005, -15.243204662999972], [21.150770712000053, -15.250899168999979], [21.145529897000074, -15.19474368699997], [21.104745844000036, -15.215705861999936], [21.062512637000054, -15.149934576999954], [21.04155275200003, -15.144270665999954], [21.037608474000024, -15.116073703999973], [21.011899404000076, -15.108856659999958], [21.004260655000053, -15.080241616999956], [20.998482077000062, -15.08873803299997], [20.97833432500005, -15.05740512799997], [20.939869604000023, -15.047883684999931], [20.937943330000053, -15.021425161999957], [20.892596266000055, -15.033947085999955], [20.83934301000005, -14.989387553999961], [20.826720344000023, -15.009536114999946], [20.767923690000032, -15.014173519999929], [20.690969754000037, -14.989959810999949], [20.66634050400006, -14.951997872999982], [20.621596043000068, -14.971182493999947], [20.571250876000022, -14.96234005599996], [20.52559701800004, -14.983868131999941], [20.49773874500005, -14.95986794299995], [20.450619921000055, -14.986727505999966], [20.428637730000048, -14.973155925999947], [20.396514472000035, -14.985121160999938], [20.373973340000077, -14.959304858999928], [20.344028644000048, -14.956415900999957], [20.226621821000037, -14.978344707999952], [20.216433521000056, -14.956219357999942], [20.203137527000024, -14.962458210999955], [20.12936878100004, -14.918938152999942], [20.122657651000054, -14.899429204999933], [20.081975257000067, -14.88897658999997], [20.068441008000036, -14.862383116999979], [20.017616763000035, -14.849710240999968], [20.016548530000023, -14.820789184999967], [19.953521167000076, -14.774972698999932], [19.920469755000056, -14.76832643199998], [19.917686279000065, -14.746998487999974], [19.806091175000063, -14.655955452999933], [19.793499197000074, -14.624484750999954], [19.74888452400006, -14.60872201199993], [19.747518408000076, -14.588390455999956], [19.70602440300007, -14.559586971999977], [19.674841618000073, -14.490248891999954], [19.645866419000072, -14.475374125999963], [19.634697491000054, -14.41356226299996], [19.50845498800004, -14.23878403499998], [19.40985867300003, -14.265965341999959], [19.31196684400004, -14.229985964999969], [19.276560035000045, -14.201501444999963], [19.194537592000074, -14.22242591099996], [19.192341777000024, -14.29767125199993], [19.243104647000052, -14.41809324999997], [19.023887568000077, -14.31722851099994], [18.932741630000066, -14.400906010999961], [18.87716554900004, -14.34828117799998], [18.88139682800005, -14.321661185999972], [18.850642981000078, -14.299137179999946], [18.858046888000047, -14.272289919999935], [18.815690026000027, -14.229969315999938], [18.817982779000033, -14.160569004999957], [18.80647959500004, -14.162402486999952], [18.799711328000058, -14.100967701999934], [18.783415465000076, -14.086647727999946], [18.799639998000032, -14.041440876999957], [18.761824586000046, -14.01102611899995], [18.737219942000024, -13.928811167999982], [18.671977936000076, -13.896262632999935], [18.64172076500006, -13.852534447999972], [18.62303968200007, -13.852750773999958], [18.59025528600006, -13.785355667999966], [18.536767046000023, -13.780632752999963], [18.47585590400007, -13.802499257999955], [18.45904095000003, -13.774332138999966], [18.433132217000036, -13.769996822999929], [18.36698033700003, -13.715057485999978], [18.33106894900004, -13.70451348399996], [18.265607852000073, -13.719434773999978], [18.189827406000063, -13.669636715999957], [18.15908401200005, -13.687199902999964], [18.091721043000064, -13.653117841999972], [18.07456946800005, -13.613997137999945], [18.027303620000055, -13.583320534999928], [17.981954373000065, -13.593151778999982], [17.893222992000062, -13.531182576999981], [17.89757516800006, -13.493752603999951], [17.927479751000078, -13.457767178999973], [17.918469666000078, -13.422557266999945], [17.892799026000034, -13.404871463999939], [17.91306043000003, -13.366801271999975], [17.96408580900004, -13.311084551999954], [18.001901694000026, -13.31052355199995], [18.060333495000066, -13.271718764999946], [17.980737506000025, -13.155925612999965], [18.025069235000046, -13.10878192399997], [18.020559822000052, -13.02983932199993], [18.082407163000028, -13.030803609999964], [18.116890210000065, -12.988769502999958], [18.117657589000032, -12.959645930999955], [18.166852059000064, -12.941821932999972], [18.14556888100003, -12.870937639999966], [18.111563588000024, -12.837630736999927], [18.11755660500006, -12.804846269999928], [18.181431933000056, -12.80620515499993], [18.17162432400005, -12.797543710999946], [18.212160976000064, -12.78326644699996], [18.224174730000072, -12.760419290999948], [18.280776755000034, -12.746551308999926], [18.263709985000048, -12.71812807899994], [18.28034595400004, -12.701121316999945], [18.268815647000054, -12.639997912999945], [18.28909447500007, -12.63236070499994], [18.301214944000037, -12.584600621999982], [18.340023193000036, -12.566809900999942], [18.34669737300004, -12.54132926099993], [18.385615641000072, -12.53812694499993], [18.383622415000048, -12.489515495999967], [18.404491715000063, -12.455018089999953], [18.46924441400006, -12.418480373999955], [18.48775869700006, -12.328867870999943], [18.521749098000043, -12.338687037999932], [18.58351996400006, -12.306301833999953], [18.588742895000053, -12.286559907999958], [18.62280646000005, -12.294842979999942], [18.711724779000065, -12.251260994999939], [18.714128721000066, -12.224265579999951], [18.67496913100007, -12.19785172099995], [18.809873130000028, -12.096353275999945], [18.844198807000055, -12.028646726999966], [18.82746422100007, -11.975775694999982], [18.793991420000054, -11.953425667999966], [18.845004682000024, -11.887366462999978], [18.874718245000054, -11.874508142999957], [18.84479258700003, -11.825030907999974], [18.863123551000058, -11.801738779999937], [18.91929598400003, -11.809441252999932], [18.942577174000064, -11.772247812999979], [18.89091476300007, -11.696674480999945], [18.922455666000076, -11.686506874999964], [18.95150925100006, -11.70231414899996], [18.968713258000037, -11.67299400099995], [19.006355905000078, -11.667009324999981], [19.04507735100003, -11.499959687999933], [19.102175226000043, -11.473178100999974], [19.115108992000046, -11.45026097799996], [19.19715550500007, -11.455398050999975], [19.256201297000075, -11.436265061999961], [19.274006127000064, -11.402108043999931], [19.38607604300006, -11.420140775999926], [19.430361567000034, -11.383567036999978], [19.456872843000042, -11.384471559999952], [19.523447231000034, -11.315969805999941], [19.564882081000064, -11.246668600999953], [19.637243151000064, -11.247623905999944], [19.70704157800003, -11.30329788399996], [19.78059488400004, -11.283417929999928], [19.78018092600007, -11.258768024999938], [19.809088407000047, -11.243806106999955], [19.83641932000006, -11.25893810499997], [19.851163443000075, -11.249881972999958], [19.881149203000064, -11.298007849999976], [19.91690244600005, -11.287707833999946], [19.92499347000006, -11.255788005999932], [19.959465115000057, -11.265889554999944], [19.98335894300004, -11.239452123999968], [20.02592053500007, -11.248257660999968], [20.05775339400003, -11.274635709999927], [20.08714952300005, -11.270378260999962], [20.16099947500004, -11.186059679999971], [20.227367749000052, -11.240917710999952], [20.266101040000024, -11.229539057999943], [20.339213517000076, -11.279626323999935], [20.38617084400005, -11.259604453999941], [20.417125398000053, -11.284120230999974], [20.446782515000052, -11.285748799999965], [20.50142579900006, -11.347776823999936], [20.535089679000066, -11.34467678599998], [20.567764458000056, -11.393535973999974], [20.52173598400003, -11.449562753999942], [20.559397731000047, -11.45934630499994], [20.586785989000077, -11.494963346999953], [20.630490095000027, -11.48961447499994], [20.69466675900003, -11.551358239999956], [20.756786301000034, -11.564442115999952], [20.798042191000036, -11.635353069999951], [20.78840245600003, -11.648031556999968], [20.849108491000038, -11.665787258999956], [20.83620979600005, -11.707565208999938], [20.864029482000035, -11.755572284999971], [20.861189953000064, -11.862863894999975], [20.901425894000056, -11.933908587999952], [20.89063186100003, -11.979365406999932], [20.877003088000038, -11.984178980999957], [20.885997582000073, -12.023782710999967], [20.92692847400008, -12.042116065999949], [20.948209621000046, -12.087378435999938], [20.947974677000047, -12.129092605999972], [20.982071697000038, -12.164973139999972], [20.974691129000064, -12.17839074799997], [21.004232123000065, -12.190348880999977], [20.95149305500007, -12.271617374999948], [20.895178221000037, -12.429122012999926], [20.90416089400003, -12.496442569999942], [20.883073788000047, -12.542784593999954], [20.932621107000045, -12.664129812999931], [20.816751321000027, -12.686353013999963], [20.84033968600005, -12.753652932999955], [20.883550298000046, -12.750942398999939], [20.924076428000035, -12.769345844999975], [20.946590326000035, -12.756027636999931], [20.974071971000058, -12.762239162999947], [21.032992076000028, -12.789036065999937], [21.035598019000076, -12.809807811999974], [21.077289886000074, -12.834793610999952], [21.116519840000024, -12.836046272999965], [21.11719783600006, -12.84914697299996]]]}}, {"type": "Feature", "properties": {"nome": "Cuanza-Sul", "codigo": "16"}, "geometry": {"type": "Polygon", "coordinates": [[[15.00253699500007, -12.209467218999976], [14.931222374000072, -12.22752216899994], [14.964050703000055, -12.173932850999961], [14.956858687000022, -12.15016708099995], [14.900013364000074, -12.133130139999935], [14.885807981000028, -12.103601028999947], [14.791407625000033, -12.087410224999928], [14.728332873000056, -12.130554611999969], [14.663049267000076, -12.107045377999953], [14.662501991000056, -12.067568929999936], [14.608073010000055, -11.958593185999973], [14.509975566000037, -11.837797319999936], [14.492470728000058, -11.857155390999935], [14.456413566000037, -11.848511998999982], [14.377239380000049, -11.907199025999944], [14.34047670800004, -11.991646095999954], [14.223419123000042, -12.036415654999928], [14.199648308000064, -11.988481412999931], [14.114237555000045, -11.992551084999945], [14.14610448700006, -11.935509455999977], [14.062459254000032, -11.92833260499998], [14.060650864000024, -11.880344824999952], [14.074665032000041, -11.881932137999968], [14.08715002200006, -11.838391373999968], [14.055970281000043, -11.808335604999968], [13.951183760000049, -11.82103675999997], [13.885457099000064, -11.788828771999931], [13.871448022000038, -11.76705670399997], [13.84720726300003, -11.767740798999967], [13.840128367000034, -11.783593957999926], [13.797751542000071, -11.775774831999968], [13.786015520000035, -11.61545298599998], [13.770152220000057, -11.579834969999979], [13.786658559000045, -11.553190374999929], [13.77953007800005, -11.52559441699998], [13.80547290000004, -11.396518459999982], [13.795310162000021, -11.344111820999956], [13.827578392000078, -11.308311040999968], [13.864089696000065, -11.009091087999934], [13.832030557000053, -10.912542899999949], [13.719693445000075, -10.75710115399994], [13.772914620000051, -10.713199931999952], [13.780733539000039, -10.682475417999967], [13.640828601000067, -10.503058034999981], [13.53107036800003, -10.389916321999976], [13.548681687000055, -10.361732221999944], [13.527360566000027, -10.275876235999931], [13.49522152000003, -10.23846029699996], [13.506399643000066, -10.206801498999937], [13.559989321000046, -10.211332857999935], [13.569388923000076, -10.251166182999953], [13.578708136000046, -10.239707050999925], [13.603927946000056, -10.246192870999948], [13.624466373000075, -10.28304589299995], [13.643656616000044, -10.277370230999963], [13.69161886300003, -10.359283855999934], [13.721436683000036, -10.339052085999981], [13.746400038000047, -10.342394838999951], [13.767990289000068, -10.366367852999929], [13.82214405700006, -10.362363179999932], [13.83017542600004, -10.382281216999957], [13.914947535000067, -10.344830643999956], [13.920535603000076, -10.368556195999929], [13.956533898000032, -10.363230903999977], [14.004312131000063, -10.407942329999969], [14.040023087000066, -10.399736101999963], [14.090883975000054, -10.309511310999937], [14.132378900000049, -10.309645401999944], [14.162192765000043, -10.281914806999964], [14.204939231000026, -10.276387617999944], [14.211826206000069, -10.293612873999962], [14.227169808000042, -10.270740813999964], [14.26047581000006, -10.270735483999943], [14.326355041000056, -10.330646294999951], [14.338824656000043, -10.31624937099997], [14.382283406000056, -10.32011861999996], [14.406895362000057, -10.341574185999946], [14.436140712000054, -10.415571382999929], [14.505933183000025, -10.422767346999933], [14.511648775000026, -10.452589837999938], [14.570283785000072, -10.32457285199996], [14.563256872000068, -10.295161271999973], [14.529588286000035, -10.287590626999929], [14.494868265000036, -10.230104789999928], [14.535348609000039, -10.233632102999934], [14.525435445000028, -10.194983235999928], [14.558298639000043, -10.166082090999964], [14.539293068000063, -10.139617441999974], [14.547969895000051, -10.129550221999978], [14.486624069000072, -10.058879076999972], [14.535906345000058, -9.992175196999938], [14.525297698000031, -9.973508656999968], [14.546342479000032, -9.93742167299996], [14.515143004000038, -9.853722141999981], [14.541440028000068, -9.822784884999976], [14.523400895000066, -9.803396999999961], [14.578549687000077, -9.761756937999962], [14.613259410000069, -9.78052684499994], [14.706278316000066, -9.757611450999946], [14.777446429000065, -9.766625032999968], [14.824724810000077, -9.728165284999932], [14.947594700000025, -9.727200079999932], [14.960108991000027, -9.709612853999943], [14.946822195000038, -9.66961258699996], [15.035761303000072, -9.698168520999957], [15.071660477000023, -9.726675635999982], [15.099684323000076, -9.719573389999937], [15.112105512000028, -9.741326902999958], [15.15777715400003, -9.771815711999977], [15.186350943000036, -9.771007808999968], [15.204707219000056, -9.795887284999935], [15.265722398000037, -9.790115335999928], [15.299260262000075, -9.819728363999957], [15.322350337000046, -9.80252661399993], [15.338339948000055, -9.821633607999956], [15.448132820000069, -9.791386813999964], [15.500519649000069, -9.802303089999953], [15.524624499000026, -9.784155021999936], [15.581116832000077, -9.800907743999971], [15.598800033000032, -9.77512803999997], [15.660224950000043, -9.79681340999997], [15.772558567000033, -9.781458111999939], [15.796291246000067, -9.751583456999981], [15.798432080000055, -9.720312601999979], [15.819837848000077, -9.714449488999946], [15.928645439000036, -9.74713395799995], [15.960557210000047, -9.71305462099997], [15.979077622000034, -9.736135657999966], [16.015095276000068, -9.712217452999937], [16.042462621000027, -9.74256952899998], [16.061177206000025, -9.727807885999937], [16.124015653000072, -9.752492057999973], [16.171839141000078, -9.744682754999928], [16.224779952000063, -9.789292627999941], [16.239950859000032, -9.867484395999952], [16.317169982000053, -9.893937925999978], [16.303456673000028, -9.959875546999967], [16.362926827000024, -10.00913483499994], [16.383008532000076, -10.14572726199998], [16.331026076000057, -10.193137805999982], [16.34459227800005, -10.270989185999952], [16.397546716000022, -10.287911711999982], [16.445087323000052, -10.34683726399993], [16.433745809000072, -10.404736231999948], [16.446561936000023, -10.427529909999976], [16.498120862000064, -10.445090562999951], [16.581786730000033, -10.530516191999936], [16.605151310000053, -10.572110583999972], [16.578616227000055, -10.597428882999964], [16.601533174000053, -10.627776840999957], [16.56642783500007, -10.64705108399994], [16.56821089400006, -10.675646625999946], [16.489017279000052, -10.721164028999965], [16.470474239000055, -10.759434983999938], [16.424006407000036, -10.77531556699995], [16.39676900300003, -10.819585423999968], [16.277569974000073, -10.870211883999957], [16.274566743000037, -10.906160739999962], [16.200762927000028, -11.04951525499996], [16.166793978000044, -11.038393208999935], [16.16432517000004, -11.019544887999928], [16.091195063000043, -11.006182096999964], [16.07931865300003, -10.984450727999956], [16.040980389000026, -10.969286090999958], [16.015262660000076, -10.974058154999966], [16.001101266000035, -11.006983542999933], [15.958259578000025, -11.028926636999927], [15.929418485000042, -10.96883472899998], [15.914272779000044, -10.96833498999996], [15.881568590000029, -11.015912997999976], [15.898615478000067, -11.051487847999965], [15.87874484100007, -11.113147209999966], [15.80606109200005, -11.194846121999944], [15.795400378000068, -11.24001005699995], [15.762086120000049, -11.274194586999954], [15.722301488000028, -11.27592631999994], [15.759351504000051, -11.300865104999957], [15.776058203000048, -11.341590207999957], [15.699391699000046, -11.470036290999928], [15.53945384800005, -11.516273976999969], [15.508706453000059, -11.505628267999953], [15.443199891000063, -11.543033395999942], [15.387139790000049, -11.55245606099993], [15.372315748000062, -11.574608842999965], [15.316047543000025, -11.587339553999982], [15.32923802700003, -11.632102737999958], [15.318996619000075, -11.654749760999948], [15.36256568500005, -11.67083479799993], [15.374531364000063, -11.70532275599993], [15.388566753000077, -11.707002907999936], [15.375757219000036, -11.71415034599994], [15.376933167000061, -11.757196423999972], [15.410832478000032, -11.770338290999973], [15.384326560000034, -11.833380311999974], [15.364980801000058, -11.843383495999944], [15.384044513000049, -11.876639809999972], [15.366741483000055, -11.942846060999955], [15.316534421000028, -11.939437631999965], [15.273704004000024, -11.973100239999951], [15.279146051000055, -11.995083889999933], [15.243436857000063, -12.015598835999981], [15.228161526000065, -12.002619275999962], [15.156092182000066, -12.037506790999942], [15.099449355000047, -12.026430474999927], [15.036139040000023, -12.106937019999975], [15.00253699500007, -12.209467218999976]]]}}, {"type": "Feature", "properties": {"nome": "Cuanza-Norte", "codigo": "15"}, "geometry": {"type": "Polygon", "coordinates": [[[14.97880285900004, -8.638511483999935], [14.949559677000025, -8.423047812999926], [14.845997080000075, -8.385123348999969], [14.86911438900006, -8.317233937999958], [14.916779356000063, -8.280815466999968], [14.93510341800004, -8.294573819999925], [14.955295335000073, -8.284461108999949], [14.98933426700006, -8.320698913999934], [15.051337262000061, -8.287720795999974], [15.094750055000077, -8.29478746999996], [15.104872324000041, -8.312519761999965], [15.114210014000037, -8.254503429999943], [15.14881938800005, -8.253074775999949], [15.159932489000028, -8.224108899999976], [15.187787326000034, -8.218504356999972], [15.188620899000057, -8.191000031999977], [15.204662167000038, -8.192437516999973], [15.183873603000052, -8.128201671999932], [15.212284048000072, -8.124759376999975], [15.20411905700007, -8.03225071299994], [15.242653477000033, -7.983359524999969], [15.294012461000023, -7.959707296999966], [15.343923902000029, -7.965674748999959], [15.363222946000064, -8.031835844999932], [15.393925512000067, -8.020581135999976], [15.424956719000022, -8.073381898999969], [15.446711382000046, -8.081751819999965], [15.470204506000073, -8.066742377999958], [15.615347831000065, -8.048538917999963], [15.634313839000072, -8.035887190999972], [15.63166921900006, -8.016421069999978], [15.654899940000064, -8.010416989999953], [15.69754923000005, -8.018732651999926], [15.734291445000053, -8.061239686999954], [15.758284599000035, -8.065766844999928], [15.765289538000047, -8.077132131999974], [15.740295574000072, -8.080705831999978], [15.731217566000055, -8.096907751999936], [15.746776153000042, -8.107987094999942], [15.730240540000068, -8.118518220999931], [15.772282222000058, -8.11905117599997], [15.793784002000052, -8.153081895999946], [15.783461707000072, -8.280142202999969], [15.805301128000053, -8.302569905999974], [15.792160552000041, -8.350405799999976], [15.814973431000055, -8.357300502999976], [15.799602422000078, -8.381046025999979], [15.82892445400006, -8.407711899999981], [15.785407261000046, -8.44536798799993], [15.649407702000076, -8.486273882999967], [15.656008740000061, -8.526807707999978], [15.615205188000061, -8.602533983999933], [15.590366581000069, -8.620360321999954], [15.654304757000034, -8.685155062999968], [15.691522999000028, -8.698537150999925], [15.717659552000043, -8.687515254999937], [15.708458992000033, -8.759771057999956], [15.682427524000047, -8.761913486999958], [15.662553433000028, -8.811795253999946], [15.715537690000076, -8.835671134999927], [15.673509765000063, -8.899981238999942], [15.679035352000028, -8.955569607999962], [15.663472643000034, -8.996431843999972], [15.62240070200005, -9.041057525999975], [15.646356164000053, -9.10533824099997], [15.620936275000076, -9.14443806099996], [15.625476419000051, -9.160866449999958], [15.609854430000041, -9.175114246999954], [15.524724110000022, -9.18565775999997], [15.478897449000044, -9.169130611999947], [15.442207162000045, -9.192384244999971], [15.441809136000074, -9.236015924999947], [15.468682458000046, -9.294608297999957], [15.436635448000061, -9.338211522999927], [15.41728131900004, -9.33329084199994], [15.388464482000074, -9.358862871999975], [15.142405471000075, -9.370092603999979], [15.103011111000058, -9.390422100999956], [15.10545657800003, -9.406822379999937], [15.15694271700005, -9.430091351999977], [15.183371831000045, -9.462031250999928], [15.168409785000051, -9.49978939999994], [15.146328951000044, -9.49986980999995], [15.125099411000065, -9.550593808999963], [15.084673898000062, -9.56978010599994], [15.144391361000032, -9.614796179999928], [15.170016580000038, -9.674215371999935], [15.142113840000036, -9.694754628999931], [15.161845836000055, -9.73230600599993], [15.071660488000077, -9.72667563899995], [15.03576131400007, -9.698168524999971], [14.946822206000036, -9.669612590999975], [14.960109002000024, -9.709612856999968], [14.947594711000022, -9.727200082999957], [14.824724821000075, -9.728165287999957], [14.777446441000052, -9.766625035999937], [14.706278327000064, -9.75761145399997], [14.613259421000066, -9.780526848999955], [14.581503842000075, -9.760758995999936], [14.533904764000056, -9.78866882799997], [14.51830472000006, -9.760814067999945], [14.477670726000042, -9.751175671999931], [14.453077766000035, -9.69998284999997], [14.382825529000058, -9.67939923299997], [14.306871380000075, -9.699304952999967], [14.256501772000036, -9.639077770999961], [14.176478688000032, -9.64052921299998], [14.144589878000033, -9.603083441999956], [14.138502269000071, -9.555636412999945], [14.103790275000051, -9.520804621999957], [14.12358303700006, -9.506470380999929], [14.099774366000076, -9.394092486999966], [14.174009114000057, -9.331295890999968], [14.126050815000042, -9.256145034999975], [14.16059986700003, -9.233741965999968], [14.074610754000048, -9.198592820999977], [14.061445775000038, -9.15324185399993], [13.998494920000041, -9.131773467999949], [13.998734502000048, -9.114880336999931], [14.049268846000075, -9.113522865999926], [14.07813787200007, -9.092279489999953], [14.106069049000041, -9.040309548999971], [14.040631464000057, -9.014224763999948], [14.036446739000041, -8.962677310999936], [14.084453924000059, -8.921302555999944], [14.115740034000055, -8.934574529999963], [14.175247027000069, -8.895101471999965], [14.217332568000074, -8.895694167999977], [14.24765160000004, -8.86359861099993], [14.287502378000056, -8.84969157699993], [14.343248047000031, -8.867106672999967], [14.359780798000031, -8.918586786999981], [14.37546252900006, -8.906703935999928], [14.416753670000048, -8.926572695999937], [14.469497776000026, -8.920031234999954], [14.511518644000034, -8.87775090699995], [14.55133169100003, -8.894026789999941], [14.576652894000063, -8.86666962199996], [14.618012652000061, -8.882756205999954], [14.667537509000056, -8.85706347699994], [14.721319379000022, -8.863276643999939], [14.744570752000072, -8.841026830999965], [14.778161011000066, -8.853658461999942], [14.806736379000029, -8.834440187999974], [14.87750980800007, -8.84108398199993], [14.906553036000048, -8.807943084999977], [14.90760130600006, -8.773473347999925], [14.97880285900004, -8.638511483999935]]]}}, {"type": "Feature", "properties": {"nome": "Cabinda", "codigo": "10"}, "geometry": {"type": "Polygon", "coordinates": [[[12.720745098000066, -4.949510473999965], [12.668786445000023, -4.960043217999953], [12.626384623000035, -4.94916449599998], [12.60498416300004, -5.024489636999931], [12.582572275000075, -5.023139438999976], [12.528900663000059, -5.0588568239999745], [12.502090986000042, -5.047706007999977], [12.462307353000028, -5.080580384999962], [12.46912584100005, -5.121125025999959], [12.531149450000044, -5.144211459999951], [12.528690536000056, -5.742451434999964], [12.278678005000074, -5.740519344999939], [12.217476558000044, -5.752986044999943], [12.202656387000047, -5.771900418999962], [12.154110188000061, -5.689740922999931], [12.145213495000064, -5.639196612999967], [12.182356035000055, -5.548539148999964], [12.210329799000021, -5.556397337999954], [12.229726398000025, -5.542579331999946], [12.227108577000024, -5.485601363999933], [12.165850593000073, -5.329140503999952], [12.177768913000023, -5.324372788999938], [12.173167828000032, -5.303928435999978], [12.132560128000023, -5.241696311999931], [12.140672110000025, -5.217449672999976], [12.00984192900006, -5.029375536999964], [12.171458922000056, -4.892771034999953], [12.209268357000042, -4.757297352999956], [12.253813463000029, -4.806063351999967], [12.314168078000023, -4.8034270759999345], [12.34822368600004, -4.7858296219999374], [12.338717788000054, -4.758202399999959], [12.388496228000065, -4.696723720999955], [12.387804706000054, -4.661104400999932], [12.459320226000045, -4.5963835749999475], [12.624970653000048, -4.516564309999978], [12.624630943000057, -4.496346874999972], [12.731378770000049, -4.473123209999926], [12.749623879000069, -4.487049845999934], [12.720767609000063, -4.391310875999977], [12.749803299000064, -4.375197765999928], [12.76207763900004, -4.345972692999965], [12.845637507000049, -4.42947363299993], [12.900095974000067, -4.402270847999944], [12.902185233000068, -4.461945078999975], [12.976910736000036, -4.521537946999956], [13.030160833000025, -4.593262939999931], [13.096801047000042, -4.637055735999979], [13.110644103000027, -4.676545781999948], [13.096870200000069, -4.691586230999974], [13.051216790000069, -4.674815517999946], [13.029956663000064, -4.7152321739999365], [12.982778904000043, -4.704940785999952], [12.943353959000035, -4.721100608999961], [12.922945939000044, -4.7485837659999675], [12.882306973000027, -4.741808067999955], [12.869066630000077, -4.76488883899998], [12.85366758400005, -4.750191905999941], [12.808910594000054, -4.825439217999929], [12.81299252100007, -4.8475102139999535], [12.796381826000072, -4.849548137999932], [12.786175313000058, -4.87496604599994], [12.760790134000047, -4.868923013999961], [12.728315534000046, -4.910396842999944], [12.720745098000066, -4.949510473999965]], [[12.219269027000053, -5.448046394999949], [12.219237718000045, -5.448048617999973], [12.219308382000065, -5.4480440449999605], [12.219269027000053, -5.448046394999949]]]}}, {"type": "Feature", "properties": {"nome": "Bengo", "codigo": "13"}, "geometry": {"type": "Polygon", "coordinates": [[[14.95043916700007, -8.42460106699997], [14.955599220000067, -8.538321003999954], [14.976585768000064, -8.569094978999942], [14.97880285900004, -8.638511483999935], [14.90760130600006, -8.773473347999925], [14.906553036000048, -8.807943084999977], [14.86948188100007, -8.84445229499994], [14.845753527000056, -8.83161486399996], [14.832729010000037, -8.844414635999954], [14.806736379000029, -8.834440187999974], [14.790567934000023, -8.852629308999951], [14.744570752000072, -8.841026830999965], [14.721319379000022, -8.863276643999939], [14.667537509000056, -8.85706347699994], [14.618012652000061, -8.882756205999954], [14.576652894000063, -8.86666962199996], [14.55133169100003, -8.894026789999941], [14.511518644000034, -8.87775090699995], [14.469497776000026, -8.920031234999954], [14.416753670000048, -8.926572695999937], [14.37546252900006, -8.906703935999928], [14.359780798000031, -8.918586786999981], [14.343248047000031, -8.867106672999967], [14.287502378000056, -8.84969157699993], [14.24765160000004, -8.86359861099993], [14.217332568000074, -8.895694167999977], [14.175247027000069, -8.895101471999965], [14.115740034000055, -8.934574529999963], [14.084453924000059, -8.921302555999944], [14.03651440300007, -8.962591583999938], [13.97744483300005, -8.973552685999948], [13.91499010800004, -8.956602501999953], [13.871171053000069, -8.968556089999936], [13.839165171000047, -8.952768908999928], [13.78040395000005, -8.971145347999936], [13.784416847000045, -8.943089627999939], [13.779640462000032, -8.962792314999945], [13.745956805000048, -8.976213455999925], [13.687271105000036, -8.928584978999936], [13.673047239000027, -8.93373448899996], [13.66259159200007, -8.89552299099995], [13.607343960000037, -8.871487195999975], [13.62404099500003, -8.852937026999939], [13.60862594100007, -8.827369935999968], [13.553374205000068, -8.845581166999978], [13.547058871000047, -8.826815083999975], [13.503956903000073, -8.810106591999954], [13.505694342000027, -8.778638814999965], [13.475826222000023, -8.769363397999939], [13.461450313000057, -8.744987221999963], [13.430776240000057, -8.76215112999995], [13.42349817400003, -8.745309344999953], [13.393372787000033, -8.74823915199994], [13.413839845000041, -8.650551642999972], [13.37200970400005, -8.583643121999955], [13.346276798000076, -8.469965129999935], [13.38545835800005, -8.464042946999939], [13.394354392000025, -8.39517221899996], [13.265387740000051, -8.175028846999965], [13.261370400000033, -8.13260030899994], [13.212701628000048, -8.072343759999967], [13.14774021200003, -7.914684505999958], [13.096673571000053, -7.839786254999979], [13.094015695000053, -7.809483777999958], [13.131034401000022, -7.7980238059999465], [13.170898825000052, -7.806681813999944], [13.225679347000039, -7.784229909999965], [13.258912000000066, -7.744727651999938], [13.300585064000074, -7.769422995999946], [13.316157457000031, -7.736374775999934], [13.38257436300006, -7.715080432999969], [13.417229706000057, -7.712162684999953], [13.479039883000041, -7.758369982999966], [13.527031561000058, -7.76525554899996], [13.546107946000063, -7.734459146999939], [13.593858517000058, -7.7390655919999745], [13.616479840000068, -7.717976060999945], [13.635423306000064, -7.728943035999976], [13.65594657400004, -7.697326767999925], [13.68500707000004, -7.689199741999971], [13.743314518000034, -7.69827386999998], [13.791807017000053, -7.660839555999928], [13.840847715000052, -7.675053229999946], [13.89056153000007, -7.638797261999969], [13.908627172000024, -7.658216962999973], [13.932555312000034, -7.6432541369999285], [13.960767217000068, -7.655366281999932], [13.974292861000038, -7.635015443999976], [14.018609218000051, -7.662451792999946], [14.12124829000004, -7.648678607999955], [14.161525036000057, -7.728274078999959], [14.209354051000048, -7.733847925999953], [14.236236767000037, -7.766804836999938], [14.245493298000042, -7.820499402999928], [14.277917779000063, -7.855799741999931], [14.31804088900003, -7.884120375999942], [14.355658892000065, -7.882572779999975], [14.41448407100006, -7.912632941999959], [14.424058114000047, -7.935027939999941], [14.456524073000026, -7.929854390999935], [14.46702816000004, -7.952757887999951], [14.501778353000077, -7.9609702669999365], [14.573182584000051, -7.946317378999936], [14.621636112000033, -7.9170995459999745], [14.676061239000035, -7.925588394999977], [14.689449985000067, -7.9104036209999435], [14.733795979000035, -7.938400619999925], [14.739916089000076, -7.959726871999976], [14.730762448000064, -7.982562829999949], [14.70573640400005, -7.992321714999946], [14.712148772000035, -8.021643927999946], [14.693564509000055, -8.054748855999946], [14.721510428000045, -8.116918106999947], [14.669362470000067, -8.137528457999963], [14.612409627000034, -8.24798624899995], [14.611370001000068, -8.264934704999973], [14.63325879100006, -8.263320743999941], [14.659843006000074, -8.289856380999936], [14.652310237000052, -8.30794191299998], [14.669661905000055, -8.355925938999974], [14.600288226000032, -8.412314968999965], [14.620943658000044, -8.425288214999966], [14.62635516000006, -8.408860538999932], [14.684453679000057, -8.392576678999944], [14.820594280000023, -8.432220969999946], [14.83853227700007, -8.385571196999933], [14.90565855400007, -8.39639991699994], [14.95043916700007, -8.42460106699997]]]}}, {"type": "Feature", "properties": {"nome": "Moxico-Leste", "codigo": "29"}, "geometry": {"type": "Polygon", "coordinates": [[[21.117033021000054, -12.848773950999941], [21.116519840000024, -12.836046272999965], [21.077289886000074, -12.834793610999952], [21.035598019000076, -12.809807811999974], [21.032992076000028, -12.789036065999937], [20.974071971000058, -12.762239162999947], [20.946590326000035, -12.756027636999931], [20.924076428000035, -12.769345844999975], [20.883550298000046, -12.750942398999939], [20.839231572000074, -12.752602195999941], [20.816751321000027, -12.686353013999963], [20.932621107000045, -12.664129812999931], [20.883073788000047, -12.542784593999954], [20.90416089400003, -12.496442569999942], [20.895178221000037, -12.429122012999926], [20.95149305500007, -12.271617374999948], [21.004123770000035, -12.189665557999945], [20.974691129000064, -12.17839074799997], [20.982071697000038, -12.164973139999972], [20.947974677000047, -12.129092605999972], [20.948209621000046, -12.087378435999938], [20.92692847400008, -12.042116065999949], [20.885767987000065, -12.023193183999979], [20.877003088000038, -11.984178980999957], [20.89063186100003, -11.979365406999932], [20.901425894000056, -11.933908587999952], [20.861189953000064, -11.862863894999975], [20.864029482000035, -11.755572284999971], [20.83620979600005, -11.707565208999938], [20.848984897000037, -11.66542398699994], [20.78840245600003, -11.648031556999968], [20.796280571000068, -11.630930116999934], [20.75101315300003, -11.559366570999941], [20.69466675900003, -11.551358239999956], [20.630490095000027, -11.48961447499994], [20.586785989000077, -11.494963346999953], [20.559397731000047, -11.45934630499994], [20.52173598400003, -11.449562753999942], [20.567364479000048, -11.401792238999974], [20.56110986300007, -11.37174785999997], [20.624546631000044, -11.392294741999933], [20.651459930000044, -11.425337942999931], [20.696118693000074, -11.418658494999931], [20.70889850900005, -11.446155763999968], [20.758308070000055, -11.447756123999966], [20.79681342600003, -11.482385059999956], [20.834890736000034, -11.472916558999941], [20.86600057900006, -11.491490470999963], [20.88284780300006, -11.478393428999937], [20.98614801900004, -11.50040729799997], [21.00661344400004, -11.470151531999932], [20.990145066000025, -11.433196359999954], [21.053781058000027, -11.403325967999933], [21.081908976000022, -11.41607364999993], [21.084894895000048, -11.399724874999947], [21.10402193500005, -11.403897023999946], [21.13024454600003, -11.344483840999942], [21.150002656000026, -11.345213703999946], [21.162423357000023, -11.324891304999937], [21.183538921000036, -11.333793080999953], [21.170775156000047, -11.317269917999965], [21.192691108000076, -11.299945222999952], [21.180965618000073, -11.29074673699995], [21.23507249100004, -11.292483242999936], [21.287235774000067, -11.258343228999934], [21.358416281000075, -11.250137973999927], [21.388611832000038, -11.227576432999967], [21.435289264000062, -11.23151639799994], [21.457188003000056, -11.196094823999942], [21.48943290400007, -11.196135512999945], [21.492715313000076, -11.180896752999956], [21.51029631700004, -11.188029805999975], [21.50630380100006, -11.200771914999962], [21.538797557000066, -11.19229559699994], [21.547624893000034, -11.207723810999937], [21.564939450000054, -11.190254954999943], [21.604562732000034, -11.193088541999941], [21.623449609000033, -11.172159084999976], [21.65929311000008, -11.171740983999939], [21.65309803200006, -11.140070223999942], [21.667053114000055, -11.119384492999927], [21.648341087000063, -11.104580792999968], [21.655328139000062, -11.085743732999958], [21.631843609000043, -11.082876823999982], [21.657560872000033, -11.04875229199996], [21.64957253600005, -11.022043504999942], [21.670073683000055, -11.024368787999947], [21.66145431800004, -11.005059303999928], [21.695873821000077, -10.97565446599998], [21.680713620000063, -10.927646295999978], [21.695660974000077, -10.914041718999954], [21.691227431000073, -10.894448343999954], [21.71531671200006, -10.84282101499997], [21.770757555000046, -10.81815955899998], [21.756267191000063, -10.748881941999969], [21.79820913900005, -10.634229860999938], [21.86073015000005, -10.607129576999967], [21.897940764000055, -10.622997820999956], [21.95186656900006, -10.608531982999978], [22.042487426000037, -10.619109549999962], [22.089007603000027, -10.578635628999962], [22.12772978000004, -10.578109991999952], [22.19876140300005, -10.589828932999978], [22.270420776000037, -10.624532927999951], [22.314745452000068, -10.598457331999953], [22.32090167900003, -10.633860360999961], [22.30715746800007, -10.664572092999947], [22.33457221200007, -10.734857817999966], [22.32770709600004, -10.760307831999967], [22.223558703000037, -10.80918734599993], [22.16753305000003, -10.86476440599995], [22.204469224000036, -10.929674774999967], [22.21663135400007, -11.109586586999967], [22.249258816000065, -11.134306865999974], [22.268789223000056, -11.177056672999981], [22.244660115000045, -11.26271570199998], [22.309353576000035, -11.237016791999963], [22.346553374000052, -11.181571132999977], [22.448487251000074, -11.168518796999933], [22.501675055000078, -11.11194072099994], [22.488990091000062, -11.065503000999968], [22.509455479000053, -11.038556424999967], [22.60709534600005, -11.032925209999974], [22.638003707000053, -11.073224805999928], [22.709605011000065, -11.112896826999929], [22.773912813000038, -11.117377407999982], [22.86648674500003, -11.06224784899996], [22.90774738500005, -11.086638275999974], [23.04058789800007, -11.090312043999973], [23.081857179000053, -11.113124143999926], [23.150485279000065, -11.081510239999943], [23.19625912500004, -11.107615257999953], [23.394161362000034, -10.960637324999936], [23.484753479000062, -10.938262339999937], [23.530329222000034, -10.944704668999975], [23.596897734000038, -10.985897654999974], [23.64741910600003, -10.982573099999968], [23.668957465000062, -11.002544168999975], [23.758136833000037, -10.986957162999943], [23.862754942000038, -11.034583096999938], [23.897449804000075, -10.97549996999993], [23.94134956000005, -10.953250650999962], [23.969240596000077, -10.905393453999977], [24.00099575100006, -10.88800888299994], [23.981603509000024, -10.910876276999943], [24.01935647700003, -10.941192886999943], [24.02451549700004, -10.968733923999935], [24.01070608200007, -11.015024407999931], [24.021534314000064, -11.09838930099994], [24.00189375800005, -11.11727080299994], [24.035177109000074, -11.139305042999979], [24.03134463300006, -11.274896532999946], [24.087498449000066, -11.403308792999951], [24.02427651000005, -11.445277746999977], [24.03931459100005, -11.531488852999928], [23.97537807300006, -11.652002207999942], [23.958945413000038, -11.658969289999959], [23.985126679000075, -11.698936991999972], [24.02377683700007, -11.829992355999934], [23.997643654000058, -11.858506071999955], [23.980656719000024, -12.14322584699994], [24.000016732000063, -12.208094974999938], [24.062420443000065, -12.268932081999935], [24.066403973000035, -12.311009763999948], [24.043203083000037, -12.334079329999952], [24.076692422000065, -12.359044086999972], [24.07745991300004, -12.381916178999973], [24.06492733700003, -12.423839618999978], [24.03285180900008, -12.439616283999953], [23.947895625000058, -12.536478745999943], [23.96043233100005, -12.59360285699995], [23.92361201500006, -12.668586951999941], [23.933977181000046, -12.697576030999926], [23.899506947000077, -12.758115786999952], [23.893073926000056, -12.838813018999929], [23.940135902000065, -12.89212766999998], [23.981852488000072, -12.894728977999932], [24.060544648000075, -13.000970205999977], [22.003672876000053, -12.999205595999967], [21.986892253000065, -13.442171585999972], [21.95107097600004, -13.42055746699998], [21.95117887500004, -13.406161766999958], [21.932735842000056, -13.41857541099995], [21.941186052000035, -13.39301325699995], [21.92997021000008, -13.402127036999957], [21.905435819000047, -13.38912960099998], [21.88893082100003, -13.338882215999945], [21.81458357200006, -13.33212554499994], [21.806843039000057, -13.313340413999981], [21.75772190500004, -13.327721507999968], [21.702220399000055, -13.295242688999963], [21.63428736800006, -13.314750182999944], [21.60191215900005, -13.242960576999963], [21.592828963000045, -13.254494056999931], [21.58427772600004, -13.225508007999963], [21.534568945000046, -13.194058433999942], [21.533757424000044, -13.178189448999944], [21.47312313900005, -13.167244366999967], [21.462066709000055, -13.139118791999977], [21.356971438000073, -13.098812819999978], [21.367793035000034, -13.088634095999964], [21.31731810900004, -13.051044469999965], [21.298032944000056, -13.027003387999969], [21.306098784000028, -13.006843386999947], [21.243765065000048, -12.942008612999928], [21.239078836000033, -12.895546388999946], [21.172297495000066, -12.888053709999951], [21.16208460200005, -12.864326142999971], [21.117033021000054, -12.848773950999941]]]}}, {"type": "Feature", "properties": {"nome": "Cuando", "codigo": "30"}, "geometry": {"type": "Polygon", "coordinates": [[[19.11798823500004, -16.11559130699993], [19.10603925500004, -16.09636154599997], [19.11924435700007, -16.079908660999934], [19.113864669000066, -16.04576169799998], [19.132011829000078, -16.027175902999943], [19.130362886000057, -15.980433662999928], [19.147134675000075, -15.968225159999974], [19.132168668000077, -15.923448811999947], [19.14980184700005, -15.900066760999948], [19.139808635000065, -15.877412970999956], [19.155463952000048, -15.832051544999956], [19.146607386000028, -15.816304938999963], [19.15740671100008, -15.818210204999957], [19.14783535400005, -15.770615839999948], [19.158558154000048, -15.762735616999976], [19.149574596000036, -15.703148049999982], [19.16028280200004, -15.701183980999929], [19.147383166000054, -15.68611660199997], [19.16319991100005, -15.667829457999972], [19.043406703000073, -15.599349275999941], [18.863054790000035, -15.609934615999975], [18.804904716000067, -15.489831719999927], [18.772298074000048, -15.497952811999937], [18.774644457000022, -15.424611832999972], [18.794093523000072, -15.414797713999974], [18.78621918400006, -15.395318258999964], [18.801251041000057, -15.380933832999972], [18.788488277000056, -15.370148942999947], [18.80329337200004, -15.360712166999974], [18.78337842800005, -15.353388496999969], [18.779628200000047, -15.29471209299993], [18.80322686200003, -15.272278794999977], [18.809688144000063, -15.183041909999929], [18.777389113000027, -15.131199422999941], [18.782314154000062, -15.067945201999976], [18.747964530000047, -15.007669706999934], [18.75132893400007, -14.978386434999948], [18.699692975000062, -14.841291506999937], [18.667878294000047, -14.688756251999962], [18.69829463700006, -14.678873549999935], [18.730847889000074, -14.689669252999977], [18.916199943000038, -14.631294476999926], [18.99090865200003, -14.624988121999934], [18.99512106000003, -14.580296204999968], [18.95339630500007, -14.551005453999949], [18.96551355300005, -14.488391185999944], [18.93692947200003, -14.45716579499998], [18.950132402000065, -14.408229375999952], [18.93996166900007, -14.38868859799993], [19.023887568000077, -14.31722851099994], [19.243104647000052, -14.41809324999997], [19.234386855000025, -14.377083883999944], [19.201220962000036, -14.332472645999928], [19.191684922000036, -14.223965439999972], [19.276560035000045, -14.201501444999963], [19.39289655600004, -14.264284222999947], [19.496002373000067, -14.238377957999944], [19.521167728000023, -14.247365987999956], [19.55510786800005, -14.319004048999943], [19.634697491000054, -14.41356226299996], [19.645866419000072, -14.475374125999963], [19.674841618000073, -14.490248891999954], [19.70602440300007, -14.559586971999977], [19.747518408000076, -14.588390455999956], [19.74888452400006, -14.60872201199993], [19.793499197000074, -14.624484750999954], [19.806091175000063, -14.655955452999933], [19.917686279000065, -14.746998487999974], [19.920469755000056, -14.76832643199998], [19.953521167000076, -14.774972698999932], [20.016548530000023, -14.820789184999967], [20.017616763000035, -14.849710240999968], [20.068441008000036, -14.862383116999979], [20.081975257000067, -14.88897658999997], [20.122657651000054, -14.899429204999933], [20.12936878100004, -14.918938152999942], [20.203137527000024, -14.962458210999955], [20.216433521000056, -14.956219357999942], [20.226621821000037, -14.978344707999952], [20.344028644000048, -14.956415900999957], [20.373973340000077, -14.959304858999928], [20.396514472000035, -14.985121160999938], [20.428637730000048, -14.973155925999947], [20.450619921000055, -14.986727505999966], [20.49773874500005, -14.95986794299995], [20.52559701800004, -14.983868131999941], [20.586994642000036, -14.960162382999954], [20.622017002000064, -14.971088227999928], [20.645622780000053, -14.95153688299996], [20.671535119000055, -14.954849051999929], [20.690969754000037, -14.989959810999949], [20.767923690000032, -15.014173519999929], [20.826720344000023, -15.009536114999946], [20.83934301000005, -14.989387553999961], [20.892596266000055, -15.033947085999955], [20.937943330000053, -15.021425161999957], [20.939869604000023, -15.047883684999931], [20.97833432500005, -15.05740512799997], [20.998482077000062, -15.08873803299997], [21.004260655000053, -15.080241616999956], [21.011899404000076, -15.108856659999958], [21.037608474000024, -15.116073703999973], [21.04155275200003, -15.144270665999954], [21.062512637000054, -15.149934576999954], [21.104745844000036, -15.215705861999936], [21.14836270400008, -15.196277054999939], [21.150770712000053, -15.250899168999979], [21.20716791700005, -15.243204662999972], [21.22745801900004, -15.256124830999966], [21.247475118000068, -15.280378630999962], [21.23546704300003, -15.30689882799993], [21.256606904000023, -15.32959515899995], [21.249506990000043, -15.353332656999953], [21.296722146000036, -15.391017708999982], [21.330973675000052, -15.397580496999979], [21.343157990000066, -15.428176358999963], [21.37044451400004, -15.409916735999957], [21.39438216900004, -15.453373322999937], [21.408777960000066, -15.452849257999958], [21.41999560100004, -15.482049550999932], [21.399434892000045, -15.548693411999977], [21.421706398000026, -15.579442266999934], [21.464537777000032, -15.58055823899997], [21.495814345000042, -15.634849049999957], [21.527154057000075, -15.649817090999932], [21.524165770000025, -15.712267820999955], [21.561586272000056, -15.73464146899994], [21.57898289700006, -15.816390776999981], [21.624339485000064, -15.854507525999963], [21.657375477000073, -15.844432537999978], [21.69973338500006, -15.862684464999973], [21.70622796300006, -15.888528110999971], [21.690576116000045, -15.894889465999938], [21.704310747000022, -15.922167620999971], [21.726483674000065, -15.938092507999954], [21.779406063000067, -15.937819782999952], [21.821778255000027, -16.027757347999966], [21.88850081000004, -16.07951087699996], [21.91262464600004, -16.163841762999937], [22.002053770000032, -16.195655805999934], [22.05996573500005, -16.260139980999952], [22.081233182000062, -16.260301884999933], [22.070434543000033, -16.290336474999947], [22.099823317000073, -16.308419726999944], [22.090183246000038, -16.320437884999933], [22.120385962000057, -16.34901700399996], [22.139143717000024, -16.439110608999954], [22.124815710000064, -16.44480186499993], [22.147483367000063, -16.474960585999952], [22.120986663000053, -16.48957946099995], [22.149310925000066, -16.489258482999958], [22.18537626600005, -16.545899928999972], [22.218743008000047, -16.57357501499996], [22.25390215300007, -16.57478553599998], [22.27684534100007, -16.624921255999936], [22.321018456000047, -16.640464574999953], [22.35509994000006, -16.682603549999953], [22.350618421000036, -16.698954756999967], [22.371487310000077, -16.69745551999995], [22.470615402000078, -16.80441110199996], [22.49600145900007, -16.81436855299995], [22.490888206000022, -16.834709922999934], [22.598786174000054, -16.918708118999973], [22.62129817300007, -16.958653495999954], [22.693742814000075, -17.023547863999966], [22.68545103400004, -17.03129291399995], [22.715667877000044, -17.04231076399998], [22.717271409000034, -17.057620636999957], [22.739196970000023, -17.064517455999976], [22.728595109000025, -17.07450649499998], [22.792149695000035, -17.12055950799993], [22.802532436000035, -17.165237651999973], [22.896360342000037, -17.199406649999958], [22.993582813000046, -17.28531427599995], [23.008501206000062, -17.28368945899996], [22.997141140000053, -17.29936979799993], [23.025297779000027, -17.31154663199993], [23.043612949000078, -17.346734527999956], [23.05816503500006, -17.337946385999942], [23.086695228000053, -17.412450457999967], [23.12816420100006, -17.42360722099994], [23.136352014000067, -17.465954302999933], [23.17825853200003, -17.474947708999935], [23.241336690000026, -17.54659806199993], [23.286835653000026, -17.542205217999935], [23.392920495000055, -17.57579465999993], [23.434022061000064, -17.636906847999967], [21.424227724000048, -18.02714917299994], [21.372905341000035, -18.009759368999937], [21.361565272000064, -17.984890200999928], [21.319744569000022, -17.989728583999977], [21.255288562000032, -17.963381308999942], [21.21160278900004, -17.929334105999942], [20.975159396000038, -17.958775874999958], [20.87035389600004, -17.999760442999957], [20.86529536200004, -18.029091937999965], [20.810453584000072, -18.037211611999965], [20.74653770900005, -18.019263079999973], [20.745064052000032, -18.001500026999963], [20.69498480200002, -18.00930084299995], [20.642270292000035, -17.97688794499993], [20.539873723000028, -17.982651148999935], [20.50351276300006, -17.952724425999975], [20.47325137100006, -17.95068022199996], [20.44507777000007, -17.909288166999943], [20.36881168800005, -17.897877586999982], [20.32318474500005, -17.86224109799997], [20.294593296000073, -17.877569625999968], [20.263856146000023, -17.86831783699995], [20.24644320400006, -17.89296679299997], [20.170602200000076, -17.876979780999932], [20.109574053000074, -17.910652760999938], [20.05828032900007, -17.88540921899994], [20.028002552000032, -17.905783419999977], [19.928874162000056, -17.863402250999968], [19.902045695000027, -17.867876980999938], [19.901277312000047, -17.839453425999977], [19.875912413000037, -17.82079174699993], [19.858158896000077, -17.770919628999934], [19.740163507000034, -17.650857290999966], [19.736392899000066, -17.626549200999932], [19.87054210100007, -17.476518948999967], [19.921580747000064, -17.49741615099998], [19.984622915000045, -17.47712751499995], [19.998936666000077, -17.450492598999972], [19.96655450000003, -17.41340698199997], [19.949171627000055, -17.422431883999934], [19.939669338000044, -17.40484383699993], [19.923926060000042, -17.407492632999947], [19.892300677000037, -17.354552299999966], [19.86626326100003, -17.34880958699995], [19.845798389000038, -17.321697895999932], [19.75591103000005, -17.28937319199997], [19.730148202000066, -17.258569136999938], [19.74406781500005, -17.251302645999942], [19.723508200000026, -17.21789261699996], [19.699175147000062, -17.21028107799998], [19.705880896000053, -17.199774503999947], [19.66053884100006, -17.160375836999947], [19.649062268000023, -17.168136570999934], [19.64725164400005, -17.147111106999944], [19.62013326700003, -17.143902301999958], [19.620304133000047, -17.11873900599994], [19.589088633000074, -17.114672094999946], [19.59356858700005, -17.074723107999944], [19.563683801000025, -17.07220813999993], [19.52721811200007, -17.03839833799998], [19.509799103000034, -17.047245234999934], [19.440408355000045, -16.988781822999954], [19.393888334000053, -16.97601819099998], [19.377563364000025, -16.950134530999946], [19.340942193000046, -16.94444282099994], [19.25648822900007, -16.83569291799995], [19.221659918000057, -16.81046312999996], [19.169285977000072, -16.801757803999976], [19.100712307000038, -16.715023215999963], [19.103482472000053, -16.692628449999972], [19.089510502000053, -16.691887469999926], [19.099806382000054, -16.643994695999936], [19.035876939000048, -16.60330780399994], [19.056775151000068, -16.56345650299994], [19.026416548000043, -16.553734362999933], [19.036836063000067, -16.533504578999953], [19.018987090000053, -16.482159356999944], [19.009094444000027, -16.488153841999974], [18.998876121000023, -16.47042457999993], [19.011582850000025, -16.46052797799996], [18.990761192000036, -16.437368018999962], [18.988216155000032, -16.39118004599993], [19.020926651000025, -16.353330537999966], [19.02800081600003, -16.36708869699993], [19.035999890000028, -16.346680153999955], [19.042003049000073, -16.358475229999954], [19.056769905000067, -16.349982507999982], [19.04823817500005, -16.308974921999948], [19.079844382000033, -16.284281401999976], [19.075162412000054, -16.25418721999995], [19.087172112000076, -16.248414741999966], [19.077029890000063, -16.220503495999935], [19.089567776000024, -16.18590384999993], [19.076101621000078, -16.175973385999953], [19.112853234000056, -16.146332452999957], [19.10422014100004, -16.126968698999974], [19.11798823500004, -16.11559130699993]]]}}, {"type": "Feature", "properties": {"nome": "Luanda", "codigo": "14"}, "geometry": {"type": "MultiPolygon", "coordinates": [[[[13.05928016100006, -8.978301129999977], [13.05708289000006, -8.988476809999952], [13.053973321000058, -8.983937671999968], [13.05928016100006, -8.978301129999977]]], [[[13.126312002000077, -8.903951277999965], [13.121067806000042, -8.943269735999934], [13.104649491000032, -8.94658745199996], [13.099900990000037, -8.939760573999934], [13.126312002000077, -8.903951277999965]]], [[[13.148530089000076, -8.906763466999962], [13.155535900000075, -8.904732371999955], [13.156019577000052, -8.905249423999976], [13.148530089000076, -8.906763466999962]]], [[[13.409763338000062, -8.745727273999933], [13.42467853900007, -8.753163552999979], [13.386854957000025, -8.769477695999967], [13.427182880000032, -8.841154204999953], [13.43362512400006, -8.934698885999978], [13.40606570500006, -8.971681285999978], [13.372918740000046, -8.97720357399993], [13.362427096000033, -9.041356398999937], [13.378903421000075, -9.05907911199995], [13.363919145000068, -9.11943273199995], [13.391778481000074, -9.138324187999956], [13.38966462600007, -9.177028080999946], [13.317286428000045, -9.149258310999926], [13.251151636000031, -9.18678609999995], [13.228805004000037, -9.209041557999967], [13.220479685000043, -9.266194325999948], [13.193298708000043, -9.292030200999932], [13.186751533000063, -9.327577454999926], [13.165088339000022, -9.322745998999949], [13.156001697000022, -9.34613313899996], [12.99492845800006, -9.096231577999959], [12.996629924000047, -9.032457105999981], [13.048057006000022, -8.960871699999927], [13.141176483000038, -8.86679350999998], [13.166674808000039, -8.864560662999963], [13.038577970000063, -8.982166975999974], [13.018720386000041, -9.033999447999975], [13.00292375600003, -9.036375580999959], [13.015645697000025, -9.103356185999928], [13.10464414200004, -8.958725949999973], [13.148558382000033, -8.955997779999961], [13.157866091000074, -8.908571715999926], [13.199800467000046, -8.863847196999927], [13.20248009200003, -8.832129905999977], [13.23194770400005, -8.783991670999967], [13.263453464000065, -8.760677440999928], [13.225752016000058, -8.794922491999955], [13.230062821000047, -8.810175594999976], [13.27875065400002, -8.786285869999972], [13.301573865000023, -8.756576410999969], [13.365216003000057, -8.775600545999964], [13.409763338000062, -8.745727273999933]]]]}}]}