<?xml version='1.0' encoding='utf-8'?>
<kml xmlns="http://www.opengis.net/kml/2.2">
  <Document>
    <name>Dados com ensaio - PARCIAL</name>
    <Style id="dados_com_ensaio">
      <IconStyle>
        <color>ffff0000</color>
        <scale>0.9</scale>
        <Icon>
          <href>http://maps.google.com/mapfiles/kml/shapes/placemark_circle.png</href>
        </Icon>
      </IconStyle>
    </Style>
    <Placemark>
      <styleUrl>#dados_com_ensaio</styleUrl>
      <Point>
        <coordinates>15.19315400,-9.29287800,0</coordinates>
      </Point>
    </Placemark>
    <Placemark>
      <styleUrl>#dados_com_ensaio</styleUrl>
      <Point>
        <coordinates>15.21371300,-9.32064300,0</coordinates>
      </Point>
    </Placemark>
    <Placemark>
      <styleUrl>#dados_com_ensaio</styleUrl>
      <Point>
        <coordinates>15.26224100,-9.28662000,0</coordinates>
      </Point>
    </Placemark>
    <Placemark>
      <styleUrl>#dados_com_ensaio</styleUrl>
      <Point>
        <coordinates>15.26399900,-11.09576500,0</coordinates>
      </Point>
    </Placemark>
    <Placemark>
      <styleUrl>#dados_com_ensaio</styleUrl>
      <Point>
        <coordinates>15.26194100,-9.28728100,0</coordinates>
      </Point>
    </Placemark>
    <Placemark>
      <styleUrl>#dados_com_ensaio</styleUrl>
      <Point>
        <coordinates>15.25886700,-9.29165200,0</coordinates>
      </Point>
    </Placemark>
    <Placemark>
      <styleUrl>#dados_com_ensaio</styleUrl>
      <Point>
        <coordinates>15.25679600,-9.29952200,0</coordinates>
      </Point>
    </Placemark>
    <Placemark>
      <styleUrl>#dados_com_ensaio</styleUrl>
      <Point>
        <coordinates>15.25428500,-9.30229200,0</coordinates>
      </Point>
    </Placemark>
    <Placemark>
      <styleUrl>#dados_com_ensaio</styleUrl>
      <Point>
        <coordinates>15.26318600,-9.32061000,0</coordinates>
      </Point>
    </Placemark>
    <Placemark>
      <styleUrl>#dados_com_ensaio</styleUrl>
      <Point>
        <coordinates>14.20975200,-10.91806800,0</coordinates>
      </Point>
    </Placemark>
    <Placemark>
      <styleUrl>#dados_com_ensaio</styleUrl>
      <Point>
        <coordinates>14.21246500,-10.92677500,0</coordinates>
      </Point>
    </Placemark>
    <Placemark>
      <styleUrl>#dados_com_ensaio</styleUrl>
      <Point>
        <coordinates>14.22501200,-10.93691700,0</coordinates>
      </Point>
    </Placemark>
    <Placemark>
      <styleUrl>#dados_com_ensaio</styleUrl>
      <Point>
        <coordinates>14.22715000,-10.94543200,0</coordinates>
      </Point>
    </Placemark>
    <Placemark>
      <styleUrl>#dados_com_ensaio</styleUrl>
      <Point>
        <coordinates>14.22820600,-10.95452300,0</coordinates>
      </Point>
    </Placemark>
    <Placemark>
      <styleUrl>#dados_com_ensaio</styleUrl>
      <Point>
        <coordinates>14.23170900,-10.96252600,0</coordinates>
      </Point>
    </Placemark>
    <Placemark>
      <styleUrl>#dados_com_ensaio</styleUrl>
      <Point>
        <coordinates>13.56302400,-9.17044700,0</coordinates>
      </Point>
    </Placemark>
    <Placemark>
      <styleUrl>#dados_com_ensaio</styleUrl>
      <Point>
        <coordinates>13.56091500,-9.17425400,0</coordinates>
      </Point>
    </Placemark>
    <Placemark>
      <styleUrl>#dados_com_ensaio</styleUrl>
      <Point>
        <coordinates>13.54783800,-9.17221300,0</coordinates>
      </Point>
    </Placemark>
    <Placemark>
      <styleUrl>#dados_com_ensaio</styleUrl>
      <Point>
        <coordinates>13.55603300,-9.17323100,0</coordinates>
      </Point>
    </Placemark>
    <Placemark>
      <styleUrl>#dados_com_ensaio</styleUrl>
      <Point>
        <coordinates>13.56961100,-9.13873500,0</coordinates>
      </Point>
    </Placemark>
    <Placemark>
      <styleUrl>#dados_com_ensaio</styleUrl>
      <Point>
        <coordinates>13.56983300,-9.13774100,0</coordinates>
      </Point>
    </Placemark>
    <Placemark>
      <styleUrl>#dados_com_ensaio</styleUrl>
      <Point>
        <coordinates>13.56902400,-9.13760200,0</coordinates>
      </Point>
    </Placemark>
    <Placemark>
      <styleUrl>#dados_com_ensaio</styleUrl>
      <Point>
        <coordinates>13.56845600,-9.13854900,0</coordinates>
      </Point>
    </Placemark>
    <Placemark>
      <styleUrl>#dados_com_ensaio</styleUrl>
      <Point>
        <coordinates>17.46905500,-15.73251900,0</coordinates>
      </Point>
    </Placemark>
    <Placemark>
      <styleUrl>#dados_com_ensaio</styleUrl>
      <Point>
        <coordinates>17.48169500,-15.74500400,0</coordinates>
      </Point>
    </Placemark>
    <Placemark>
      <styleUrl>#dados_com_ensaio</styleUrl>
      <Point>
        <coordinates>17.48995500,-15.74921900,0</coordinates>
      </Point>
    </Placemark>
    <Placemark>
      <styleUrl>#dados_com_ensaio</styleUrl>
      <Point>
        <coordinates>17.49723400,-15.75487200,0</coordinates>
      </Point>
    </Placemark>
    <Placemark>
      <styleUrl>#dados_com_ensaio</styleUrl>
      <Point>
        <coordinates>17.50448600,-15.76057000,0</coordinates>
      </Point>
    </Placemark>
    <Placemark>
      <styleUrl>#dados_com_ensaio</styleUrl>
      <Point>
        <coordinates>17.51173800,-15.76625800,0</coordinates>
      </Point>
    </Placemark>
    <Placemark>
      <styleUrl>#dados_com_ensaio</styleUrl>
      <Point>
        <coordinates>17.51898200,-15.77194700,0</coordinates>
      </Point>
    </Placemark>
    <Placemark>
      <styleUrl>#dados_com_ensaio</styleUrl>
      <Point>
        <coordinates>17.52638700,-15.77783200,0</coordinates>
      </Point>
    </Placemark>
    <Placemark>
      <styleUrl>#dados_com_ensaio</styleUrl>
      <Point>
        <coordinates>17.53349800,-15.78333100,0</coordinates>
      </Point>
    </Placemark>
    <Placemark>
      <styleUrl>#dados_com_ensaio</styleUrl>
      <Point>
        <coordinates>17.54071600,-15.78908300,0</coordinates>
      </Point>
    </Placemark>
    <Placemark>
      <styleUrl>#dados_com_ensaio</styleUrl>
      <Point>
        <coordinates>17.55381200,-15.80166500,0</coordinates>
      </Point>
    </Placemark>
    <Placemark>
      <styleUrl>#dados_com_ensaio</styleUrl>
      <Point>
        <coordinates>17.57042100,-15.84319200,0</coordinates>
      </Point>
    </Placemark>
    <Placemark>
      <styleUrl>#dados_com_ensaio</styleUrl>
      <Point>
        <coordinates>17.57715700,-15.85926200,0</coordinates>
      </Point>
    </Placemark>
    <Placemark>
      <styleUrl>#dados_com_ensaio</styleUrl>
      <Point>
        <coordinates>17.58032200,-15.86665800,0</coordinates>
      </Point>
    </Placemark>
    <Placemark>
      <styleUrl>#dados_com_ensaio</styleUrl>
      <Point>
        <coordinates>17.58426000,-15.87546300,0</coordinates>
      </Point>
    </Placemark>
    <Placemark>
      <styleUrl>#dados_com_ensaio</styleUrl>
      <Point>
        <coordinates>17.58640700,-15.88426300,0</coordinates>
      </Point>
    </Placemark>
    <Placemark>
      <styleUrl>#dados_com_ensaio</styleUrl>
      <Point>
        <coordinates>17.59003100,-15.89249300,0</coordinates>
      </Point>
    </Placemark>
    <Placemark>
      <styleUrl>#dados_com_ensaio</styleUrl>
      <Point>
        <coordinates>17.59526100,-15.90000900,0</coordinates>
      </Point>
    </Placemark>
    <Placemark>
      <styleUrl>#dados_com_ensaio</styleUrl>
      <Point>
        <coordinates>17.60049100,-15.90754200,0</coordinates>
      </Point>
    </Placemark>
    <Placemark>
      <styleUrl>#dados_com_ensaio</styleUrl>
      <Point>
        <coordinates>17.60264800,-15.91628700,0</coordinates>
      </Point>
    </Placemark>
    <Placemark>
      <styleUrl>#dados_com_ensaio</styleUrl>
      <Point>
        <coordinates>17.60424700,-15.92519200,0</coordinates>
      </Point>
    </Placemark>
    <Placemark>
      <styleUrl>#dados_com_ensaio</styleUrl>
      <Point>
        <coordinates>17.60580000,-15.93411500,0</coordinates>
      </Point>
    </Placemark>
    <Placemark>
      <styleUrl>#dados_com_ensaio</styleUrl>
      <Point>
        <coordinates>17.60747300,-15.94300100,0</coordinates>
      </Point>
    </Placemark>
    <Placemark>
      <styleUrl>#dados_com_ensaio</styleUrl>
      <Point>
        <coordinates>17.61315700,-15.95007600,0</coordinates>
      </Point>
    </Placemark>
    <Placemark>
      <styleUrl>#dados_com_ensaio</styleUrl>
      <Point>
        <coordinates>17.61932300,-15.95685700,0</coordinates>
      </Point>
    </Placemark>
    <Placemark>
      <styleUrl>#dados_com_ensaio</styleUrl>
      <Point>
        <coordinates>17.62202100,-15.96545000,0</coordinates>
      </Point>
    </Placemark>
    <Placemark>
      <styleUrl>#dados_com_ensaio</styleUrl>
      <Point>
        <coordinates>17.62411500,-15.97425800,0</coordinates>
      </Point>
    </Placemark>
    <Placemark>
      <styleUrl>#dados_com_ensaio</styleUrl>
      <Point>
        <coordinates>17.62621000,-15.98308400,0</coordinates>
      </Point>
    </Placemark>
    <Placemark>
      <styleUrl>#dados_com_ensaio</styleUrl>
      <Point>
        <coordinates>17.62830400,-15.99190100,0</coordinates>
      </Point>
    </Placemark>
    <Placemark>
      <styleUrl>#dados_com_ensaio</styleUrl>
      <Point>
        <coordinates>17.63040900,-16.00070900,0</coordinates>
      </Point>
    </Placemark>
    <Placemark>
      <styleUrl>#dados_com_ensaio</styleUrl>
      <Point>
        <coordinates>17.63247600,-16.00953600,0</coordinates>
      </Point>
    </Placemark>
    <Placemark>
      <styleUrl>#dados_com_ensaio</styleUrl>
      <Point>
        <coordinates>17.63458100,-16.01834300,0</coordinates>
      </Point>
    </Placemark>
    <Placemark>
      <styleUrl>#dados_com_ensaio</styleUrl>
      <Point>
        <coordinates>17.63666700,-16.02715100,0</coordinates>
      </Point>
    </Placemark>
    <Placemark>
      <styleUrl>#dados_com_ensaio</styleUrl>
      <Point>
        <coordinates>17.63874500,-16.03598600,0</coordinates>
      </Point>
    </Placemark>
    <Placemark>
      <styleUrl>#dados_com_ensaio</styleUrl>
      <Point>
        <coordinates>17.64063600,-16.04483200,0</coordinates>
      </Point>
    </Placemark>
    <Placemark>
      <styleUrl>#dados_com_ensaio</styleUrl>
      <Point>
        <coordinates>17.64167900,-16.05382500,0</coordinates>
      </Point>
    </Placemark>
    <Placemark>
      <styleUrl>#dados_com_ensaio</styleUrl>
      <Point>
        <coordinates>17.64265900,-16.05377600,0</coordinates>
      </Point>
    </Placemark>
    <Placemark>
      <styleUrl>#dados_com_ensaio</styleUrl>
      <Point>
        <coordinates>17.64382200,-16.07179000,0</coordinates>
      </Point>
    </Placemark>
    <Placemark>
      <styleUrl>#dados_com_ensaio</styleUrl>
      <Point>
        <coordinates>17.64482800,-16.08077400,0</coordinates>
      </Point>
    </Placemark>
    <Placemark>
      <styleUrl>#dados_com_ensaio</styleUrl>
      <Point>
        <coordinates>17.64584400,-16.08974800,0</coordinates>
      </Point>
    </Placemark>
    <Placemark>
      <styleUrl>#dados_com_ensaio</styleUrl>
      <Point>
        <coordinates>17.64675700,-16.09875100,0</coordinates>
      </Point>
    </Placemark>
    <Placemark>
      <styleUrl>#dados_com_ensaio</styleUrl>
      <Point>
        <coordinates>17.64468800,-16.10758300,0</coordinates>
      </Point>
    </Placemark>
    <Placemark>
      <styleUrl>#dados_com_ensaio</styleUrl>
      <Point>
        <coordinates>17.64248700,-16.11637100,0</coordinates>
      </Point>
    </Placemark>
    <Placemark>
      <styleUrl>#dados_com_ensaio</styleUrl>
      <Point>
        <coordinates>17.64031500,-16.12518700,0</coordinates>
      </Point>
    </Placemark>
    <Placemark>
      <styleUrl>#dados_com_ensaio</styleUrl>
      <Point>
        <coordinates>17.63958300,-16.13409200,0</coordinates>
      </Point>
    </Placemark>
    <Placemark>
      <styleUrl>#dados_com_ensaio</styleUrl>
      <Point>
        <coordinates>17.64096300,-16.14303500,0</coordinates>
      </Point>
    </Placemark>
    <Placemark>
      <styleUrl>#dados_com_ensaio</styleUrl>
      <Point>
        <coordinates>17.64236200,-16.15196900,0</coordinates>
      </Point>
    </Placemark>
    <Placemark>
      <styleUrl>#dados_com_ensaio</styleUrl>
      <Point>
        <coordinates>17.64374200,-16.16090200,0</coordinates>
      </Point>
    </Placemark>
    <Placemark>
      <styleUrl>#dados_com_ensaio</styleUrl>
      <Point>
        <coordinates>17.64575300,-16.17016200,0</coordinates>
      </Point>
    </Placemark>
    <Placemark>
      <styleUrl>#dados_com_ensaio</styleUrl>
      <Point>
        <coordinates>17.64954000,-16.17799100,0</coordinates>
      </Point>
    </Placemark>
    <Placemark>
      <styleUrl>#dados_com_ensaio</styleUrl>
      <Point>
        <coordinates>17.65414900,-16.18578200,0</coordinates>
      </Point>
    </Placemark>
    <Placemark>
      <styleUrl>#dados_com_ensaio</styleUrl>
      <Point>
        <coordinates>17.66042600,-16.19249600,0</coordinates>
      </Point>
    </Placemark>
    <Placemark>
      <styleUrl>#dados_com_ensaio</styleUrl>
      <Point>
        <coordinates>17.66673200,-16.19919100,0</coordinates>
      </Point>
    </Placemark>
    <Placemark>
      <styleUrl>#dados_com_ensaio</styleUrl>
      <Point>
        <coordinates>17.67298200,-16.20587700,0</coordinates>
      </Point>
    </Placemark>
    <Placemark>
      <styleUrl>#dados_com_ensaio</styleUrl>
      <Point>
        <coordinates>17.67884400,-16.21285700,0</coordinates>
      </Point>
    </Placemark>
    <Placemark>
      <styleUrl>#dados_com_ensaio</styleUrl>
      <Point>
        <coordinates>17.67786200,-16.23081600,0</coordinates>
      </Point>
    </Placemark>
    <Placemark>
      <styleUrl>#dados_com_ensaio</styleUrl>
      <Point>
        <coordinates>17.67702100,-16.23981300,0</coordinates>
      </Point>
    </Placemark>
    <Placemark>
      <styleUrl>#dados_com_ensaio</styleUrl>
      <Point>
        <coordinates>17.67434800,-16.26681600,0</coordinates>
      </Point>
    </Placemark>
    <Placemark>
      <styleUrl>#dados_com_ensaio</styleUrl>
      <Point>
        <coordinates>17.68834300,-16.30916000,0</coordinates>
      </Point>
    </Placemark>
    <Placemark>
      <styleUrl>#dados_com_ensaio</styleUrl>
      <Point>
        <coordinates>17.69260600,-16.31721600,0</coordinates>
      </Point>
    </Placemark>
    <Placemark>
      <styleUrl>#dados_com_ensaio</styleUrl>
      <Point>
        <coordinates>17.69686900,-16.32527200,0</coordinates>
      </Point>
    </Placemark>
    <Placemark>
      <styleUrl>#dados_com_ensaio</styleUrl>
      <Point>
        <coordinates>17.81035000,-16.51436000,0</coordinates>
      </Point>
    </Placemark>
    <Placemark>
      <styleUrl>#dados_com_ensaio</styleUrl>
      <Point>
        <coordinates>17.84066200,-16.58980600,0</coordinates>
      </Point>
    </Placemark>
    <Placemark>
      <styleUrl>#dados_com_ensaio</styleUrl>
      <Point>
        <coordinates>17.86421900,-16.65822200,0</coordinates>
      </Point>
    </Placemark>
    <Placemark>
      <styleUrl>#dados_com_ensaio</styleUrl>
      <Point>
        <coordinates>17.86673700,-16.66692000,0</coordinates>
      </Point>
    </Placemark>
    <Placemark>
      <styleUrl>#dados_com_ensaio</styleUrl>
      <Point>
        <coordinates>17.87530600,-16.68238700,0</coordinates>
      </Point>
    </Placemark>
    <Placemark>
      <styleUrl>#dados_com_ensaio</styleUrl>
      <Point>
        <coordinates>17.98432100,-16.85827300,0</coordinates>
      </Point>
    </Placemark>
    <Placemark>
      <styleUrl>#dados_com_ensaio</styleUrl>
      <Point>
        <coordinates>17.99093800,-16.86461400,0</coordinates>
      </Point>
    </Placemark>
    <Placemark>
      <styleUrl>#dados_com_ensaio</styleUrl>
      <Point>
        <coordinates>17.99909000,-16.86901000,0</coordinates>
      </Point>
    </Placemark>
    <Placemark>
      <styleUrl>#dados_com_ensaio</styleUrl>
      <Point>
        <coordinates>12.00514300,-16.87589800,0</coordinates>
      </Point>
    </Placemark>
    <Placemark>
      <styleUrl>#dados_com_ensaio</styleUrl>
      <Point>
        <coordinates>12.01129200,-16.88259700,0</coordinates>
      </Point>
    </Placemark>
    <Placemark>
      <styleUrl>#dados_com_ensaio</styleUrl>
      <Point>
        <coordinates>12.01590800,-16.88667300,0</coordinates>
      </Point>
    </Placemark>
    <Placemark>
      <styleUrl>#dados_com_ensaio</styleUrl>
      <Point>
        <coordinates>17.55954400,-15.80418100,0</coordinates>
      </Point>
    </Placemark>
    <Placemark>
      <styleUrl>#dados_com_ensaio</styleUrl>
      <Point>
        <coordinates>17.56036700,-15.80281700,0</coordinates>
      </Point>
    </Placemark>
    <Placemark>
      <styleUrl>#dados_com_ensaio</styleUrl>
      <Point>
        <coordinates>17.56103200,-15.80373900,0</coordinates>
      </Point>
    </Placemark>
    <Placemark>
      <styleUrl>#dados_com_ensaio</styleUrl>
      <Point>
        <coordinates>17.55888500,-15.80363800,0</coordinates>
      </Point>
    </Placemark>
    <Placemark>
      <styleUrl>#dados_com_ensaio</styleUrl>
      <Point>
        <coordinates>17.58901900,-15.89364300,0</coordinates>
      </Point>
    </Placemark>
    <Placemark>
      <styleUrl>#dados_com_ensaio</styleUrl>
      <Point>
        <coordinates>17.58970200,-15.89308400,0</coordinates>
      </Point>
    </Placemark>
    <Placemark>
      <styleUrl>#dados_com_ensaio</styleUrl>
      <Point>
        <coordinates>17.58926300,-15.89227700,0</coordinates>
      </Point>
    </Placemark>
    <Placemark>
      <styleUrl>#dados_com_ensaio</styleUrl>
      <Point>
        <coordinates>17.58854300,-15.89295400,0</coordinates>
      </Point>
    </Placemark>
    <Placemark>
      <styleUrl>#dados_com_ensaio</styleUrl>
      <Point>
        <coordinates>17.60844200,-15.94713500,0</coordinates>
      </Point>
    </Placemark>
    <Placemark>
      <styleUrl>#dados_com_ensaio</styleUrl>
      <Point>
        <coordinates>17.60927700,-15.94673600,0</coordinates>
      </Point>
    </Placemark>
    <Placemark>
      <styleUrl>#dados_com_ensaio</styleUrl>
      <Point>
        <coordinates>17.60902500,-15.94606200,0</coordinates>
      </Point>
    </Placemark>
    <Placemark>
      <styleUrl>#dados_com_ensaio</styleUrl>
      <Point>
        <coordinates>17.60805000,-15.94642600,0</coordinates>
      </Point>
    </Placemark>
    <Placemark>
      <styleUrl>#dados_com_ensaio</styleUrl>
      <Point>
        <coordinates>17.63290500,-16.01664800,0</coordinates>
      </Point>
    </Placemark>
    <Placemark>
      <styleUrl>#dados_com_ensaio</styleUrl>
      <Point>
        <coordinates>17.63369900,-16.01660200,0</coordinates>
      </Point>
    </Placemark>
    <Placemark>
      <styleUrl>#dados_com_ensaio</styleUrl>
      <Point>
        <coordinates>17.63348300,-16.01581900,0</coordinates>
      </Point>
    </Placemark>
    <Placemark>
      <styleUrl>#dados_com_ensaio</styleUrl>
      <Point>
        <coordinates>17.63266200,-16.01589200,0</coordinates>
      </Point>
    </Placemark>
    <Placemark>
      <styleUrl>#dados_com_ensaio</styleUrl>
      <Point>
        <coordinates>17.64122300,-16.11541200,0</coordinates>
      </Point>
    </Placemark>
    <Placemark>
      <styleUrl>#dados_com_ensaio</styleUrl>
      <Point>
        <coordinates>17.64224100,-16.11542600,0</coordinates>
      </Point>
    </Placemark>
    <Placemark>
      <styleUrl>#dados_com_ensaio</styleUrl>
      <Point>
        <coordinates>17.64248100,-16.11445700,0</coordinates>
      </Point>
    </Placemark>
    <Placemark>
      <styleUrl>#dados_com_ensaio</styleUrl>
      <Point>
        <coordinates>17.64110700,-16.11442900,0</coordinates>
      </Point>
    </Placemark>
    <Placemark>
      <styleUrl>#dados_com_ensaio</styleUrl>
      <Point>
        <coordinates>17.67446900,-16.24745000,0</coordinates>
      </Point>
    </Placemark>
    <Placemark>
      <styleUrl>#dados_com_ensaio</styleUrl>
      <Point>
        <coordinates>17.67523400,-16.24733200,0</coordinates>
      </Point>
    </Placemark>
    <Placemark>
      <styleUrl>#dados_com_ensaio</styleUrl>
      <Point>
        <coordinates>17.67516700,-16.24652900,0</coordinates>
      </Point>
    </Placemark>
    <Placemark>
      <styleUrl>#dados_com_ensaio</styleUrl>
      <Point>
        <coordinates>17.67441000,-16.24654800,0</coordinates>
      </Point>
    </Placemark>
    <Placemark>
      <styleUrl>#dados_com_ensaio</styleUrl>
      <Point>
        <coordinates>17.71245800,-16.36105400,0</coordinates>
      </Point>
    </Placemark>
    <Placemark>
      <styleUrl>#dados_com_ensaio</styleUrl>
      <Point>
        <coordinates>17.71349100,-16.36059800,0</coordinates>
      </Point>
    </Placemark>
    <Placemark>
      <styleUrl>#dados_com_ensaio</styleUrl>
      <Point>
        <coordinates>17.71295600,-16.35981000,0</coordinates>
      </Point>
    </Placemark>
    <Placemark>
      <styleUrl>#dados_com_ensaio</styleUrl>
      <Point>
        <coordinates>17.71223900,-16.36008100,0</coordinates>
      </Point>
    </Placemark>
    <Placemark>
      <styleUrl>#dados_com_ensaio</styleUrl>
      <Point>
        <coordinates>17.76839600,-16.42314600,0</coordinates>
      </Point>
    </Placemark>
    <Placemark>
      <styleUrl>#dados_com_ensaio</styleUrl>
      <Point>
        <coordinates>17.76784500,-16.42254800,0</coordinates>
      </Point>
    </Placemark>
    <Placemark>
      <styleUrl>#dados_com_ensaio</styleUrl>
      <Point>
        <coordinates>17.76702800,-16.42228800,0</coordinates>
      </Point>
    </Placemark>
    <Placemark>
      <styleUrl>#dados_com_ensaio</styleUrl>
      <Point>
        <coordinates>17.76733200,-16.42329600,0</coordinates>
      </Point>
    </Placemark>
    <Placemark>
      <styleUrl>#dados_com_ensaio</styleUrl>
      <Point>
        <coordinates>17.76900900,-16.42412300,0</coordinates>
      </Point>
    </Placemark>
    <Placemark>
      <styleUrl>#dados_com_ensaio</styleUrl>
      <Point>
        <coordinates>17.76764000,-16.42454700,0</coordinates>
      </Point>
    </Placemark>
    <Placemark>
      <styleUrl>#dados_com_ensaio</styleUrl>
      <Point>
        <coordinates>17.76549000,-16.42407900,0</coordinates>
      </Point>
    </Placemark>
    <Placemark>
      <styleUrl>#dados_com_ensaio</styleUrl>
      <Point>
        <coordinates>17.81030700,-16.51917400,0</coordinates>
      </Point>
    </Placemark>
    <Placemark>
      <styleUrl>#dados_com_ensaio</styleUrl>
      <Point>
        <coordinates>17.81066900,-16.51834700,0</coordinates>
      </Point>
    </Placemark>
    <Placemark>
      <styleUrl>#dados_com_ensaio</styleUrl>
      <Point>
        <coordinates>17.81027800,-16.51717800,0</coordinates>
      </Point>
    </Placemark>
    <Placemark>
      <styleUrl>#dados_com_ensaio</styleUrl>
      <Point>
        <coordinates>17.80937200,-16.51799400,0</coordinates>
      </Point>
    </Placemark>
    <Placemark>
      <styleUrl>#dados_com_ensaio</styleUrl>
      <Point>
        <coordinates>17.80985200,-16.51557700,0</coordinates>
      </Point>
    </Placemark>
    <Placemark>
      <styleUrl>#dados_com_ensaio</styleUrl>
      <Point>
        <coordinates>17.80772700,-16.51617400,0</coordinates>
      </Point>
    </Placemark>
    <Placemark>
      <styleUrl>#dados_com_ensaio</styleUrl>
      <Point>
        <coordinates>17.80781800,-16.51795200,0</coordinates>
      </Point>
    </Placemark>
    <Placemark>
      <styleUrl>#dados_com_ensaio</styleUrl>
      <Point>
        <coordinates>17.85138100,-16.62189800,0</coordinates>
      </Point>
    </Placemark>
    <Placemark>
      <styleUrl>#dados_com_ensaio</styleUrl>
      <Point>
        <coordinates>17.85173600,-16.62185700,0</coordinates>
      </Point>
    </Placemark>
    <Placemark>
      <styleUrl>#dados_com_ensaio</styleUrl>
      <Point>
        <coordinates>17.85165800,-16.62158800,0</coordinates>
      </Point>
    </Placemark>
    <Placemark>
      <styleUrl>#dados_com_ensaio</styleUrl>
      <Point>
        <coordinates>17.85134200,-16.62179100,0</coordinates>
      </Point>
    </Placemark>
    <Placemark>
      <styleUrl>#dados_com_ensaio</styleUrl>
      <Point>
        <coordinates>17.85091100,-16.62178700,0</coordinates>
      </Point>
    </Placemark>
    <Placemark>
      <styleUrl>#dados_com_ensaio</styleUrl>
      <Point>
        <coordinates>17.85151200,-16.62126400,0</coordinates>
      </Point>
    </Placemark>
    <Placemark>
      <styleUrl>#dados_com_ensaio</styleUrl>
      <Point>
        <coordinates>17.85201100,-16.62075200,0</coordinates>
      </Point>
    </Placemark>
    <Placemark>
      <styleUrl>#dados_com_ensaio</styleUrl>
      <Point>
        <coordinates>17.86114600,-16.64183900,0</coordinates>
      </Point>
    </Placemark>
    <Placemark>
      <styleUrl>#dados_com_ensaio</styleUrl>
      <Point>
        <coordinates>17.86041200,-16.64156000,0</coordinates>
      </Point>
    </Placemark>
    <Placemark>
      <styleUrl>#dados_com_ensaio</styleUrl>
      <Point>
        <coordinates>17.86077600,-16.64278300,0</coordinates>
      </Point>
    </Placemark>
    <Placemark>
      <styleUrl>#dados_com_ensaio</styleUrl>
      <Point>
        <coordinates>17.86142100,-16.64270200,0</coordinates>
      </Point>
    </Placemark>
    <Placemark>
      <styleUrl>#dados_com_ensaio</styleUrl>
      <Point>
        <coordinates>17.90055200,-16.73298300,0</coordinates>
      </Point>
    </Placemark>
    <Placemark>
      <styleUrl>#dados_com_ensaio</styleUrl>
      <Point>
        <coordinates>17.90000400,-16.73270100,0</coordinates>
      </Point>
    </Placemark>
    <Placemark>
      <styleUrl>#dados_com_ensaio</styleUrl>
      <Point>
        <coordinates>17.90052000,-16.73392200,0</coordinates>
      </Point>
    </Placemark>
    <Placemark>
      <styleUrl>#dados_com_ensaio</styleUrl>
      <Point>
        <coordinates>17.90111300,-16.73409400,0</coordinates>
      </Point>
    </Placemark>
    <Placemark>
      <styleUrl>#dados_com_ensaio</styleUrl>
      <Point>
        <coordinates>12.06999200,-16.91838200,0</coordinates>
      </Point>
    </Placemark>
    <Placemark>
      <styleUrl>#dados_com_ensaio</styleUrl>
      <Point>
        <coordinates>12.06918900,-16.91871300,0</coordinates>
      </Point>
    </Placemark>
    <Placemark>
      <styleUrl>#dados_com_ensaio</styleUrl>
      <Point>
        <coordinates>12.06973300,-16.91932600,0</coordinates>
      </Point>
    </Placemark>
    <Placemark>
      <styleUrl>#dados_com_ensaio</styleUrl>
      <Point>
        <coordinates>12.07052400,-16.91913000,0</coordinates>
      </Point>
    </Placemark>
    <Placemark>
      <styleUrl>#dados_com_ensaio</styleUrl>
      <Point>
        <coordinates>14.12984700,-9.25325300,0</coordinates>
      </Point>
    </Placemark>
    <Placemark>
      <styleUrl>#dados_com_ensaio</styleUrl>
      <Point>
        <coordinates>14.15711400,-9.27171300,0</coordinates>
      </Point>
    </Placemark>
    <Placemark>
      <styleUrl>#dados_com_ensaio</styleUrl>
      <Point>
        <coordinates>14.19960000,-9.28465400,0</coordinates>
      </Point>
    </Placemark>
    <Placemark>
      <styleUrl>#dados_com_ensaio</styleUrl>
      <Point>
        <coordinates>14.21531500,-9.29261100,0</coordinates>
      </Point>
    </Placemark>
    <Placemark>
      <styleUrl>#dados_com_ensaio</styleUrl>
      <Point>
        <coordinates>14.22787000,-9.30543600,0</coordinates>
      </Point>
    </Placemark>
    <Placemark>
      <styleUrl>#dados_com_ensaio</styleUrl>
      <Point>
        <coordinates>14.25781700,-9.32217700,0</coordinates>
      </Point>
    </Placemark>
    <Placemark>
      <styleUrl>#dados_com_ensaio</styleUrl>
      <Point>
        <coordinates>14.30600500,-9.42675400,0</coordinates>
      </Point>
    </Placemark>
    <Placemark>
      <styleUrl>#dados_com_ensaio</styleUrl>
      <Point>
        <coordinates>14.35506000,-9.48682000,0</coordinates>
      </Point>
    </Placemark>
    <Placemark>
      <styleUrl>#dados_com_ensaio</styleUrl>
      <Point>
        <coordinates>14.36732300,-9.50153000,0</coordinates>
      </Point>
    </Placemark>
    <Placemark>
      <styleUrl>#dados_com_ensaio</styleUrl>
      <Point>
        <coordinates>14.37708600,-9.50805900,0</coordinates>
      </Point>
    </Placemark>
    <Placemark>
      <styleUrl>#dados_com_ensaio</styleUrl>
      <Point>
        <coordinates>14.41019900,-9.60612200,0</coordinates>
      </Point>
    </Placemark>
    <Placemark>
      <styleUrl>#dados_com_ensaio</styleUrl>
      <Point>
        <coordinates>14.41350400,-9.61834600,0</coordinates>
      </Point>
    </Placemark>
    <Placemark>
      <styleUrl>#dados_com_ensaio</styleUrl>
      <Point>
        <coordinates>14.41897400,-9.63856900,0</coordinates>
      </Point>
    </Placemark>
    <Placemark>
      <styleUrl>#dados_com_ensaio</styleUrl>
      <Point>
        <coordinates>14.42361300,-9.67596600,0</coordinates>
      </Point>
    </Placemark>
    <Placemark>
      <styleUrl>#dados_com_ensaio</styleUrl>
      <Point>
        <coordinates>13.69054100,-9.11285900,0</coordinates>
      </Point>
    </Placemark>
    <Placemark>
      <styleUrl>#dados_com_ensaio</styleUrl>
      <Point>
        <coordinates>13.70832300,-9.11678300,0</coordinates>
      </Point>
    </Placemark>
    <Placemark>
      <styleUrl>#dados_com_ensaio</styleUrl>
      <Point>
        <coordinates>13.71690700,-9.11831500,0</coordinates>
      </Point>
    </Placemark>
    <Placemark>
      <styleUrl>#dados_com_ensaio</styleUrl>
      <Point>
        <coordinates>13.72624200,-9.11837500,0</coordinates>
      </Point>
    </Placemark>
    <Placemark>
      <styleUrl>#dados_com_ensaio</styleUrl>
      <Point>
        <coordinates>13.73527700,-9.11843300,0</coordinates>
      </Point>
    </Placemark>
    <Placemark>
      <styleUrl>#dados_com_ensaio</styleUrl>
      <Point>
        <coordinates>13.74479500,-9.11840300,0</coordinates>
      </Point>
    </Placemark>
    <Placemark>
      <styleUrl>#dados_com_ensaio</styleUrl>
      <Point>
        <coordinates>13.75337700,-9.12055800,0</coordinates>
      </Point>
    </Placemark>
    <Placemark>
      <styleUrl>#dados_com_ensaio</styleUrl>
      <Point>
        <coordinates>13.76016900,-9.12463200,0</coordinates>
      </Point>
    </Placemark>
    <Placemark>
      <styleUrl>#dados_com_ensaio</styleUrl>
      <Point>
        <coordinates>13.76694700,-9.13262200,0</coordinates>
      </Point>
    </Placemark>
    <Placemark>
      <styleUrl>#dados_com_ensaio</styleUrl>
      <Point>
        <coordinates>13.77478900,-9.13336300,0</coordinates>
      </Point>
    </Placemark>
    <Placemark>
      <styleUrl>#dados_com_ensaio</styleUrl>
      <Point>
        <coordinates>13.78374400,-9.13554500,0</coordinates>
      </Point>
    </Placemark>
    <Placemark>
      <styleUrl>#dados_com_ensaio</styleUrl>
      <Point>
        <coordinates>13.79254400,-9.13793500,0</coordinates>
      </Point>
    </Placemark>
    <Placemark>
      <styleUrl>#dados_com_ensaio</styleUrl>
      <Point>
        <coordinates>13.80900400,-9.14668900,0</coordinates>
      </Point>
    </Placemark>
    <Placemark>
      <styleUrl>#dados_com_ensaio</styleUrl>
      <Point>
        <coordinates>13.81617800,-9.15112600,0</coordinates>
      </Point>
    </Placemark>
    <Placemark>
      <styleUrl>#dados_com_ensaio</styleUrl>
      <Point>
        <coordinates>13.83182800,-9.15994800,0</coordinates>
      </Point>
    </Placemark>
    <Placemark>
      <styleUrl>#dados_com_ensaio</styleUrl>
      <Point>
        <coordinates>13.83984800,-9.15653800,0</coordinates>
      </Point>
    </Placemark>
    <Placemark>
      <styleUrl>#dados_com_ensaio</styleUrl>
      <Point>
        <coordinates>13.86512800,-9.15355200,0</coordinates>
      </Point>
    </Placemark>
    <Placemark>
      <styleUrl>#dados_com_ensaio</styleUrl>
      <Point>
        <coordinates>13.95574600,-9.17968900,0</coordinates>
      </Point>
    </Placemark>
    <Placemark>
      <styleUrl>#dados_com_ensaio</styleUrl>
      <Point>
        <coordinates>13.96299300,-9.18504600,0</coordinates>
      </Point>
    </Placemark>
    <Placemark>
      <styleUrl>#dados_com_ensaio</styleUrl>
      <Point>
        <coordinates>13.97164100,-9.18750300,0</coordinates>
      </Point>
    </Placemark>
    <Placemark>
      <styleUrl>#dados_com_ensaio</styleUrl>
      <Point>
        <coordinates>13.99851700,-9.19407200,0</coordinates>
      </Point>
    </Placemark>
    <Placemark>
      <styleUrl>#dados_com_ensaio</styleUrl>
      <Point>
        <coordinates>14.00655300,-9.19789300,0</coordinates>
      </Point>
    </Placemark>
    <Placemark>
      <styleUrl>#dados_com_ensaio</styleUrl>
      <Point>
        <coordinates>14.01514200,-9.20198600,0</coordinates>
      </Point>
    </Placemark>
    <Placemark>
      <styleUrl>#dados_com_ensaio</styleUrl>
      <Point>
        <coordinates>14.03160500,-9.20979000,0</coordinates>
      </Point>
    </Placemark>
    <Placemark>
      <styleUrl>#dados_com_ensaio</styleUrl>
      <Point>
        <coordinates>14.05084900,-9.22604800,0</coordinates>
      </Point>
    </Placemark>
    <Placemark>
      <styleUrl>#dados_com_ensaio</styleUrl>
      <Point>
        <coordinates>14.05842200,-9.22926000,0</coordinates>
      </Point>
    </Placemark>
    <Placemark>
      <styleUrl>#dados_com_ensaio</styleUrl>
      <Point>
        <coordinates>14.06733700,-9.23142700,0</coordinates>
      </Point>
    </Placemark>
    <Placemark>
      <styleUrl>#dados_com_ensaio</styleUrl>
      <Point>
        <coordinates>14.07624000,-9.23484100,0</coordinates>
      </Point>
    </Placemark>
    <Placemark>
      <styleUrl>#dados_com_ensaio</styleUrl>
      <Point>
        <coordinates>14.09047800,-9.24497000,0</coordinates>
      </Point>
    </Placemark>
    <Placemark>
      <styleUrl>#dados_com_ensaio</styleUrl>
      <Point>
        <coordinates>14.09885100,-9.24945000,0</coordinates>
      </Point>
    </Placemark>
    <Placemark>
      <styleUrl>#dados_com_ensaio</styleUrl>
      <Point>
        <coordinates>14.11224000,-9.25361700,0</coordinates>
      </Point>
    </Placemark>
    <Placemark>
      <styleUrl>#dados_com_ensaio</styleUrl>
      <Point>
        <coordinates>13.79778900,-9.13978800,0</coordinates>
      </Point>
    </Placemark>
    <Placemark>
      <styleUrl>#dados_com_ensaio</styleUrl>
      <Point>
        <coordinates>13.80226400,-9.14295000,0</coordinates>
      </Point>
    </Placemark>
    <Placemark>
      <styleUrl>#dados_com_ensaio</styleUrl>
      <Point>
        <coordinates>13.79177100,-9.13794200,0</coordinates>
      </Point>
    </Placemark>
    <Placemark>
      <styleUrl>#dados_com_ensaio</styleUrl>
      <Point>
        <coordinates>13.79177100,-9.13794200,0</coordinates>
      </Point>
    </Placemark>
    <Placemark>
      <styleUrl>#dados_com_ensaio</styleUrl>
      <Point>
        <coordinates>13.78499800,-9.13619200,0</coordinates>
      </Point>
    </Placemark>
    <Placemark>
      <styleUrl>#dados_com_ensaio</styleUrl>
      <Point>
        <coordinates>13.78126300,-9.13472300,0</coordinates>
      </Point>
    </Placemark>
    <Placemark>
      <styleUrl>#dados_com_ensaio</styleUrl>
      <Point>
        <coordinates>13.77671500,-9.13409300,0</coordinates>
      </Point>
    </Placemark>
    <Placemark>
      <styleUrl>#dados_com_ensaio</styleUrl>
      <Point>
        <coordinates>13.77225900,-9.13330900,0</coordinates>
      </Point>
    </Placemark>
    <Placemark>
      <styleUrl>#dados_com_ensaio</styleUrl>
      <Point>
        <coordinates>13.73649600,-9.11859100,0</coordinates>
      </Point>
    </Placemark>
    <Placemark>
      <styleUrl>#dados_com_ensaio</styleUrl>
      <Point>
        <coordinates>13.71796300,-9.11821900,0</coordinates>
      </Point>
    </Placemark>
    <Placemark>
      <styleUrl>#dados_com_ensaio</styleUrl>
      <Point>
        <coordinates>14.90911800,-14.65442100,0</coordinates>
      </Point>
    </Placemark>
    <Placemark>
      <styleUrl>#dados_com_ensaio</styleUrl>
      <Point>
        <coordinates>13.18013200,-8.88131900,0</coordinates>
      </Point>
    </Placemark>
    <Placemark>
      <styleUrl>#dados_com_ensaio</styleUrl>
      <Point>
        <coordinates>13.17972700,-8.88233000,0</coordinates>
      </Point>
    </Placemark>
    <Placemark>
      <styleUrl>#dados_com_ensaio</styleUrl>
      <Point>
        <coordinates>13.17945100,-8.88303400,0</coordinates>
      </Point>
    </Placemark>
    <Placemark>
      <styleUrl>#dados_com_ensaio</styleUrl>
      <Point>
        <coordinates>13.17929000,-8.88247200,0</coordinates>
      </Point>
    </Placemark>
    <Placemark>
      <styleUrl>#dados_com_ensaio</styleUrl>
      <Point>
        <coordinates>13.17833800,-8.88379700,0</coordinates>
      </Point>
    </Placemark>
    <Placemark>
      <styleUrl>#dados_com_ensaio</styleUrl>
      <Point>
        <coordinates>13.17861500,-8.88289400,0</coordinates>
      </Point>
    </Placemark>
    <Placemark>
      <styleUrl>#dados_com_ensaio</styleUrl>
      <Point>
        <coordinates>13.17995800,-8.88153500,0</coordinates>
      </Point>
    </Placemark>
    <Placemark>
      <styleUrl>#dados_com_ensaio</styleUrl>
      <Point>
        <coordinates>13.31756700,-8.84795000,0</coordinates>
      </Point>
    </Placemark>
    <Placemark>
      <styleUrl>#dados_com_ensaio</styleUrl>
      <Point>
        <coordinates>13.38643100,-8.91386000,0</coordinates>
      </Point>
    </Placemark>
    <Placemark>
      <styleUrl>#dados_com_ensaio</styleUrl>
      <Point>
        <coordinates>13.38664800,-8.91420500,0</coordinates>
      </Point>
    </Placemark>
    <Placemark>
      <styleUrl>#dados_com_ensaio</styleUrl>
      <Point>
        <coordinates>13.38628400,-8.91423900,0</coordinates>
      </Point>
    </Placemark>
    <Placemark>
      <styleUrl>#dados_com_ensaio</styleUrl>
      <Point>
        <coordinates>13.38649200,-8.91454800,0</coordinates>
      </Point>
    </Placemark>
    <Placemark>
      <styleUrl>#dados_com_ensaio</styleUrl>
      <Point>
        <coordinates>13.18013200,-8.88131900,0</coordinates>
      </Point>
    </Placemark>
    <Placemark>
      <styleUrl>#dados_com_ensaio</styleUrl>
      <Point>
        <coordinates>13.17972700,-8.88233000,0</coordinates>
      </Point>
    </Placemark>
    <Placemark>
      <styleUrl>#dados_com_ensaio</styleUrl>
      <Point>
        <coordinates>13.17945100,-8.88303400,0</coordinates>
      </Point>
    </Placemark>
    <Placemark>
      <styleUrl>#dados_com_ensaio</styleUrl>
      <Point>
        <coordinates>13.17875800,-8.88349100,0</coordinates>
      </Point>
    </Placemark>
    <Placemark>
      <styleUrl>#dados_com_ensaio</styleUrl>
      <Point>
        <coordinates>13.17929000,-8.88247200,0</coordinates>
      </Point>
    </Placemark>
    <Placemark>
      <styleUrl>#dados_com_ensaio</styleUrl>
      <Point>
        <coordinates>13.17833800,-8.88379700,0</coordinates>
      </Point>
    </Placemark>
    <Placemark>
      <styleUrl>#dados_com_ensaio</styleUrl>
      <Point>
        <coordinates>13.17861500,-8.88289400,0</coordinates>
      </Point>
    </Placemark>
    <Placemark>
      <styleUrl>#dados_com_ensaio</styleUrl>
      <Point>
        <coordinates>13.17995800,-8.88153500,0</coordinates>
      </Point>
    </Placemark>
    <Placemark>
      <styleUrl>#dados_com_ensaio</styleUrl>
      <Point>
        <coordinates>13.17950700,-8.88263600,0</coordinates>
      </Point>
    </Placemark>
    <Placemark>
      <styleUrl>#dados_com_ensaio</styleUrl>
      <Point>
        <coordinates>13.69054100,-9.11285900,0</coordinates>
      </Point>
    </Placemark>
    <Placemark>
      <styleUrl>#dados_com_ensaio</styleUrl>
      <Point>
        <coordinates>13.69925800,-9.11499700,0</coordinates>
      </Point>
    </Placemark>
    <Placemark>
      <styleUrl>#dados_com_ensaio</styleUrl>
      <Point>
        <coordinates>13.71690700,-9.11831500,0</coordinates>
      </Point>
    </Placemark>
    <Placemark>
      <styleUrl>#dados_com_ensaio</styleUrl>
      <Point>
        <coordinates>13.72624200,-9.11837500,0</coordinates>
      </Point>
    </Placemark>
    <Placemark>
      <styleUrl>#dados_com_ensaio</styleUrl>
      <Point>
        <coordinates>13.73527700,-9.11843300,0</coordinates>
      </Point>
    </Placemark>
    <Placemark>
      <styleUrl>#dados_com_ensaio</styleUrl>
      <Point>
        <coordinates>13.74479500,-9.11840300,0</coordinates>
      </Point>
    </Placemark>
    <Placemark>
      <styleUrl>#dados_com_ensaio</styleUrl>
      <Point>
        <coordinates>13.75337700,-9.12055800,0</coordinates>
      </Point>
    </Placemark>
    <Placemark>
      <styleUrl>#dados_com_ensaio</styleUrl>
      <Point>
        <coordinates>13.76016900,-9.12463200,0</coordinates>
      </Point>
    </Placemark>
    <Placemark>
      <styleUrl>#dados_com_ensaio</styleUrl>
      <Point>
        <coordinates>13.69054100,-9.11285900,0</coordinates>
      </Point>
    </Placemark>
    <Placemark>
      <styleUrl>#dados_com_ensaio</styleUrl>
      <Point>
        <coordinates>13.69925800,-9.11499700,0</coordinates>
      </Point>
    </Placemark>
    <Placemark>
      <styleUrl>#dados_com_ensaio</styleUrl>
      <Point>
        <coordinates>13.71690700,-9.11831500,0</coordinates>
      </Point>
    </Placemark>
    <Placemark>
      <styleUrl>#dados_com_ensaio</styleUrl>
      <Point>
        <coordinates>13.72624200,-9.11837500,0</coordinates>
      </Point>
    </Placemark>
    <Placemark>
      <styleUrl>#dados_com_ensaio</styleUrl>
      <Point>
        <coordinates>13.73527700,-9.11843300,0</coordinates>
      </Point>
    </Placemark>
    <Placemark>
      <styleUrl>#dados_com_ensaio</styleUrl>
      <Point>
        <coordinates>13.74479500,-9.11840300,0</coordinates>
      </Point>
    </Placemark>
    <Placemark>
      <styleUrl>#dados_com_ensaio</styleUrl>
      <Point>
        <coordinates>13.75337700,-9.12055800,0</coordinates>
      </Point>
    </Placemark>
    <Placemark>
      <styleUrl>#dados_com_ensaio</styleUrl>
      <Point>
        <coordinates>13.76016900,-9.12463200,0</coordinates>
      </Point>
    </Placemark>
    <Placemark>
      <styleUrl>#dados_com_ensaio</styleUrl>
      <Point>
        <coordinates>13.76694700,-9.13262200,0</coordinates>
      </Point>
    </Placemark>
    <Placemark>
      <styleUrl>#dados_com_ensaio</styleUrl>
      <Point>
        <coordinates>13.77478900,-9.13336300,0</coordinates>
      </Point>
    </Placemark>
    <Placemark>
      <styleUrl>#dados_com_ensaio</styleUrl>
      <Point>
        <coordinates>13.78374400,-9.13554500,0</coordinates>
      </Point>
    </Placemark>
    <Placemark>
      <styleUrl>#dados_com_ensaio</styleUrl>
      <Point>
        <coordinates>13.79254400,-9.13793500,0</coordinates>
      </Point>
    </Placemark>
    <Placemark>
      <styleUrl>#dados_com_ensaio</styleUrl>
      <Point>
        <coordinates>13.80900400,-9.14668900,0</coordinates>
      </Point>
    </Placemark>
    <Placemark>
      <styleUrl>#dados_com_ensaio</styleUrl>
      <Point>
        <coordinates>13.81617800,-9.15112600,0</coordinates>
      </Point>
    </Placemark>
    <Placemark>
      <styleUrl>#dados_com_ensaio</styleUrl>
      <Point>
        <coordinates>13.83182800,-9.15994800,0</coordinates>
      </Point>
    </Placemark>
    <Placemark>
      <styleUrl>#dados_com_ensaio</styleUrl>
      <Point>
        <coordinates>13.83984800,-9.15653800,0</coordinates>
      </Point>
    </Placemark>
    <Placemark>
      <styleUrl>#dados_com_ensaio</styleUrl>
      <Point>
        <coordinates>13.86512800,-9.15355200,0</coordinates>
      </Point>
    </Placemark>
    <Placemark>
      <styleUrl>#dados_com_ensaio</styleUrl>
      <Point>
        <coordinates>13.96299300,-9.18504600,0</coordinates>
      </Point>
    </Placemark>
    <Placemark>
      <styleUrl>#dados_com_ensaio</styleUrl>
      <Point>
        <coordinates>13.97164100,-9.18750300,0</coordinates>
      </Point>
    </Placemark>
    <Placemark>
      <styleUrl>#dados_com_ensaio</styleUrl>
      <Point>
        <coordinates>13.99851700,-9.19407200,0</coordinates>
      </Point>
    </Placemark>
    <Placemark>
      <styleUrl>#dados_com_ensaio</styleUrl>
      <Point>
        <coordinates>14.00655300,-9.19789300,0</coordinates>
      </Point>
    </Placemark>
    <Placemark>
      <styleUrl>#dados_com_ensaio</styleUrl>
      <Point>
        <coordinates>14.01514200,-9.20198600,0</coordinates>
      </Point>
    </Placemark>
    <Placemark>
      <styleUrl>#dados_com_ensaio</styleUrl>
      <Point>
        <coordinates>14.03160500,-9.20979000,0</coordinates>
      </Point>
    </Placemark>
    <Placemark>
      <styleUrl>#dados_com_ensaio</styleUrl>
      <Point>
        <coordinates>14.05084900,-9.22604800,0</coordinates>
      </Point>
    </Placemark>
    <Placemark>
      <styleUrl>#dados_com_ensaio</styleUrl>
      <Point>
        <coordinates>14.05842200,-9.22926000,0</coordinates>
      </Point>
    </Placemark>
    <Placemark>
      <styleUrl>#dados_com_ensaio</styleUrl>
      <Point>
        <coordinates>14.06733700,-9.23142700,0</coordinates>
      </Point>
    </Placemark>
    <Placemark>
      <styleUrl>#dados_com_ensaio</styleUrl>
      <Point>
        <coordinates>14.07624000,-9.23484100,0</coordinates>
      </Point>
    </Placemark>
    <Placemark>
      <styleUrl>#dados_com_ensaio</styleUrl>
      <Point>
        <coordinates>14.09047800,-9.24497000,0</coordinates>
      </Point>
    </Placemark>
    <Placemark>
      <styleUrl>#dados_com_ensaio</styleUrl>
      <Point>
        <coordinates>14.09885100,-9.24945000,0</coordinates>
      </Point>
    </Placemark>
    <Placemark>
      <styleUrl>#dados_com_ensaio</styleUrl>
      <Point>
        <coordinates>14.11224000,-9.25361700,0</coordinates>
      </Point>
    </Placemark>
    <Placemark>
      <styleUrl>#dados_com_ensaio</styleUrl>
      <Point>
        <coordinates>13.71690700,-9.11831500,0</coordinates>
      </Point>
    </Placemark>
    <Placemark>
      <styleUrl>#dados_com_ensaio</styleUrl>
      <Point>
        <coordinates>13.76016900,-9.12463200,0</coordinates>
      </Point>
    </Placemark>
    <Placemark>
      <styleUrl>#dados_com_ensaio</styleUrl>
      <Point>
        <coordinates>13.86512800,-9.15355200,0</coordinates>
      </Point>
    </Placemark>
    <Placemark>
      <styleUrl>#dados_com_ensaio</styleUrl>
      <Point>
        <coordinates>14.07624000,-9.23484100,0</coordinates>
      </Point>
    </Placemark>
    <Placemark>
      <styleUrl>#dados_com_ensaio</styleUrl>
      <Point>
        <coordinates>14.11224000,-9.25361700,0</coordinates>
      </Point>
    </Placemark>
    <Placemark>
      <styleUrl>#dados_com_ensaio</styleUrl>
      <Point>
        <coordinates>16.31408800,-9.29461000,0</coordinates>
      </Point>
    </Placemark>
    <Placemark>
      <styleUrl>#dados_com_ensaio</styleUrl>
      <Point>
        <coordinates>16.31377200,-9.29528900,0</coordinates>
      </Point>
    </Placemark>
    <Placemark>
      <styleUrl>#dados_com_ensaio</styleUrl>
      <Point>
        <coordinates>16.30603900,-9.29652900,0</coordinates>
      </Point>
    </Placemark>
    <Placemark>
      <styleUrl>#dados_com_ensaio</styleUrl>
      <Point>
        <coordinates>16.31261900,-9.30345900,0</coordinates>
      </Point>
    </Placemark>
    <Placemark>
      <styleUrl>#dados_com_ensaio</styleUrl>
      <Point>
        <coordinates>16.31283000,-9.30386500,0</coordinates>
      </Point>
    </Placemark>
    <Placemark>
      <styleUrl>#dados_com_ensaio</styleUrl>
      <Point>
        <coordinates>16.31257600,-9.30404700,0</coordinates>
      </Point>
    </Placemark>
    <Placemark>
      <styleUrl>#dados_com_ensaio</styleUrl>
      <Point>
        <coordinates>16.31281300,-9.30416300,0</coordinates>
      </Point>
    </Placemark>
    <Placemark>
      <styleUrl>#dados_com_ensaio</styleUrl>
      <Point>
        <coordinates>16.31677600,-9.29288100,0</coordinates>
      </Point>
    </Placemark>
    <Placemark>
      <styleUrl>#dados_com_ensaio</styleUrl>
      <Point>
        <coordinates>13.21990900,-8.80459000,0</coordinates>
      </Point>
    </Placemark>
    <Placemark>
      <styleUrl>#dados_com_ensaio</styleUrl>
      <Point>
        <coordinates>13.21959000,-8.80486000,0</coordinates>
      </Point>
    </Placemark>
    <Placemark>
      <styleUrl>#dados_com_ensaio</styleUrl>
      <Point>
        <coordinates>13.21951600,-8.80493200,0</coordinates>
      </Point>
    </Placemark>
    <Placemark>
      <styleUrl>#dados_com_ensaio</styleUrl>
      <Point>
        <coordinates>13.37733700,-8.97385700,0</coordinates>
      </Point>
    </Placemark>
    <Placemark>
      <styleUrl>#dados_com_ensaio</styleUrl>
      <Point>
        <coordinates>13.37972900,-8.97574800,0</coordinates>
      </Point>
    </Placemark>
    <Placemark>
      <styleUrl>#dados_com_ensaio</styleUrl>
      <Point>
        <coordinates>13.37969300,-8.97372300,0</coordinates>
      </Point>
    </Placemark>
    <Placemark>
      <styleUrl>#dados_com_ensaio</styleUrl>
      <Point>
        <coordinates>13.37916900,-8.97288000,0</coordinates>
      </Point>
    </Placemark>
    <Placemark>
      <styleUrl>#dados_com_ensaio</styleUrl>
      <Point>
        <coordinates>13.37754200,-8.97281800,0</coordinates>
      </Point>
    </Placemark>
    <Placemark>
      <styleUrl>#dados_com_ensaio</styleUrl>
      <Point>
        <coordinates>13.37678300,-8.97359200,0</coordinates>
      </Point>
    </Placemark>
    <Placemark>
      <styleUrl>#dados_com_ensaio</styleUrl>
      <Point>
        <coordinates>13.37672900,-8.97557200,0</coordinates>
      </Point>
    </Placemark>
    <Placemark>
      <styleUrl>#dados_com_ensaio</styleUrl>
      <Point>
        <coordinates>13.37758700,-8.97684200,0</coordinates>
      </Point>
    </Placemark>
    <Placemark>
      <styleUrl>#dados_com_ensaio</styleUrl>
      <Point>
        <coordinates>13.37934300,-8.97681400,0</coordinates>
      </Point>
    </Placemark>
    <Placemark>
      <styleUrl>#dados_com_ensaio</styleUrl>
      <Point>
        <coordinates>13.37830200,-8.97556100,0</coordinates>
      </Point>
    </Placemark>
    <Placemark>
      <styleUrl>#dados_com_ensaio</styleUrl>
      <Point>
        <coordinates>13.37689500,-8.97702000,0</coordinates>
      </Point>
    </Placemark>
    <Placemark>
      <styleUrl>#dados_com_ensaio</styleUrl>
      <Point>
        <coordinates>13.37854100,-8.97717200,0</coordinates>
      </Point>
    </Placemark>
    <Placemark>
      <styleUrl>#dados_com_ensaio</styleUrl>
      <Point>
        <coordinates>20.24512600,-11.16961400,0</coordinates>
      </Point>
    </Placemark>
    <Placemark>
      <styleUrl>#dados_com_ensaio</styleUrl>
      <Point>
        <coordinates>20.52435300,-11.09726000,0</coordinates>
      </Point>
    </Placemark>
    <Placemark>
      <styleUrl>#dados_com_ensaio</styleUrl>
      <Point>
        <coordinates>20.79754300,-11.01599100,0</coordinates>
      </Point>
    </Placemark>
    <Placemark>
      <styleUrl>#dados_com_ensaio</styleUrl>
      <Point>
        <coordinates>20.88564300,-10.97058200,0</coordinates>
      </Point>
    </Placemark>
    <Placemark>
      <styleUrl>#dados_com_ensaio</styleUrl>
      <Point>
        <coordinates>20.99634900,-10.88670100,0</coordinates>
      </Point>
    </Placemark>
    <Placemark>
      <styleUrl>#dados_com_ensaio</styleUrl>
      <Point>
        <coordinates>21.05659400,-10.83167200,0</coordinates>
      </Point>
    </Placemark>
    <Placemark>
      <styleUrl>#dados_com_ensaio</styleUrl>
      <Point>
        <coordinates>21.11193700,-10.71602800,0</coordinates>
      </Point>
    </Placemark>
    <Placemark>
      <styleUrl>#dados_com_ensaio</styleUrl>
      <Point>
        <coordinates>21.17367200,-10.66126400,0</coordinates>
      </Point>
    </Placemark>
    <Placemark>
      <styleUrl>#dados_com_ensaio</styleUrl>
      <Point>
        <coordinates>21.25551500,-10.62704800,0</coordinates>
      </Point>
    </Placemark>
    <Placemark>
      <styleUrl>#dados_com_ensaio</styleUrl>
      <Point>
        <coordinates>21.22324700,-9.99921500,0</coordinates>
      </Point>
    </Placemark>
    <Placemark>
      <styleUrl>#dados_com_ensaio</styleUrl>
      <Point>
        <coordinates>21.20460200,-10.09479100,0</coordinates>
      </Point>
    </Placemark>
    <Placemark>
      <styleUrl>#dados_com_ensaio</styleUrl>
      <Point>
        <coordinates>21.17842100,-10.20146800,0</coordinates>
      </Point>
    </Placemark>
    <Placemark>
      <styleUrl>#dados_com_ensaio</styleUrl>
      <Point>
        <coordinates>21.16960600,-10.21039000,0</coordinates>
      </Point>
    </Placemark>
    <Placemark>
      <styleUrl>#dados_com_ensaio</styleUrl>
      <Point>
        <coordinates>21.18122000,-10.40170800,0</coordinates>
      </Point>
    </Placemark>
    <Placemark>
      <styleUrl>#dados_com_ensaio</styleUrl>
      <Point>
        <coordinates>21.26032800,-10.49043200,0</coordinates>
      </Point>
    </Placemark>
    <Placemark>
      <styleUrl>#dados_com_ensaio</styleUrl>
      <Point>
        <coordinates>21.38519000,-10.59040500,0</coordinates>
      </Point>
    </Placemark>
    <Placemark>
      <styleUrl>#dados_com_ensaio</styleUrl>
      <Point>
        <coordinates>21.46814600,-10.57773100,0</coordinates>
      </Point>
    </Placemark>
    <Placemark>
      <styleUrl>#dados_com_ensaio</styleUrl>
      <Point>
        <coordinates>21.56290300,-10.56985300,0</coordinates>
      </Point>
    </Placemark>
    <Placemark>
      <styleUrl>#dados_com_ensaio</styleUrl>
      <Point>
        <coordinates>21.66333100,-10.55462700,0</coordinates>
      </Point>
    </Placemark>
    <Placemark>
      <styleUrl>#dados_com_ensaio</styleUrl>
      <Point>
        <coordinates>21.73701200,-10.52977500,0</coordinates>
      </Point>
    </Placemark>
    <Placemark>
      <styleUrl>#dados_com_ensaio</styleUrl>
      <Point>
        <coordinates>21.82085400,-10.54090000,0</coordinates>
      </Point>
    </Placemark>
    <Placemark>
      <styleUrl>#dados_com_ensaio</styleUrl>
      <Point>
        <coordinates>21.89998200,-10.56698300,0</coordinates>
      </Point>
    </Placemark>
    <Placemark>
      <styleUrl>#dados_com_ensaio</styleUrl>
      <Point>
        <coordinates>21.96441100,-10.61786800,0</coordinates>
      </Point>
    </Placemark>
    <Placemark>
      <styleUrl>#dados_com_ensaio</styleUrl>
      <Point>
        <coordinates>22.04063600,-10.66605800,0</coordinates>
      </Point>
    </Placemark>
    <Placemark>
      <styleUrl>#dados_com_ensaio</styleUrl>
      <Point>
        <coordinates>22.10747000,-10.71784100,0</coordinates>
      </Point>
    </Placemark>
    <Placemark>
      <styleUrl>#dados_com_ensaio</styleUrl>
      <Point>
        <coordinates>20.24512600,-11.16961400,0</coordinates>
      </Point>
    </Placemark>
    <Placemark>
      <styleUrl>#dados_com_ensaio</styleUrl>
      <Point>
        <coordinates>20.52435300,-11.09726000,0</coordinates>
      </Point>
    </Placemark>
    <Placemark>
      <styleUrl>#dados_com_ensaio</styleUrl>
      <Point>
        <coordinates>20.79754300,-11.01599100,0</coordinates>
      </Point>
    </Placemark>
    <Placemark>
      <styleUrl>#dados_com_ensaio</styleUrl>
      <Point>
        <coordinates>20.88564300,-10.97058200,0</coordinates>
      </Point>
    </Placemark>
    <Placemark>
      <styleUrl>#dados_com_ensaio</styleUrl>
      <Point>
        <coordinates>20.99634900,-10.88670100,0</coordinates>
      </Point>
    </Placemark>
    <Placemark>
      <styleUrl>#dados_com_ensaio</styleUrl>
      <Point>
        <coordinates>21.05659400,-10.83167200,0</coordinates>
      </Point>
    </Placemark>
    <Placemark>
      <styleUrl>#dados_com_ensaio</styleUrl>
      <Point>
        <coordinates>21.11193700,-10.71602800,0</coordinates>
      </Point>
    </Placemark>
    <Placemark>
      <styleUrl>#dados_com_ensaio</styleUrl>
      <Point>
        <coordinates>21.17367200,-10.66126400,0</coordinates>
      </Point>
    </Placemark>
    <Placemark>
      <styleUrl>#dados_com_ensaio</styleUrl>
      <Point>
        <coordinates>21.25551500,-10.62704800,0</coordinates>
      </Point>
    </Placemark>
    <Placemark>
      <styleUrl>#dados_com_ensaio</styleUrl>
      <Point>
        <coordinates>20.78919700,-9.69943100,0</coordinates>
      </Point>
    </Placemark>
    <Placemark>
      <styleUrl>#dados_com_ensaio</styleUrl>
      <Point>
        <coordinates>20.87622600,-9.70929600,0</coordinates>
      </Point>
    </Placemark>
    <Placemark>
      <styleUrl>#dados_com_ensaio</styleUrl>
      <Point>
        <coordinates>20.96407800,-9.74044000,0</coordinates>
      </Point>
    </Placemark>
    <Placemark>
      <styleUrl>#dados_com_ensaio</styleUrl>
      <Point>
        <coordinates>21.03239000,-9.79086400,0</coordinates>
      </Point>
    </Placemark>
    <Placemark>
      <styleUrl>#dados_com_ensaio</styleUrl>
      <Point>
        <coordinates>21.17542900,-9.88485700,0</coordinates>
      </Point>
    </Placemark>
    <Placemark>
      <styleUrl>#dados_com_ensaio</styleUrl>
      <Point>
        <coordinates>19.92288700,-11.84836800,0</coordinates>
      </Point>
    </Placemark>
    <Placemark>
      <styleUrl>#dados_com_ensaio</styleUrl>
      <Point>
        <coordinates>19.96712400,-11.90678200,0</coordinates>
      </Point>
    </Placemark>
    <Placemark>
      <styleUrl>#dados_com_ensaio</styleUrl>
      <Point>
        <coordinates>20.03170800,-11.95605600,0</coordinates>
      </Point>
    </Placemark>
    <Placemark>
      <styleUrl>#dados_com_ensaio</styleUrl>
      <Point>
        <coordinates>20.15942100,-12.03449500,0</coordinates>
      </Point>
    </Placemark>
    <Placemark>
      <styleUrl>#dados_com_ensaio</styleUrl>
      <Point>
        <coordinates>20.21464300,-12.06867400,0</coordinates>
      </Point>
    </Placemark>
    <Placemark>
      <styleUrl>#dados_com_ensaio</styleUrl>
      <Point>
        <coordinates>20.31194500,-12.12862300,0</coordinates>
      </Point>
    </Placemark>
    <Placemark>
      <styleUrl>#dados_com_ensaio</styleUrl>
      <Point>
        <coordinates>20.37248000,-12.22647400,0</coordinates>
      </Point>
    </Placemark>
    <Placemark>
      <styleUrl>#dados_com_ensaio</styleUrl>
      <Point>
        <coordinates>20.50579400,-12.35475700,0</coordinates>
      </Point>
    </Placemark>
    <Placemark>
      <styleUrl>#dados_com_ensaio</styleUrl>
      <Point>
        <coordinates>20.60366200,-12.42191600,0</coordinates>
      </Point>
    </Placemark>
    <Placemark>
      <styleUrl>#dados_com_ensaio</styleUrl>
      <Point>
        <coordinates>20.69770400,-12.48312200,0</coordinates>
      </Point>
    </Placemark>
    <Placemark>
      <styleUrl>#dados_com_ensaio</styleUrl>
      <Point>
        <coordinates>20.71631900,-12.49384900,0</coordinates>
      </Point>
    </Placemark>
    <Placemark>
      <styleUrl>#dados_com_ensaio</styleUrl>
      <Point>
        <coordinates>14.38879400,-6.98287900,0</coordinates>
      </Point>
    </Placemark>
    <Placemark>
      <styleUrl>#dados_com_ensaio</styleUrl>
      <Point>
        <coordinates>14.27650600,-7.05091200,0</coordinates>
      </Point>
    </Placemark>
    <Placemark>
      <styleUrl>#dados_com_ensaio</styleUrl>
      <Point>
        <coordinates>14.55133800,-7.08188600,0</coordinates>
      </Point>
    </Placemark>
    <Placemark>
      <styleUrl>#dados_com_ensaio</styleUrl>
      <Point>
        <coordinates>14.26624600,-7.14348300,0</coordinates>
      </Point>
    </Placemark>
    <Placemark>
      <styleUrl>#dados_com_ensaio</styleUrl>
      <Point>
        <coordinates>14.21124200,-7.21152000,0</coordinates>
      </Point>
    </Placemark>
    <Placemark>
      <styleUrl>#dados_com_ensaio</styleUrl>
      <Point>
        <coordinates>14.10856900,-7.22675200,0</coordinates>
      </Point>
    </Placemark>
    <Placemark>
      <styleUrl>#dados_com_ensaio</styleUrl>
      <Point>
        <coordinates>16.15754100,-6.85542600,0</coordinates>
      </Point>
    </Placemark>
    <Placemark>
      <styleUrl>#dados_com_ensaio</styleUrl>
      <Point>
        <coordinates>16.18911800,-6.78383700,0</coordinates>
      </Point>
    </Placemark>
    <Placemark>
      <styleUrl>#dados_com_ensaio</styleUrl>
      <Point>
        <coordinates>16.21448600,-6.68495000,0</coordinates>
      </Point>
    </Placemark>
    <Placemark>
      <styleUrl>#dados_com_ensaio</styleUrl>
      <Point>
        <coordinates>15.89000400,-7.46128600,0</coordinates>
      </Point>
    </Placemark>
    <Placemark>
      <styleUrl>#dados_com_ensaio</styleUrl>
      <Point>
        <coordinates>16.12565500,-6.97167600,0</coordinates>
      </Point>
    </Placemark>
    <Placemark>
      <styleUrl>#dados_com_ensaio</styleUrl>
      <Point>
        <coordinates>15.56547300,-7.70938100,0</coordinates>
      </Point>
    </Placemark>
    <Placemark>
      <styleUrl>#dados_com_ensaio</styleUrl>
      <Point>
        <coordinates>17.74748700,-14.66404800,0</coordinates>
      </Point>
    </Placemark>
    <Placemark>
      <styleUrl>#dados_com_ensaio</styleUrl>
      <Point>
        <coordinates>18.68666700,-14.57628800,0</coordinates>
      </Point>
    </Placemark>
    <Placemark>
      <styleUrl>#dados_com_ensaio</styleUrl>
      <Point>
        <coordinates>17.97983300,-14.59124100,0</coordinates>
      </Point>
    </Placemark>
    <Placemark>
      <styleUrl>#dados_com_ensaio</styleUrl>
      <Point>
        <coordinates>12.25801900,-15.23114800,0</coordinates>
      </Point>
    </Placemark>
    <Placemark>
      <styleUrl>#dados_com_ensaio</styleUrl>
      <Point>
        <coordinates>12.25805900,-15.23020000,0</coordinates>
      </Point>
    </Placemark>
    <Placemark>
      <styleUrl>#dados_com_ensaio</styleUrl>
      <Point>
        <coordinates>14.60501100,-8.50192300,0</coordinates>
      </Point>
    </Placemark>
    <Placemark>
      <styleUrl>#dados_com_ensaio</styleUrl>
      <Point>
        <coordinates>14.60861100,-8.50194400,0</coordinates>
      </Point>
    </Placemark>
    <Placemark>
      <styleUrl>#dados_com_ensaio</styleUrl>
      <Point>
        <coordinates>14.63254300,-8.50093700,0</coordinates>
      </Point>
    </Placemark>
    <Placemark>
      <styleUrl>#dados_com_ensaio</styleUrl>
      <Point>
        <coordinates>14.63704200,-8.50106200,0</coordinates>
      </Point>
    </Placemark>
    <Placemark>
      <styleUrl>#dados_com_ensaio</styleUrl>
      <Point>
        <coordinates>14.64118600,-8.49988700,0</coordinates>
      </Point>
    </Placemark>
    <Placemark>
      <styleUrl>#dados_com_ensaio</styleUrl>
      <Point>
        <coordinates>14.64490400,-8.49928700,0</coordinates>
      </Point>
    </Placemark>
    <Placemark>
      <styleUrl>#dados_com_ensaio</styleUrl>
      <Point>
        <coordinates>14.64911200,-8.49941100,0</coordinates>
      </Point>
    </Placemark>
    <Placemark>
      <styleUrl>#dados_com_ensaio</styleUrl>
      <Point>
        <coordinates>14.65331500,-8.49900000,0</coordinates>
      </Point>
    </Placemark>
    <Placemark>
      <styleUrl>#dados_com_ensaio</styleUrl>
      <Point>
        <coordinates>14.65710300,-8.49729200,0</coordinates>
      </Point>
    </Placemark>
    <Placemark>
      <styleUrl>#dados_com_ensaio</styleUrl>
      <Point>
        <coordinates>14.66157600,-8.49709500,0</coordinates>
      </Point>
    </Placemark>
    <Placemark>
      <styleUrl>#dados_com_ensaio</styleUrl>
      <Point>
        <coordinates>14.66475900,-8.49409100,0</coordinates>
      </Point>
    </Placemark>
    <Placemark>
      <styleUrl>#dados_com_ensaio</styleUrl>
      <Point>
        <coordinates>14.66885300,-8.49310800,0</coordinates>
      </Point>
    </Placemark>
    <Placemark>
      <styleUrl>#dados_com_ensaio</styleUrl>
      <Point>
        <coordinates>14.67154400,-8.49448800,0</coordinates>
      </Point>
    </Placemark>
    <Placemark>
      <styleUrl>#dados_com_ensaio</styleUrl>
      <Point>
        <coordinates>14.67415700,-8.49758200,0</coordinates>
      </Point>
    </Placemark>
    <Placemark>
      <styleUrl>#dados_com_ensaio</styleUrl>
      <Point>
        <coordinates>14.67559500,-8.50101100,0</coordinates>
      </Point>
    </Placemark>
    <Placemark>
      <styleUrl>#dados_com_ensaio</styleUrl>
      <Point>
        <coordinates>14.67604000,-8.50497600,0</coordinates>
      </Point>
    </Placemark>
    <Placemark>
      <styleUrl>#dados_com_ensaio</styleUrl>
      <Point>
        <coordinates>14.67633100,-8.50860500,0</coordinates>
      </Point>
    </Placemark>
    <Placemark>
      <styleUrl>#dados_com_ensaio</styleUrl>
      <Point>
        <coordinates>14.67831500,-8.51233400,0</coordinates>
      </Point>
    </Placemark>
    <Placemark>
      <styleUrl>#dados_com_ensaio</styleUrl>
      <Point>
        <coordinates>14.69550200,-8.51237500,0</coordinates>
      </Point>
    </Placemark>
    <Placemark>
      <styleUrl>#dados_com_ensaio</styleUrl>
      <Point>
        <coordinates>14.69969800,-8.51091200,0</coordinates>
      </Point>
    </Placemark>
    <Placemark>
      <styleUrl>#dados_com_ensaio</styleUrl>
      <Point>
        <coordinates>14.70281600,-8.50856800,0</coordinates>
      </Point>
    </Placemark>
    <Placemark>
      <styleUrl>#dados_com_ensaio</styleUrl>
      <Point>
        <coordinates>14.70651300,-8.50666500,0</coordinates>
      </Point>
    </Placemark>
    <Placemark>
      <styleUrl>#dados_com_ensaio</styleUrl>
      <Point>
        <coordinates>14.71033500,-8.50851200,0</coordinates>
      </Point>
    </Placemark>
    <Placemark>
      <styleUrl>#dados_com_ensaio</styleUrl>
      <Point>
        <coordinates>14.71472800,-8.50816200,0</coordinates>
      </Point>
    </Placemark>
    <Placemark>
      <styleUrl>#dados_com_ensaio</styleUrl>
      <Point>
        <coordinates>14.71907500,-8.50866900,0</coordinates>
      </Point>
    </Placemark>
    <Placemark>
      <styleUrl>#dados_com_ensaio</styleUrl>
      <Point>
        <coordinates>14.72334800,-8.50869200,0</coordinates>
      </Point>
    </Placemark>
    <Placemark>
      <styleUrl>#dados_com_ensaio</styleUrl>
      <Point>
        <coordinates>14.72756700,-8.50842400,0</coordinates>
      </Point>
    </Placemark>
    <Placemark>
      <styleUrl>#dados_com_ensaio</styleUrl>
      <Point>
        <coordinates>14.73192500,-8.50769900,0</coordinates>
      </Point>
    </Placemark>
    <Placemark>
      <styleUrl>#dados_com_ensaio</styleUrl>
      <Point>
        <coordinates>14.73629100,-8.50890900,0</coordinates>
      </Point>
    </Placemark>
    <Placemark>
      <styleUrl>#dados_com_ensaio</styleUrl>
      <Point>
        <coordinates>14.74082400,-8.50918800,0</coordinates>
      </Point>
    </Placemark>
    <Placemark>
      <styleUrl>#dados_com_ensaio</styleUrl>
      <Point>
        <coordinates>14.74483800,-8.50775400,0</coordinates>
      </Point>
    </Placemark>
    <Placemark>
      <styleUrl>#dados_com_ensaio</styleUrl>
      <Point>
        <coordinates>14.74825200,-8.50736900,0</coordinates>
      </Point>
    </Placemark>
    <Placemark>
      <styleUrl>#dados_com_ensaio</styleUrl>
      <Point>
        <coordinates>14.75096500,-8.50988800,0</coordinates>
      </Point>
    </Placemark>
    <Placemark>
      <styleUrl>#dados_com_ensaio</styleUrl>
      <Point>
        <coordinates>14.75384700,-8.51135700,0</coordinates>
      </Point>
    </Placemark>
    <Placemark>
      <styleUrl>#dados_com_ensaio</styleUrl>
      <Point>
        <coordinates>14.76506000,-8.51743600,0</coordinates>
      </Point>
    </Placemark>
    <Placemark>
      <styleUrl>#dados_com_ensaio</styleUrl>
      <Point>
        <coordinates>14.76925000,-8.51672900,0</coordinates>
      </Point>
    </Placemark>
    <Placemark>
      <styleUrl>#dados_com_ensaio</styleUrl>
      <Point>
        <coordinates>14.77377400,-8.51644200,0</coordinates>
      </Point>
    </Placemark>
    <Placemark>
      <styleUrl>#dados_com_ensaio</styleUrl>
      <Point>
        <coordinates>14.77596400,-8.51501900,0</coordinates>
      </Point>
    </Placemark>
    <Placemark>
      <styleUrl>#dados_com_ensaio</styleUrl>
      <Point>
        <coordinates>14.77695400,-8.51109900,0</coordinates>
      </Point>
    </Placemark>
    <Placemark>
      <styleUrl>#dados_com_ensaio</styleUrl>
      <Point>
        <coordinates>14.77804400,-8.50820900,0</coordinates>
      </Point>
    </Placemark>
    <Placemark>
      <styleUrl>#dados_com_ensaio</styleUrl>
      <Point>
        <coordinates>14.78232900,-8.50726900,0</coordinates>
      </Point>
    </Placemark>
    <Placemark>
      <styleUrl>#dados_com_ensaio</styleUrl>
      <Point>
        <coordinates>14.78554600,-8.50441300,0</coordinates>
      </Point>
    </Placemark>
    <Placemark>
      <styleUrl>#dados_com_ensaio</styleUrl>
      <Point>
        <coordinates>14.79000700,-8.50474500,0</coordinates>
      </Point>
    </Placemark>
    <Placemark>
      <styleUrl>#dados_com_ensaio</styleUrl>
      <Point>
        <coordinates>14.79417800,-8.50625800,0</coordinates>
      </Point>
    </Placemark>
    <Placemark>
      <styleUrl>#dados_com_ensaio</styleUrl>
      <Point>
        <coordinates>14.79571900,-8.50930800,0</coordinates>
      </Point>
    </Placemark>
    <Placemark>
      <styleUrl>#dados_com_ensaio</styleUrl>
      <Point>
        <coordinates>14.79984600,-8.50785100,0</coordinates>
      </Point>
    </Placemark>
    <Placemark>
      <styleUrl>#dados_com_ensaio</styleUrl>
      <Point>
        <coordinates>14.80424700,-8.50700000,0</coordinates>
      </Point>
    </Placemark>
    <Placemark>
      <styleUrl>#dados_com_ensaio</styleUrl>
      <Point>
        <coordinates>14.80824300,-8.50537900,0</coordinates>
      </Point>
    </Placemark>
    <Placemark>
      <styleUrl>#dados_com_ensaio</styleUrl>
      <Point>
        <coordinates>14.81189900,-8.50480500,0</coordinates>
      </Point>
    </Placemark>
    <Placemark>
      <styleUrl>#dados_com_ensaio</styleUrl>
      <Point>
        <coordinates>14.81535800,-8.50725400,0</coordinates>
      </Point>
    </Placemark>
    <Placemark>
      <styleUrl>#dados_com_ensaio</styleUrl>
      <Point>
        <coordinates>14.82328500,-8.49975600,0</coordinates>
      </Point>
    </Placemark>
    <Placemark>
      <styleUrl>#dados_com_ensaio</styleUrl>
      <Point>
        <coordinates>14.82658400,-8.49732800,0</coordinates>
      </Point>
    </Placemark>
    <Placemark>
      <styleUrl>#dados_com_ensaio</styleUrl>
      <Point>
        <coordinates>14.83056900,-8.49697100,0</coordinates>
      </Point>
    </Placemark>
    <Placemark>
      <styleUrl>#dados_com_ensaio</styleUrl>
      <Point>
        <coordinates>14.83764500,-8.49959500,0</coordinates>
      </Point>
    </Placemark>
    <Placemark>
      <styleUrl>#dados_com_ensaio</styleUrl>
      <Point>
        <coordinates>14.84077000,-8.50132900,0</coordinates>
      </Point>
    </Placemark>
    <Placemark>
      <styleUrl>#dados_com_ensaio</styleUrl>
      <Point>
        <coordinates>14.84451300,-8.50346900,0</coordinates>
      </Point>
    </Placemark>
    <Placemark>
      <styleUrl>#dados_com_ensaio</styleUrl>
      <Point>
        <coordinates>14.84762100,-8.50204600,0</coordinates>
      </Point>
    </Placemark>
    <Placemark>
      <styleUrl>#dados_com_ensaio</styleUrl>
      <Point>
        <coordinates>14.85093700,-8.50408500,0</coordinates>
      </Point>
    </Placemark>
    <Placemark>
      <styleUrl>#dados_com_ensaio</styleUrl>
      <Point>
        <coordinates>14.85382800,-8.50112300,0</coordinates>
      </Point>
    </Placemark>
    <Placemark>
      <styleUrl>#dados_com_ensaio</styleUrl>
      <Point>
        <coordinates>14.85745700,-8.50333500,0</coordinates>
      </Point>
    </Placemark>
    <Placemark>
      <styleUrl>#dados_com_ensaio</styleUrl>
      <Point>
        <coordinates>14.86091200,-8.50164500,0</coordinates>
      </Point>
    </Placemark>
    <Placemark>
      <styleUrl>#dados_com_ensaio</styleUrl>
      <Point>
        <coordinates>14.86232600,-8.49762600,0</coordinates>
      </Point>
    </Placemark>
    <Placemark>
      <styleUrl>#dados_com_ensaio</styleUrl>
      <Point>
        <coordinates>14.86642100,-8.49708800,0</coordinates>
      </Point>
    </Placemark>
    <Placemark>
      <styleUrl>#dados_com_ensaio</styleUrl>
      <Point>
        <coordinates>14.87065700,-8.49725100,0</coordinates>
      </Point>
    </Placemark>
    <Placemark>
      <styleUrl>#dados_com_ensaio</styleUrl>
      <Point>
        <coordinates>14.87477300,-8.49655500,0</coordinates>
      </Point>
    </Placemark>
    <Placemark>
      <styleUrl>#dados_com_ensaio</styleUrl>
      <Point>
        <coordinates>14.87843500,-8.49900900,0</coordinates>
      </Point>
    </Placemark>
    <Placemark>
      <styleUrl>#dados_com_ensaio</styleUrl>
      <Point>
        <coordinates>14.88179500,-8.50196800,0</coordinates>
      </Point>
    </Placemark>
    <Placemark>
      <styleUrl>#dados_com_ensaio</styleUrl>
      <Point>
        <coordinates>14.88498800,-8.50450900,0</coordinates>
      </Point>
    </Placemark>
    <Placemark>
      <styleUrl>#dados_com_ensaio</styleUrl>
      <Point>
        <coordinates>14.88669300,-8.50858900,0</coordinates>
      </Point>
    </Placemark>
    <Placemark>
      <styleUrl>#dados_com_ensaio</styleUrl>
      <Point>
        <coordinates>14.89053600,-8.51027200,0</coordinates>
      </Point>
    </Placemark>
    <Placemark>
      <styleUrl>#dados_com_ensaio</styleUrl>
      <Point>
        <coordinates>14.89378000,-8.51219400,0</coordinates>
      </Point>
    </Placemark>
    <Placemark>
      <styleUrl>#dados_com_ensaio</styleUrl>
      <Point>
        <coordinates>14.89612000,-8.51582400,0</coordinates>
      </Point>
    </Placemark>
    <Placemark>
      <styleUrl>#dados_com_ensaio</styleUrl>
      <Point>
        <coordinates>14.89661100,-8.52025200,0</coordinates>
      </Point>
    </Placemark>
    <Placemark>
      <styleUrl>#dados_com_ensaio</styleUrl>
      <Point>
        <coordinates>14.89685000,-8.52355500,0</coordinates>
      </Point>
    </Placemark>
    <Placemark>
      <styleUrl>#dados_com_ensaio</styleUrl>
      <Point>
        <coordinates>14.89928200,-8.52604300,0</coordinates>
      </Point>
    </Placemark>
    <Placemark>
      <styleUrl>#dados_com_ensaio</styleUrl>
      <Point>
        <coordinates>14.90320000,-8.52592700,0</coordinates>
      </Point>
    </Placemark>
    <Placemark>
      <styleUrl>#dados_com_ensaio</styleUrl>
      <Point>
        <coordinates>14.90668600,-8.52777500,0</coordinates>
      </Point>
    </Placemark>
    <Placemark>
      <styleUrl>#dados_com_ensaio</styleUrl>
      <Point>
        <coordinates>14.90974000,-8.52738900,0</coordinates>
      </Point>
    </Placemark>
    <Placemark>
      <styleUrl>#dados_com_ensaio</styleUrl>
      <Point>
        <coordinates>14.91282200,-8.52441400,0</coordinates>
      </Point>
    </Placemark>
    <Placemark>
      <styleUrl>#dados_com_ensaio</styleUrl>
      <Point>
        <coordinates>14.91554500,-8.52188300,0</coordinates>
      </Point>
    </Placemark>
    <Placemark>
      <styleUrl>#dados_com_ensaio</styleUrl>
      <Point>
        <coordinates>14.93162000,-8.52897900,0</coordinates>
      </Point>
    </Placemark>
    <Placemark>
      <styleUrl>#dados_com_ensaio</styleUrl>
      <Point>
        <coordinates>14.93366700,-8.52563300,0</coordinates>
      </Point>
    </Placemark>
    <Placemark>
      <styleUrl>#dados_com_ensaio</styleUrl>
      <Point>
        <coordinates>14.93690400,-8.52261000,0</coordinates>
      </Point>
    </Placemark>
    <Placemark>
      <styleUrl>#dados_com_ensaio</styleUrl>
      <Point>
        <coordinates>14.94058600,-8.52035800,0</coordinates>
      </Point>
    </Placemark>
    <Placemark>
      <styleUrl>#dados_com_ensaio</styleUrl>
      <Point>
        <coordinates>14.94322800,-8.51728700,0</coordinates>
      </Point>
    </Placemark>
    <Placemark>
      <styleUrl>#dados_com_ensaio</styleUrl>
      <Point>
        <coordinates>14.94655100,-8.51488600,0</coordinates>
      </Point>
    </Placemark>
    <Placemark>
      <styleUrl>#dados_com_ensaio</styleUrl>
      <Point>
        <coordinates>14.94658700,-8.51062100,0</coordinates>
      </Point>
    </Placemark>
    <Placemark>
      <styleUrl>#dados_com_ensaio</styleUrl>
      <Point>
        <coordinates>14.95005100,-8.50798000,0</coordinates>
      </Point>
    </Placemark>
    <Placemark>
      <styleUrl>#dados_com_ensaio</styleUrl>
      <Point>
        <coordinates>14.48034000,-9.67482900,0</coordinates>
      </Point>
    </Placemark>
    <Placemark>
      <styleUrl>#dados_com_ensaio</styleUrl>
      <Point>
        <coordinates>14.48488400,-9.67450300,0</coordinates>
      </Point>
    </Placemark>
    <Placemark>
      <styleUrl>#dados_com_ensaio</styleUrl>
      <Point>
        <coordinates>14.48938000,-9.67378000,0</coordinates>
      </Point>
    </Placemark>
    <Placemark>
      <styleUrl>#dados_com_ensaio</styleUrl>
      <Point>
        <coordinates>14.49816800,-9.67172900,0</coordinates>
      </Point>
    </Placemark>
    <Placemark>
      <styleUrl>#dados_com_ensaio</styleUrl>
      <Point>
        <coordinates>14.50214300,-9.66968100,0</coordinates>
      </Point>
    </Placemark>
    <Placemark>
      <styleUrl>#dados_com_ensaio</styleUrl>
      <Point>
        <coordinates>14.50665200,-9.66946800,0</coordinates>
      </Point>
    </Placemark>
    <Placemark>
      <styleUrl>#dados_com_ensaio</styleUrl>
      <Point>
        <coordinates>14.51562800,-9.66943100,0</coordinates>
      </Point>
    </Placemark>
    <Placemark>
      <styleUrl>#dados_com_ensaio</styleUrl>
      <Point>
        <coordinates>14.52896500,-9.66743300,0</coordinates>
      </Point>
    </Placemark>
    <Placemark>
      <styleUrl>#dados_com_ensaio</styleUrl>
      <Point>
        <coordinates>14.53350800,-9.66776200,0</coordinates>
      </Point>
    </Placemark>
    <Placemark>
      <styleUrl>#dados_com_ensaio</styleUrl>
      <Point>
        <coordinates>14.57418100,-9.66497400,0</coordinates>
      </Point>
    </Placemark>
    <Placemark>
      <styleUrl>#dados_com_ensaio</styleUrl>
      <Point>
        <coordinates>14.58328200,-9.66522800,0</coordinates>
      </Point>
    </Placemark>
    <Placemark>
      <styleUrl>#dados_com_ensaio</styleUrl>
      <Point>
        <coordinates>14.58782400,-9.66558300,0</coordinates>
      </Point>
    </Placemark>
    <Placemark>
      <styleUrl>#dados_com_ensaio</styleUrl>
      <Point>
        <coordinates>14.59236700,-9.66592400,0</coordinates>
      </Point>
    </Placemark>
    <Placemark>
      <styleUrl>#dados_com_ensaio</styleUrl>
      <Point>
        <coordinates>14.59690300,-9.66633500,0</coordinates>
      </Point>
    </Placemark>
    <Placemark>
      <styleUrl>#dados_com_ensaio</styleUrl>
      <Point>
        <coordinates>14.61922300,-9.66725100,0</coordinates>
      </Point>
    </Placemark>
    <Placemark>
      <styleUrl>#dados_com_ensaio</styleUrl>
      <Point>
        <coordinates>14.62359300,-9.66821700,0</coordinates>
      </Point>
    </Placemark>
    <Placemark>
      <styleUrl>#dados_com_ensaio</styleUrl>
      <Point>
        <coordinates>14.62784300,-9.66983600,0</coordinates>
      </Point>
    </Placemark>
    <Placemark>
      <styleUrl>#dados_com_ensaio</styleUrl>
      <Point>
        <coordinates>14.63143000,-9.67257100,0</coordinates>
      </Point>
    </Placemark>
    <Placemark>
      <styleUrl>#dados_com_ensaio</styleUrl>
      <Point>
        <coordinates>14.63571000,-9.67292100,0</coordinates>
      </Point>
    </Placemark>
    <Placemark>
      <styleUrl>#dados_com_ensaio</styleUrl>
      <Point>
        <coordinates>14.64009600,-9.67170200,0</coordinates>
      </Point>
    </Placemark>
    <Placemark>
      <styleUrl>#dados_com_ensaio</styleUrl>
      <Point>
        <coordinates>14.64459000,-9.67159000,0</coordinates>
      </Point>
    </Placemark>
    <Placemark>
      <styleUrl>#dados_com_ensaio</styleUrl>
      <Point>
        <coordinates>14.64842000,-9.67398400,0</coordinates>
      </Point>
    </Placemark>
    <Placemark>
      <styleUrl>#dados_com_ensaio</styleUrl>
      <Point>
        <coordinates>14.65164700,-9.67705300,0</coordinates>
      </Point>
    </Placemark>
    <Placemark>
      <styleUrl>#dados_com_ensaio</styleUrl>
      <Point>
        <coordinates>14.65656100,-9.68384000,0</coordinates>
      </Point>
    </Placemark>
    <Placemark>
      <styleUrl>#dados_com_ensaio</styleUrl>
      <Point>
        <coordinates>14.65758600,-9.68813900,0</coordinates>
      </Point>
    </Placemark>
    <Placemark>
      <styleUrl>#dados_com_ensaio</styleUrl>
      <Point>
        <coordinates>14.66127900,-9.69008300,0</coordinates>
      </Point>
    </Placemark>
    <Placemark>
      <styleUrl>#dados_com_ensaio</styleUrl>
      <Point>
        <coordinates>14.66578300,-9.69076200,0</coordinates>
      </Point>
    </Placemark>
    <Placemark>
      <styleUrl>#dados_com_ensaio</styleUrl>
      <Point>
        <coordinates>14.67030700,-9.69066900,0</coordinates>
      </Point>
    </Placemark>
    <Placemark>
      <styleUrl>#dados_com_ensaio</styleUrl>
      <Point>
        <coordinates>14.67482100,-9.69007800,0</coordinates>
      </Point>
    </Placemark>
    <Placemark>
      <styleUrl>#dados_com_ensaio</styleUrl>
      <Point>
        <coordinates>14.67937600,-9.69005800,0</coordinates>
      </Point>
    </Placemark>
    <Placemark>
      <styleUrl>#dados_com_ensaio</styleUrl>
      <Point>
        <coordinates>14.69279800,-9.68855800,0</coordinates>
      </Point>
    </Placemark>
    <Placemark>
      <styleUrl>#dados_com_ensaio</styleUrl>
      <Point>
        <coordinates>14.70138600,-9.68631400,0</coordinates>
      </Point>
    </Placemark>
    <Placemark>
      <styleUrl>#dados_com_ensaio</styleUrl>
      <Point>
        <coordinates>14.71007900,-9.68878600,0</coordinates>
      </Point>
    </Placemark>
    <Placemark>
      <styleUrl>#dados_com_ensaio</styleUrl>
      <Point>
        <coordinates>14.71429900,-9.69034600,0</coordinates>
      </Point>
    </Placemark>
    <Placemark>
      <styleUrl>#dados_com_ensaio</styleUrl>
      <Point>
        <coordinates>14.71843400,-9.68859300,0</coordinates>
      </Point>
    </Placemark>
    <Placemark>
      <styleUrl>#dados_com_ensaio</styleUrl>
      <Point>
        <coordinates>14.72717200,-9.68635300,0</coordinates>
      </Point>
    </Placemark>
    <Placemark>
      <styleUrl>#dados_com_ensaio</styleUrl>
      <Point>
        <coordinates>14.74472400,-9.68842400,0</coordinates>
      </Point>
    </Placemark>
    <Placemark>
      <styleUrl>#dados_com_ensaio</styleUrl>
      <Point>
        <coordinates>14.74918400,-9.68759700,0</coordinates>
      </Point>
    </Placemark>
    <Placemark>
      <styleUrl>#dados_com_ensaio</styleUrl>
      <Point>
        <coordinates>14.75370400,-9.68718100,0</coordinates>
      </Point>
    </Placemark>
    <Placemark>
      <styleUrl>#dados_com_ensaio</styleUrl>
      <Point>
        <coordinates>14.78919700,-9.68299700,0</coordinates>
      </Point>
    </Placemark>
    <Placemark>
      <styleUrl>#dados_com_ensaio</styleUrl>
      <Point>
        <coordinates>14.79368300,-9.68227500,0</coordinates>
      </Point>
    </Placemark>
    <Placemark>
      <styleUrl>#dados_com_ensaio</styleUrl>
      <Point>
        <coordinates>14.79817800,-9.68157600,0</coordinates>
      </Point>
    </Placemark>
    <Placemark>
      <styleUrl>#dados_com_ensaio</styleUrl>
      <Point>
        <coordinates>14.80244200,-9.67999200,0</coordinates>
      </Point>
    </Placemark>
    <Placemark>
      <styleUrl>#dados_com_ensaio</styleUrl>
      <Point>
        <coordinates>14.80649600,-9.67799000,0</coordinates>
      </Point>
    </Placemark>
    <Placemark>
      <styleUrl>#dados_com_ensaio</styleUrl>
      <Point>
        <coordinates>14.81029400,-9.67551100,0</coordinates>
      </Point>
    </Placemark>
    <Placemark>
      <styleUrl>#dados_com_ensaio</styleUrl>
      <Point>
        <coordinates>14.81455800,-9.67394200,0</coordinates>
      </Point>
    </Placemark>
    <Placemark>
      <styleUrl>#dados_com_ensaio</styleUrl>
      <Point>
        <coordinates>14.81792700,-9.67118800,0</coordinates>
      </Point>
    </Placemark>
    <Placemark>
      <styleUrl>#dados_com_ensaio</styleUrl>
      <Point>
        <coordinates>14.81917700,-9.66690800,0</coordinates>
      </Point>
    </Placemark>
    <Placemark>
      <styleUrl>#dados_com_ensaio</styleUrl>
      <Point>
        <coordinates>14.82275600,-9.66425100,0</coordinates>
      </Point>
    </Placemark>
    <Placemark>
      <styleUrl>#dados_com_ensaio</styleUrl>
      <Point>
        <coordinates>14.82711400,-9.66296800,0</coordinates>
      </Point>
    </Placemark>
    <Placemark>
      <styleUrl>#dados_com_ensaio</styleUrl>
      <Point>
        <coordinates>14.83163300,-9.66242100,0</coordinates>
      </Point>
    </Placemark>
    <Placemark>
      <styleUrl>#dados_com_ensaio</styleUrl>
      <Point>
        <coordinates>14.83609500,-9.66151100,0</coordinates>
      </Point>
    </Placemark>
    <Placemark>
      <styleUrl>#dados_com_ensaio</styleUrl>
      <Point>
        <coordinates>14.84054800,-9.66058600,0</coordinates>
      </Point>
    </Placemark>
    <Placemark>
      <styleUrl>#dados_com_ensaio</styleUrl>
      <Point>
        <coordinates>14.89007000,-9.66556400,0</coordinates>
      </Point>
    </Placemark>
    <Placemark>
      <styleUrl>#dados_com_ensaio</styleUrl>
      <Point>
        <coordinates>14.89411800,-9.66351700,0</coordinates>
      </Point>
    </Placemark>
    <Placemark>
      <styleUrl>#dados_com_ensaio</styleUrl>
      <Point>
        <coordinates>14.89805600,-9.66167500,0</coordinates>
      </Point>
    </Placemark>
    <Placemark>
      <styleUrl>#dados_com_ensaio</styleUrl>
      <Point>
        <coordinates>14.90523900,-9.65691000,0</coordinates>
      </Point>
    </Placemark>
    <Placemark>
      <styleUrl>#dados_com_ensaio</styleUrl>
      <Point>
        <coordinates>14.90841200,-9.65368700,0</coordinates>
      </Point>
    </Placemark>
    <Placemark>
      <styleUrl>#dados_com_ensaio</styleUrl>
      <Point>
        <coordinates>14.91160200,-9.65048200,0</coordinates>
      </Point>
    </Placemark>
    <Placemark>
      <styleUrl>#dados_com_ensaio</styleUrl>
      <Point>
        <coordinates>14.91591400,-9.64925000,0</coordinates>
      </Point>
    </Placemark>
    <Placemark>
      <styleUrl>#dados_com_ensaio</styleUrl>
      <Point>
        <coordinates>14.92025700,-9.64949600,0</coordinates>
      </Point>
    </Placemark>
    <Placemark>
      <styleUrl>#dados_com_ensaio</styleUrl>
      <Point>
        <coordinates>14.92425900,-9.65023700,0</coordinates>
      </Point>
    </Placemark>
    <Placemark>
      <styleUrl>#dados_com_ensaio</styleUrl>
      <Point>
        <coordinates>14.92778300,-9.64745500,0</coordinates>
      </Point>
    </Placemark>
    <Placemark>
      <styleUrl>#dados_com_ensaio</styleUrl>
      <Point>
        <coordinates>14.93232100,-9.64742800,0</coordinates>
      </Point>
    </Placemark>
    <Placemark>
      <styleUrl>#dados_com_ensaio</styleUrl>
      <Point>
        <coordinates>14.93606700,-9.64533100,0</coordinates>
      </Point>
    </Placemark>
    <Placemark>
      <styleUrl>#dados_com_ensaio</styleUrl>
      <Point>
        <coordinates>14.94051700,-9.64619800,0</coordinates>
      </Point>
    </Placemark>
    <Placemark>
      <styleUrl>#dados_com_ensaio</styleUrl>
      <Point>
        <coordinates>14.94493100,-9.64596300,0</coordinates>
      </Point>
    </Placemark>
    <Placemark>
      <styleUrl>#dados_com_ensaio</styleUrl>
      <Point>
        <coordinates>14.94893300,-9.64406600,0</coordinates>
      </Point>
    </Placemark>
    <Placemark>
      <styleUrl>#dados_com_ensaio</styleUrl>
      <Point>
        <coordinates>14.95284300,-9.64598900,0</coordinates>
      </Point>
    </Placemark>
    <Placemark>
      <styleUrl>#dados_com_ensaio</styleUrl>
      <Point>
        <coordinates>14.95567500,-9.64913300,0</coordinates>
      </Point>
    </Placemark>
    <Placemark>
      <styleUrl>#dados_com_ensaio</styleUrl>
      <Point>
        <coordinates>14.95993300,-9.65070400,0</coordinates>
      </Point>
    </Placemark>
    <Placemark>
      <styleUrl>#dados_com_ensaio</styleUrl>
      <Point>
        <coordinates>14.96414300,-9.65242000,0</coordinates>
      </Point>
    </Placemark>
    <Placemark>
      <styleUrl>#dados_com_ensaio</styleUrl>
      <Point>
        <coordinates>15.06313200,-13.74182200,0</coordinates>
      </Point>
    </Placemark>
    <Placemark>
      <styleUrl>#dados_com_ensaio</styleUrl>
      <Point>
        <coordinates>15.06757300,-13.74936600,0</coordinates>
      </Point>
    </Placemark>
    <Placemark>
      <styleUrl>#dados_com_ensaio</styleUrl>
      <Point>
        <coordinates>15.08171400,-13.78115900,0</coordinates>
      </Point>
    </Placemark>
    <Placemark>
      <styleUrl>#dados_com_ensaio</styleUrl>
      <Point>
        <coordinates>15.08396900,-13.78502400,0</coordinates>
      </Point>
    </Placemark>
    <Placemark>
      <styleUrl>#dados_com_ensaio</styleUrl>
      <Point>
        <coordinates>15.08591100,-13.78910500,0</coordinates>
      </Point>
    </Placemark>
    <Placemark>
      <styleUrl>#dados_com_ensaio</styleUrl>
      <Point>
        <coordinates>15.08785500,-13.79318600,0</coordinates>
      </Point>
    </Placemark>
    <Placemark>
      <styleUrl>#dados_com_ensaio</styleUrl>
      <Point>
        <coordinates>15.08979700,-13.79726900,0</coordinates>
      </Point>
    </Placemark>
    <Placemark>
      <styleUrl>#dados_com_ensaio</styleUrl>
      <Point>
        <coordinates>15.09367300,-13.80543600,0</coordinates>
      </Point>
    </Placemark>
    <Placemark>
      <styleUrl>#dados_com_ensaio</styleUrl>
      <Point>
        <coordinates>15.09679000,-13.81383800,0</coordinates>
      </Point>
    </Placemark>
    <Placemark>
      <styleUrl>#dados_com_ensaio</styleUrl>
      <Point>
        <coordinates>15.09754000,-13.81827500,0</coordinates>
      </Point>
    </Placemark>
    <Placemark>
      <styleUrl>#dados_com_ensaio</styleUrl>
      <Point>
        <coordinates>15.09904900,-13.82714800,0</coordinates>
      </Point>
    </Placemark>
    <Placemark>
      <styleUrl>#dados_com_ensaio</styleUrl>
      <Point>
        <coordinates>15.10131100,-13.84045800,0</coordinates>
      </Point>
    </Placemark>
    <Placemark>
      <styleUrl>#dados_com_ensaio</styleUrl>
      <Point>
        <coordinates>15.10206400,-13.84489500,0</coordinates>
      </Point>
    </Placemark>
    <Placemark>
      <styleUrl>#dados_com_ensaio</styleUrl>
      <Point>
        <coordinates>15.10271400,-13.86254300,0</coordinates>
      </Point>
    </Placemark>
    <Placemark>
      <styleUrl>#dados_com_ensaio</styleUrl>
      <Point>
        <coordinates>15.10027000,-13.87121700,0</coordinates>
      </Point>
    </Placemark>
    <Placemark>
      <styleUrl>#dados_com_ensaio</styleUrl>
      <Point>
        <coordinates>15.09905800,-13.87555700,0</coordinates>
      </Point>
    </Placemark>
    <Placemark>
      <styleUrl>#dados_com_ensaio</styleUrl>
      <Point>
        <coordinates>15.09785100,-13.87989800,0</coordinates>
      </Point>
    </Placemark>
    <Placemark>
      <styleUrl>#dados_com_ensaio</styleUrl>
      <Point>
        <coordinates>15.09662300,-13.88423400,0</coordinates>
      </Point>
    </Placemark>
    <Placemark>
      <styleUrl>#dados_com_ensaio</styleUrl>
      <Point>
        <coordinates>15.09539700,-13.88857000,0</coordinates>
      </Point>
    </Placemark>
    <Placemark>
      <styleUrl>#dados_com_ensaio</styleUrl>
      <Point>
        <coordinates>15.09417400,-13.89290800,0</coordinates>
      </Point>
    </Placemark>
    <Placemark>
      <styleUrl>#dados_com_ensaio</styleUrl>
      <Point>
        <coordinates>15.09295100,-13.89724500,0</coordinates>
      </Point>
    </Placemark>
    <Placemark>
      <styleUrl>#dados_com_ensaio</styleUrl>
      <Point>
        <coordinates>15.09172800,-13.90158200,0</coordinates>
      </Point>
    </Placemark>
    <Placemark>
      <styleUrl>#dados_com_ensaio</styleUrl>
      <Point>
        <coordinates>15.09050600,-13.90591900,0</coordinates>
      </Point>
    </Placemark>
    <Placemark>
      <styleUrl>#dados_com_ensaio</styleUrl>
      <Point>
        <coordinates>15.08928300,-13.91025600,0</coordinates>
      </Point>
    </Placemark>
    <Placemark>
      <styleUrl>#dados_com_ensaio</styleUrl>
      <Point>
        <coordinates>15.08806000,-13.91459300,0</coordinates>
      </Point>
    </Placemark>
    <Placemark>
      <styleUrl>#dados_com_ensaio</styleUrl>
      <Point>
        <coordinates>15.08683700,-13.91893000,0</coordinates>
      </Point>
    </Placemark>
    <Placemark>
      <styleUrl>#dados_com_ensaio</styleUrl>
      <Point>
        <coordinates>15.08561500,-13.92326700,0</coordinates>
      </Point>
    </Placemark>
    <Placemark>
      <styleUrl>#dados_com_ensaio</styleUrl>
      <Point>
        <coordinates>15.08194700,-13.93627900,0</coordinates>
      </Point>
    </Placemark>
    <Placemark>
      <styleUrl>#dados_com_ensaio</styleUrl>
      <Point>
        <coordinates>15.07950100,-13.94495300,0</coordinates>
      </Point>
    </Placemark>
    <Placemark>
      <styleUrl>#dados_com_ensaio</styleUrl>
      <Point>
        <coordinates>15.07827400,-13.94928900,0</coordinates>
      </Point>
    </Placemark>
    <Placemark>
      <styleUrl>#dados_com_ensaio</styleUrl>
      <Point>
        <coordinates>15.07703300,-13.95362100,0</coordinates>
      </Point>
    </Placemark>
    <Placemark>
      <styleUrl>#dados_com_ensaio</styleUrl>
      <Point>
        <coordinates>15.07512700,-13.95771700,0</coordinates>
      </Point>
    </Placemark>
    <Placemark>
      <styleUrl>#dados_com_ensaio</styleUrl>
      <Point>
        <coordinates>15.07315600,-13.96178600,0</coordinates>
      </Point>
    </Placemark>
    <Placemark>
      <styleUrl>#dados_com_ensaio</styleUrl>
      <Point>
        <coordinates>15.07118500,-13.96585600,0</coordinates>
      </Point>
    </Placemark>
    <Placemark>
      <styleUrl>#dados_com_ensaio</styleUrl>
      <Point>
        <coordinates>15.06972000,-13.97005000,0</coordinates>
      </Point>
    </Placemark>
    <Placemark>
      <styleUrl>#dados_com_ensaio</styleUrl>
      <Point>
        <coordinates>15.06985200,-13.97454400,0</coordinates>
      </Point>
    </Placemark>
    <Placemark>
      <styleUrl>#dados_com_ensaio</styleUrl>
      <Point>
        <coordinates>15.06999300,-13.97903900,0</coordinates>
      </Point>
    </Placemark>
    <Placemark>
      <styleUrl>#dados_com_ensaio</styleUrl>
      <Point>
        <coordinates>15.07013300,-13.98353300,0</coordinates>
      </Point>
    </Placemark>
    <Placemark>
      <styleUrl>#dados_com_ensaio</styleUrl>
      <Point>
        <coordinates>15.07027500,-13.98802800,0</coordinates>
      </Point>
    </Placemark>
    <Placemark>
      <styleUrl>#dados_com_ensaio</styleUrl>
      <Point>
        <coordinates>15.07040700,-13.99252300,0</coordinates>
      </Point>
    </Placemark>
    <Placemark>
      <styleUrl>#dados_com_ensaio</styleUrl>
      <Point>
        <coordinates>15.07052800,-13.99701800,0</coordinates>
      </Point>
    </Placemark>
    <Placemark>
      <styleUrl>#dados_com_ensaio</styleUrl>
      <Point>
        <coordinates>15.07067300,-14.00151200,0</coordinates>
      </Point>
    </Placemark>
    <Placemark>
      <styleUrl>#dados_com_ensaio</styleUrl>
      <Point>
        <coordinates>15.07082000,-14.00600700,0</coordinates>
      </Point>
    </Placemark>
    <Placemark>
      <styleUrl>#dados_com_ensaio</styleUrl>
      <Point>
        <coordinates>15.07096800,-14.01050100,0</coordinates>
      </Point>
    </Placemark>
    <Placemark>
      <styleUrl>#dados_com_ensaio</styleUrl>
      <Point>
        <coordinates>15.07111100,-14.01499500,0</coordinates>
      </Point>
    </Placemark>
    <Placemark>
      <styleUrl>#dados_com_ensaio</styleUrl>
      <Point>
        <coordinates>15.07124700,-14.01949000,0</coordinates>
      </Point>
    </Placemark>
    <Placemark>
      <styleUrl>#dados_com_ensaio</styleUrl>
      <Point>
        <coordinates>15.07246100,-14.05990200,0</coordinates>
      </Point>
    </Placemark>
    <Placemark>
      <styleUrl>#dados_com_ensaio</styleUrl>
      <Point>
        <coordinates>15.07257000,-14.06439700,0</coordinates>
      </Point>
    </Placemark>
    <Placemark>
      <styleUrl>#dados_com_ensaio</styleUrl>
      <Point>
        <coordinates>15.07271100,-14.06889200,0</coordinates>
      </Point>
    </Placemark>
    <Placemark>
      <styleUrl>#dados_com_ensaio</styleUrl>
      <Point>
        <coordinates>15.07193200,-14.07325900,0</coordinates>
      </Point>
    </Placemark>
    <Placemark>
      <styleUrl>#dados_com_ensaio</styleUrl>
      <Point>
        <coordinates>15.07046600,-14.07752500,0</coordinates>
      </Point>
    </Placemark>
    <Placemark>
      <styleUrl>#dados_com_ensaio</styleUrl>
      <Point>
        <coordinates>15.06899300,-14.08178800,0</coordinates>
      </Point>
    </Placemark>
    <Placemark>
      <styleUrl>#dados_com_ensaio</styleUrl>
      <Point>
        <coordinates>15.06751600,-14.08605100,0</coordinates>
      </Point>
    </Placemark>
    <Placemark>
      <styleUrl>#dados_com_ensaio</styleUrl>
      <Point>
        <coordinates>15.06603200,-14.09031100,0</coordinates>
      </Point>
    </Placemark>
    <Placemark>
      <styleUrl>#dados_com_ensaio</styleUrl>
      <Point>
        <coordinates>15.06454700,-14.09457000,0</coordinates>
      </Point>
    </Placemark>
    <Placemark>
      <styleUrl>#dados_com_ensaio</styleUrl>
      <Point>
        <coordinates>15.06306200,-14.09883000,0</coordinates>
      </Point>
    </Placemark>
    <Placemark>
      <styleUrl>#dados_com_ensaio</styleUrl>
      <Point>
        <coordinates>15.06157600,-14.10309000,0</coordinates>
      </Point>
    </Placemark>
    <Placemark>
      <styleUrl>#dados_com_ensaio</styleUrl>
      <Point>
        <coordinates>15.06009000,-14.10734900,0</coordinates>
      </Point>
    </Placemark>
    <Placemark>
      <styleUrl>#dados_com_ensaio</styleUrl>
      <Point>
        <coordinates>15.05860300,-14.11160800,0</coordinates>
      </Point>
    </Placemark>
    <Placemark>
      <styleUrl>#dados_com_ensaio</styleUrl>
      <Point>
        <coordinates>15.05711600,-14.11586700,0</coordinates>
      </Point>
    </Placemark>
    <Placemark>
      <styleUrl>#dados_com_ensaio</styleUrl>
      <Point>
        <coordinates>15.05562900,-14.12012600,0</coordinates>
      </Point>
    </Placemark>
    <Placemark>
      <styleUrl>#dados_com_ensaio</styleUrl>
      <Point>
        <coordinates>15.05414000,-14.12438500,0</coordinates>
      </Point>
    </Placemark>
    <Placemark>
      <styleUrl>#dados_com_ensaio</styleUrl>
      <Point>
        <coordinates>15.05264600,-14.12864100,0</coordinates>
      </Point>
    </Placemark>
    <Placemark>
      <styleUrl>#dados_com_ensaio</styleUrl>
      <Point>
        <coordinates>15.05115200,-14.13289800,0</coordinates>
      </Point>
    </Placemark>
    <Placemark>
      <styleUrl>#dados_com_ensaio</styleUrl>
      <Point>
        <coordinates>15.04965800,-14.13715500,0</coordinates>
      </Point>
    </Placemark>
    <Placemark>
      <styleUrl>#dados_com_ensaio</styleUrl>
      <Point>
        <coordinates>15.04667000,-14.14566900,0</coordinates>
      </Point>
    </Placemark>
    <Placemark>
      <styleUrl>#dados_com_ensaio</styleUrl>
      <Point>
        <coordinates>15.04738100,-14.15006500,0</coordinates>
      </Point>
    </Placemark>
    <Placemark>
      <styleUrl>#dados_com_ensaio</styleUrl>
      <Point>
        <coordinates>15.04841400,-14.15444900,0</coordinates>
      </Point>
    </Placemark>
    <Placemark>
      <styleUrl>#dados_com_ensaio</styleUrl>
      <Point>
        <coordinates>15.04943500,-14.15883500,0</coordinates>
      </Point>
    </Placemark>
    <Placemark>
      <styleUrl>#dados_com_ensaio</styleUrl>
      <Point>
        <coordinates>15.05045800,-14.16322100,0</coordinates>
      </Point>
    </Placemark>
    <Placemark>
      <styleUrl>#dados_com_ensaio</styleUrl>
      <Point>
        <coordinates>15.05148700,-14.16760500,0</coordinates>
      </Point>
    </Placemark>
    <Placemark>
      <styleUrl>#dados_com_ensaio</styleUrl>
      <Point>
        <coordinates>15.05251700,-14.17199000,0</coordinates>
      </Point>
    </Placemark>
    <Placemark>
      <styleUrl>#dados_com_ensaio</styleUrl>
      <Point>
        <coordinates>15.05354700,-14.17637400,0</coordinates>
      </Point>
    </Placemark>
    <Placemark>
      <styleUrl>#dados_com_ensaio</styleUrl>
      <Point>
        <coordinates>15.05459000,-14.18075500,0</coordinates>
      </Point>
    </Placemark>
    <Placemark>
      <styleUrl>#dados_com_ensaio</styleUrl>
      <Point>
        <coordinates>15.05565200,-14.18513200,0</coordinates>
      </Point>
    </Placemark>
    <Placemark>
      <styleUrl>#dados_com_ensaio</styleUrl>
      <Point>
        <coordinates>15.05671400,-14.18951000,0</coordinates>
      </Point>
    </Placemark>
    <Placemark>
      <styleUrl>#dados_com_ensaio</styleUrl>
      <Point>
        <coordinates>15.05667000,-14.24337100,0</coordinates>
      </Point>
    </Placemark>
    <Placemark>
      <styleUrl>#dados_com_ensaio</styleUrl>
      <Point>
        <coordinates>16.29132800,-2.36576600,0</coordinates>
      </Point>
    </Placemark>
    <Placemark>
      <styleUrl>#dados_com_ensaio</styleUrl>
      <Point>
        <coordinates>16.30701200,-9.29616400,0</coordinates>
      </Point>
    </Placemark>
    <Placemark>
      <styleUrl>#dados_com_ensaio</styleUrl>
      <Point>
        <coordinates>16.30662000,-9.29612000,0</coordinates>
      </Point>
    </Placemark>
    <Placemark>
      <styleUrl>#dados_com_ensaio</styleUrl>
      <Point>
        <coordinates>16.31266700,-9.30416400,0</coordinates>
      </Point>
    </Placemark>
    <Placemark>
      <styleUrl>#dados_com_ensaio</styleUrl>
      <Point>
        <coordinates>13.73649600,-9.11859100,0</coordinates>
      </Point>
    </Placemark>
    <Placemark>
      <styleUrl>#dados_com_ensaio</styleUrl>
      <Point>
        <coordinates>13.24738900,-14.12161000,0</coordinates>
      </Point>
    </Placemark>
    <Placemark>
      <styleUrl>#dados_com_ensaio</styleUrl>
      <Point>
        <coordinates>14.41566900,-9.66804800,0</coordinates>
      </Point>
    </Placemark>
    <Placemark>
      <styleUrl>#dados_com_ensaio</styleUrl>
      <Point>
        <coordinates>14.40225700,-9.67565000,0</coordinates>
      </Point>
    </Placemark>
    <Placemark>
      <styleUrl>#dados_com_ensaio</styleUrl>
      <Point>
        <coordinates>14.39328700,-9.67625800,0</coordinates>
      </Point>
    </Placemark>
    <Placemark>
      <styleUrl>#dados_com_ensaio</styleUrl>
      <Point>
        <coordinates>15.69722200,-7.90916300,0</coordinates>
      </Point>
    </Placemark>
    <Placemark>
      <styleUrl>#dados_com_ensaio</styleUrl>
      <Point>
        <coordinates>15.69744800,-7.90895400,0</coordinates>
      </Point>
    </Placemark>
    <Placemark>
      <styleUrl>#dados_com_ensaio</styleUrl>
      <Point>
        <coordinates>15.25845300,-9.32308300,0</coordinates>
      </Point>
    </Placemark>
    <Placemark>
      <styleUrl>#dados_com_ensaio</styleUrl>
      <Point>
        <coordinates>14.23784200,-10.96934200,0</coordinates>
      </Point>
    </Placemark>
    <Placemark>
      <styleUrl>#dados_com_ensaio</styleUrl>
      <Point>
        <coordinates>14.24386500,-10.97611300,0</coordinates>
      </Point>
    </Placemark>
    <Placemark>
      <styleUrl>#dados_com_ensaio</styleUrl>
      <Point>
        <coordinates>14.25075500,-10.99108700,0</coordinates>
      </Point>
    </Placemark>
    <Placemark>
      <styleUrl>#dados_com_ensaio</styleUrl>
      <Point>
        <coordinates>13.52042900,-9.15292300,0</coordinates>
      </Point>
    </Placemark>
    <Placemark>
      <styleUrl>#dados_com_ensaio</styleUrl>
      <Point>
        <coordinates>13.55315600,-9.16472000,0</coordinates>
      </Point>
    </Placemark>
    <Placemark>
      <styleUrl>#dados_com_ensaio</styleUrl>
      <Point>
        <coordinates>13.54460900,-9.16965000,0</coordinates>
      </Point>
    </Placemark>
    <Placemark>
      <styleUrl>#dados_com_ensaio</styleUrl>
      <Point>
        <coordinates>13.54199600,-9.16104900,0</coordinates>
      </Point>
    </Placemark>
    <Placemark>
      <styleUrl>#dados_com_ensaio</styleUrl>
      <Point>
        <coordinates>13.53943900,-9.15228600,0</coordinates>
      </Point>
    </Placemark>
    <Placemark>
      <styleUrl>#dados_com_ensaio</styleUrl>
      <Point>
        <coordinates>13.53668000,-9.14390200,0</coordinates>
      </Point>
    </Placemark>
    <Placemark>
      <styleUrl>#dados_com_ensaio</styleUrl>
      <Point>
        <coordinates>13.53185700,-9.13742600,0</coordinates>
      </Point>
    </Placemark>
    <Placemark>
      <styleUrl>#dados_com_ensaio</styleUrl>
      <Point>
        <coordinates>13.53039200,-9.16164400,0</coordinates>
      </Point>
    </Placemark>
    <Placemark>
      <styleUrl>#dados_com_ensaio</styleUrl>
      <Point>
        <coordinates>13.52779900,-9.15291700,0</coordinates>
      </Point>
    </Placemark>
    <Placemark>
      <styleUrl>#dados_com_ensaio</styleUrl>
      <Point>
        <coordinates>13.52526800,-9.14431700,0</coordinates>
      </Point>
    </Placemark>
    <Placemark>
      <styleUrl>#dados_com_ensaio</styleUrl>
      <Point>
        <coordinates>13.52215800,-9.13519900,0</coordinates>
      </Point>
    </Placemark>
    <Placemark>
      <styleUrl>#dados_com_ensaio</styleUrl>
      <Point>
        <coordinates>17.47380300,-15.74030600,0</coordinates>
      </Point>
    </Placemark>
    <Placemark>
      <styleUrl>#dados_com_ensaio</styleUrl>
      <Point>
        <coordinates>17.55832500,-15.80957900,0</coordinates>
      </Point>
    </Placemark>
    <Placemark>
      <styleUrl>#dados_com_ensaio</styleUrl>
      <Point>
        <coordinates>17.56288400,-15.81747400,0</coordinates>
      </Point>
    </Placemark>
    <Placemark>
      <styleUrl>#dados_com_ensaio</styleUrl>
      <Point>
        <coordinates>17.57165500,-15.85215600,0</coordinates>
      </Point>
    </Placemark>
    <Placemark>
      <styleUrl>#dados_com_ensaio</styleUrl>
      <Point>
        <coordinates>17.67615200,-16.24882000,0</coordinates>
      </Point>
    </Placemark>
    <Placemark>
      <styleUrl>#dados_com_ensaio</styleUrl>
      <Point>
        <coordinates>17.67527300,-16.25781700,0</coordinates>
      </Point>
    </Placemark>
    <Placemark>
      <styleUrl>#dados_com_ensaio</styleUrl>
      <Point>
        <coordinates>17.67418000,-16.27582300,0</coordinates>
      </Point>
    </Placemark>
    <Placemark>
      <styleUrl>#dados_com_ensaio</styleUrl>
      <Point>
        <coordinates>17.67720300,-16.28430100,0</coordinates>
      </Point>
    </Placemark>
    <Placemark>
      <styleUrl>#dados_com_ensaio</styleUrl>
      <Point>
        <coordinates>17.68032100,-16.29280600,0</coordinates>
      </Point>
    </Placemark>
    <Placemark>
      <styleUrl>#dados_com_ensaio</styleUrl>
      <Point>
        <coordinates>17.68409000,-16.30107600,0</coordinates>
      </Point>
    </Placemark>
    <Placemark>
      <styleUrl>#dados_com_ensaio</styleUrl>
      <Point>
        <coordinates>17.70112300,-16.33333700,0</coordinates>
      </Point>
    </Placemark>
    <Placemark>
      <styleUrl>#dados_com_ensaio</styleUrl>
      <Point>
        <coordinates>17.70535900,-16.34140200,0</coordinates>
      </Point>
    </Placemark>
    <Placemark>
      <styleUrl>#dados_com_ensaio</styleUrl>
      <Point>
        <coordinates>17.70961400,-16.34947600,0</coordinates>
      </Point>
    </Placemark>
    <Placemark>
      <styleUrl>#dados_com_ensaio</styleUrl>
      <Point>
        <coordinates>17.71386000,-16.35753100,0</coordinates>
      </Point>
    </Placemark>
    <Placemark>
      <styleUrl>#dados_com_ensaio</styleUrl>
      <Point>
        <coordinates>17.71869900,-16.36514600,0</coordinates>
      </Point>
    </Placemark>
    <Placemark>
      <styleUrl>#dados_com_ensaio</styleUrl>
      <Point>
        <coordinates>17.72632100,-16.37042100,0</coordinates>
      </Point>
    </Placemark>
    <Placemark>
      <styleUrl>#dados_com_ensaio</styleUrl>
      <Point>
        <coordinates>17.73166200,-16.37774800,0</coordinates>
      </Point>
    </Placemark>
    <Placemark>
      <styleUrl>#dados_com_ensaio</styleUrl>
      <Point>
        <coordinates>17.73651300,-16.38548800,0</coordinates>
      </Point>
    </Placemark>
    <Placemark>
      <styleUrl>#dados_com_ensaio</styleUrl>
      <Point>
        <coordinates>17.74135600,-16.39324600,0</coordinates>
      </Point>
    </Placemark>
    <Placemark>
      <styleUrl>#dados_com_ensaio</styleUrl>
      <Point>
        <coordinates>17.74620800,-16.40098600,0</coordinates>
      </Point>
    </Placemark>
    <Placemark>
      <styleUrl>#dados_com_ensaio</styleUrl>
      <Point>
        <coordinates>17.75254100,-16.40756800,0</coordinates>
      </Point>
    </Placemark>
    <Placemark>
      <styleUrl>#dados_com_ensaio</styleUrl>
      <Point>
        <coordinates>17.75937500,-16.41377300,0</coordinates>
      </Point>
    </Placemark>
    <Placemark>
      <styleUrl>#dados_com_ensaio</styleUrl>
      <Point>
        <coordinates>17.77284900,-16.43624600,0</coordinates>
      </Point>
    </Placemark>
    <Placemark>
      <styleUrl>#dados_com_ensaio</styleUrl>
      <Point>
        <coordinates>17.77497700,-16.44505900,0</coordinates>
      </Point>
    </Placemark>
    <Placemark>
      <styleUrl>#dados_com_ensaio</styleUrl>
      <Point>
        <coordinates>17.78172900,-16.45128200,0</coordinates>
      </Point>
    </Placemark>
    <Placemark>
      <styleUrl>#dados_com_ensaio</styleUrl>
      <Point>
        <coordinates>17.78874000,-16.45729400,0</coordinates>
      </Point>
    </Placemark>
    <Placemark>
      <styleUrl>#dados_com_ensaio</styleUrl>
      <Point>
        <coordinates>17.79574200,-16.46329600,0</coordinates>
      </Point>
    </Placemark>
    <Placemark>
      <styleUrl>#dados_com_ensaio</styleUrl>
      <Point>
        <coordinates>17.80166900,-16.46998100,0</coordinates>
      </Point>
    </Placemark>
    <Placemark>
      <styleUrl>#dados_com_ensaio</styleUrl>
      <Point>
        <coordinates>17.80674300,-16.49664500,0</coordinates>
      </Point>
    </Placemark>
    <Placemark>
      <styleUrl>#dados_com_ensaio</styleUrl>
      <Point>
        <coordinates>17.80854600,-16.50549800,0</coordinates>
      </Point>
    </Placemark>
    <Placemark>
      <styleUrl>#dados_com_ensaio</styleUrl>
      <Point>
        <coordinates>17.81260100,-16.52308900,0</coordinates>
      </Point>
    </Placemark>
    <Placemark>
      <styleUrl>#dados_com_ensaio</styleUrl>
      <Point>
        <coordinates>17.81646500,-16.53132700,0</coordinates>
      </Point>
    </Placemark>
    <Placemark>
      <styleUrl>#dados_com_ensaio</styleUrl>
      <Point>
        <coordinates>17.82033900,-16.53955600,0</coordinates>
      </Point>
    </Placemark>
    <Placemark>
      <styleUrl>#dados_com_ensaio</styleUrl>
      <Point>
        <coordinates>17.82311400,-16.54813400,0</coordinates>
      </Point>
    </Placemark>
    <Placemark>
      <styleUrl>#dados_com_ensaio</styleUrl>
      <Point>
        <coordinates>17.82489100,-16.55700500,0</coordinates>
      </Point>
    </Placemark>
    <Placemark>
      <styleUrl>#dados_com_ensaio</styleUrl>
      <Point>
        <coordinates>17.82871800,-16.56519800,0</coordinates>
      </Point>
    </Placemark>
    <Placemark>
      <styleUrl>#dados_com_ensaio</styleUrl>
      <Point>
        <coordinates>17.83269600,-16.57338000,0</coordinates>
      </Point>
    </Placemark>
    <Placemark>
      <styleUrl>#dados_com_ensaio</styleUrl>
      <Point>
        <coordinates>17.83669300,-16.58161600,0</coordinates>
      </Point>
    </Placemark>
    <Placemark>
      <styleUrl>#dados_com_ensaio</styleUrl>
      <Point>
        <coordinates>17.84464100,-16.59801500,0</coordinates>
      </Point>
    </Placemark>
    <Placemark>
      <styleUrl>#dados_com_ensaio</styleUrl>
      <Point>
        <coordinates>17.84860200,-16.60621400,0</coordinates>
      </Point>
    </Placemark>
    <Placemark>
      <styleUrl>#dados_com_ensaio</styleUrl>
      <Point>
        <coordinates>17.85142700,-16.61482700,0</coordinates>
      </Point>
    </Placemark>
    <Placemark>
      <styleUrl>#dados_com_ensaio</styleUrl>
      <Point>
        <coordinates>17.85403600,-16.62344200,0</coordinates>
      </Point>
    </Placemark>
    <Placemark>
      <styleUrl>#dados_com_ensaio</styleUrl>
      <Point>
        <coordinates>17.85655300,-16.63214900,0</coordinates>
      </Point>
    </Placemark>
    <Placemark>
      <styleUrl>#dados_com_ensaio</styleUrl>
      <Point>
        <coordinates>17.85909900,-16.64086400,0</coordinates>
      </Point>
    </Placemark>
    <Placemark>
      <styleUrl>#dados_com_ensaio</styleUrl>
      <Point>
        <coordinates>17.86165400,-16.64956200,0</coordinates>
      </Point>
    </Placemark>
    <Placemark>
      <styleUrl>#dados_com_ensaio</styleUrl>
      <Point>
        <coordinates>17.87040800,-16.67498700,0</coordinates>
      </Point>
    </Placemark>
    <Placemark>
      <styleUrl>#dados_com_ensaio</styleUrl>
      <Point>
        <coordinates>17.87907400,-16.69063400,0</coordinates>
      </Point>
    </Placemark>
    <Placemark>
      <styleUrl>#dados_com_ensaio</styleUrl>
      <Point>
        <coordinates>17.88347700,-16.69864500,0</coordinates>
      </Point>
    </Placemark>
    <Placemark>
      <styleUrl>#dados_com_ensaio</styleUrl>
      <Point>
        <coordinates>17.89922800,-16.73034600,0</coordinates>
      </Point>
    </Placemark>
    <Placemark>
      <styleUrl>#dados_com_ensaio</styleUrl>
      <Point>
        <coordinates>17.93413800,-16.79340500,0</coordinates>
      </Point>
    </Placemark>
    <Placemark>
      <styleUrl>#dados_com_ensaio</styleUrl>
      <Point>
        <coordinates>17.93902900,-16.80114600,0</coordinates>
      </Point>
    </Placemark>
    <Placemark>
      <styleUrl>#dados_com_ensaio</styleUrl>
      <Point>
        <coordinates>17.94534800,-16.80784600,0</coordinates>
      </Point>
    </Placemark>
    <Placemark>
      <styleUrl>#dados_com_ensaio</styleUrl>
      <Point>
        <coordinates>17.95102700,-16.81498800,0</coordinates>
      </Point>
    </Placemark>
    <Placemark>
      <styleUrl>#dados_com_ensaio</styleUrl>
      <Point>
        <coordinates>17.95540800,-16.82301600,0</coordinates>
      </Point>
    </Placemark>
    <Placemark>
      <styleUrl>#dados_com_ensaio</styleUrl>
      <Point>
        <coordinates>17.96044800,-16.83060900,0</coordinates>
      </Point>
    </Placemark>
    <Placemark>
      <styleUrl>#dados_com_ensaio</styleUrl>
      <Point>
        <coordinates>17.97151300,-16.84517600,0</coordinates>
      </Point>
    </Placemark>
    <Placemark>
      <styleUrl>#dados_com_ensaio</styleUrl>
      <Point>
        <coordinates>17.97744500,-16.85212400,0</coordinates>
      </Point>
    </Placemark>
    <Placemark>
      <styleUrl>#dados_com_ensaio</styleUrl>
      <Point>
        <coordinates>14.34090200,-9.46392900,0</coordinates>
      </Point>
    </Placemark>
    <Placemark>
      <styleUrl>#dados_com_ensaio</styleUrl>
      <Point>
        <coordinates>13.69925800,-9.11499700,0</coordinates>
      </Point>
    </Placemark>
    <Placemark>
      <styleUrl>#dados_com_ensaio</styleUrl>
      <Point>
        <coordinates>13.80058500,-9.14161500,0</coordinates>
      </Point>
    </Placemark>
    <Placemark>
      <styleUrl>#dados_com_ensaio</styleUrl>
      <Point>
        <coordinates>13.82262500,-9.15527000,0</coordinates>
      </Point>
    </Placemark>
    <Placemark>
      <styleUrl>#dados_com_ensaio</styleUrl>
      <Point>
        <coordinates>13.87641700,-9.15214000,0</coordinates>
      </Point>
    </Placemark>
    <Placemark>
      <styleUrl>#dados_com_ensaio</styleUrl>
      <Point>
        <coordinates>13.88535700,-9.15111900,0</coordinates>
      </Point>
    </Placemark>
    <Placemark>
      <styleUrl>#dados_com_ensaio</styleUrl>
      <Point>
        <coordinates>13.89468300,-9.15164500,0</coordinates>
      </Point>
    </Placemark>
    <Placemark>
      <styleUrl>#dados_com_ensaio</styleUrl>
      <Point>
        <coordinates>13.90304000,-9.15071200,0</coordinates>
      </Point>
    </Placemark>
    <Placemark>
      <styleUrl>#dados_com_ensaio</styleUrl>
      <Point>
        <coordinates>13.91203400,-9.14967200,0</coordinates>
      </Point>
    </Placemark>
    <Placemark>
      <styleUrl>#dados_com_ensaio</styleUrl>
      <Point>
        <coordinates>13.91982400,-9.15253400,0</coordinates>
      </Point>
    </Placemark>
    <Placemark>
      <styleUrl>#dados_com_ensaio</styleUrl>
      <Point>
        <coordinates>13.92317700,-9.15727400,0</coordinates>
      </Point>
    </Placemark>
    <Placemark>
      <styleUrl>#dados_com_ensaio</styleUrl>
      <Point>
        <coordinates>13.93321000,-9.16492800,0</coordinates>
      </Point>
    </Placemark>
    <Placemark>
      <styleUrl>#dados_com_ensaio</styleUrl>
      <Point>
        <coordinates>13.94039400,-9.17006700,0</coordinates>
      </Point>
    </Placemark>
    <Placemark>
      <styleUrl>#dados_com_ensaio</styleUrl>
      <Point>
        <coordinates>13.94816000,-9.17496400,0</coordinates>
      </Point>
    </Placemark>
    <Placemark>
      <styleUrl>#dados_com_ensaio</styleUrl>
      <Point>
        <coordinates>13.98072800,-9.18950000,0</coordinates>
      </Point>
    </Placemark>
    <Placemark>
      <styleUrl>#dados_com_ensaio</styleUrl>
      <Point>
        <coordinates>13.98628600,-9.19064600,0</coordinates>
      </Point>
    </Placemark>
    <Placemark>
      <styleUrl>#dados_com_ensaio</styleUrl>
      <Point>
        <coordinates>14.02370500,-9.20608800,0</coordinates>
      </Point>
    </Placemark>
    <Placemark>
      <styleUrl>#dados_com_ensaio</styleUrl>
      <Point>
        <coordinates>14.03624100,-9.21198200,0</coordinates>
      </Point>
    </Placemark>
    <Placemark>
      <styleUrl>#dados_com_ensaio</styleUrl>
      <Point>
        <coordinates>14.04714900,-9.21751000,0</coordinates>
      </Point>
    </Placemark>
    <Placemark>
      <styleUrl>#dados_com_ensaio</styleUrl>
      <Point>
        <coordinates>14.08285200,-9.24068200,0</coordinates>
      </Point>
    </Placemark>
    <Placemark>
      <styleUrl>#dados_com_ensaio</styleUrl>
      <Point>
        <coordinates>13.76747300,-9.13340200,0</coordinates>
      </Point>
    </Placemark>
    <Placemark>
      <styleUrl>#dados_com_ensaio</styleUrl>
      <Point>
        <coordinates>13.75636700,-9.12140000,0</coordinates>
      </Point>
    </Placemark>
    <Placemark>
      <styleUrl>#dados_com_ensaio</styleUrl>
      <Point>
        <coordinates>14.94310500,-14.73961200,0</coordinates>
      </Point>
    </Placemark>
    <Placemark>
      <styleUrl>#dados_com_ensaio</styleUrl>
      <Point>
        <coordinates>14.93364300,-14.72342500,0</coordinates>
      </Point>
    </Placemark>
    <Placemark>
      <styleUrl>#dados_com_ensaio</styleUrl>
      <Point>
        <coordinates>14.92914200,-14.70840600,0</coordinates>
      </Point>
    </Placemark>
    <Placemark>
      <styleUrl>#dados_com_ensaio</styleUrl>
      <Point>
        <coordinates>14.92774200,-14.69969000,0</coordinates>
      </Point>
    </Placemark>
    <Placemark>
      <styleUrl>#dados_com_ensaio</styleUrl>
      <Point>
        <coordinates>14.92628700,-14.68993300,0</coordinates>
      </Point>
    </Placemark>
    <Placemark>
      <styleUrl>#dados_com_ensaio</styleUrl>
      <Point>
        <coordinates>14.92491500,-14.68107200,0</coordinates>
      </Point>
    </Placemark>
    <Placemark>
      <styleUrl>#dados_com_ensaio</styleUrl>
      <Point>
        <coordinates>14.92358100,-14.67208500,0</coordinates>
      </Point>
    </Placemark>
    <Placemark>
      <styleUrl>#dados_com_ensaio</styleUrl>
      <Point>
        <coordinates>14.92218200,-14.66347700,0</coordinates>
      </Point>
    </Placemark>
    <Placemark>
      <styleUrl>#dados_com_ensaio</styleUrl>
      <Point>
        <coordinates>14.91833900,-14.65695600,0</coordinates>
      </Point>
    </Placemark>
    <Placemark>
      <styleUrl>#dados_com_ensaio</styleUrl>
      <Point>
        <coordinates>14.90046400,-14.65146100,0</coordinates>
      </Point>
    </Placemark>
    <Placemark>
      <styleUrl>#dados_com_ensaio</styleUrl>
      <Point>
        <coordinates>14.89091800,-14.64901600,0</coordinates>
      </Point>
    </Placemark>
    <Placemark>
      <styleUrl>#dados_com_ensaio</styleUrl>
      <Point>
        <coordinates>14.88182700,-14.64930100,0</coordinates>
      </Point>
    </Placemark>
    <Placemark>
      <styleUrl>#dados_com_ensaio</styleUrl>
      <Point>
        <coordinates>14.87242900,-14.64893400,0</coordinates>
      </Point>
    </Placemark>
    <Placemark>
      <styleUrl>#dados_com_ensaio</styleUrl>
      <Point>
        <coordinates>14.86368100,-14.64830500,0</coordinates>
      </Point>
    </Placemark>
    <Placemark>
      <styleUrl>#dados_com_ensaio</styleUrl>
      <Point>
        <coordinates>14.85422800,-14.64768500,0</coordinates>
      </Point>
    </Placemark>
    <Placemark>
      <styleUrl>#dados_com_ensaio</styleUrl>
      <Point>
        <coordinates>14.84548200,-14.64462300,0</coordinates>
      </Point>
    </Placemark>
    <Placemark>
      <styleUrl>#dados_com_ensaio</styleUrl>
      <Point>
        <coordinates>14.83897700,-14.63820800,0</coordinates>
      </Point>
    </Placemark>
    <Placemark>
      <styleUrl>#dados_com_ensaio</styleUrl>
      <Point>
        <coordinates>14.83394000,-14.63105300,0</coordinates>
      </Point>
    </Placemark>
    <Placemark>
      <styleUrl>#dados_com_ensaio</styleUrl>
      <Point>
        <coordinates>14.82887500,-14.62400600,0</coordinates>
      </Point>
    </Placemark>
    <Placemark>
      <styleUrl>#dados_com_ensaio</styleUrl>
      <Point>
        <coordinates>14.82527900,-14.61522400,0</coordinates>
      </Point>
    </Placemark>
    <Placemark>
      <styleUrl>#dados_com_ensaio</styleUrl>
      <Point>
        <coordinates>14.82177600,-14.60701200,0</coordinates>
      </Point>
    </Placemark>
    <Placemark>
      <styleUrl>#dados_com_ensaio</styleUrl>
      <Point>
        <coordinates>14.81520700,-14.60115700,0</coordinates>
      </Point>
    </Placemark>
    <Placemark>
      <styleUrl>#dados_com_ensaio</styleUrl>
      <Point>
        <coordinates>14.80712400,-14.59711800,0</coordinates>
      </Point>
    </Placemark>
    <Placemark>
      <styleUrl>#dados_com_ensaio</styleUrl>
      <Point>
        <coordinates>14.78946500,-14.57750000,0</coordinates>
      </Point>
    </Placemark>
    <Placemark>
      <styleUrl>#dados_com_ensaio</styleUrl>
      <Point>
        <coordinates>14.78547100,-14.56962200,0</coordinates>
      </Point>
    </Placemark>
    <Placemark>
      <styleUrl>#dados_com_ensaio</styleUrl>
      <Point>
        <coordinates>14.78153400,-14.56105600,0</coordinates>
      </Point>
    </Placemark>
    <Placemark>
      <styleUrl>#dados_com_ensaio</styleUrl>
      <Point>
        <coordinates>13.30098200,-8.84495500,0</coordinates>
      </Point>
    </Placemark>
    <Placemark>
      <styleUrl>#dados_com_ensaio</styleUrl>
      <Point>
        <coordinates>13.31069100,-8.84665400,0</coordinates>
      </Point>
    </Placemark>
    <Placemark>
      <styleUrl>#dados_com_ensaio</styleUrl>
      <Point>
        <coordinates>13.31577800,-8.84759000,0</coordinates>
      </Point>
    </Placemark>
    <Placemark>
      <styleUrl>#dados_com_ensaio</styleUrl>
      <Point>
        <coordinates>13.31756700,-8.84795000,0</coordinates>
      </Point>
    </Placemark>
    <Placemark>
      <styleUrl>#dados_com_ensaio</styleUrl>
      <Point>
        <coordinates>13.29835500,-8.83685100,0</coordinates>
      </Point>
    </Placemark>
    <Placemark>
      <styleUrl>#dados_com_ensaio</styleUrl>
      <Point>
        <coordinates>13.30526400,-8.83685500,0</coordinates>
      </Point>
    </Placemark>
    <Placemark>
      <styleUrl>#dados_com_ensaio</styleUrl>
      <Point>
        <coordinates>13.70832300,-9.11678300,0</coordinates>
      </Point>
    </Placemark>
    <Placemark>
      <styleUrl>#dados_com_ensaio</styleUrl>
      <Point>
        <coordinates>13.70832300,-9.11678300,0</coordinates>
      </Point>
    </Placemark>
    <Placemark>
      <styleUrl>#dados_com_ensaio</styleUrl>
      <Point>
        <coordinates>13.80058500,-9.14161500,0</coordinates>
      </Point>
    </Placemark>
    <Placemark>
      <styleUrl>#dados_com_ensaio</styleUrl>
      <Point>
        <coordinates>13.82262500,-9.15527000,0</coordinates>
      </Point>
    </Placemark>
    <Placemark>
      <styleUrl>#dados_com_ensaio</styleUrl>
      <Point>
        <coordinates>13.87641700,-9.15214000,0</coordinates>
      </Point>
    </Placemark>
    <Placemark>
      <styleUrl>#dados_com_ensaio</styleUrl>
      <Point>
        <coordinates>13.88535700,-9.15111900,0</coordinates>
      </Point>
    </Placemark>
    <Placemark>
      <styleUrl>#dados_com_ensaio</styleUrl>
      <Point>
        <coordinates>13.89468300,-9.15164500,0</coordinates>
      </Point>
    </Placemark>
    <Placemark>
      <styleUrl>#dados_com_ensaio</styleUrl>
      <Point>
        <coordinates>13.90304000,-9.15071200,0</coordinates>
      </Point>
    </Placemark>
    <Placemark>
      <styleUrl>#dados_com_ensaio</styleUrl>
      <Point>
        <coordinates>13.91203400,-9.14967200,0</coordinates>
      </Point>
    </Placemark>
    <Placemark>
      <styleUrl>#dados_com_ensaio</styleUrl>
      <Point>
        <coordinates>13.91982400,-9.15253400,0</coordinates>
      </Point>
    </Placemark>
    <Placemark>
      <styleUrl>#dados_com_ensaio</styleUrl>
      <Point>
        <coordinates>13.92317700,-9.15727400,0</coordinates>
      </Point>
    </Placemark>
    <Placemark>
      <styleUrl>#dados_com_ensaio</styleUrl>
      <Point>
        <coordinates>13.93321000,-9.16492800,0</coordinates>
      </Point>
    </Placemark>
    <Placemark>
      <styleUrl>#dados_com_ensaio</styleUrl>
      <Point>
        <coordinates>13.94039400,-9.17006700,0</coordinates>
      </Point>
    </Placemark>
    <Placemark>
      <styleUrl>#dados_com_ensaio</styleUrl>
      <Point>
        <coordinates>13.94816000,-9.17496400,0</coordinates>
      </Point>
    </Placemark>
    <Placemark>
      <styleUrl>#dados_com_ensaio</styleUrl>
      <Point>
        <coordinates>13.98072800,-9.18950000,0</coordinates>
      </Point>
    </Placemark>
    <Placemark>
      <styleUrl>#dados_com_ensaio</styleUrl>
      <Point>
        <coordinates>13.98628600,-9.19064600,0</coordinates>
      </Point>
    </Placemark>
    <Placemark>
      <styleUrl>#dados_com_ensaio</styleUrl>
      <Point>
        <coordinates>14.02370500,-9.20608800,0</coordinates>
      </Point>
    </Placemark>
    <Placemark>
      <styleUrl>#dados_com_ensaio</styleUrl>
      <Point>
        <coordinates>14.03624100,-9.21198200,0</coordinates>
      </Point>
    </Placemark>
    <Placemark>
      <styleUrl>#dados_com_ensaio</styleUrl>
      <Point>
        <coordinates>14.04714900,-9.21751000,0</coordinates>
      </Point>
    </Placemark>
    <Placemark>
      <styleUrl>#dados_com_ensaio</styleUrl>
      <Point>
        <coordinates>14.08285200,-9.24068200,0</coordinates>
      </Point>
    </Placemark>
    <Placemark>
      <styleUrl>#dados_com_ensaio</styleUrl>
      <Point>
        <coordinates>13.80058500,-9.14161500,0</coordinates>
      </Point>
    </Placemark>
    <Placemark>
      <styleUrl>#dados_com_ensaio</styleUrl>
      <Point>
        <coordinates>13.82262500,-9.15527000,0</coordinates>
      </Point>
    </Placemark>
    <Placemark>
      <styleUrl>#dados_com_ensaio</styleUrl>
      <Point>
        <coordinates>13.92317700,-9.15727400,0</coordinates>
      </Point>
    </Placemark>
    <Placemark>
      <styleUrl>#dados_com_ensaio</styleUrl>
      <Point>
        <coordinates>13.98628600,-9.19064600,0</coordinates>
      </Point>
    </Placemark>
    <Placemark>
      <styleUrl>#dados_com_ensaio</styleUrl>
      <Point>
        <coordinates>14.03624100,-9.21198200,0</coordinates>
      </Point>
    </Placemark>
    <Placemark>
      <styleUrl>#dados_com_ensaio</styleUrl>
      <Point>
        <coordinates>16.30644900,-9.29648200,0</coordinates>
      </Point>
    </Placemark>
    <Placemark>
      <styleUrl>#dados_com_ensaio</styleUrl>
      <Point>
        <coordinates>20.33356100,-11.16543800,0</coordinates>
      </Point>
    </Placemark>
    <Placemark>
      <styleUrl>#dados_com_ensaio</styleUrl>
      <Point>
        <coordinates>20.42276000,-11.13063300,0</coordinates>
      </Point>
    </Placemark>
    <Placemark>
      <styleUrl>#dados_com_ensaio</styleUrl>
      <Point>
        <coordinates>20.71866800,-11.06626600,0</coordinates>
      </Point>
    </Placemark>
    <Placemark>
      <styleUrl>#dados_com_ensaio</styleUrl>
      <Point>
        <coordinates>20.33356100,-11.16543800,0</coordinates>
      </Point>
    </Placemark>
    <Placemark>
      <styleUrl>#dados_com_ensaio</styleUrl>
      <Point>
        <coordinates>20.42276000,-11.13063300,0</coordinates>
      </Point>
    </Placemark>
    <Placemark>
      <styleUrl>#dados_com_ensaio</styleUrl>
      <Point>
        <coordinates>20.60841000,-11.07664300,0</coordinates>
      </Point>
    </Placemark>
    <Placemark>
      <styleUrl>#dados_com_ensaio</styleUrl>
      <Point>
        <coordinates>20.71866800,-11.06626600,0</coordinates>
      </Point>
    </Placemark>
    <Placemark>
      <styleUrl>#dados_com_ensaio</styleUrl>
      <Point>
        <coordinates>14.23980000,-9.31664000,0</coordinates>
      </Point>
    </Placemark>
    <Placemark>
      <styleUrl>#dados_com_ensaio</styleUrl>
      <Point>
        <coordinates>14.26260700,-9.33943400,0</coordinates>
      </Point>
    </Placemark>
    <Placemark>
      <styleUrl>#dados_com_ensaio</styleUrl>
      <Point>
        <coordinates>14.31474100,-9.44019200,0</coordinates>
      </Point>
    </Placemark>
    <Placemark>
      <styleUrl>#dados_com_ensaio</styleUrl>
      <Point>
        <coordinates>14.38290100,-9.52729800,0</coordinates>
      </Point>
    </Placemark>
    <Placemark>
      <styleUrl>#dados_com_ensaio</styleUrl>
      <Point>
        <coordinates>14.38940400,-9.54400500,0</coordinates>
      </Point>
    </Placemark>
    <Placemark>
      <styleUrl>#dados_com_ensaio</styleUrl>
      <Point>
        <coordinates>14.40289200,-9.57901200,0</coordinates>
      </Point>
    </Placemark>
    <Placemark>
      <styleUrl>#dados_com_ensaio</styleUrl>
      <Point>
        <coordinates>13.79954900,-9.14136800,0</coordinates>
      </Point>
    </Placemark>
    <Placemark>
      <styleUrl>#dados_com_ensaio</styleUrl>
      <Point>
        <coordinates>13.80401900,-9.14346200,0</coordinates>
      </Point>
    </Placemark>
    <Placemark>
      <styleUrl>#dados_com_ensaio</styleUrl>
      <Point>
        <coordinates>13.79359000,-9.13804700,0</coordinates>
      </Point>
    </Placemark>
    <Placemark>
      <styleUrl>#dados_com_ensaio</styleUrl>
      <Point>
        <coordinates>13.78747200,-9.13635400,0</coordinates>
      </Point>
    </Placemark>
    <Placemark>
      <styleUrl>#dados_com_ensaio</styleUrl>
      <Point>
        <coordinates>13.83995600,-9.15675500,0</coordinates>
      </Point>
    </Placemark>
    <Placemark>
      <styleUrl>#dados_com_ensaio</styleUrl>
      <Point>
        <coordinates>13.69797600,-9.11492900,0</coordinates>
      </Point>
    </Placemark>
    <Placemark>
      <styleUrl>#dados_com_ensaio</styleUrl>
      <Point>
        <coordinates>12.18685400,-15.17736900,0</coordinates>
      </Point>
    </Placemark>
    <Placemark>
      <styleUrl>#dados_com_ensaio</styleUrl>
      <Point>
        <coordinates>12.18927200,-15.17387700,0</coordinates>
      </Point>
    </Placemark>
    <Placemark>
      <styleUrl>#dados_com_ensaio</styleUrl>
      <Point>
        <coordinates>12.25853300,-15.23163300,0</coordinates>
      </Point>
    </Placemark>
    <Placemark>
      <styleUrl>#dados_com_ensaio</styleUrl>
      <Point>
        <coordinates>13.84052700,-14.77465400,0</coordinates>
      </Point>
    </Placemark>
    <Placemark>
      <styleUrl>#dados_com_ensaio</styleUrl>
      <Point>
        <coordinates>13.84693600,-14.76796900,0</coordinates>
      </Point>
    </Placemark>
    <Placemark>
      <styleUrl>#dados_com_ensaio</styleUrl>
      <Point>
        <coordinates>13.85302900,-14.76104800,0</coordinates>
      </Point>
    </Placemark>
    <Placemark>
      <styleUrl>#dados_com_ensaio</styleUrl>
      <Point>
        <coordinates>13.85918600,-14.75445200,0</coordinates>
      </Point>
    </Placemark>
    <Placemark>
      <styleUrl>#dados_com_ensaio</styleUrl>
      <Point>
        <coordinates>13.86525900,-14.74763900,0</coordinates>
      </Point>
    </Placemark>
    <Placemark>
      <styleUrl>#dados_com_ensaio</styleUrl>
      <Point>
        <coordinates>13.87149000,-14.74096200,0</coordinates>
      </Point>
    </Placemark>
    <Placemark>
      <styleUrl>#dados_com_ensaio</styleUrl>
      <Point>
        <coordinates>13.87765500,-14.73415800,0</coordinates>
      </Point>
    </Placemark>
    <Placemark>
      <styleUrl>#dados_com_ensaio</styleUrl>
      <Point>
        <coordinates>13.89224000,-14.71179100,0</coordinates>
      </Point>
    </Placemark>
    <Placemark>
      <styleUrl>#dados_com_ensaio</styleUrl>
      <Point>
        <coordinates>13.88989300,-14.72044900,0</coordinates>
      </Point>
    </Placemark>
    <Placemark>
      <styleUrl>#dados_com_ensaio</styleUrl>
      <Point>
        <coordinates>13.89319800,-14.70051400,0</coordinates>
      </Point>
    </Placemark>
    <Placemark>
      <styleUrl>#dados_com_ensaio</styleUrl>
      <Point>
        <coordinates>13.89442100,-14.70298700,0</coordinates>
      </Point>
    </Placemark>
    <Placemark>
      <styleUrl>#dados_com_ensaio</styleUrl>
      <Point>
        <coordinates>13.89653600,-14.69414700,0</coordinates>
      </Point>
    </Placemark>
    <Placemark>
      <styleUrl>#dados_com_ensaio</styleUrl>
      <Point>
        <coordinates>13.89319800,-14.70051400,0</coordinates>
      </Point>
    </Placemark>
    <Placemark>
      <styleUrl>#dados_com_ensaio</styleUrl>
      <Point>
        <coordinates>13.89790800,-14.67423000,0</coordinates>
      </Point>
    </Placemark>
    <Placemark>
      <styleUrl>#dados_com_ensaio</styleUrl>
      <Point>
        <coordinates>13.89779400,-14.66725900,0</coordinates>
      </Point>
    </Placemark>
    <Placemark>
      <styleUrl>#dados_com_ensaio</styleUrl>
      <Point>
        <coordinates>13.90528300,-14.66268400,0</coordinates>
      </Point>
    </Placemark>
    <Placemark>
      <styleUrl>#dados_com_ensaio</styleUrl>
      <Point>
        <coordinates>13.91250600,-14.65724900,0</coordinates>
      </Point>
    </Placemark>
    <Placemark>
      <styleUrl>#dados_com_ensaio</styleUrl>
      <Point>
        <coordinates>13.91711800,-14.65027300,0</coordinates>
      </Point>
    </Placemark>
    <Placemark>
      <styleUrl>#dados_com_ensaio</styleUrl>
      <Point>
        <coordinates>13.93689000,-10.12947700,0</coordinates>
      </Point>
    </Placemark>
    <Placemark>
      <styleUrl>#dados_com_ensaio</styleUrl>
      <Point>
        <coordinates>13.92999100,-14.63616700,0</coordinates>
      </Point>
    </Placemark>
    <Placemark>
      <styleUrl>#dados_com_ensaio</styleUrl>
      <Point>
        <coordinates>13.93623200,-14.62618800,0</coordinates>
      </Point>
    </Placemark>
    <Placemark>
      <styleUrl>#dados_com_ensaio</styleUrl>
      <Point>
        <coordinates>13.94398400,-14.62436100,0</coordinates>
      </Point>
    </Placemark>
    <Placemark>
      <styleUrl>#dados_com_ensaio</styleUrl>
      <Point>
        <coordinates>13.95176000,-14.61940600,0</coordinates>
      </Point>
    </Placemark>
    <Placemark>
      <styleUrl>#dados_com_ensaio</styleUrl>
      <Point>
        <coordinates>13.95940600,-14.61431500,0</coordinates>
      </Point>
    </Placemark>
    <Placemark>
      <styleUrl>#dados_com_ensaio</styleUrl>
      <Point>
        <coordinates>13.96765100,-14.61013800,0</coordinates>
      </Point>
    </Placemark>
    <Placemark>
      <styleUrl>#dados_com_ensaio</styleUrl>
      <Point>
        <coordinates>13.97646700,-14.60687800,0</coordinates>
      </Point>
    </Placemark>
    <Placemark>
      <styleUrl>#dados_com_ensaio</styleUrl>
      <Point>
        <coordinates>13.98744100,-14.60483700,0</coordinates>
      </Point>
    </Placemark>
    <Placemark>
      <styleUrl>#dados_com_ensaio</styleUrl>
      <Point>
        <coordinates>13.99433600,-14.60540000,0</coordinates>
      </Point>
    </Placemark>
    <Placemark>
      <styleUrl>#dados_com_ensaio</styleUrl>
      <Point>
        <coordinates>13.99433900,-14.60474000,0</coordinates>
      </Point>
    </Placemark>
    <Placemark>
      <styleUrl>#dados_com_ensaio</styleUrl>
      <Point>
        <coordinates>14.01282600,-14.60397000,0</coordinates>
      </Point>
    </Placemark>
    <Placemark>
      <styleUrl>#dados_com_ensaio</styleUrl>
      <Point>
        <coordinates>14.02222400,-14.60341300,0</coordinates>
      </Point>
    </Placemark>
    <Placemark>
      <styleUrl>#dados_com_ensaio</styleUrl>
      <Point>
        <coordinates>14.11200100,-14.50722700,0</coordinates>
      </Point>
    </Placemark>
    <Placemark>
      <styleUrl>#dados_com_ensaio</styleUrl>
      <Point>
        <coordinates>14.09345000,-14.47539600,0</coordinates>
      </Point>
    </Placemark>
    <Placemark>
      <styleUrl>#dados_com_ensaio</styleUrl>
      <Point>
        <coordinates>14.05776100,-14.44570200,0</coordinates>
      </Point>
    </Placemark>
    <Placemark>
      <styleUrl>#dados_com_ensaio</styleUrl>
      <Point>
        <coordinates>14.05399800,-14.44488200,0</coordinates>
      </Point>
    </Placemark>
    <Placemark>
      <styleUrl>#dados_com_ensaio</styleUrl>
      <Point>
        <coordinates>14.04068100,-14.40909100,0</coordinates>
      </Point>
    </Placemark>
    <Placemark>
      <styleUrl>#dados_com_ensaio</styleUrl>
      <Point>
        <coordinates>14.03862500,-14.36275900,0</coordinates>
      </Point>
    </Placemark>
    <Placemark>
      <styleUrl>#dados_com_ensaio</styleUrl>
      <Point>
        <coordinates>14.03708800,-14.32095800,0</coordinates>
      </Point>
    </Placemark>
    <Placemark>
      <styleUrl>#dados_com_ensaio</styleUrl>
      <Point>
        <coordinates>13.21462300,-8.90009000,0</coordinates>
      </Point>
    </Placemark>
    <Placemark>
      <styleUrl>#dados_com_ensaio</styleUrl>
      <Point>
        <coordinates>13.21521600,-8.90221400,0</coordinates>
      </Point>
    </Placemark>
    <Placemark>
      <styleUrl>#dados_com_ensaio</styleUrl>
      <Point>
        <coordinates>13.21553200,-8.90362600,0</coordinates>
      </Point>
    </Placemark>
    <Placemark>
      <styleUrl>#dados_com_ensaio</styleUrl>
      <Point>
        <coordinates>13.21594100,-8.90501700,0</coordinates>
      </Point>
    </Placemark>
    <Placemark>
      <styleUrl>#dados_com_ensaio</styleUrl>
      <Point>
        <coordinates>13.21633200,-8.90653400,0</coordinates>
      </Point>
    </Placemark>
    <Placemark>
      <styleUrl>#dados_com_ensaio</styleUrl>
      <Point>
        <coordinates>13.21612800,-8.90903600,0</coordinates>
      </Point>
    </Placemark>
    <Placemark>
      <styleUrl>#dados_com_ensaio</styleUrl>
      <Point>
        <coordinates>13.21600900,-8.91052200,0</coordinates>
      </Point>
    </Placemark>
    <Placemark>
      <styleUrl>#dados_com_ensaio</styleUrl>
      <Point>
        <coordinates>13.21713000,-8.90965300,0</coordinates>
      </Point>
    </Placemark>
    <Placemark>
      <styleUrl>#dados_com_ensaio</styleUrl>
      <Point>
        <coordinates>13.21847500,-8.91078900,0</coordinates>
      </Point>
    </Placemark>
    <Placemark>
      <styleUrl>#dados_com_ensaio</styleUrl>
      <Point>
        <coordinates>13.22016200,-8.91146900,0</coordinates>
      </Point>
    </Placemark>
    <Placemark>
      <styleUrl>#dados_com_ensaio</styleUrl>
      <Point>
        <coordinates>13.22119400,-8.91134300,0</coordinates>
      </Point>
    </Placemark>
    <Placemark>
      <styleUrl>#dados_com_ensaio</styleUrl>
      <Point>
        <coordinates>13.22137000,-8.91040800,0</coordinates>
      </Point>
    </Placemark>
    <Placemark>
      <styleUrl>#dados_com_ensaio</styleUrl>
      <Point>
        <coordinates>13.21541700,-8.91066300,0</coordinates>
      </Point>
    </Placemark>
    <Placemark>
      <styleUrl>#dados_com_ensaio</styleUrl>
      <Point>
        <coordinates>13.21468200,-8.91234300,0</coordinates>
      </Point>
    </Placemark>
    <Placemark>
      <styleUrl>#dados_com_ensaio</styleUrl>
      <Point>
        <coordinates>13.21397600,-8.91395000,0</coordinates>
      </Point>
    </Placemark>
    <Placemark>
      <styleUrl>#dados_com_ensaio</styleUrl>
      <Point>
        <coordinates>13.21313500,-8.91558300,0</coordinates>
      </Point>
    </Placemark>
    <Placemark>
      <styleUrl>#dados_com_ensaio</styleUrl>
      <Point>
        <coordinates>13.38885900,-8.76742200,0</coordinates>
      </Point>
    </Placemark>
    <Placemark>
      <styleUrl>#dados_com_ensaio</styleUrl>
      <Point>
        <coordinates>13.38877600,-8.76774700,0</coordinates>
      </Point>
    </Placemark>
    <Placemark>
      <styleUrl>#dados_com_ensaio</styleUrl>
      <Point>
        <coordinates>13.38907600,-8.76767600,0</coordinates>
      </Point>
    </Placemark>
    <Placemark>
      <styleUrl>#dados_com_ensaio</styleUrl>
      <Point>
        <coordinates>15.99685500,-7.30493200,0</coordinates>
      </Point>
    </Placemark>
    <Placemark>
      <styleUrl>#dados_com_ensaio</styleUrl>
      <Point>
        <coordinates>15.98090800,-7.30758100,0</coordinates>
      </Point>
    </Placemark>
    <Placemark>
      <styleUrl>#dados_com_ensaio</styleUrl>
      <Point>
        <coordinates>15.96467100,-7.30129400,0</coordinates>
      </Point>
    </Placemark>
    <Placemark>
      <styleUrl>#dados_com_ensaio</styleUrl>
      <Point>
        <coordinates>15.94912700,-7.29289700,0</coordinates>
      </Point>
    </Placemark>
    <Placemark>
      <styleUrl>#dados_com_ensaio</styleUrl>
      <Point>
        <coordinates>15.93450700,-7.28440800,0</coordinates>
      </Point>
    </Placemark>
    <Placemark>
      <styleUrl>#dados_com_ensaio</styleUrl>
      <Point>
        <coordinates>15.93055200,-7.26814400,0</coordinates>
      </Point>
    </Placemark>
    <Placemark>
      <styleUrl>#dados_com_ensaio</styleUrl>
      <Point>
        <coordinates>15.90251600,-7.24910700,0</coordinates>
      </Point>
    </Placemark>
    <Placemark>
      <styleUrl>#dados_com_ensaio</styleUrl>
      <Point>
        <coordinates>15.89548400,-7.23377200,0</coordinates>
      </Point>
    </Placemark>
    <Placemark>
      <styleUrl>#dados_com_ensaio</styleUrl>
      <Point>
        <coordinates>15.88012800,-7.23631700,0</coordinates>
      </Point>
    </Placemark>
    <Placemark>
      <styleUrl>#dados_com_ensaio</styleUrl>
      <Point>
        <coordinates>15.86286500,-7.23663000,0</coordinates>
      </Point>
    </Placemark>
    <Placemark>
      <styleUrl>#dados_com_ensaio</styleUrl>
      <Point>
        <coordinates>15.84605200,-7.23553100,0</coordinates>
      </Point>
    </Placemark>
    <Placemark>
      <styleUrl>#dados_com_ensaio</styleUrl>
      <Point>
        <coordinates>15.83024400,-7.22920200,0</coordinates>
      </Point>
    </Placemark>
    <Placemark>
      <styleUrl>#dados_com_ensaio</styleUrl>
      <Point>
        <coordinates>15.81496900,-7.23149000,0</coordinates>
      </Point>
    </Placemark>
    <Placemark>
      <styleUrl>#dados_com_ensaio</styleUrl>
      <Point>
        <coordinates>15.80352700,-7.21996000,0</coordinates>
      </Point>
    </Placemark>
    <Placemark>
      <styleUrl>#dados_com_ensaio</styleUrl>
      <Point>
        <coordinates>15.79018800,-7.21066700,0</coordinates>
      </Point>
    </Placemark>
    <Placemark>
      <styleUrl>#dados_com_ensaio</styleUrl>
      <Point>
        <coordinates>15.77433500,-7.20897600,0</coordinates>
      </Point>
    </Placemark>
    <Placemark>
      <styleUrl>#dados_com_ensaio</styleUrl>
      <Point>
        <coordinates>15.75789600,-7.20877700,0</coordinates>
      </Point>
    </Placemark>
    <Placemark>
      <styleUrl>#dados_com_ensaio</styleUrl>
      <Point>
        <coordinates>15.74421400,-7.19999900,0</coordinates>
      </Point>
    </Placemark>
    <Placemark>
      <styleUrl>#dados_com_ensaio</styleUrl>
      <Point>
        <coordinates>15.72624200,-7.20368200,0</coordinates>
      </Point>
    </Placemark>
    <Placemark>
      <styleUrl>#dados_com_ensaio</styleUrl>
      <Point>
        <coordinates>15.89389500,-7.23166800,0</coordinates>
      </Point>
    </Placemark>
    <Placemark>
      <styleUrl>#dados_com_ensaio</styleUrl>
      <Point>
        <coordinates>15.89584500,-7.21460600,0</coordinates>
      </Point>
    </Placemark>
    <Placemark>
      <styleUrl>#dados_com_ensaio</styleUrl>
      <Point>
        <coordinates>15.90134800,-7.19931800,0</coordinates>
      </Point>
    </Placemark>
    <Placemark>
      <styleUrl>#dados_com_ensaio</styleUrl>
      <Point>
        <coordinates>15.89773400,-7.18530600,0</coordinates>
      </Point>
    </Placemark>
    <Placemark>
      <styleUrl>#dados_com_ensaio</styleUrl>
      <Point>
        <coordinates>15.89561700,-7.17234900,0</coordinates>
      </Point>
    </Placemark>
    <Placemark>
      <styleUrl>#dados_com_ensaio</styleUrl>
      <Point>
        <coordinates>15.88793100,-7.15993600,0</coordinates>
      </Point>
    </Placemark>
    <Placemark>
      <styleUrl>#dados_com_ensaio</styleUrl>
      <Point>
        <coordinates>15.87541100,-7.15721000,0</coordinates>
      </Point>
    </Placemark>
    <Placemark>
      <styleUrl>#dados_com_ensaio</styleUrl>
      <Point>
        <coordinates>15.87513900,-7.14283000,0</coordinates>
      </Point>
    </Placemark>
    <Placemark>
      <styleUrl>#dados_com_ensaio</styleUrl>
      <Point>
        <coordinates>15.88107000,-7.12832800,0</coordinates>
      </Point>
    </Placemark>
    <Placemark>
      <styleUrl>#dados_com_ensaio</styleUrl>
      <Point>
        <coordinates>15.87988300,-7.11356900,0</coordinates>
      </Point>
    </Placemark>
    <Placemark>
      <styleUrl>#dados_com_ensaio</styleUrl>
      <Point>
        <coordinates>15.87031300,-7.10457000,0</coordinates>
      </Point>
    </Placemark>
    <Placemark>
      <styleUrl>#dados_com_ensaio</styleUrl>
      <Point>
        <coordinates>15.86594000,-7.10001900,0</coordinates>
      </Point>
    </Placemark>
    <Placemark>
      <styleUrl>#dados_com_ensaio</styleUrl>
      <Point>
        <coordinates>15.85567100,-7.08986300,0</coordinates>
      </Point>
    </Placemark>
    <Placemark>
      <styleUrl>#dados_com_ensaio</styleUrl>
      <Point>
        <coordinates>15.85278700,-7.07252900,0</coordinates>
      </Point>
    </Placemark>
    <Placemark>
      <styleUrl>#dados_com_ensaio</styleUrl>
      <Point>
        <coordinates>15.84199600,-7.05855600,0</coordinates>
      </Point>
    </Placemark>
    <Placemark>
      <styleUrl>#dados_com_ensaio</styleUrl>
      <Point>
        <coordinates>15.83335700,-7.04757300,0</coordinates>
      </Point>
    </Placemark>
    <Placemark>
      <styleUrl>#dados_com_ensaio</styleUrl>
      <Point>
        <coordinates>15.83655100,-7.03622500,0</coordinates>
      </Point>
    </Placemark>
    <Placemark>
      <styleUrl>#dados_com_ensaio</styleUrl>
      <Point>
        <coordinates>15.85028700,-7.02741700,0</coordinates>
      </Point>
    </Placemark>
    <Placemark>
      <styleUrl>#dados_com_ensaio</styleUrl>
      <Point>
        <coordinates>15.86297000,-7.02187700,0</coordinates>
      </Point>
    </Placemark>
    <Placemark>
      <styleUrl>#dados_com_ensaio</styleUrl>
      <Point>
        <coordinates>15.86959900,-7.00818800,0</coordinates>
      </Point>
    </Placemark>
    <Placemark>
      <styleUrl>#dados_com_ensaio</styleUrl>
      <Point>
        <coordinates>15.87220400,-6.99237300,0</coordinates>
      </Point>
    </Placemark>
    <Placemark>
      <styleUrl>#dados_com_ensaio</styleUrl>
      <Point>
        <coordinates>15.86644800,-6.97850000,0</coordinates>
      </Point>
    </Placemark>
    <Placemark>
      <styleUrl>#dados_com_ensaio</styleUrl>
      <Point>
        <coordinates>15.85896300,-6.96410500,0</coordinates>
      </Point>
    </Placemark>
    <Placemark>
      <styleUrl>#dados_com_ensaio</styleUrl>
      <Point>
        <coordinates>15.86336100,-6.94380900,0</coordinates>
      </Point>
    </Placemark>
    <Placemark>
      <styleUrl>#dados_com_ensaio</styleUrl>
      <Point>
        <coordinates>15.88099300,-6.74580000,0</coordinates>
      </Point>
    </Placemark>
    <Placemark>
      <styleUrl>#dados_com_ensaio</styleUrl>
      <Point>
        <coordinates>15.99599800,-7.31466600,0</coordinates>
      </Point>
    </Placemark>
    <Placemark>
      <styleUrl>#dados_com_ensaio</styleUrl>
      <Point>
        <coordinates>16.34634000,-6.92367400,0</coordinates>
      </Point>
    </Placemark>
    <Placemark>
      <styleUrl>#dados_com_ensaio</styleUrl>
      <Point>
        <coordinates>16.20692700,-6.54856400,0</coordinates>
      </Point>
    </Placemark>
    <Placemark>
      <styleUrl>#dados_com_ensaio</styleUrl>
      <Point>
        <coordinates>14.98794600,-6.00659900,0</coordinates>
      </Point>
    </Placemark>
    <Placemark>
      <styleUrl>#dados_com_ensaio</styleUrl>
      <Point>
        <coordinates>15.86573900,-6.97714400,0</coordinates>
      </Point>
    </Placemark>
    <Placemark>
      <styleUrl>#dados_com_ensaio</styleUrl>
      <Point>
        <coordinates>16.07028900,-7.13853800,0</coordinates>
      </Point>
    </Placemark>
    <Placemark>
      <styleUrl>#dados_com_ensaio</styleUrl>
      <Point>
        <coordinates>15.89384100,-7.23211100,0</coordinates>
      </Point>
    </Placemark>
    <Placemark>
      <styleUrl>#dados_com_ensaio</styleUrl>
      <Point>
        <coordinates>15.97886000,-7.33196000,0</coordinates>
      </Point>
    </Placemark>
    <Placemark>
      <styleUrl>#dados_com_ensaio</styleUrl>
      <Point>
        <coordinates>15.99912300,-7.31080600,0</coordinates>
      </Point>
    </Placemark>
    <Placemark>
      <styleUrl>#dados_com_ensaio</styleUrl>
      <Point>
        <coordinates>16.00630300,-7.31339500,0</coordinates>
      </Point>
    </Placemark>
    <Placemark>
      <styleUrl>#dados_com_ensaio</styleUrl>
      <Point>
        <coordinates>15.99342300,-7.31773800,0</coordinates>
      </Point>
    </Placemark>
    <Placemark>
      <styleUrl>#dados_com_ensaio</styleUrl>
      <Point>
        <coordinates>19.97583700,-11.73919000,0</coordinates>
      </Point>
    </Placemark>
    <Placemark>
      <styleUrl>#dados_com_ensaio</styleUrl>
      <Point>
        <coordinates>19.96115000,-11.75034900,0</coordinates>
      </Point>
    </Placemark>
    <Placemark>
      <styleUrl>#dados_com_ensaio</styleUrl>
      <Point>
        <coordinates>19.95394400,-11.75579400,0</coordinates>
      </Point>
    </Placemark>
    <Placemark>
      <styleUrl>#dados_com_ensaio</styleUrl>
      <Point>
        <coordinates>19.94666400,-11.76133700,0</coordinates>
      </Point>
    </Placemark>
    <Placemark>
      <styleUrl>#dados_com_ensaio</styleUrl>
      <Point>
        <coordinates>19.93933000,-11.76683400,0</coordinates>
      </Point>
    </Placemark>
    <Placemark>
      <styleUrl>#dados_com_ensaio</styleUrl>
      <Point>
        <coordinates>19.93206000,-11.77203300,0</coordinates>
      </Point>
    </Placemark>
    <Placemark>
      <styleUrl>#dados_com_ensaio</styleUrl>
      <Point>
        <coordinates>19.92484300,-11.77775700,0</coordinates>
      </Point>
    </Placemark>
    <Placemark>
      <styleUrl>#dados_com_ensaio</styleUrl>
      <Point>
        <coordinates>19.91746200,-11.78307300,0</coordinates>
      </Point>
    </Placemark>
    <Placemark>
      <styleUrl>#dados_com_ensaio</styleUrl>
      <Point>
        <coordinates>19.93416500,-11.77097400,0</coordinates>
      </Point>
    </Placemark>
    <Placemark>
      <styleUrl>#dados_com_ensaio</styleUrl>
      <Point>
        <coordinates>19.93243200,-11.77531700,0</coordinates>
      </Point>
    </Placemark>
    <Placemark>
      <styleUrl>#dados_com_ensaio</styleUrl>
      <Point>
        <coordinates>19.93118000,-11.78117200,0</coordinates>
      </Point>
    </Placemark>
    <Placemark>
      <styleUrl>#dados_com_ensaio</styleUrl>
      <Point>
        <coordinates>16.34349400,-8.03331100,0</coordinates>
      </Point>
    </Placemark>
    <Placemark>
      <styleUrl>#dados_com_ensaio</styleUrl>
      <Point>
        <coordinates>16.35823400,-8.02690500,0</coordinates>
      </Point>
    </Placemark>
    <Placemark>
      <styleUrl>#dados_com_ensaio</styleUrl>
      <Point>
        <coordinates>16.34670000,-8.03987400,0</coordinates>
      </Point>
    </Placemark>
    <Placemark>
      <styleUrl>#dados_com_ensaio</styleUrl>
      <Point>
        <coordinates>16.35059600,-8.02741800,0</coordinates>
      </Point>
    </Placemark>
    <Placemark>
      <styleUrl>#dados_com_ensaio</styleUrl>
      <Point>
        <coordinates>16.34816400,-8.02981400,0</coordinates>
      </Point>
    </Placemark>
    <Placemark>
      <styleUrl>#dados_com_ensaio</styleUrl>
      <Point>
        <coordinates>16.42553300,-9.79125600,0</coordinates>
      </Point>
    </Placemark>
    <Placemark>
      <styleUrl>#dados_com_ensaio</styleUrl>
      <Point>
        <coordinates>16.15671900,-8.35558000,0</coordinates>
      </Point>
    </Placemark>
    <Placemark>
      <styleUrl>#dados_com_ensaio</styleUrl>
      <Point>
        <coordinates>15.60477600,-9.62247500,0</coordinates>
      </Point>
    </Placemark>
    <Placemark>
      <styleUrl>#dados_com_ensaio</styleUrl>
      <Point>
        <coordinates>16.16070900,-8.35348000,0</coordinates>
      </Point>
    </Placemark>
    <Placemark>
      <styleUrl>#dados_com_ensaio</styleUrl>
      <Point>
        <coordinates>16.71885900,-9.39359000,0</coordinates>
      </Point>
    </Placemark>
    <Placemark>
      <styleUrl>#dados_com_ensaio</styleUrl>
      <Point>
        <coordinates>16.47726500,-8.92407500,0</coordinates>
      </Point>
    </Placemark>
    <Placemark>
      <styleUrl>#dados_com_ensaio</styleUrl>
      <Point>
        <coordinates>14.80323300,-7.42251800,0</coordinates>
      </Point>
    </Placemark>
    <Placemark>
      <styleUrl>#dados_com_ensaio</styleUrl>
      <Point>
        <coordinates>14.74040100,-8.41452300,0</coordinates>
      </Point>
    </Placemark>
    <Placemark>
      <styleUrl>#dados_com_ensaio</styleUrl>
      <Point>
        <coordinates>14.70624100,-8.45734700,0</coordinates>
      </Point>
    </Placemark>
    <Placemark>
      <styleUrl>#dados_com_ensaio</styleUrl>
      <Point>
        <coordinates>14.73849000,-8.42098100,0</coordinates>
      </Point>
    </Placemark>
    <Placemark>
      <styleUrl>#dados_com_ensaio</styleUrl>
      <Point>
        <coordinates>14.04332400,-14.17219100,0</coordinates>
      </Point>
    </Placemark>
    <Placemark>
      <styleUrl>#dados_com_ensaio</styleUrl>
      <Point>
        <coordinates>14.04871900,-14.16512500,0</coordinates>
      </Point>
    </Placemark>
    <Placemark>
      <styleUrl>#dados_com_ensaio</styleUrl>
      <Point>
        <coordinates>14.05615200,-14.16001900,0</coordinates>
      </Point>
    </Placemark>
    <Placemark>
      <styleUrl>#dados_com_ensaio</styleUrl>
      <Point>
        <coordinates>14.06546100,-13.70263600,0</coordinates>
      </Point>
    </Placemark>
    <Placemark>
      <styleUrl>#dados_com_ensaio</styleUrl>
      <Point>
        <coordinates>14.06756300,-14.14736100,0</coordinates>
      </Point>
    </Placemark>
    <Placemark>
      <styleUrl>#dados_com_ensaio</styleUrl>
      <Point>
        <coordinates>14.06706300,-14.13829100,0</coordinates>
      </Point>
    </Placemark>
    <Placemark>
      <styleUrl>#dados_com_ensaio</styleUrl>
      <Point>
        <coordinates>14.06485500,-14.13007400,0</coordinates>
      </Point>
    </Placemark>
    <Placemark>
      <styleUrl>#dados_com_ensaio</styleUrl>
      <Point>
        <coordinates>14.03395600,-14.12189600,0</coordinates>
      </Point>
    </Placemark>
    <Placemark>
      <styleUrl>#dados_com_ensaio</styleUrl>
      <Point>
        <coordinates>14.06052100,-14.11386500,0</coordinates>
      </Point>
    </Placemark>
    <Placemark>
      <styleUrl>#dados_com_ensaio</styleUrl>
      <Point>
        <coordinates>14.06306400,-14.10564800,0</coordinates>
      </Point>
    </Placemark>
    <Placemark>
      <styleUrl>#dados_com_ensaio</styleUrl>
      <Point>
        <coordinates>14.06646800,-14.09793100,0</coordinates>
      </Point>
    </Placemark>
    <Placemark>
      <styleUrl>#dados_com_ensaio</styleUrl>
      <Point>
        <coordinates>14.07145200,-14.09089800,0</coordinates>
      </Point>
    </Placemark>
    <Placemark>
      <styleUrl>#dados_com_ensaio</styleUrl>
      <Point>
        <coordinates>14.07507600,-14.08331800,0</coordinates>
      </Point>
    </Placemark>
    <Placemark>
      <styleUrl>#dados_com_ensaio</styleUrl>
      <Point>
        <coordinates>14.07373800,-14.07511300,0</coordinates>
      </Point>
    </Placemark>
    <Placemark>
      <styleUrl>#dados_com_ensaio</styleUrl>
      <Point>
        <coordinates>14.06792000,-14.06868900,0</coordinates>
      </Point>
    </Placemark>
    <Placemark>
      <styleUrl>#dados_com_ensaio</styleUrl>
      <Point>
        <coordinates>14.06176700,-14.06258100,0</coordinates>
      </Point>
    </Placemark>
    <Placemark>
      <styleUrl>#dados_com_ensaio</styleUrl>
      <Point>
        <coordinates>14.05436900,-14.05785100,0</coordinates>
      </Point>
    </Placemark>
    <Placemark>
      <styleUrl>#dados_com_ensaio</styleUrl>
      <Point>
        <coordinates>14.04837300,-14.05190600,0</coordinates>
      </Point>
    </Placemark>
    <Placemark>
      <styleUrl>#dados_com_ensaio</styleUrl>
      <Point>
        <coordinates>14.04555400,-14.08403500,0</coordinates>
      </Point>
    </Placemark>
    <Placemark>
      <styleUrl>#dados_com_ensaio</styleUrl>
      <Point>
        <coordinates>14.04652900,-14.03436800,0</coordinates>
      </Point>
    </Placemark>
    <Placemark>
      <styleUrl>#dados_com_ensaio</styleUrl>
      <Point>
        <coordinates>14.04901700,-14.02594300,0</coordinates>
      </Point>
    </Placemark>
    <Placemark>
      <styleUrl>#dados_com_ensaio</styleUrl>
      <Point>
        <coordinates>14.04976800,-14.01678700,0</coordinates>
      </Point>
    </Placemark>
    <Placemark>
      <styleUrl>#dados_com_ensaio</styleUrl>
      <Point>
        <coordinates>14.04961100,-14.00780000,0</coordinates>
      </Point>
    </Placemark>
    <Placemark>
      <styleUrl>#dados_com_ensaio</styleUrl>
      <Point>
        <coordinates>14.04829600,-13.99888100,0</coordinates>
      </Point>
    </Placemark>
    <Placemark>
      <styleUrl>#dados_com_ensaio</styleUrl>
      <Point>
        <coordinates>14.04929400,-13.99022300,0</coordinates>
      </Point>
    </Placemark>
    <Placemark>
      <styleUrl>#dados_com_ensaio</styleUrl>
      <Point>
        <coordinates>14.04778400,-13.98143000,0</coordinates>
      </Point>
    </Placemark>
    <Placemark>
      <styleUrl>#dados_com_ensaio</styleUrl>
      <Point>
        <coordinates>14.04658700,-13.97316100,0</coordinates>
      </Point>
    </Placemark>
    <Placemark>
      <styleUrl>#dados_com_ensaio</styleUrl>
      <Point>
        <coordinates>14.04213900,-13.96520600,0</coordinates>
      </Point>
    </Placemark>
    <Placemark>
      <styleUrl>#dados_com_ensaio</styleUrl>
      <Point>
        <coordinates>14.04559800,-13.95698300,0</coordinates>
      </Point>
    </Placemark>
    <Placemark>
      <styleUrl>#dados_com_ensaio</styleUrl>
      <Point>
        <coordinates>14.04419000,-13.94818100,0</coordinates>
      </Point>
    </Placemark>
    <Placemark>
      <styleUrl>#dados_com_ensaio</styleUrl>
      <Point>
        <coordinates>14.04006700,-13.94017300,0</coordinates>
      </Point>
    </Placemark>
    <Placemark>
      <styleUrl>#dados_com_ensaio</styleUrl>
      <Point>
        <coordinates>14.03318600,-13.93423300,0</coordinates>
      </Point>
    </Placemark>
    <Placemark>
      <styleUrl>#dados_com_ensaio</styleUrl>
      <Point>
        <coordinates>14.02647200,-13.92853700,0</coordinates>
      </Point>
    </Placemark>
    <Placemark>
      <styleUrl>#dados_com_ensaio</styleUrl>
      <Point>
        <coordinates>14.01715800,-13.92680000,0</coordinates>
      </Point>
    </Placemark>
    <Placemark>
      <styleUrl>#dados_com_ensaio</styleUrl>
      <Point>
        <coordinates>14.00893700,-13.92503100,0</coordinates>
      </Point>
    </Placemark>
    <Placemark>
      <styleUrl>#dados_com_ensaio</styleUrl>
      <Point>
        <coordinates>14.00114600,-13.92014400,0</coordinates>
      </Point>
    </Placemark>
    <Placemark>
      <styleUrl>#dados_com_ensaio</styleUrl>
      <Point>
        <coordinates>13.99416600,-13.91415800,0</coordinates>
      </Point>
    </Placemark>
    <Placemark>
      <styleUrl>#dados_com_ensaio</styleUrl>
      <Point>
        <coordinates>13.98876400,-13.90701100,0</coordinates>
      </Point>
    </Placemark>
    <Placemark>
      <styleUrl>#dados_com_ensaio</styleUrl>
      <Point>
        <coordinates>13.98137200,-13.90212600,0</coordinates>
      </Point>
    </Placemark>
    <Placemark>
      <styleUrl>#dados_com_ensaio</styleUrl>
      <Point>
        <coordinates>13.97673100,-13.89458400,0</coordinates>
      </Point>
    </Placemark>
    <Placemark>
      <styleUrl>#dados_com_ensaio</styleUrl>
      <Point>
        <coordinates>13.97458200,-13.86779600,0</coordinates>
      </Point>
    </Placemark>
    <Placemark>
      <styleUrl>#dados_com_ensaio</styleUrl>
      <Point>
        <coordinates>13.97168200,-13.87705100,0</coordinates>
      </Point>
    </Placemark>
    <Placemark>
      <styleUrl>#dados_com_ensaio</styleUrl>
      <Point>
        <coordinates>13.97034200,-13.86819500,0</coordinates>
      </Point>
    </Placemark>
    <Placemark>
      <styleUrl>#dados_com_ensaio</styleUrl>
      <Point>
        <coordinates>13.96914900,-13.85970900,0</coordinates>
      </Point>
    </Placemark>
    <Placemark>
      <styleUrl>#dados_com_ensaio</styleUrl>
      <Point>
        <coordinates>13.96623400,-13.85137000,0</coordinates>
      </Point>
    </Placemark>
    <Placemark>
      <styleUrl>#dados_com_ensaio</styleUrl>
      <Point>
        <coordinates>13.96103900,-13.84398000,0</coordinates>
      </Point>
    </Placemark>
    <Placemark>
      <styleUrl>#dados_com_ensaio</styleUrl>
      <Point>
        <coordinates>13.95907100,-13.83507600,0</coordinates>
      </Point>
    </Placemark>
    <Placemark>
      <styleUrl>#dados_com_ensaio</styleUrl>
      <Point>
        <coordinates>13.95741600,-13.82646200,0</coordinates>
      </Point>
    </Placemark>
    <Placemark>
      <styleUrl>#dados_com_ensaio</styleUrl>
      <Point>
        <coordinates>13.96180900,-13.81848800,0</coordinates>
      </Point>
    </Placemark>
    <Placemark>
      <styleUrl>#dados_com_ensaio</styleUrl>
      <Point>
        <coordinates>13.86974500,-13.80966500,0</coordinates>
      </Point>
    </Placemark>
    <Placemark>
      <styleUrl>#dados_com_ensaio</styleUrl>
      <Point>
        <coordinates>13.96452400,-13.76487900,0</coordinates>
      </Point>
    </Placemark>
    <Placemark>
      <styleUrl>#dados_com_ensaio</styleUrl>
      <Point>
        <coordinates>13.96288800,-13.79209400,0</coordinates>
      </Point>
    </Placemark>
    <Placemark>
      <styleUrl>#dados_com_ensaio</styleUrl>
      <Point>
        <coordinates>13.96293600,-13.78316200,0</coordinates>
      </Point>
    </Placemark>
    <Placemark>
      <styleUrl>#dados_com_ensaio</styleUrl>
      <Point>
        <coordinates>13.96064400,-13.77442800,0</coordinates>
      </Point>
    </Placemark>
    <Placemark>
      <styleUrl>#dados_com_ensaio</styleUrl>
      <Point>
        <coordinates>13.96098000,-13.76539700,0</coordinates>
      </Point>
    </Placemark>
    <Placemark>
      <styleUrl>#dados_com_ensaio</styleUrl>
      <Point>
        <coordinates>13.96216700,-13.75633400,0</coordinates>
      </Point>
    </Placemark>
    <Placemark>
      <styleUrl>#dados_com_ensaio</styleUrl>
      <Point>
        <coordinates>13.96346300,-13.74747100,0</coordinates>
      </Point>
    </Placemark>
    <Placemark>
      <styleUrl>#dados_com_ensaio</styleUrl>
      <Point>
        <coordinates>13.96296700,-13.74040800,0</coordinates>
      </Point>
    </Placemark>
    <Placemark>
      <styleUrl>#dados_com_ensaio</styleUrl>
      <Point>
        <coordinates>12.24204800,-5.55685200,0</coordinates>
      </Point>
    </Placemark>
    <Placemark>
      <styleUrl>#dados_com_ensaio</styleUrl>
      <Point>
        <coordinates>12.24153000,-5.55572000,0</coordinates>
      </Point>
    </Placemark>
    <Placemark>
      <styleUrl>#dados_com_ensaio</styleUrl>
      <Point>
        <coordinates>12.24057500,-5.55755900,0</coordinates>
      </Point>
    </Placemark>
    <Placemark>
      <styleUrl>#dados_com_ensaio</styleUrl>
      <Point>
        <coordinates>13.33016700,-7.84811300,0</coordinates>
      </Point>
    </Placemark>
    <Placemark>
      <styleUrl>#dados_com_ensaio</styleUrl>
      <Point>
        <coordinates>13.33089500,-7.84729300,0</coordinates>
      </Point>
    </Placemark>
    <Placemark>
      <styleUrl>#dados_com_ensaio</styleUrl>
      <Point>
        <coordinates>13.33184600,-7.84774000,0</coordinates>
      </Point>
    </Placemark>
    <Placemark>
      <styleUrl>#dados_com_ensaio</styleUrl>
      <Point>
        <coordinates>13.33137800,-7.84895000,0</coordinates>
      </Point>
    </Placemark>
    <Placemark>
      <styleUrl>#dados_com_ensaio</styleUrl>
      <Point>
        <coordinates>14.64257600,-12.93362800,0</coordinates>
      </Point>
    </Placemark>
    <Placemark>
      <styleUrl>#dados_com_ensaio</styleUrl>
      <Point>
        <coordinates>14.64279000,-12.93261600,0</coordinates>
      </Point>
    </Placemark>
    <Placemark>
      <styleUrl>#dados_com_ensaio</styleUrl>
      <Point>
        <coordinates>14.64159200,-12.93225200,0</coordinates>
      </Point>
    </Placemark>
    <Placemark>
      <styleUrl>#dados_com_ensaio</styleUrl>
      <Point>
        <coordinates>14.64190400,-12.93327500,0</coordinates>
      </Point>
    </Placemark>
    <Placemark>
      <styleUrl>#dados_com_ensaio</styleUrl>
      <Point>
        <coordinates>14.64466700,-12.93488800,0</coordinates>
      </Point>
    </Placemark>
    <Placemark>
      <styleUrl>#dados_com_ensaio</styleUrl>
      <Point>
        <coordinates>14.64497300,-12.93395700,0</coordinates>
      </Point>
    </Placemark>
    <Placemark>
      <styleUrl>#dados_com_ensaio</styleUrl>
      <Point>
        <coordinates>14.64390400,-12.93328600,0</coordinates>
      </Point>
    </Placemark>
    <Placemark>
      <styleUrl>#dados_com_ensaio</styleUrl>
      <Point>
        <coordinates>14.64345100,-12.93438900,0</coordinates>
      </Point>
    </Placemark>
    <Placemark>
      <styleUrl>#dados_com_ensaio</styleUrl>
      <Point>
        <coordinates>14.64014500,-12.93230500,0</coordinates>
      </Point>
    </Placemark>
    <Placemark>
      <styleUrl>#dados_com_ensaio</styleUrl>
      <Point>
        <coordinates>14.64086400,-12.93219700,0</coordinates>
      </Point>
    </Placemark>
    <Placemark>
      <styleUrl>#dados_com_ensaio</styleUrl>
      <Point>
        <coordinates>14.63972300,-12.93071300,0</coordinates>
      </Point>
    </Placemark>
    <Placemark>
      <styleUrl>#dados_com_ensaio</styleUrl>
      <Point>
        <coordinates>14.63922300,-12.93202300,0</coordinates>
      </Point>
    </Placemark>
    <Placemark>
      <styleUrl>#dados_com_ensaio</styleUrl>
      <Point>
        <coordinates>17.00672400,-12.52851000,0</coordinates>
      </Point>
    </Placemark>
    <Placemark>
      <styleUrl>#dados_com_ensaio</styleUrl>
      <Point>
        <coordinates>17.00218500,-12.52924900,0</coordinates>
      </Point>
    </Placemark>
    <Placemark>
      <styleUrl>#dados_com_ensaio</styleUrl>
      <Point>
        <coordinates>16.99762700,-12.52981600,0</coordinates>
      </Point>
    </Placemark>
    <Placemark>
      <styleUrl>#dados_com_ensaio</styleUrl>
      <Point>
        <coordinates>16.99305900,-12.53038400,0</coordinates>
      </Point>
    </Placemark>
    <Placemark>
      <styleUrl>#dados_com_ensaio</styleUrl>
      <Point>
        <coordinates>16.98850000,-12.53095100,0</coordinates>
      </Point>
    </Placemark>
    <Placemark>
      <styleUrl>#dados_com_ensaio</styleUrl>
      <Point>
        <coordinates>16.98393200,-12.53150900,0</coordinates>
      </Point>
    </Placemark>
    <Placemark>
      <styleUrl>#dados_com_ensaio</styleUrl>
      <Point>
        <coordinates>16.97937400,-12.53207500,0</coordinates>
      </Point>
    </Placemark>
    <Placemark>
      <styleUrl>#dados_com_ensaio</styleUrl>
      <Point>
        <coordinates>16.97024700,-12.53320900,0</coordinates>
      </Point>
    </Placemark>
    <Placemark>
      <styleUrl>#dados_com_ensaio</styleUrl>
      <Point>
        <coordinates>16.96257500,-12.53205400,0</coordinates>
      </Point>
    </Placemark>
    <Placemark>
      <styleUrl>#dados_com_ensaio</styleUrl>
      <Point>
        <coordinates>16.96300500,-12.52323900,0</coordinates>
      </Point>
    </Placemark>
    <Placemark>
      <styleUrl>#dados_com_ensaio</styleUrl>
      <Point>
        <coordinates>16.96487900,-12.51441300,0</coordinates>
      </Point>
    </Placemark>
    <Placemark>
      <styleUrl>#dados_com_ensaio</styleUrl>
      <Point>
        <coordinates>16.96712200,-12.50562000,0</coordinates>
      </Point>
    </Placemark>
    <Placemark>
      <styleUrl>#dados_com_ensaio</styleUrl>
      <Point>
        <coordinates>16.96575700,-12.49673700,0</coordinates>
      </Point>
    </Placemark>
    <Placemark>
      <styleUrl>#dados_com_ensaio</styleUrl>
      <Point>
        <coordinates>16.96437400,-12.48778100,0</coordinates>
      </Point>
    </Placemark>
    <Placemark>
      <styleUrl>#dados_com_ensaio</styleUrl>
      <Point>
        <coordinates>16.96163400,-12.47926000,0</coordinates>
      </Point>
    </Placemark>
    <Placemark>
      <styleUrl>#dados_com_ensaio</styleUrl>
      <Point>
        <coordinates>16.95715100,-12.47154600,0</coordinates>
      </Point>
    </Placemark>
    <Placemark>
      <styleUrl>#dados_com_ensaio</styleUrl>
      <Point>
        <coordinates>16.95077500,-12.46505800,0</coordinates>
      </Point>
    </Placemark>
    <Placemark>
      <styleUrl>#dados_com_ensaio</styleUrl>
      <Point>
        <coordinates>16.94506500,-12.45794100,0</coordinates>
      </Point>
    </Placemark>
    <Placemark>
      <styleUrl>#dados_com_ensaio</styleUrl>
      <Point>
        <coordinates>16.93871700,-12.45142500,0</coordinates>
      </Point>
    </Placemark>
    <Placemark>
      <styleUrl>#dados_com_ensaio</styleUrl>
      <Point>
        <coordinates>16.93198500,-12.44526300,0</coordinates>
      </Point>
    </Placemark>
    <Placemark>
      <styleUrl>#dados_com_ensaio</styleUrl>
      <Point>
        <coordinates>16.92710200,-12.43782300,0</coordinates>
      </Point>
    </Placemark>
    <Placemark>
      <styleUrl>#dados_com_ensaio</styleUrl>
      <Point>
        <coordinates>16.92354200,-12.43013900,0</coordinates>
      </Point>
    </Placemark>
    <Placemark>
      <styleUrl>#dados_com_ensaio</styleUrl>
      <Point>
        <coordinates>16.93063600,-12.42442100,0</coordinates>
      </Point>
    </Placemark>
    <Placemark>
      <styleUrl>#dados_com_ensaio</styleUrl>
      <Point>
        <coordinates>16.93436600,-12.41651300,0</coordinates>
      </Point>
    </Placemark>
    <Placemark>
      <styleUrl>#dados_com_ensaio</styleUrl>
      <Point>
        <coordinates>16.93260900,-12.40766800,0</coordinates>
      </Point>
    </Placemark>
    <Placemark>
      <styleUrl>#dados_com_ensaio</styleUrl>
      <Point>
        <coordinates>16.93699800,-12.40192500,0</coordinates>
      </Point>
    </Placemark>
    <Placemark>
      <styleUrl>#dados_com_ensaio</styleUrl>
      <Point>
        <coordinates>16.93821100,-12.39300400,0</coordinates>
      </Point>
    </Placemark>
    <Placemark>
      <styleUrl>#dados_com_ensaio</styleUrl>
      <Point>
        <coordinates>16.93983700,-12.38408100,0</coordinates>
      </Point>
    </Placemark>
    <Placemark>
      <styleUrl>#dados_com_ensaio</styleUrl>
      <Point>
        <coordinates>16.93964200,-12.37510700,0</coordinates>
      </Point>
    </Placemark>
    <Placemark>
      <styleUrl>#dados_com_ensaio</styleUrl>
      <Point>
        <coordinates>16.93914300,-12.36608100,0</coordinates>
      </Point>
    </Placemark>
    <Placemark>
      <styleUrl>#dados_com_ensaio</styleUrl>
      <Point>
        <coordinates>16.93867200,-12.35705500,0</coordinates>
      </Point>
    </Placemark>
    <Placemark>
      <styleUrl>#dados_com_ensaio</styleUrl>
      <Point>
        <coordinates>16.93830200,-12.34800100,0</coordinates>
      </Point>
    </Placemark>
    <Placemark>
      <styleUrl>#dados_com_ensaio</styleUrl>
      <Point>
        <coordinates>16.93755500,-12.33901300,0</coordinates>
      </Point>
    </Placemark>
    <Placemark>
      <styleUrl>#dados_com_ensaio</styleUrl>
      <Point>
        <coordinates>16.93450300,-12.33266300,0</coordinates>
      </Point>
    </Placemark>
    <Placemark>
      <styleUrl>#dados_com_ensaio</styleUrl>
      <Point>
        <coordinates>16.92536000,-12.33195000,0</coordinates>
      </Point>
    </Placemark>
    <Placemark>
      <styleUrl>#dados_com_ensaio</styleUrl>
      <Point>
        <coordinates>16.91631100,-12.33032400,0</coordinates>
      </Point>
    </Placemark>
    <Placemark>
      <styleUrl>#dados_com_ensaio</styleUrl>
      <Point>
        <coordinates>16.90736200,-12.32836200,0</coordinates>
      </Point>
    </Placemark>
    <Placemark>
      <styleUrl>#dados_com_ensaio</styleUrl>
      <Point>
        <coordinates>16.89834900,-12.32659000,0</coordinates>
      </Point>
    </Placemark>
    <Placemark>
      <styleUrl>#dados_com_ensaio</styleUrl>
      <Point>
        <coordinates>16.88938100,-12.32849600,0</coordinates>
      </Point>
    </Placemark>
    <Placemark>
      <styleUrl>#dados_com_ensaio</styleUrl>
      <Point>
        <coordinates>16.88029500,-12.32921900,0</coordinates>
      </Point>
    </Placemark>
    <Placemark>
      <styleUrl>#dados_com_ensaio</styleUrl>
      <Point>
        <coordinates>16.87137200,-12.32712900,0</coordinates>
      </Point>
    </Placemark>
    <Placemark>
      <styleUrl>#dados_com_ensaio</styleUrl>
      <Point>
        <coordinates>16.86251100,-12.32464900,0</coordinates>
      </Point>
    </Placemark>
    <Placemark>
      <styleUrl>#dados_com_ensaio</styleUrl>
      <Point>
        <coordinates>16.85357900,-12.32264000,0</coordinates>
      </Point>
    </Placemark>
    <Placemark>
      <styleUrl>#dados_com_ensaio</styleUrl>
      <Point>
        <coordinates>16.84440200,-12.32221400,0</coordinates>
      </Point>
    </Placemark>
    <Placemark>
      <styleUrl>#dados_com_ensaio</styleUrl>
      <Point>
        <coordinates>16.83562000,-12.32045700,0</coordinates>
      </Point>
    </Placemark>
    <Placemark>
      <styleUrl>#dados_com_ensaio</styleUrl>
      <Point>
        <coordinates>16.82831000,-12.31492900,0</coordinates>
      </Point>
    </Placemark>
    <Placemark>
      <styleUrl>#dados_com_ensaio</styleUrl>
      <Point>
        <coordinates>16.82118300,-12.30930000,0</coordinates>
      </Point>
    </Placemark>
    <Placemark>
      <styleUrl>#dados_com_ensaio</styleUrl>
      <Point>
        <coordinates>16.82093800,-12.30031700,0</coordinates>
      </Point>
    </Placemark>
    <Placemark>
      <styleUrl>#dados_com_ensaio</styleUrl>
      <Point>
        <coordinates>16.82036100,-12.29137200,0</coordinates>
      </Point>
    </Placemark>
    <Placemark>
      <styleUrl>#dados_com_ensaio</styleUrl>
      <Point>
        <coordinates>16.81585100,-12.28376400,0</coordinates>
      </Point>
    </Placemark>
    <Placemark>
      <styleUrl>#dados_com_ensaio</styleUrl>
      <Point>
        <coordinates>16.80927300,-12.27748900,0</coordinates>
      </Point>
    </Placemark>
    <Placemark>
      <styleUrl>#dados_com_ensaio</styleUrl>
      <Point>
        <coordinates>16.80605500,-12.26930300,0</coordinates>
      </Point>
    </Placemark>
    <Placemark>
      <styleUrl>#dados_com_ensaio</styleUrl>
      <Point>
        <coordinates>16.80565400,-12.26029400,0</coordinates>
      </Point>
    </Placemark>
    <Placemark>
      <styleUrl>#dados_com_ensaio</styleUrl>
      <Point>
        <coordinates>16.80554600,-12.25122800,0</coordinates>
      </Point>
    </Placemark>
    <Placemark>
      <styleUrl>#dados_com_ensaio</styleUrl>
      <Point>
        <coordinates>16.80359500,-12.24267200,0</coordinates>
      </Point>
    </Placemark>
    <Placemark>
      <styleUrl>#dados_com_ensaio</styleUrl>
      <Point>
        <coordinates>16.79533500,-12.23896600,0</coordinates>
      </Point>
    </Placemark>
    <Placemark>
      <styleUrl>#dados_com_ensaio</styleUrl>
      <Point>
        <coordinates>16.78704900,-12.23530500,0</coordinates>
      </Point>
    </Placemark>
    <Placemark>
      <styleUrl>#dados_com_ensaio</styleUrl>
      <Point>
        <coordinates>16.77988800,-12.22963800,0</coordinates>
      </Point>
    </Placemark>
    <Placemark>
      <styleUrl>#dados_com_ensaio</styleUrl>
      <Point>
        <coordinates>16.77445500,-12.22238800,0</coordinates>
      </Point>
    </Placemark>
    <Placemark>
      <styleUrl>#dados_com_ensaio</styleUrl>
      <Point>
        <coordinates>16.76905700,-12.21504600,0</coordinates>
      </Point>
    </Placemark>
    <Placemark>
      <styleUrl>#dados_com_ensaio</styleUrl>
      <Point>
        <coordinates>16.76230900,-12.20895200,0</coordinates>
      </Point>
    </Placemark>
    <Placemark>
      <styleUrl>#dados_com_ensaio</styleUrl>
      <Point>
        <coordinates>16.75806700,-12.20116900,0</coordinates>
      </Point>
    </Placemark>
    <Placemark>
      <styleUrl>#dados_com_ensaio</styleUrl>
      <Point>
        <coordinates>16.75693300,-12.19222700,0</coordinates>
      </Point>
    </Placemark>
    <Placemark>
      <styleUrl>#dados_com_ensaio</styleUrl>
      <Point>
        <coordinates>16.75613800,-12.18319300,0</coordinates>
      </Point>
    </Placemark>
    <Placemark>
      <styleUrl>#dados_com_ensaio</styleUrl>
      <Point>
        <coordinates>16.75568400,-12.17419300,0</coordinates>
      </Point>
    </Placemark>
    <Placemark>
      <styleUrl>#dados_com_ensaio</styleUrl>
      <Point>
        <coordinates>16.75454100,-12.16529600,0</coordinates>
      </Point>
    </Placemark>
    <Placemark>
      <styleUrl>#dados_com_ensaio</styleUrl>
      <Point>
        <coordinates>16.74749600,-12.15989000,0</coordinates>
      </Point>
    </Placemark>
    <Placemark>
      <styleUrl>#dados_com_ensaio</styleUrl>
      <Point>
        <coordinates>16.73891100,-12.15660000,0</coordinates>
      </Point>
    </Placemark>
    <Placemark>
      <styleUrl>#dados_com_ensaio</styleUrl>
      <Point>
        <coordinates>16.73096400,-12.15227400,0</coordinates>
      </Point>
    </Placemark>
    <Placemark>
      <styleUrl>#dados_com_ensaio</styleUrl>
      <Point>
        <coordinates>16.72356100,-12.14687900,0</coordinates>
      </Point>
    </Placemark>
    <Placemark>
      <styleUrl>#dados_com_ensaio</styleUrl>
      <Point>
        <coordinates>16.71626800,-12.14147300,0</coordinates>
      </Point>
    </Placemark>
    <Placemark>
      <styleUrl>#dados_com_ensaio</styleUrl>
      <Point>
        <coordinates>16.71082100,-12.12432300,0</coordinates>
      </Point>
    </Placemark>
    <Placemark>
      <styleUrl>#dados_com_ensaio</styleUrl>
      <Point>
        <coordinates>16.70694800,-12.11622000,0</coordinates>
      </Point>
    </Placemark>
    <Placemark>
      <styleUrl>#dados_com_ensaio</styleUrl>
      <Point>
        <coordinates>16.70410200,-12.10794800,0</coordinates>
      </Point>
    </Placemark>
    <Placemark>
      <styleUrl>#dados_com_ensaio</styleUrl>
      <Point>
        <coordinates>16.70898700,-12.10030700,0</coordinates>
      </Point>
    </Placemark>
    <Placemark>
      <styleUrl>#dados_com_ensaio</styleUrl>
      <Point>
        <coordinates>16.71197500,-12.09205300,0</coordinates>
      </Point>
    </Placemark>
    <Placemark>
      <styleUrl>#dados_com_ensaio</styleUrl>
      <Point>
        <coordinates>16.70903700,-12.08360100,0</coordinates>
      </Point>
    </Placemark>
    <Placemark>
      <styleUrl>#dados_com_ensaio</styleUrl>
      <Point>
        <coordinates>16.71215200,-12.07509400,0</coordinates>
      </Point>
    </Placemark>
    <Placemark>
      <styleUrl>#dados_com_ensaio</styleUrl>
      <Point>
        <coordinates>16.71430000,-12.06634800,0</coordinates>
      </Point>
    </Placemark>
    <Placemark>
      <styleUrl>#dados_com_ensaio</styleUrl>
      <Point>
        <coordinates>16.71545600,-12.05735600,0</coordinates>
      </Point>
    </Placemark>
    <Placemark>
      <styleUrl>#dados_com_ensaio</styleUrl>
      <Point>
        <coordinates>16.71624300,-12.04836600,0</coordinates>
      </Point>
    </Placemark>
    <Placemark>
      <styleUrl>#dados_com_ensaio</styleUrl>
      <Point>
        <coordinates>16.71749100,-12.03940900,0</coordinates>
      </Point>
    </Placemark>
    <Placemark>
      <styleUrl>#dados_com_ensaio</styleUrl>
      <Point>
        <coordinates>16.72168300,-12.03145500,0</coordinates>
      </Point>
    </Placemark>
    <Placemark>
      <styleUrl>#dados_com_ensaio</styleUrl>
      <Point>
        <coordinates>16.72652800,-12.02374200,0</coordinates>
      </Point>
    </Placemark>
    <Placemark>
      <styleUrl>#dados_com_ensaio</styleUrl>
      <Point>
        <coordinates>16.72605000,-12.01496700,0</coordinates>
      </Point>
    </Placemark>
    <Placemark>
      <styleUrl>#dados_com_ensaio</styleUrl>
      <Point>
        <coordinates>16.72269100,-12.00658100,0</coordinates>
      </Point>
    </Placemark>
    <Placemark>
      <styleUrl>#dados_com_ensaio</styleUrl>
      <Point>
        <coordinates>16.72081700,-11.99785100,0</coordinates>
      </Point>
    </Placemark>
    <Placemark>
      <styleUrl>#dados_com_ensaio</styleUrl>
      <Point>
        <coordinates>16.71677200,-11.98972200,0</coordinates>
      </Point>
    </Placemark>
    <Placemark>
      <styleUrl>#dados_com_ensaio</styleUrl>
      <Point>
        <coordinates>16.71286400,-11.98158300,0</coordinates>
      </Point>
    </Placemark>
    <Placemark>
      <styleUrl>#dados_com_ensaio</styleUrl>
      <Point>
        <coordinates>16.71086200,-11.97273700,0</coordinates>
      </Point>
    </Placemark>
    <Placemark>
      <styleUrl>#dados_com_ensaio</styleUrl>
      <Point>
        <coordinates>16.70788900,-11.96424800,0</coordinates>
      </Point>
    </Placemark>
    <Placemark>
      <styleUrl>#dados_com_ensaio</styleUrl>
      <Point>
        <coordinates>16.70379800,-11.95613700,0</coordinates>
      </Point>
    </Placemark>
    <Placemark>
      <styleUrl>#dados_com_ensaio</styleUrl>
      <Point>
        <coordinates>16.69968100,-11.94809000,0</coordinates>
      </Point>
    </Placemark>
    <Placemark>
      <styleUrl>#dados_com_ensaio</styleUrl>
      <Point>
        <coordinates>16.69786300,-11.93920600,0</coordinates>
      </Point>
    </Placemark>
    <Placemark>
      <styleUrl>#dados_com_ensaio</styleUrl>
      <Point>
        <coordinates>16.69527500,-11.93060600,0</coordinates>
      </Point>
    </Placemark>
    <Placemark>
      <styleUrl>#dados_com_ensaio</styleUrl>
      <Point>
        <coordinates>16.69097500,-11.92260500,0</coordinates>
      </Point>
    </Placemark>
    <Placemark>
      <styleUrl>#dados_com_ensaio</styleUrl>
      <Point>
        <coordinates>16.68627300,-11.91486800,0</coordinates>
      </Point>
    </Placemark>
    <Placemark>
      <styleUrl>#dados_com_ensaio</styleUrl>
      <Point>
        <coordinates>16.68153500,-11.90709500,0</coordinates>
      </Point>
    </Placemark>
    <Placemark>
      <styleUrl>#dados_com_ensaio</styleUrl>
      <Point>
        <coordinates>16.67668700,-11.89944900,0</coordinates>
      </Point>
    </Placemark>
    <Placemark>
      <styleUrl>#dados_com_ensaio</styleUrl>
      <Point>
        <coordinates>16.67680700,-11.89056200,0</coordinates>
      </Point>
    </Placemark>
    <Placemark>
      <styleUrl>#dados_com_ensaio</styleUrl>
      <Point>
        <coordinates>16.67863400,-11.88170100,0</coordinates>
      </Point>
    </Placemark>
    <Placemark>
      <styleUrl>#dados_com_ensaio</styleUrl>
      <Point>
        <coordinates>16.68061800,-11.87293000,0</coordinates>
      </Point>
    </Placemark>
    <Placemark>
      <styleUrl>#dados_com_ensaio</styleUrl>
      <Point>
        <coordinates>16.68450500,-11.86475300,0</coordinates>
      </Point>
    </Placemark>
    <Placemark>
      <styleUrl>#dados_com_ensaio</styleUrl>
      <Point>
        <coordinates>16.68460900,-11.85612800,0</coordinates>
      </Point>
    </Placemark>
    <Placemark>
      <styleUrl>#dados_com_ensaio</styleUrl>
      <Point>
        <coordinates>16.68200400,-11.84747400,0</coordinates>
      </Point>
    </Placemark>
    <Placemark>
      <styleUrl>#dados_com_ensaio</styleUrl>
      <Point>
        <coordinates>16.67965800,-11.83891800,0</coordinates>
      </Point>
    </Placemark>
    <Placemark>
      <styleUrl>#dados_com_ensaio</styleUrl>
      <Point>
        <coordinates>16.67413500,-11.83171000,0</coordinates>
      </Point>
    </Placemark>
    <Placemark>
      <styleUrl>#dados_com_ensaio</styleUrl>
      <Point>
        <coordinates>16.67515500,-11.82297100,0</coordinates>
      </Point>
    </Placemark>
    <Placemark>
      <styleUrl>#dados_com_ensaio</styleUrl>
      <Point>
        <coordinates>16.67837100,-11.81452700,0</coordinates>
      </Point>
    </Placemark>
    <Placemark>
      <styleUrl>#dados_com_ensaio</styleUrl>
      <Point>
        <coordinates>16.67990400,-11.80563200,0</coordinates>
      </Point>
    </Placemark>
    <Placemark>
      <styleUrl>#dados_com_ensaio</styleUrl>
      <Point>
        <coordinates>16.68302800,-11.79725100,0</coordinates>
      </Point>
    </Placemark>
    <Placemark>
      <styleUrl>#dados_com_ensaio</styleUrl>
      <Point>
        <coordinates>16.68538000,-11.78869500,0</coordinates>
      </Point>
    </Placemark>
    <Placemark>
      <styleUrl>#dados_com_ensaio</styleUrl>
      <Point>
        <coordinates>16.68339900,-11.77988400,0</coordinates>
      </Point>
    </Placemark>
    <Placemark>
      <styleUrl>#dados_com_ensaio</styleUrl>
      <Point>
        <coordinates>16.68010900,-11.77145100,0</coordinates>
      </Point>
    </Placemark>
    <Placemark>
      <styleUrl>#dados_com_ensaio</styleUrl>
      <Point>
        <coordinates>16.67603300,-11.76338400,0</coordinates>
      </Point>
    </Placemark>
    <Placemark>
      <styleUrl>#dados_com_ensaio</styleUrl>
      <Point>
        <coordinates>16.67476900,-11.75471300,0</coordinates>
      </Point>
    </Placemark>
    <Placemark>
      <styleUrl>#dados_com_ensaio</styleUrl>
      <Point>
        <coordinates>16.67838900,-11.74643800,0</coordinates>
      </Point>
    </Placemark>
    <Placemark>
      <styleUrl>#dados_com_ensaio</styleUrl>
      <Point>
        <coordinates>16.68170400,-11.73801100,0</coordinates>
      </Point>
    </Placemark>
    <Placemark>
      <styleUrl>#dados_com_ensaio</styleUrl>
      <Point>
        <coordinates>16.68275100,-11.72904700,0</coordinates>
      </Point>
    </Placemark>
    <Placemark>
      <styleUrl>#dados_com_ensaio</styleUrl>
      <Point>
        <coordinates>16.68625000,-11.72065500,0</coordinates>
      </Point>
    </Placemark>
    <Placemark>
      <styleUrl>#dados_com_ensaio</styleUrl>
      <Point>
        <coordinates>16.68561900,-11.71189000,0</coordinates>
      </Point>
    </Placemark>
    <Placemark>
      <styleUrl>#dados_com_ensaio</styleUrl>
      <Point>
        <coordinates>16.68146100,-11.70380600,0</coordinates>
      </Point>
    </Placemark>
    <Placemark>
      <styleUrl>#dados_com_ensaio</styleUrl>
      <Point>
        <coordinates>16.67653500,-11.69621400,0</coordinates>
      </Point>
    </Placemark>
    <Placemark>
      <styleUrl>#dados_com_ensaio</styleUrl>
      <Point>
        <coordinates>16.67180100,-11.68844000,0</coordinates>
      </Point>
    </Placemark>
    <Placemark>
      <styleUrl>#dados_com_ensaio</styleUrl>
      <Point>
        <coordinates>16.66997100,-11.67987200,0</coordinates>
      </Point>
    </Placemark>
    <Placemark>
      <styleUrl>#dados_com_ensaio</styleUrl>
      <Point>
        <coordinates>16.67169700,-11.67096600,0</coordinates>
      </Point>
    </Placemark>
    <Placemark>
      <styleUrl>#dados_com_ensaio</styleUrl>
      <Point>
        <coordinates>16.66918800,-11.66250100,0</coordinates>
      </Point>
    </Placemark>
    <Placemark>
      <styleUrl>#dados_com_ensaio</styleUrl>
      <Point>
        <coordinates>16.66477500,-11.65454400,0</coordinates>
      </Point>
    </Placemark>
    <Placemark>
      <styleUrl>#dados_com_ensaio</styleUrl>
      <Point>
        <coordinates>16.66137900,-11.64631900,0</coordinates>
      </Point>
    </Placemark>
    <Placemark>
      <styleUrl>#dados_com_ensaio</styleUrl>
      <Point>
        <coordinates>16.67238300,-11.62168500,0</coordinates>
      </Point>
    </Placemark>
    <Placemark>
      <styleUrl>#dados_com_ensaio</styleUrl>
      <Point>
        <coordinates>16.67590100,-11.61348300,0</coordinates>
      </Point>
    </Placemark>
    <Placemark>
      <styleUrl>#dados_com_ensaio</styleUrl>
      <Point>
        <coordinates>16.67507800,-11.60450200,0</coordinates>
      </Point>
    </Placemark>
    <Placemark>
      <styleUrl>#dados_com_ensaio</styleUrl>
      <Point>
        <coordinates>16.67393300,-11.59555900,0</coordinates>
      </Point>
    </Placemark>
    <Placemark>
      <styleUrl>#dados_com_ensaio</styleUrl>
      <Point>
        <coordinates>16.67226700,-11.58671800,0</coordinates>
      </Point>
    </Placemark>
    <Placemark>
      <styleUrl>#dados_com_ensaio</styleUrl>
      <Point>
        <coordinates>16.66804700,-11.57870600,0</coordinates>
      </Point>
    </Placemark>
    <Placemark>
      <styleUrl>#dados_com_ensaio</styleUrl>
      <Point>
        <coordinates>16.66659200,-11.56976500,0</coordinates>
      </Point>
    </Placemark>
    <Placemark>
      <styleUrl>#dados_com_ensaio</styleUrl>
      <Point>
        <coordinates>16.66681400,-11.56083200,0</coordinates>
      </Point>
    </Placemark>
    <Placemark>
      <styleUrl>#dados_com_ensaio</styleUrl>
      <Point>
        <coordinates>16.66844800,-11.55195400,0</coordinates>
      </Point>
    </Placemark>
    <Placemark>
      <styleUrl>#dados_com_ensaio</styleUrl>
      <Point>
        <coordinates>16.66713000,-11.54302100,0</coordinates>
      </Point>
    </Placemark>
    <Placemark>
      <styleUrl>#dados_com_ensaio</styleUrl>
      <Point>
        <coordinates>16.67051000,-11.53470300,0</coordinates>
      </Point>
    </Placemark>
    <Placemark>
      <styleUrl>#dados_com_ensaio</styleUrl>
      <Point>
        <coordinates>16.67479900,-11.52674100,0</coordinates>
      </Point>
    </Placemark>
    <Placemark>
      <styleUrl>#dados_com_ensaio</styleUrl>
      <Point>
        <coordinates>16.67943600,-11.51891300,0</coordinates>
      </Point>
    </Placemark>
    <Placemark>
      <styleUrl>#dados_com_ensaio</styleUrl>
      <Point>
        <coordinates>16.68383500,-11.51097700,0</coordinates>
      </Point>
    </Placemark>
    <Placemark>
      <styleUrl>#dados_com_ensaio</styleUrl>
      <Point>
        <coordinates>16.68753500,-11.50272900,0</coordinates>
      </Point>
    </Placemark>
    <Placemark>
      <styleUrl>#dados_com_ensaio</styleUrl>
      <Point>
        <coordinates>16.69159300,-11.49459700,0</coordinates>
      </Point>
    </Placemark>
    <Placemark>
      <styleUrl>#dados_com_ensaio</styleUrl>
      <Point>
        <coordinates>16.69280400,-11.49181400,0</coordinates>
      </Point>
    </Placemark>
    <Placemark>
      <styleUrl>#dados_com_ensaio</styleUrl>
      <Point>
        <coordinates>16.69294600,-11.48948100,0</coordinates>
      </Point>
    </Placemark>
    <Placemark>
      <styleUrl>#dados_com_ensaio</styleUrl>
      <Point>
        <coordinates>16.69284100,-11.48878600,0</coordinates>
      </Point>
    </Placemark>
    <Placemark>
      <styleUrl>#dados_com_ensaio</styleUrl>
      <Point>
        <coordinates>16.69308000,-11.48581900,0</coordinates>
      </Point>
    </Placemark>
    <Placemark>
      <styleUrl>#dados_com_ensaio</styleUrl>
      <Point>
        <coordinates>16.69302000,-11.48503300,0</coordinates>
      </Point>
    </Placemark>
    <Placemark>
      <styleUrl>#dados_com_ensaio</styleUrl>
      <Point>
        <coordinates>16.69445600,-11.48440100,0</coordinates>
      </Point>
    </Placemark>
    <Placemark>
      <styleUrl>#dados_com_ensaio</styleUrl>
      <Point>
        <coordinates>16.69384700,-11.48375400,0</coordinates>
      </Point>
    </Placemark>
    <Placemark>
      <styleUrl>#dados_com_ensaio</styleUrl>
      <Point>
        <coordinates>16.68464500,-11.50688600,0</coordinates>
      </Point>
    </Placemark>
    <Placemark>
      <styleUrl>#dados_com_ensaio</styleUrl>
      <Point>
        <coordinates>16.68203100,-11.51586900,0</coordinates>
      </Point>
    </Placemark>
    <Placemark>
      <styleUrl>#dados_com_ensaio</styleUrl>
      <Point>
        <coordinates>16.69434900,-11.48345200,0</coordinates>
      </Point>
    </Placemark>
    <Placemark>
      <styleUrl>#dados_com_ensaio</styleUrl>
      <Point>
        <coordinates>16.69490900,-11.48356700,0</coordinates>
      </Point>
    </Placemark>
    <Placemark>
      <styleUrl>#dados_com_ensaio</styleUrl>
      <Point>
        <coordinates>16.70671900,-11.48442000,0</coordinates>
      </Point>
    </Placemark>
    <Placemark>
      <styleUrl>#dados_com_ensaio</styleUrl>
      <Point>
        <coordinates>16.70613400,-11.48463100,0</coordinates>
      </Point>
    </Placemark>
    <Placemark>
      <styleUrl>#dados_com_ensaio</styleUrl>
      <Point>
        <coordinates>16.70579700,-11.48496800,0</coordinates>
      </Point>
    </Placemark>
    <Placemark>
      <styleUrl>#dados_com_ensaio</styleUrl>
      <Point>
        <coordinates>16.70625600,-11.48510100,0</coordinates>
      </Point>
    </Placemark>
    <Placemark>
      <styleUrl>#dados_com_ensaio</styleUrl>
      <Point>
        <coordinates>16.73971900,-11.51662400,0</coordinates>
      </Point>
    </Placemark>
    <Placemark>
      <styleUrl>#dados_com_ensaio</styleUrl>
      <Point>
        <coordinates>16.74011800,-11.51737200,0</coordinates>
      </Point>
    </Placemark>
    <Placemark>
      <styleUrl>#dados_com_ensaio</styleUrl>
      <Point>
        <coordinates>16.73976200,-11.51755500,0</coordinates>
      </Point>
    </Placemark>
    <Placemark>
      <styleUrl>#dados_com_ensaio</styleUrl>
      <Point>
        <coordinates>16.73914000,-11.51785700,0</coordinates>
      </Point>
    </Placemark>
    <Placemark>
      <styleUrl>#dados_com_ensaio</styleUrl>
      <Point>
        <coordinates>16.78079700,-11.51873400,0</coordinates>
      </Point>
    </Placemark>
    <Placemark>
      <styleUrl>#dados_com_ensaio</styleUrl>
      <Point>
        <coordinates>16.78120300,-11.51914800,0</coordinates>
      </Point>
    </Placemark>
    <Placemark>
      <styleUrl>#dados_com_ensaio</styleUrl>
      <Point>
        <coordinates>16.78134100,-11.51931000,0</coordinates>
      </Point>
    </Placemark>
    <Placemark>
      <styleUrl>#dados_com_ensaio</styleUrl>
      <Point>
        <coordinates>16.78129900,-11.51982500,0</coordinates>
      </Point>
    </Placemark>
    <Placemark>
      <styleUrl>#dados_com_ensaio</styleUrl>
      <Point>
        <coordinates>16.84333600,-11.53825900,0</coordinates>
      </Point>
    </Placemark>
    <Placemark>
      <styleUrl>#dados_com_ensaio</styleUrl>
      <Point>
        <coordinates>16.84217100,-11.53825700,0</coordinates>
      </Point>
    </Placemark>
    <Placemark>
      <styleUrl>#dados_com_ensaio</styleUrl>
      <Point>
        <coordinates>16.84197200,-11.53861100,0</coordinates>
      </Point>
    </Placemark>
    <Placemark>
      <styleUrl>#dados_com_ensaio</styleUrl>
      <Point>
        <coordinates>16.84211000,-11.53868200,0</coordinates>
      </Point>
    </Placemark>
    <Placemark>
      <styleUrl>#dados_com_ensaio</styleUrl>
      <Point>
        <coordinates>16.87045900,-11.56306900,0</coordinates>
      </Point>
    </Placemark>
    <Placemark>
      <styleUrl>#dados_com_ensaio</styleUrl>
      <Point>
        <coordinates>16.86998500,-11.56349700,0</coordinates>
      </Point>
    </Placemark>
    <Placemark>
      <styleUrl>#dados_com_ensaio</styleUrl>
      <Point>
        <coordinates>16.87142200,-11.56313600,0</coordinates>
      </Point>
    </Placemark>
    <Placemark>
      <styleUrl>#dados_com_ensaio</styleUrl>
      <Point>
        <coordinates>16.87119900,-11.56412200,0</coordinates>
      </Point>
    </Placemark>
    <Placemark>
      <styleUrl>#dados_com_ensaio</styleUrl>
      <Point>
        <coordinates>16.92264200,-11.55698800,0</coordinates>
      </Point>
    </Placemark>
    <Placemark>
      <styleUrl>#dados_com_ensaio</styleUrl>
      <Point>
        <coordinates>16.92150900,-11.55763700,0</coordinates>
      </Point>
    </Placemark>
    <Placemark>
      <styleUrl>#dados_com_ensaio</styleUrl>
      <Point>
        <coordinates>16.92150100,-11.55782700,0</coordinates>
      </Point>
    </Placemark>
    <Placemark>
      <styleUrl>#dados_com_ensaio</styleUrl>
      <Point>
        <coordinates>16.92134900,-11.55828900,0</coordinates>
      </Point>
    </Placemark>
    <Placemark>
      <styleUrl>#dados_com_ensaio</styleUrl>
      <Point>
        <coordinates>16.94070200,-11.52927200,0</coordinates>
      </Point>
    </Placemark>
    <Placemark>
      <styleUrl>#dados_com_ensaio</styleUrl>
      <Point>
        <coordinates>16.94151500,-11.52893200,0</coordinates>
      </Point>
    </Placemark>
    <Placemark>
      <styleUrl>#dados_com_ensaio</styleUrl>
      <Point>
        <coordinates>16.94179100,-11.52905700,0</coordinates>
      </Point>
    </Placemark>
    <Placemark>
      <styleUrl>#dados_com_ensaio</styleUrl>
      <Point>
        <coordinates>16.94248800,-11.52907900,0</coordinates>
      </Point>
    </Placemark>
    <Placemark>
      <styleUrl>#dados_com_ensaio</styleUrl>
      <Point>
        <coordinates>16.94845200,-11.48614100,0</coordinates>
      </Point>
    </Placemark>
    <Placemark>
      <styleUrl>#dados_com_ensaio</styleUrl>
      <Point>
        <coordinates>16.94897900,-11.48678800,0</coordinates>
      </Point>
    </Placemark>
    <Placemark>
      <styleUrl>#dados_com_ensaio</styleUrl>
      <Point>
        <coordinates>16.94922700,-11.48684100,0</coordinates>
      </Point>
    </Placemark>
    <Placemark>
      <styleUrl>#dados_com_ensaio</styleUrl>
      <Point>
        <coordinates>16.94940600,-11.48748200,0</coordinates>
      </Point>
    </Placemark>
    <Placemark>
      <styleUrl>#dados_com_ensaio</styleUrl>
      <Point>
        <coordinates>16.94829000,-12.33372200,0</coordinates>
      </Point>
    </Placemark>
    <Placemark>
      <styleUrl>#dados_com_ensaio</styleUrl>
      <Point>
        <coordinates>16.94894300,-12.33369000,0</coordinates>
      </Point>
    </Placemark>
    <Placemark>
      <styleUrl>#dados_com_ensaio</styleUrl>
      <Point>
        <coordinates>16.94891900,-12.33425000,0</coordinates>
      </Point>
    </Placemark>
    <Placemark>
      <styleUrl>#dados_com_ensaio</styleUrl>
      <Point>
        <coordinates>16.94976300,-12.33399100,0</coordinates>
      </Point>
    </Placemark>
    <Placemark>
      <styleUrl>#dados_com_ensaio</styleUrl>
      <Point>
        <coordinates>16.99589200,-12.31821100,0</coordinates>
      </Point>
    </Placemark>
    <Placemark>
      <styleUrl>#dados_com_ensaio</styleUrl>
      <Point>
        <coordinates>16.99626200,-12.31854300,0</coordinates>
      </Point>
    </Placemark>
    <Placemark>
      <styleUrl>#dados_com_ensaio</styleUrl>
      <Point>
        <coordinates>16.99684700,-12.31804200,0</coordinates>
      </Point>
    </Placemark>
    <Placemark>
      <styleUrl>#dados_com_ensaio</styleUrl>
      <Point>
        <coordinates>16.99689000,-12.31766200,0</coordinates>
      </Point>
    </Placemark>
    <Placemark>
      <styleUrl>#dados_com_ensaio</styleUrl>
      <Point>
        <coordinates>17.02129500,-12.30697100,0</coordinates>
      </Point>
    </Placemark>
    <Placemark>
      <styleUrl>#dados_com_ensaio</styleUrl>
      <Point>
        <coordinates>17.02099000,-12.30670200,0</coordinates>
      </Point>
    </Placemark>
    <Placemark>
      <styleUrl>#dados_com_ensaio</styleUrl>
      <Point>
        <coordinates>17.02150400,-12.30659900,0</coordinates>
      </Point>
    </Placemark>
    <Placemark>
      <styleUrl>#dados_com_ensaio</styleUrl>
      <Point>
        <coordinates>17.02206200,-12.30621500,0</coordinates>
      </Point>
    </Placemark>
    <Placemark>
      <styleUrl>#dados_com_ensaio</styleUrl>
      <Point>
        <coordinates>17.04272500,-12.29687900,0</coordinates>
      </Point>
    </Placemark>
    <Placemark>
      <styleUrl>#dados_com_ensaio</styleUrl>
      <Point>
        <coordinates>17.04247400,-12.29651000,0</coordinates>
      </Point>
    </Placemark>
    <Placemark>
      <styleUrl>#dados_com_ensaio</styleUrl>
      <Point>
        <coordinates>17.04349300,-12.29629500,0</coordinates>
      </Point>
    </Placemark>
    <Placemark>
      <styleUrl>#dados_com_ensaio</styleUrl>
      <Point>
        <coordinates>17.04348200,-12.29603300,0</coordinates>
      </Point>
    </Placemark>
    <Placemark>
      <styleUrl>#dados_com_ensaio</styleUrl>
      <Point>
        <coordinates>17.07217200,-12.28971600,0</coordinates>
      </Point>
    </Placemark>
    <Placemark>
      <styleUrl>#dados_com_ensaio</styleUrl>
      <Point>
        <coordinates>17.07251400,-12.28988500,0</coordinates>
      </Point>
    </Placemark>
    <Placemark>
      <styleUrl>#dados_com_ensaio</styleUrl>
      <Point>
        <coordinates>17.07254600,-12.28938800,0</coordinates>
      </Point>
    </Placemark>
    <Placemark>
      <styleUrl>#dados_com_ensaio</styleUrl>
      <Point>
        <coordinates>17.07313500,-12.28942900,0</coordinates>
      </Point>
    </Placemark>
    <Placemark>
      <styleUrl>#dados_com_ensaio</styleUrl>
      <Point>
        <coordinates>17.07996000,-12.28782300,0</coordinates>
      </Point>
    </Placemark>
    <Placemark>
      <styleUrl>#dados_com_ensaio</styleUrl>
      <Point>
        <coordinates>17.08002100,-12.28735200,0</coordinates>
      </Point>
    </Placemark>
    <Placemark>
      <styleUrl>#dados_com_ensaio</styleUrl>
      <Point>
        <coordinates>17.08049200,-12.28770100,0</coordinates>
      </Point>
    </Placemark>
    <Placemark>
      <styleUrl>#dados_com_ensaio</styleUrl>
      <Point>
        <coordinates>17.08093800,-12.28708300,0</coordinates>
      </Point>
    </Placemark>
    <Placemark>
      <styleUrl>#dados_com_ensaio</styleUrl>
      <Point>
        <coordinates>17.14793300,-12.25060600,0</coordinates>
      </Point>
    </Placemark>
    <Placemark>
      <styleUrl>#dados_com_ensaio</styleUrl>
      <Point>
        <coordinates>17.14797500,-12.25009000,0</coordinates>
      </Point>
    </Placemark>
    <Placemark>
      <styleUrl>#dados_com_ensaio</styleUrl>
      <Point>
        <coordinates>17.14874800,-12.25019300,0</coordinates>
      </Point>
    </Placemark>
    <Placemark>
      <styleUrl>#dados_com_ensaio</styleUrl>
      <Point>
        <coordinates>17.14886500,-12.24985700,0</coordinates>
      </Point>
    </Placemark>
    <Placemark>
      <styleUrl>#dados_com_ensaio</styleUrl>
      <Point>
        <coordinates>17.31451300,-12.12173700,0</coordinates>
      </Point>
    </Placemark>
    <Placemark>
      <styleUrl>#dados_com_ensaio</styleUrl>
      <Point>
        <coordinates>17.31416100,-12.12146900,0</coordinates>
      </Point>
    </Placemark>
    <Placemark>
      <styleUrl>#dados_com_ensaio</styleUrl>
      <Point>
        <coordinates>17.31514100,-12.12110800,0</coordinates>
      </Point>
    </Placemark>
    <Placemark>
      <styleUrl>#dados_com_ensaio</styleUrl>
      <Point>
        <coordinates>17.31507300,-12.12065700,0</coordinates>
      </Point>
    </Placemark>
    <Placemark>
      <styleUrl>#dados_com_ensaio</styleUrl>
      <Point>
        <coordinates>17.35870000,-12.08903300,0</coordinates>
      </Point>
    </Placemark>
    <Placemark>
      <styleUrl>#dados_com_ensaio</styleUrl>
      <Point>
        <coordinates>17.35912200,-12.08893900,0</coordinates>
      </Point>
    </Placemark>
    <Placemark>
      <styleUrl>#dados_com_ensaio</styleUrl>
      <Point>
        <coordinates>17.35885200,-12.08848900,0</coordinates>
      </Point>
    </Placemark>
    <Placemark>
      <styleUrl>#dados_com_ensaio</styleUrl>
      <Point>
        <coordinates>17.35973800,-12.08798500,0</coordinates>
      </Point>
    </Placemark>
    <Placemark>
      <styleUrl>#dados_com_ensaio</styleUrl>
      <Point>
        <coordinates>17.37706400,-12.07959600,0</coordinates>
      </Point>
    </Placemark>
    <Placemark>
      <styleUrl>#dados_com_ensaio</styleUrl>
      <Point>
        <coordinates>17.37671200,-12.07931000,0</coordinates>
      </Point>
    </Placemark>
    <Placemark>
      <styleUrl>#dados_com_ensaio</styleUrl>
      <Point>
        <coordinates>17.37762800,-12.07910300,0</coordinates>
      </Point>
    </Placemark>
    <Placemark>
      <styleUrl>#dados_com_ensaio</styleUrl>
      <Point>
        <coordinates>17.37772500,-12.07862400,0</coordinates>
      </Point>
    </Placemark>
    <Placemark>
      <styleUrl>#dados_com_ensaio</styleUrl>
      <Point>
        <coordinates>17.43065400,-12.05189900,0</coordinates>
      </Point>
    </Placemark>
    <Placemark>
      <styleUrl>#dados_com_ensaio</styleUrl>
      <Point>
        <coordinates>17.43116000,-12.05201200,0</coordinates>
      </Point>
    </Placemark>
    <Placemark>
      <styleUrl>#dados_com_ensaio</styleUrl>
      <Point>
        <coordinates>17.43169400,-12.05116700,0</coordinates>
      </Point>
    </Placemark>
    <Placemark>
      <styleUrl>#dados_com_ensaio</styleUrl>
      <Point>
        <coordinates>17.43142600,-12.05097000,0</coordinates>
      </Point>
    </Placemark>
    <Placemark>
      <styleUrl>#dados_com_ensaio</styleUrl>
      <Point>
        <coordinates>17.39072100,-12.07290100,0</coordinates>
      </Point>
    </Placemark>
    <Placemark>
      <styleUrl>#dados_com_ensaio</styleUrl>
      <Point>
        <coordinates>17.39041900,-12.07293900,0</coordinates>
      </Point>
    </Placemark>
    <Placemark>
      <styleUrl>#dados_com_ensaio</styleUrl>
      <Point>
        <coordinates>17.39027800,-12.07263300,0</coordinates>
      </Point>
    </Placemark>
    <Placemark>
      <styleUrl>#dados_com_ensaio</styleUrl>
      <Point>
        <coordinates>17.39148400,-12.07196300,0</coordinates>
      </Point>
    </Placemark>
    <Placemark>
      <styleUrl>#dados_com_ensaio</styleUrl>
      <Point>
        <coordinates>17.42610600,-12.05556200,0</coordinates>
      </Point>
    </Placemark>
    <Placemark>
      <styleUrl>#dados_com_ensaio</styleUrl>
      <Point>
        <coordinates>17.42567200,-12.05532200,0</coordinates>
      </Point>
    </Placemark>
    <Placemark>
      <styleUrl>#dados_com_ensaio</styleUrl>
      <Point>
        <coordinates>17.42669900,-12.05518600,0</coordinates>
      </Point>
    </Placemark>
    <Placemark>
      <styleUrl>#dados_com_ensaio</styleUrl>
      <Point>
        <coordinates>17.42678500,-12.05448100,0</coordinates>
      </Point>
    </Placemark>
    <Placemark>
      <styleUrl>#dados_com_ensaio</styleUrl>
      <Point>
        <coordinates>17.62333200,-12.00225800,0</coordinates>
      </Point>
    </Placemark>
    <Placemark>
      <styleUrl>#dados_com_ensaio</styleUrl>
      <Point>
        <coordinates>17.62471900,-12.00239000,0</coordinates>
      </Point>
    </Placemark>
    <Placemark>
      <styleUrl>#dados_com_ensaio</styleUrl>
      <Point>
        <coordinates>17.62477400,-12.00326600,0</coordinates>
      </Point>
    </Placemark>
    <Placemark>
      <styleUrl>#dados_com_ensaio</styleUrl>
      <Point>
        <coordinates>17.62333900,-12.00392100,0</coordinates>
      </Point>
    </Placemark>
    <Placemark>
      <styleUrl>#dados_com_ensaio</styleUrl>
      <Point>
        <coordinates>21.43333600,-18.02477300,0</coordinates>
      </Point>
    </Placemark>
    <Placemark>
      <styleUrl>#dados_com_ensaio</styleUrl>
      <Point>
        <coordinates>21.52599900,-18.00735200,0</coordinates>
      </Point>
    </Placemark>
    <Placemark>
      <styleUrl>#dados_com_ensaio</styleUrl>
      <Point>
        <coordinates>21.61862500,-17.98987000,0</coordinates>
      </Point>
    </Placemark>
    <Placemark>
      <styleUrl>#dados_com_ensaio</styleUrl>
      <Point>
        <coordinates>21.71132500,-17.97232500,0</coordinates>
      </Point>
    </Placemark>
    <Placemark>
      <styleUrl>#dados_com_ensaio</styleUrl>
      <Point>
        <coordinates>21.80377800,-17.95479200,0</coordinates>
      </Point>
    </Placemark>
    <Placemark>
      <styleUrl>#dados_com_ensaio</styleUrl>
      <Point>
        <coordinates>21.89581600,-17.93733500,0</coordinates>
      </Point>
    </Placemark>
    <Placemark>
      <styleUrl>#dados_com_ensaio</styleUrl>
      <Point>
        <coordinates>21.98837000,-17.91957100,0</coordinates>
      </Point>
    </Placemark>
    <Placemark>
      <styleUrl>#dados_com_ensaio</styleUrl>
      <Point>
        <coordinates>22.08091300,-17.90181700,0</coordinates>
      </Point>
    </Placemark>
    <Placemark>
      <styleUrl>#dados_com_ensaio</styleUrl>
      <Point>
        <coordinates>22.17389800,-17.88399000,0</coordinates>
      </Point>
    </Placemark>
    <Placemark>
      <styleUrl>#dados_com_ensaio</styleUrl>
      <Point>
        <coordinates>22.26641800,-17.86618600,0</coordinates>
      </Point>
    </Placemark>
    <Placemark>
      <styleUrl>#dados_com_ensaio</styleUrl>
      <Point>
        <coordinates>22.35889700,-17.84828600,0</coordinates>
      </Point>
    </Placemark>
    <Placemark>
      <styleUrl>#dados_com_ensaio</styleUrl>
      <Point>
        <coordinates>22.45134700,-17.83042400,0</coordinates>
      </Point>
    </Placemark>
    <Placemark>
      <styleUrl>#dados_com_ensaio</styleUrl>
      <Point>
        <coordinates>22.54385900,-17.81251000,0</coordinates>
      </Point>
    </Placemark>
    <Placemark>
      <styleUrl>#dados_com_ensaio</styleUrl>
      <Point>
        <coordinates>22.63025800,-17.78752000,0</coordinates>
      </Point>
    </Placemark>
    <Placemark>
      <styleUrl>#dados_com_ensaio</styleUrl>
      <Point>
        <coordinates>22.63633300,-17.70664300,0</coordinates>
      </Point>
    </Placemark>
    <Placemark>
      <styleUrl>#dados_com_ensaio</styleUrl>
      <Point>
        <coordinates>22.68117900,-17.63663500,0</coordinates>
      </Point>
    </Placemark>
    <Placemark>
      <styleUrl>#dados_com_ensaio</styleUrl>
      <Point>
        <coordinates>22.73388500,-17.57538700,0</coordinates>
      </Point>
    </Placemark>
    <Placemark>
      <styleUrl>#dados_com_ensaio</styleUrl>
      <Point>
        <coordinates>22.73063300,-17.50576000,0</coordinates>
      </Point>
    </Placemark>
    <Placemark>
      <styleUrl>#dados_com_ensaio</styleUrl>
      <Point>
        <coordinates>22.79821300,-17.45655700,0</coordinates>
      </Point>
    </Placemark>
    <Placemark>
      <styleUrl>#dados_com_ensaio</styleUrl>
      <Point>
        <coordinates>22.84789200,-17.38282600,0</coordinates>
      </Point>
    </Placemark>
    <Placemark>
      <styleUrl>#dados_com_ensaio</styleUrl>
      <Point>
        <coordinates>19.89955000,-17.86149100,0</coordinates>
      </Point>
    </Placemark>
    <Placemark>
      <styleUrl>#dados_com_ensaio</styleUrl>
      <Point>
        <coordinates>19.89955900,-17.86150000,0</coordinates>
      </Point>
    </Placemark>
    <Placemark>
      <styleUrl>#dados_com_ensaio</styleUrl>
      <Point>
        <coordinates>19.89955900,-17.86149100,0</coordinates>
      </Point>
    </Placemark>
    <Placemark>
      <styleUrl>#dados_com_ensaio</styleUrl>
      <Point>
        <coordinates>19.89954000,-17.86150900,0</coordinates>
      </Point>
    </Placemark>
    <Placemark>
      <styleUrl>#dados_com_ensaio</styleUrl>
      <Point>
        <coordinates>19.99989100,-17.87652800,0</coordinates>
      </Point>
    </Placemark>
    <Placemark>
      <styleUrl>#dados_com_ensaio</styleUrl>
      <Point>
        <coordinates>19.99994700,-17.87658200,0</coordinates>
      </Point>
    </Placemark>
    <Placemark>
      <styleUrl>#dados_com_ensaio</styleUrl>
      <Point>
        <coordinates>19.99989100,-17.87656400,0</coordinates>
      </Point>
    </Placemark>
    <Placemark>
      <styleUrl>#dados_com_ensaio</styleUrl>
      <Point>
        <coordinates>19.99992900,-17.87655500,0</coordinates>
      </Point>
    </Placemark>
    <Placemark>
      <styleUrl>#dados_com_ensaio</styleUrl>
      <Point>
        <coordinates>20.08184000,-17.88698100,0</coordinates>
      </Point>
    </Placemark>
    <Placemark>
      <styleUrl>#dados_com_ensaio</styleUrl>
      <Point>
        <coordinates>20.08178300,-17.88700800,0</coordinates>
      </Point>
    </Placemark>
    <Placemark>
      <styleUrl>#dados_com_ensaio</styleUrl>
      <Point>
        <coordinates>20.08182100,-17.88701700,0</coordinates>
      </Point>
    </Placemark>
    <Placemark>
      <styleUrl>#dados_com_ensaio</styleUrl>
      <Point>
        <coordinates>20.08186800,-17.88700800,0</coordinates>
      </Point>
    </Placemark>
    <Placemark>
      <styleUrl>#dados_com_ensaio</styleUrl>
      <Point>
        <coordinates>20.15845400,-17.88182300,0</coordinates>
      </Point>
    </Placemark>
    <Placemark>
      <styleUrl>#dados_com_ensaio</styleUrl>
      <Point>
        <coordinates>20.15837000,-17.88163300,0</coordinates>
      </Point>
    </Placemark>
    <Placemark>
      <styleUrl>#dados_com_ensaio</styleUrl>
      <Point>
        <coordinates>20.15862500,-17.88166100,0</coordinates>
      </Point>
    </Placemark>
    <Placemark>
      <styleUrl>#dados_com_ensaio</styleUrl>
      <Point>
        <coordinates>20.15828500,-17.88175000,0</coordinates>
      </Point>
    </Placemark>
    <Placemark>
      <styleUrl>#dados_com_ensaio</styleUrl>
      <Point>
        <coordinates>20.25189300,-17.87283100,0</coordinates>
      </Point>
    </Placemark>
    <Placemark>
      <styleUrl>#dados_com_ensaio</styleUrl>
      <Point>
        <coordinates>20.25195900,-17.87285000,0</coordinates>
      </Point>
    </Placemark>
    <Placemark>
      <styleUrl>#dados_com_ensaio</styleUrl>
      <Point>
        <coordinates>20.25187400,-17.87291300,0</coordinates>
      </Point>
    </Placemark>
    <Placemark>
      <styleUrl>#dados_com_ensaio</styleUrl>
      <Point>
        <coordinates>20.25189300,-17.87286800,0</coordinates>
      </Point>
    </Placemark>
    <Placemark>
      <styleUrl>#dados_com_ensaio</styleUrl>
      <Point>
        <coordinates>20.33177000,-17.86388400,0</coordinates>
      </Point>
    </Placemark>
    <Placemark>
      <styleUrl>#dados_com_ensaio</styleUrl>
      <Point>
        <coordinates>20.33180700,-17.86391200,0</coordinates>
      </Point>
    </Placemark>
    <Placemark>
      <styleUrl>#dados_com_ensaio</styleUrl>
      <Point>
        <coordinates>20.33177900,-17.86392100,0</coordinates>
      </Point>
    </Placemark>
    <Placemark>
      <styleUrl>#dados_com_ensaio</styleUrl>
      <Point>
        <coordinates>20.33171300,-17.86389300,0</coordinates>
      </Point>
    </Placemark>
    <Placemark>
      <styleUrl>#dados_com_ensaio</styleUrl>
      <Point>
        <coordinates>20.42199800,-17.90018200,0</coordinates>
      </Point>
    </Placemark>
    <Placemark>
      <styleUrl>#dados_com_ensaio</styleUrl>
      <Point>
        <coordinates>20.42201700,-17.90018200,0</coordinates>
      </Point>
    </Placemark>
    <Placemark>
      <styleUrl>#dados_com_ensaio</styleUrl>
      <Point>
        <coordinates>20.42199800,-17.90018200,0</coordinates>
      </Point>
    </Placemark>
    <Placemark>
      <styleUrl>#dados_com_ensaio</styleUrl>
      <Point>
        <coordinates>20.42200700,-17.90018200,0</coordinates>
      </Point>
    </Placemark>
    <Placemark>
      <styleUrl>#dados_com_ensaio</styleUrl>
      <Point>
        <coordinates>20.48371300,-17.93532500,0</coordinates>
      </Point>
    </Placemark>
    <Placemark>
      <styleUrl>#dados_com_ensaio</styleUrl>
      <Point>
        <coordinates>20.48366600,-17.93527900,0</coordinates>
      </Point>
    </Placemark>
    <Placemark>
      <styleUrl>#dados_com_ensaio</styleUrl>
      <Point>
        <coordinates>20.48374100,-17.93533400,0</coordinates>
      </Point>
    </Placemark>
    <Placemark>
      <styleUrl>#dados_com_ensaio</styleUrl>
      <Point>
        <coordinates>20.48366600,-17.93534300,0</coordinates>
      </Point>
    </Placemark>
    <Placemark>
      <styleUrl>#dados_com_ensaio</styleUrl>
      <Point>
        <coordinates>20.57920300,-17.96809300,0</coordinates>
      </Point>
    </Placemark>
    <Placemark>
      <styleUrl>#dados_com_ensaio</styleUrl>
      <Point>
        <coordinates>20.57930700,-17.96796700,0</coordinates>
      </Point>
    </Placemark>
    <Placemark>
      <styleUrl>#dados_com_ensaio</styleUrl>
      <Point>
        <coordinates>20.57914700,-17.96803900,0</coordinates>
      </Point>
    </Placemark>
    <Placemark>
      <styleUrl>#dados_com_ensaio</styleUrl>
      <Point>
        <coordinates>20.57925000,-17.96806600,0</coordinates>
      </Point>
    </Placemark>
    <Placemark>
      <styleUrl>#dados_com_ensaio</styleUrl>
      <Point>
        <coordinates>20.67296300,-17.98007800,0</coordinates>
      </Point>
    </Placemark>
    <Placemark>
      <styleUrl>#dados_com_ensaio</styleUrl>
      <Point>
        <coordinates>20.67296300,-17.98011500,0</coordinates>
      </Point>
    </Placemark>
    <Placemark>
      <styleUrl>#dados_com_ensaio</styleUrl>
      <Point>
        <coordinates>20.67301000,-17.98009700,0</coordinates>
      </Point>
    </Placemark>
    <Placemark>
      <styleUrl>#dados_com_ensaio</styleUrl>
      <Point>
        <coordinates>20.67298200,-17.98006900,0</coordinates>
      </Point>
    </Placemark>
    <Placemark>
      <styleUrl>#dados_com_ensaio</styleUrl>
      <Point>
        <coordinates>17.74767700,-14.66442600,0</coordinates>
      </Point>
    </Placemark>
    <Placemark>
      <styleUrl>#dados_com_ensaio</styleUrl>
      <Point>
        <coordinates>17.74766700,-14.66439900,0</coordinates>
      </Point>
    </Placemark>
    <Placemark>
      <styleUrl>#dados_com_ensaio</styleUrl>
      <Point>
        <coordinates>17.74764000,-14.66441700,0</coordinates>
      </Point>
    </Placemark>
    <Placemark>
      <styleUrl>#dados_com_ensaio</styleUrl>
      <Point>
        <coordinates>17.74769500,-14.66442500,0</coordinates>
      </Point>
    </Placemark>
    <Placemark>
      <styleUrl>#dados_com_ensaio</styleUrl>
      <Point>
        <coordinates>17.91835900,-14.59826700,0</coordinates>
      </Point>
    </Placemark>
    <Placemark>
      <styleUrl>#dados_com_ensaio</styleUrl>
      <Point>
        <coordinates>17.91838800,-14.59833000,0</coordinates>
      </Point>
    </Placemark>
    <Placemark>
      <styleUrl>#dados_com_ensaio</styleUrl>
      <Point>
        <coordinates>17.91843400,-14.59830300,0</coordinates>
      </Point>
    </Placemark>
    <Placemark>
      <styleUrl>#dados_com_ensaio</styleUrl>
      <Point>
        <coordinates>17.91830400,-14.59831300,0</coordinates>
      </Point>
    </Placemark>
    <Placemark>
      <styleUrl>#dados_com_ensaio</styleUrl>
      <Point>
        <coordinates>12.00853600,-14.58524000,0</coordinates>
      </Point>
    </Placemark>
    <Placemark>
      <styleUrl>#dados_com_ensaio</styleUrl>
      <Point>
        <coordinates>12.00848900,-14.58526700,0</coordinates>
      </Point>
    </Placemark>
    <Placemark>
      <styleUrl>#dados_com_ensaio</styleUrl>
      <Point>
        <coordinates>12.00857300,-14.58526800,0</coordinates>
      </Point>
    </Placemark>
    <Placemark>
      <styleUrl>#dados_com_ensaio</styleUrl>
      <Point>
        <coordinates>12.00840600,-14.58525700,0</coordinates>
      </Point>
    </Placemark>
    <Placemark>
      <styleUrl>#dados_com_ensaio</styleUrl>
      <Point>
        <coordinates>12.10111900,-14.59877200,0</coordinates>
      </Point>
    </Placemark>
    <Placemark>
      <styleUrl>#dados_com_ensaio</styleUrl>
      <Point>
        <coordinates>12.10115500,-14.59885400,0</coordinates>
      </Point>
    </Placemark>
    <Placemark>
      <styleUrl>#dados_com_ensaio</styleUrl>
      <Point>
        <coordinates>12.10101600,-14.59886100,0</coordinates>
      </Point>
    </Placemark>
    <Placemark>
      <styleUrl>#dados_com_ensaio</styleUrl>
      <Point>
        <coordinates>12.10090500,-14.59885100,0</coordinates>
      </Point>
    </Placemark>
    <Placemark>
      <styleUrl>#dados_com_ensaio</styleUrl>
      <Point>
        <coordinates>12.19598700,-14.58861500,0</coordinates>
      </Point>
    </Placemark>
    <Placemark>
      <styleUrl>#dados_com_ensaio</styleUrl>
      <Point>
        <coordinates>12.19602300,-14.58863400,0</coordinates>
      </Point>
    </Placemark>
    <Placemark>
      <styleUrl>#dados_com_ensaio</styleUrl>
      <Point>
        <coordinates>12.19591200,-14.58865000,0</coordinates>
      </Point>
    </Placemark>
    <Placemark>
      <styleUrl>#dados_com_ensaio</styleUrl>
      <Point>
        <coordinates>12.19597600,-14.58868700,0</coordinates>
      </Point>
    </Placemark>
    <Placemark>
      <styleUrl>#dados_com_ensaio</styleUrl>
      <Point>
        <coordinates>12.28866000,-14.59013500,0</coordinates>
      </Point>
    </Placemark>
    <Placemark>
      <styleUrl>#dados_com_ensaio</styleUrl>
      <Point>
        <coordinates>12.28864900,-14.59020700,0</coordinates>
      </Point>
    </Placemark>
    <Placemark>
      <styleUrl>#dados_com_ensaio</styleUrl>
      <Point>
        <coordinates>12.28869600,-14.59019800,0</coordinates>
      </Point>
    </Placemark>
    <Placemark>
      <styleUrl>#dados_com_ensaio</styleUrl>
      <Point>
        <coordinates>12.28873300,-14.59018100,0</coordinates>
      </Point>
    </Placemark>
    <Placemark>
      <styleUrl>#dados_com_ensaio</styleUrl>
      <Point>
        <coordinates>12.37946800,-14.59070200,0</coordinates>
      </Point>
    </Placemark>
    <Placemark>
      <styleUrl>#dados_com_ensaio</styleUrl>
      <Point>
        <coordinates>12.37945800,-14.59075600,0</coordinates>
      </Point>
    </Placemark>
    <Placemark>
      <styleUrl>#dados_com_ensaio</styleUrl>
      <Point>
        <coordinates>12.37940300,-14.59076500,0</coordinates>
      </Point>
    </Placemark>
    <Placemark>
      <styleUrl>#dados_com_ensaio</styleUrl>
      <Point>
        <coordinates>12.37950400,-14.59078400,0</coordinates>
      </Point>
    </Placemark>
    <Placemark>
      <styleUrl>#dados_com_ensaio</styleUrl>
      <Point>
        <coordinates>12.47421500,-14.60682400,0</coordinates>
      </Point>
    </Placemark>
    <Placemark>
      <styleUrl>#dados_com_ensaio</styleUrl>
      <Point>
        <coordinates>12.47421600,-14.60676100,0</coordinates>
      </Point>
    </Placemark>
    <Placemark>
      <styleUrl>#dados_com_ensaio</styleUrl>
      <Point>
        <coordinates>12.47420600,-14.60678800,0</coordinates>
      </Point>
    </Placemark>
    <Placemark>
      <styleUrl>#dados_com_ensaio</styleUrl>
      <Point>
        <coordinates>12.47427100,-14.60678000,0</coordinates>
      </Point>
    </Placemark>
    <Placemark>
      <styleUrl>#dados_com_ensaio</styleUrl>
      <Point>
        <coordinates>17.47262200,-15.73824200,0</coordinates>
      </Point>
    </Placemark>
    <Placemark>
      <styleUrl>#dados_com_ensaio</styleUrl>
      <Point>
        <coordinates>17.47261300,-15.73827800,0</coordinates>
      </Point>
    </Placemark>
    <Placemark>
      <styleUrl>#dados_com_ensaio</styleUrl>
      <Point>
        <coordinates>17.47263200,-15.73826000,0</coordinates>
      </Point>
    </Placemark>
    <Placemark>
      <styleUrl>#dados_com_ensaio</styleUrl>
      <Point>
        <coordinates>17.47259400,-15.73824200,0</coordinates>
      </Point>
    </Placemark>
    <Placemark>
      <styleUrl>#dados_com_ensaio</styleUrl>
      <Point>
        <coordinates>17.52456400,-15.77599200,0</coordinates>
      </Point>
    </Placemark>
    <Placemark>
      <styleUrl>#dados_com_ensaio</styleUrl>
      <Point>
        <coordinates>17.52456500,-15.77610100,0</coordinates>
      </Point>
    </Placemark>
    <Placemark>
      <styleUrl>#dados_com_ensaio</styleUrl>
      <Point>
        <coordinates>17.52473200,-15.77603500,0</coordinates>
      </Point>
    </Placemark>
    <Placemark>
      <styleUrl>#dados_com_ensaio</styleUrl>
      <Point>
        <coordinates>17.52471300,-15.77599000,0</coordinates>
      </Point>
    </Placemark>
    <Placemark>
      <styleUrl>#dados_com_ensaio</styleUrl>
      <Point>
        <coordinates>17.54582800,-15.79286200,0</coordinates>
      </Point>
    </Placemark>
    <Placemark>
      <styleUrl>#dados_com_ensaio</styleUrl>
      <Point>
        <coordinates>17.54589300,-15.79279800,0</coordinates>
      </Point>
    </Placemark>
    <Placemark>
      <styleUrl>#dados_com_ensaio</styleUrl>
      <Point>
        <coordinates>17.54605300,-15.79288600,0</coordinates>
      </Point>
    </Placemark>
    <Placemark>
      <styleUrl>#dados_com_ensaio</styleUrl>
      <Point>
        <coordinates>17.54598800,-15.79297700,0</coordinates>
      </Point>
    </Placemark>
    <Placemark>
      <styleUrl>#dados_com_ensaio</styleUrl>
      <Point>
        <coordinates>17.58231100,-15.86606600,0</coordinates>
      </Point>
    </Placemark>
    <Placemark>
      <styleUrl>#dados_com_ensaio</styleUrl>
      <Point>
        <coordinates>17.58233800,-15.86593900,0</coordinates>
      </Point>
    </Placemark>
    <Placemark>
      <styleUrl>#dados_com_ensaio</styleUrl>
      <Point>
        <coordinates>17.58252500,-15.86598200,0</coordinates>
      </Point>
    </Placemark>
    <Placemark>
      <styleUrl>#dados_com_ensaio</styleUrl>
      <Point>
        <coordinates>17.58248900,-15.86612700,0</coordinates>
      </Point>
    </Placemark>
    <Placemark>
      <styleUrl>#dados_com_ensaio</styleUrl>
      <Point>
        <coordinates>17.60904600,-15.94548400,0</coordinates>
      </Point>
    </Placemark>
    <Placemark>
      <styleUrl>#dados_com_ensaio</styleUrl>
      <Point>
        <coordinates>17.60932200,-15.94518200,0</coordinates>
      </Point>
    </Placemark>
    <Placemark>
      <styleUrl>#dados_com_ensaio</styleUrl>
      <Point>
        <coordinates>17.60982100,-15.94550100,0</coordinates>
      </Point>
    </Placemark>
    <Placemark>
      <styleUrl>#dados_com_ensaio</styleUrl>
      <Point>
        <coordinates>17.60940000,-15.94545200,0</coordinates>
      </Point>
    </Placemark>
    <Placemark>
      <styleUrl>#dados_com_ensaio</styleUrl>
      <Point>
        <coordinates>17.63381000,-16.01514600,0</coordinates>
      </Point>
    </Placemark>
    <Placemark>
      <styleUrl>#dados_com_ensaio</styleUrl>
      <Point>
        <coordinates>17.63369000,-16.01522900,0</coordinates>
      </Point>
    </Placemark>
    <Placemark>
      <styleUrl>#dados_com_ensaio</styleUrl>
      <Point>
        <coordinates>17.63354700,-16.01504100,0</coordinates>
      </Point>
    </Placemark>
    <Placemark>
      <styleUrl>#dados_com_ensaio</styleUrl>
      <Point>
        <coordinates>17.63358700,-16.01523000,0</coordinates>
      </Point>
    </Placemark>
    <Placemark>
      <styleUrl>#dados_com_ensaio</styleUrl>
      <Point>
        <coordinates>17.64443600,-16.16597000,0</coordinates>
      </Point>
    </Placemark>
    <Placemark>
      <styleUrl>#dados_com_ensaio</styleUrl>
      <Point>
        <coordinates>17.64402200,-16.16579400,0</coordinates>
      </Point>
    </Placemark>
    <Placemark>
      <styleUrl>#dados_com_ensaio</styleUrl>
      <Point>
        <coordinates>17.64425200,-16.16623400,0</coordinates>
      </Point>
    </Placemark>
    <Placemark>
      <styleUrl>#dados_com_ensaio</styleUrl>
      <Point>
        <coordinates>17.64412800,-16.16603700,0</coordinates>
      </Point>
    </Placemark>
    <Placemark>
      <styleUrl>#dados_com_ensaio</styleUrl>
      <Point>
        <coordinates>17.67667800,-16.24207500,0</coordinates>
      </Point>
    </Placemark>
    <Placemark>
      <styleUrl>#dados_com_ensaio</styleUrl>
      <Point>
        <coordinates>17.67635700,-16.24189900,0</coordinates>
      </Point>
    </Placemark>
    <Placemark>
      <styleUrl>#dados_com_ensaio</styleUrl>
      <Point>
        <coordinates>17.67625800,-16.24215300,0</coordinates>
      </Point>
    </Placemark>
    <Placemark>
      <styleUrl>#dados_com_ensaio</styleUrl>
      <Point>
        <coordinates>17.67636900,-16.24206100,0</coordinates>
      </Point>
    </Placemark>
    <Placemark>
      <styleUrl>#dados_com_ensaio</styleUrl>
      <Point>
        <coordinates>17.71185100,-16.35363800,0</coordinates>
      </Point>
    </Placemark>
    <Placemark>
      <styleUrl>#dados_com_ensaio</styleUrl>
      <Point>
        <coordinates>17.71222100,-16.35338000,0</coordinates>
      </Point>
    </Placemark>
    <Placemark>
      <styleUrl>#dados_com_ensaio</styleUrl>
      <Point>
        <coordinates>17.71246900,-16.35370200,0</coordinates>
      </Point>
    </Placemark>
    <Placemark>
      <styleUrl>#dados_com_ensaio</styleUrl>
      <Point>
        <coordinates>17.71219800,-16.35374200,0</coordinates>
      </Point>
    </Placemark>
    <Placemark>
      <styleUrl>#dados_com_ensaio</styleUrl>
      <Point>
        <coordinates>17.80522000,-16.48975700,0</coordinates>
      </Point>
    </Placemark>
    <Placemark>
      <styleUrl>#dados_com_ensaio</styleUrl>
      <Point>
        <coordinates>17.80490600,-16.48938100,0</coordinates>
      </Point>
    </Placemark>
    <Placemark>
      <styleUrl>#dados_com_ensaio</styleUrl>
      <Point>
        <coordinates>17.80519900,-16.49024400,0</coordinates>
      </Point>
    </Placemark>
    <Placemark>
      <styleUrl>#dados_com_ensaio</styleUrl>
      <Point>
        <coordinates>17.80474600,-16.48996200,0</coordinates>
      </Point>
    </Placemark>
    <Placemark>
      <styleUrl>#dados_com_ensaio</styleUrl>
      <Point>
        <coordinates>17.85192800,-16.61641800,0</coordinates>
      </Point>
    </Placemark>
    <Placemark>
      <styleUrl>#dados_com_ensaio</styleUrl>
      <Point>
        <coordinates>17.85176700,-16.61633900,0</coordinates>
      </Point>
    </Placemark>
    <Placemark>
      <styleUrl>#dados_com_ensaio</styleUrl>
      <Point>
        <coordinates>17.85169000,-16.61681000,0</coordinates>
      </Point>
    </Placemark>
    <Placemark>
      <styleUrl>#dados_com_ensaio</styleUrl>
      <Point>
        <coordinates>17.85158200,-16.61647700,0</coordinates>
      </Point>
    </Placemark>
    <Placemark>
      <styleUrl>#dados_com_ensaio</styleUrl>
      <Point>
        <coordinates>17.88391200,-16.69891000,0</coordinates>
      </Point>
    </Placemark>
    <Placemark>
      <styleUrl>#dados_com_ensaio</styleUrl>
      <Point>
        <coordinates>17.88411400,-16.69865500,0</coordinates>
      </Point>
    </Placemark>
    <Placemark>
      <styleUrl>#dados_com_ensaio</styleUrl>
      <Point>
        <coordinates>17.88446600,-16.69899300,0</coordinates>
      </Point>
    </Placemark>
    <Placemark>
      <styleUrl>#dados_com_ensaio</styleUrl>
      <Point>
        <coordinates>17.88422500,-16.69919500,0</coordinates>
      </Point>
    </Placemark>
    <Placemark>
      <styleUrl>#dados_com_ensaio</styleUrl>
      <Point>
        <coordinates>17.93041700,-16.78734500,0</coordinates>
      </Point>
    </Placemark>
    <Placemark>
      <styleUrl>#dados_com_ensaio</styleUrl>
      <Point>
        <coordinates>17.93020900,-16.78779000,0</coordinates>
      </Point>
    </Placemark>
    <Placemark>
      <styleUrl>#dados_com_ensaio</styleUrl>
      <Point>
        <coordinates>17.93006000,-16.78727800,0</coordinates>
      </Point>
    </Placemark>
    <Placemark>
      <styleUrl>#dados_com_ensaio</styleUrl>
      <Point>
        <coordinates>17.93002700,-16.78756700,0</coordinates>
      </Point>
    </Placemark>
    <Placemark>
      <styleUrl>#dados_com_ensaio</styleUrl>
      <Point>
        <coordinates>18.02396600,-16.89490800,0</coordinates>
      </Point>
    </Placemark>
    <Placemark>
      <styleUrl>#dados_com_ensaio</styleUrl>
      <Point>
        <coordinates>18.02385500,-16.89482500,0</coordinates>
      </Point>
    </Placemark>
    <Placemark>
      <styleUrl>#dados_com_ensaio</styleUrl>
      <Point>
        <coordinates>18.02409800,-16.89488300,0</coordinates>
      </Point>
    </Placemark>
    <Placemark>
      <styleUrl>#dados_com_ensaio</styleUrl>
      <Point>
        <coordinates>18.02404800,-16.89506300,0</coordinates>
      </Point>
    </Placemark>
    <Placemark>
      <styleUrl>#dados_com_ensaio</styleUrl>
      <Point>
        <coordinates>18.09927100,-16.94940200,0</coordinates>
      </Point>
    </Placemark>
    <Placemark>
      <styleUrl>#dados_com_ensaio</styleUrl>
      <Point>
        <coordinates>18.09942900,-16.94953000,0</coordinates>
      </Point>
    </Placemark>
    <Placemark>
      <styleUrl>#dados_com_ensaio</styleUrl>
      <Point>
        <coordinates>18.09945000,-16.94935900,0</coordinates>
      </Point>
    </Placemark>
    <Placemark>
      <styleUrl>#dados_com_ensaio</styleUrl>
      <Point>
        <coordinates>18.09926000,-16.94952800,0</coordinates>
      </Point>
    </Placemark>
    <Placemark>
      <styleUrl>#dados_com_ensaio</styleUrl>
      <Point>
        <coordinates>18.14495700,-17.02972000,0</coordinates>
      </Point>
    </Placemark>
    <Placemark>
      <styleUrl>#dados_com_ensaio</styleUrl>
      <Point>
        <coordinates>18.14496400,-17.02990900,0</coordinates>
      </Point>
    </Placemark>
    <Placemark>
      <styleUrl>#dados_com_ensaio</styleUrl>
      <Point>
        <coordinates>18.14509700,-17.02979400,0</coordinates>
      </Point>
    </Placemark>
    <Placemark>
      <styleUrl>#dados_com_ensaio</styleUrl>
      <Point>
        <coordinates>18.14536800,-17.02986100,0</coordinates>
      </Point>
    </Placemark>
    <Placemark>
      <styleUrl>#dados_com_ensaio</styleUrl>
      <Point>
        <coordinates>18.19662500,-17.10547300,0</coordinates>
      </Point>
    </Placemark>
    <Placemark>
      <styleUrl>#dados_com_ensaio</styleUrl>
      <Point>
        <coordinates>18.19666100,-17.10555500,0</coordinates>
      </Point>
    </Placemark>
    <Placemark>
      <styleUrl>#dados_com_ensaio</styleUrl>
      <Point>
        <coordinates>18.19670000,-17.10551000,0</coordinates>
      </Point>
    </Placemark>
    <Placemark>
      <styleUrl>#dados_com_ensaio</styleUrl>
      <Point>
        <coordinates>18.19654900,-17.10552600,0</coordinates>
      </Point>
    </Placemark>
    <Placemark>
      <styleUrl>#dados_com_ensaio</styleUrl>
      <Point>
        <coordinates>18.24859300,-17.17948000,0</coordinates>
      </Point>
    </Placemark>
    <Placemark>
      <styleUrl>#dados_com_ensaio</styleUrl>
      <Point>
        <coordinates>18.24897500,-17.17966600,0</coordinates>
      </Point>
    </Placemark>
    <Placemark>
      <styleUrl>#dados_com_ensaio</styleUrl>
      <Point>
        <coordinates>18.24836100,-17.17926000,0</coordinates>
      </Point>
    </Placemark>
    <Placemark>
      <styleUrl>#dados_com_ensaio</styleUrl>
      <Point>
        <coordinates>18.24882700,-17.17951900,0</coordinates>
      </Point>
    </Placemark>
    <Placemark>
      <styleUrl>#dados_com_ensaio</styleUrl>
      <Point>
        <coordinates>18.30499200,-17.24352200,0</coordinates>
      </Point>
    </Placemark>
    <Placemark>
      <styleUrl>#dados_com_ensaio</styleUrl>
      <Point>
        <coordinates>18.30480500,-17.24347500,0</coordinates>
      </Point>
    </Placemark>
    <Placemark>
      <styleUrl>#dados_com_ensaio</styleUrl>
      <Point>
        <coordinates>18.30476400,-17.24367300,0</coordinates>
      </Point>
    </Placemark>
    <Placemark>
      <styleUrl>#dados_com_ensaio</styleUrl>
      <Point>
        <coordinates>18.30499900,-17.24367600,0</coordinates>
      </Point>
    </Placemark>
    <Placemark>
      <styleUrl>#dados_com_ensaio</styleUrl>
      <Point>
        <coordinates>18.39078800,-17.33980100,0</coordinates>
      </Point>
    </Placemark>
    <Placemark>
      <styleUrl>#dados_com_ensaio</styleUrl>
      <Point>
        <coordinates>18.39088800,-17.34003800,0</coordinates>
      </Point>
    </Placemark>
    <Placemark>
      <styleUrl>#dados_com_ensaio</styleUrl>
      <Point>
        <coordinates>18.39064000,-17.33961900,0</coordinates>
      </Point>
    </Placemark>
    <Placemark>
      <styleUrl>#dados_com_ensaio</styleUrl>
      <Point>
        <coordinates>18.39057000,-17.33993400,0</coordinates>
      </Point>
    </Placemark>
    <Placemark>
      <styleUrl>#dados_com_ensaio</styleUrl>
      <Point>
        <coordinates>18.47655500,-17.44452500,0</coordinates>
      </Point>
    </Placemark>
    <Placemark>
      <styleUrl>#dados_com_ensaio</styleUrl>
      <Point>
        <coordinates>18.47675000,-17.44469000,0</coordinates>
      </Point>
    </Placemark>
    <Placemark>
      <styleUrl>#dados_com_ensaio</styleUrl>
      <Point>
        <coordinates>18.47693600,-17.44483700,0</coordinates>
      </Point>
    </Placemark>
    <Placemark>
      <styleUrl>#dados_com_ensaio</styleUrl>
      <Point>
        <coordinates>18.47687300,-17.44460200,0</coordinates>
      </Point>
    </Placemark>
    <Placemark>
      <styleUrl>#dados_com_ensaio</styleUrl>
      <Point>
        <coordinates>18.53072400,-17.50959600,0</coordinates>
      </Point>
    </Placemark>
    <Placemark>
      <styleUrl>#dados_com_ensaio</styleUrl>
      <Point>
        <coordinates>18.53084500,-17.50969600,0</coordinates>
      </Point>
    </Placemark>
    <Placemark>
      <styleUrl>#dados_com_ensaio</styleUrl>
      <Point>
        <coordinates>18.53078100,-17.50956000,0</coordinates>
      </Point>
    </Placemark>
    <Placemark>
      <styleUrl>#dados_com_ensaio</styleUrl>
      <Point>
        <coordinates>18.53085500,-17.50963300,0</coordinates>
      </Point>
    </Placemark>
    <Placemark>
      <styleUrl>#dados_com_ensaio</styleUrl>
      <Point>
        <coordinates>18.61921200,-17.59741800,0</coordinates>
      </Point>
    </Placemark>
    <Placemark>
      <styleUrl>#dados_com_ensaio</styleUrl>
      <Point>
        <coordinates>18.61969900,-17.59761300,0</coordinates>
      </Point>
    </Placemark>
    <Placemark>
      <styleUrl>#dados_com_ensaio</styleUrl>
      <Point>
        <coordinates>18.61935500,-17.59725700,0</coordinates>
      </Point>
    </Placemark>
    <Placemark>
      <styleUrl>#dados_com_ensaio</styleUrl>
      <Point>
        <coordinates>18.61967400,-17.59741400,0</coordinates>
      </Point>
    </Placemark>
    <Placemark>
      <styleUrl>#dados_com_ensaio</styleUrl>
      <Point>
        <coordinates>17.66897300,-14.68992200,0</coordinates>
      </Point>
    </Placemark>
    <Placemark>
      <styleUrl>#dados_com_ensaio</styleUrl>
      <Point>
        <coordinates>17.66888900,-14.68989500,0</coordinates>
      </Point>
    </Placemark>
    <Placemark>
      <styleUrl>#dados_com_ensaio</styleUrl>
      <Point>
        <coordinates>17.66887100,-14.68993200,0</coordinates>
      </Point>
    </Placemark>
    <Placemark>
      <styleUrl>#dados_com_ensaio</styleUrl>
      <Point>
        <coordinates>17.66888100,-14.68997700,0</coordinates>
      </Point>
    </Placemark>
    <Placemark>
      <styleUrl>#dados_com_ensaio</styleUrl>
      <Point>
        <coordinates>17.66202400,-14.72527500,0</coordinates>
      </Point>
    </Placemark>
    <Placemark>
      <styleUrl>#dados_com_ensaio</styleUrl>
      <Point>
        <coordinates>17.66201600,-14.72534700,0</coordinates>
      </Point>
    </Placemark>
    <Placemark>
      <styleUrl>#dados_com_ensaio</styleUrl>
      <Point>
        <coordinates>17.66196800,-14.72522100,0</coordinates>
      </Point>
    </Placemark>
    <Placemark>
      <styleUrl>#dados_com_ensaio</styleUrl>
      <Point>
        <coordinates>17.66193200,-14.72532100,0</coordinates>
      </Point>
    </Placemark>
    <Placemark>
      <styleUrl>#dados_com_ensaio</styleUrl>
      <Point>
        <coordinates>17.67443400,-14.82171000,0</coordinates>
      </Point>
    </Placemark>
    <Placemark>
      <styleUrl>#dados_com_ensaio</styleUrl>
      <Point>
        <coordinates>17.67434100,-14.82166600,0</coordinates>
      </Point>
    </Placemark>
    <Placemark>
      <styleUrl>#dados_com_ensaio</styleUrl>
      <Point>
        <coordinates>17.67434300,-14.82178400,0</coordinates>
      </Point>
    </Placemark>
    <Placemark>
      <styleUrl>#dados_com_ensaio</styleUrl>
      <Point>
        <coordinates>17.67439600,-14.82156600,0</coordinates>
      </Point>
    </Placemark>
    <Placemark>
      <styleUrl>#dados_com_ensaio</styleUrl>
      <Point>
        <coordinates>17.67422700,-15.04282400,0</coordinates>
      </Point>
    </Placemark>
    <Placemark>
      <styleUrl>#dados_com_ensaio</styleUrl>
      <Point>
        <coordinates>17.67406800,-15.04274400,0</coordinates>
      </Point>
    </Placemark>
    <Placemark>
      <styleUrl>#dados_com_ensaio</styleUrl>
      <Point>
        <coordinates>17.67407800,-15.04286200,0</coordinates>
      </Point>
    </Placemark>
    <Placemark>
      <styleUrl>#dados_com_ensaio</styleUrl>
      <Point>
        <coordinates>17.67419100,-15.04295100,0</coordinates>
      </Point>
    </Placemark>
    <Placemark>
      <styleUrl>#dados_com_ensaio</styleUrl>
      <Point>
        <coordinates>17.69623200,-15.12278100,0</coordinates>
      </Point>
    </Placemark>
    <Placemark>
      <styleUrl>#dados_com_ensaio</styleUrl>
      <Point>
        <coordinates>17.69613900,-15.12284500,0</coordinates>
      </Point>
    </Placemark>
    <Placemark>
      <styleUrl>#dados_com_ensaio</styleUrl>
      <Point>
        <coordinates>17.69616900,-15.12297100,0</coordinates>
      </Point>
    </Placemark>
    <Placemark>
      <styleUrl>#dados_com_ensaio</styleUrl>
      <Point>
        <coordinates>17.69604700,-15.12287300,0</coordinates>
      </Point>
    </Placemark>
    <Placemark>
      <styleUrl>#dados_com_ensaio</styleUrl>
      <Point>
        <coordinates>17.69259400,-15.18358500,0</coordinates>
      </Point>
    </Placemark>
    <Placemark>
      <styleUrl>#dados_com_ensaio</styleUrl>
      <Point>
        <coordinates>17.69261900,-15.18335000,0</coordinates>
      </Point>
    </Placemark>
    <Placemark>
      <styleUrl>#dados_com_ensaio</styleUrl>
      <Point>
        <coordinates>17.69237800,-15.18347100,0</coordinates>
      </Point>
    </Placemark>
    <Placemark>
      <styleUrl>#dados_com_ensaio</styleUrl>
      <Point>
        <coordinates>17.69244500,-15.18362300,0</coordinates>
      </Point>
    </Placemark>
    <Placemark>
      <styleUrl>#dados_com_ensaio</styleUrl>
      <Point>
        <coordinates>17.64140100,-15.45554200,0</coordinates>
      </Point>
    </Placemark>
    <Placemark>
      <styleUrl>#dados_com_ensaio</styleUrl>
      <Point>
        <coordinates>17.64125300,-15.45559800,0</coordinates>
      </Point>
    </Placemark>
    <Placemark>
      <styleUrl>#dados_com_ensaio</styleUrl>
      <Point>
        <coordinates>17.64140400,-15.45571300,0</coordinates>
      </Point>
    </Placemark>
    <Placemark>
      <styleUrl>#dados_com_ensaio</styleUrl>
      <Point>
        <coordinates>17.64151500,-15.45564900,0</coordinates>
      </Point>
    </Placemark>
    <Placemark>
      <styleUrl>#dados_com_ensaio</styleUrl>
      <Point>
        <coordinates>17.54635300,-15.61441800,0</coordinates>
      </Point>
    </Placemark>
    <Placemark>
      <styleUrl>#dados_com_ensaio</styleUrl>
      <Point>
        <coordinates>17.54625900,-15.61434700,0</coordinates>
      </Point>
    </Placemark>
    <Placemark>
      <styleUrl>#dados_com_ensaio</styleUrl>
      <Point>
        <coordinates>17.54642600,-15.61430900,0</coordinates>
      </Point>
    </Placemark>
    <Placemark>
      <styleUrl>#dados_com_ensaio</styleUrl>
      <Point>
        <coordinates>17.54625100,-15.61444600,0</coordinates>
      </Point>
    </Placemark>
    <Placemark>
      <styleUrl>#dados_com_ensaio</styleUrl>
      <Point>
        <coordinates>17.45664100,-15.69676000,0</coordinates>
      </Point>
    </Placemark>
    <Placemark>
      <styleUrl>#dados_com_ensaio</styleUrl>
      <Point>
        <coordinates>17.45666700,-15.69653400,0</coordinates>
      </Point>
    </Placemark>
    <Placemark>
      <styleUrl>#dados_com_ensaio</styleUrl>
      <Point>
        <coordinates>17.45686400,-15.69663100,0</coordinates>
      </Point>
    </Placemark>
    <Placemark>
      <styleUrl>#dados_com_ensaio</styleUrl>
      <Point>
        <coordinates>17.45674500,-15.69687700,0</coordinates>
      </Point>
    </Placemark>
    <Placemark>
      <styleUrl>#dados_com_ensaio</styleUrl>
      <Point>
        <coordinates>18.63087600,-17.62741100,0</coordinates>
      </Point>
    </Placemark>
    <Placemark>
      <styleUrl>#dados_com_ensaio</styleUrl>
      <Point>
        <coordinates>18.63106700,-17.62722300,0</coordinates>
      </Point>
    </Placemark>
    <Placemark>
      <styleUrl>#dados_com_ensaio</styleUrl>
      <Point>
        <coordinates>18.63134700,-17.62740700,0</coordinates>
      </Point>
    </Placemark>
    <Placemark>
      <styleUrl>#dados_com_ensaio</styleUrl>
      <Point>
        <coordinates>18.63114700,-17.62757700,0</coordinates>
      </Point>
    </Placemark>
    <Placemark>
      <styleUrl>#dados_com_ensaio</styleUrl>
      <Point>
        <coordinates>18.69307300,-17.67504700,0</coordinates>
      </Point>
    </Placemark>
    <Placemark>
      <styleUrl>#dados_com_ensaio</styleUrl>
      <Point>
        <coordinates>18.69335400,-17.67516800,0</coordinates>
      </Point>
    </Placemark>
    <Placemark>
      <styleUrl>#dados_com_ensaio</styleUrl>
      <Point>
        <coordinates>18.69341300,-17.67497900,0</coordinates>
      </Point>
    </Placemark>
    <Placemark>
      <styleUrl>#dados_com_ensaio</styleUrl>
      <Point>
        <coordinates>18.69348400,-17.67532300,0</coordinates>
      </Point>
    </Placemark>
    <Placemark>
      <styleUrl>#dados_com_ensaio</styleUrl>
      <Point>
        <coordinates>18.77952500,-17.73825500,0</coordinates>
      </Point>
    </Placemark>
    <Placemark>
      <styleUrl>#dados_com_ensaio</styleUrl>
      <Point>
        <coordinates>18.77990200,-17.73827700,0</coordinates>
      </Point>
    </Placemark>
    <Placemark>
      <styleUrl>#dados_com_ensaio</styleUrl>
      <Point>
        <coordinates>18.78033900,-17.73870600,0</coordinates>
      </Point>
    </Placemark>
    <Placemark>
      <styleUrl>#dados_com_ensaio</styleUrl>
      <Point>
        <coordinates>16.54766800,-17.75607400,0</coordinates>
      </Point>
    </Placemark>
    <Placemark>
      <styleUrl>#dados_com_ensaio</styleUrl>
      <Point>
        <coordinates>18.89177000,-17.79617200,0</coordinates>
      </Point>
    </Placemark>
    <Placemark>
      <styleUrl>#dados_com_ensaio</styleUrl>
      <Point>
        <coordinates>18.89123400,-17.79526200,0</coordinates>
      </Point>
    </Placemark>
    <Placemark>
      <styleUrl>#dados_com_ensaio</styleUrl>
      <Point>
        <coordinates>18.89022200,-17.79634500,0</coordinates>
      </Point>
    </Placemark>
    <Placemark>
      <styleUrl>#dados_com_ensaio</styleUrl>
      <Point>
        <coordinates>19.01748500,-17.81442600,0</coordinates>
      </Point>
    </Placemark>
    <Placemark>
      <styleUrl>#dados_com_ensaio</styleUrl>
      <Point>
        <coordinates>19.01782400,-17.81358000,0</coordinates>
      </Point>
    </Placemark>
    <Placemark>
      <styleUrl>#dados_com_ensaio</styleUrl>
      <Point>
        <coordinates>19.01848800,-17.81498700,0</coordinates>
      </Point>
    </Placemark>
    <Placemark>
      <styleUrl>#dados_com_ensaio</styleUrl>
      <Point>
        <coordinates>19.01775100,-17.81512400,0</coordinates>
      </Point>
    </Placemark>
    <Placemark>
      <styleUrl>#dados_com_ensaio</styleUrl>
      <Point>
        <coordinates>19.15266100,-17.80564000,0</coordinates>
      </Point>
    </Placemark>
    <Placemark>
      <styleUrl>#dados_com_ensaio</styleUrl>
      <Point>
        <coordinates>19.15276400,-17.80480100,0</coordinates>
      </Point>
    </Placemark>
    <Placemark>
      <styleUrl>#dados_com_ensaio</styleUrl>
      <Point>
        <coordinates>19.15389100,-17.80532600,0</coordinates>
      </Point>
    </Placemark>
    <Placemark>
      <styleUrl>#dados_com_ensaio</styleUrl>
      <Point>
        <coordinates>19.15211800,-17.80525500,0</coordinates>
      </Point>
    </Placemark>
    <Placemark>
      <styleUrl>#dados_com_ensaio</styleUrl>
      <Point>
        <coordinates>19.24745300,-17.80866300,0</coordinates>
      </Point>
    </Placemark>
    <Placemark>
      <styleUrl>#dados_com_ensaio</styleUrl>
      <Point>
        <coordinates>19.24782000,-17.80870200,0</coordinates>
      </Point>
    </Placemark>
    <Placemark>
      <styleUrl>#dados_com_ensaio</styleUrl>
      <Point>
        <coordinates>19.24764300,-17.80846600,0</coordinates>
      </Point>
    </Placemark>
    <Placemark>
      <styleUrl>#dados_com_ensaio</styleUrl>
      <Point>
        <coordinates>19.24765000,-17.80879100,0</coordinates>
      </Point>
    </Placemark>
    <Placemark>
      <styleUrl>#dados_com_ensaio</styleUrl>
      <Point>
        <coordinates>19.34632300,-17.82329500,0</coordinates>
      </Point>
    </Placemark>
    <Placemark>
      <styleUrl>#dados_com_ensaio</styleUrl>
      <Point>
        <coordinates>19.34657000,-17.82316100,0</coordinates>
      </Point>
    </Placemark>
    <Placemark>
      <styleUrl>#dados_com_ensaio</styleUrl>
      <Point>
        <coordinates>19.34688000,-17.82325400,0</coordinates>
      </Point>
    </Placemark>
    <Placemark>
      <styleUrl>#dados_com_ensaio</styleUrl>
      <Point>
        <coordinates>19.34663400,-17.82337900,0</coordinates>
      </Point>
    </Placemark>
    <Placemark>
      <styleUrl>#dados_com_ensaio</styleUrl>
      <Point>
        <coordinates>19.46666400,-17.84177000,0</coordinates>
      </Point>
    </Placemark>
    <Placemark>
      <styleUrl>#dados_com_ensaio</styleUrl>
      <Point>
        <coordinates>19.46707000,-17.84174600,0</coordinates>
      </Point>
    </Placemark>
    <Placemark>
      <styleUrl>#dados_com_ensaio</styleUrl>
      <Point>
        <coordinates>19.46696400,-17.84198900,0</coordinates>
      </Point>
    </Placemark>
    <Placemark>
      <styleUrl>#dados_com_ensaio</styleUrl>
      <Point>
        <coordinates>19.46672900,-17.84191500,0</coordinates>
      </Point>
    </Placemark>
    <Placemark>
      <styleUrl>#dados_com_ensaio</styleUrl>
      <Point>
        <coordinates>19.55568900,-17.83544600,0</coordinates>
      </Point>
    </Placemark>
    <Placemark>
      <styleUrl>#dados_com_ensaio</styleUrl>
      <Point>
        <coordinates>19.55611100,-17.83573800,0</coordinates>
      </Point>
    </Placemark>
    <Placemark>
      <styleUrl>#dados_com_ensaio</styleUrl>
      <Point>
        <coordinates>19.55615300,-17.83521400,0</coordinates>
      </Point>
    </Placemark>
    <Placemark>
      <styleUrl>#dados_com_ensaio</styleUrl>
      <Point>
        <coordinates>19.55557900,-17.83508400,0</coordinates>
      </Point>
    </Placemark>
    <Placemark>
      <styleUrl>#dados_com_ensaio</styleUrl>
      <Point>
        <coordinates>19.68194500,-17.85044500,0</coordinates>
      </Point>
    </Placemark>
    <Placemark>
      <styleUrl>#dados_com_ensaio</styleUrl>
      <Point>
        <coordinates>19.68234100,-17.85052000,0</coordinates>
      </Point>
    </Placemark>
    <Placemark>
      <styleUrl>#dados_com_ensaio</styleUrl>
      <Point>
        <coordinates>19.68217800,-17.85082600,0</coordinates>
      </Point>
    </Placemark>
    <Placemark>
      <styleUrl>#dados_com_ensaio</styleUrl>
      <Point>
        <coordinates>19.68197100,-17.85069000,0</coordinates>
      </Point>
    </Placemark>
    <Placemark>
      <styleUrl>#dados_com_ensaio</styleUrl>
      <Point>
        <coordinates>14.54036400,-9.66704400,0</coordinates>
      </Point>
    </Placemark>
    <Placemark>
      <styleUrl>#dados_com_ensaio</styleUrl>
      <Point>
        <coordinates>14.54086600,-9.66669200,0</coordinates>
      </Point>
    </Placemark>
    <Placemark>
      <styleUrl>#dados_com_ensaio</styleUrl>
      <Point>
        <coordinates>14.54084700,-9.66727000,0</coordinates>
      </Point>
    </Placemark>
    <Placemark>
      <styleUrl>#dados_com_ensaio</styleUrl>
      <Point>
        <coordinates>14.54144900,-9.66677400,0</coordinates>
      </Point>
    </Placemark>
    <Placemark>
      <styleUrl>#dados_com_ensaio</styleUrl>
      <Point>
        <coordinates>14.55937000,-9.66611000,0</coordinates>
      </Point>
    </Placemark>
    <Placemark>
      <styleUrl>#dados_com_ensaio</styleUrl>
      <Point>
        <coordinates>14.55964400,-9.66602000,0</coordinates>
      </Point>
    </Placemark>
    <Placemark>
      <styleUrl>#dados_com_ensaio</styleUrl>
      <Point>
        <coordinates>14.55947900,-9.66623700,0</coordinates>
      </Point>
    </Placemark>
    <Placemark>
      <styleUrl>#dados_com_ensaio</styleUrl>
      <Point>
        <coordinates>14.55965300,-9.66616500,0</coordinates>
      </Point>
    </Placemark>
    <Placemark>
      <styleUrl>#dados_com_ensaio</styleUrl>
      <Point>
        <coordinates>14.63309400,-9.67316100,0</coordinates>
      </Point>
    </Placemark>
    <Placemark>
      <styleUrl>#dados_com_ensaio</styleUrl>
      <Point>
        <coordinates>14.63367800,-9.67280000,0</coordinates>
      </Point>
    </Placemark>
    <Placemark>
      <styleUrl>#dados_com_ensaio</styleUrl>
      <Point>
        <coordinates>14.63296700,-9.67291600,0</coordinates>
      </Point>
    </Placemark>
    <Placemark>
      <styleUrl>#dados_com_ensaio</styleUrl>
      <Point>
        <coordinates>14.63319500,-9.67268200,0</coordinates>
      </Point>
    </Placemark>
    <Placemark>
      <styleUrl>#dados_com_ensaio</styleUrl>
      <Point>
        <coordinates>14.69641600,-9.68641900,0</coordinates>
      </Point>
    </Placemark>
    <Placemark>
      <styleUrl>#dados_com_ensaio</styleUrl>
      <Point>
        <coordinates>14.69652500,-9.68634600,0</coordinates>
      </Point>
    </Placemark>
    <Placemark>
      <styleUrl>#dados_com_ensaio</styleUrl>
      <Point>
        <coordinates>14.69627000,-9.68629200,0</coordinates>
      </Point>
    </Placemark>
    <Placemark>
      <styleUrl>#dados_com_ensaio</styleUrl>
      <Point>
        <coordinates>14.69664400,-9.68649100,0</coordinates>
      </Point>
    </Placemark>
    <Placemark>
      <styleUrl>#dados_com_ensaio</styleUrl>
      <Point>
        <coordinates>14.77650700,-9.68696900,0</coordinates>
      </Point>
    </Placemark>
    <Placemark>
      <styleUrl>#dados_com_ensaio</styleUrl>
      <Point>
        <coordinates>14.77937000,-9.68612000,0</coordinates>
      </Point>
    </Placemark>
    <Placemark>
      <styleUrl>#dados_com_ensaio</styleUrl>
      <Point>
        <coordinates>14.78096400,-9.68680900,0</coordinates>
      </Point>
    </Placemark>
    <Placemark>
      <styleUrl>#dados_com_ensaio</styleUrl>
      <Point>
        <coordinates>14.77822000,-9.68763900,0</coordinates>
      </Point>
    </Placemark>
    <Placemark>
      <styleUrl>#dados_com_ensaio</styleUrl>
      <Point>
        <coordinates>14.83150600,-9.66205500,0</coordinates>
      </Point>
    </Placemark>
    <Placemark>
      <styleUrl>#dados_com_ensaio</styleUrl>
      <Point>
        <coordinates>14.83161600,-9.66120500,0</coordinates>
      </Point>
    </Placemark>
    <Placemark>
      <styleUrl>#dados_com_ensaio</styleUrl>
      <Point>
        <coordinates>14.83111400,-9.66129500,0</coordinates>
      </Point>
    </Placemark>
    <Placemark>
      <styleUrl>#dados_com_ensaio</styleUrl>
      <Point>
        <coordinates>14.83167000,-9.66167500,0</coordinates>
      </Point>
    </Placemark>
    <Placemark>
      <styleUrl>#dados_com_ensaio</styleUrl>
      <Point>
        <coordinates>14.92652500,-9.64822200,0</coordinates>
      </Point>
    </Placemark>
    <Placemark>
      <styleUrl>#dados_com_ensaio</styleUrl>
      <Point>
        <coordinates>14.92683500,-9.64828600,0</coordinates>
      </Point>
    </Placemark>
    <Placemark>
      <styleUrl>#dados_com_ensaio</styleUrl>
      <Point>
        <coordinates>14.92637000,-9.64860200,0</coordinates>
      </Point>
    </Placemark>
    <Placemark>
      <styleUrl>#dados_com_ensaio</styleUrl>
      <Point>
        <coordinates>14.92674400,-9.64860200,0</coordinates>
      </Point>
    </Placemark>
    <Placemark>
      <styleUrl>#dados_com_ensaio</styleUrl>
      <Point>
        <coordinates>15.02336300,-9.67686500,0</coordinates>
      </Point>
    </Placemark>
    <Placemark>
      <styleUrl>#dados_com_ensaio</styleUrl>
      <Point>
        <coordinates>15.02333600,-9.67634100,0</coordinates>
      </Point>
    </Placemark>
    <Placemark>
      <styleUrl>#dados_com_ensaio</styleUrl>
      <Point>
        <coordinates>15.02381900,-9.67645800,0</coordinates>
      </Point>
    </Placemark>
    <Placemark>
      <styleUrl>#dados_com_ensaio</styleUrl>
      <Point>
        <coordinates>15.02389200,-9.67672000,0</coordinates>
      </Point>
    </Placemark>
    <Placemark>
      <styleUrl>#dados_com_ensaio</styleUrl>
      <Point>
        <coordinates>15.14445400,-9.69633600,0</coordinates>
      </Point>
    </Placemark>
    <Placemark>
      <styleUrl>#dados_com_ensaio</styleUrl>
      <Point>
        <coordinates>15.14503700,-9.69596500,0</coordinates>
      </Point>
    </Placemark>
    <Placemark>
      <styleUrl>#dados_com_ensaio</styleUrl>
      <Point>
        <coordinates>15.14511900,-9.69640800,0</coordinates>
      </Point>
    </Placemark>
    <Placemark>
      <styleUrl>#dados_com_ensaio</styleUrl>
      <Point>
        <coordinates>15.14466400,-9.69670700,0</coordinates>
      </Point>
    </Placemark>
    <Placemark>
      <styleUrl>#dados_com_ensaio</styleUrl>
      <Point>
        <coordinates>15.23126200,-9.68993000,0</coordinates>
      </Point>
    </Placemark>
    <Placemark>
      <styleUrl>#dados_com_ensaio</styleUrl>
      <Point>
        <coordinates>15.23218300,-9.69000200,0</coordinates>
      </Point>
    </Placemark>
    <Placemark>
      <styleUrl>#dados_com_ensaio</styleUrl>
      <Point>
        <coordinates>15.23045900,-9.68933400,0</coordinates>
      </Point>
    </Placemark>
    <Placemark>
      <styleUrl>#dados_com_ensaio</styleUrl>
      <Point>
        <coordinates>15.23204600,-9.68928700,0</coordinates>
      </Point>
    </Placemark>
    <Placemark>
      <styleUrl>#dados_com_ensaio</styleUrl>
      <Point>
        <coordinates>14.52255500,-9.78796100,0</coordinates>
      </Point>
    </Placemark>
    <Placemark>
      <styleUrl>#dados_com_ensaio</styleUrl>
      <Point>
        <coordinates>14.52352300,-9.78705800,0</coordinates>
      </Point>
    </Placemark>
    <Placemark>
      <styleUrl>#dados_com_ensaio</styleUrl>
      <Point>
        <coordinates>14.52472600,-9.78748500,0</coordinates>
      </Point>
    </Placemark>
    <Placemark>
      <styleUrl>#dados_com_ensaio</styleUrl>
      <Point>
        <coordinates>14.52414000,-9.78865100,0</coordinates>
      </Point>
    </Placemark>
    <Placemark>
      <styleUrl>#dados_com_ensaio</styleUrl>
      <Point>
        <coordinates>14.54146700,-9.81357400,0</coordinates>
      </Point>
    </Placemark>
    <Placemark>
      <styleUrl>#dados_com_ensaio</styleUrl>
      <Point>
        <coordinates>14.54164100,-9.81325800,0</coordinates>
      </Point>
    </Placemark>
    <Placemark>
      <styleUrl>#dados_com_ensaio</styleUrl>
      <Point>
        <coordinates>14.54200500,-9.81381900,0</coordinates>
      </Point>
    </Placemark>
    <Placemark>
      <styleUrl>#dados_com_ensaio</styleUrl>
      <Point>
        <coordinates>14.54278100,-9.81307800,0</coordinates>
      </Point>
    </Placemark>
    <Placemark>
      <styleUrl>#dados_com_ensaio</styleUrl>
      <Point>
        <coordinates>14.57910500,-9.97556300,0</coordinates>
      </Point>
    </Placemark>
    <Placemark>
      <styleUrl>#dados_com_ensaio</styleUrl>
      <Point>
        <coordinates>14.57915100,-9.97532800,0</coordinates>
      </Point>
    </Placemark>
    <Placemark>
      <styleUrl>#dados_com_ensaio</styleUrl>
      <Point>
        <coordinates>14.57932400,-9.97546400,0</coordinates>
      </Point>
    </Placemark>
    <Placemark>
      <styleUrl>#dados_com_ensaio</styleUrl>
      <Point>
        <coordinates>14.57937000,-9.97569000,0</coordinates>
      </Point>
    </Placemark>
    <Placemark>
      <styleUrl>#dados_com_ensaio</styleUrl>
      <Point>
        <coordinates>14.61278500,-8.49559000,0</coordinates>
      </Point>
    </Placemark>
    <Placemark>
      <styleUrl>#dados_com_ensaio</styleUrl>
      <Point>
        <coordinates>14.61298500,-8.49567100,0</coordinates>
      </Point>
    </Placemark>
    <Placemark>
      <styleUrl>#dados_com_ensaio</styleUrl>
      <Point>
        <coordinates>10.87633800,-8.47375700,0</coordinates>
      </Point>
    </Placemark>
    <Placemark>
      <styleUrl>#dados_com_ensaio</styleUrl>
      <Point>
        <coordinates>14.61264900,-8.49552600,0</coordinates>
      </Point>
    </Placemark>
    <Placemark>
      <styleUrl>#dados_com_ensaio</styleUrl>
      <Point>
        <coordinates>16.19335800,-11.30467700,0</coordinates>
      </Point>
    </Placemark>
    <Placemark>
      <styleUrl>#dados_com_ensaio</styleUrl>
      <Point>
        <coordinates>16.19339500,-11.30495800,0</coordinates>
      </Point>
    </Placemark>
    <Placemark>
      <styleUrl>#dados_com_ensaio</styleUrl>
      <Point>
        <coordinates>16.19361300,-11.30445900,0</coordinates>
      </Point>
    </Placemark>
    <Placemark>
      <styleUrl>#dados_com_ensaio</styleUrl>
      <Point>
        <coordinates>16.19371600,-11.30497400,0</coordinates>
      </Point>
    </Placemark>
    <Placemark>
      <styleUrl>#dados_com_ensaio</styleUrl>
      <Point>
        <coordinates>16.18783400,-11.26243700,0</coordinates>
      </Point>
    </Placemark>
    <Placemark>
      <styleUrl>#dados_com_ensaio</styleUrl>
      <Point>
        <coordinates>16.18777800,-11.26232900,0</coordinates>
      </Point>
    </Placemark>
    <Placemark>
      <styleUrl>#dados_com_ensaio</styleUrl>
      <Point>
        <coordinates>16.18758600,-11.26248300,0</coordinates>
      </Point>
    </Placemark>
    <Placemark>
      <styleUrl>#dados_com_ensaio</styleUrl>
      <Point>
        <coordinates>16.18767900,-11.26261900,0</coordinates>
      </Point>
    </Placemark>
    <Placemark>
      <styleUrl>#dados_com_ensaio</styleUrl>
      <Point>
        <coordinates>16.15830300,-11.23081600,0</coordinates>
      </Point>
    </Placemark>
    <Placemark>
      <styleUrl>#dados_com_ensaio</styleUrl>
      <Point>
        <coordinates>16.15833000,-11.23074300,0</coordinates>
      </Point>
    </Placemark>
    <Placemark>
      <styleUrl>#dados_com_ensaio</styleUrl>
      <Point>
        <coordinates>16.15841300,-11.23095100,0</coordinates>
      </Point>
    </Placemark>
    <Placemark>
      <styleUrl>#dados_com_ensaio</styleUrl>
      <Point>
        <coordinates>16.15852300,-11.23080600,0</coordinates>
      </Point>
    </Placemark>
    <Placemark>
      <styleUrl>#dados_com_ensaio</styleUrl>
      <Point>
        <coordinates>16.17945600,-11.18441900,0</coordinates>
      </Point>
    </Placemark>
    <Placemark>
      <styleUrl>#dados_com_ensaio</styleUrl>
      <Point>
        <coordinates>16.17946400,-11.18414800,0</coordinates>
      </Point>
    </Placemark>
    <Placemark>
      <styleUrl>#dados_com_ensaio</styleUrl>
      <Point>
        <coordinates>16.17958400,-11.18428300,0</coordinates>
      </Point>
    </Placemark>
    <Placemark>
      <styleUrl>#dados_com_ensaio</styleUrl>
      <Point>
        <coordinates>16.17929100,-11.18429300,0</coordinates>
      </Point>
    </Placemark>
    <Placemark>
      <styleUrl>#dados_com_ensaio</styleUrl>
      <Point>
        <coordinates>16.16947800,-11.14188800,0</coordinates>
      </Point>
    </Placemark>
    <Placemark>
      <styleUrl>#dados_com_ensaio</styleUrl>
      <Point>
        <coordinates>16.16964200,-11.14169700,0</coordinates>
      </Point>
    </Placemark>
    <Placemark>
      <styleUrl>#dados_com_ensaio</styleUrl>
      <Point>
        <coordinates>16.16987100,-11.14185900,0</coordinates>
      </Point>
    </Placemark>
    <Placemark>
      <styleUrl>#dados_com_ensaio</styleUrl>
      <Point>
        <coordinates>16.16968900,-11.14202300,0</coordinates>
      </Point>
    </Placemark>
    <Placemark>
      <styleUrl>#dados_com_ensaio</styleUrl>
      <Point>
        <coordinates>16.16547700,-11.07047900,0</coordinates>
      </Point>
    </Placemark>
    <Placemark>
      <styleUrl>#dados_com_ensaio</styleUrl>
      <Point>
        <coordinates>16.16542100,-11.07033500,0</coordinates>
      </Point>
    </Placemark>
    <Placemark>
      <styleUrl>#dados_com_ensaio</styleUrl>
      <Point>
        <coordinates>16.16525700,-11.07059800,0</coordinates>
      </Point>
    </Placemark>
    <Placemark>
      <styleUrl>#dados_com_ensaio</styleUrl>
      <Point>
        <coordinates>16.16516500,-11.07039900,0</coordinates>
      </Point>
    </Placemark>
    <Placemark>
      <styleUrl>#dados_com_ensaio</styleUrl>
      <Point>
        <coordinates>16.15229100,-11.00862600,0</coordinates>
      </Point>
    </Placemark>
    <Placemark>
      <styleUrl>#dados_com_ensaio</styleUrl>
      <Point>
        <coordinates>16.15257500,-11.00869800,0</coordinates>
      </Point>
    </Placemark>
    <Placemark>
      <styleUrl>#dados_com_ensaio</styleUrl>
      <Point>
        <coordinates>16.15253800,-11.00849900,0</coordinates>
      </Point>
    </Placemark>
    <Placemark>
      <styleUrl>#dados_com_ensaio</styleUrl>
      <Point>
        <coordinates>16.15225400,-11.00839100,0</coordinates>
      </Point>
    </Placemark>
    <Placemark>
      <styleUrl>#dados_com_ensaio</styleUrl>
      <Point>
        <coordinates>16.12319500,-10.95755500,0</coordinates>
      </Point>
    </Placemark>
    <Placemark>
      <styleUrl>#dados_com_ensaio</styleUrl>
      <Point>
        <coordinates>16.12279100,-10.95731300,0</coordinates>
      </Point>
    </Placemark>
    <Placemark>
      <styleUrl>#dados_com_ensaio</styleUrl>
      <Point>
        <coordinates>16.12257300,-10.95760300,0</coordinates>
      </Point>
    </Placemark>
    <Placemark>
      <styleUrl>#dados_com_ensaio</styleUrl>
      <Point>
        <coordinates>16.12291200,-10.95781000,0</coordinates>
      </Point>
    </Placemark>
    <Placemark>
      <styleUrl>#dados_com_ensaio</styleUrl>
      <Point>
        <coordinates>16.09065900,-10.90869900,0</coordinates>
      </Point>
    </Placemark>
    <Placemark>
      <styleUrl>#dados_com_ensaio</styleUrl>
      <Point>
        <coordinates>16.09087000,-10.90878000,0</coordinates>
      </Point>
    </Placemark>
    <Placemark>
      <styleUrl>#dados_com_ensaio</styleUrl>
      <Point>
        <coordinates>16.09083200,-10.90856300,0</coordinates>
      </Point>
    </Placemark>
    <Placemark>
      <styleUrl>#dados_com_ensaio</styleUrl>
      <Point>
        <coordinates>16.09089700,-10.90872600,0</coordinates>
      </Point>
    </Placemark>
    <Placemark>
      <styleUrl>#dados_com_ensaio</styleUrl>
      <Point>
        <coordinates>16.08823500,-10.83819400,0</coordinates>
      </Point>
    </Placemark>
    <Placemark>
      <styleUrl>#dados_com_ensaio</styleUrl>
      <Point>
        <coordinates>16.08767300,-10.83728300,0</coordinates>
      </Point>
    </Placemark>
    <Placemark>
      <styleUrl>#dados_com_ensaio</styleUrl>
      <Point>
        <coordinates>16.08562600,-10.83772400,0</coordinates>
      </Point>
    </Placemark>
    <Placemark>
      <styleUrl>#dados_com_ensaio</styleUrl>
      <Point>
        <coordinates>16.08701000,-10.83838800,0</coordinates>
      </Point>
    </Placemark>
    <Placemark>
      <styleUrl>#dados_com_ensaio</styleUrl>
      <Point>
        <coordinates>16.10158000,-10.76783200,0</coordinates>
      </Point>
    </Placemark>
    <Placemark>
      <styleUrl>#dados_com_ensaio</styleUrl>
      <Point>
        <coordinates>16.10158900,-10.76759700,0</coordinates>
      </Point>
    </Placemark>
    <Placemark>
      <styleUrl>#dados_com_ensaio</styleUrl>
      <Point>
        <coordinates>16.10132400,-10.76775100,0</coordinates>
      </Point>
    </Placemark>
    <Placemark>
      <styleUrl>#dados_com_ensaio</styleUrl>
      <Point>
        <coordinates>16.10138900,-10.76794100,0</coordinates>
      </Point>
    </Placemark>
    <Placemark>
      <styleUrl>#dados_com_ensaio</styleUrl>
      <Point>
        <coordinates>16.11710800,-10.70796900,0</coordinates>
      </Point>
    </Placemark>
    <Placemark>
      <styleUrl>#dados_com_ensaio</styleUrl>
      <Point>
        <coordinates>16.11707900,-10.70758000,0</coordinates>
      </Point>
    </Placemark>
    <Placemark>
      <styleUrl>#dados_com_ensaio</styleUrl>
      <Point>
        <coordinates>16.11710800,-10.70796900,0</coordinates>
      </Point>
    </Placemark>
    <Placemark>
      <styleUrl>#dados_com_ensaio</styleUrl>
      <Point>
        <coordinates>16.11707900,-10.70758000,0</coordinates>
      </Point>
    </Placemark>
    <Placemark>
      <styleUrl>#dados_com_ensaio</styleUrl>
      <Point>
        <coordinates>16.11740900,-10.70757900,0</coordinates>
      </Point>
    </Placemark>
    <Placemark>
      <styleUrl>#dados_com_ensaio</styleUrl>
      <Point>
        <coordinates>16.11735500,-10.70785000,0</coordinates>
      </Point>
    </Placemark>
    <Placemark>
      <styleUrl>#dados_com_ensaio</styleUrl>
      <Point>
        <coordinates>16.09431100,-10.65617200,0</coordinates>
      </Point>
    </Placemark>
    <Placemark>
      <styleUrl>#dados_com_ensaio</styleUrl>
      <Point>
        <coordinates>16.09406200,-10.65560300,0</coordinates>
      </Point>
    </Placemark>
    <Placemark>
      <styleUrl>#dados_com_ensaio</styleUrl>
      <Point>
        <coordinates>16.09451900,-10.65550200,0</coordinates>
      </Point>
    </Placemark>
    <Placemark>
      <styleUrl>#dados_com_ensaio</styleUrl>
      <Point>
        <coordinates>16.09468500,-10.65577300,0</coordinates>
      </Point>
    </Placemark>
    <Placemark>
      <styleUrl>#dados_com_ensaio</styleUrl>
      <Point>
        <coordinates>16.06856200,-10.62817400,0</coordinates>
      </Point>
    </Placemark>
    <Placemark>
      <styleUrl>#dados_com_ensaio</styleUrl>
      <Point>
        <coordinates>16.06843300,-10.62791200,0</coordinates>
      </Point>
    </Placemark>
    <Placemark>
      <styleUrl>#dados_com_ensaio</styleUrl>
      <Point>
        <coordinates>16.06862400,-10.62779400,0</coordinates>
      </Point>
    </Placemark>
    <Placemark>
      <styleUrl>#dados_com_ensaio</styleUrl>
      <Point>
        <coordinates>16.06890800,-10.62801000,0</coordinates>
      </Point>
    </Placemark>
    <Placemark>
      <styleUrl>#dados_com_ensaio</styleUrl>
      <Point>
        <coordinates>16.03306800,-10.57139500,0</coordinates>
      </Point>
    </Placemark>
    <Placemark>
      <styleUrl>#dados_com_ensaio</styleUrl>
      <Point>
        <coordinates>16.03309500,-10.57118700,0</coordinates>
      </Point>
    </Placemark>
    <Placemark>
      <styleUrl>#dados_com_ensaio</styleUrl>
      <Point>
        <coordinates>16.03333300,-10.57119500,0</coordinates>
      </Point>
    </Placemark>
    <Placemark>
      <styleUrl>#dados_com_ensaio</styleUrl>
      <Point>
        <coordinates>16.03320600,-10.57152100,0</coordinates>
      </Point>
    </Placemark>
    <Placemark>
      <styleUrl>#dados_com_ensaio</styleUrl>
      <Point>
        <coordinates>16.03330600,-10.57134000,0</coordinates>
      </Point>
    </Placemark>
    <Placemark>
      <styleUrl>#dados_com_ensaio</styleUrl>
      <Point>
        <coordinates>16.02071200,-10.54373700,0</coordinates>
      </Point>
    </Placemark>
    <Placemark>
      <styleUrl>#dados_com_ensaio</styleUrl>
      <Point>
        <coordinates>16.02103200,-10.54370900,0</coordinates>
      </Point>
    </Placemark>
    <Placemark>
      <styleUrl>#dados_com_ensaio</styleUrl>
      <Point>
        <coordinates>16.02069300,-10.54354700,0</coordinates>
      </Point>
    </Placemark>
    <Placemark>
      <styleUrl>#dados_com_ensaio</styleUrl>
      <Point>
        <coordinates>16.02085800,-10.54375500,0</coordinates>
      </Point>
    </Placemark>
    <Placemark>
      <styleUrl>#dados_com_ensaio</styleUrl>
      <Point>
        <coordinates>16.02226200,-10.49556900,0</coordinates>
      </Point>
    </Placemark>
    <Placemark>
      <styleUrl>#dados_com_ensaio</styleUrl>
      <Point>
        <coordinates>16.44453300,-11.52133100,0</coordinates>
      </Point>
    </Placemark>
    <Placemark>
      <styleUrl>#dados_com_ensaio</styleUrl>
      <Point>
        <coordinates>16.43520700,-11.56225200,0</coordinates>
      </Point>
    </Placemark>
    <Placemark>
      <styleUrl>#dados_com_ensaio</styleUrl>
      <Point>
        <coordinates>16.41183200,-11.60005900,0</coordinates>
      </Point>
    </Placemark>
    <Placemark>
      <styleUrl>#dados_com_ensaio</styleUrl>
      <Point>
        <coordinates>16.44610400,-11.62733800,0</coordinates>
      </Point>
    </Placemark>
    <Placemark>
      <styleUrl>#dados_com_ensaio</styleUrl>
      <Point>
        <coordinates>16.43744200,-11.65684600,0</coordinates>
      </Point>
    </Placemark>
    <Placemark>
      <styleUrl>#dados_com_ensaio</styleUrl>
      <Point>
        <coordinates>16.41339100,-11.69273200,0</coordinates>
      </Point>
    </Placemark>
    <Placemark>
      <styleUrl>#dados_com_ensaio</styleUrl>
      <Point>
        <coordinates>16.37400300,-11.70247100,0</coordinates>
      </Point>
    </Placemark>
    <Placemark>
      <styleUrl>#dados_com_ensaio</styleUrl>
      <Point>
        <coordinates>16.33440400,-11.71677100,0</coordinates>
      </Point>
    </Placemark>
    <Placemark>
      <styleUrl>#dados_com_ensaio</styleUrl>
      <Point>
        <coordinates>16.29754900,-11.69299000,0</coordinates>
      </Point>
    </Placemark>
    <Placemark>
      <styleUrl>#dados_com_ensaio</styleUrl>
      <Point>
        <coordinates>14.59665900,-14.79768300,0</coordinates>
      </Point>
    </Placemark>
    <Placemark>
      <styleUrl>#dados_com_ensaio</styleUrl>
      <Point>
        <coordinates>14.60471500,-14.79315800,0</coordinates>
      </Point>
    </Placemark>
    <Placemark>
      <styleUrl>#dados_com_ensaio</styleUrl>
      <Point>
        <coordinates>14.61279800,-14.78874100,0</coordinates>
      </Point>
    </Placemark>
    <Placemark>
      <styleUrl>#dados_com_ensaio</styleUrl>
      <Point>
        <coordinates>14.62087100,-14.78422500,0</coordinates>
      </Point>
    </Placemark>
    <Placemark>
      <styleUrl>#dados_com_ensaio</styleUrl>
      <Point>
        <coordinates>14.62897200,-14.77979000,0</coordinates>
      </Point>
    </Placemark>
    <Placemark>
      <styleUrl>#dados_com_ensaio</styleUrl>
      <Point>
        <coordinates>14.63699000,-14.77526400,0</coordinates>
      </Point>
    </Placemark>
    <Placemark>
      <styleUrl>#dados_com_ensaio</styleUrl>
      <Point>
        <coordinates>14.64508100,-14.77080100,0</coordinates>
      </Point>
    </Placemark>
    <Placemark>
      <styleUrl>#dados_com_ensaio</styleUrl>
      <Point>
        <coordinates>14.66117900,-14.76178400,0</coordinates>
      </Point>
    </Placemark>
    <Placemark>
      <styleUrl>#dados_com_ensaio</styleUrl>
      <Point>
        <coordinates>14.66117900,-14.76178400,0</coordinates>
      </Point>
    </Placemark>
    <Placemark>
      <styleUrl>#dados_com_ensaio</styleUrl>
      <Point>
        <coordinates>14.66921300,-14.75723900,0</coordinates>
      </Point>
    </Placemark>
    <Placemark>
      <styleUrl>#dados_com_ensaio</styleUrl>
      <Point>
        <coordinates>14.67648700,-14.75163500,0</coordinates>
      </Point>
    </Placemark>
    <Placemark>
      <styleUrl>#dados_com_ensaio</styleUrl>
      <Point>
        <coordinates>14.68345500,-14.74569500,0</coordinates>
      </Point>
    </Placemark>
    <Placemark>
      <styleUrl>#dados_com_ensaio</styleUrl>
      <Point>
        <coordinates>14.69047800,-14.73981000,0</coordinates>
      </Point>
    </Placemark>
    <Placemark>
      <styleUrl>#dados_com_ensaio</styleUrl>
      <Point>
        <coordinates>14.69738900,-14.73383300,0</coordinates>
      </Point>
    </Placemark>
    <Placemark>
      <styleUrl>#dados_com_ensaio</styleUrl>
      <Point>
        <coordinates>14.70440100,-14.72795700,0</coordinates>
      </Point>
    </Placemark>
    <Placemark>
      <styleUrl>#dados_com_ensaio</styleUrl>
      <Point>
        <coordinates>14.71134900,-14.72198900,0</coordinates>
      </Point>
    </Placemark>
    <Placemark>
      <styleUrl>#dados_com_ensaio</styleUrl>
      <Point>
        <coordinates>14.71837900,-14.71611200,0</coordinates>
      </Point>
    </Placemark>
    <Placemark>
      <styleUrl>#dados_com_ensaio</styleUrl>
      <Point>
        <coordinates>14.72555900,-14.70994500,0</coordinates>
      </Point>
    </Placemark>
    <Placemark>
      <styleUrl>#dados_com_ensaio</styleUrl>
      <Point>
        <coordinates>14.73245800,-14.70416700,0</coordinates>
      </Point>
    </Placemark>
    <Placemark>
      <styleUrl>#dados_com_ensaio</styleUrl>
      <Point>
        <coordinates>14.73951600,-14.69815300,0</coordinates>
      </Point>
    </Placemark>
    <Placemark>
      <styleUrl>#dados_com_ensaio</styleUrl>
      <Point>
        <coordinates>14.74815600,-14.69627300,0</coordinates>
      </Point>
    </Placemark>
    <Placemark>
      <styleUrl>#dados_com_ensaio</styleUrl>
      <Point>
        <coordinates>14.75698200,-14.69474500,0</coordinates>
      </Point>
    </Placemark>
    <Placemark>
      <styleUrl>#dados_com_ensaio</styleUrl>
      <Point>
        <coordinates>14.76111500,-14.68657600,0</coordinates>
      </Point>
    </Placemark>
    <Placemark>
      <styleUrl>#dados_com_ensaio</styleUrl>
      <Point>
        <coordinates>14.76531300,-14.67810900,0</coordinates>
      </Point>
    </Placemark>
    <Placemark>
      <styleUrl>#dados_com_ensaio</styleUrl>
      <Point>
        <coordinates>14.76922200,-14.67040000,0</coordinates>
      </Point>
    </Placemark>
    <Placemark>
      <styleUrl>#dados_com_ensaio</styleUrl>
      <Point>
        <coordinates>14.77337300,-14.66197800,0</coordinates>
      </Point>
    </Placemark>
    <Placemark>
      <styleUrl>#dados_com_ensaio</styleUrl>
      <Point>
        <coordinates>14.77737400,-14.65410700,0</coordinates>
      </Point>
    </Placemark>
    <Placemark>
      <styleUrl>#dados_com_ensaio</styleUrl>
      <Point>
        <coordinates>14.78257300,-14.64699600,0</coordinates>
      </Point>
    </Placemark>
    <Placemark>
      <styleUrl>#dados_com_ensaio</styleUrl>
      <Point>
        <coordinates>14.78402000,-14.63897700,0</coordinates>
      </Point>
    </Placemark>
    <Placemark>
      <styleUrl>#dados_com_ensaio</styleUrl>
      <Point>
        <coordinates>14.78161400,-14.63038600,0</coordinates>
      </Point>
    </Placemark>
    <Placemark>
      <styleUrl>#dados_com_ensaio</styleUrl>
      <Point>
        <coordinates>14.77909800,-14.62104400,0</coordinates>
      </Point>
    </Placemark>
    <Placemark>
      <styleUrl>#dados_com_ensaio</styleUrl>
      <Point>
        <coordinates>14.77673900,-14.61249700,0</coordinates>
      </Point>
    </Placemark>
    <Placemark>
      <styleUrl>#dados_com_ensaio</styleUrl>
      <Point>
        <coordinates>14.77448200,-14.60393300,0</coordinates>
      </Point>
    </Placemark>
    <Placemark>
      <styleUrl>#dados_com_ensaio</styleUrl>
      <Point>
        <coordinates>14.77213200,-14.59545900,0</coordinates>
      </Point>
    </Placemark>
    <Placemark>
      <styleUrl>#dados_com_ensaio</styleUrl>
      <Point>
        <coordinates>14.77017300,-14.58657800,0</coordinates>
      </Point>
    </Placemark>
    <Placemark>
      <styleUrl>#dados_com_ensaio</styleUrl>
      <Point>
        <coordinates>14.76831600,-14.57758900,0</coordinates>
      </Point>
    </Placemark>
    <Placemark>
      <styleUrl>#dados_com_ensaio</styleUrl>
      <Point>
        <coordinates>14.77047000,-14.56898300,0</coordinates>
      </Point>
    </Placemark>
    <Placemark>
      <styleUrl>#dados_com_ensaio</styleUrl>
      <Point>
        <coordinates>14.77267000,-14.55989000,0</coordinates>
      </Point>
    </Placemark>
    <Placemark>
      <styleUrl>#dados_com_ensaio</styleUrl>
      <Point>
        <coordinates>14.77675200,-14.55348300,0</coordinates>
      </Point>
    </Placemark>
    <Placemark>
      <styleUrl>#dados_com_ensaio</styleUrl>
      <Point>
        <coordinates>15.03497100,-14.74864900,0</coordinates>
      </Point>
    </Placemark>
    <Placemark>
      <styleUrl>#dados_com_ensaio</styleUrl>
      <Point>
        <coordinates>15.02937000,-14.75588200,0</coordinates>
      </Point>
    </Placemark>
    <Placemark>
      <styleUrl>#dados_com_ensaio</styleUrl>
      <Point>
        <coordinates>15.02344200,-14.76249200,0</coordinates>
      </Point>
    </Placemark>
    <Placemark>
      <styleUrl>#dados_com_ensaio</styleUrl>
      <Point>
        <coordinates>15.01731100,-14.76936400,0</coordinates>
      </Point>
    </Placemark>
    <Placemark>
      <styleUrl>#dados_com_ensaio</styleUrl>
      <Point>
        <coordinates>15.01520200,-14.77804400,0</coordinates>
      </Point>
    </Placemark>
    <Placemark>
      <styleUrl>#dados_com_ensaio</styleUrl>
      <Point>
        <coordinates>15.01716300,-14.78628100,0</coordinates>
      </Point>
    </Placemark>
    <Placemark>
      <styleUrl>#dados_com_ensaio</styleUrl>
      <Point>
        <coordinates>15.02121600,-14.79388400,0</coordinates>
      </Point>
    </Placemark>
    <Placemark>
      <styleUrl>#dados_com_ensaio</styleUrl>
      <Point>
        <coordinates>15.02155100,-14.80326900,0</coordinates>
      </Point>
    </Placemark>
    <Placemark>
      <styleUrl>#dados_com_ensaio</styleUrl>
      <Point>
        <coordinates>15.02189600,-14.81228300,0</coordinates>
      </Point>
    </Placemark>
    <Placemark>
      <styleUrl>#dados_com_ensaio</styleUrl>
      <Point>
        <coordinates>15.02301200,-14.82124300,0</coordinates>
      </Point>
    </Placemark>
    <Placemark>
      <styleUrl>#dados_com_ensaio</styleUrl>
      <Point>
        <coordinates>15.02489900,-14.82846700,0</coordinates>
      </Point>
    </Placemark>
    <Placemark>
      <styleUrl>#dados_com_ensaio</styleUrl>
      <Point>
        <coordinates>15.03566200,-14.82627800,0</coordinates>
      </Point>
    </Placemark>
    <Placemark>
      <styleUrl>#dados_com_ensaio</styleUrl>
      <Point>
        <coordinates>15.04062600,-14.83224400,0</coordinates>
      </Point>
    </Placemark>
    <Placemark>
      <styleUrl>#dados_com_ensaio</styleUrl>
      <Point>
        <coordinates>15.04374100,-14.84037200,0</coordinates>
      </Point>
    </Placemark>
    <Placemark>
      <styleUrl>#dados_com_ensaio</styleUrl>
      <Point>
        <coordinates>15.04692200,-14.84882500,0</coordinates>
      </Point>
    </Placemark>
    <Placemark>
      <styleUrl>#dados_com_ensaio</styleUrl>
      <Point>
        <coordinates>15.05350500,-14.85565900,0</coordinates>
      </Point>
    </Placemark>
    <Placemark>
      <styleUrl>#dados_com_ensaio</styleUrl>
      <Point>
        <coordinates>15.05954900,-14.86261000,0</coordinates>
      </Point>
    </Placemark>
    <Placemark>
      <styleUrl>#dados_com_ensaio</styleUrl>
      <Point>
        <coordinates>15.06508200,-14.86937100,0</coordinates>
      </Point>
    </Placemark>
    <Placemark>
      <styleUrl>#dados_com_ensaio</styleUrl>
      <Point>
        <coordinates>15.07071700,-14.87642200,0</coordinates>
      </Point>
    </Placemark>
    <Placemark>
      <styleUrl>#dados_com_ensaio</styleUrl>
      <Point>
        <coordinates>15.07854700,-14.88205200,0</coordinates>
      </Point>
    </Placemark>
    <Placemark>
      <styleUrl>#dados_com_ensaio</styleUrl>
      <Point>
        <coordinates>15.08013000,-14.88820000,0</coordinates>
      </Point>
    </Placemark>
    <Placemark>
      <styleUrl>#dados_com_ensaio</styleUrl>
      <Point>
        <coordinates>15.07775300,-14.89649100,0</coordinates>
      </Point>
    </Placemark>
    <Placemark>
      <styleUrl>#dados_com_ensaio</styleUrl>
      <Point>
        <coordinates>15.08000600,-14.90512500,0</coordinates>
      </Point>
    </Placemark>
    <Placemark>
      <styleUrl>#dados_com_ensaio</styleUrl>
      <Point>
        <coordinates>15.08226800,-14.91379500,0</coordinates>
      </Point>
    </Placemark>
    <Placemark>
      <styleUrl>#dados_com_ensaio</styleUrl>
      <Point>
        <coordinates>15.08738500,-14.92031200,0</coordinates>
      </Point>
    </Placemark>
    <Placemark>
      <styleUrl>#dados_com_ensaio</styleUrl>
      <Point>
        <coordinates>15.09465900,-14.92614100,0</coordinates>
      </Point>
    </Placemark>
    <Placemark>
      <styleUrl>#dados_com_ensaio</styleUrl>
      <Point>
        <coordinates>15.10257100,-14.92431100,0</coordinates>
      </Point>
    </Placemark>
    <Placemark>
      <styleUrl>#dados_com_ensaio</styleUrl>
      <Point>
        <coordinates>15.08890700,-11.46462000,0</coordinates>
      </Point>
    </Placemark>
    <Placemark>
      <styleUrl>#dados_com_ensaio</styleUrl>
      <Point>
        <coordinates>15.11190900,-11.43685700,0</coordinates>
      </Point>
    </Placemark>
    <Placemark>
      <styleUrl>#dados_com_ensaio</styleUrl>
      <Point>
        <coordinates>15.12429900,-11.42757300,0</coordinates>
      </Point>
    </Placemark>
    <Placemark>
      <styleUrl>#dados_com_ensaio</styleUrl>
      <Point>
        <coordinates>15.13068400,-11.41575000,0</coordinates>
      </Point>
    </Placemark>
    <Placemark>
      <styleUrl>#dados_com_ensaio</styleUrl>
      <Point>
        <coordinates>15.13917100,-11.39388800,0</coordinates>
      </Point>
    </Placemark>
    <Placemark>
      <styleUrl>#dados_com_ensaio</styleUrl>
      <Point>
        <coordinates>15.13645000,-11.39858300,0</coordinates>
      </Point>
    </Placemark>
    <Placemark>
      <styleUrl>#dados_com_ensaio</styleUrl>
      <Point>
        <coordinates>15.13113600,-11.38208900,0</coordinates>
      </Point>
    </Placemark>
    <Placemark>
      <styleUrl>#dados_com_ensaio</styleUrl>
      <Point>
        <coordinates>15.12213000,-11.37080700,0</coordinates>
      </Point>
    </Placemark>
    <Placemark>
      <styleUrl>#dados_com_ensaio</styleUrl>
      <Point>
        <coordinates>15.11876600,-11.37115200,0</coordinates>
      </Point>
    </Placemark>
    <Placemark>
      <styleUrl>#dados_com_ensaio</styleUrl>
      <Point>
        <coordinates>15.07877900,-11.47765500,0</coordinates>
      </Point>
    </Placemark>
    <Placemark>
      <styleUrl>#dados_com_ensaio</styleUrl>
      <Point>
        <coordinates>15.73411900,-9.46656600,0</coordinates>
      </Point>
    </Placemark>
    <Placemark>
      <styleUrl>#dados_com_ensaio</styleUrl>
      <Point>
        <coordinates>15.73220900,-9.50654500,0</coordinates>
      </Point>
    </Placemark>
    <Placemark>
      <styleUrl>#dados_com_ensaio</styleUrl>
      <Point>
        <coordinates>15.73299100,-9.54841800,0</coordinates>
      </Point>
    </Placemark>
    <Placemark>
      <styleUrl>#dados_com_ensaio</styleUrl>
      <Point>
        <coordinates>15.70472100,-9.58525000,0</coordinates>
      </Point>
    </Placemark>
    <Placemark>
      <styleUrl>#dados_com_ensaio</styleUrl>
      <Point>
        <coordinates>15.66706300,-9.61054900,0</coordinates>
      </Point>
    </Placemark>
    <Placemark>
      <styleUrl>#dados_com_ensaio</styleUrl>
      <Point>
        <coordinates>15.62640700,-9.61510100,0</coordinates>
      </Point>
    </Placemark>
    <Placemark>
      <styleUrl>#dados_com_ensaio</styleUrl>
      <Point>
        <coordinates>15.58290500,-9.62854500,0</coordinates>
      </Point>
    </Placemark>
    <Placemark>
      <styleUrl>#dados_com_ensaio</styleUrl>
      <Point>
        <coordinates>15.54623600,-9.65472500,0</coordinates>
      </Point>
    </Placemark>
    <Placemark>
      <styleUrl>#dados_com_ensaio</styleUrl>
      <Point>
        <coordinates>15.51113200,-9.68227400,0</coordinates>
      </Point>
    </Placemark>
    <Placemark>
      <styleUrl>#dados_com_ensaio</styleUrl>
      <Point>
        <coordinates>15.48020500,-9.71604600,0</coordinates>
      </Point>
    </Placemark>
    <Placemark>
      <styleUrl>#dados_com_ensaio</styleUrl>
      <Point>
        <coordinates>15.44994800,-9.74964200,0</coordinates>
      </Point>
    </Placemark>
    <Placemark>
      <styleUrl>#dados_com_ensaio</styleUrl>
      <Point>
        <coordinates>16.34138400,-9.50842700,0</coordinates>
      </Point>
    </Placemark>
    <Placemark>
      <styleUrl>#dados_com_ensaio</styleUrl>
      <Point>
        <coordinates>16.34164400,-9.50971900,0</coordinates>
      </Point>
    </Placemark>
    <Placemark>
      <styleUrl>#dados_com_ensaio</styleUrl>
      <Point>
        <coordinates>16.34284100,-9.50835800,0</coordinates>
      </Point>
    </Placemark>
    <Placemark>
      <styleUrl>#dados_com_ensaio</styleUrl>
      <Point>
        <coordinates>16.34349400,-8.03331100,0</coordinates>
      </Point>
    </Placemark>
    <Placemark>
      <styleUrl>#dados_com_ensaio</styleUrl>
      <Point>
        <coordinates>16.35823400,-8.02690500,0</coordinates>
      </Point>
    </Placemark>
    <Placemark>
      <styleUrl>#dados_com_ensaio</styleUrl>
      <Point>
        <coordinates>16.34670000,-8.03987400,0</coordinates>
      </Point>
    </Placemark>
    <Placemark>
      <styleUrl>#dados_com_ensaio</styleUrl>
      <Point>
        <coordinates>16.35059600,-8.02741800,0</coordinates>
      </Point>
    </Placemark>
    <Placemark>
      <styleUrl>#dados_com_ensaio</styleUrl>
      <Point>
        <coordinates>16.34816400,-8.02981400,0</coordinates>
      </Point>
    </Placemark>
    <Placemark>
      <styleUrl>#dados_com_ensaio</styleUrl>
      <Point>
        <coordinates>16.42553300,-9.79125600,0</coordinates>
      </Point>
    </Placemark>
    <Placemark>
      <styleUrl>#dados_com_ensaio</styleUrl>
      <Point>
        <coordinates>16.15671900,-8.35558000,0</coordinates>
      </Point>
    </Placemark>
    <Placemark>
      <styleUrl>#dados_com_ensaio</styleUrl>
      <Point>
        <coordinates>15.60477600,-9.62247500,0</coordinates>
      </Point>
    </Placemark>
    <Placemark>
      <styleUrl>#dados_com_ensaio</styleUrl>
      <Point>
        <coordinates>16.16070900,-8.35348000,0</coordinates>
      </Point>
    </Placemark>
    <Placemark>
      <styleUrl>#dados_com_ensaio</styleUrl>
      <Point>
        <coordinates>16.71885900,-9.39359000,0</coordinates>
      </Point>
    </Placemark>
    <Placemark>
      <styleUrl>#dados_com_ensaio</styleUrl>
      <Point>
        <coordinates>16.47726500,-8.92407500,0</coordinates>
      </Point>
    </Placemark>
    <Placemark>
      <styleUrl>#dados_com_ensaio</styleUrl>
      <Point>
        <coordinates>16.47270300,-9.58523400,0</coordinates>
      </Point>
    </Placemark>
    <Placemark>
      <styleUrl>#dados_com_ensaio</styleUrl>
      <Point>
        <coordinates>16.47265800,-9.58534300,0</coordinates>
      </Point>
    </Placemark>
    <Placemark>
      <styleUrl>#dados_com_ensaio</styleUrl>
      <Point>
        <coordinates>16.47295800,-9.58534200,0</coordinates>
      </Point>
    </Placemark>
    <Placemark>
      <styleUrl>#dados_com_ensaio</styleUrl>
      <Point>
        <coordinates>16.47297700,-9.58554000,0</coordinates>
      </Point>
    </Placemark>
    <Placemark>
      <styleUrl>#dados_com_ensaio</styleUrl>
      <Point>
        <coordinates>16.52176900,-9.61551100,0</coordinates>
      </Point>
    </Placemark>
    <Placemark>
      <styleUrl>#dados_com_ensaio</styleUrl>
      <Point>
        <coordinates>16.52121100,-9.61512500,0</coordinates>
      </Point>
    </Placemark>
    <Placemark>
      <styleUrl>#dados_com_ensaio</styleUrl>
      <Point>
        <coordinates>16.52105300,-9.61638200,0</coordinates>
      </Point>
    </Placemark>
    <Placemark>
      <styleUrl>#dados_com_ensaio</styleUrl>
      <Point>
        <coordinates>16.52138800,-9.61598300,0</coordinates>
      </Point>
    </Placemark>
    <Placemark>
      <styleUrl>#dados_com_ensaio</styleUrl>
      <Point>
        <coordinates>16.62576800,-9.63290300,0</coordinates>
      </Point>
    </Placemark>
    <Placemark>
      <styleUrl>#dados_com_ensaio</styleUrl>
      <Point>
        <coordinates>16.62569600,-9.63295800,0</coordinates>
      </Point>
    </Placemark>
    <Placemark>
      <styleUrl>#dados_com_ensaio</styleUrl>
      <Point>
        <coordinates>16.62605000,-9.63277500,0</coordinates>
      </Point>
    </Placemark>
    <Placemark>
      <styleUrl>#dados_com_ensaio</styleUrl>
      <Point>
        <coordinates>16.62608800,-9.63299200,0</coordinates>
      </Point>
    </Placemark>
    <Placemark>
      <styleUrl>#dados_com_ensaio</styleUrl>
      <Point>
        <coordinates>16.63282800,-9.63464200,0</coordinates>
      </Point>
    </Placemark>
    <Placemark>
      <styleUrl>#dados_com_ensaio</styleUrl>
      <Point>
        <coordinates>16.63299200,-9.63461400,0</coordinates>
      </Point>
    </Placemark>
    <Placemark>
      <styleUrl>#dados_com_ensaio</styleUrl>
      <Point>
        <coordinates>16.63282000,-9.63478600,0</coordinates>
      </Point>
    </Placemark>
    <Placemark>
      <styleUrl>#dados_com_ensaio</styleUrl>
      <Point>
        <coordinates>16.63303800,-9.63469500,0</coordinates>
      </Point>
    </Placemark>
    <Placemark>
      <styleUrl>#dados_com_ensaio</styleUrl>
      <Point>
        <coordinates>16.87020400,-9.78303300,0</coordinates>
      </Point>
    </Placemark>
    <Placemark>
      <styleUrl>#dados_com_ensaio</styleUrl>
      <Point>
        <coordinates>16.87170100,-9.78357600,0</coordinates>
      </Point>
    </Placemark>
    <Placemark>
      <styleUrl>#dados_com_ensaio</styleUrl>
      <Point>
        <coordinates>16.87121500,-9.78290100,0</coordinates>
      </Point>
    </Placemark>
    <Placemark>
      <styleUrl>#dados_com_ensaio</styleUrl>
      <Point>
        <coordinates>16.87061500,-9.78331100,0</coordinates>
      </Point>
    </Placemark>
    <Placemark>
      <styleUrl>#dados_com_ensaio</styleUrl>
      <Point>
        <coordinates>16.89886300,-9.80480500,0</coordinates>
      </Point>
    </Placemark>
    <Placemark>
      <styleUrl>#dados_com_ensaio</styleUrl>
      <Point>
        <coordinates>16.89859900,-9.80485100,0</coordinates>
      </Point>
    </Placemark>
    <Placemark>
      <styleUrl>#dados_com_ensaio</styleUrl>
      <Point>
        <coordinates>16.89866300,-9.80499600,0</coordinates>
      </Point>
    </Placemark>
    <Placemark>
      <styleUrl>#dados_com_ensaio</styleUrl>
      <Point>
        <coordinates>16.89887300,-9.80493100,0</coordinates>
      </Point>
    </Placemark>
    <Placemark>
      <styleUrl>#dados_com_ensaio</styleUrl>
      <Point>
        <coordinates>16.95452100,-9.84167800,0</coordinates>
      </Point>
    </Placemark>
    <Placemark>
      <styleUrl>#dados_com_ensaio</styleUrl>
      <Point>
        <coordinates>16.95488700,-9.84185600,0</coordinates>
      </Point>
    </Placemark>
    <Placemark>
      <styleUrl>#dados_com_ensaio</styleUrl>
      <Point>
        <coordinates>16.95457700,-9.84184000,0</coordinates>
      </Point>
    </Placemark>
    <Placemark>
      <styleUrl>#dados_com_ensaio</styleUrl>
      <Point>
        <coordinates>16.95474900,-9.84174900,0</coordinates>
      </Point>
    </Placemark>
    <Placemark>
      <styleUrl>#dados_com_ensaio</styleUrl>
      <Point>
        <coordinates>17.05039600,-9.92050000,0</coordinates>
      </Point>
    </Placemark>
    <Placemark>
      <styleUrl>#dados_com_ensaio</styleUrl>
      <Point>
        <coordinates>17.05023900,-9.92024800,0</coordinates>
      </Point>
    </Placemark>
    <Placemark>
      <styleUrl>#dados_com_ensaio</styleUrl>
      <Point>
        <coordinates>17.05061300,-9.92028200,0</coordinates>
      </Point>
    </Placemark>
    <Placemark>
      <styleUrl>#dados_com_ensaio</styleUrl>
      <Point>
        <coordinates>17.05020400,-9.92040200,0</coordinates>
      </Point>
    </Placemark>
    <Placemark>
      <styleUrl>#dados_com_ensaio</styleUrl>
      <Point>
        <coordinates>14.54036400,-9.66704400,0</coordinates>
      </Point>
    </Placemark>
    <Placemark>
      <styleUrl>#dados_com_ensaio</styleUrl>
      <Point>
        <coordinates>14.54097500,-9.66678200,0</coordinates>
      </Point>
    </Placemark>
    <Placemark>
      <styleUrl>#dados_com_ensaio</styleUrl>
      <Point>
        <coordinates>14.54115700,-9.66719900,0</coordinates>
      </Point>
    </Placemark>
    <Placemark>
      <styleUrl>#dados_com_ensaio</styleUrl>
      <Point>
        <coordinates>14.54070100,-9.66728800,0</coordinates>
      </Point>
    </Placemark>
    <Placemark>
      <styleUrl>#dados_com_ensaio</styleUrl>
      <Point>
        <coordinates>14.55937000,-9.66611000,0</coordinates>
      </Point>
    </Placemark>
    <Placemark>
      <styleUrl>#dados_com_ensaio</styleUrl>
      <Point>
        <coordinates>14.55944300,-9.66627300,0</coordinates>
      </Point>
    </Placemark>
    <Placemark>
      <styleUrl>#dados_com_ensaio</styleUrl>
      <Point>
        <coordinates>14.55911500,-9.66610100,0</coordinates>
      </Point>
    </Placemark>
    <Placemark>
      <styleUrl>#dados_com_ensaio</styleUrl>
      <Point>
        <coordinates>14.55915100,-9.66627200,0</coordinates>
      </Point>
    </Placemark>
    <Placemark>
      <styleUrl>#dados_com_ensaio</styleUrl>
      <Point>
        <coordinates>14.63309400,-9.67316100,0</coordinates>
      </Point>
    </Placemark>
    <Placemark>
      <styleUrl>#dados_com_ensaio</styleUrl>
      <Point>
        <coordinates>14.63318600,-9.67311600,0</coordinates>
      </Point>
    </Placemark>
    <Placemark>
      <styleUrl>#dados_com_ensaio</styleUrl>
      <Point>
        <coordinates>14.63324900,-9.67319700,0</coordinates>
      </Point>
    </Placemark>
    <Placemark>
      <styleUrl>#dados_com_ensaio</styleUrl>
      <Point>
        <coordinates>14.63314900,-9.67324200,0</coordinates>
      </Point>
    </Placemark>
    <Placemark>
      <styleUrl>#dados_com_ensaio</styleUrl>
      <Point>
        <coordinates>14.69641600,-9.68641900,0</coordinates>
      </Point>
    </Placemark>
    <Placemark>
      <styleUrl>#dados_com_ensaio</styleUrl>
      <Point>
        <coordinates>14.69661700,-9.68636500,0</coordinates>
      </Point>
    </Placemark>
    <Placemark>
      <styleUrl>#dados_com_ensaio</styleUrl>
      <Point>
        <coordinates>14.69618800,-9.68655400,0</coordinates>
      </Point>
    </Placemark>
    <Placemark>
      <styleUrl>#dados_com_ensaio</styleUrl>
      <Point>
        <coordinates>14.69675300,-9.68662700,0</coordinates>
      </Point>
    </Placemark>
    <Placemark>
      <styleUrl>#dados_com_ensaio</styleUrl>
      <Point>
        <coordinates>14.75180200,-9.68758500,0</coordinates>
      </Point>
    </Placemark>
    <Placemark>
      <styleUrl>#dados_com_ensaio</styleUrl>
      <Point>
        <coordinates>14.75100000,-9.68823500,0</coordinates>
      </Point>
    </Placemark>
    <Placemark>
      <styleUrl>#dados_com_ensaio</styleUrl>
      <Point>
        <coordinates>14.75080000,-9.68773800,0</coordinates>
      </Point>
    </Placemark>
    <Placemark>
      <styleUrl>#dados_com_ensaio</styleUrl>
      <Point>
        <coordinates>14.75203000,-9.68796500,0</coordinates>
      </Point>
    </Placemark>
    <Placemark>
      <styleUrl>#dados_com_ensaio</styleUrl>
      <Point>
        <coordinates>14.83150600,-9.66205500,0</coordinates>
      </Point>
    </Placemark>
    <Placemark>
      <styleUrl>#dados_com_ensaio</styleUrl>
      <Point>
        <coordinates>14.83141500,-9.66165700,0</coordinates>
      </Point>
    </Placemark>
    <Placemark>
      <styleUrl>#dados_com_ensaio</styleUrl>
      <Point>
        <coordinates>14.83193400,-9.66188300,0</coordinates>
      </Point>
    </Placemark>
    <Placemark>
      <styleUrl>#dados_com_ensaio</styleUrl>
      <Point>
        <coordinates>14.83122300,-9.66180100,0</coordinates>
      </Point>
    </Placemark>
    <Placemark>
      <styleUrl>#dados_com_ensaio</styleUrl>
      <Point>
        <coordinates>14.92652500,-9.64822200,0</coordinates>
      </Point>
    </Placemark>
    <Placemark>
      <styleUrl>#dados_com_ensaio</styleUrl>
      <Point>
        <coordinates>14.92675300,-9.64820400,0</coordinates>
      </Point>
    </Placemark>
    <Placemark>
      <styleUrl>#dados_com_ensaio</styleUrl>
      <Point>
        <coordinates>14.92655300,-9.64834900,0</coordinates>
      </Point>
    </Placemark>
    <Placemark>
      <styleUrl>#dados_com_ensaio</styleUrl>
      <Point>
        <coordinates>14.92680800,-9.64832200,0</coordinates>
      </Point>
    </Placemark>
    <Placemark>
      <styleUrl>#dados_com_ensaio</styleUrl>
      <Point>
        <coordinates>15.02336300,-9.67686500,0</coordinates>
      </Point>
    </Placemark>
    <Placemark>
      <styleUrl>#dados_com_ensaio</styleUrl>
      <Point>
        <coordinates>15.02371900,-9.67663900,0</coordinates>
      </Point>
    </Placemark>
    <Placemark>
      <styleUrl>#dados_com_ensaio</styleUrl>
      <Point>
        <coordinates>15.02392800,-9.67682900,0</coordinates>
      </Point>
    </Placemark>
    <Placemark>
      <styleUrl>#dados_com_ensaio</styleUrl>
      <Point>
        <coordinates>15.02371000,-9.67693800,0</coordinates>
      </Point>
    </Placemark>
    <Placemark>
      <styleUrl>#dados_com_ensaio</styleUrl>
      <Point>
        <coordinates>15.14445400,-9.69633600,0</coordinates>
      </Point>
    </Placemark>
    <Placemark>
      <styleUrl>#dados_com_ensaio</styleUrl>
      <Point>
        <coordinates>15.14469100,-9.69635400,0</coordinates>
      </Point>
    </Placemark>
    <Placemark>
      <styleUrl>#dados_com_ensaio</styleUrl>
      <Point>
        <coordinates>15.14466300,-9.69596500,0</coordinates>
      </Point>
    </Placemark>
    <Placemark>
      <styleUrl>#dados_com_ensaio</styleUrl>
      <Point>
        <coordinates>15.14563900,-9.69644400,0</coordinates>
      </Point>
    </Placemark>
    <Placemark>
      <styleUrl>#dados_com_ensaio</styleUrl>
      <Point>
        <coordinates>15.23126200,-9.68993000,0</coordinates>
      </Point>
    </Placemark>
    <Placemark>
      <styleUrl>#dados_com_ensaio</styleUrl>
      <Point>
        <coordinates>15.23249300,-9.69010100,0</coordinates>
      </Point>
    </Placemark>
    <Placemark>
      <styleUrl>#dados_com_ensaio</styleUrl>
      <Point>
        <coordinates>15.23127100,-9.69018300,0</coordinates>
      </Point>
    </Placemark>
    <Placemark>
      <styleUrl>#dados_com_ensaio</styleUrl>
      <Point>
        <coordinates>15.23181800,-9.68986600,0</coordinates>
      </Point>
    </Placemark>
    <Placemark>
      <styleUrl>#dados_com_ensaio</styleUrl>
      <Point>
        <coordinates>13.22048700,-8.83755600,0</coordinates>
      </Point>
    </Placemark>
    <Placemark>
      <styleUrl>#dados_com_ensaio</styleUrl>
      <Point>
        <coordinates>13.26077600,-8.84283600,0</coordinates>
      </Point>
    </Placemark>
    <Placemark>
      <styleUrl>#dados_com_ensaio</styleUrl>
      <Point>
        <coordinates>13.26076700,-8.84295300,0</coordinates>
      </Point>
    </Placemark>
    <Placemark>
      <styleUrl>#dados_com_ensaio</styleUrl>
      <Point>
        <coordinates>13.19240200,-8.90037400,0</coordinates>
      </Point>
    </Placemark>
    <Placemark>
      <styleUrl>#dados_com_ensaio</styleUrl>
      <Point>
        <coordinates>13.19232800,-8.90048200,0</coordinates>
      </Point>
    </Placemark>
    <Placemark>
      <styleUrl>#dados_com_ensaio</styleUrl>
      <Point>
        <coordinates>13.38886300,-8.76741300,0</coordinates>
      </Point>
    </Placemark>
    <Placemark>
      <styleUrl>#dados_com_ensaio</styleUrl>
      <Point>
        <coordinates>13.38878400,-8.76774500,0</coordinates>
      </Point>
    </Placemark>
    <Placemark>
      <styleUrl>#dados_com_ensaio</styleUrl>
      <Point>
        <coordinates>13.38908500,-8.76766700,0</coordinates>
      </Point>
    </Placemark>
    <Placemark>
      <styleUrl>#dados_com_ensaio</styleUrl>
      <Point>
        <coordinates>15.07375500,-14.92328200,0</coordinates>
      </Point>
    </Placemark>
    <Placemark>
      <styleUrl>#dados_com_ensaio</styleUrl>
      <Point>
        <coordinates>13.28445700,-8.95183500,0</coordinates>
      </Point>
    </Placemark>
    <Placemark>
      <styleUrl>#dados_com_ensaio</styleUrl>
      <Point>
        <coordinates>13.28575400,-8.95294700,0</coordinates>
      </Point>
    </Placemark>
    <Placemark>
      <styleUrl>#dados_com_ensaio</styleUrl>
      <Point>
        <coordinates>13.28545300,-8.95353100,0</coordinates>
      </Point>
    </Placemark>
    <Placemark>
      <styleUrl>#dados_com_ensaio</styleUrl>
      <Point>
        <coordinates>13.28552400,-8.95425100,0</coordinates>
      </Point>
    </Placemark>
    <Placemark>
      <styleUrl>#dados_com_ensaio</styleUrl>
      <Point>
        <coordinates>13.28442200,-8.95393900,0</coordinates>
      </Point>
    </Placemark>
    <Placemark>
      <styleUrl>#dados_com_ensaio</styleUrl>
      <Point>
        <coordinates>13.28396500,-8.95335200,0</coordinates>
      </Point>
    </Placemark>
    <Placemark>
      <styleUrl>#dados_com_ensaio</styleUrl>
      <Point>
        <coordinates>13.73057600,-8.39677500,0</coordinates>
      </Point>
    </Placemark>
    <Placemark>
      <styleUrl>#dados_com_ensaio</styleUrl>
      <Point>
        <coordinates>13.73057600,-8.39677500,0</coordinates>
      </Point>
    </Placemark>
    <Placemark>
      <styleUrl>#dados_com_ensaio</styleUrl>
      <Point>
        <coordinates>13.73079000,-8.39644000,0</coordinates>
      </Point>
    </Placemark>
    <Placemark>
      <styleUrl>#dados_com_ensaio</styleUrl>
      <Point>
        <coordinates>13.73079000,-8.39644000,0</coordinates>
      </Point>
    </Placemark>
    <Placemark>
      <styleUrl>#dados_com_ensaio</styleUrl>
      <Point>
        <coordinates>13.80484400,-8.33678600,0</coordinates>
      </Point>
    </Placemark>
    <Placemark>
      <styleUrl>#dados_com_ensaio</styleUrl>
      <Point>
        <coordinates>13.80484400,-8.33678600,0</coordinates>
      </Point>
    </Placemark>
    <Placemark>
      <styleUrl>#dados_com_ensaio</styleUrl>
      <Point>
        <coordinates>13.80509100,-8.33677400,0</coordinates>
      </Point>
    </Placemark>
    <Placemark>
      <styleUrl>#dados_com_ensaio</styleUrl>
      <Point>
        <coordinates>13.80509100,-8.33677400,0</coordinates>
      </Point>
    </Placemark>
    <Placemark>
      <styleUrl>#dados_com_ensaio</styleUrl>
      <Point>
        <coordinates>15.73411900,-9.46656600,0</coordinates>
      </Point>
    </Placemark>
    <Placemark>
      <styleUrl>#dados_com_ensaio</styleUrl>
      <Point>
        <coordinates>15.73220900,-9.50654500,0</coordinates>
      </Point>
    </Placemark>
    <Placemark>
      <styleUrl>#dados_com_ensaio</styleUrl>
      <Point>
        <coordinates>15.73299100,-9.54841800,0</coordinates>
      </Point>
    </Placemark>
    <Placemark>
      <styleUrl>#dados_com_ensaio</styleUrl>
      <Point>
        <coordinates>15.70472100,-9.58525000,0</coordinates>
      </Point>
    </Placemark>
    <Placemark>
      <styleUrl>#dados_com_ensaio</styleUrl>
      <Point>
        <coordinates>15.66706300,-9.61054900,0</coordinates>
      </Point>
    </Placemark>
    <Placemark>
      <styleUrl>#dados_com_ensaio</styleUrl>
      <Point>
        <coordinates>15.62640700,-9.61510100,0</coordinates>
      </Point>
    </Placemark>
    <Placemark>
      <styleUrl>#dados_com_ensaio</styleUrl>
      <Point>
        <coordinates>15.58290500,-9.62854500,0</coordinates>
      </Point>
    </Placemark>
    <Placemark>
      <styleUrl>#dados_com_ensaio</styleUrl>
      <Point>
        <coordinates>15.54623600,-9.65472500,0</coordinates>
      </Point>
    </Placemark>
    <Placemark>
      <styleUrl>#dados_com_ensaio</styleUrl>
      <Point>
        <coordinates>15.51113200,-9.68227400,0</coordinates>
      </Point>
    </Placemark>
    <Placemark>
      <styleUrl>#dados_com_ensaio</styleUrl>
      <Point>
        <coordinates>15.48020500,-9.71604600,0</coordinates>
      </Point>
    </Placemark>
    <Placemark>
      <styleUrl>#dados_com_ensaio</styleUrl>
      <Point>
        <coordinates>15.44994800,-9.74964200,0</coordinates>
      </Point>
    </Placemark>
    <Placemark>
      <styleUrl>#dados_com_ensaio</styleUrl>
      <Point>
        <coordinates>13.38643700,-8.91385800,0</coordinates>
      </Point>
    </Placemark>
    <Placemark>
      <styleUrl>#dados_com_ensaio</styleUrl>
      <Point>
        <coordinates>13.38665300,-8.91420000,0</coordinates>
      </Point>
    </Placemark>
    <Placemark>
      <styleUrl>#dados_com_ensaio</styleUrl>
      <Point>
        <coordinates>13.38629100,-8.91423100,0</coordinates>
      </Point>
    </Placemark>
    <Placemark>
      <styleUrl>#dados_com_ensaio</styleUrl>
      <Point>
        <coordinates>13.38649400,-8.91454400,0</coordinates>
      </Point>
    </Placemark>
    <Placemark>
      <styleUrl>#dados_com_ensaio</styleUrl>
      <Point>
        <coordinates>13.85786400,-9.15423500,0</coordinates>
      </Point>
    </Placemark>
    <Placemark>
      <styleUrl>#dados_com_ensaio</styleUrl>
      <Point>
        <coordinates>16.27626300,-14.65704900,0</coordinates>
      </Point>
    </Placemark>
    <Placemark>
      <styleUrl>#dados_com_ensaio</styleUrl>
      <Point>
        <coordinates>16.27248500,-14.67341300,0</coordinates>
      </Point>
    </Placemark>
    <Placemark>
      <styleUrl>#dados_com_ensaio</styleUrl>
      <Point>
        <coordinates>16.27531400,-14.69361900,0</coordinates>
      </Point>
    </Placemark>
    <Placemark>
      <styleUrl>#dados_com_ensaio</styleUrl>
      <Point>
        <coordinates>16.27637000,-14.79679000,0</coordinates>
      </Point>
    </Placemark>
    <Placemark>
      <styleUrl>#dados_com_ensaio</styleUrl>
      <Point>
        <coordinates>16.24150200,-14.67066100,0</coordinates>
      </Point>
    </Placemark>
    <Placemark>
      <styleUrl>#dados_com_ensaio</styleUrl>
      <Point>
        <coordinates>16.20865600,-14.91518400,0</coordinates>
      </Point>
    </Placemark>
    <Placemark>
      <styleUrl>#dados_com_ensaio</styleUrl>
      <Point>
        <coordinates>16.12281000,-15.04660700,0</coordinates>
      </Point>
    </Placemark>
    <Placemark>
      <styleUrl>#dados_com_ensaio</styleUrl>
      <Point>
        <coordinates>16.09526500,-15.09361300,0</coordinates>
      </Point>
    </Placemark>
    <Placemark>
      <styleUrl>#dados_com_ensaio</styleUrl>
      <Point>
        <coordinates>16.08834400,-15.17958700,0</coordinates>
      </Point>
    </Placemark>
    <Placemark>
      <styleUrl>#dados_com_ensaio</styleUrl>
      <Point>
        <coordinates>16.06244700,-15.22012700,0</coordinates>
      </Point>
    </Placemark>
    <Placemark>
      <styleUrl>#dados_com_ensaio</styleUrl>
      <Point>
        <coordinates>16.03639600,-15.24639100,0</coordinates>
      </Point>
    </Placemark>
    <Placemark>
      <styleUrl>#dados_com_ensaio</styleUrl>
      <Point>
        <coordinates>15.99659600,-15.30258200,0</coordinates>
      </Point>
    </Placemark>
    <Placemark>
      <styleUrl>#dados_com_ensaio</styleUrl>
      <Point>
        <coordinates>15.95025800,-15.41939800,0</coordinates>
      </Point>
    </Placemark>
    <Placemark>
      <styleUrl>#dados_com_ensaio</styleUrl>
      <Point>
        <coordinates>14.83397000,-8.49759600,0</coordinates>
      </Point>
    </Placemark>
    <Placemark>
      <styleUrl>#dados_com_ensaio</styleUrl>
      <Point>
        <coordinates>14.91804800,-8.52518500,0</coordinates>
      </Point>
    </Placemark>
    <Placemark>
      <styleUrl>#dados_com_ensaio</styleUrl>
      <Point>
        <coordinates>13.76502600,-9.13030100,0</coordinates>
      </Point>
    </Placemark>
    <Placemark>
      <styleUrl>#dados_com_ensaio</styleUrl>
      <Point>
        <coordinates>14.42097400,-9.66299200,0</coordinates>
      </Point>
    </Placemark>
    <Placemark>
      <styleUrl>#dados_com_ensaio</styleUrl>
      <Point>
        <coordinates>14.41566900,-9.66804800,0</coordinates>
      </Point>
    </Placemark>
    <Placemark>
      <styleUrl>#dados_com_ensaio</styleUrl>
      <Point>
        <coordinates>14.41011500,-9.67505700,0</coordinates>
      </Point>
    </Placemark>
    <Placemark>
      <styleUrl>#dados_com_ensaio</styleUrl>
      <Point>
        <coordinates>14.41011500,-9.67505700,0</coordinates>
      </Point>
    </Placemark>
    <Placemark>
      <styleUrl>#dados_com_ensaio</styleUrl>
      <Point>
        <coordinates>14.40225700,-9.67565000,0</coordinates>
      </Point>
    </Placemark>
    <Placemark>
      <styleUrl>#dados_com_ensaio</styleUrl>
      <Point>
        <coordinates>14.39328700,-9.67625800,0</coordinates>
      </Point>
    </Placemark>
    <Placemark>
      <styleUrl>#dados_com_ensaio</styleUrl>
      <Point>
        <coordinates>14.38736400,-9.67523400,0</coordinates>
      </Point>
    </Placemark>
    <Placemark>
      <styleUrl>#dados_com_ensaio</styleUrl>
      <Point>
        <coordinates>14.38690800,-9.67523400,0</coordinates>
      </Point>
    </Placemark>
    <Placemark>
      <styleUrl>#dados_com_ensaio</styleUrl>
      <Point>
        <coordinates>14.42444100,-9.65562700,0</coordinates>
      </Point>
    </Placemark>
    <Placemark>
      <styleUrl>#dados_com_ensaio</styleUrl>
      <Point>
        <coordinates>14.42415600,-9.65673900,0</coordinates>
      </Point>
    </Placemark>
    <Placemark>
      <styleUrl>#dados_com_ensaio</styleUrl>
      <Point>
        <coordinates>14.42516000,-9.65581800,0</coordinates>
      </Point>
    </Placemark>
    <Placemark>
      <styleUrl>#dados_com_ensaio</styleUrl>
      <Point>
        <coordinates>14.42505000,-9.65662300,0</coordinates>
      </Point>
    </Placemark>
    <Placemark>
      <styleUrl>#dados_com_ensaio</styleUrl>
      <Point>
        <coordinates>15.58745800,-7.90783900,0</coordinates>
      </Point>
    </Placemark>
    <Placemark>
      <styleUrl>#dados_com_ensaio</styleUrl>
      <Point>
        <coordinates>15.58756700,-7.90779400,0</coordinates>
      </Point>
    </Placemark>
    <Placemark>
      <styleUrl>#dados_com_ensaio</styleUrl>
      <Point>
        <coordinates>15.57630500,-7.90506900,0</coordinates>
      </Point>
    </Placemark>
    <Placemark>
      <styleUrl>#dados_com_ensaio</styleUrl>
      <Point>
        <coordinates>15.57623300,-7.90506900,0</coordinates>
      </Point>
    </Placemark>
    <Placemark>
      <styleUrl>#dados_com_ensaio</styleUrl>
      <Point>
        <coordinates>15.60644100,-7.88585000,0</coordinates>
      </Point>
    </Placemark>
    <Placemark>
      <styleUrl>#dados_com_ensaio</styleUrl>
      <Point>
        <coordinates>15.60596000,-7.88562500,0</coordinates>
      </Point>
    </Placemark>
    <Placemark>
      <styleUrl>#dados_com_ensaio</styleUrl>
      <Point>
        <coordinates>15.26139500,-9.28705500,0</coordinates>
      </Point>
    </Placemark>
    <Placemark>
      <styleUrl>#dados_com_ensaio</styleUrl>
      <Point>
        <coordinates>15.26284000,-9.28419600,0</coordinates>
      </Point>
    </Placemark>
    <Placemark>
      <styleUrl>#dados_com_ensaio</styleUrl>
      <Point>
        <coordinates>15.26128200,-9.30702600,0</coordinates>
      </Point>
    </Placemark>
    <Placemark>
      <styleUrl>#dados_com_ensaio</styleUrl>
      <Point>
        <coordinates>15.25970400,-9.31602700,0</coordinates>
      </Point>
    </Placemark>
    <Placemark>
      <styleUrl>#dados_com_ensaio</styleUrl>
      <Point>
        <coordinates>14.21716100,-10.93331600,0</coordinates>
      </Point>
    </Placemark>
    <Placemark>
      <styleUrl>#dados_com_ensaio</styleUrl>
      <Point>
        <coordinates>14.24678200,-10.98435800,0</coordinates>
      </Point>
    </Placemark>
    <Placemark>
      <styleUrl>#dados_com_ensaio</styleUrl>
      <Point>
        <coordinates>13.39922200,-8.96852800,0</coordinates>
      </Point>
    </Placemark>
    <Placemark>
      <styleUrl>#dados_com_ensaio</styleUrl>
      <Point>
        <coordinates>13.39939400,-8.96864600,0</coordinates>
      </Point>
    </Placemark>
    <Placemark>
      <styleUrl>#dados_com_ensaio</styleUrl>
      <Point>
        <coordinates>13.53994000,-9.16762400,0</coordinates>
      </Point>
    </Placemark>
    <Placemark>
      <styleUrl>#dados_com_ensaio</styleUrl>
      <Point>
        <coordinates>13.53200600,-9.16301600,0</coordinates>
      </Point>
    </Placemark>
    <Placemark>
      <styleUrl>#dados_com_ensaio</styleUrl>
      <Point>
        <coordinates>13.52410000,-9.15847200,0</coordinates>
      </Point>
    </Placemark>
    <Placemark>
      <styleUrl>#dados_com_ensaio</styleUrl>
      <Point>
        <coordinates>13.51400400,-9.14659500,0</coordinates>
      </Point>
    </Placemark>
    <Placemark>
      <styleUrl>#dados_com_ensaio</styleUrl>
      <Point>
        <coordinates>13.50891600,-9.16219900,0</coordinates>
      </Point>
    </Placemark>
    <Placemark>
      <styleUrl>#dados_com_ensaio</styleUrl>
      <Point>
        <coordinates>13.50925700,-9.16326700,0</coordinates>
      </Point>
    </Placemark>
    <Placemark>
      <styleUrl>#dados_com_ensaio</styleUrl>
      <Point>
        <coordinates>13.51022300,-9.16307200,0</coordinates>
      </Point>
    </Placemark>
    <Placemark>
      <styleUrl>#dados_com_ensaio</styleUrl>
      <Point>
        <coordinates>13.50982600,-9.16227500,0</coordinates>
      </Point>
    </Placemark>
    <Placemark>
      <styleUrl>#dados_com_ensaio</styleUrl>
      <Point>
        <coordinates>17.46483600,-15.72449100,0</coordinates>
      </Point>
    </Placemark>
    <Placemark>
      <styleUrl>#dados_com_ensaio</styleUrl>
      <Point>
        <coordinates>17.54790500,-15.79483400,0</coordinates>
      </Point>
    </Placemark>
    <Placemark>
      <styleUrl>#dados_com_ensaio</styleUrl>
      <Point>
        <coordinates>17.56745300,-15.82536000,0</coordinates>
      </Point>
    </Placemark>
    <Placemark>
      <styleUrl>#dados_com_ensaio</styleUrl>
      <Point>
        <coordinates>17.56921600,-15.83421900,0</coordinates>
      </Point>
    </Placemark>
    <Placemark>
      <styleUrl>#dados_com_ensaio</styleUrl>
      <Point>
        <coordinates>17.67868500,-16.22181900,0</coordinates>
      </Point>
    </Placemark>
    <Placemark>
      <styleUrl>#dados_com_ensaio</styleUrl>
      <Point>
        <coordinates>17.76622700,-16.41992400,0</coordinates>
      </Point>
    </Placemark>
    <Placemark>
      <styleUrl>#dados_com_ensaio</styleUrl>
      <Point>
        <coordinates>17.77076800,-16.42743200,0</coordinates>
      </Point>
    </Placemark>
    <Placemark>
      <styleUrl>#dados_com_ensaio</styleUrl>
      <Point>
        <coordinates>17.80335100,-16.47886300,0</coordinates>
      </Point>
    </Placemark>
    <Placemark>
      <styleUrl>#dados_com_ensaio</styleUrl>
      <Point>
        <coordinates>17.80501400,-16.48776300,0</coordinates>
      </Point>
    </Placemark>
    <Placemark>
      <styleUrl>#dados_com_ensaio</styleUrl>
      <Point>
        <coordinates>17.88892900,-16.70602800,0</coordinates>
      </Point>
    </Placemark>
    <Placemark>
      <styleUrl>#dados_com_ensaio</styleUrl>
      <Point>
        <coordinates>17.89439900,-16.71335600,0</coordinates>
      </Point>
    </Placemark>
    <Placemark>
      <styleUrl>#dados_com_ensaio</styleUrl>
      <Point>
        <coordinates>17.89825800,-16.72132100,0</coordinates>
      </Point>
    </Placemark>
    <Placemark>
      <styleUrl>#dados_com_ensaio</styleUrl>
      <Point>
        <coordinates>17.90255000,-16.73863400,0</coordinates>
      </Point>
    </Placemark>
    <Placemark>
      <styleUrl>#dados_com_ensaio</styleUrl>
      <Point>
        <coordinates>17.90497700,-16.74726000,0</coordinates>
      </Point>
    </Placemark>
    <Placemark>
      <styleUrl>#dados_com_ensaio</styleUrl>
      <Point>
        <coordinates>17.90885000,-16.75547700,0</coordinates>
      </Point>
    </Placemark>
    <Placemark>
      <styleUrl>#dados_com_ensaio</styleUrl>
      <Point>
        <coordinates>17.91326500,-16.76349600,0</coordinates>
      </Point>
    </Placemark>
    <Placemark>
      <styleUrl>#dados_com_ensaio</styleUrl>
      <Point>
        <coordinates>17.91888700,-16.77077600,0</coordinates>
      </Point>
    </Placemark>
    <Placemark>
      <styleUrl>#dados_com_ensaio</styleUrl>
      <Point>
        <coordinates>17.92446200,-16.77793900,0</coordinates>
      </Point>
    </Placemark>
    <Placemark>
      <styleUrl>#dados_com_ensaio</styleUrl>
      <Point>
        <coordinates>17.92929500,-16.78564500,0</coordinates>
      </Point>
    </Placemark>
    <Placemark>
      <styleUrl>#dados_com_ensaio</styleUrl>
      <Point>
        <coordinates>17.44572000,-15.69040600,0</coordinates>
      </Point>
    </Placemark>
    <Placemark>
      <styleUrl>#dados_com_ensaio</styleUrl>
      <Point>
        <coordinates>17.44666200,-15.69041300,0</coordinates>
      </Point>
    </Placemark>
    <Placemark>
      <styleUrl>#dados_com_ensaio</styleUrl>
      <Point>
        <coordinates>17.44615100,-15.68974100,0</coordinates>
      </Point>
    </Placemark>
    <Placemark>
      <styleUrl>#dados_com_ensaio</styleUrl>
      <Point>
        <coordinates>17.44542900,-15.68943300,0</coordinates>
      </Point>
    </Placemark>
    <Placemark>
      <styleUrl>#dados_com_ensaio</styleUrl>
      <Point>
        <coordinates>17.44466500,-15.68946900,0</coordinates>
      </Point>
    </Placemark>
    <Placemark>
      <styleUrl>#dados_com_ensaio</styleUrl>
      <Point>
        <coordinates>17.44512100,-15.69100900,0</coordinates>
      </Point>
    </Placemark>
    <Placemark>
      <styleUrl>#dados_com_ensaio</styleUrl>
      <Point>
        <coordinates>17.44624900,-15.69096000,0</coordinates>
      </Point>
    </Placemark>
    <Placemark>
      <styleUrl>#dados_com_ensaio</styleUrl>
      <Point>
        <coordinates>17.44735800,-15.69093800,0</coordinates>
      </Point>
    </Placemark>
    <Placemark>
      <styleUrl>#dados_com_ensaio</styleUrl>
      <Point>
        <coordinates>17.44699900,-15.68971400,0</coordinates>
      </Point>
    </Placemark>
    <Placemark>
      <styleUrl>#dados_com_ensaio</styleUrl>
      <Point>
        <coordinates>17.42472000,-15.67226500,0</coordinates>
      </Point>
    </Placemark>
    <Placemark>
      <styleUrl>#dados_com_ensaio</styleUrl>
      <Point>
        <coordinates>17.42473000,-15.67307800,0</coordinates>
      </Point>
    </Placemark>
    <Placemark>
      <styleUrl>#dados_com_ensaio</styleUrl>
      <Point>
        <coordinates>17.42557900,-15.67308700,0</coordinates>
      </Point>
    </Placemark>
    <Placemark>
      <styleUrl>#dados_com_ensaio</styleUrl>
      <Point>
        <coordinates>17.42553300,-15.67237400,0</coordinates>
      </Point>
    </Placemark>
    <Placemark>
      <styleUrl>#dados_com_ensaio</styleUrl>
      <Point>
        <coordinates>17.42402100,-15.67306800,0</coordinates>
      </Point>
    </Placemark>
    <Placemark>
      <styleUrl>#dados_com_ensaio</styleUrl>
      <Point>
        <coordinates>17.42394700,-15.67228300,0</coordinates>
      </Point>
    </Placemark>
    <Placemark>
      <styleUrl>#dados_com_ensaio</styleUrl>
      <Point>
        <coordinates>17.42387100,-15.67137100,0</coordinates>
      </Point>
    </Placemark>
    <Placemark>
      <styleUrl>#dados_com_ensaio</styleUrl>
      <Point>
        <coordinates>17.42472900,-15.67139800,0</coordinates>
      </Point>
    </Placemark>
    <Placemark>
      <styleUrl>#dados_com_ensaio</styleUrl>
      <Point>
        <coordinates>14.26704000,-9.36194500,0</coordinates>
      </Point>
    </Placemark>
    <Placemark>
      <styleUrl>#dados_com_ensaio</styleUrl>
      <Point>
        <coordinates>14.28037800,-9.38094800,0</coordinates>
      </Point>
    </Placemark>
    <Placemark>
      <styleUrl>#dados_com_ensaio</styleUrl>
      <Point>
        <coordinates>14.28038700,-9.38093900,0</coordinates>
      </Point>
    </Placemark>
    <Placemark>
      <styleUrl>#dados_com_ensaio</styleUrl>
      <Point>
        <coordinates>14.29965600,-9.40899600,0</coordinates>
      </Point>
    </Placemark>
    <Placemark>
      <styleUrl>#dados_com_ensaio</styleUrl>
      <Point>
        <coordinates>14.39638300,-9.55427400,0</coordinates>
      </Point>
    </Placemark>
    <Placemark>
      <styleUrl>#dados_com_ensaio</styleUrl>
      <Point>
        <coordinates>14.42155200,-9.66062400,0</coordinates>
      </Point>
    </Placemark>
    <Placemark>
      <styleUrl>#dados_com_ensaio</styleUrl>
      <Point>
        <coordinates>13.68281900,-9.11201700,0</coordinates>
      </Point>
    </Placemark>
    <Placemark>
      <styleUrl>#dados_com_ensaio</styleUrl>
      <Point>
        <coordinates>13.84889700,-9.15525500,0</coordinates>
      </Point>
    </Placemark>
    <Placemark>
      <styleUrl>#dados_com_ensaio</styleUrl>
      <Point>
        <coordinates>13.85786400,-9.15423500,0</coordinates>
      </Point>
    </Placemark>
    <Placemark>
      <styleUrl>#dados_com_ensaio</styleUrl>
      <Point>
        <coordinates>13.83995600,-9.15675500,0</coordinates>
      </Point>
    </Placemark>
    <Placemark>
      <styleUrl>#dados_com_ensaio</styleUrl>
      <Point>
        <coordinates>14.93796000,-14.73037000,0</coordinates>
      </Point>
    </Placemark>
    <Placemark>
      <styleUrl>#dados_com_ensaio</styleUrl>
      <Point>
        <coordinates>14.92784800,-14.71662400,0</coordinates>
      </Point>
    </Placemark>
    <Placemark>
      <styleUrl>#dados_com_ensaio</styleUrl>
      <Point>
        <coordinates>14.79879900,-14.59279800,0</coordinates>
      </Point>
    </Placemark>
    <Placemark>
      <styleUrl>#dados_com_ensaio</styleUrl>
      <Point>
        <coordinates>14.79366300,-14.58543300,0</coordinates>
      </Point>
    </Placemark>
    <Placemark>
      <styleUrl>#dados_com_ensaio</styleUrl>
      <Point>
        <coordinates>13.18034000,-8.88155500,0</coordinates>
      </Point>
    </Placemark>
    <Placemark>
      <styleUrl>#dados_com_ensaio</styleUrl>
      <Point>
        <coordinates>13.17996500,-8.88203200,0</coordinates>
      </Point>
    </Placemark>
    <Placemark>
      <styleUrl>#dados_com_ensaio</styleUrl>
      <Point>
        <coordinates>13.17948000,-8.88266300,0</coordinates>
      </Point>
    </Placemark>
    <Placemark>
      <styleUrl>#dados_com_ensaio</styleUrl>
      <Point>
        <coordinates>13.17912400,-8.88294200,0</coordinates>
      </Point>
    </Placemark>
    <Placemark>
      <styleUrl>#dados_com_ensaio</styleUrl>
      <Point>
        <coordinates>13.17875800,-8.88349100,0</coordinates>
      </Point>
    </Placemark>
    <Placemark>
      <styleUrl>#dados_com_ensaio</styleUrl>
      <Point>
        <coordinates>13.17950700,-8.88263600,0</coordinates>
      </Point>
    </Placemark>
    <Placemark>
      <styleUrl>#dados_com_ensaio</styleUrl>
      <Point>
        <coordinates>13.31848400,-8.84814400,0</coordinates>
      </Point>
    </Placemark>
    <Placemark>
      <styleUrl>#dados_com_ensaio</styleUrl>
      <Point>
        <coordinates>13.30472100,-8.83621100,0</coordinates>
      </Point>
    </Placemark>
    <Placemark>
      <styleUrl>#dados_com_ensaio</styleUrl>
      <Point>
        <coordinates>13.33123400,-8.83285800,0</coordinates>
      </Point>
    </Placemark>
    <Placemark>
      <styleUrl>#dados_com_ensaio</styleUrl>
      <Point>
        <coordinates>13.18034000,-8.88155500,0</coordinates>
      </Point>
    </Placemark>
    <Placemark>
      <styleUrl>#dados_com_ensaio</styleUrl>
      <Point>
        <coordinates>13.17996500,-8.88203200,0</coordinates>
      </Point>
    </Placemark>
    <Placemark>
      <styleUrl>#dados_com_ensaio</styleUrl>
      <Point>
        <coordinates>13.17948000,-8.88266300,0</coordinates>
      </Point>
    </Placemark>
    <Placemark>
      <styleUrl>#dados_com_ensaio</styleUrl>
      <Point>
        <coordinates>13.17912400,-8.88294200,0</coordinates>
      </Point>
    </Placemark>
    <Placemark>
      <styleUrl>#dados_com_ensaio</styleUrl>
      <Point>
        <coordinates>13.84889700,-9.15525500,0</coordinates>
      </Point>
    </Placemark>
    <Placemark>
      <styleUrl>#dados_com_ensaio</styleUrl>
      <Point>
        <coordinates>13.35390600,-8.89198200,0</coordinates>
      </Point>
    </Placemark>
    <Placemark>
      <styleUrl>#dados_com_ensaio</styleUrl>
      <Point>
        <coordinates>16.31368900,-9.29497300,0</coordinates>
      </Point>
    </Placemark>
    <Placemark>
      <styleUrl>#dados_com_ensaio</styleUrl>
      <Point>
        <coordinates>16.31341700,-9.29528100,0</coordinates>
      </Point>
    </Placemark>
    <Placemark>
      <styleUrl>#dados_com_ensaio</styleUrl>
      <Point>
        <coordinates>16.30672600,-9.29756600,0</coordinates>
      </Point>
    </Placemark>
    <Placemark>
      <styleUrl>#dados_com_ensaio</styleUrl>
      <Point>
        <coordinates>16.30650700,-9.29749500,0</coordinates>
      </Point>
    </Placemark>
    <Placemark>
      <styleUrl>#dados_com_ensaio</styleUrl>
      <Point>
        <coordinates>16.30631600,-9.29754100,0</coordinates>
      </Point>
    </Placemark>
    <Placemark>
      <styleUrl>#dados_com_ensaio</styleUrl>
      <Point>
        <coordinates>16.30619800,-9.29753200,0</coordinates>
      </Point>
    </Placemark>
    <Placemark>
      <styleUrl>#dados_com_ensaio</styleUrl>
      <Point>
        <coordinates>16.30605200,-9.29753300,0</coordinates>
      </Point>
    </Placemark>
    <Placemark>
      <styleUrl>#dados_com_ensaio</styleUrl>
      <Point>
        <coordinates>16.31685000,-9.29304400,0</coordinates>
      </Point>
    </Placemark>
    <Placemark>
      <styleUrl>#dados_com_ensaio</styleUrl>
      <Point>
        <coordinates>20.63066700,-9.69269400,0</coordinates>
      </Point>
    </Placemark>
    <Placemark>
      <styleUrl>#dados_com_ensaio</styleUrl>
      <Point>
        <coordinates>20.70066100,-9.71046300,0</coordinates>
      </Point>
    </Placemark>
    <Placemark>
      <styleUrl>#dados_com_ensaio</styleUrl>
      <Point>
        <coordinates>20.10749700,-11.98503500,0</coordinates>
      </Point>
    </Placemark>
    <Placemark>
      <styleUrl>#dados_com_ensaio</styleUrl>
      <Point>
        <coordinates>14.50112800,-6.89339600,0</coordinates>
      </Point>
    </Placemark>
    <Placemark>
      <styleUrl>#dados_com_ensaio</styleUrl>
      <Point>
        <coordinates>15.96654100,-7.34121300,0</coordinates>
      </Point>
    </Placemark>
    <Placemark>
      <styleUrl>#dados_com_ensaio</styleUrl>
      <Point>
        <coordinates>16.01871700,-7.23439100,0</coordinates>
      </Point>
    </Placemark>
    <Placemark>
      <styleUrl>#dados_com_ensaio</styleUrl>
      <Point>
        <coordinates>15.96654100,-7.34121300,0</coordinates>
      </Point>
    </Placemark>
    <Placemark>
      <styleUrl>#dados_com_ensaio</styleUrl>
      <Point>
        <coordinates>15.37945100,-7.68496500,0</coordinates>
      </Point>
    </Placemark>
    <Placemark>
      <styleUrl>#dados_com_ensaio</styleUrl>
      <Point>
        <coordinates>15.48033400,-7.70790200,0</coordinates>
      </Point>
    </Placemark>
    <Placemark>
      <styleUrl>#dados_com_ensaio</styleUrl>
      <Point>
        <coordinates>15.66440100,-7.68580300,0</coordinates>
      </Point>
    </Placemark>
    <Placemark>
      <styleUrl>#dados_com_ensaio</styleUrl>
      <Point>
        <coordinates>15.71486300,-7.62317600,0</coordinates>
      </Point>
    </Placemark>
    <Placemark>
      <styleUrl>#dados_com_ensaio</styleUrl>
      <Point>
        <coordinates>15.79821100,-7.56338800,0</coordinates>
      </Point>
    </Placemark>
    <Placemark>
      <styleUrl>#dados_com_ensaio</styleUrl>
      <Point>
        <coordinates>17.83290900,-14.62385100,0</coordinates>
      </Point>
    </Placemark>
    <Placemark>
      <styleUrl>#dados_com_ensaio</styleUrl>
      <Point>
        <coordinates>17.91835900,-14.59826700,0</coordinates>
      </Point>
    </Placemark>
    <Placemark>
      <styleUrl>#dados_com_ensaio</styleUrl>
      <Point>
        <coordinates>18.50205600,-14.57742500,0</coordinates>
      </Point>
    </Placemark>
    <Placemark>
      <styleUrl>#dados_com_ensaio</styleUrl>
      <Point>
        <coordinates>17.94875900,-14.59760500,0</coordinates>
      </Point>
    </Placemark>
    <Placemark>
      <styleUrl>#dados_com_ensaio</styleUrl>
      <Point>
        <coordinates>17.85646200,-14.58812400,0</coordinates>
      </Point>
    </Placemark>
    <Placemark>
      <styleUrl>#dados_com_ensaio</styleUrl>
      <Point>
        <coordinates>12.23624500,-16.88205500,0</coordinates>
      </Point>
    </Placemark>
    <Placemark>
      <styleUrl>#dados_com_ensaio</styleUrl>
      <Point>
        <coordinates>13.24781900,-14.12111600,0</coordinates>
      </Point>
    </Placemark>
    <Placemark>
      <styleUrl>#dados_com_ensaio</styleUrl>
      <Point>
        <coordinates>13.24781900,-14.12111600,0</coordinates>
      </Point>
    </Placemark>
    <Placemark>
      <styleUrl>#dados_com_ensaio</styleUrl>
      <Point>
        <coordinates>14.59579600,-8.49854000,0</coordinates>
      </Point>
    </Placemark>
    <Placemark>
      <styleUrl>#dados_com_ensaio</styleUrl>
      <Point>
        <coordinates>14.59965500,-8.49718200,0</coordinates>
      </Point>
    </Placemark>
    <Placemark>
      <styleUrl>#dados_com_ensaio</styleUrl>
      <Point>
        <coordinates>14.60257100,-8.49958600,0</coordinates>
      </Point>
    </Placemark>
    <Placemark>
      <styleUrl>#dados_com_ensaio</styleUrl>
      <Point>
        <coordinates>14.60937500,-8.49794100,0</coordinates>
      </Point>
    </Placemark>
    <Placemark>
      <styleUrl>#dados_com_ensaio</styleUrl>
      <Point>
        <coordinates>14.61301700,-8.49561600,0</coordinates>
      </Point>
    </Placemark>
    <Placemark>
      <styleUrl>#dados_com_ensaio</styleUrl>
      <Point>
        <coordinates>14.61723000,-8.49486500,0</coordinates>
      </Point>
    </Placemark>
    <Placemark>
      <styleUrl>#dados_com_ensaio</styleUrl>
      <Point>
        <coordinates>14.62068300,-8.49765100,0</coordinates>
      </Point>
    </Placemark>
    <Placemark>
      <styleUrl>#dados_com_ensaio</styleUrl>
      <Point>
        <coordinates>14.62435900,-8.49989400,0</coordinates>
      </Point>
    </Placemark>
    <Placemark>
      <styleUrl>#dados_com_ensaio</styleUrl>
      <Point>
        <coordinates>14.62824400,-8.50154600,0</coordinates>
      </Point>
    </Placemark>
    <Placemark>
      <styleUrl>#dados_com_ensaio</styleUrl>
      <Point>
        <coordinates>14.68121100,-8.51556000,0</coordinates>
      </Point>
    </Placemark>
    <Placemark>
      <styleUrl>#dados_com_ensaio</styleUrl>
      <Point>
        <coordinates>14.68487500,-8.51780100,0</coordinates>
      </Point>
    </Placemark>
    <Placemark>
      <styleUrl>#dados_com_ensaio</styleUrl>
      <Point>
        <coordinates>14.68782900,-8.51535900,0</coordinates>
      </Point>
    </Placemark>
    <Placemark>
      <styleUrl>#dados_com_ensaio</styleUrl>
      <Point>
        <coordinates>14.69173000,-8.51486000,0</coordinates>
      </Point>
    </Placemark>
    <Placemark>
      <styleUrl>#dados_com_ensaio</styleUrl>
      <Point>
        <coordinates>14.75757700,-8.51381700,0</coordinates>
      </Point>
    </Placemark>
    <Placemark>
      <styleUrl>#dados_com_ensaio</styleUrl>
      <Point>
        <coordinates>14.76140600,-8.51614800,0</coordinates>
      </Point>
    </Placemark>
    <Placemark>
      <styleUrl>#dados_com_ensaio</styleUrl>
      <Point>
        <coordinates>14.81637000,-8.50311000,0</coordinates>
      </Point>
    </Placemark>
    <Placemark>
      <styleUrl>#dados_com_ensaio</styleUrl>
      <Point>
        <coordinates>14.81932400,-8.50038100,0</coordinates>
      </Point>
    </Placemark>
    <Placemark>
      <styleUrl>#dados_com_ensaio</styleUrl>
      <Point>
        <coordinates>14.91947400,-8.52933200,0</coordinates>
      </Point>
    </Placemark>
    <Placemark>
      <styleUrl>#dados_com_ensaio</styleUrl>
      <Point>
        <coordinates>14.92116000,-8.53331700,0</coordinates>
      </Point>
    </Placemark>
    <Placemark>
      <styleUrl>#dados_com_ensaio</styleUrl>
      <Point>
        <coordinates>14.92537200,-8.53384700,0</coordinates>
      </Point>
    </Placemark>
    <Placemark>
      <styleUrl>#dados_com_ensaio</styleUrl>
      <Point>
        <coordinates>14.92884000,-8.53177700,0</coordinates>
      </Point>
    </Placemark>
    <Placemark>
      <styleUrl>#dados_com_ensaio</styleUrl>
      <Point>
        <coordinates>14.61291200,-8.49578900,0</coordinates>
      </Point>
    </Placemark>
    <Placemark>
      <styleUrl>#dados_com_ensaio</styleUrl>
      <Point>
        <coordinates>14.61292900,-8.49622300,0</coordinates>
      </Point>
    </Placemark>
    <Placemark>
      <styleUrl>#dados_com_ensaio</styleUrl>
      <Point>
        <coordinates>14.61313900,-8.49606900,0</coordinates>
      </Point>
    </Placemark>
    <Placemark>
      <styleUrl>#dados_com_ensaio</styleUrl>
      <Point>
        <coordinates>14.61276600,-8.49606000,0</coordinates>
      </Point>
    </Placemark>
    <Placemark>
      <styleUrl>#dados_com_ensaio</styleUrl>
      <Point>
        <coordinates>14.47579500,-9.67515400,0</coordinates>
      </Point>
    </Placemark>
    <Placemark>
      <styleUrl>#dados_com_ensaio</styleUrl>
      <Point>
        <coordinates>14.49386500,-9.67298500,0</coordinates>
      </Point>
    </Placemark>
    <Placemark>
      <styleUrl>#dados_com_ensaio</styleUrl>
      <Point>
        <coordinates>14.51111900,-9.66999300,0</coordinates>
      </Point>
    </Placemark>
    <Placemark>
      <styleUrl>#dados_com_ensaio</styleUrl>
      <Point>
        <coordinates>14.51996900,-9.66807300,0</coordinates>
      </Point>
    </Placemark>
    <Placemark>
      <styleUrl>#dados_com_ensaio</styleUrl>
      <Point>
        <coordinates>14.52441000,-9.66733600,0</coordinates>
      </Point>
    </Placemark>
    <Placemark>
      <styleUrl>#dados_com_ensaio</styleUrl>
      <Point>
        <coordinates>14.53805600,-9.66800300,0</coordinates>
      </Point>
    </Placemark>
    <Placemark>
      <styleUrl>#dados_com_ensaio</styleUrl>
      <Point>
        <coordinates>14.54256300,-9.66773100,0</coordinates>
      </Point>
    </Placemark>
    <Placemark>
      <styleUrl>#dados_com_ensaio</styleUrl>
      <Point>
        <coordinates>14.54704200,-9.66723300,0</coordinates>
      </Point>
    </Placemark>
    <Placemark>
      <styleUrl>#dados_com_ensaio</styleUrl>
      <Point>
        <coordinates>14.55158000,-9.66689800,0</coordinates>
      </Point>
    </Placemark>
    <Placemark>
      <styleUrl>#dados_com_ensaio</styleUrl>
      <Point>
        <coordinates>14.55611800,-9.66654700,0</coordinates>
      </Point>
    </Placemark>
    <Placemark>
      <styleUrl>#dados_com_ensaio</styleUrl>
      <Point>
        <coordinates>14.56067200,-9.66654000,0</coordinates>
      </Point>
    </Placemark>
    <Placemark>
      <styleUrl>#dados_com_ensaio</styleUrl>
      <Point>
        <coordinates>14.56515700,-9.66579200,0</coordinates>
      </Point>
    </Placemark>
    <Placemark>
      <styleUrl>#dados_com_ensaio</styleUrl>
      <Point>
        <coordinates>14.56966700,-9.66521300,0</coordinates>
      </Point>
    </Placemark>
    <Placemark>
      <styleUrl>#dados_com_ensaio</styleUrl>
      <Point>
        <coordinates>14.57873300,-9.66511900,0</coordinates>
      </Point>
    </Placemark>
    <Placemark>
      <styleUrl>#dados_com_ensaio</styleUrl>
      <Point>
        <coordinates>14.60140500,-9.66702400,0</coordinates>
      </Point>
    </Placemark>
    <Placemark>
      <styleUrl>#dados_com_ensaio</styleUrl>
      <Point>
        <coordinates>14.60580000,-9.66816100,0</coordinates>
      </Point>
    </Placemark>
    <Placemark>
      <styleUrl>#dados_com_ensaio</styleUrl>
      <Point>
        <coordinates>14.61026200,-9.66872900,0</coordinates>
      </Point>
    </Placemark>
    <Placemark>
      <styleUrl>#dados_com_ensaio</styleUrl>
      <Point>
        <coordinates>14.61477300,-9.66821700,0</coordinates>
      </Point>
    </Placemark>
    <Placemark>
      <styleUrl>#dados_com_ensaio</styleUrl>
      <Point>
        <coordinates>14.65539500,-9.67958100,0</coordinates>
      </Point>
    </Placemark>
    <Placemark>
      <styleUrl>#dados_com_ensaio</styleUrl>
      <Point>
        <coordinates>14.68392200,-9.69002300,0</coordinates>
      </Point>
    </Placemark>
    <Placemark>
      <styleUrl>#dados_com_ensaio</styleUrl>
      <Point>
        <coordinates>14.68842300,-9.68942400,0</coordinates>
      </Point>
    </Placemark>
    <Placemark>
      <styleUrl>#dados_com_ensaio</styleUrl>
      <Point>
        <coordinates>14.69689300,-9.68671000,0</coordinates>
      </Point>
    </Placemark>
    <Placemark>
      <styleUrl>#dados_com_ensaio</styleUrl>
      <Point>
        <coordinates>14.70586200,-9.68709800,0</coordinates>
      </Point>
    </Placemark>
    <Placemark>
      <styleUrl>#dados_com_ensaio</styleUrl>
      <Point>
        <coordinates>14.72283200,-9.68759700,0</coordinates>
      </Point>
    </Placemark>
    <Placemark>
      <styleUrl>#dados_com_ensaio</styleUrl>
      <Point>
        <coordinates>14.73126600,-9.68697400,0</coordinates>
      </Point>
    </Placemark>
    <Placemark>
      <styleUrl>#dados_com_ensaio</styleUrl>
      <Point>
        <coordinates>14.73577200,-9.68763100,0</coordinates>
      </Point>
    </Placemark>
    <Placemark>
      <styleUrl>#dados_com_ensaio</styleUrl>
      <Point>
        <coordinates>14.74025900,-9.68840000,0</coordinates>
      </Point>
    </Placemark>
    <Placemark>
      <styleUrl>#dados_com_ensaio</styleUrl>
      <Point>
        <coordinates>14.75825400,-9.68738400,0</coordinates>
      </Point>
    </Placemark>
    <Placemark>
      <styleUrl>#dados_com_ensaio</styleUrl>
      <Point>
        <coordinates>14.76279900,-9.68709900,0</coordinates>
      </Point>
    </Placemark>
    <Placemark>
      <styleUrl>#dados_com_ensaio</styleUrl>
      <Point>
        <coordinates>14.76731700,-9.68659500,0</coordinates>
      </Point>
    </Placemark>
    <Placemark>
      <styleUrl>#dados_com_ensaio</styleUrl>
      <Point>
        <coordinates>14.77174700,-9.68762000,0</coordinates>
      </Point>
    </Placemark>
    <Placemark>
      <styleUrl>#dados_com_ensaio</styleUrl>
      <Point>
        <coordinates>14.77613400,-9.68654700,0</coordinates>
      </Point>
    </Placemark>
    <Placemark>
      <styleUrl>#dados_com_ensaio</styleUrl>
      <Point>
        <coordinates>14.78038700,-9.68493400,0</coordinates>
      </Point>
    </Placemark>
    <Placemark>
      <styleUrl>#dados_com_ensaio</styleUrl>
      <Point>
        <coordinates>14.78465900,-9.68338300,0</coordinates>
      </Point>
    </Placemark>
    <Placemark>
      <styleUrl>#dados_com_ensaio</styleUrl>
      <Point>
        <coordinates>14.84479600,-9.66203000,0</coordinates>
      </Point>
    </Placemark>
    <Placemark>
      <styleUrl>#dados_com_ensaio</styleUrl>
      <Point>
        <coordinates>14.84880400,-9.66414600,0</coordinates>
      </Point>
    </Placemark>
    <Placemark>
      <styleUrl>#dados_com_ensaio</styleUrl>
      <Point>
        <coordinates>14.85181000,-9.66751800,0</coordinates>
      </Point>
    </Placemark>
    <Placemark>
      <styleUrl>#dados_com_ensaio</styleUrl>
      <Point>
        <coordinates>14.85555100,-9.66984200,0</coordinates>
      </Point>
    </Placemark>
    <Placemark>
      <styleUrl>#dados_com_ensaio</styleUrl>
      <Point>
        <coordinates>14.86000000,-9.67076500,0</coordinates>
      </Point>
    </Placemark>
    <Placemark>
      <styleUrl>#dados_com_ensaio</styleUrl>
      <Point>
        <coordinates>14.86436500,-9.66955300,0</coordinates>
      </Point>
    </Placemark>
    <Placemark>
      <styleUrl>#dados_com_ensaio</styleUrl>
      <Point>
        <coordinates>14.86820000,-9.66727900,0</coordinates>
      </Point>
    </Placemark>
    <Placemark>
      <styleUrl>#dados_com_ensaio</styleUrl>
      <Point>
        <coordinates>14.87208900,-9.66541800,0</coordinates>
      </Point>
    </Placemark>
    <Placemark>
      <styleUrl>#dados_com_ensaio</styleUrl>
      <Point>
        <coordinates>14.87663700,-9.66566700,0</coordinates>
      </Point>
    </Placemark>
    <Placemark>
      <styleUrl>#dados_com_ensaio</styleUrl>
      <Point>
        <coordinates>14.88116700,-9.66525500,0</coordinates>
      </Point>
    </Placemark>
    <Placemark>
      <styleUrl>#dados_com_ensaio</styleUrl>
      <Point>
        <coordinates>14.88564900,-9.66550200,0</coordinates>
      </Point>
    </Placemark>
    <Placemark>
      <styleUrl>#dados_com_ensaio</styleUrl>
      <Point>
        <coordinates>14.90206500,-9.66013300,0</coordinates>
      </Point>
    </Placemark>
    <Placemark>
      <styleUrl>#dados_com_ensaio</styleUrl>
      <Point>
        <coordinates>14.96820300,-9.65445700,0</coordinates>
      </Point>
    </Placemark>
    <Placemark>
      <styleUrl>#dados_com_ensaio</styleUrl>
      <Point>
        <coordinates>14.97250400,-9.65588700,0</coordinates>
      </Point>
    </Placemark>
    <Placemark>
      <styleUrl>#dados_com_ensaio</styleUrl>
      <Point>
        <coordinates>14.97661100,-9.65759700,0</coordinates>
      </Point>
    </Placemark>
    <Placemark>
      <styleUrl>#dados_com_ensaio</styleUrl>
      <Point>
        <coordinates>14.97992500,-9.66062800,0</coordinates>
      </Point>
    </Placemark>
    <Placemark>
      <styleUrl>#dados_com_ensaio</styleUrl>
      <Point>
        <coordinates>14.98370700,-9.66280900,0</coordinates>
      </Point>
    </Placemark>
    <Placemark>
      <styleUrl>#dados_com_ensaio</styleUrl>
      <Point>
        <coordinates>14.98818600,-9.66357000,0</coordinates>
      </Point>
    </Placemark>
    <Placemark>
      <styleUrl>#dados_com_ensaio</styleUrl>
      <Point>
        <coordinates>14.99271300,-9.66406700,0</coordinates>
      </Point>
    </Placemark>
    <Placemark>
      <styleUrl>#dados_com_ensaio</styleUrl>
      <Point>
        <coordinates>14.99723800,-9.66422400,0</coordinates>
      </Point>
    </Placemark>
    <Placemark>
      <styleUrl>#dados_com_ensaio</styleUrl>
      <Point>
        <coordinates>15.06458400,-13.74609100,0</coordinates>
      </Point>
    </Placemark>
    <Placemark>
      <styleUrl>#dados_com_ensaio</styleUrl>
      <Point>
        <coordinates>15.07053400,-13.75259400,0</coordinates>
      </Point>
    </Placemark>
    <Placemark>
      <styleUrl>#dados_com_ensaio</styleUrl>
      <Point>
        <coordinates>15.07123000,-13.75704000,0</coordinates>
      </Point>
    </Placemark>
    <Placemark>
      <styleUrl>#dados_com_ensaio</styleUrl>
      <Point>
        <coordinates>15.07193100,-13.76148500,0</coordinates>
      </Point>
    </Placemark>
    <Placemark>
      <styleUrl>#dados_com_ensaio</styleUrl>
      <Point>
        <coordinates>15.07263500,-13.76592900,0</coordinates>
      </Point>
    </Placemark>
    <Placemark>
      <styleUrl>#dados_com_ensaio</styleUrl>
      <Point>
        <coordinates>15.07501700,-13.76958400,0</coordinates>
      </Point>
    </Placemark>
    <Placemark>
      <styleUrl>#dados_com_ensaio</styleUrl>
      <Point>
        <coordinates>15.07756500,-13.77328400,0</coordinates>
      </Point>
    </Placemark>
    <Placemark>
      <styleUrl>#dados_com_ensaio</styleUrl>
      <Point>
        <coordinates>15.08018100,-13.77697600,0</coordinates>
      </Point>
    </Placemark>
    <Placemark>
      <styleUrl>#dados_com_ensaio</styleUrl>
      <Point>
        <coordinates>15.09173500,-13.80135200,0</coordinates>
      </Point>
    </Placemark>
    <Placemark>
      <styleUrl>#dados_com_ensaio</styleUrl>
      <Point>
        <coordinates>15.09561300,-13.80951900,0</coordinates>
      </Point>
    </Placemark>
    <Placemark>
      <styleUrl>#dados_com_ensaio</styleUrl>
      <Point>
        <coordinates>15.09829400,-13.82271200,0</coordinates>
      </Point>
    </Placemark>
    <Placemark>
      <styleUrl>#dados_com_ensaio</styleUrl>
      <Point>
        <coordinates>15.09980300,-13.83158500,0</coordinates>
      </Point>
    </Placemark>
    <Placemark>
      <styleUrl>#dados_com_ensaio</styleUrl>
      <Point>
        <coordinates>15.10055700,-13.83602100,0</coordinates>
      </Point>
    </Placemark>
    <Placemark>
      <styleUrl>#dados_com_ensaio</styleUrl>
      <Point>
        <coordinates>15.10281800,-13.84933100,0</coordinates>
      </Point>
    </Placemark>
    <Placemark>
      <styleUrl>#dados_com_ensaio</styleUrl>
      <Point>
        <coordinates>15.10357200,-13.85376800,0</coordinates>
      </Point>
    </Placemark>
    <Placemark>
      <styleUrl>#dados_com_ensaio</styleUrl>
      <Point>
        <coordinates>15.10394600,-13.85820800,0</coordinates>
      </Point>
    </Placemark>
    <Placemark>
      <styleUrl>#dados_com_ensaio</styleUrl>
      <Point>
        <coordinates>15.10149400,-13.86688100,0</coordinates>
      </Point>
    </Placemark>
    <Placemark>
      <styleUrl>#dados_com_ensaio</styleUrl>
      <Point>
        <coordinates>15.08439200,-13.92760500,0</coordinates>
      </Point>
    </Placemark>
    <Placemark>
      <styleUrl>#dados_com_ensaio</styleUrl>
      <Point>
        <coordinates>15.08316900,-13.93194200,0</coordinates>
      </Point>
    </Placemark>
    <Placemark>
      <styleUrl>#dados_com_ensaio</styleUrl>
      <Point>
        <coordinates>15.08072400,-13.94061600,0</coordinates>
      </Point>
    </Placemark>
    <Placemark>
      <styleUrl>#dados_com_ensaio</styleUrl>
      <Point>
        <coordinates>15.07138500,-14.02398400,0</coordinates>
      </Point>
    </Placemark>
    <Placemark>
      <styleUrl>#dados_com_ensaio</styleUrl>
      <Point>
        <coordinates>15.07151900,-14.02847900,0</coordinates>
      </Point>
    </Placemark>
    <Placemark>
      <styleUrl>#dados_com_ensaio</styleUrl>
      <Point>
        <coordinates>15.07165600,-14.03297400,0</coordinates>
      </Point>
    </Placemark>
    <Placemark>
      <styleUrl>#dados_com_ensaio</styleUrl>
      <Point>
        <coordinates>15.07180900,-14.03743800,0</coordinates>
      </Point>
    </Placemark>
    <Placemark>
      <styleUrl>#dados_com_ensaio</styleUrl>
      <Point>
        <coordinates>15.07193300,-14.04193300,0</coordinates>
      </Point>
    </Placemark>
    <Placemark>
      <styleUrl>#dados_com_ensaio</styleUrl>
      <Point>
        <coordinates>15.07195400,-14.04642800,0</coordinates>
      </Point>
    </Placemark>
    <Placemark>
      <styleUrl>#dados_com_ensaio</styleUrl>
      <Point>
        <coordinates>15.07221200,-14.05091200,0</coordinates>
      </Point>
    </Placemark>
    <Placemark>
      <styleUrl>#dados_com_ensaio</styleUrl>
      <Point>
        <coordinates>15.07233200,-14.05540700,0</coordinates>
      </Point>
    </Placemark>
    <Placemark>
      <styleUrl>#dados_com_ensaio</styleUrl>
      <Point>
        <coordinates>15.04816400,-14.14141200,0</coordinates>
      </Point>
    </Placemark>
    <Placemark>
      <styleUrl>#dados_com_ensaio</styleUrl>
      <Point>
        <coordinates>15.05755900,-14.19391600,0</coordinates>
      </Point>
    </Placemark>
    <Placemark>
      <styleUrl>#dados_com_ensaio</styleUrl>
      <Point>
        <coordinates>15.05747500,-14.19841100,0</coordinates>
      </Point>
    </Placemark>
    <Placemark>
      <styleUrl>#dados_com_ensaio</styleUrl>
      <Point>
        <coordinates>15.05740100,-14.20290700,0</coordinates>
      </Point>
    </Placemark>
    <Placemark>
      <styleUrl>#dados_com_ensaio</styleUrl>
      <Point>
        <coordinates>15.05732700,-14.20740300,0</coordinates>
      </Point>
    </Placemark>
    <Placemark>
      <styleUrl>#dados_com_ensaio</styleUrl>
      <Point>
        <coordinates>15.05724900,-14.21189900,0</coordinates>
      </Point>
    </Placemark>
    <Placemark>
      <styleUrl>#dados_com_ensaio</styleUrl>
      <Point>
        <coordinates>15.05716800,-14.21639500,0</coordinates>
      </Point>
    </Placemark>
    <Placemark>
      <styleUrl>#dados_com_ensaio</styleUrl>
      <Point>
        <coordinates>15.05706800,-14.22089100,0</coordinates>
      </Point>
    </Placemark>
    <Placemark>
      <styleUrl>#dados_com_ensaio</styleUrl>
      <Point>
        <coordinates>15.05698200,-14.22538700,0</coordinates>
      </Point>
    </Placemark>
    <Placemark>
      <styleUrl>#dados_com_ensaio</styleUrl>
      <Point>
        <coordinates>15.05690400,-14.22988300,0</coordinates>
      </Point>
    </Placemark>
    <Placemark>
      <styleUrl>#dados_com_ensaio</styleUrl>
      <Point>
        <coordinates>15.05682600,-14.23437900,0</coordinates>
      </Point>
    </Placemark>
    <Placemark>
      <styleUrl>#dados_com_ensaio</styleUrl>
      <Point>
        <coordinates>15.05674800,-14.23887500,0</coordinates>
      </Point>
    </Placemark>
    <Placemark>
      <styleUrl>#dados_com_ensaio</styleUrl>
      <Point>
        <coordinates>13.05944000,-9.10304400,0</coordinates>
      </Point>
    </Placemark>
    <Placemark>
      <styleUrl>#dados_com_ensaio</styleUrl>
      <Point>
        <coordinates>13.10169400,-9.24760300,0</coordinates>
      </Point>
    </Placemark>
    <Placemark>
      <styleUrl>#dados_com_ensaio</styleUrl>
      <Point>
        <coordinates>13.23056300,-9.34417600,0</coordinates>
      </Point>
    </Placemark>
    <Placemark>
      <styleUrl>#dados_com_ensaio</styleUrl>
      <Point>
        <coordinates>13.21847500,-9.52859100,0</coordinates>
      </Point>
    </Placemark>
    <Placemark>
      <styleUrl>#dados_com_ensaio</styleUrl>
      <Point>
        <coordinates>13.24578400,-9.63222800,0</coordinates>
      </Point>
    </Placemark>
    <Placemark>
      <styleUrl>#dados_com_ensaio</styleUrl>
      <Point>
        <coordinates>13.24578400,-9.63222800,0</coordinates>
      </Point>
    </Placemark>
    <Placemark>
      <styleUrl>#dados_com_ensaio</styleUrl>
      <Point>
        <coordinates>13.87808900,-9.62569500,0</coordinates>
      </Point>
    </Placemark>
    <Placemark>
      <styleUrl>#dados_com_ensaio</styleUrl>
      <Point>
        <coordinates>14.00061100,-9.65918800,0</coordinates>
      </Point>
    </Placemark>
    <Placemark>
      <styleUrl>#dados_com_ensaio</styleUrl>
      <Point>
        <coordinates>13.68408900,-9.19967300,0</coordinates>
      </Point>
    </Placemark>
    <Placemark>
      <styleUrl>#dados_com_ensaio</styleUrl>
      <Point>
        <coordinates>12.62352500,-6.72778400,0</coordinates>
      </Point>
    </Placemark>
    <Placemark>
      <styleUrl>#dados_com_ensaio</styleUrl>
      <Point>
        <coordinates>12.95585900,-7.36321200,0</coordinates>
      </Point>
    </Placemark>
    <Placemark>
      <styleUrl>#dados_com_ensaio</styleUrl>
      <Point>
        <coordinates>13.44277200,-6.78691900,0</coordinates>
      </Point>
    </Placemark>
    <Placemark>
      <styleUrl>#dados_com_ensaio</styleUrl>
      <Point>
        <coordinates>13.77584500,-6.12313000,0</coordinates>
      </Point>
    </Placemark>
    <Placemark>
      <styleUrl>#dados_com_ensaio</styleUrl>
      <Point>
        <coordinates>14.07685000,-5.98860700,0</coordinates>
      </Point>
    </Placemark>
    <Placemark>
      <styleUrl>#dados_com_ensaio</styleUrl>
      <Point>
        <coordinates>14.65950200,-9.14163800,0</coordinates>
      </Point>
    </Placemark>
    <Placemark>
      <styleUrl>#dados_com_ensaio</styleUrl>
      <Point>
        <coordinates>14.65950200,-9.14163800,0</coordinates>
      </Point>
    </Placemark>
    <Placemark>
      <styleUrl>#dados_com_ensaio</styleUrl>
      <Point>
        <coordinates>15.94311300,-9.07624300,0</coordinates>
      </Point>
    </Placemark>
    <Placemark>
      <styleUrl>#dados_com_ensaio</styleUrl>
      <Point>
        <coordinates>16.11954400,-9.34569800,0</coordinates>
      </Point>
    </Placemark>
    <Placemark>
      <styleUrl>#dados_com_ensaio</styleUrl>
      <Point>
        <coordinates>15.62698400,-9.42170600,0</coordinates>
      </Point>
    </Placemark>
    <Placemark>
      <styleUrl>#dados_com_ensaio</styleUrl>
      <Point>
        <coordinates>15.99386200,-9.50432500,0</coordinates>
      </Point>
    </Placemark>
    <Placemark>
      <styleUrl>#dados_com_ensaio</styleUrl>
      <Point>
        <coordinates>14.13767300,-6.33444300,0</coordinates>
      </Point>
    </Placemark>
    <Placemark>
      <styleUrl>#dados_com_ensaio</styleUrl>
      <Point>
        <coordinates>14.07839800,-5.85002800,0</coordinates>
      </Point>
    </Placemark>
    <Placemark>
      <styleUrl>#dados_com_ensaio</styleUrl>
      <Point>
        <coordinates>13.50607000,-5.94934000,0</coordinates>
      </Point>
    </Placemark>
    <Placemark>
      <styleUrl>#dados_com_ensaio</styleUrl>
      <Point>
        <coordinates>15.01717300,-9.28602000,0</coordinates>
      </Point>
    </Placemark>
    <Placemark>
      <styleUrl>#dados_com_ensaio</styleUrl>
      <Point>
        <coordinates>13.49890200,-12.48864400,0</coordinates>
      </Point>
    </Placemark>
    <Placemark>
      <styleUrl>#dados_com_ensaio</styleUrl>
      <Point>
        <coordinates>13.49879300,-12.48997200,0</coordinates>
      </Point>
    </Placemark>
    <Placemark>
      <styleUrl>#dados_com_ensaio</styleUrl>
      <Point>
        <coordinates>13.49818900,-12.49099000,0</coordinates>
      </Point>
    </Placemark>
    <Placemark>
      <styleUrl>#dados_com_ensaio</styleUrl>
      <Point>
        <coordinates>16.41401700,-11.69134500,0</coordinates>
      </Point>
    </Placemark>
    <Placemark>
      <styleUrl>#dados_com_ensaio</styleUrl>
      <Point>
        <coordinates>16.41400000,-11.69163500,0</coordinates>
      </Point>
    </Placemark>
    <Placemark>
      <styleUrl>#dados_com_ensaio</styleUrl>
      <Point>
        <coordinates>21.58593000,-15.85013600,0</coordinates>
      </Point>
    </Placemark>
    <Placemark>
      <styleUrl>#dados_com_ensaio</styleUrl>
      <Point>
        <coordinates>21.63248500,-15.92180100,0</coordinates>
      </Point>
    </Placemark>
    <Placemark>
      <styleUrl>#dados_com_ensaio</styleUrl>
      <Point>
        <coordinates>21.70253500,-15.98102200,0</coordinates>
      </Point>
    </Placemark>
    <Placemark>
      <styleUrl>#dados_com_ensaio</styleUrl>
      <Point>
        <coordinates>21.75331600,-16.05597900,0</coordinates>
      </Point>
    </Placemark>
    <Placemark>
      <styleUrl>#dados_com_ensaio</styleUrl>
      <Point>
        <coordinates>21.82354400,-16.11336600,0</coordinates>
      </Point>
    </Placemark>
    <Placemark>
      <styleUrl>#dados_com_ensaio</styleUrl>
      <Point>
        <coordinates>21.86885700,-16.19226300,0</coordinates>
      </Point>
    </Placemark>
    <Placemark>
      <styleUrl>#dados_com_ensaio</styleUrl>
      <Point>
        <coordinates>21.94232300,-16.24836400,0</coordinates>
      </Point>
    </Placemark>
    <Placemark>
      <styleUrl>#dados_com_ensaio</styleUrl>
      <Point>
        <coordinates>21.99255800,-16.32408000,0</coordinates>
      </Point>
    </Placemark>
    <Placemark>
      <styleUrl>#dados_com_ensaio</styleUrl>
      <Point>
        <coordinates>22.04798100,-16.38707500,0</coordinates>
      </Point>
    </Placemark>
    <Placemark>
      <styleUrl>#dados_com_ensaio</styleUrl>
      <Point>
        <coordinates>22.02967000,-16.48553500,0</coordinates>
      </Point>
    </Placemark>
    <Placemark>
      <styleUrl>#dados_com_ensaio</styleUrl>
      <Point>
        <coordinates>22.06796300,-16.56162900,0</coordinates>
      </Point>
    </Placemark>
    <Placemark>
      <styleUrl>#dados_com_ensaio</styleUrl>
      <Point>
        <coordinates>22.12416300,-16.62889600,0</coordinates>
      </Point>
    </Placemark>
    <Placemark>
      <styleUrl>#dados_com_ensaio</styleUrl>
      <Point>
        <coordinates>22.20838100,-16.66697000,0</coordinates>
      </Point>
    </Placemark>
    <Placemark>
      <styleUrl>#dados_com_ensaio</styleUrl>
      <Point>
        <coordinates>22.27350200,-16.73371400,0</coordinates>
      </Point>
    </Placemark>
    <Placemark>
      <styleUrl>#dados_com_ensaio</styleUrl>
      <Point>
        <coordinates>22.34365800,-16.78685400,0</coordinates>
      </Point>
    </Placemark>
    <Placemark>
      <styleUrl>#dados_com_ensaio</styleUrl>
      <Point>
        <coordinates>22.38796900,-16.86929800,0</coordinates>
      </Point>
    </Placemark>
    <Placemark>
      <styleUrl>#dados_com_ensaio</styleUrl>
      <Point>
        <coordinates>22.46736100,-16.91760900,0</coordinates>
      </Point>
    </Placemark>
    <Placemark>
      <styleUrl>#dados_com_ensaio</styleUrl>
      <Point>
        <coordinates>22.52310300,-16.98947000,0</coordinates>
      </Point>
    </Placemark>
    <Placemark>
      <styleUrl>#dados_com_ensaio</styleUrl>
      <Point>
        <coordinates>22.59853900,-17.04319300,0</coordinates>
      </Point>
    </Placemark>
    <Placemark>
      <styleUrl>#dados_com_ensaio</styleUrl>
      <Point>
        <coordinates>22.64737400,-17.11889800,0</coordinates>
      </Point>
    </Placemark>
    <Placemark>
      <styleUrl>#dados_com_ensaio</styleUrl>
      <Point>
        <coordinates>22.72596700,-17.16604400,0</coordinates>
      </Point>
    </Placemark>
    <Placemark>
      <styleUrl>#dados_com_ensaio</styleUrl>
      <Point>
        <coordinates>22.78934400,-17.23335900,0</coordinates>
      </Point>
    </Placemark>
    <Placemark>
      <styleUrl>#dados_com_ensaio</styleUrl>
      <Point>
        <coordinates>22.87605500,-17.26881900,0</coordinates>
      </Point>
    </Placemark>
    <Placemark>
      <styleUrl>#dados_com_ensaio</styleUrl>
      <Point>
        <coordinates>22.94886900,-17.32425000,0</coordinates>
      </Point>
    </Placemark>
    <Placemark>
      <styleUrl>#dados_com_ensaio</styleUrl>
      <Point>
        <coordinates>23.01943800,-17.37175100,0</coordinates>
      </Point>
    </Placemark>
    <Placemark>
      <styleUrl>#dados_com_ensaio</styleUrl>
      <Point>
        <coordinates>15.22382200,-9.69016000,0</coordinates>
      </Point>
    </Placemark>
    <Placemark>
      <styleUrl>#dados_com_ensaio</styleUrl>
      <Point>
        <coordinates>15.22835800,-9.69058900,0</coordinates>
      </Point>
    </Placemark>
    <Placemark>
      <styleUrl>#dados_com_ensaio</styleUrl>
      <Point>
        <coordinates>15.23289200,-9.69096200,0</coordinates>
      </Point>
    </Placemark>
    <Placemark>
      <styleUrl>#dados_com_ensaio</styleUrl>
      <Point>
        <coordinates>15.23744200,-9.69072100,0</coordinates>
      </Point>
    </Placemark>
    <Placemark>
      <styleUrl>#dados_com_ensaio</styleUrl>
      <Point>
        <coordinates>15.24199100,-9.69046000,0</coordinates>
      </Point>
    </Placemark>
    <Placemark>
      <styleUrl>#dados_com_ensaio</styleUrl>
      <Point>
        <coordinates>15.24654000,-9.69019900,0</coordinates>
      </Point>
    </Placemark>
    <Placemark>
      <styleUrl>#dados_com_ensaio</styleUrl>
      <Point>
        <coordinates>15.25109100,-9.69000000,0</coordinates>
      </Point>
    </Placemark>
    <Placemark>
      <styleUrl>#dados_com_ensaio</styleUrl>
      <Point>
        <coordinates>15.25559300,-9.69043100,0</coordinates>
      </Point>
    </Placemark>
    <Placemark>
      <styleUrl>#dados_com_ensaio</styleUrl>
      <Point>
        <coordinates>15.26001400,-9.69113400,0</coordinates>
      </Point>
    </Placemark>
    <Placemark>
      <styleUrl>#dados_com_ensaio</styleUrl>
      <Point>
        <coordinates>15.26454800,-9.69142200,0</coordinates>
      </Point>
    </Placemark>
    <Placemark>
      <styleUrl>#dados_com_ensaio</styleUrl>
      <Point>
        <coordinates>15.26900700,-9.69234000,0</coordinates>
      </Point>
    </Placemark>
    <Placemark>
      <styleUrl>#dados_com_ensaio</styleUrl>
      <Point>
        <coordinates>15.27337000,-9.69363400,0</coordinates>
      </Point>
    </Placemark>
    <Placemark>
      <styleUrl>#dados_com_ensaio</styleUrl>
      <Point>
        <coordinates>22.05917000,-10.46662900,0</coordinates>
      </Point>
    </Placemark>
    <Placemark>
      <styleUrl>#dados_com_ensaio</styleUrl>
      <Point>
        <coordinates>16.05881300,-10.46652100,0</coordinates>
      </Point>
    </Placemark>
    <Placemark>
      <styleUrl>#dados_com_ensaio</styleUrl>
      <Point>
        <coordinates>16.05901300,-10.46612300,0</coordinates>
      </Point>
    </Placemark>
    <Placemark>
      <styleUrl>#dados_com_ensaio</styleUrl>
      <Point>
        <coordinates>16.05845600,-10.46621500,0</coordinates>
      </Point>
    </Placemark>
    <Placemark>
      <styleUrl>#dados_com_ensaio</styleUrl>
      <Point>
        <coordinates>16.10596900,-10.42117500,0</coordinates>
      </Point>
    </Placemark>
    <Placemark>
      <styleUrl>#dados_com_ensaio</styleUrl>
      <Point>
        <coordinates>16.10611400,-10.42068600,0</coordinates>
      </Point>
    </Placemark>
    <Placemark>
      <styleUrl>#dados_com_ensaio</styleUrl>
      <Point>
        <coordinates>16.10220100,-10.40694500,0</coordinates>
      </Point>
    </Placemark>
    <Placemark>
      <styleUrl>#dados_com_ensaio</styleUrl>
      <Point>
        <coordinates>16.10019000,-10.40391400,0</coordinates>
      </Point>
    </Placemark>
    <Placemark>
      <styleUrl>#dados_com_ensaio</styleUrl>
      <Point>
        <coordinates>16.10182000,-10.41029200,0</coordinates>
      </Point>
    </Placemark>
    <Placemark>
      <styleUrl>#dados_com_ensaio</styleUrl>
      <Point>
        <coordinates>16.09902900,-10.40885500,0</coordinates>
      </Point>
    </Placemark>
    <Placemark>
      <styleUrl>#dados_com_ensaio</styleUrl>
      <Point>
        <coordinates>16.11273200,-10.35994100,0</coordinates>
      </Point>
    </Placemark>
    <Placemark>
      <styleUrl>#dados_com_ensaio</styleUrl>
      <Point>
        <coordinates>16.11859300,-10.35155600,0</coordinates>
      </Point>
    </Placemark>
    <Placemark>
      <styleUrl>#dados_com_ensaio</styleUrl>
      <Point>
        <coordinates>16.12609900,-10.36396400,0</coordinates>
      </Point>
    </Placemark>
    <Placemark>
      <styleUrl>#dados_com_ensaio</styleUrl>
      <Point>
        <coordinates>16.14078200,-10.35316000,0</coordinates>
      </Point>
    </Placemark>
    <Placemark>
      <styleUrl>#dados_com_ensaio</styleUrl>
      <Point>
        <coordinates>16.11040500,-10.31650700,0</coordinates>
      </Point>
    </Placemark>
    <Placemark>
      <styleUrl>#dados_com_ensaio</styleUrl>
      <Point>
        <coordinates>16.11015700,-10.31586600,0</coordinates>
      </Point>
    </Placemark>
    <Placemark>
      <styleUrl>#dados_com_ensaio</styleUrl>
      <Point>
        <coordinates>16.10965700,-10.31664600,0</coordinates>
      </Point>
    </Placemark>
    <Placemark>
      <styleUrl>#dados_com_ensaio</styleUrl>
      <Point>
        <coordinates>16.11044500,-10.31492500,0</coordinates>
      </Point>
    </Placemark>
    <Placemark>
      <styleUrl>#dados_com_ensaio</styleUrl>
      <Point>
        <coordinates>16.11543300,-10.26340000,0</coordinates>
      </Point>
    </Placemark>
    <Placemark>
      <styleUrl>#dados_com_ensaio</styleUrl>
      <Point>
        <coordinates>16.11498800,-10.26141200,0</coordinates>
      </Point>
    </Placemark>
    <Placemark>
      <styleUrl>#dados_com_ensaio</styleUrl>
      <Point>
        <coordinates>16.11549300,-10.26235100,0</coordinates>
      </Point>
    </Placemark>
    <Placemark>
      <styleUrl>#dados_com_ensaio</styleUrl>
      <Point>
        <coordinates>16.11345000,-10.26274600,0</coordinates>
      </Point>
    </Placemark>
    <Placemark>
      <styleUrl>#dados_com_ensaio</styleUrl>
      <Point>
        <coordinates>16.13180500,-10.21472000,0</coordinates>
      </Point>
    </Placemark>
    <Placemark>
      <styleUrl>#dados_com_ensaio</styleUrl>
      <Point>
        <coordinates>16.13268000,-10.21438200,0</coordinates>
      </Point>
    </Placemark>
    <Placemark>
      <styleUrl>#dados_com_ensaio</styleUrl>
      <Point>
        <coordinates>16.13246700,-10.21366000,0</coordinates>
      </Point>
    </Placemark>
    <Placemark>
      <styleUrl>#dados_com_ensaio</styleUrl>
      <Point>
        <coordinates>16.13222200,-10.21412200,0</coordinates>
      </Point>
    </Placemark>
    <Placemark>
      <styleUrl>#dados_com_ensaio</styleUrl>
      <Point>
        <coordinates>16.14108100,-10.16397600,0</coordinates>
      </Point>
    </Placemark>
    <Placemark>
      <styleUrl>#dados_com_ensaio</styleUrl>
      <Point>
        <coordinates>16.14084400,-10.16378700,0</coordinates>
      </Point>
    </Placemark>
    <Placemark>
      <styleUrl>#dados_com_ensaio</styleUrl>
      <Point>
        <coordinates>16.14116300,-10.16377700,0</coordinates>
      </Point>
    </Placemark>
    <Placemark>
      <styleUrl>#dados_com_ensaio</styleUrl>
      <Point>
        <coordinates>16.14081500,-10.16351600,0</coordinates>
      </Point>
    </Placemark>
    <Placemark>
      <styleUrl>#dados_com_ensaio</styleUrl>
      <Point>
        <coordinates>16.15418800,-10.11284700,0</coordinates>
      </Point>
    </Placemark>
    <Placemark>
      <styleUrl>#dados_com_ensaio</styleUrl>
      <Point>
        <coordinates>16.15387900,-10.11314700,0</coordinates>
      </Point>
    </Placemark>
    <Placemark>
      <styleUrl>#dados_com_ensaio</styleUrl>
      <Point>
        <coordinates>16.15419800,-10.11324500,0</coordinates>
      </Point>
    </Placemark>
    <Placemark>
      <styleUrl>#dados_com_ensaio</styleUrl>
      <Point>
        <coordinates>16.15387800,-10.11294800,0</coordinates>
      </Point>
    </Placemark>
    <Placemark>
      <styleUrl>#dados_com_ensaio</styleUrl>
      <Point>
        <coordinates>16.16450600,-10.07133200,0</coordinates>
      </Point>
    </Placemark>
    <Placemark>
      <styleUrl>#dados_com_ensaio</styleUrl>
      <Point>
        <coordinates>16.16420400,-10.07099800,0</coordinates>
      </Point>
    </Placemark>
    <Placemark>
      <styleUrl>#dados_com_ensaio</styleUrl>
      <Point>
        <coordinates>16.16422000,-10.07038300,0</coordinates>
      </Point>
    </Placemark>
    <Placemark>
      <styleUrl>#dados_com_ensaio</styleUrl>
      <Point>
        <coordinates>16.16395600,-10.07053800,0</coordinates>
      </Point>
    </Placemark>
    <Placemark>
      <styleUrl>#dados_com_ensaio</styleUrl>
      <Point>
        <coordinates>16.17763600,-10.03076500,0</coordinates>
      </Point>
    </Placemark>
    <Placemark>
      <styleUrl>#dados_com_ensaio</styleUrl>
      <Point>
        <coordinates>16.17772500,-10.03023100,0</coordinates>
      </Point>
    </Placemark>
    <Placemark>
      <styleUrl>#dados_com_ensaio</styleUrl>
      <Point>
        <coordinates>16.17748000,-10.03053900,0</coordinates>
      </Point>
    </Placemark>
    <Placemark>
      <styleUrl>#dados_com_ensaio</styleUrl>
      <Point>
        <coordinates>16.17750600,-10.03035800,0</coordinates>
      </Point>
    </Placemark>
    <Placemark>
      <styleUrl>#dados_com_ensaio</styleUrl>
      <Point>
        <coordinates>16.24913000,-9.92643300,0</coordinates>
      </Point>
    </Placemark>
    <Placemark>
      <styleUrl>#dados_com_ensaio</styleUrl>
      <Point>
        <coordinates>16.24922800,-9.92575400,0</coordinates>
      </Point>
    </Placemark>
    <Placemark>
      <styleUrl>#dados_com_ensaio</styleUrl>
      <Point>
        <coordinates>16.24865500,-9.92615400,0</coordinates>
      </Point>
    </Placemark>
    <Placemark>
      <styleUrl>#dados_com_ensaio</styleUrl>
      <Point>
        <coordinates>16.24936600,-9.92615100,0</coordinates>
      </Point>
    </Placemark>
    <Placemark>
      <styleUrl>#dados_com_ensaio</styleUrl>
      <Point>
        <coordinates>15.87393500,-12.08851100,0</coordinates>
      </Point>
    </Placemark>
    <Placemark>
      <styleUrl>#dados_com_ensaio</styleUrl>
      <Point>
        <coordinates>15.87368600,-12.08824100,0</coordinates>
      </Point>
    </Placemark>
    <Placemark>
      <styleUrl>#dados_com_ensaio</styleUrl>
      <Point>
        <coordinates>15.87355800,-12.08844000,0</coordinates>
      </Point>
    </Placemark>
    <Placemark>
      <styleUrl>#dados_com_ensaio</styleUrl>
      <Point>
        <coordinates>15.87388800,-12.08826700,0</coordinates>
      </Point>
    </Placemark>
    <Placemark>
      <styleUrl>#dados_com_ensaio</styleUrl>
      <Point>
        <coordinates>15.88327400,-12.02776200,0</coordinates>
      </Point>
    </Placemark>
    <Placemark>
      <styleUrl>#dados_com_ensaio</styleUrl>
      <Point>
        <coordinates>15.88296200,-12.02796200,0</coordinates>
      </Point>
    </Placemark>
    <Placemark>
      <styleUrl>#dados_com_ensaio</styleUrl>
      <Point>
        <coordinates>15.88319000,-12.02758200,0</coordinates>
      </Point>
    </Placemark>
    <Placemark>
      <styleUrl>#dados_com_ensaio</styleUrl>
      <Point>
        <coordinates>15.88297900,-12.02773600,0</coordinates>
      </Point>
    </Placemark>
    <Placemark>
      <styleUrl>#dados_com_ensaio</styleUrl>
      <Point>
        <coordinates>15.86529700,-11.91258200,0</coordinates>
      </Point>
    </Placemark>
    <Placemark>
      <styleUrl>#dados_com_ensaio</styleUrl>
      <Point>
        <coordinates>15.86509500,-11.91252800,0</coordinates>
      </Point>
    </Placemark>
    <Placemark>
      <styleUrl>#dados_com_ensaio</styleUrl>
      <Point>
        <coordinates>15.86504900,-11.91266400,0</coordinates>
      </Point>
    </Placemark>
    <Placemark>
      <styleUrl>#dados_com_ensaio</styleUrl>
      <Point>
        <coordinates>15.86508700,-11.91292600,0</coordinates>
      </Point>
    </Placemark>
    <Placemark>
      <styleUrl>#dados_com_ensaio</styleUrl>
      <Point>
        <coordinates>15.86749600,-11.84998300,0</coordinates>
      </Point>
    </Placemark>
    <Placemark>
      <styleUrl>#dados_com_ensaio</styleUrl>
      <Point>
        <coordinates>15.86760600,-11.85009100,0</coordinates>
      </Point>
    </Placemark>
    <Placemark>
      <styleUrl>#dados_com_ensaio</styleUrl>
      <Point>
        <coordinates>15.86730400,-11.85035400,0</coordinates>
      </Point>
    </Placemark>
    <Placemark>
      <styleUrl>#dados_com_ensaio</styleUrl>
      <Point>
        <coordinates>16.44453300,-11.52133100,0</coordinates>
      </Point>
    </Placemark>
    <Placemark>
      <styleUrl>#dados_com_ensaio</styleUrl>
      <Point>
        <coordinates>16.43520700,-11.56225200,0</coordinates>
      </Point>
    </Placemark>
    <Placemark>
      <styleUrl>#dados_com_ensaio</styleUrl>
      <Point>
        <coordinates>16.43744200,-11.65684600,0</coordinates>
      </Point>
    </Placemark>
    <Placemark>
      <styleUrl>#dados_com_ensaio</styleUrl>
      <Point>
        <coordinates>16.41339100,-11.69273200,0</coordinates>
      </Point>
    </Placemark>
    <Placemark>
      <styleUrl>#dados_com_ensaio</styleUrl>
      <Point>
        <coordinates>16.43404400,-11.65767700,0</coordinates>
      </Point>
    </Placemark>
    <Placemark>
      <styleUrl>#dados_com_ensaio</styleUrl>
      <Point>
        <coordinates>16.44143100,-11.52965500,0</coordinates>
      </Point>
    </Placemark>
    <Placemark>
      <styleUrl>#dados_com_ensaio</styleUrl>
      <Point>
        <coordinates>16.42824000,-11.56801000,0</coordinates>
      </Point>
    </Placemark>
    <Placemark>
      <styleUrl>#dados_com_ensaio</styleUrl>
      <Point>
        <coordinates>16.42385000,-11.57568000,0</coordinates>
      </Point>
    </Placemark>
    <Placemark>
      <styleUrl>#dados_com_ensaio</styleUrl>
      <Point>
        <coordinates>16.41996700,-11.58384500,0</coordinates>
      </Point>
    </Placemark>
    <Placemark>
      <styleUrl>#dados_com_ensaio</styleUrl>
      <Point>
        <coordinates>16.41561600,-11.59209400,0</coordinates>
      </Point>
    </Placemark>
    <Placemark>
      <styleUrl>#dados_com_ensaio</styleUrl>
      <Point>
        <coordinates>16.41726200,-11.60577400,0</coordinates>
      </Point>
    </Placemark>
    <Placemark>
      <styleUrl>#dados_com_ensaio</styleUrl>
      <Point>
        <coordinates>16.44505500,-11.65153700,0</coordinates>
      </Point>
    </Placemark>
    <Placemark>
      <styleUrl>#dados_com_ensaio</styleUrl>
      <Point>
        <coordinates>15.07375500,-14.92328200,0</coordinates>
      </Point>
    </Placemark>
    <Placemark>
      <styleUrl>#dados_com_ensaio</styleUrl>
      <Point>
        <coordinates>15.07384800,-14.92292900,0</coordinates>
      </Point>
    </Placemark>
    <Placemark>
      <styleUrl>#dados_com_ensaio</styleUrl>
      <Point>
        <coordinates>15.07458200,-14.92356200,0</coordinates>
      </Point>
    </Placemark>
    <Placemark>
      <styleUrl>#dados_com_ensaio</styleUrl>
      <Point>
        <coordinates>15.07416400,-14.92309200,0</coordinates>
      </Point>
    </Placemark>
    <Placemark>
      <styleUrl>#dados_com_ensaio</styleUrl>
      <Point>
        <coordinates>15.20812400,-13.78751100,0</coordinates>
      </Point>
    </Placemark>
    <Placemark>
      <styleUrl>#dados_com_ensaio</styleUrl>
      <Point>
        <coordinates>15.20802200,-13.78789100,0</coordinates>
      </Point>
    </Placemark>
    <Placemark>
      <styleUrl>#dados_com_ensaio</styleUrl>
      <Point>
        <coordinates>15.20860500,-13.78773600,0</coordinates>
      </Point>
    </Placemark>
    <Placemark>
      <styleUrl>#dados_com_ensaio</styleUrl>
      <Point>
        <coordinates>15.20738400,-13.78757500,0</coordinates>
      </Point>
    </Placemark>
    <Placemark>
      <styleUrl>#dados_com_ensaio</styleUrl>
      <Point>
        <coordinates>15.23395300,-13.78585100,0</coordinates>
      </Point>
    </Placemark>
    <Placemark>
      <styleUrl>#dados_com_ensaio</styleUrl>
      <Point>
        <coordinates>15.23384200,-13.78602300,0</coordinates>
      </Point>
    </Placemark>
    <Placemark>
      <styleUrl>#dados_com_ensaio</styleUrl>
      <Point>
        <coordinates>15.23429500,-13.78588700,0</coordinates>
      </Point>
    </Placemark>
    <Placemark>
      <styleUrl>#dados_com_ensaio</styleUrl>
      <Point>
        <coordinates>15.23412800,-13.78598600,0</coordinates>
      </Point>
    </Placemark>
    <Placemark>
      <styleUrl>#dados_com_ensaio</styleUrl>
      <Point>
        <coordinates>15.49550400,-13.77544500,0</coordinates>
      </Point>
    </Placemark>
    <Placemark>
      <styleUrl>#dados_com_ensaio</styleUrl>
      <Point>
        <coordinates>15.49552300,-13.77564400,0</coordinates>
      </Point>
    </Placemark>
    <Placemark>
      <styleUrl>#dados_com_ensaio</styleUrl>
      <Point>
        <coordinates>15.49582800,-13.77552600,0</coordinates>
      </Point>
    </Placemark>
    <Placemark>
      <styleUrl>#dados_com_ensaio</styleUrl>
      <Point>
        <coordinates>15.49531000,-13.77552700,0</coordinates>
      </Point>
    </Placemark>
    <Placemark>
      <styleUrl>#dados_com_ensaio</styleUrl>
      <Point>
        <coordinates>15.51172000,-13.77955300,0</coordinates>
      </Point>
    </Placemark>
    <Placemark>
      <styleUrl>#dados_com_ensaio</styleUrl>
      <Point>
        <coordinates>15.51177500,-13.77920000,0</coordinates>
      </Point>
    </Placemark>
    <Placemark>
      <styleUrl>#dados_com_ensaio</styleUrl>
      <Point>
        <coordinates>15.51215500,-13.77934400,0</coordinates>
      </Point>
    </Placemark>
    <Placemark>
      <styleUrl>#dados_com_ensaio</styleUrl>
      <Point>
        <coordinates>15.51211800,-13.77950700,0</coordinates>
      </Point>
    </Placemark>
    <Placemark>
      <styleUrl>#dados_com_ensaio</styleUrl>
      <Point>
        <coordinates>15.04108600,-14.48052900,0</coordinates>
      </Point>
    </Placemark>
    <Placemark>
      <styleUrl>#dados_com_ensaio</styleUrl>
      <Point>
        <coordinates>15.03843600,-14.49377300,0</coordinates>
      </Point>
    </Placemark>
    <Placemark>
      <styleUrl>#dados_com_ensaio</styleUrl>
      <Point>
        <coordinates>15.03765100,-14.49819900,0</coordinates>
      </Point>
    </Placemark>
    <Placemark>
      <styleUrl>#dados_com_ensaio</styleUrl>
      <Point>
        <coordinates>15.04096800,-14.53852700,0</coordinates>
      </Point>
    </Placemark>
    <Placemark>
      <styleUrl>#dados_com_ensaio</styleUrl>
      <Point>
        <coordinates>15.04131000,-14.54301200,0</coordinates>
      </Point>
    </Placemark>
    <Placemark>
      <styleUrl>#dados_com_ensaio</styleUrl>
      <Point>
        <coordinates>15.04172400,-14.54749000,0</coordinates>
      </Point>
    </Placemark>
    <Placemark>
      <styleUrl>#dados_com_ensaio</styleUrl>
      <Point>
        <coordinates>15.04209400,-14.55197200,0</coordinates>
      </Point>
    </Placemark>
    <Placemark>
      <styleUrl>#dados_com_ensaio</styleUrl>
      <Point>
        <coordinates>15.04246100,-14.55645100,0</coordinates>
      </Point>
    </Placemark>
    <Placemark>
      <styleUrl>#dados_com_ensaio</styleUrl>
      <Point>
        <coordinates>15.04359800,-14.56080400,0</coordinates>
      </Point>
    </Placemark>
    <Placemark>
      <styleUrl>#dados_com_ensaio</styleUrl>
      <Point>
        <coordinates>15.04485700,-14.56513200,0</coordinates>
      </Point>
    </Placemark>
    <Placemark>
      <styleUrl>#dados_com_ensaio</styleUrl>
      <Point>
        <coordinates>15.04612000,-14.56945900,0</coordinates>
      </Point>
    </Placemark>
    <Placemark>
      <styleUrl>#dados_com_ensaio</styleUrl>
      <Point>
        <coordinates>15.04739300,-14.57378400,0</coordinates>
      </Point>
    </Placemark>
    <Placemark>
      <styleUrl>#dados_com_ensaio</styleUrl>
      <Point>
        <coordinates>15.04866500,-14.57810900,0</coordinates>
      </Point>
    </Placemark>
    <Placemark>
      <styleUrl>#dados_com_ensaio</styleUrl>
      <Point>
        <coordinates>15.04993700,-14.58243300,0</coordinates>
      </Point>
    </Placemark>
    <Placemark>
      <styleUrl>#dados_com_ensaio</styleUrl>
      <Point>
        <coordinates>15.05120900,-14.58675800,0</coordinates>
      </Point>
    </Placemark>
    <Placemark>
      <styleUrl>#dados_com_ensaio</styleUrl>
      <Point>
        <coordinates>15.05248100,-14.59108300,0</coordinates>
      </Point>
    </Placemark>
    <Placemark>
      <styleUrl>#dados_com_ensaio</styleUrl>
      <Point>
        <coordinates>15.05375400,-14.59540800,0</coordinates>
      </Point>
    </Placemark>
    <Placemark>
      <styleUrl>#dados_com_ensaio</styleUrl>
      <Point>
        <coordinates>15.05295000,-14.60829200,0</coordinates>
      </Point>
    </Placemark>
    <Placemark>
      <styleUrl>#dados_com_ensaio</styleUrl>
      <Point>
        <coordinates>15.05145100,-14.61254800,0</coordinates>
      </Point>
    </Placemark>
    <Placemark>
      <styleUrl>#dados_com_ensaio</styleUrl>
      <Point>
        <coordinates>15.04996800,-14.61681000,0</coordinates>
      </Point>
    </Placemark>
    <Placemark>
      <styleUrl>#dados_com_ensaio</styleUrl>
      <Point>
        <coordinates>15.04847000,-14.62106600,0</coordinates>
      </Point>
    </Placemark>
    <Placemark>
      <styleUrl>#dados_com_ensaio</styleUrl>
      <Point>
        <coordinates>15.04696800,-14.62532200,0</coordinates>
      </Point>
    </Placemark>
    <Placemark>
      <styleUrl>#dados_com_ensaio</styleUrl>
      <Point>
        <coordinates>15.04546700,-14.62957700,0</coordinates>
      </Point>
    </Placemark>
    <Placemark>
      <styleUrl>#dados_com_ensaio</styleUrl>
      <Point>
        <coordinates>15.04398200,-14.63383800,0</coordinates>
      </Point>
    </Placemark>
    <Placemark>
      <styleUrl>#dados_com_ensaio</styleUrl>
      <Point>
        <coordinates>15.04249800,-14.63809900,0</coordinates>
      </Point>
    </Placemark>
    <Placemark>
      <styleUrl>#dados_com_ensaio</styleUrl>
      <Point>
        <coordinates>15.04080900,-14.64227500,0</coordinates>
      </Point>
    </Placemark>
    <Placemark>
      <styleUrl>#dados_com_ensaio</styleUrl>
      <Point>
        <coordinates>15.03861500,-14.64623900,0</coordinates>
      </Point>
    </Placemark>
    <Placemark>
      <styleUrl>#dados_com_ensaio</styleUrl>
      <Point>
        <coordinates>15.03642100,-14.65020300,0</coordinates>
      </Point>
    </Placemark>
    <Placemark>
      <styleUrl>#dados_com_ensaio</styleUrl>
      <Point>
        <coordinates>15.03422700,-14.65416700,0</coordinates>
      </Point>
    </Placemark>
    <Placemark>
      <styleUrl>#dados_com_ensaio</styleUrl>
      <Point>
        <coordinates>15.03203300,-14.65813100,0</coordinates>
      </Point>
    </Placemark>
    <Placemark>
      <styleUrl>#dados_com_ensaio</styleUrl>
      <Point>
        <coordinates>15.02983900,-14.66209500,0</coordinates>
      </Point>
    </Placemark>
    <Placemark>
      <styleUrl>#dados_com_ensaio</styleUrl>
      <Point>
        <coordinates>15.00657800,-14.68241000,0</coordinates>
      </Point>
    </Placemark>
    <Placemark>
      <styleUrl>#dados_com_ensaio</styleUrl>
      <Point>
        <coordinates>15.00252200,-14.68460700,0</coordinates>
      </Point>
    </Placemark>
    <Placemark>
      <styleUrl>#dados_com_ensaio</styleUrl>
      <Point>
        <coordinates>14.99846600,-14.68680300,0</coordinates>
      </Point>
    </Placemark>
    <Placemark>
      <styleUrl>#dados_com_ensaio</styleUrl>
      <Point>
        <coordinates>14.99441000,-14.68899700,0</coordinates>
      </Point>
    </Placemark>
    <Placemark>
      <styleUrl>#dados_com_ensaio</styleUrl>
      <Point>
        <coordinates>14.99353900,-14.69330700,0</coordinates>
      </Point>
    </Placemark>
    <Placemark>
      <styleUrl>#dados_com_ensaio</styleUrl>
      <Point>
        <coordinates>14.99335200,-14.69780000,0</coordinates>
      </Point>
    </Placemark>
    <Placemark>
      <styleUrl>#dados_com_ensaio</styleUrl>
      <Point>
        <coordinates>14.99408900,-14.70215000,0</coordinates>
      </Point>
    </Placemark>
    <Placemark>
      <styleUrl>#dados_com_ensaio</styleUrl>
      <Point>
        <coordinates>14.99613600,-14.70618200,0</coordinates>
      </Point>
    </Placemark>
    <Placemark>
      <styleUrl>#dados_com_ensaio</styleUrl>
      <Point>
        <coordinates>14.99825200,-14.71018500,0</coordinates>
      </Point>
    </Placemark>
    <Placemark>
      <styleUrl>#dados_com_ensaio</styleUrl>
      <Point>
        <coordinates>15.00038300,-14.71418100,0</coordinates>
      </Point>
    </Placemark>
    <Placemark>
      <styleUrl>#dados_com_ensaio</styleUrl>
      <Point>
        <coordinates>15.00388600,-14.71697100,0</coordinates>
      </Point>
    </Placemark>
    <Placemark>
      <styleUrl>#dados_com_ensaio</styleUrl>
      <Point>
        <coordinates>15.00802700,-14.71901400,0</coordinates>
      </Point>
    </Placemark>
    <Placemark>
      <styleUrl>#dados_com_ensaio</styleUrl>
      <Point>
        <coordinates>15.01216300,-14.72106800,0</coordinates>
      </Point>
    </Placemark>
    <Placemark>
      <styleUrl>#dados_com_ensaio</styleUrl>
      <Point>
        <coordinates>15.01631500,-14.72305700,0</coordinates>
      </Point>
    </Placemark>
    <Placemark>
      <styleUrl>#dados_com_ensaio</styleUrl>
      <Point>
        <coordinates>15.02041400,-14.72517700,0</coordinates>
      </Point>
    </Placemark>
    <Placemark>
      <styleUrl>#dados_com_ensaio</styleUrl>
      <Point>
        <coordinates>15.02459300,-14.72705400,0</coordinates>
      </Point>
    </Placemark>
    <Placemark>
      <styleUrl>#dados_com_ensaio</styleUrl>
      <Point>
        <coordinates>15.02835200,-14.72873700,0</coordinates>
      </Point>
    </Placemark>
    <Placemark>
      <styleUrl>#dados_com_ensaio</styleUrl>
      <Point>
        <coordinates>15.03200100,-14.73124900,0</coordinates>
      </Point>
    </Placemark>
    <Placemark>
      <styleUrl>#dados_com_ensaio</styleUrl>
      <Point>
        <coordinates>15.03305700,-14.73560800,0</coordinates>
      </Point>
    </Placemark>
    <Placemark>
      <styleUrl>#dados_com_ensaio</styleUrl>
      <Point>
        <coordinates>14.03937200,-14.18656900,0</coordinates>
      </Point>
    </Placemark>
    <Placemark>
      <styleUrl>#dados_com_ensaio</styleUrl>
      <Point>
        <coordinates>14.06756000,-14.14822000,0</coordinates>
      </Point>
    </Placemark>
    <Placemark>
      <styleUrl>#dados_com_ensaio</styleUrl>
      <Point>
        <coordinates>14.06191000,-14.10944000,0</coordinates>
      </Point>
    </Placemark>
    <Placemark>
      <styleUrl>#dados_com_ensaio</styleUrl>
      <Point>
        <coordinates>14.06882300,-14.06976000,0</coordinates>
      </Point>
    </Placemark>
    <Placemark>
      <styleUrl>#dados_com_ensaio</styleUrl>
      <Point>
        <coordinates>14.04645400,-14.03461200,0</coordinates>
      </Point>
    </Placemark>
    <Placemark>
      <styleUrl>#dados_com_ensaio</styleUrl>
      <Point>
        <coordinates>16.63211300,-11.07278400,0</coordinates>
      </Point>
    </Placemark>
    <Placemark>
      <styleUrl>#dados_com_ensaio</styleUrl>
      <Point>
        <coordinates>16.65511600,-11.08657200,0</coordinates>
      </Point>
    </Placemark>
    <Placemark>
      <styleUrl>#dados_com_ensaio</styleUrl>
      <Point>
        <coordinates>16.66498900,-11.09491800,0</coordinates>
      </Point>
    </Placemark>
    <Placemark>
      <styleUrl>#dados_com_ensaio</styleUrl>
      <Point>
        <coordinates>16.67565900,-11.09964600,0</coordinates>
      </Point>
    </Placemark>
    <Placemark>
      <styleUrl>#dados_com_ensaio</styleUrl>
      <Point>
        <coordinates>16.60563700,-11.05733400,0</coordinates>
      </Point>
    </Placemark>
    <Placemark>
      <styleUrl>#dados_com_ensaio</styleUrl>
      <Point>
        <coordinates>16.71382300,-11.19523500,0</coordinates>
      </Point>
    </Placemark>
    <Placemark>
      <styleUrl>#dados_com_ensaio</styleUrl>
      <Point>
        <coordinates>16.57947200,-11.04604500,0</coordinates>
      </Point>
    </Placemark>
    <Placemark>
      <styleUrl>#dados_com_ensaio</styleUrl>
      <Point>
        <coordinates>21.84207500,-11.05989700,0</coordinates>
      </Point>
    </Placemark>
    <Placemark>
      <styleUrl>#dados_com_ensaio</styleUrl>
      <Point>
        <coordinates>21.83373900,-11.06122300,0</coordinates>
      </Point>
    </Placemark>
    <Placemark>
      <styleUrl>#dados_com_ensaio</styleUrl>
      <Point>
        <coordinates>21.82900700,-11.06176000,0</coordinates>
      </Point>
    </Placemark>
    <Placemark>
      <styleUrl>#dados_com_ensaio</styleUrl>
      <Point>
        <coordinates>21.82582300,-11.06213100,0</coordinates>
      </Point>
    </Placemark>
    <Placemark>
      <styleUrl>#dados_com_ensaio</styleUrl>
      <Point>
        <coordinates>21.82069000,-11.06333800,0</coordinates>
      </Point>
    </Placemark>
    <Placemark>
      <styleUrl>#dados_com_ensaio</styleUrl>
      <Point>
        <coordinates>21.81594400,-11.06518700,0</coordinates>
      </Point>
    </Placemark>
    <Placemark>
      <styleUrl>#dados_com_ensaio</styleUrl>
      <Point>
        <coordinates>21.81044800,-11.06733600,0</coordinates>
      </Point>
    </Placemark>
    <Placemark>
      <styleUrl>#dados_com_ensaio</styleUrl>
      <Point>
        <coordinates>21.79715500,-11.07449700,0</coordinates>
      </Point>
    </Placemark>
    <Placemark>
      <styleUrl>#dados_com_ensaio</styleUrl>
      <Point>
        <coordinates>21.76047000,-11.10989700,0</coordinates>
      </Point>
    </Placemark>
    <Placemark>
      <styleUrl>#dados_com_ensaio</styleUrl>
      <Point>
        <coordinates>21.75803100,-11.11234400,0</coordinates>
      </Point>
    </Placemark>
    <Placemark>
      <styleUrl>#dados_com_ensaio</styleUrl>
      <Point>
        <coordinates>21.75435100,-11.11604300,0</coordinates>
      </Point>
    </Placemark>
    <Placemark>
      <styleUrl>#dados_com_ensaio</styleUrl>
      <Point>
        <coordinates>21.70342600,-11.15996300,0</coordinates>
      </Point>
    </Placemark>
    <Placemark>
      <styleUrl>#dados_com_ensaio</styleUrl>
      <Point>
        <coordinates>21.69655800,-11.17191600,0</coordinates>
      </Point>
    </Placemark>
    <Placemark>
      <styleUrl>#dados_com_ensaio</styleUrl>
      <Point>
        <coordinates>21.69551500,-11.17237100,0</coordinates>
      </Point>
    </Placemark>
    <Placemark>
      <styleUrl>#dados_com_ensaio</styleUrl>
      <Point>
        <coordinates>21.68629800,-11.17856900,0</coordinates>
      </Point>
    </Placemark>
    <Placemark>
      <styleUrl>#dados_com_ensaio</styleUrl>
      <Point>
        <coordinates>21.78392500,-11.08801500,0</coordinates>
      </Point>
    </Placemark>
    <Placemark>
      <styleUrl>#dados_com_ensaio</styleUrl>
      <Point>
        <coordinates>21.76866300,-11.10569800,0</coordinates>
      </Point>
    </Placemark>
    <Placemark>
      <styleUrl>#dados_com_ensaio</styleUrl>
      <Point>
        <coordinates>21.73871400,-11.13188100,0</coordinates>
      </Point>
    </Placemark>
    <Placemark>
      <styleUrl>#dados_com_ensaio</styleUrl>
      <Point>
        <coordinates>21.70973700,-11.15651200,0</coordinates>
      </Point>
    </Placemark>
    <Placemark>
      <styleUrl>#dados_com_ensaio</styleUrl>
      <Point>
        <coordinates>21.66190700,-11.20631500,0</coordinates>
      </Point>
    </Placemark>
    <Placemark>
      <styleUrl>#dados_com_ensaio</styleUrl>
      <Point>
        <coordinates>21.38306300,-14.18638900,0</coordinates>
      </Point>
    </Placemark>
    <Placemark>
      <styleUrl>#dados_com_ensaio</styleUrl>
      <Point>
        <coordinates>21.38381400,-14.18627000,0</coordinates>
      </Point>
    </Placemark>
    <Placemark>
      <styleUrl>#dados_com_ensaio</styleUrl>
      <Point>
        <coordinates>21.38249900,-14.18687800,0</coordinates>
      </Point>
    </Placemark>
    <Placemark>
      <styleUrl>#dados_com_ensaio</styleUrl>
      <Point>
        <coordinates>21.38326800,-14.18703000,0</coordinates>
      </Point>
    </Placemark>
    <Placemark>
      <styleUrl>#dados_com_ensaio</styleUrl>
      <Point>
        <coordinates>21.38069000,-14.30792100,0</coordinates>
      </Point>
    </Placemark>
    <Placemark>
      <styleUrl>#dados_com_ensaio</styleUrl>
      <Point>
        <coordinates>21.38069000,-14.30774900,0</coordinates>
      </Point>
    </Placemark>
    <Placemark>
      <styleUrl>#dados_com_ensaio</styleUrl>
      <Point>
        <coordinates>21.38039500,-14.30850000,0</coordinates>
      </Point>
    </Placemark>
    <Placemark>
      <styleUrl>#dados_com_ensaio</styleUrl>
      <Point>
        <coordinates>21.38030200,-14.30824700,0</coordinates>
      </Point>
    </Placemark>
    <Placemark>
      <styleUrl>#dados_com_ensaio</styleUrl>
      <Point>
        <coordinates>21.41050600,-14.41722000,0</coordinates>
      </Point>
    </Placemark>
    <Placemark>
      <styleUrl>#dados_com_ensaio</styleUrl>
      <Point>
        <coordinates>21.41020900,-14.41738300,0</coordinates>
      </Point>
    </Placemark>
    <Placemark>
      <styleUrl>#dados_com_ensaio</styleUrl>
      <Point>
        <coordinates>21.41000400,-14.41700400,0</coordinates>
      </Point>
    </Placemark>
    <Placemark>
      <styleUrl>#dados_com_ensaio</styleUrl>
      <Point>
        <coordinates>21.41012400,-14.41679500,0</coordinates>
      </Point>
    </Placemark>
    <Placemark>
      <styleUrl>#dados_com_ensaio</styleUrl>
      <Point>
        <coordinates>21.42038600,-14.51636000,0</coordinates>
      </Point>
    </Placemark>
    <Placemark>
      <styleUrl>#dados_com_ensaio</styleUrl>
      <Point>
        <coordinates>21.42003400,-14.51635100,0</coordinates>
      </Point>
    </Placemark>
    <Placemark>
      <styleUrl>#dados_com_ensaio</styleUrl>
      <Point>
        <coordinates>21.42027600,-14.51673100,0</coordinates>
      </Point>
    </Placemark>
    <Placemark>
      <styleUrl>#dados_com_ensaio</styleUrl>
      <Point>
        <coordinates>21.41979300,-14.51669500,0</coordinates>
      </Point>
    </Placemark>
    <Placemark>
      <styleUrl>#dados_com_ensaio</styleUrl>
      <Point>
        <coordinates>21.40078400,-14.59790200,0</coordinates>
      </Point>
    </Placemark>
    <Placemark>
      <styleUrl>#dados_com_ensaio</styleUrl>
      <Point>
        <coordinates>21.40093100,-14.59700700,0</coordinates>
      </Point>
    </Placemark>
    <Placemark>
      <styleUrl>#dados_com_ensaio</styleUrl>
      <Point>
        <coordinates>21.40041200,-14.59755900,0</coordinates>
      </Point>
    </Placemark>
    <Placemark>
      <styleUrl>#dados_com_ensaio</styleUrl>
      <Point>
        <coordinates>21.40115400,-14.59741300,0</coordinates>
      </Point>
    </Placemark>
    <Placemark>
      <styleUrl>#dados_com_ensaio</styleUrl>
      <Point>
        <coordinates>12.26961800,-15.21318000,0</coordinates>
      </Point>
    </Placemark>
    <Placemark>
      <styleUrl>#dados_com_ensaio</styleUrl>
      <Point>
        <coordinates>12.27026100,-15.21523800,0</coordinates>
      </Point>
    </Placemark>
    <Placemark>
      <styleUrl>#dados_com_ensaio</styleUrl>
      <Point>
        <coordinates>12.26134600,-15.24144000,0</coordinates>
      </Point>
    </Placemark>
    <Placemark>
      <styleUrl>#dados_com_ensaio</styleUrl>
      <Point>
        <coordinates>13.73057600,-8.39677500,0</coordinates>
      </Point>
    </Placemark>
    <Placemark>
      <styleUrl>#dados_com_ensaio</styleUrl>
      <Point>
        <coordinates>13.73079000,-8.39644000,0</coordinates>
      </Point>
    </Placemark>
    <Placemark>
      <styleUrl>#dados_com_ensaio</styleUrl>
      <Point>
        <coordinates>13.80484400,-8.33678600,0</coordinates>
      </Point>
    </Placemark>
    <Placemark>
      <styleUrl>#dados_com_ensaio</styleUrl>
      <Point>
        <coordinates>13.80509100,-8.33677400,0</coordinates>
      </Point>
    </Placemark>
    <Placemark>
      <styleUrl>#dados_com_ensaio</styleUrl>
      <Point>
        <coordinates>16.39573700,-11.69355000,0</coordinates>
      </Point>
    </Placemark>
    <Placemark>
      <styleUrl>#dados_com_ensaio</styleUrl>
      <Point>
        <coordinates>16.39456000,-11.69305900,0</coordinates>
      </Point>
    </Placemark>
    <Placemark>
      <styleUrl>#dados_com_ensaio</styleUrl>
      <Point>
        <coordinates>15.27784400,-9.69444400,0</coordinates>
      </Point>
    </Placemark>
    <Placemark>
      <styleUrl>#dados_com_ensaio</styleUrl>
      <Point>
        <coordinates>15.28236900,-9.69496100,0</coordinates>
      </Point>
    </Placemark>
    <Placemark>
      <styleUrl>#dados_com_ensaio</styleUrl>
      <Point>
        <coordinates>15.28685200,-9.69575400,0</coordinates>
      </Point>
    </Placemark>
    <Placemark>
      <styleUrl>#dados_com_ensaio</styleUrl>
      <Point>
        <coordinates>15.29133700,-9.69652800,0</coordinates>
      </Point>
    </Placemark>
    <Placemark>
      <styleUrl>#dados_com_ensaio</styleUrl>
      <Point>
        <coordinates>15.29572300,-9.69772200,0</coordinates>
      </Point>
    </Placemark>
    <Placemark>
      <styleUrl>#dados_com_ensaio</styleUrl>
      <Point>
        <coordinates>15.30014800,-9.69879200,0</coordinates>
      </Point>
    </Placemark>
    <Placemark>
      <styleUrl>#dados_com_ensaio</styleUrl>
      <Point>
        <coordinates>15.30458100,-9.69983000,0</coordinates>
      </Point>
    </Placemark>
    <Placemark>
      <styleUrl>#dados_com_ensaio</styleUrl>
      <Point>
        <coordinates>15.30899600,-9.70094100,0</coordinates>
      </Point>
    </Placemark>
    <Placemark>
      <styleUrl>#dados_com_ensaio</styleUrl>
      <Point>
        <coordinates>15.31308200,-9.70290400,0</coordinates>
      </Point>
    </Placemark>
    <Placemark>
      <styleUrl>#dados_com_ensaio</styleUrl>
      <Point>
        <coordinates>15.31717600,-9.70486200,0</coordinates>
      </Point>
    </Placemark>
    <Placemark>
      <styleUrl>#dados_com_ensaio</styleUrl>
      <Point>
        <coordinates>15.32160100,-9.70593600,0</coordinates>
      </Point>
    </Placemark>
    <Placemark>
      <styleUrl>#dados_com_ensaio</styleUrl>
      <Point>
        <coordinates>15.32600800,-9.70707500,0</coordinates>
      </Point>
    </Placemark>
    <Placemark>
      <styleUrl>#dados_com_ensaio</styleUrl>
      <Point>
        <coordinates>15.33041200,-9.70823000,0</coordinates>
      </Point>
    </Placemark>
    <Placemark>
      <styleUrl>#dados_com_ensaio</styleUrl>
      <Point>
        <coordinates>15.33481200,-9.70939800,0</coordinates>
      </Point>
    </Placemark>
    <Placemark>
      <styleUrl>#dados_com_ensaio</styleUrl>
      <Point>
        <coordinates>15.33875100,-9.71140800,0</coordinates>
      </Point>
    </Placemark>
    <Placemark>
      <styleUrl>#dados_com_ensaio</styleUrl>
      <Point>
        <coordinates>15.34280100,-9.71305900,0</coordinates>
      </Point>
    </Placemark>
    <Placemark>
      <styleUrl>#dados_com_ensaio</styleUrl>
      <Point>
        <coordinates>15.34732600,-9.71327300,0</coordinates>
      </Point>
    </Placemark>
    <Placemark>
      <styleUrl>#dados_com_ensaio</styleUrl>
      <Point>
        <coordinates>15.35082200,-9.71605200,0</coordinates>
      </Point>
    </Placemark>
    <Placemark>
      <styleUrl>#dados_com_ensaio</styleUrl>
      <Point>
        <coordinates>15.35386400,-9.71939700,0</coordinates>
      </Point>
    </Placemark>
    <Placemark>
      <styleUrl>#dados_com_ensaio</styleUrl>
      <Point>
        <coordinates>15.35693000,-9.72271900,0</coordinates>
      </Point>
    </Placemark>
    <Placemark>
      <styleUrl>#dados_com_ensaio</styleUrl>
      <Point>
        <coordinates>15.35991200,-9.72611000,0</coordinates>
      </Point>
    </Placemark>
    <Placemark>
      <styleUrl>#dados_com_ensaio</styleUrl>
      <Point>
        <coordinates>15.36255800,-9.72976700,0</coordinates>
      </Point>
    </Placemark>
    <Placemark>
      <styleUrl>#dados_com_ensaio</styleUrl>
      <Point>
        <coordinates>15.36518800,-9.73343500,0</coordinates>
      </Point>
    </Placemark>
    <Placemark>
      <styleUrl>#dados_com_ensaio</styleUrl>
      <Point>
        <coordinates>15.36877300,-9.73600000,0</coordinates>
      </Point>
    </Placemark>
    <Placemark>
      <styleUrl>#dados_com_ensaio</styleUrl>
      <Point>
        <coordinates>15.37327700,-9.73666900,0</coordinates>
      </Point>
    </Placemark>
    <Placemark>
      <styleUrl>#dados_com_ensaio</styleUrl>
      <Point>
        <coordinates>15.37779300,-9.73727700,0</coordinates>
      </Point>
    </Placemark>
    <Placemark>
      <styleUrl>#dados_com_ensaio</styleUrl>
      <Point>
        <coordinates>15.38223900,-9.73817600,0</coordinates>
      </Point>
    </Placemark>
    <Placemark>
      <styleUrl>#dados_com_ensaio</styleUrl>
      <Point>
        <coordinates>15.38628100,-9.74024500,0</coordinates>
      </Point>
    </Placemark>
    <Placemark>
      <styleUrl>#dados_com_ensaio</styleUrl>
      <Point>
        <coordinates>15.39040500,-9.74213100,0</coordinates>
      </Point>
    </Placemark>
    <Placemark>
      <styleUrl>#dados_com_ensaio</styleUrl>
      <Point>
        <coordinates>15.39455700,-9.74392800,0</coordinates>
      </Point>
    </Placemark>
    <Placemark>
      <styleUrl>#dados_com_ensaio</styleUrl>
      <Point>
        <coordinates>15.39846800,-9.74620900,0</coordinates>
      </Point>
    </Placemark>
    <Placemark>
      <styleUrl>#dados_com_ensaio</styleUrl>
      <Point>
        <coordinates>15.40296400,-9.74610500,0</coordinates>
      </Point>
    </Placemark>
    <Placemark>
      <styleUrl>#dados_com_ensaio</styleUrl>
      <Point>
        <coordinates>15.40741600,-9.74517600,0</coordinates>
      </Point>
    </Placemark>
    <Placemark>
      <styleUrl>#dados_com_ensaio</styleUrl>
      <Point>
        <coordinates>15.41190200,-9.74592300,0</coordinates>
      </Point>
    </Placemark>
    <Placemark>
      <styleUrl>#dados_com_ensaio</styleUrl>
      <Point>
        <coordinates>15.41597700,-9.74782000,0</coordinates>
      </Point>
    </Placemark>
    <Placemark>
      <styleUrl>#dados_com_ensaio</styleUrl>
      <Point>
        <coordinates>15.41940800,-9.75077600,0</coordinates>
      </Point>
    </Placemark>
    <Placemark>
      <styleUrl>#dados_com_ensaio</styleUrl>
      <Point>
        <coordinates>15.42353400,-9.75264800,0</coordinates>
      </Point>
    </Placemark>
    <Placemark>
      <styleUrl>#dados_com_ensaio</styleUrl>
      <Point>
        <coordinates>15.42775700,-9.75433600,0</coordinates>
      </Point>
    </Placemark>
    <Placemark>
      <styleUrl>#dados_com_ensaio</styleUrl>
      <Point>
        <coordinates>15.43198900,-9.75600200,0</coordinates>
      </Point>
    </Placemark>
    <Placemark>
      <styleUrl>#dados_com_ensaio</styleUrl>
      <Point>
        <coordinates>15.43625500,-9.75724400,0</coordinates>
      </Point>
    </Placemark>
    <Placemark>
      <styleUrl>#dados_com_ensaio</styleUrl>
      <Point>
        <coordinates>15.44075400,-9.75661300,0</coordinates>
      </Point>
    </Placemark>
    <Placemark>
      <styleUrl>#dados_com_ensaio</styleUrl>
      <Point>
        <coordinates>16.19855200,-9.98995300,0</coordinates>
      </Point>
    </Placemark>
    <Placemark>
      <styleUrl>#dados_com_ensaio</styleUrl>
      <Point>
        <coordinates>16.19867600,-9.98886700,0</coordinates>
      </Point>
    </Placemark>
    <Placemark>
      <styleUrl>#dados_com_ensaio</styleUrl>
      <Point>
        <coordinates>16.19937100,-9.98940700,0</coordinates>
      </Point>
    </Placemark>
    <Placemark>
      <styleUrl>#dados_com_ensaio</styleUrl>
      <Point>
        <coordinates>16.19833100,-9.98951900,0</coordinates>
      </Point>
    </Placemark>
    <Placemark>
      <styleUrl>#dados_com_ensaio</styleUrl>
      <Point>
        <coordinates>16.22078200,-9.96032000,0</coordinates>
      </Point>
    </Placemark>
    <Placemark>
      <styleUrl>#dados_com_ensaio</styleUrl>
      <Point>
        <coordinates>16.22017800,-9.95992500,0</coordinates>
      </Point>
    </Placemark>
    <Placemark>
      <styleUrl>#dados_com_ensaio</styleUrl>
      <Point>
        <coordinates>16.21998900,-9.96043200,0</coordinates>
      </Point>
    </Placemark>
    <Placemark>
      <styleUrl>#dados_com_ensaio</styleUrl>
      <Point>
        <coordinates>16.22060100,-9.96079100,0</coordinates>
      </Point>
    </Placemark>
    <Placemark>
      <styleUrl>#dados_com_ensaio</styleUrl>
      <Point>
        <coordinates>15.80884500,-12.77937200,0</coordinates>
      </Point>
    </Placemark>
    <Placemark>
      <styleUrl>#dados_com_ensaio</styleUrl>
      <Point>
        <coordinates>15.80930300,-12.77941800,0</coordinates>
      </Point>
    </Placemark>
    <Placemark>
      <styleUrl>#dados_com_ensaio</styleUrl>
      <Point>
        <coordinates>15.80976200,-12.77946400,0</coordinates>
      </Point>
    </Placemark>
    <Placemark>
      <styleUrl>#dados_com_ensaio</styleUrl>
      <Point>
        <coordinates>15.80875200,-12.78027200,0</coordinates>
      </Point>
    </Placemark>
    <Placemark>
      <styleUrl>#dados_com_ensaio</styleUrl>
      <Point>
        <coordinates>15.80921000,-12.78031800,0</coordinates>
      </Point>
    </Placemark>
    <Placemark>
      <styleUrl>#dados_com_ensaio</styleUrl>
      <Point>
        <coordinates>15.80966900,-12.78036400,0</coordinates>
      </Point>
    </Placemark>
    <Placemark>
      <styleUrl>#dados_com_ensaio</styleUrl>
      <Point>
        <coordinates>15.80864900,-12.78126100,0</coordinates>
      </Point>
    </Placemark>
    <Placemark>
      <styleUrl>#dados_com_ensaio</styleUrl>
      <Point>
        <coordinates>15.80910700,-12.78130700,0</coordinates>
      </Point>
    </Placemark>
    <Placemark>
      <styleUrl>#dados_com_ensaio</styleUrl>
      <Point>
        <coordinates>15.80956600,-12.78135300,0</coordinates>
      </Point>
    </Placemark>
    <Placemark>
      <styleUrl>#dados_com_ensaio</styleUrl>
      <Point>
        <coordinates>15.80853600,-12.78234100,0</coordinates>
      </Point>
    </Placemark>
    <Placemark>
      <styleUrl>#dados_com_ensaio</styleUrl>
      <Point>
        <coordinates>15.80899500,-12.78238700,0</coordinates>
      </Point>
    </Placemark>
    <Placemark>
      <styleUrl>#dados_com_ensaio</styleUrl>
      <Point>
        <coordinates>15.80945300,-12.78243300,0</coordinates>
      </Point>
    </Placemark>
    <Placemark>
      <styleUrl>#dados_com_ensaio</styleUrl>
      <Point>
        <coordinates>15.81521200,-12.22998700,0</coordinates>
      </Point>
    </Placemark>
    <Placemark>
      <styleUrl>#dados_com_ensaio</styleUrl>
      <Point>
        <coordinates>15.81538300,-12.22902800,0</coordinates>
      </Point>
    </Placemark>
    <Placemark>
      <styleUrl>#dados_com_ensaio</styleUrl>
      <Point>
        <coordinates>15.81382200,-12.22960200,0</coordinates>
      </Point>
    </Placemark>
    <Placemark>
      <styleUrl>#dados_com_ensaio</styleUrl>
      <Point>
        <coordinates>15.75232500,-12.82821700,0</coordinates>
      </Point>
    </Placemark>
    <Placemark>
      <styleUrl>#dados_com_ensaio</styleUrl>
      <Point>
        <coordinates>15.75335900,-12.82888300,0</coordinates>
      </Point>
    </Placemark>
    <Placemark>
      <styleUrl>#dados_com_ensaio</styleUrl>
      <Point>
        <coordinates>15.75377900,-12.82767000,0</coordinates>
      </Point>
    </Placemark>
    <Placemark>
      <styleUrl>#dados_com_ensaio</styleUrl>
      <Point>
        <coordinates>15.65197700,-13.26447900,0</coordinates>
      </Point>
    </Placemark>
    <Placemark>
      <styleUrl>#dados_com_ensaio</styleUrl>
      <Point>
        <coordinates>15.65182000,-13.26445300,0</coordinates>
      </Point>
    </Placemark>
    <Placemark>
      <styleUrl>#dados_com_ensaio</styleUrl>
      <Point>
        <coordinates>15.65173700,-13.26454300,0</coordinates>
      </Point>
    </Placemark>
    <Placemark>
      <styleUrl>#dados_com_ensaio</styleUrl>
      <Point>
        <coordinates>15.65195900,-13.26464200,0</coordinates>
      </Point>
    </Placemark>
    <Placemark>
      <styleUrl>#dados_com_ensaio</styleUrl>
      <Point>
        <coordinates>15.65886100,-13.27747300,0</coordinates>
      </Point>
    </Placemark>
    <Placemark>
      <styleUrl>#dados_com_ensaio</styleUrl>
      <Point>
        <coordinates>15.66126500,-13.27885000,0</coordinates>
      </Point>
    </Placemark>
    <Placemark>
      <styleUrl>#dados_com_ensaio</styleUrl>
      <Point>
        <coordinates>15.66011600,-13.27742500,0</coordinates>
      </Point>
    </Placemark>
    <Placemark>
      <styleUrl>#dados_com_ensaio</styleUrl>
      <Point>
        <coordinates>15.65926100,-13.27847600,0</coordinates>
      </Point>
    </Placemark>
    <Placemark>
      <styleUrl>#dados_com_ensaio</styleUrl>
      <Point>
        <coordinates>15.66552900,-13.28200400,0</coordinates>
      </Point>
    </Placemark>
    <Placemark>
      <styleUrl>#dados_com_ensaio</styleUrl>
      <Point>
        <coordinates>15.66543700,-13.28220300,0</coordinates>
      </Point>
    </Placemark>
    <Placemark>
      <styleUrl>#dados_com_ensaio</styleUrl>
      <Point>
        <coordinates>15.66504900,-13.28183300,0</coordinates>
      </Point>
    </Placemark>
    <Placemark>
      <styleUrl>#dados_com_ensaio</styleUrl>
      <Point>
        <coordinates>15.66515100,-13.28215900,0</coordinates>
      </Point>
    </Placemark>
    <Placemark>
      <styleUrl>#dados_com_ensaio</styleUrl>
      <Point>
        <coordinates>15.66796300,-13.28770300,0</coordinates>
      </Point>
    </Placemark>
    <Placemark>
      <styleUrl>#dados_com_ensaio</styleUrl>
      <Point>
        <coordinates>15.66773200,-13.28762200,0</coordinates>
      </Point>
    </Placemark>
    <Placemark>
      <styleUrl>#dados_com_ensaio</styleUrl>
      <Point>
        <coordinates>15.66762200,-13.28777600,0</coordinates>
      </Point>
    </Placemark>
    <Placemark>
      <styleUrl>#dados_com_ensaio</styleUrl>
      <Point>
        <coordinates>15.66785300,-13.28789300,0</coordinates>
      </Point>
    </Placemark>
    <Placemark>
      <styleUrl>#dados_com_ensaio</styleUrl>
      <Point>
        <coordinates>15.72878700,-13.44309100,0</coordinates>
      </Point>
    </Placemark>
    <Placemark>
      <styleUrl>#dados_com_ensaio</styleUrl>
      <Point>
        <coordinates>15.72819500,-13.44295700,0</coordinates>
      </Point>
    </Placemark>
    <Placemark>
      <styleUrl>#dados_com_ensaio</styleUrl>
      <Point>
        <coordinates>15.72822400,-13.44316500,0</coordinates>
      </Point>
    </Placemark>
    <Placemark>
      <styleUrl>#dados_com_ensaio</styleUrl>
      <Point>
        <coordinates>15.72871400,-13.44332700,0</coordinates>
      </Point>
    </Placemark>
    <Placemark>
      <styleUrl>#dados_com_ensaio</styleUrl>
      <Point>
        <coordinates>15.86856800,-12.15905900,0</coordinates>
      </Point>
    </Placemark>
    <Placemark>
      <styleUrl>#dados_com_ensaio</styleUrl>
      <Point>
        <coordinates>15.86857700,-12.15919400,0</coordinates>
      </Point>
    </Placemark>
    <Placemark>
      <styleUrl>#dados_com_ensaio</styleUrl>
      <Point>
        <coordinates>15.86877800,-12.15889500,0</coordinates>
      </Point>
    </Placemark>
    <Placemark>
      <styleUrl>#dados_com_ensaio</styleUrl>
      <Point>
        <coordinates>15.86888100,-12.15925700,0</coordinates>
      </Point>
    </Placemark>
    <Placemark>
      <styleUrl>#dados_com_ensaio</styleUrl>
      <Point>
        <coordinates>16.41183200,-11.60005900,0</coordinates>
      </Point>
    </Placemark>
    <Placemark>
      <styleUrl>#dados_com_ensaio</styleUrl>
      <Point>
        <coordinates>16.44610400,-11.62733800,0</coordinates>
      </Point>
    </Placemark>
    <Placemark>
      <styleUrl>#dados_com_ensaio</styleUrl>
      <Point>
        <coordinates>16.37400300,-11.70247100,0</coordinates>
      </Point>
    </Placemark>
    <Placemark>
      <styleUrl>#dados_com_ensaio</styleUrl>
      <Point>
        <coordinates>16.33440400,-11.71677100,0</coordinates>
      </Point>
    </Placemark>
    <Placemark>
      <styleUrl>#dados_com_ensaio</styleUrl>
      <Point>
        <coordinates>16.29754900,-11.69299000,0</coordinates>
      </Point>
    </Placemark>
    <Placemark>
      <styleUrl>#dados_com_ensaio</styleUrl>
      <Point>
        <coordinates>16.44282500,-11.54773100,0</coordinates>
      </Point>
    </Placemark>
    <Placemark>
      <styleUrl>#dados_com_ensaio</styleUrl>
      <Point>
        <coordinates>16.44397900,-11.54748100,0</coordinates>
      </Point>
    </Placemark>
    <Placemark>
      <styleUrl>#dados_com_ensaio</styleUrl>
      <Point>
        <coordinates>16.44332700,-11.54545000,0</coordinates>
      </Point>
    </Placemark>
    <Placemark>
      <styleUrl>#dados_com_ensaio</styleUrl>
      <Point>
        <coordinates>16.44233900,-11.54582500,0</coordinates>
      </Point>
    </Placemark>
    <Placemark>
      <styleUrl>#dados_com_ensaio</styleUrl>
      <Point>
        <coordinates>16.43045300,-11.61731700,0</coordinates>
      </Point>
    </Placemark>
    <Placemark>
      <styleUrl>#dados_com_ensaio</styleUrl>
      <Point>
        <coordinates>16.43116300,-11.61633700,0</coordinates>
      </Point>
    </Placemark>
    <Placemark>
      <styleUrl>#dados_com_ensaio</styleUrl>
      <Point>
        <coordinates>16.42975900,-11.61610900,0</coordinates>
      </Point>
    </Placemark>
    <Placemark>
      <styleUrl>#dados_com_ensaio</styleUrl>
      <Point>
        <coordinates>16.42935100,-11.61698800,0</coordinates>
      </Point>
    </Placemark>
    <Placemark>
      <styleUrl>#dados_com_ensaio</styleUrl>
      <Point>
        <coordinates>16.43368600,-11.65936000,0</coordinates>
      </Point>
    </Placemark>
    <Placemark>
      <styleUrl>#dados_com_ensaio</styleUrl>
      <Point>
        <coordinates>16.39010200,-11.69130800,0</coordinates>
      </Point>
    </Placemark>
    <Placemark>
      <styleUrl>#dados_com_ensaio</styleUrl>
      <Point>
        <coordinates>16.39235600,-11.69070100,0</coordinates>
      </Point>
    </Placemark>
    <Placemark>
      <styleUrl>#dados_com_ensaio</styleUrl>
      <Point>
        <coordinates>16.28930000,-11.69064000,0</coordinates>
      </Point>
    </Placemark>
    <Placemark>
      <styleUrl>#dados_com_ensaio</styleUrl>
      <Point>
        <coordinates>16.28915000,-11.68984500,0</coordinates>
      </Point>
    </Placemark>
    <Placemark>
      <styleUrl>#dados_com_ensaio</styleUrl>
      <Point>
        <coordinates>16.29017900,-11.69022000,0</coordinates>
      </Point>
    </Placemark>
    <Placemark>
      <styleUrl>#dados_com_ensaio</styleUrl>
      <Point>
        <coordinates>16.29052000,-11.69069800,0</coordinates>
      </Point>
    </Placemark>
    <Placemark>
      <styleUrl>#dados_com_ensaio</styleUrl>
      <Point>
        <coordinates>16.44067800,-11.53833900,0</coordinates>
      </Point>
    </Placemark>
    <Placemark>
      <styleUrl>#dados_com_ensaio</styleUrl>
      <Point>
        <coordinates>16.44241900,-11.54723500,0</coordinates>
      </Point>
    </Placemark>
    <Placemark>
      <styleUrl>#dados_com_ensaio</styleUrl>
      <Point>
        <coordinates>16.44144500,-11.55566600,0</coordinates>
      </Point>
    </Placemark>
    <Placemark>
      <styleUrl>#dados_com_ensaio</styleUrl>
      <Point>
        <coordinates>16.42323900,-11.61257000,0</coordinates>
      </Point>
    </Placemark>
    <Placemark>
      <styleUrl>#dados_com_ensaio</styleUrl>
      <Point>
        <coordinates>16.43064700,-11.61764200,0</coordinates>
      </Point>
    </Placemark>
    <Placemark>
      <styleUrl>#dados_com_ensaio</styleUrl>
      <Point>
        <coordinates>16.43864800,-11.62192400,0</coordinates>
      </Point>
    </Placemark>
    <Placemark>
      <styleUrl>#dados_com_ensaio</styleUrl>
      <Point>
        <coordinates>16.45322200,-11.63288100,0</coordinates>
      </Point>
    </Placemark>
    <Placemark>
      <styleUrl>#dados_com_ensaio</styleUrl>
      <Point>
        <coordinates>16.45784900,-11.64079500,0</coordinates>
      </Point>
    </Placemark>
    <Placemark>
      <styleUrl>#dados_com_ensaio</styleUrl>
      <Point>
        <coordinates>16.45198300,-11.64687300,0</coordinates>
      </Point>
    </Placemark>
    <Placemark>
      <styleUrl>#dados_com_ensaio</styleUrl>
      <Point>
        <coordinates>16.43017900,-11.66236100,0</coordinates>
      </Point>
    </Placemark>
    <Placemark>
      <styleUrl>#dados_com_ensaio</styleUrl>
      <Point>
        <coordinates>16.42319900,-11.66790200,0</coordinates>
      </Point>
    </Placemark>
    <Placemark>
      <styleUrl>#dados_com_ensaio</styleUrl>
      <Point>
        <coordinates>16.42013300,-11.67646100,0</coordinates>
      </Point>
    </Placemark>
    <Placemark>
      <styleUrl>#dados_com_ensaio</styleUrl>
      <Point>
        <coordinates>16.40475200,-11.69494400,0</coordinates>
      </Point>
    </Placemark>
    <Placemark>
      <styleUrl>#dados_com_ensaio</styleUrl>
      <Point>
        <coordinates>16.39621400,-11.69361100,0</coordinates>
      </Point>
    </Placemark>
    <Placemark>
      <styleUrl>#dados_com_ensaio</styleUrl>
      <Point>
        <coordinates>16.38774300,-11.69103100,0</coordinates>
      </Point>
    </Placemark>
    <Placemark>
      <styleUrl>#dados_com_ensaio</styleUrl>
      <Point>
        <coordinates>16.38072300,-11.69600100,0</coordinates>
      </Point>
    </Placemark>
    <Placemark>
      <styleUrl>#dados_com_ensaio</styleUrl>
      <Point>
        <coordinates>16.36739000,-11.70845100,0</coordinates>
      </Point>
    </Placemark>
    <Placemark>
      <styleUrl>#dados_com_ensaio</styleUrl>
      <Point>
        <coordinates>16.35940900,-11.71222300,0</coordinates>
      </Point>
    </Placemark>
    <Placemark>
      <styleUrl>#dados_com_ensaio</styleUrl>
      <Point>
        <coordinates>16.35164400,-11.71151000,0</coordinates>
      </Point>
    </Placemark>
    <Placemark>
      <styleUrl>#dados_com_ensaio</styleUrl>
      <Point>
        <coordinates>16.34298700,-11.71971500,0</coordinates>
      </Point>
    </Placemark>
    <Placemark>
      <styleUrl>#dados_com_ensaio</styleUrl>
      <Point>
        <coordinates>16.32713000,-11.71136200,0</coordinates>
      </Point>
    </Placemark>
    <Placemark>
      <styleUrl>#dados_com_ensaio</styleUrl>
      <Point>
        <coordinates>16.31995900,-11.70632300,0</coordinates>
      </Point>
    </Placemark>
    <Placemark>
      <styleUrl>#dados_com_ensaio</styleUrl>
      <Point>
        <coordinates>16.31249300,-11.70279500,0</coordinates>
      </Point>
    </Placemark>
    <Placemark>
      <styleUrl>#dados_com_ensaio</styleUrl>
      <Point>
        <coordinates>16.30444700,-11.69875400,0</coordinates>
      </Point>
    </Placemark>
    <Placemark>
      <styleUrl>#dados_com_ensaio</styleUrl>
      <Point>
        <coordinates>16.28907200,-11.69092100,0</coordinates>
      </Point>
    </Placemark>
    <Placemark>
      <styleUrl>#dados_com_ensaio</styleUrl>
      <Point>
        <coordinates>16.28153300,-11.68729300,0</coordinates>
      </Point>
    </Placemark>
    <Placemark>
      <styleUrl>#dados_com_ensaio</styleUrl>
      <Point>
        <coordinates>15.04277500,-14.47168600,0</coordinates>
      </Point>
    </Placemark>
    <Placemark>
      <styleUrl>#dados_com_ensaio</styleUrl>
      <Point>
        <coordinates>15.04193100,-14.47610800,0</coordinates>
      </Point>
    </Placemark>
    <Placemark>
      <styleUrl>#dados_com_ensaio</styleUrl>
      <Point>
        <coordinates>15.04020500,-14.48494400,0</coordinates>
      </Point>
    </Placemark>
    <Placemark>
      <styleUrl>#dados_com_ensaio</styleUrl>
      <Point>
        <coordinates>15.03933100,-14.48936100,0</coordinates>
      </Point>
    </Placemark>
    <Placemark>
      <styleUrl>#dados_com_ensaio</styleUrl>
      <Point>
        <coordinates>15.03797200,-14.50268000,0</coordinates>
      </Point>
    </Placemark>
    <Placemark>
      <styleUrl>#dados_com_ensaio</styleUrl>
      <Point>
        <coordinates>15.03835400,-14.50716200,0</coordinates>
      </Point>
    </Placemark>
    <Placemark>
      <styleUrl>#dados_com_ensaio</styleUrl>
      <Point>
        <coordinates>15.03873700,-14.51164300,0</coordinates>
      </Point>
    </Placemark>
    <Placemark>
      <styleUrl>#dados_com_ensaio</styleUrl>
      <Point>
        <coordinates>15.03914800,-14.51612200,0</coordinates>
      </Point>
    </Placemark>
    <Placemark>
      <styleUrl>#dados_com_ensaio</styleUrl>
      <Point>
        <coordinates>15.03941800,-14.52060400,0</coordinates>
      </Point>
    </Placemark>
    <Placemark>
      <styleUrl>#dados_com_ensaio</styleUrl>
      <Point>
        <coordinates>15.03981200,-14.52508400,0</coordinates>
      </Point>
    </Placemark>
    <Placemark>
      <styleUrl>#dados_com_ensaio</styleUrl>
      <Point>
        <coordinates>15.04020600,-14.52956500,0</coordinates>
      </Point>
    </Placemark>
    <Placemark>
      <styleUrl>#dados_com_ensaio</styleUrl>
      <Point>
        <coordinates>15.04061100,-14.53404400,0</coordinates>
      </Point>
    </Placemark>
    <Placemark>
      <styleUrl>#dados_com_ensaio</styleUrl>
      <Point>
        <coordinates>15.05507600,-14.59971700,0</coordinates>
      </Point>
    </Placemark>
    <Placemark>
      <styleUrl>#dados_com_ensaio</styleUrl>
      <Point>
        <coordinates>15.05446500,-14.60404100,0</coordinates>
      </Point>
    </Placemark>
    <Placemark>
      <styleUrl>#dados_com_ensaio</styleUrl>
      <Point>
        <coordinates>15.02764500,-14.66605900,0</coordinates>
      </Point>
    </Placemark>
    <Placemark>
      <styleUrl>#dados_com_ensaio</styleUrl>
      <Point>
        <coordinates>15.02545100,-14.67002300,0</coordinates>
      </Point>
    </Placemark>
    <Placemark>
      <styleUrl>#dados_com_ensaio</styleUrl>
      <Point>
        <coordinates>15.02280300,-14.67362500,0</coordinates>
      </Point>
    </Placemark>
    <Placemark>
      <styleUrl>#dados_com_ensaio</styleUrl>
      <Point>
        <coordinates>15.01874700,-14.67582100,0</coordinates>
      </Point>
    </Placemark>
    <Placemark>
      <styleUrl>#dados_com_ensaio</styleUrl>
      <Point>
        <coordinates>15.01469100,-14.67801800,0</coordinates>
      </Point>
    </Placemark>
    <Placemark>
      <styleUrl>#dados_com_ensaio</styleUrl>
      <Point>
        <coordinates>15.01063500,-14.68021400,0</coordinates>
      </Point>
    </Placemark>
    <Placemark>
      <styleUrl>#dados_com_ensaio</styleUrl>
      <Point>
        <coordinates>20.79230600,-7.43833400,0</coordinates>
      </Point>
    </Placemark>
    <Placemark>
      <styleUrl>#dados_com_ensaio</styleUrl>
      <Point>
        <coordinates>20.79257700,-7.43933800,0</coordinates>
      </Point>
    </Placemark>
    <Placemark>
      <styleUrl>#dados_com_ensaio</styleUrl>
      <Point>
        <coordinates>20.79250400,-7.44082200,0</coordinates>
      </Point>
    </Placemark>
    <Placemark>
      <styleUrl>#dados_com_ensaio</styleUrl>
      <Point>
        <coordinates>20.80323300,-7.42251800,0</coordinates>
      </Point>
    </Placemark>
    <Placemark>
      <styleUrl>#dados_com_ensaio</styleUrl>
      <Point>
        <coordinates>20.74040100,-8.41452300,0</coordinates>
      </Point>
    </Placemark>
    <Placemark>
      <styleUrl>#dados_com_ensaio</styleUrl>
      <Point>
        <coordinates>20.70624100,-8.45734700,0</coordinates>
      </Point>
    </Placemark>
    <Placemark>
      <styleUrl>#dados_com_ensaio</styleUrl>
      <Point>
        <coordinates>20.73849000,-8.42098100,0</coordinates>
      </Point>
    </Placemark>
    <Placemark>
      <styleUrl>#dados_com_ensaio</styleUrl>
      <Point>
        <coordinates>16.98554100,-9.48025600,0</coordinates>
      </Point>
    </Placemark>
    <Placemark>
      <styleUrl>#dados_com_ensaio</styleUrl>
      <Point>
        <coordinates>16.98562200,-9.48041800,0</coordinates>
      </Point>
    </Placemark>
    <Placemark>
      <styleUrl>#dados_com_ensaio</styleUrl>
      <Point>
        <coordinates>16.98570200,-9.48058000,0</coordinates>
      </Point>
    </Placemark>
    <Placemark>
      <styleUrl>#dados_com_ensaio</styleUrl>
      <Point>
        <coordinates>16.98578200,-9.48074300,0</coordinates>
      </Point>
    </Placemark>
    <Placemark>
      <styleUrl>#dados_com_ensaio</styleUrl>
      <Point>
        <coordinates>16.98586300,-9.48090500,0</coordinates>
      </Point>
    </Placemark>
    <Placemark>
      <styleUrl>#dados_com_ensaio</styleUrl>
      <Point>
        <coordinates>16.98594300,-9.48106700,0</coordinates>
      </Point>
    </Placemark>
    <Placemark>
      <styleUrl>#dados_com_ensaio</styleUrl>
      <Point>
        <coordinates>16.98602300,-9.48122900,0</coordinates>
      </Point>
    </Placemark>
    <Placemark>
      <styleUrl>#dados_com_ensaio</styleUrl>
      <Point>
        <coordinates>16.98610400,-9.48139200,0</coordinates>
      </Point>
    </Placemark>
    <Placemark>
      <styleUrl>#dados_com_ensaio</styleUrl>
      <Point>
        <coordinates>16.98618400,-9.48155400,0</coordinates>
      </Point>
    </Placemark>
    <Placemark>
      <styleUrl>#dados_com_ensaio</styleUrl>
      <Point>
        <coordinates>16.98626400,-9.48171600,0</coordinates>
      </Point>
    </Placemark>
    <Placemark>
      <styleUrl>#dados_com_ensaio</styleUrl>
      <Point>
        <coordinates>16.98634500,-9.48187800,0</coordinates>
      </Point>
    </Placemark>
    <Placemark>
      <styleUrl>#dados_com_ensaio</styleUrl>
      <Point>
        <coordinates>16.98642400,-9.48204100,0</coordinates>
      </Point>
    </Placemark>
    <Placemark>
      <styleUrl>#dados_com_ensaio</styleUrl>
      <Point>
        <coordinates>16.98650200,-9.48220400,0</coordinates>
      </Point>
    </Placemark>
    <Placemark>
      <styleUrl>#dados_com_ensaio</styleUrl>
      <Point>
        <coordinates>16.98658000,-9.48236800,0</coordinates>
      </Point>
    </Placemark>
    <Placemark>
      <styleUrl>#dados_com_ensaio</styleUrl>
      <Point>
        <coordinates>16.98665900,-9.48253100,0</coordinates>
      </Point>
    </Placemark>
    <Placemark>
      <styleUrl>#dados_com_ensaio</styleUrl>
      <Point>
        <coordinates>16.98673700,-9.48269400,0</coordinates>
      </Point>
    </Placemark>
    <Placemark>
      <styleUrl>#dados_com_ensaio</styleUrl>
      <Point>
        <coordinates>16.98681600,-9.48285700,0</coordinates>
      </Point>
    </Placemark>
    <Placemark>
      <styleUrl>#dados_com_ensaio</styleUrl>
      <Point>
        <coordinates>16.98689400,-9.48302000,0</coordinates>
      </Point>
    </Placemark>
    <Placemark>
      <styleUrl>#dados_com_ensaio</styleUrl>
      <Point>
        <coordinates>16.98697200,-9.48318400,0</coordinates>
      </Point>
    </Placemark>
    <Placemark>
      <styleUrl>#dados_com_ensaio</styleUrl>
      <Point>
        <coordinates>16.98705100,-9.48334700,0</coordinates>
      </Point>
    </Placemark>
    <Placemark>
      <styleUrl>#dados_com_ensaio</styleUrl>
      <Point>
        <coordinates>16.98712900,-9.48351000,0</coordinates>
      </Point>
    </Placemark>
    <Placemark>
      <styleUrl>#dados_com_ensaio</styleUrl>
      <Point>
        <coordinates>16.98720700,-9.48367300,0</coordinates>
      </Point>
    </Placemark>
    <Placemark>
      <styleUrl>#dados_com_ensaio</styleUrl>
      <Point>
        <coordinates>16.98728600,-9.48383600,0</coordinates>
      </Point>
    </Placemark>
    <Placemark>
      <styleUrl>#dados_com_ensaio</styleUrl>
      <Point>
        <coordinates>16.98736400,-9.48400000,0</coordinates>
      </Point>
    </Placemark>
    <Placemark>
      <styleUrl>#dados_com_ensaio</styleUrl>
      <Point>
        <coordinates>16.98744200,-9.48416300,0</coordinates>
      </Point>
    </Placemark>
    <Placemark>
      <styleUrl>#dados_com_ensaio</styleUrl>
      <Point>
        <coordinates>16.98752100,-9.48432600,0</coordinates>
      </Point>
    </Placemark>
    <Placemark>
      <styleUrl>#dados_com_ensaio</styleUrl>
      <Point>
        <coordinates>16.98759900,-9.48448900,0</coordinates>
      </Point>
    </Placemark>
    <Placemark>
      <styleUrl>#dados_com_ensaio</styleUrl>
      <Point>
        <coordinates>16.98767700,-9.48465200,0</coordinates>
      </Point>
    </Placemark>
    <Placemark>
      <styleUrl>#dados_com_ensaio</styleUrl>
      <Point>
        <coordinates>16.98777300,-9.48480600,0</coordinates>
      </Point>
    </Placemark>
    <Placemark>
      <styleUrl>#dados_com_ensaio</styleUrl>
      <Point>
        <coordinates>16.98787000,-9.48495900,0</coordinates>
      </Point>
    </Placemark>
    <Placemark>
      <styleUrl>#dados_com_ensaio</styleUrl>
      <Point>
        <coordinates>16.98796800,-9.48511200,0</coordinates>
      </Point>
    </Placemark>
    <Placemark>
      <styleUrl>#dados_com_ensaio</styleUrl>
      <Point>
        <coordinates>16.98807500,-9.48525700,0</coordinates>
      </Point>
    </Placemark>
    <Placemark>
      <styleUrl>#dados_com_ensaio</styleUrl>
      <Point>
        <coordinates>16.98819700,-9.48539100,0</coordinates>
      </Point>
    </Placemark>
    <Placemark>
      <styleUrl>#dados_com_ensaio</styleUrl>
      <Point>
        <coordinates>16.98831900,-9.48552600,0</coordinates>
      </Point>
    </Placemark>
    <Placemark>
      <styleUrl>#dados_com_ensaio</styleUrl>
      <Point>
        <coordinates>16.98844100,-9.48566000,0</coordinates>
      </Point>
    </Placemark>
    <Placemark>
      <styleUrl>#dados_com_ensaio</styleUrl>
      <Point>
        <coordinates>16.98857200,-9.48578500,0</coordinates>
      </Point>
    </Placemark>
    <Placemark>
      <styleUrl>#dados_com_ensaio</styleUrl>
      <Point>
        <coordinates>16.98870600,-9.48590700,0</coordinates>
      </Point>
    </Placemark>
    <Placemark>
      <styleUrl>#dados_com_ensaio</styleUrl>
      <Point>
        <coordinates>16.98884000,-9.48602900,0</coordinates>
      </Point>
    </Placemark>
    <Placemark>
      <styleUrl>#dados_com_ensaio</styleUrl>
      <Point>
        <coordinates>16.98897500,-9.48615200,0</coordinates>
      </Point>
    </Placemark>
    <Placemark>
      <styleUrl>#dados_com_ensaio</styleUrl>
      <Point>
        <coordinates>16.98910900,-9.48627400,0</coordinates>
      </Point>
    </Placemark>
    <Placemark>
      <styleUrl>#dados_com_ensaio</styleUrl>
      <Point>
        <coordinates>16.98924300,-9.48639600,0</coordinates>
      </Point>
    </Placemark>
    <Placemark>
      <styleUrl>#dados_com_ensaio</styleUrl>
      <Point>
        <coordinates>16.98937700,-9.48651800,0</coordinates>
      </Point>
    </Placemark>
    <Placemark>
      <styleUrl>#dados_com_ensaio</styleUrl>
      <Point>
        <coordinates>16.98951100,-9.48664100,0</coordinates>
      </Point>
    </Placemark>
    <Placemark>
      <styleUrl>#dados_com_ensaio</styleUrl>
      <Point>
        <coordinates>16.98964600,-9.48676300,0</coordinates>
      </Point>
    </Placemark>
    <Placemark>
      <styleUrl>#dados_com_ensaio</styleUrl>
      <Point>
        <coordinates>16.98978000,-9.48688500,0</coordinates>
      </Point>
    </Placemark>
    <Placemark>
      <styleUrl>#dados_com_ensaio</styleUrl>
      <Point>
        <coordinates>16.98991400,-9.48700700,0</coordinates>
      </Point>
    </Placemark>
    <Placemark>
      <styleUrl>#dados_com_ensaio</styleUrl>
      <Point>
        <coordinates>16.99004800,-9.48712900,0</coordinates>
      </Point>
    </Placemark>
    <Placemark>
      <styleUrl>#dados_com_ensaio</styleUrl>
      <Point>
        <coordinates>16.99018200,-9.48725200,0</coordinates>
      </Point>
    </Placemark>
    <Placemark>
      <styleUrl>#dados_com_ensaio</styleUrl>
      <Point>
        <coordinates>16.99031600,-9.48737400,0</coordinates>
      </Point>
    </Placemark>
    <Placemark>
      <styleUrl>#dados_com_ensaio</styleUrl>
      <Point>
        <coordinates>16.99045100,-9.48749600,0</coordinates>
      </Point>
    </Placemark>
    <Placemark>
      <styleUrl>#dados_com_ensaio</styleUrl>
      <Point>
        <coordinates>16.99058500,-9.48761800,0</coordinates>
      </Point>
    </Placemark>
    <Placemark>
      <styleUrl>#dados_com_ensaio</styleUrl>
      <Point>
        <coordinates>16.99071900,-9.48774100,0</coordinates>
      </Point>
    </Placemark>
    <Placemark>
      <styleUrl>#dados_com_ensaio</styleUrl>
      <Point>
        <coordinates>16.99085300,-9.48786300,0</coordinates>
      </Point>
    </Placemark>
    <Placemark>
      <styleUrl>#dados_com_ensaio</styleUrl>
      <Point>
        <coordinates>16.99098700,-9.48798500,0</coordinates>
      </Point>
    </Placemark>
    <Placemark>
      <styleUrl>#dados_com_ensaio</styleUrl>
      <Point>
        <coordinates>16.99112100,-9.48810700,0</coordinates>
      </Point>
    </Placemark>
    <Placemark>
      <styleUrl>#dados_com_ensaio</styleUrl>
      <Point>
        <coordinates>16.99125600,-9.48823000,0</coordinates>
      </Point>
    </Placemark>
    <Placemark>
      <styleUrl>#dados_com_ensaio</styleUrl>
      <Point>
        <coordinates>16.99139000,-9.48835200,0</coordinates>
      </Point>
    </Placemark>
    <Placemark>
      <styleUrl>#dados_com_ensaio</styleUrl>
      <Point>
        <coordinates>16.99152400,-9.48847400,0</coordinates>
      </Point>
    </Placemark>
    <Placemark>
      <styleUrl>#dados_com_ensaio</styleUrl>
      <Point>
        <coordinates>16.99165800,-9.48859600,0</coordinates>
      </Point>
    </Placemark>
    <Placemark>
      <styleUrl>#dados_com_ensaio</styleUrl>
      <Point>
        <coordinates>16.99179200,-9.48871800,0</coordinates>
      </Point>
    </Placemark>
    <Placemark>
      <styleUrl>#dados_com_ensaio</styleUrl>
      <Point>
        <coordinates>16.99192600,-9.48884100,0</coordinates>
      </Point>
    </Placemark>
    <Placemark>
      <styleUrl>#dados_com_ensaio</styleUrl>
      <Point>
        <coordinates>16.99206100,-9.48896300,0</coordinates>
      </Point>
    </Placemark>
    <Placemark>
      <styleUrl>#dados_com_ensaio</styleUrl>
      <Point>
        <coordinates>16.99219600,-9.48908400,0</coordinates>
      </Point>
    </Placemark>
    <Placemark>
      <styleUrl>#dados_com_ensaio</styleUrl>
      <Point>
        <coordinates>16.99233100,-9.48920500,0</coordinates>
      </Point>
    </Placemark>
    <Placemark>
      <styleUrl>#dados_com_ensaio</styleUrl>
      <Point>
        <coordinates>16.99246600,-9.48932700,0</coordinates>
      </Point>
    </Placemark>
    <Placemark>
      <styleUrl>#dados_com_ensaio</styleUrl>
      <Point>
        <coordinates>16.99260100,-9.48944800,0</coordinates>
      </Point>
    </Placemark>
    <Placemark>
      <styleUrl>#dados_com_ensaio</styleUrl>
      <Point>
        <coordinates>16.99273600,-9.48957000,0</coordinates>
      </Point>
    </Placemark>
    <Placemark>
      <styleUrl>#dados_com_ensaio</styleUrl>
      <Point>
        <coordinates>16.99287100,-9.48969100,0</coordinates>
      </Point>
    </Placemark>
    <Placemark>
      <styleUrl>#dados_com_ensaio</styleUrl>
      <Point>
        <coordinates>16.99300500,-9.48981300,0</coordinates>
      </Point>
    </Placemark>
    <Placemark>
      <styleUrl>#dados_com_ensaio</styleUrl>
      <Point>
        <coordinates>16.99314000,-9.48993400,0</coordinates>
      </Point>
    </Placemark>
    <Placemark>
      <styleUrl>#dados_com_ensaio</styleUrl>
      <Point>
        <coordinates>16.99327500,-9.49005500,0</coordinates>
      </Point>
    </Placemark>
    <Placemark>
      <styleUrl>#dados_com_ensaio</styleUrl>
      <Point>
        <coordinates>16.99341000,-9.49017700,0</coordinates>
      </Point>
    </Placemark>
    <Placemark>
      <styleUrl>#dados_com_ensaio</styleUrl>
      <Point>
        <coordinates>16.99354500,-9.49029800,0</coordinates>
      </Point>
    </Placemark>
    <Placemark>
      <styleUrl>#dados_com_ensaio</styleUrl>
      <Point>
        <coordinates>16.99368000,-9.49041900,0</coordinates>
      </Point>
    </Placemark>
    <Placemark>
      <styleUrl>#dados_com_ensaio</styleUrl>
      <Point>
        <coordinates>16.99381500,-9.49054100,0</coordinates>
      </Point>
    </Placemark>
    <Placemark>
      <styleUrl>#dados_com_ensaio</styleUrl>
      <Point>
        <coordinates>16.99395000,-9.49066300,0</coordinates>
      </Point>
    </Placemark>
    <Placemark>
      <styleUrl>#dados_com_ensaio</styleUrl>
      <Point>
        <coordinates>16.99408400,-9.49078400,0</coordinates>
      </Point>
    </Placemark>
    <Placemark>
      <styleUrl>#dados_com_ensaio</styleUrl>
      <Point>
        <coordinates>16.99421900,-9.49090600,0</coordinates>
      </Point>
    </Placemark>
    <Placemark>
      <styleUrl>#dados_com_ensaio</styleUrl>
      <Point>
        <coordinates>16.99435400,-9.49102800,0</coordinates>
      </Point>
    </Placemark>
    <Placemark>
      <styleUrl>#dados_com_ensaio</styleUrl>
      <Point>
        <coordinates>16.99448900,-9.49114900,0</coordinates>
      </Point>
    </Placemark>
    <Placemark>
      <styleUrl>#dados_com_ensaio</styleUrl>
      <Point>
        <coordinates>16.99462300,-9.49127100,0</coordinates>
      </Point>
    </Placemark>
    <Placemark>
      <styleUrl>#dados_com_ensaio</styleUrl>
      <Point>
        <coordinates>16.99475800,-9.49139300,0</coordinates>
      </Point>
    </Placemark>
    <Placemark>
      <styleUrl>#dados_com_ensaio</styleUrl>
      <Point>
        <coordinates>16.99489300,-9.49151400,0</coordinates>
      </Point>
    </Placemark>
    <Placemark>
      <styleUrl>#dados_com_ensaio</styleUrl>
      <Point>
        <coordinates>16.99502700,-9.49163600,0</coordinates>
      </Point>
    </Placemark>
    <Placemark>
      <styleUrl>#dados_com_ensaio</styleUrl>
      <Point>
        <coordinates>16.99516200,-9.49175800,0</coordinates>
      </Point>
    </Placemark>
    <Placemark>
      <styleUrl>#dados_com_ensaio</styleUrl>
      <Point>
        <coordinates>16.99529700,-9.49187900,0</coordinates>
      </Point>
    </Placemark>
    <Placemark>
      <styleUrl>#dados_com_ensaio</styleUrl>
      <Point>
        <coordinates>16.99543100,-9.49200100,0</coordinates>
      </Point>
    </Placemark>
    <Placemark>
      <styleUrl>#dados_com_ensaio</styleUrl>
      <Point>
        <coordinates>16.99556600,-9.49212300,0</coordinates>
      </Point>
    </Placemark>
    <Placemark>
      <styleUrl>#dados_com_ensaio</styleUrl>
      <Point>
        <coordinates>16.99570100,-9.49224500,0</coordinates>
      </Point>
    </Placemark>
    <Placemark>
      <styleUrl>#dados_com_ensaio</styleUrl>
      <Point>
        <coordinates>16.99583500,-9.49236600,0</coordinates>
      </Point>
    </Placemark>
    <Placemark>
      <styleUrl>#dados_com_ensaio</styleUrl>
      <Point>
        <coordinates>16.99597000,-9.49248800,0</coordinates>
      </Point>
    </Placemark>
    <Placemark>
      <styleUrl>#dados_com_ensaio</styleUrl>
      <Point>
        <coordinates>16.99610500,-9.49261000,0</coordinates>
      </Point>
    </Placemark>
    <Placemark>
      <styleUrl>#dados_com_ensaio</styleUrl>
      <Point>
        <coordinates>16.99623900,-9.49273100,0</coordinates>
      </Point>
    </Placemark>
    <Placemark>
      <styleUrl>#dados_com_ensaio</styleUrl>
      <Point>
        <coordinates>16.99637400,-9.49285300,0</coordinates>
      </Point>
    </Placemark>
    <Placemark>
      <styleUrl>#dados_com_ensaio</styleUrl>
      <Point>
        <coordinates>16.99650900,-9.49297500,0</coordinates>
      </Point>
    </Placemark>
    <Placemark>
      <styleUrl>#dados_com_ensaio</styleUrl>
      <Point>
        <coordinates>16.99664300,-9.49309600,0</coordinates>
      </Point>
    </Placemark>
    <Placemark>
      <styleUrl>#dados_com_ensaio</styleUrl>
      <Point>
        <coordinates>16.99677800,-9.49321800,0</coordinates>
      </Point>
    </Placemark>
    <Placemark>
      <styleUrl>#dados_com_ensaio</styleUrl>
      <Point>
        <coordinates>16.99691300,-9.49334000,0</coordinates>
      </Point>
    </Placemark>
    <Placemark>
      <styleUrl>#dados_com_ensaio</styleUrl>
      <Point>
        <coordinates>16.99704700,-9.49346100,0</coordinates>
      </Point>
    </Placemark>
    <Placemark>
      <styleUrl>#dados_com_ensaio</styleUrl>
      <Point>
        <coordinates>16.99718000,-9.49358500,0</coordinates>
      </Point>
    </Placemark>
    <Placemark>
      <styleUrl>#dados_com_ensaio</styleUrl>
      <Point>
        <coordinates>16.99731100,-9.49371100,0</coordinates>
      </Point>
    </Placemark>
    <Placemark>
      <styleUrl>#dados_com_ensaio</styleUrl>
      <Point>
        <coordinates>16.99744200,-9.49383600,0</coordinates>
      </Point>
    </Placemark>
    <Placemark>
      <styleUrl>#dados_com_ensaio</styleUrl>
      <Point>
        <coordinates>16.99757200,-9.49396300,0</coordinates>
      </Point>
    </Placemark>
    <Placemark>
      <styleUrl>#dados_com_ensaio</styleUrl>
      <Point>
        <coordinates>16.99769400,-9.49409700,0</coordinates>
      </Point>
    </Placemark>
    <Placemark>
      <styleUrl>#dados_com_ensaio</styleUrl>
      <Point>
        <coordinates>16.99781500,-9.49423200,0</coordinates>
      </Point>
    </Placemark>
    <Placemark>
      <styleUrl>#dados_com_ensaio</styleUrl>
      <Point>
        <coordinates>16.99792400,-9.49437700,0</coordinates>
      </Point>
    </Placemark>
    <Placemark>
      <styleUrl>#dados_com_ensaio</styleUrl>
      <Point>
        <coordinates>16.99802500,-9.49452700,0</coordinates>
      </Point>
    </Placemark>
    <Placemark>
      <styleUrl>#dados_com_ensaio</styleUrl>
      <Point>
        <coordinates>16.99811400,-9.49468500,0</coordinates>
      </Point>
    </Placemark>
    <Placemark>
      <styleUrl>#dados_com_ensaio</styleUrl>
      <Point>
        <coordinates>16.99819800,-9.49484500,0</coordinates>
      </Point>
    </Placemark>
    <Placemark>
      <styleUrl>#dados_com_ensaio</styleUrl>
      <Point>
        <coordinates>16.99826800,-9.49501200,0</coordinates>
      </Point>
    </Placemark>
    <Placemark>
      <styleUrl>#dados_com_ensaio</styleUrl>
      <Point>
        <coordinates>16.99833300,-9.49518100,0</coordinates>
      </Point>
    </Placemark>
    <Placemark>
      <styleUrl>#dados_com_ensaio</styleUrl>
      <Point>
        <coordinates>16.99838500,-9.49535400,0</coordinates>
      </Point>
    </Placemark>
    <Placemark>
      <styleUrl>#dados_com_ensaio</styleUrl>
      <Point>
        <coordinates>16.99843800,-9.49552700,0</coordinates>
      </Point>
    </Placemark>
    <Placemark>
      <styleUrl>#dados_com_ensaio</styleUrl>
      <Point>
        <coordinates>16.99846500,-9.49570500,0</coordinates>
      </Point>
    </Placemark>
    <Placemark>
      <styleUrl>#dados_com_ensaio</styleUrl>
      <Point>
        <coordinates>16.99848900,-9.49588500,0</coordinates>
      </Point>
    </Placemark>
    <Placemark>
      <styleUrl>#dados_com_ensaio</styleUrl>
      <Point>
        <coordinates>16.99851400,-9.49606400,0</coordinates>
      </Point>
    </Placemark>
    <Placemark>
      <styleUrl>#dados_com_ensaio</styleUrl>
      <Point>
        <coordinates>16.99852900,-9.49624400,0</coordinates>
      </Point>
    </Placemark>
    <Placemark>
      <styleUrl>#dados_com_ensaio</styleUrl>
      <Point>
        <coordinates>16.99854400,-9.49642400,0</coordinates>
      </Point>
    </Placemark>
    <Placemark>
      <styleUrl>#dados_com_ensaio</styleUrl>
      <Point>
        <coordinates>16.99856000,-9.49660400,0</coordinates>
      </Point>
    </Placemark>
    <Placemark>
      <styleUrl>#dados_com_ensaio</styleUrl>
      <Point>
        <coordinates>16.99857500,-9.49678400,0</coordinates>
      </Point>
    </Placemark>
    <Placemark>
      <styleUrl>#dados_com_ensaio</styleUrl>
      <Point>
        <coordinates>16.99859000,-9.49696400,0</coordinates>
      </Point>
    </Placemark>
    <Placemark>
      <styleUrl>#dados_com_ensaio</styleUrl>
      <Point>
        <coordinates>16.99860500,-9.49714500,0</coordinates>
      </Point>
    </Placemark>
    <Placemark>
      <styleUrl>#dados_com_ensaio</styleUrl>
      <Point>
        <coordinates>16.99862000,-9.49732500,0</coordinates>
      </Point>
    </Placemark>
    <Placemark>
      <styleUrl>#dados_com_ensaio</styleUrl>
      <Point>
        <coordinates>16.99863600,-9.49750500,0</coordinates>
      </Point>
    </Placemark>
    <Placemark>
      <styleUrl>#dados_com_ensaio</styleUrl>
      <Point>
        <coordinates>16.99865100,-9.49768500,0</coordinates>
      </Point>
    </Placemark>
    <Placemark>
      <styleUrl>#dados_com_ensaio</styleUrl>
      <Point>
        <coordinates>16.99866600,-9.49786500,0</coordinates>
      </Point>
    </Placemark>
    <Placemark>
      <styleUrl>#dados_com_ensaio</styleUrl>
      <Point>
        <coordinates>16.99868200,-9.49804500,0</coordinates>
      </Point>
    </Placemark>
    <Placemark>
      <styleUrl>#dados_com_ensaio</styleUrl>
      <Point>
        <coordinates>16.99869700,-9.49822500,0</coordinates>
      </Point>
    </Placemark>
    <Placemark>
      <styleUrl>#dados_com_ensaio</styleUrl>
      <Point>
        <coordinates>16.99871300,-9.49840600,0</coordinates>
      </Point>
    </Placemark>
    <Placemark>
      <styleUrl>#dados_com_ensaio</styleUrl>
      <Point>
        <coordinates>16.99872800,-9.49858600,0</coordinates>
      </Point>
    </Placemark>
    <Placemark>
      <styleUrl>#dados_com_ensaio</styleUrl>
      <Point>
        <coordinates>16.99874400,-9.49876600,0</coordinates>
      </Point>
    </Placemark>
    <Placemark>
      <styleUrl>#dados_com_ensaio</styleUrl>
      <Point>
        <coordinates>16.99875900,-9.49894600,0</coordinates>
      </Point>
    </Placemark>
    <Placemark>
      <styleUrl>#dados_com_ensaio</styleUrl>
      <Point>
        <coordinates>16.99877400,-9.49912600,0</coordinates>
      </Point>
    </Placemark>
    <Placemark>
      <styleUrl>#dados_com_ensaio</styleUrl>
      <Point>
        <coordinates>16.99879000,-9.49930600,0</coordinates>
      </Point>
    </Placemark>
    <Placemark>
      <styleUrl>#dados_com_ensaio</styleUrl>
      <Point>
        <coordinates>16.99880500,-9.49948600,0</coordinates>
      </Point>
    </Placemark>
    <Placemark>
      <styleUrl>#dados_com_ensaio</styleUrl>
      <Point>
        <coordinates>16.99882100,-9.49966700,0</coordinates>
      </Point>
    </Placemark>
    <Placemark>
      <styleUrl>#dados_com_ensaio</styleUrl>
      <Point>
        <coordinates>16.99883600,-9.49984700,0</coordinates>
      </Point>
    </Placemark>
    <Placemark>
      <styleUrl>#dados_com_ensaio</styleUrl>
      <Point>
        <coordinates>16.99885200,-9.50002700,0</coordinates>
      </Point>
    </Placemark>
    <Placemark>
      <styleUrl>#dados_com_ensaio</styleUrl>
      <Point>
        <coordinates>16.99886700,-9.50020700,0</coordinates>
      </Point>
    </Placemark>
    <Placemark>
      <styleUrl>#dados_com_ensaio</styleUrl>
      <Point>
        <coordinates>16.99888300,-9.50038700,0</coordinates>
      </Point>
    </Placemark>
    <Placemark>
      <styleUrl>#dados_com_ensaio</styleUrl>
      <Point>
        <coordinates>16.99889800,-9.50056700,0</coordinates>
      </Point>
    </Placemark>
    <Placemark>
      <styleUrl>#dados_com_ensaio</styleUrl>
      <Point>
        <coordinates>16.99891400,-9.50074700,0</coordinates>
      </Point>
    </Placemark>
    <Placemark>
      <styleUrl>#dados_com_ensaio</styleUrl>
      <Point>
        <coordinates>16.99892900,-9.50092700,0</coordinates>
      </Point>
    </Placemark>
    <Placemark>
      <styleUrl>#dados_com_ensaio</styleUrl>
      <Point>
        <coordinates>16.99894500,-9.50110800,0</coordinates>
      </Point>
    </Placemark>
    <Placemark>
      <styleUrl>#dados_com_ensaio</styleUrl>
      <Point>
        <coordinates>16.99896100,-9.50128800,0</coordinates>
      </Point>
    </Placemark>
    <Placemark>
      <styleUrl>#dados_com_ensaio</styleUrl>
      <Point>
        <coordinates>16.99897700,-9.50146800,0</coordinates>
      </Point>
    </Placemark>
    <Placemark>
      <styleUrl>#dados_com_ensaio</styleUrl>
      <Point>
        <coordinates>16.99899300,-9.50164800,0</coordinates>
      </Point>
    </Placemark>
    <Placemark>
      <styleUrl>#dados_com_ensaio</styleUrl>
      <Point>
        <coordinates>16.99900900,-9.50182800,0</coordinates>
      </Point>
    </Placemark>
    <Placemark>
      <styleUrl>#dados_com_ensaio</styleUrl>
      <Point>
        <coordinates>16.99902600,-9.50200800,0</coordinates>
      </Point>
    </Placemark>
    <Placemark>
      <styleUrl>#dados_com_ensaio</styleUrl>
      <Point>
        <coordinates>16.99904200,-9.50218800,0</coordinates>
      </Point>
    </Placemark>
    <Placemark>
      <styleUrl>#dados_com_ensaio</styleUrl>
      <Point>
        <coordinates>16.99905800,-9.50236800,0</coordinates>
      </Point>
    </Placemark>
    <Placemark>
      <styleUrl>#dados_com_ensaio</styleUrl>
      <Point>
        <coordinates>16.99907400,-9.50254800,0</coordinates>
      </Point>
    </Placemark>
    <Placemark>
      <styleUrl>#dados_com_ensaio</styleUrl>
      <Point>
        <coordinates>16.99909000,-9.50272800,0</coordinates>
      </Point>
    </Placemark>
    <Placemark>
      <styleUrl>#dados_com_ensaio</styleUrl>
      <Point>
        <coordinates>16.99910600,-9.50290800,0</coordinates>
      </Point>
    </Placemark>
    <Placemark>
      <styleUrl>#dados_com_ensaio</styleUrl>
      <Point>
        <coordinates>16.99912300,-9.50308800,0</coordinates>
      </Point>
    </Placemark>
    <Placemark>
      <styleUrl>#dados_com_ensaio</styleUrl>
      <Point>
        <coordinates>16.99913900,-9.50326900,0</coordinates>
      </Point>
    </Placemark>
    <Placemark>
      <styleUrl>#dados_com_ensaio</styleUrl>
      <Point>
        <coordinates>16.99915500,-9.50344900,0</coordinates>
      </Point>
    </Placemark>
    <Placemark>
      <styleUrl>#dados_com_ensaio</styleUrl>
      <Point>
        <coordinates>16.99917100,-9.50362900,0</coordinates>
      </Point>
    </Placemark>
    <Placemark>
      <styleUrl>#dados_com_ensaio</styleUrl>
      <Point>
        <coordinates>16.99918700,-9.50380900,0</coordinates>
      </Point>
    </Placemark>
    <Placemark>
      <styleUrl>#dados_com_ensaio</styleUrl>
      <Point>
        <coordinates>16.99920300,-9.50398900,0</coordinates>
      </Point>
    </Placemark>
    <Placemark>
      <styleUrl>#dados_com_ensaio</styleUrl>
      <Point>
        <coordinates>16.99922000,-9.50416900,0</coordinates>
      </Point>
    </Placemark>
    <Placemark>
      <styleUrl>#dados_com_ensaio</styleUrl>
      <Point>
        <coordinates>16.99923600,-9.50434900,0</coordinates>
      </Point>
    </Placemark>
    <Placemark>
      <styleUrl>#dados_com_ensaio</styleUrl>
      <Point>
        <coordinates>16.99925100,-9.50452900,0</coordinates>
      </Point>
    </Placemark>
    <Placemark>
      <styleUrl>#dados_com_ensaio</styleUrl>
      <Point>
        <coordinates>16.99926500,-9.50470900,0</coordinates>
      </Point>
    </Placemark>
    <Placemark>
      <styleUrl>#dados_com_ensaio</styleUrl>
      <Point>
        <coordinates>16.99928000,-9.50489000,0</coordinates>
      </Point>
    </Placemark>
    <Placemark>
      <styleUrl>#dados_com_ensaio</styleUrl>
      <Point>
        <coordinates>16.99929500,-9.50507000,0</coordinates>
      </Point>
    </Placemark>
    <Placemark>
      <styleUrl>#dados_com_ensaio</styleUrl>
      <Point>
        <coordinates>16.99931000,-9.50525000,0</coordinates>
      </Point>
    </Placemark>
    <Placemark>
      <styleUrl>#dados_com_ensaio</styleUrl>
      <Point>
        <coordinates>16.99932400,-9.50543000,0</coordinates>
      </Point>
    </Placemark>
    <Placemark>
      <styleUrl>#dados_com_ensaio</styleUrl>
      <Point>
        <coordinates>16.99933900,-9.50561000,0</coordinates>
      </Point>
    </Placemark>
    <Placemark>
      <styleUrl>#dados_com_ensaio</styleUrl>
      <Point>
        <coordinates>16.99935400,-9.50579000,0</coordinates>
      </Point>
    </Placemark>
    <Placemark>
      <styleUrl>#dados_com_ensaio</styleUrl>
      <Point>
        <coordinates>16.99936900,-9.50597100,0</coordinates>
      </Point>
    </Placemark>
    <Placemark>
      <styleUrl>#dados_com_ensaio</styleUrl>
      <Point>
        <coordinates>16.99938400,-9.50615100,0</coordinates>
      </Point>
    </Placemark>
    <Placemark>
      <styleUrl>#dados_com_ensaio</styleUrl>
      <Point>
        <coordinates>16.99939800,-9.50633100,0</coordinates>
      </Point>
    </Placemark>
    <Placemark>
      <styleUrl>#dados_com_ensaio</styleUrl>
      <Point>
        <coordinates>16.99941300,-9.50651100,0</coordinates>
      </Point>
    </Placemark>
    <Placemark>
      <styleUrl>#dados_com_ensaio</styleUrl>
      <Point>
        <coordinates>16.99942800,-9.50669200,0</coordinates>
      </Point>
    </Placemark>
    <Placemark>
      <styleUrl>#dados_com_ensaio</styleUrl>
      <Point>
        <coordinates>16.99944300,-9.50687200,0</coordinates>
      </Point>
    </Placemark>
    <Placemark>
      <styleUrl>#dados_com_ensaio</styleUrl>
      <Point>
        <coordinates>16.99945700,-9.50705200,0</coordinates>
      </Point>
    </Placemark>
    <Placemark>
      <styleUrl>#dados_com_ensaio</styleUrl>
      <Point>
        <coordinates>16.99947200,-9.50723200,0</coordinates>
      </Point>
    </Placemark>
    <Placemark>
      <styleUrl>#dados_com_ensaio</styleUrl>
      <Point>
        <coordinates>16.99948700,-9.50741200,0</coordinates>
      </Point>
    </Placemark>
    <Placemark>
      <styleUrl>#dados_com_ensaio</styleUrl>
      <Point>
        <coordinates>16.99950200,-9.50759200,0</coordinates>
      </Point>
    </Placemark>
    <Placemark>
      <styleUrl>#dados_com_ensaio</styleUrl>
      <Point>
        <coordinates>16.99951700,-9.50777300,0</coordinates>
      </Point>
    </Placemark>
    <Placemark>
      <styleUrl>#dados_com_ensaio</styleUrl>
      <Point>
        <coordinates>16.99953100,-9.50795300,0</coordinates>
      </Point>
    </Placemark>
    <Placemark>
      <styleUrl>#dados_com_ensaio</styleUrl>
      <Point>
        <coordinates>16.99954600,-9.50813300,0</coordinates>
      </Point>
    </Placemark>
    <Placemark>
      <styleUrl>#dados_com_ensaio</styleUrl>
      <Point>
        <coordinates>16.99956100,-9.50831300,0</coordinates>
      </Point>
    </Placemark>
    <Placemark>
      <styleUrl>#dados_com_ensaio</styleUrl>
      <Point>
        <coordinates>16.99957600,-9.50849300,0</coordinates>
      </Point>
    </Placemark>
    <Placemark>
      <styleUrl>#dados_com_ensaio</styleUrl>
      <Point>
        <coordinates>16.99959000,-9.50867400,0</coordinates>
      </Point>
    </Placemark>
    <Placemark>
      <styleUrl>#dados_com_ensaio</styleUrl>
      <Point>
        <coordinates>16.99960500,-9.50885400,0</coordinates>
      </Point>
    </Placemark>
    <Placemark>
      <styleUrl>#dados_com_ensaio</styleUrl>
      <Point>
        <coordinates>16.99962000,-9.50903400,0</coordinates>
      </Point>
    </Placemark>
    <Placemark>
      <styleUrl>#dados_com_ensaio</styleUrl>
      <Point>
        <coordinates>16.99963500,-9.50921400,0</coordinates>
      </Point>
    </Placemark>
    <Placemark>
      <styleUrl>#dados_com_ensaio</styleUrl>
      <Point>
        <coordinates>16.99965000,-9.50939400,0</coordinates>
      </Point>
    </Placemark>
    <Placemark>
      <styleUrl>#dados_com_ensaio</styleUrl>
      <Point>
        <coordinates>16.99966400,-9.50957500,0</coordinates>
      </Point>
    </Placemark>
    <Placemark>
      <styleUrl>#dados_com_ensaio</styleUrl>
      <Point>
        <coordinates>16.99967900,-9.50975500,0</coordinates>
      </Point>
    </Placemark>
    <Placemark>
      <styleUrl>#dados_com_ensaio</styleUrl>
      <Point>
        <coordinates>16.99969400,-9.50993500,0</coordinates>
      </Point>
    </Placemark>
    <Placemark>
      <styleUrl>#dados_com_ensaio</styleUrl>
      <Point>
        <coordinates>16.99970900,-9.51011500,0</coordinates>
      </Point>
    </Placemark>
    <Placemark>
      <styleUrl>#dados_com_ensaio</styleUrl>
      <Point>
        <coordinates>16.99972300,-9.51029500,0</coordinates>
      </Point>
    </Placemark>
    <Placemark>
      <styleUrl>#dados_com_ensaio</styleUrl>
      <Point>
        <coordinates>16.99973800,-9.51047600,0</coordinates>
      </Point>
    </Placemark>
    <Placemark>
      <styleUrl>#dados_com_ensaio</styleUrl>
      <Point>
        <coordinates>16.99975300,-9.51065600,0</coordinates>
      </Point>
    </Placemark>
    <Placemark>
      <styleUrl>#dados_com_ensaio</styleUrl>
      <Point>
        <coordinates>16.99976800,-9.51083600,0</coordinates>
      </Point>
    </Placemark>
    <Placemark>
      <styleUrl>#dados_com_ensaio</styleUrl>
      <Point>
        <coordinates>16.99978300,-9.51101600,0</coordinates>
      </Point>
    </Placemark>
    <Placemark>
      <styleUrl>#dados_com_ensaio</styleUrl>
      <Point>
        <coordinates>16.99979700,-9.51119600,0</coordinates>
      </Point>
    </Placemark>
    <Placemark>
      <styleUrl>#dados_com_ensaio</styleUrl>
      <Point>
        <coordinates>16.99981200,-9.51137700,0</coordinates>
      </Point>
    </Placemark>
    <Placemark>
      <styleUrl>#dados_com_ensaio</styleUrl>
      <Point>
        <coordinates>16.99982700,-9.51155700,0</coordinates>
      </Point>
    </Placemark>
    <Placemark>
      <styleUrl>#dados_com_ensaio</styleUrl>
      <Point>
        <coordinates>16.99984200,-9.51173700,0</coordinates>
      </Point>
    </Placemark>
    <Placemark>
      <styleUrl>#dados_com_ensaio</styleUrl>
      <Point>
        <coordinates>16.99985600,-9.51191700,0</coordinates>
      </Point>
    </Placemark>
    <Placemark>
      <styleUrl>#dados_com_ensaio</styleUrl>
      <Point>
        <coordinates>16.99987100,-9.51209700,0</coordinates>
      </Point>
    </Placemark>
    <Placemark>
      <styleUrl>#dados_com_ensaio</styleUrl>
      <Point>
        <coordinates>16.99988600,-9.51227700,0</coordinates>
      </Point>
    </Placemark>
    <Placemark>
      <styleUrl>#dados_com_ensaio</styleUrl>
      <Point>
        <coordinates>16.99990100,-9.51245800,0</coordinates>
      </Point>
    </Placemark>
    <Placemark>
      <styleUrl>#dados_com_ensaio</styleUrl>
      <Point>
        <coordinates>16.99991600,-9.51263800,0</coordinates>
      </Point>
    </Placemark>
    <Placemark>
      <styleUrl>#dados_com_ensaio</styleUrl>
      <Point>
        <coordinates>16.99993000,-9.51281800,0</coordinates>
      </Point>
    </Placemark>
    <Placemark>
      <styleUrl>#dados_com_ensaio</styleUrl>
      <Point>
        <coordinates>16.99994500,-9.51299800,0</coordinates>
      </Point>
    </Placemark>
    <Placemark>
      <styleUrl>#dados_com_ensaio</styleUrl>
      <Point>
        <coordinates>16.99996000,-9.51317800,0</coordinates>
      </Point>
    </Placemark>
    <Placemark>
      <styleUrl>#dados_com_ensaio</styleUrl>
      <Point>
        <coordinates>16.99997500,-9.51335900,0</coordinates>
      </Point>
    </Placemark>
    <Placemark>
      <styleUrl>#dados_com_ensaio</styleUrl>
      <Point>
        <coordinates>16.99998900,-9.51353900,0</coordinates>
      </Point>
    </Placemark>
    <Placemark>
      <styleUrl>#dados_com_ensaio</styleUrl>
      <Point>
        <coordinates>17.00000400,-9.51371900,0</coordinates>
      </Point>
    </Placemark>
    <Placemark>
      <styleUrl>#dados_com_ensaio</styleUrl>
      <Point>
        <coordinates>17.00001900,-9.51389900,0</coordinates>
      </Point>
    </Placemark>
    <Placemark>
      <styleUrl>#dados_com_ensaio</styleUrl>
      <Point>
        <coordinates>17.00003400,-9.51407900,0</coordinates>
      </Point>
    </Placemark>
    <Placemark>
      <styleUrl>#dados_com_ensaio</styleUrl>
      <Point>
        <coordinates>17.00004900,-9.51426000,0</coordinates>
      </Point>
    </Placemark>
    <Placemark>
      <styleUrl>#dados_com_ensaio</styleUrl>
      <Point>
        <coordinates>17.00006500,-9.51444000,0</coordinates>
      </Point>
    </Placemark>
    <Placemark>
      <styleUrl>#dados_com_ensaio</styleUrl>
      <Point>
        <coordinates>17.00009600,-9.51461800,0</coordinates>
      </Point>
    </Placemark>
    <Placemark>
      <styleUrl>#dados_com_ensaio</styleUrl>
      <Point>
        <coordinates>17.00012600,-9.51479600,0</coordinates>
      </Point>
    </Placemark>
    <Placemark>
      <styleUrl>#dados_com_ensaio</styleUrl>
      <Point>
        <coordinates>17.00015700,-9.51497400,0</coordinates>
      </Point>
    </Placemark>
    <Placemark>
      <styleUrl>#dados_com_ensaio</styleUrl>
      <Point>
        <coordinates>17.00017600,-9.51515400,0</coordinates>
      </Point>
    </Placemark>
    <Placemark>
      <styleUrl>#dados_com_ensaio</styleUrl>
      <Point>
        <coordinates>17.00019600,-9.51533400,0</coordinates>
      </Point>
    </Placemark>
    <Placemark>
      <styleUrl>#dados_com_ensaio</styleUrl>
      <Point>
        <coordinates>17.00021600,-9.51551300,0</coordinates>
      </Point>
    </Placemark>
    <Placemark>
      <styleUrl>#dados_com_ensaio</styleUrl>
      <Point>
        <coordinates>17.00027300,-9.51568500,0</coordinates>
      </Point>
    </Placemark>
    <Placemark>
      <styleUrl>#dados_com_ensaio</styleUrl>
      <Point>
        <coordinates>17.00033200,-9.51585600,0</coordinates>
      </Point>
    </Placemark>
    <Placemark>
      <styleUrl>#dados_com_ensaio</styleUrl>
      <Point>
        <coordinates>17.00039100,-9.51602700,0</coordinates>
      </Point>
    </Placemark>
    <Placemark>
      <styleUrl>#dados_com_ensaio</styleUrl>
      <Point>
        <coordinates>17.00045100,-9.51619800,0</coordinates>
      </Point>
    </Placemark>
    <Placemark>
      <styleUrl>#dados_com_ensaio</styleUrl>
      <Point>
        <coordinates>17.00053200,-9.51635900,0</coordinates>
      </Point>
    </Placemark>
    <Placemark>
      <styleUrl>#dados_com_ensaio</styleUrl>
      <Point>
        <coordinates>17.00062500,-9.51651400,0</coordinates>
      </Point>
    </Placemark>
    <Placemark>
      <styleUrl>#dados_com_ensaio</styleUrl>
      <Point>
        <coordinates>17.00071700,-9.51667000,0</coordinates>
      </Point>
    </Placemark>
    <Placemark>
      <styleUrl>#dados_com_ensaio</styleUrl>
      <Point>
        <coordinates>17.00081000,-9.51682500,0</coordinates>
      </Point>
    </Placemark>
    <Placemark>
      <styleUrl>#dados_com_ensaio</styleUrl>
      <Point>
        <coordinates>17.00090300,-9.51698100,0</coordinates>
      </Point>
    </Placemark>
    <Placemark>
      <styleUrl>#dados_com_ensaio</styleUrl>
      <Point>
        <coordinates>17.00099600,-9.51713600,0</coordinates>
      </Point>
    </Placemark>
    <Placemark>
      <styleUrl>#dados_com_ensaio</styleUrl>
      <Point>
        <coordinates>17.00108900,-9.51729200,0</coordinates>
      </Point>
    </Placemark>
    <Placemark>
      <styleUrl>#dados_com_ensaio</styleUrl>
      <Point>
        <coordinates>17.00118200,-9.51744700,0</coordinates>
      </Point>
    </Placemark>
    <Placemark>
      <styleUrl>#dados_com_ensaio</styleUrl>
      <Point>
        <coordinates>17.00127500,-9.51760300,0</coordinates>
      </Point>
    </Placemark>
    <Placemark>
      <styleUrl>#dados_com_ensaio</styleUrl>
      <Point>
        <coordinates>17.00136800,-9.51775800,0</coordinates>
      </Point>
    </Placemark>
    <Placemark>
      <styleUrl>#dados_com_ensaio</styleUrl>
      <Point>
        <coordinates>17.00146100,-9.51791400,0</coordinates>
      </Point>
    </Placemark>
    <Placemark>
      <styleUrl>#dados_com_ensaio</styleUrl>
      <Point>
        <coordinates>17.00155400,-9.51806900,0</coordinates>
      </Point>
    </Placemark>
    <Placemark>
      <styleUrl>#dados_com_ensaio</styleUrl>
      <Point>
        <coordinates>17.00164700,-9.51822500,0</coordinates>
      </Point>
    </Placemark>
    <Placemark>
      <styleUrl>#dados_com_ensaio</styleUrl>
      <Point>
        <coordinates>17.00173900,-9.51838000,0</coordinates>
      </Point>
    </Placemark>
    <Placemark>
      <styleUrl>#dados_com_ensaio</styleUrl>
      <Point>
        <coordinates>17.00183200,-9.51853600,0</coordinates>
      </Point>
    </Placemark>
    <Placemark>
      <styleUrl>#dados_com_ensaio</styleUrl>
      <Point>
        <coordinates>17.00192500,-9.51869100,0</coordinates>
      </Point>
    </Placemark>
    <Placemark>
      <styleUrl>#dados_com_ensaio</styleUrl>
      <Point>
        <coordinates>17.00201800,-9.51884700,0</coordinates>
      </Point>
    </Placemark>
    <Placemark>
      <styleUrl>#dados_com_ensaio</styleUrl>
      <Point>
        <coordinates>17.00211100,-9.51900200,0</coordinates>
      </Point>
    </Placemark>
    <Placemark>
      <styleUrl>#dados_com_ensaio</styleUrl>
      <Point>
        <coordinates>17.00220400,-9.51915800,0</coordinates>
      </Point>
    </Placemark>
    <Placemark>
      <styleUrl>#dados_com_ensaio</styleUrl>
      <Point>
        <coordinates>17.00229700,-9.51931300,0</coordinates>
      </Point>
    </Placemark>
    <Placemark>
      <styleUrl>#dados_com_ensaio</styleUrl>
      <Point>
        <coordinates>17.00239000,-9.51946900,0</coordinates>
      </Point>
    </Placemark>
    <Placemark>
      <styleUrl>#dados_com_ensaio</styleUrl>
      <Point>
        <coordinates>17.00248300,-9.51962400,0</coordinates>
      </Point>
    </Placemark>
    <Placemark>
      <styleUrl>#dados_com_ensaio</styleUrl>
      <Point>
        <coordinates>17.00257600,-9.51978000,0</coordinates>
      </Point>
    </Placemark>
    <Placemark>
      <styleUrl>#dados_com_ensaio</styleUrl>
      <Point>
        <coordinates>17.00266800,-9.51993500,0</coordinates>
      </Point>
    </Placemark>
    <Placemark>
      <styleUrl>#dados_com_ensaio</styleUrl>
      <Point>
        <coordinates>17.00276100,-9.52009000,0</coordinates>
      </Point>
    </Placemark>
    <Placemark>
      <styleUrl>#dados_com_ensaio</styleUrl>
      <Point>
        <coordinates>17.00285400,-9.52024600,0</coordinates>
      </Point>
    </Placemark>
    <Placemark>
      <styleUrl>#dados_com_ensaio</styleUrl>
      <Point>
        <coordinates>17.00294700,-9.52040100,0</coordinates>
      </Point>
    </Placemark>
    <Placemark>
      <styleUrl>#dados_com_ensaio</styleUrl>
      <Point>
        <coordinates>17.00304000,-9.52055700,0</coordinates>
      </Point>
    </Placemark>
    <Placemark>
      <styleUrl>#dados_com_ensaio</styleUrl>
      <Point>
        <coordinates>17.00313300,-9.52071200,0</coordinates>
      </Point>
    </Placemark>
    <Placemark>
      <styleUrl>#dados_com_ensaio</styleUrl>
      <Point>
        <coordinates>17.00322600,-9.52086800,0</coordinates>
      </Point>
    </Placemark>
    <Placemark>
      <styleUrl>#dados_com_ensaio</styleUrl>
      <Point>
        <coordinates>17.00331900,-9.52102300,0</coordinates>
      </Point>
    </Placemark>
    <Placemark>
      <styleUrl>#dados_com_ensaio</styleUrl>
      <Point>
        <coordinates>17.00341200,-9.52117900,0</coordinates>
      </Point>
    </Placemark>
    <Placemark>
      <styleUrl>#dados_com_ensaio</styleUrl>
      <Point>
        <coordinates>17.00350500,-9.52133400,0</coordinates>
      </Point>
    </Placemark>
    <Placemark>
      <styleUrl>#dados_com_ensaio</styleUrl>
      <Point>
        <coordinates>17.00359800,-9.52149000,0</coordinates>
      </Point>
    </Placemark>
    <Placemark>
      <styleUrl>#dados_com_ensaio</styleUrl>
      <Point>
        <coordinates>17.00369100,-9.52164500,0</coordinates>
      </Point>
    </Placemark>
    <Placemark>
      <styleUrl>#dados_com_ensaio</styleUrl>
      <Point>
        <coordinates>17.00378300,-9.52180100,0</coordinates>
      </Point>
    </Placemark>
    <Placemark>
      <styleUrl>#dados_com_ensaio</styleUrl>
      <Point>
        <coordinates>17.00387600,-9.52195600,0</coordinates>
      </Point>
    </Placemark>
    <Placemark>
      <styleUrl>#dados_com_ensaio</styleUrl>
      <Point>
        <coordinates>17.00396900,-9.52211200,0</coordinates>
      </Point>
    </Placemark>
    <Placemark>
      <styleUrl>#dados_com_ensaio</styleUrl>
      <Point>
        <coordinates>17.00406200,-9.52226700,0</coordinates>
      </Point>
    </Placemark>
    <Placemark>
      <styleUrl>#dados_com_ensaio</styleUrl>
      <Point>
        <coordinates>17.00415500,-9.52242300,0</coordinates>
      </Point>
    </Placemark>
    <Placemark>
      <styleUrl>#dados_com_ensaio</styleUrl>
      <Point>
        <coordinates>17.00424800,-9.52257800,0</coordinates>
      </Point>
    </Placemark>
    <Placemark>
      <styleUrl>#dados_com_ensaio</styleUrl>
      <Point>
        <coordinates>17.00434100,-9.52273400,0</coordinates>
      </Point>
    </Placemark>
    <Placemark>
      <styleUrl>#dados_com_ensaio</styleUrl>
      <Point>
        <coordinates>17.00443400,-9.52288900,0</coordinates>
      </Point>
    </Placemark>
    <Placemark>
      <styleUrl>#dados_com_ensaio</styleUrl>
      <Point>
        <coordinates>17.00452700,-9.52304500,0</coordinates>
      </Point>
    </Placemark>
    <Placemark>
      <styleUrl>#dados_com_ensaio</styleUrl>
      <Point>
        <coordinates>17.00462000,-9.52320000,0</coordinates>
      </Point>
    </Placemark>
    <Placemark>
      <styleUrl>#dados_com_ensaio</styleUrl>
      <Point>
        <coordinates>17.00471300,-9.52335600,0</coordinates>
      </Point>
    </Placemark>
    <Placemark>
      <styleUrl>#dados_com_ensaio</styleUrl>
      <Point>
        <coordinates>17.00480500,-9.52351100,0</coordinates>
      </Point>
    </Placemark>
    <Placemark>
      <styleUrl>#dados_com_ensaio</styleUrl>
      <Point>
        <coordinates>17.00489800,-9.52366700,0</coordinates>
      </Point>
    </Placemark>
    <Placemark>
      <styleUrl>#dados_com_ensaio</styleUrl>
      <Point>
        <coordinates>17.00499100,-9.52382200,0</coordinates>
      </Point>
    </Placemark>
    <Placemark>
      <styleUrl>#dados_com_ensaio</styleUrl>
      <Point>
        <coordinates>17.00508400,-9.52397800,0</coordinates>
      </Point>
    </Placemark>
    <Placemark>
      <styleUrl>#dados_com_ensaio</styleUrl>
      <Point>
        <coordinates>17.00517700,-9.52413300,0</coordinates>
      </Point>
    </Placemark>
    <Placemark>
      <styleUrl>#dados_com_ensaio</styleUrl>
      <Point>
        <coordinates>17.00526900,-9.52429000,0</coordinates>
      </Point>
    </Placemark>
    <Placemark>
      <styleUrl>#dados_com_ensaio</styleUrl>
      <Point>
        <coordinates>17.00536100,-9.52444600,0</coordinates>
      </Point>
    </Placemark>
    <Placemark>
      <styleUrl>#dados_com_ensaio</styleUrl>
      <Point>
        <coordinates>17.00545300,-9.52460200,0</coordinates>
      </Point>
    </Placemark>
    <Placemark>
      <styleUrl>#dados_com_ensaio</styleUrl>
      <Point>
        <coordinates>17.00554500,-9.52475800,0</coordinates>
      </Point>
    </Placemark>
    <Placemark>
      <styleUrl>#dados_com_ensaio</styleUrl>
      <Point>
        <coordinates>17.00563700,-9.52491400,0</coordinates>
      </Point>
    </Placemark>
    <Placemark>
      <styleUrl>#dados_com_ensaio</styleUrl>
      <Point>
        <coordinates>17.00572900,-9.52507000,0</coordinates>
      </Point>
    </Placemark>
    <Placemark>
      <styleUrl>#dados_com_ensaio</styleUrl>
      <Point>
        <coordinates>17.00582100,-9.52522600,0</coordinates>
      </Point>
    </Placemark>
    <Placemark>
      <styleUrl>#dados_com_ensaio</styleUrl>
      <Point>
        <coordinates>17.00591300,-9.52538200,0</coordinates>
      </Point>
    </Placemark>
    <Placemark>
      <styleUrl>#dados_com_ensaio</styleUrl>
      <Point>
        <coordinates>17.00600500,-9.52553800,0</coordinates>
      </Point>
    </Placemark>
    <Placemark>
      <styleUrl>#dados_com_ensaio</styleUrl>
      <Point>
        <coordinates>17.00609700,-9.52569400,0</coordinates>
      </Point>
    </Placemark>
    <Placemark>
      <styleUrl>#dados_com_ensaio</styleUrl>
      <Point>
        <coordinates>17.00618900,-9.52585000,0</coordinates>
      </Point>
    </Placemark>
    <Placemark>
      <styleUrl>#dados_com_ensaio</styleUrl>
      <Point>
        <coordinates>17.00628100,-9.52600600,0</coordinates>
      </Point>
    </Placemark>
    <Placemark>
      <styleUrl>#dados_com_ensaio</styleUrl>
      <Point>
        <coordinates>17.00637300,-9.52616200,0</coordinates>
      </Point>
    </Placemark>
    <Placemark>
      <styleUrl>#dados_com_ensaio</styleUrl>
      <Point>
        <coordinates>17.00646400,-9.52631800,0</coordinates>
      </Point>
    </Placemark>
    <Placemark>
      <styleUrl>#dados_com_ensaio</styleUrl>
      <Point>
        <coordinates>17.00655600,-9.52647400,0</coordinates>
      </Point>
    </Placemark>
    <Placemark>
      <styleUrl>#dados_com_ensaio</styleUrl>
      <Point>
        <coordinates>17.00664800,-9.52663000,0</coordinates>
      </Point>
    </Placemark>
    <Placemark>
      <styleUrl>#dados_com_ensaio</styleUrl>
      <Point>
        <coordinates>17.00674000,-9.52678600,0</coordinates>
      </Point>
    </Placemark>
    <Placemark>
      <styleUrl>#dados_com_ensaio</styleUrl>
      <Point>
        <coordinates>17.00683200,-9.52694200,0</coordinates>
      </Point>
    </Placemark>
    <Placemark>
      <styleUrl>#dados_com_ensaio</styleUrl>
      <Point>
        <coordinates>17.00692400,-9.52709800,0</coordinates>
      </Point>
    </Placemark>
    <Placemark>
      <styleUrl>#dados_com_ensaio</styleUrl>
      <Point>
        <coordinates>17.00701600,-9.52725400,0</coordinates>
      </Point>
    </Placemark>
    <Placemark>
      <styleUrl>#dados_com_ensaio</styleUrl>
      <Point>
        <coordinates>17.00710900,-9.52741000,0</coordinates>
      </Point>
    </Placemark>
    <Placemark>
      <styleUrl>#dados_com_ensaio</styleUrl>
      <Point>
        <coordinates>17.00720200,-9.52756500,0</coordinates>
      </Point>
    </Placemark>
    <Placemark>
      <styleUrl>#dados_com_ensaio</styleUrl>
      <Point>
        <coordinates>17.00729500,-9.52772100,0</coordinates>
      </Point>
    </Placemark>
    <Placemark>
      <styleUrl>#dados_com_ensaio</styleUrl>
      <Point>
        <coordinates>17.00738800,-9.52787600,0</coordinates>
      </Point>
    </Placemark>
    <Placemark>
      <styleUrl>#dados_com_ensaio</styleUrl>
      <Point>
        <coordinates>17.00748100,-9.52803100,0</coordinates>
      </Point>
    </Placemark>
    <Placemark>
      <styleUrl>#dados_com_ensaio</styleUrl>
      <Point>
        <coordinates>17.00757500,-9.52818700,0</coordinates>
      </Point>
    </Placemark>
    <Placemark>
      <styleUrl>#dados_com_ensaio</styleUrl>
      <Point>
        <coordinates>17.00766800,-9.52834200,0</coordinates>
      </Point>
    </Placemark>
    <Placemark>
      <styleUrl>#dados_com_ensaio</styleUrl>
      <Point>
        <coordinates>17.00776100,-9.52849800,0</coordinates>
      </Point>
    </Placemark>
    <Placemark>
      <styleUrl>#dados_com_ensaio</styleUrl>
      <Point>
        <coordinates>17.00785400,-9.52865300,0</coordinates>
      </Point>
    </Placemark>
    <Placemark>
      <styleUrl>#dados_com_ensaio</styleUrl>
      <Point>
        <coordinates>17.00794700,-9.52880800,0</coordinates>
      </Point>
    </Placemark>
    <Placemark>
      <styleUrl>#dados_com_ensaio</styleUrl>
      <Point>
        <coordinates>17.00804000,-9.52896400,0</coordinates>
      </Point>
    </Placemark>
    <Placemark>
      <styleUrl>#dados_com_ensaio</styleUrl>
      <Point>
        <coordinates>17.00813300,-9.52911900,0</coordinates>
      </Point>
    </Placemark>
    <Placemark>
      <styleUrl>#dados_com_ensaio</styleUrl>
      <Point>
        <coordinates>17.00822600,-9.52927400,0</coordinates>
      </Point>
    </Placemark>
    <Placemark>
      <styleUrl>#dados_com_ensaio</styleUrl>
      <Point>
        <coordinates>17.00831900,-9.52943000,0</coordinates>
      </Point>
    </Placemark>
    <Placemark>
      <styleUrl>#dados_com_ensaio</styleUrl>
      <Point>
        <coordinates>17.00841200,-9.52958500,0</coordinates>
      </Point>
    </Placemark>
    <Placemark>
      <styleUrl>#dados_com_ensaio</styleUrl>
      <Point>
        <coordinates>17.00850500,-9.52974100,0</coordinates>
      </Point>
    </Placemark>
    <Placemark>
      <styleUrl>#dados_com_ensaio</styleUrl>
      <Point>
        <coordinates>17.00859900,-9.52989600,0</coordinates>
      </Point>
    </Placemark>
    <Placemark>
      <styleUrl>#dados_com_ensaio</styleUrl>
      <Point>
        <coordinates>17.00869200,-9.53005100,0</coordinates>
      </Point>
    </Placemark>
    <Placemark>
      <styleUrl>#dados_com_ensaio</styleUrl>
      <Point>
        <coordinates>17.00878500,-9.53020700,0</coordinates>
      </Point>
    </Placemark>
    <Placemark>
      <styleUrl>#dados_com_ensaio</styleUrl>
      <Point>
        <coordinates>17.00887800,-9.53036200,0</coordinates>
      </Point>
    </Placemark>
    <Placemark>
      <styleUrl>#dados_com_ensaio</styleUrl>
      <Point>
        <coordinates>17.00897100,-9.53051800,0</coordinates>
      </Point>
    </Placemark>
    <Placemark>
      <styleUrl>#dados_com_ensaio</styleUrl>
      <Point>
        <coordinates>17.00906400,-9.53067300,0</coordinates>
      </Point>
    </Placemark>
    <Placemark>
      <styleUrl>#dados_com_ensaio</styleUrl>
      <Point>
        <coordinates>17.00915700,-9.53082800,0</coordinates>
      </Point>
    </Placemark>
    <Placemark>
      <styleUrl>#dados_com_ensaio</styleUrl>
      <Point>
        <coordinates>17.00925000,-9.53098400,0</coordinates>
      </Point>
    </Placemark>
    <Placemark>
      <styleUrl>#dados_com_ensaio</styleUrl>
      <Point>
        <coordinates>17.00934300,-9.53113900,0</coordinates>
      </Point>
    </Placemark>
    <Placemark>
      <styleUrl>#dados_com_ensaio</styleUrl>
      <Point>
        <coordinates>17.00943600,-9.53129500,0</coordinates>
      </Point>
    </Placemark>
    <Placemark>
      <styleUrl>#dados_com_ensaio</styleUrl>
      <Point>
        <coordinates>17.00952900,-9.53145000,0</coordinates>
      </Point>
    </Placemark>
    <Placemark>
      <styleUrl>#dados_com_ensaio</styleUrl>
      <Point>
        <coordinates>17.00962200,-9.53160500,0</coordinates>
      </Point>
    </Placemark>
    <Placemark>
      <styleUrl>#dados_com_ensaio</styleUrl>
      <Point>
        <coordinates>17.00971500,-9.53176100,0</coordinates>
      </Point>
    </Placemark>
    <Placemark>
      <styleUrl>#dados_com_ensaio</styleUrl>
      <Point>
        <coordinates>17.00980900,-9.53191600,0</coordinates>
      </Point>
    </Placemark>
    <Placemark>
      <styleUrl>#dados_com_ensaio</styleUrl>
      <Point>
        <coordinates>17.00990200,-9.53207100,0</coordinates>
      </Point>
    </Placemark>
    <Placemark>
      <styleUrl>#dados_com_ensaio</styleUrl>
      <Point>
        <coordinates>17.00999500,-9.53222700,0</coordinates>
      </Point>
    </Placemark>
    <Placemark>
      <styleUrl>#dados_com_ensaio</styleUrl>
      <Point>
        <coordinates>17.01008800,-9.53238200,0</coordinates>
      </Point>
    </Placemark>
    <Placemark>
      <styleUrl>#dados_com_ensaio</styleUrl>
      <Point>
        <coordinates>17.01018100,-9.53253800,0</coordinates>
      </Point>
    </Placemark>
    <Placemark>
      <styleUrl>#dados_com_ensaio</styleUrl>
      <Point>
        <coordinates>17.01027400,-9.53269300,0</coordinates>
      </Point>
    </Placemark>
    <Placemark>
      <styleUrl>#dados_com_ensaio</styleUrl>
      <Point>
        <coordinates>17.01036700,-9.53284800,0</coordinates>
      </Point>
    </Placemark>
    <Placemark>
      <styleUrl>#dados_com_ensaio</styleUrl>
      <Point>
        <coordinates>17.01046000,-9.53300400,0</coordinates>
      </Point>
    </Placemark>
    <Placemark>
      <styleUrl>#dados_com_ensaio</styleUrl>
      <Point>
        <coordinates>17.01055300,-9.53315900,0</coordinates>
      </Point>
    </Placemark>
    <Placemark>
      <styleUrl>#dados_com_ensaio</styleUrl>
      <Point>
        <coordinates>17.01064600,-9.53331500,0</coordinates>
      </Point>
    </Placemark>
    <Placemark>
      <styleUrl>#dados_com_ensaio</styleUrl>
      <Point>
        <coordinates>17.01073900,-9.53347000,0</coordinates>
      </Point>
    </Placemark>
    <Placemark>
      <styleUrl>#dados_com_ensaio</styleUrl>
      <Point>
        <coordinates>17.01083300,-9.53362500,0</coordinates>
      </Point>
    </Placemark>
    <Placemark>
      <styleUrl>#dados_com_ensaio</styleUrl>
      <Point>
        <coordinates>17.01092600,-9.53378100,0</coordinates>
      </Point>
    </Placemark>
    <Placemark>
      <styleUrl>#dados_com_ensaio</styleUrl>
      <Point>
        <coordinates>17.01101900,-9.53393600,0</coordinates>
      </Point>
    </Placemark>
    <Placemark>
      <styleUrl>#dados_com_ensaio</styleUrl>
      <Point>
        <coordinates>17.01111200,-9.53409200,0</coordinates>
      </Point>
    </Placemark>
    <Placemark>
      <styleUrl>#dados_com_ensaio</styleUrl>
      <Point>
        <coordinates>17.01120500,-9.53424700,0</coordinates>
      </Point>
    </Placemark>
    <Placemark>
      <styleUrl>#dados_com_ensaio</styleUrl>
      <Point>
        <coordinates>17.01129800,-9.53440200,0</coordinates>
      </Point>
    </Placemark>
    <Placemark>
      <styleUrl>#dados_com_ensaio</styleUrl>
      <Point>
        <coordinates>17.01139100,-9.53455800,0</coordinates>
      </Point>
    </Placemark>
    <Placemark>
      <styleUrl>#dados_com_ensaio</styleUrl>
      <Point>
        <coordinates>17.01148400,-9.53471300,0</coordinates>
      </Point>
    </Placemark>
    <Placemark>
      <styleUrl>#dados_com_ensaio</styleUrl>
      <Point>
        <coordinates>17.01157800,-9.53486800,0</coordinates>
      </Point>
    </Placemark>
    <Placemark>
      <styleUrl>#dados_com_ensaio</styleUrl>
      <Point>
        <coordinates>17.01167300,-9.53502200,0</coordinates>
      </Point>
    </Placemark>
    <Placemark>
      <styleUrl>#dados_com_ensaio</styleUrl>
      <Point>
        <coordinates>17.01176800,-9.53517700,0</coordinates>
      </Point>
    </Placemark>
    <Placemark>
      <styleUrl>#dados_com_ensaio</styleUrl>
      <Point>
        <coordinates>17.01186300,-9.53533100,0</coordinates>
      </Point>
    </Placemark>
    <Placemark>
      <styleUrl>#dados_com_ensaio</styleUrl>
      <Point>
        <coordinates>17.01195800,-9.53548500,0</coordinates>
      </Point>
    </Placemark>
    <Placemark>
      <styleUrl>#dados_com_ensaio</styleUrl>
      <Point>
        <coordinates>17.01205300,-9.53563900,0</coordinates>
      </Point>
    </Placemark>
    <Placemark>
      <styleUrl>#dados_com_ensaio</styleUrl>
      <Point>
        <coordinates>17.01214800,-9.53579400,0</coordinates>
      </Point>
    </Placemark>
    <Placemark>
      <styleUrl>#dados_com_ensaio</styleUrl>
      <Point>
        <coordinates>17.01224300,-9.53594800,0</coordinates>
      </Point>
    </Placemark>
    <Placemark>
      <styleUrl>#dados_com_ensaio</styleUrl>
      <Point>
        <coordinates>17.01233800,-9.53610200,0</coordinates>
      </Point>
    </Placemark>
    <Placemark>
      <styleUrl>#dados_com_ensaio</styleUrl>
      <Point>
        <coordinates>17.01243300,-9.53625700,0</coordinates>
      </Point>
    </Placemark>
    <Placemark>
      <styleUrl>#dados_com_ensaio</styleUrl>
      <Point>
        <coordinates>17.01252700,-9.53641100,0</coordinates>
      </Point>
    </Placemark>
    <Placemark>
      <styleUrl>#dados_com_ensaio</styleUrl>
      <Point>
        <coordinates>17.01262200,-9.53656500,0</coordinates>
      </Point>
    </Placemark>
    <Placemark>
      <styleUrl>#dados_com_ensaio</styleUrl>
      <Point>
        <coordinates>17.01271700,-9.53671900,0</coordinates>
      </Point>
    </Placemark>
    <Placemark>
      <styleUrl>#dados_com_ensaio</styleUrl>
      <Point>
        <coordinates>17.01281200,-9.53687400,0</coordinates>
      </Point>
    </Placemark>
    <Placemark>
      <styleUrl>#dados_com_ensaio</styleUrl>
      <Point>
        <coordinates>17.01290700,-9.53702800,0</coordinates>
      </Point>
    </Placemark>
    <Placemark>
      <styleUrl>#dados_com_ensaio</styleUrl>
      <Point>
        <coordinates>17.01300300,-9.53718200,0</coordinates>
      </Point>
    </Placemark>
    <Placemark>
      <styleUrl>#dados_com_ensaio</styleUrl>
      <Point>
        <coordinates>17.01309900,-9.53733500,0</coordinates>
      </Point>
    </Placemark>
    <Placemark>
      <styleUrl>#dados_com_ensaio</styleUrl>
      <Point>
        <coordinates>17.01319500,-9.53748900,0</coordinates>
      </Point>
    </Placemark>
    <Placemark>
      <styleUrl>#dados_com_ensaio</styleUrl>
      <Point>
        <coordinates>17.01329100,-9.53764300,0</coordinates>
      </Point>
    </Placemark>
    <Placemark>
      <styleUrl>#dados_com_ensaio</styleUrl>
      <Point>
        <coordinates>17.01339100,-9.53779400,0</coordinates>
      </Point>
    </Placemark>
    <Placemark>
      <styleUrl>#dados_com_ensaio</styleUrl>
      <Point>
        <coordinates>17.01349300,-9.53794400,0</coordinates>
      </Point>
    </Placemark>
    <Placemark>
      <styleUrl>#dados_com_ensaio</styleUrl>
      <Point>
        <coordinates>17.01359500,-9.53809300,0</coordinates>
      </Point>
    </Placemark>
    <Placemark>
      <styleUrl>#dados_com_ensaio</styleUrl>
      <Point>
        <coordinates>17.01369700,-9.53824300,0</coordinates>
      </Point>
    </Placemark>
    <Placemark>
      <styleUrl>#dados_com_ensaio</styleUrl>
      <Point>
        <coordinates>17.01380200,-9.53839000,0</coordinates>
      </Point>
    </Placemark>
    <Placemark>
      <styleUrl>#dados_com_ensaio</styleUrl>
      <Point>
        <coordinates>17.01391700,-9.53853100,0</coordinates>
      </Point>
    </Placemark>
    <Placemark>
      <styleUrl>#dados_com_ensaio</styleUrl>
      <Point>
        <coordinates>17.01403200,-9.53867100,0</coordinates>
      </Point>
    </Placemark>
    <Placemark>
      <styleUrl>#dados_com_ensaio</styleUrl>
      <Point>
        <coordinates>17.01414700,-9.53881100,0</coordinates>
      </Point>
    </Placemark>
    <Placemark>
      <styleUrl>#dados_com_ensaio</styleUrl>
      <Point>
        <coordinates>17.01426700,-9.53894700,0</coordinates>
      </Point>
    </Placemark>
    <Placemark>
      <styleUrl>#dados_com_ensaio</styleUrl>
      <Point>
        <coordinates>17.01439000,-9.53908100,0</coordinates>
      </Point>
    </Placemark>
    <Placemark>
      <styleUrl>#dados_com_ensaio</styleUrl>
      <Point>
        <coordinates>17.01451400,-9.53921300,0</coordinates>
      </Point>
    </Placemark>
    <Placemark>
      <styleUrl>#dados_com_ensaio</styleUrl>
      <Point>
        <coordinates>17.01464400,-9.53934000,0</coordinates>
      </Point>
    </Placemark>
    <Placemark>
      <styleUrl>#dados_com_ensaio</styleUrl>
      <Point>
        <coordinates>17.01477500,-9.53946500,0</coordinates>
      </Point>
    </Placemark>
    <Placemark>
      <styleUrl>#dados_com_ensaio</styleUrl>
      <Point>
        <coordinates>17.01490700,-9.53959000,0</coordinates>
      </Point>
    </Placemark>
    <Placemark>
      <styleUrl>#dados_com_ensaio</styleUrl>
      <Point>
        <coordinates>17.01504200,-9.53971100,0</coordinates>
      </Point>
    </Placemark>
    <Placemark>
      <styleUrl>#dados_com_ensaio</styleUrl>
      <Point>
        <coordinates>17.01517700,-9.53983200,0</coordinates>
      </Point>
    </Placemark>
    <Placemark>
      <styleUrl>#dados_com_ensaio</styleUrl>
      <Point>
        <coordinates>17.01531200,-9.53995400,0</coordinates>
      </Point>
    </Placemark>
    <Placemark>
      <styleUrl>#dados_com_ensaio</styleUrl>
      <Point>
        <coordinates>17.01544700,-9.54007500,0</coordinates>
      </Point>
    </Placemark>
    <Placemark>
      <styleUrl>#dados_com_ensaio</styleUrl>
      <Point>
        <coordinates>17.01558200,-9.54019600,0</coordinates>
      </Point>
    </Placemark>
    <Placemark>
      <styleUrl>#dados_com_ensaio</styleUrl>
      <Point>
        <coordinates>17.01571800,-9.54031700,0</coordinates>
      </Point>
    </Placemark>
    <Placemark>
      <styleUrl>#dados_com_ensaio</styleUrl>
      <Point>
        <coordinates>17.01585300,-9.54043800,0</coordinates>
      </Point>
    </Placemark>
    <Placemark>
      <styleUrl>#dados_com_ensaio</styleUrl>
      <Point>
        <coordinates>17.01598900,-9.54055900,0</coordinates>
      </Point>
    </Placemark>
    <Placemark>
      <styleUrl>#dados_com_ensaio</styleUrl>
      <Point>
        <coordinates>17.01612400,-9.54067900,0</coordinates>
      </Point>
    </Placemark>
    <Placemark>
      <styleUrl>#dados_com_ensaio</styleUrl>
      <Point>
        <coordinates>17.01625900,-9.54080000,0</coordinates>
      </Point>
    </Placemark>
    <Placemark>
      <styleUrl>#dados_com_ensaio</styleUrl>
      <Point>
        <coordinates>17.01639500,-9.54092200,0</coordinates>
      </Point>
    </Placemark>
    <Placemark>
      <styleUrl>#dados_com_ensaio</styleUrl>
      <Point>
        <coordinates>17.01652800,-9.54104400,0</coordinates>
      </Point>
    </Placemark>
    <Placemark>
      <styleUrl>#dados_com_ensaio</styleUrl>
      <Point>
        <coordinates>17.01666200,-9.54116700,0</coordinates>
      </Point>
    </Placemark>
    <Placemark>
      <styleUrl>#dados_com_ensaio</styleUrl>
      <Point>
        <coordinates>17.01679600,-9.54129000,0</coordinates>
      </Point>
    </Placemark>
    <Placemark>
      <styleUrl>#dados_com_ensaio</styleUrl>
      <Point>
        <coordinates>17.01692900,-9.54141300,0</coordinates>
      </Point>
    </Placemark>
    <Placemark>
      <styleUrl>#dados_com_ensaio</styleUrl>
      <Point>
        <coordinates>17.01706300,-9.54153500,0</coordinates>
      </Point>
    </Placemark>
    <Placemark>
      <styleUrl>#dados_com_ensaio</styleUrl>
      <Point>
        <coordinates>17.01719800,-9.54165600,0</coordinates>
      </Point>
    </Placemark>
    <Placemark>
      <styleUrl>#dados_com_ensaio</styleUrl>
      <Point>
        <coordinates>17.01733000,-9.54178100,0</coordinates>
      </Point>
    </Placemark>
    <Placemark>
      <styleUrl>#dados_com_ensaio</styleUrl>
      <Point>
        <coordinates>17.01746100,-9.54190700,0</coordinates>
      </Point>
    </Placemark>
    <Placemark>
      <styleUrl>#dados_com_ensaio</styleUrl>
      <Point>
        <coordinates>17.01759000,-9.54203400,0</coordinates>
      </Point>
    </Placemark>
    <Placemark>
      <styleUrl>#dados_com_ensaio</styleUrl>
      <Point>
        <coordinates>17.01771600,-9.54216500,0</coordinates>
      </Point>
    </Placemark>
    <Placemark>
      <styleUrl>#dados_com_ensaio</styleUrl>
      <Point>
        <coordinates>17.01784200,-9.54229600,0</coordinates>
      </Point>
    </Placemark>
    <Placemark>
      <styleUrl>#dados_com_ensaio</styleUrl>
      <Point>
        <coordinates>17.01796800,-9.54242600,0</coordinates>
      </Point>
    </Placemark>
    <Placemark>
      <styleUrl>#dados_com_ensaio</styleUrl>
      <Point>
        <coordinates>17.01809300,-9.54255700,0</coordinates>
      </Point>
    </Placemark>
    <Placemark>
      <styleUrl>#dados_com_ensaio</styleUrl>
      <Point>
        <coordinates>17.01821900,-9.54268800,0</coordinates>
      </Point>
    </Placemark>
    <Placemark>
      <styleUrl>#dados_com_ensaio</styleUrl>
      <Point>
        <coordinates>17.01834500,-9.54281900,0</coordinates>
      </Point>
    </Placemark>
    <Placemark>
      <styleUrl>#dados_com_ensaio</styleUrl>
      <Point>
        <coordinates>17.01847100,-9.54294900,0</coordinates>
      </Point>
    </Placemark>
    <Placemark>
      <styleUrl>#dados_com_ensaio</styleUrl>
      <Point>
        <coordinates>17.01859600,-9.54308000,0</coordinates>
      </Point>
    </Placemark>
    <Placemark>
      <styleUrl>#dados_com_ensaio</styleUrl>
      <Point>
        <coordinates>17.01872200,-9.54321100,0</coordinates>
      </Point>
    </Placemark>
    <Placemark>
      <styleUrl>#dados_com_ensaio</styleUrl>
      <Point>
        <coordinates>17.01884800,-9.54334200,0</coordinates>
      </Point>
    </Placemark>
    <Placemark>
      <styleUrl>#dados_com_ensaio</styleUrl>
      <Point>
        <coordinates>17.01897300,-9.54347300,0</coordinates>
      </Point>
    </Placemark>
    <Placemark>
      <styleUrl>#dados_com_ensaio</styleUrl>
      <Point>
        <coordinates>17.01909900,-9.54360400,0</coordinates>
      </Point>
    </Placemark>
    <Placemark>
      <styleUrl>#dados_com_ensaio</styleUrl>
      <Point>
        <coordinates>17.01922500,-9.54373500,0</coordinates>
      </Point>
    </Placemark>
    <Placemark>
      <styleUrl>#dados_com_ensaio</styleUrl>
      <Point>
        <coordinates>17.01934900,-9.54386700,0</coordinates>
      </Point>
    </Placemark>
    <Placemark>
      <styleUrl>#dados_com_ensaio</styleUrl>
      <Point>
        <coordinates>17.01947300,-9.54399900,0</coordinates>
      </Point>
    </Placemark>
    <Placemark>
      <styleUrl>#dados_com_ensaio</styleUrl>
      <Point>
        <coordinates>17.01959600,-9.54413200,0</coordinates>
      </Point>
    </Placemark>
    <Placemark>
      <styleUrl>#dados_com_ensaio</styleUrl>
      <Point>
        <coordinates>17.01972000,-9.54426500,0</coordinates>
      </Point>
    </Placemark>
    <Placemark>
      <styleUrl>#dados_com_ensaio</styleUrl>
      <Point>
        <coordinates>17.01984400,-9.54439700,0</coordinates>
      </Point>
    </Placemark>
    <Placemark>
      <styleUrl>#dados_com_ensaio</styleUrl>
      <Point>
        <coordinates>17.01996800,-9.54453000,0</coordinates>
      </Point>
    </Placemark>
    <Placemark>
      <styleUrl>#dados_com_ensaio</styleUrl>
      <Point>
        <coordinates>17.02009100,-9.54466300,0</coordinates>
      </Point>
    </Placemark>
    <Placemark>
      <styleUrl>#dados_com_ensaio</styleUrl>
      <Point>
        <coordinates>17.02021500,-9.54479600,0</coordinates>
      </Point>
    </Placemark>
    <Placemark>
      <styleUrl>#dados_com_ensaio</styleUrl>
      <Point>
        <coordinates>17.02033900,-9.54492800,0</coordinates>
      </Point>
    </Placemark>
    <Placemark>
      <styleUrl>#dados_com_ensaio</styleUrl>
      <Point>
        <coordinates>17.02046200,-9.54506100,0</coordinates>
      </Point>
    </Placemark>
    <Placemark>
      <styleUrl>#dados_com_ensaio</styleUrl>
      <Point>
        <coordinates>17.02058600,-9.54519400,0</coordinates>
      </Point>
    </Placemark>
    <Placemark>
      <styleUrl>#dados_com_ensaio</styleUrl>
      <Point>
        <coordinates>17.02071000,-9.54532600,0</coordinates>
      </Point>
    </Placemark>
    <Placemark>
      <styleUrl>#dados_com_ensaio</styleUrl>
      <Point>
        <coordinates>17.02083300,-9.54545900,0</coordinates>
      </Point>
    </Placemark>
    <Placemark>
      <styleUrl>#dados_com_ensaio</styleUrl>
      <Point>
        <coordinates>17.02095700,-9.54559200,0</coordinates>
      </Point>
    </Placemark>
    <Placemark>
      <styleUrl>#dados_com_ensaio</styleUrl>
      <Point>
        <coordinates>17.02108000,-9.54572500,0</coordinates>
      </Point>
    </Placemark>
    <Placemark>
      <styleUrl>#dados_com_ensaio</styleUrl>
      <Point>
        <coordinates>17.02120400,-9.54585800,0</coordinates>
      </Point>
    </Placemark>
    <Placemark>
      <styleUrl>#dados_com_ensaio</styleUrl>
      <Point>
        <coordinates>17.02132700,-9.54599100,0</coordinates>
      </Point>
    </Placemark>
    <Placemark>
      <styleUrl>#dados_com_ensaio</styleUrl>
      <Point>
        <coordinates>17.02145000,-9.54612400,0</coordinates>
      </Point>
    </Placemark>
    <Placemark>
      <styleUrl>#dados_com_ensaio</styleUrl>
      <Point>
        <coordinates>17.02157300,-9.54625700,0</coordinates>
      </Point>
    </Placemark>
    <Placemark>
      <styleUrl>#dados_com_ensaio</styleUrl>
      <Point>
        <coordinates>17.02169700,-9.54639000,0</coordinates>
      </Point>
    </Placemark>
    <Placemark>
      <styleUrl>#dados_com_ensaio</styleUrl>
      <Point>
        <coordinates>17.02182000,-9.54652300,0</coordinates>
      </Point>
    </Placemark>
    <Placemark>
      <styleUrl>#dados_com_ensaio</styleUrl>
      <Point>
        <coordinates>17.02194300,-9.54665600,0</coordinates>
      </Point>
    </Placemark>
    <Placemark>
      <styleUrl>#dados_com_ensaio</styleUrl>
      <Point>
        <coordinates>17.02206600,-9.54679000,0</coordinates>
      </Point>
    </Placemark>
    <Placemark>
      <styleUrl>#dados_com_ensaio</styleUrl>
      <Point>
        <coordinates>17.02219000,-9.54692300,0</coordinates>
      </Point>
    </Placemark>
    <Placemark>
      <styleUrl>#dados_com_ensaio</styleUrl>
      <Point>
        <coordinates>17.02231300,-9.54705600,0</coordinates>
      </Point>
    </Placemark>
    <Placemark>
      <styleUrl>#dados_com_ensaio</styleUrl>
      <Point>
        <coordinates>17.02243600,-9.54718900,0</coordinates>
      </Point>
    </Placemark>
    <Placemark>
      <styleUrl>#dados_com_ensaio</styleUrl>
      <Point>
        <coordinates>17.02255900,-9.54732200,0</coordinates>
      </Point>
    </Placemark>
    <Placemark>
      <styleUrl>#dados_com_ensaio</styleUrl>
      <Point>
        <coordinates>17.02268300,-9.54745500,0</coordinates>
      </Point>
    </Placemark>
    <Placemark>
      <styleUrl>#dados_com_ensaio</styleUrl>
      <Point>
        <coordinates>17.02280600,-9.54758800,0</coordinates>
      </Point>
    </Placemark>
    <Placemark>
      <styleUrl>#dados_com_ensaio</styleUrl>
      <Point>
        <coordinates>17.02292900,-9.54772100,0</coordinates>
      </Point>
    </Placemark>
    <Placemark>
      <styleUrl>#dados_com_ensaio</styleUrl>
      <Point>
        <coordinates>17.02305200,-9.54785500,0</coordinates>
      </Point>
    </Placemark>
    <Placemark>
      <styleUrl>#dados_com_ensaio</styleUrl>
      <Point>
        <coordinates>17.02317600,-9.54798800,0</coordinates>
      </Point>
    </Placemark>
    <Placemark>
      <styleUrl>#dados_com_ensaio</styleUrl>
      <Point>
        <coordinates>17.02330000,-9.54812000,0</coordinates>
      </Point>
    </Placemark>
    <Placemark>
      <styleUrl>#dados_com_ensaio</styleUrl>
      <Point>
        <coordinates>17.02342400,-9.54825200,0</coordinates>
      </Point>
    </Placemark>
    <Placemark>
      <styleUrl>#dados_com_ensaio</styleUrl>
      <Point>
        <coordinates>17.02354800,-9.54838400,0</coordinates>
      </Point>
    </Placemark>
    <Placemark>
      <styleUrl>#dados_com_ensaio</styleUrl>
      <Point>
        <coordinates>17.02367200,-9.54851600,0</coordinates>
      </Point>
    </Placemark>
    <Placemark>
      <styleUrl>#dados_com_ensaio</styleUrl>
      <Point>
        <coordinates>17.02379700,-9.54864900,0</coordinates>
      </Point>
    </Placemark>
    <Placemark>
      <styleUrl>#dados_com_ensaio</styleUrl>
      <Point>
        <coordinates>17.02392000,-9.54878100,0</coordinates>
      </Point>
    </Placemark>
    <Placemark>
      <styleUrl>#dados_com_ensaio</styleUrl>
      <Point>
        <coordinates>17.02404300,-9.54891500,0</coordinates>
      </Point>
    </Placemark>
    <Placemark>
      <styleUrl>#dados_com_ensaio</styleUrl>
      <Point>
        <coordinates>17.02416600,-9.54904800,0</coordinates>
      </Point>
    </Placemark>
    <Placemark>
      <styleUrl>#dados_com_ensaio</styleUrl>
      <Point>
        <coordinates>17.02428900,-9.54918200,0</coordinates>
      </Point>
    </Placemark>
    <Placemark>
      <styleUrl>#dados_com_ensaio</styleUrl>
      <Point>
        <coordinates>17.02441200,-9.54931500,0</coordinates>
      </Point>
    </Placemark>
    <Placemark>
      <styleUrl>#dados_com_ensaio</styleUrl>
      <Point>
        <coordinates>17.02453500,-9.54944800,0</coordinates>
      </Point>
    </Placemark>
    <Placemark>
      <styleUrl>#dados_com_ensaio</styleUrl>
      <Point>
        <coordinates>17.02465800,-9.54958200,0</coordinates>
      </Point>
    </Placemark>
    <Placemark>
      <styleUrl>#dados_com_ensaio</styleUrl>
      <Point>
        <coordinates>17.02478100,-9.54971500,0</coordinates>
      </Point>
    </Placemark>
    <Placemark>
      <styleUrl>#dados_com_ensaio</styleUrl>
      <Point>
        <coordinates>17.02490400,-9.54984900,0</coordinates>
      </Point>
    </Placemark>
    <Placemark>
      <styleUrl>#dados_com_ensaio</styleUrl>
      <Point>
        <coordinates>17.02502700,-9.54998200,0</coordinates>
      </Point>
    </Placemark>
    <Placemark>
      <styleUrl>#dados_com_ensaio</styleUrl>
      <Point>
        <coordinates>17.02515000,-9.55011500,0</coordinates>
      </Point>
    </Placemark>
    <Placemark>
      <styleUrl>#dados_com_ensaio</styleUrl>
      <Point>
        <coordinates>17.02527300,-9.55024900,0</coordinates>
      </Point>
    </Placemark>
    <Placemark>
      <styleUrl>#dados_com_ensaio</styleUrl>
      <Point>
        <coordinates>17.02539600,-9.55038200,0</coordinates>
      </Point>
    </Placemark>
    <Placemark>
      <styleUrl>#dados_com_ensaio</styleUrl>
      <Point>
        <coordinates>17.02551900,-9.55051500,0</coordinates>
      </Point>
    </Placemark>
    <Placemark>
      <styleUrl>#dados_com_ensaio</styleUrl>
      <Point>
        <coordinates>17.02564200,-9.55064900,0</coordinates>
      </Point>
    </Placemark>
    <Placemark>
      <styleUrl>#dados_com_ensaio</styleUrl>
      <Point>
        <coordinates>17.02576400,-9.55078200,0</coordinates>
      </Point>
    </Placemark>
    <Placemark>
      <styleUrl>#dados_com_ensaio</styleUrl>
      <Point>
        <coordinates>17.02588700,-9.55091600,0</coordinates>
      </Point>
    </Placemark>
    <Placemark>
      <styleUrl>#dados_com_ensaio</styleUrl>
      <Point>
        <coordinates>17.02600900,-9.55105000,0</coordinates>
      </Point>
    </Placemark>
    <Placemark>
      <styleUrl>#dados_com_ensaio</styleUrl>
      <Point>
        <coordinates>17.02613200,-9.55118300,0</coordinates>
      </Point>
    </Placemark>
    <Placemark>
      <styleUrl>#dados_com_ensaio</styleUrl>
      <Point>
        <coordinates>17.02625500,-9.55131700,0</coordinates>
      </Point>
    </Placemark>
    <Placemark>
      <styleUrl>#dados_com_ensaio</styleUrl>
      <Point>
        <coordinates>17.02637700,-9.55145100,0</coordinates>
      </Point>
    </Placemark>
    <Placemark>
      <styleUrl>#dados_com_ensaio</styleUrl>
      <Point>
        <coordinates>17.02650000,-9.55158400,0</coordinates>
      </Point>
    </Placemark>
    <Placemark>
      <styleUrl>#dados_com_ensaio</styleUrl>
      <Point>
        <coordinates>17.02662300,-9.55171800,0</coordinates>
      </Point>
    </Placemark>
    <Placemark>
      <styleUrl>#dados_com_ensaio</styleUrl>
      <Point>
        <coordinates>17.02674500,-9.55185200,0</coordinates>
      </Point>
    </Placemark>
    <Placemark>
      <styleUrl>#dados_com_ensaio</styleUrl>
      <Point>
        <coordinates>17.02686800,-9.55198500,0</coordinates>
      </Point>
    </Placemark>
    <Placemark>
      <styleUrl>#dados_com_ensaio</styleUrl>
      <Point>
        <coordinates>17.02699000,-9.55211900,0</coordinates>
      </Point>
    </Placemark>
    <Placemark>
      <styleUrl>#dados_com_ensaio</styleUrl>
      <Point>
        <coordinates>17.02711300,-9.55225300,0</coordinates>
      </Point>
    </Placemark>
    <Placemark>
      <styleUrl>#dados_com_ensaio</styleUrl>
      <Point>
        <coordinates>17.02723600,-9.55238700,0</coordinates>
      </Point>
    </Placemark>
    <Placemark>
      <styleUrl>#dados_com_ensaio</styleUrl>
      <Point>
        <coordinates>17.02735800,-9.55252000,0</coordinates>
      </Point>
    </Placemark>
    <Placemark>
      <styleUrl>#dados_com_ensaio</styleUrl>
      <Point>
        <coordinates>17.02748100,-9.55265400,0</coordinates>
      </Point>
    </Placemark>
    <Placemark>
      <styleUrl>#dados_com_ensaio</styleUrl>
      <Point>
        <coordinates>17.02760300,-9.55278800,0</coordinates>
      </Point>
    </Placemark>
    <Placemark>
      <styleUrl>#dados_com_ensaio</styleUrl>
      <Point>
        <coordinates>17.02772600,-9.55292100,0</coordinates>
      </Point>
    </Placemark>
    <Placemark>
      <styleUrl>#dados_com_ensaio</styleUrl>
      <Point>
        <coordinates>17.02784900,-9.55305500,0</coordinates>
      </Point>
    </Placemark>
    <Placemark>
      <styleUrl>#dados_com_ensaio</styleUrl>
      <Point>
        <coordinates>17.02797100,-9.55318900,0</coordinates>
      </Point>
    </Placemark>
    <Placemark>
      <styleUrl>#dados_com_ensaio</styleUrl>
      <Point>
        <coordinates>17.02809400,-9.55332200,0</coordinates>
      </Point>
    </Placemark>
    <Placemark>
      <styleUrl>#dados_com_ensaio</styleUrl>
      <Point>
        <coordinates>17.02821600,-9.55345600,0</coordinates>
      </Point>
    </Placemark>
    <Placemark>
      <styleUrl>#dados_com_ensaio</styleUrl>
      <Point>
        <coordinates>17.02833900,-9.55359000,0</coordinates>
      </Point>
    </Placemark>
    <Placemark>
      <styleUrl>#dados_com_ensaio</styleUrl>
      <Point>
        <coordinates>17.02846200,-9.55372300,0</coordinates>
      </Point>
    </Placemark>
    <Placemark>
      <styleUrl>#dados_com_ensaio</styleUrl>
      <Point>
        <coordinates>17.02858400,-9.55385700,0</coordinates>
      </Point>
    </Placemark>
    <Placemark>
      <styleUrl>#dados_com_ensaio</styleUrl>
      <Point>
        <coordinates>17.02870800,-9.55398900,0</coordinates>
      </Point>
    </Placemark>
    <Placemark>
      <styleUrl>#dados_com_ensaio</styleUrl>
      <Point>
        <coordinates>17.02883200,-9.55412200,0</coordinates>
      </Point>
    </Placemark>
    <Placemark>
      <styleUrl>#dados_com_ensaio</styleUrl>
      <Point>
        <coordinates>17.02895600,-9.55425500,0</coordinates>
      </Point>
    </Placemark>
    <Placemark>
      <styleUrl>#dados_com_ensaio</styleUrl>
      <Point>
        <coordinates>17.02908000,-9.55438700,0</coordinates>
      </Point>
    </Placemark>
    <Placemark>
      <styleUrl>#dados_com_ensaio</styleUrl>
      <Point>
        <coordinates>17.02920400,-9.55452000,0</coordinates>
      </Point>
    </Placemark>
    <Placemark>
      <styleUrl>#dados_com_ensaio</styleUrl>
      <Point>
        <coordinates>17.02932800,-9.55465200,0</coordinates>
      </Point>
    </Placemark>
    <Placemark>
      <styleUrl>#dados_com_ensaio</styleUrl>
      <Point>
        <coordinates>17.02945100,-9.55478500,0</coordinates>
      </Point>
    </Placemark>
    <Placemark>
      <styleUrl>#dados_com_ensaio</styleUrl>
      <Point>
        <coordinates>17.02957500,-9.55491700,0</coordinates>
      </Point>
    </Placemark>
    <Placemark>
      <styleUrl>#dados_com_ensaio</styleUrl>
      <Point>
        <coordinates>17.02969900,-9.55505000,0</coordinates>
      </Point>
    </Placemark>
    <Placemark>
      <styleUrl>#dados_com_ensaio</styleUrl>
      <Point>
        <coordinates>17.02982300,-9.55518300,0</coordinates>
      </Point>
    </Placemark>
    <Placemark>
      <styleUrl>#dados_com_ensaio</styleUrl>
      <Point>
        <coordinates>17.02994700,-9.55531500,0</coordinates>
      </Point>
    </Placemark>
    <Placemark>
      <styleUrl>#dados_com_ensaio</styleUrl>
      <Point>
        <coordinates>17.03007100,-9.55544800,0</coordinates>
      </Point>
    </Placemark>
    <Placemark>
      <styleUrl>#dados_com_ensaio</styleUrl>
      <Point>
        <coordinates>17.03019500,-9.55558000,0</coordinates>
      </Point>
    </Placemark>
    <Placemark>
      <styleUrl>#dados_com_ensaio</styleUrl>
      <Point>
        <coordinates>17.03031900,-9.55571300,0</coordinates>
      </Point>
    </Placemark>
    <Placemark>
      <styleUrl>#dados_com_ensaio</styleUrl>
      <Point>
        <coordinates>17.03044300,-9.55584500,0</coordinates>
      </Point>
    </Placemark>
    <Placemark>
      <styleUrl>#dados_com_ensaio</styleUrl>
      <Point>
        <coordinates>17.03056700,-9.55597700,0</coordinates>
      </Point>
    </Placemark>
    <Placemark>
      <styleUrl>#dados_com_ensaio</styleUrl>
      <Point>
        <coordinates>17.03069000,-9.55611000,0</coordinates>
      </Point>
    </Placemark>
    <Placemark>
      <styleUrl>#dados_com_ensaio</styleUrl>
      <Point>
        <coordinates>17.03081400,-9.55624200,0</coordinates>
      </Point>
    </Placemark>
    <Placemark>
      <styleUrl>#dados_com_ensaio</styleUrl>
      <Point>
        <coordinates>17.03093800,-9.55637500,0</coordinates>
      </Point>
    </Placemark>
    <Placemark>
      <styleUrl>#dados_com_ensaio</styleUrl>
      <Point>
        <coordinates>17.03106200,-9.55650700,0</coordinates>
      </Point>
    </Placemark>
    <Placemark>
      <styleUrl>#dados_com_ensaio</styleUrl>
      <Point>
        <coordinates>17.03118600,-9.55664000,0</coordinates>
      </Point>
    </Placemark>
    <Placemark>
      <styleUrl>#dados_com_ensaio</styleUrl>
      <Point>
        <coordinates>17.03131000,-9.55677200,0</coordinates>
      </Point>
    </Placemark>
    <Placemark>
      <styleUrl>#dados_com_ensaio</styleUrl>
      <Point>
        <coordinates>17.03143400,-9.55690500,0</coordinates>
      </Point>
    </Placemark>
    <Placemark>
      <styleUrl>#dados_com_ensaio</styleUrl>
      <Point>
        <coordinates>17.03155800,-9.55703700,0</coordinates>
      </Point>
    </Placemark>
    <Placemark>
      <styleUrl>#dados_com_ensaio</styleUrl>
      <Point>
        <coordinates>17.03168200,-9.55717000,0</coordinates>
      </Point>
    </Placemark>
    <Placemark>
      <styleUrl>#dados_com_ensaio</styleUrl>
      <Point>
        <coordinates>17.03180600,-9.55730200,0</coordinates>
      </Point>
    </Placemark>
    <Placemark>
      <styleUrl>#dados_com_ensaio</styleUrl>
      <Point>
        <coordinates>17.03192800,-9.55743600,0</coordinates>
      </Point>
    </Placemark>
    <Placemark>
      <styleUrl>#dados_com_ensaio</styleUrl>
      <Point>
        <coordinates>17.03205100,-9.55757000,0</coordinates>
      </Point>
    </Placemark>
    <Placemark>
      <styleUrl>#dados_com_ensaio</styleUrl>
      <Point>
        <coordinates>17.03217300,-9.55770400,0</coordinates>
      </Point>
    </Placemark>
    <Placemark>
      <styleUrl>#dados_com_ensaio</styleUrl>
      <Point>
        <coordinates>17.03229600,-9.55783800,0</coordinates>
      </Point>
    </Placemark>
    <Placemark>
      <styleUrl>#dados_com_ensaio</styleUrl>
      <Point>
        <coordinates>17.03241800,-9.55797100,0</coordinates>
      </Point>
    </Placemark>
    <Placemark>
      <styleUrl>#dados_com_ensaio</styleUrl>
      <Point>
        <coordinates>17.03254000,-9.55810500,0</coordinates>
      </Point>
    </Placemark>
    <Placemark>
      <styleUrl>#dados_com_ensaio</styleUrl>
      <Point>
        <coordinates>17.03266300,-9.55823900,0</coordinates>
      </Point>
    </Placemark>
    <Placemark>
      <styleUrl>#dados_com_ensaio</styleUrl>
      <Point>
        <coordinates>17.03278500,-9.55837300,0</coordinates>
      </Point>
    </Placemark>
    <Placemark>
      <styleUrl>#dados_com_ensaio</styleUrl>
      <Point>
        <coordinates>17.03290800,-9.55850700,0</coordinates>
      </Point>
    </Placemark>
    <Placemark>
      <styleUrl>#dados_com_ensaio</styleUrl>
      <Point>
        <coordinates>17.03303000,-9.55864100,0</coordinates>
      </Point>
    </Placemark>
    <Placemark>
      <styleUrl>#dados_com_ensaio</styleUrl>
      <Point>
        <coordinates>17.03315300,-9.55877500,0</coordinates>
      </Point>
    </Placemark>
    <Placemark>
      <styleUrl>#dados_com_ensaio</styleUrl>
      <Point>
        <coordinates>17.03327500,-9.55890800,0</coordinates>
      </Point>
    </Placemark>
    <Placemark>
      <styleUrl>#dados_com_ensaio</styleUrl>
      <Point>
        <coordinates>17.03339800,-9.55904200,0</coordinates>
      </Point>
    </Placemark>
    <Placemark>
      <styleUrl>#dados_com_ensaio</styleUrl>
      <Point>
        <coordinates>17.03352000,-9.55917600,0</coordinates>
      </Point>
    </Placemark>
    <Placemark>
      <styleUrl>#dados_com_ensaio</styleUrl>
      <Point>
        <coordinates>17.03364200,-9.55931000,0</coordinates>
      </Point>
    </Placemark>
    <Placemark>
      <styleUrl>#dados_com_ensaio</styleUrl>
      <Point>
        <coordinates>17.03376500,-9.55944400,0</coordinates>
      </Point>
    </Placemark>
    <Placemark>
      <styleUrl>#dados_com_ensaio</styleUrl>
      <Point>
        <coordinates>17.03388700,-9.55957800,0</coordinates>
      </Point>
    </Placemark>
    <Placemark>
      <styleUrl>#dados_com_ensaio</styleUrl>
      <Point>
        <coordinates>17.03401000,-9.55971100,0</coordinates>
      </Point>
    </Placemark>
    <Placemark>
      <styleUrl>#dados_com_ensaio</styleUrl>
      <Point>
        <coordinates>17.03413100,-9.55984600,0</coordinates>
      </Point>
    </Placemark>
    <Placemark>
      <styleUrl>#dados_com_ensaio</styleUrl>
      <Point>
        <coordinates>17.03425200,-9.55998100,0</coordinates>
      </Point>
    </Placemark>
    <Placemark>
      <styleUrl>#dados_com_ensaio</styleUrl>
      <Point>
        <coordinates>17.03437300,-9.56011600,0</coordinates>
      </Point>
    </Placemark>
    <Placemark>
      <styleUrl>#dados_com_ensaio</styleUrl>
      <Point>
        <coordinates>17.03449400,-9.56025100,0</coordinates>
      </Point>
    </Placemark>
    <Placemark>
      <styleUrl>#dados_com_ensaio</styleUrl>
      <Point>
        <coordinates>17.03461600,-9.56038600,0</coordinates>
      </Point>
    </Placemark>
    <Placemark>
      <styleUrl>#dados_com_ensaio</styleUrl>
      <Point>
        <coordinates>17.03473700,-9.56052100,0</coordinates>
      </Point>
    </Placemark>
    <Placemark>
      <styleUrl>#dados_com_ensaio</styleUrl>
      <Point>
        <coordinates>17.03485900,-9.56065500,0</coordinates>
      </Point>
    </Placemark>
    <Placemark>
      <styleUrl>#dados_com_ensaio</styleUrl>
      <Point>
        <coordinates>17.03498300,-9.56078700,0</coordinates>
      </Point>
    </Placemark>
    <Placemark>
      <styleUrl>#dados_com_ensaio</styleUrl>
      <Point>
        <coordinates>17.03510700,-9.56092000,0</coordinates>
      </Point>
    </Placemark>
    <Placemark>
      <styleUrl>#dados_com_ensaio</styleUrl>
      <Point>
        <coordinates>17.03523100,-9.56105300,0</coordinates>
      </Point>
    </Placemark>
    <Placemark>
      <styleUrl>#dados_com_ensaio</styleUrl>
      <Point>
        <coordinates>17.03535500,-9.56118500,0</coordinates>
      </Point>
    </Placemark>
    <Placemark>
      <styleUrl>#dados_com_ensaio</styleUrl>
      <Point>
        <coordinates>17.03548200,-9.56131400,0</coordinates>
      </Point>
    </Placemark>
    <Placemark>
      <styleUrl>#dados_com_ensaio</styleUrl>
      <Point>
        <coordinates>17.03561100,-9.56144200,0</coordinates>
      </Point>
    </Placemark>
    <Placemark>
      <styleUrl>#dados_com_ensaio</styleUrl>
      <Point>
        <coordinates>17.03574000,-9.56157000,0</coordinates>
      </Point>
    </Placemark>
    <Placemark>
      <styleUrl>#dados_com_ensaio</styleUrl>
      <Point>
        <coordinates>17.03586900,-9.56169800,0</coordinates>
      </Point>
    </Placemark>
    <Placemark>
      <styleUrl>#dados_com_ensaio</styleUrl>
      <Point>
        <coordinates>17.03600500,-9.56181600,0</coordinates>
      </Point>
    </Placemark>
    <Placemark>
      <styleUrl>#dados_com_ensaio</styleUrl>
      <Point>
        <coordinates>17.03615000,-9.56192700,0</coordinates>
      </Point>
    </Placemark>
    <Placemark>
      <styleUrl>#dados_com_ensaio</styleUrl>
      <Point>
        <coordinates>17.03629300,-9.56203800,0</coordinates>
      </Point>
    </Placemark>
    <Placemark>
      <styleUrl>#dados_com_ensaio</styleUrl>
      <Point>
        <coordinates>17.03643300,-9.56215400,0</coordinates>
      </Point>
    </Placemark>
    <Placemark>
      <styleUrl>#dados_com_ensaio</styleUrl>
      <Point>
        <coordinates>17.03657400,-9.56226900,0</coordinates>
      </Point>
    </Placemark>
    <Placemark>
      <styleUrl>#dados_com_ensaio</styleUrl>
      <Point>
        <coordinates>17.03671400,-9.56238400,0</coordinates>
      </Point>
    </Placemark>
    <Placemark>
      <styleUrl>#dados_com_ensaio</styleUrl>
      <Point>
        <coordinates>17.03685400,-9.56249900,0</coordinates>
      </Point>
    </Placemark>
    <Placemark>
      <styleUrl>#dados_com_ensaio</styleUrl>
      <Point>
        <coordinates>17.03699500,-9.56261400,0</coordinates>
      </Point>
    </Placemark>
    <Placemark>
      <styleUrl>#dados_com_ensaio</styleUrl>
      <Point>
        <coordinates>17.03713500,-9.56273000,0</coordinates>
      </Point>
    </Placemark>
    <Placemark>
      <styleUrl>#dados_com_ensaio</styleUrl>
      <Point>
        <coordinates>17.03727600,-9.56284500,0</coordinates>
      </Point>
    </Placemark>
    <Placemark>
      <styleUrl>#dados_com_ensaio</styleUrl>
      <Point>
        <coordinates>17.03741600,-9.56296000,0</coordinates>
      </Point>
    </Placemark>
    <Placemark>
      <styleUrl>#dados_com_ensaio</styleUrl>
      <Point>
        <coordinates>17.03755700,-9.56307500,0</coordinates>
      </Point>
    </Placemark>
    <Placemark>
      <styleUrl>#dados_com_ensaio</styleUrl>
      <Point>
        <coordinates>17.03769700,-9.56319000,0</coordinates>
      </Point>
    </Placemark>
    <Placemark>
      <styleUrl>#dados_com_ensaio</styleUrl>
      <Point>
        <coordinates>17.03783700,-9.56330500,0</coordinates>
      </Point>
    </Placemark>
    <Placemark>
      <styleUrl>#dados_com_ensaio</styleUrl>
      <Point>
        <coordinates>17.03797800,-9.56342000,0</coordinates>
      </Point>
    </Placemark>
    <Placemark>
      <styleUrl>#dados_com_ensaio</styleUrl>
      <Point>
        <coordinates>17.03811800,-9.56353600,0</coordinates>
      </Point>
    </Placemark>
    <Placemark>
      <styleUrl>#dados_com_ensaio</styleUrl>
      <Point>
        <coordinates>17.03825800,-9.56365100,0</coordinates>
      </Point>
    </Placemark>
    <Placemark>
      <styleUrl>#dados_com_ensaio</styleUrl>
      <Point>
        <coordinates>17.03840000,-9.56376400,0</coordinates>
      </Point>
    </Placemark>
    <Placemark>
      <styleUrl>#dados_com_ensaio</styleUrl>
      <Point>
        <coordinates>17.03854300,-9.56387700,0</coordinates>
      </Point>
    </Placemark>
    <Placemark>
      <styleUrl>#dados_com_ensaio</styleUrl>
      <Point>
        <coordinates>17.03868500,-9.56399000,0</coordinates>
      </Point>
    </Placemark>
    <Placemark>
      <styleUrl>#dados_com_ensaio</styleUrl>
      <Point>
        <coordinates>17.03882700,-9.56410300,0</coordinates>
      </Point>
    </Placemark>
    <Placemark>
      <styleUrl>#dados_com_ensaio</styleUrl>
      <Point>
        <coordinates>17.03896900,-9.56421600,0</coordinates>
      </Point>
    </Placemark>
    <Placemark>
      <styleUrl>#dados_com_ensaio</styleUrl>
      <Point>
        <coordinates>17.03911100,-9.56432900,0</coordinates>
      </Point>
    </Placemark>
    <Placemark>
      <styleUrl>#dados_com_ensaio</styleUrl>
      <Point>
        <coordinates>17.03925400,-9.56444200,0</coordinates>
      </Point>
    </Placemark>
    <Placemark>
      <styleUrl>#dados_com_ensaio</styleUrl>
      <Point>
        <coordinates>17.03939600,-9.56455500,0</coordinates>
      </Point>
    </Placemark>
    <Placemark>
      <styleUrl>#dados_com_ensaio</styleUrl>
      <Point>
        <coordinates>17.03953700,-9.56466900,0</coordinates>
      </Point>
    </Placemark>
    <Placemark>
      <styleUrl>#dados_com_ensaio</styleUrl>
      <Point>
        <coordinates>17.03967900,-9.56478200,0</coordinates>
      </Point>
    </Placemark>
    <Placemark>
      <styleUrl>#dados_com_ensaio</styleUrl>
      <Point>
        <coordinates>17.03982100,-9.56489600,0</coordinates>
      </Point>
    </Placemark>
    <Placemark>
      <styleUrl>#dados_com_ensaio</styleUrl>
      <Point>
        <coordinates>17.03996200,-9.56501000,0</coordinates>
      </Point>
    </Placemark>
    <Placemark>
      <styleUrl>#dados_com_ensaio</styleUrl>
      <Point>
        <coordinates>17.04010400,-9.56512300,0</coordinates>
      </Point>
    </Placemark>
    <Placemark>
      <styleUrl>#dados_com_ensaio</styleUrl>
      <Point>
        <coordinates>17.04024500,-9.56523700,0</coordinates>
      </Point>
    </Placemark>
    <Placemark>
      <styleUrl>#dados_com_ensaio</styleUrl>
      <Point>
        <coordinates>17.04038700,-9.56535100,0</coordinates>
      </Point>
    </Placemark>
    <Placemark>
      <styleUrl>#dados_com_ensaio</styleUrl>
      <Point>
        <coordinates>17.04052900,-9.56546500,0</coordinates>
      </Point>
    </Placemark>
    <Placemark>
      <styleUrl>#dados_com_ensaio</styleUrl>
      <Point>
        <coordinates>17.04067000,-9.56557800,0</coordinates>
      </Point>
    </Placemark>
    <Placemark>
      <styleUrl>#dados_com_ensaio</styleUrl>
      <Point>
        <coordinates>17.04081200,-9.56569200,0</coordinates>
      </Point>
    </Placemark>
    <Placemark>
      <styleUrl>#dados_com_ensaio</styleUrl>
      <Point>
        <coordinates>17.04095400,-9.56580600,0</coordinates>
      </Point>
    </Placemark>
    <Placemark>
      <styleUrl>#dados_com_ensaio</styleUrl>
      <Point>
        <coordinates>17.04109500,-9.56591900,0</coordinates>
      </Point>
    </Placemark>
    <Placemark>
      <styleUrl>#dados_com_ensaio</styleUrl>
      <Point>
        <coordinates>17.04123700,-9.56603300,0</coordinates>
      </Point>
    </Placemark>
    <Placemark>
      <styleUrl>#dados_com_ensaio</styleUrl>
      <Point>
        <coordinates>17.04137800,-9.56614700,0</coordinates>
      </Point>
    </Placemark>
    <Placemark>
      <styleUrl>#dados_com_ensaio</styleUrl>
      <Point>
        <coordinates>17.04152000,-9.56626000,0</coordinates>
      </Point>
    </Placemark>
    <Placemark>
      <styleUrl>#dados_com_ensaio</styleUrl>
      <Point>
        <coordinates>17.04166200,-9.56637400,0</coordinates>
      </Point>
    </Placemark>
    <Placemark>
      <styleUrl>#dados_com_ensaio</styleUrl>
      <Point>
        <coordinates>17.04180300,-9.56648800,0</coordinates>
      </Point>
    </Placemark>
    <Placemark>
      <styleUrl>#dados_com_ensaio</styleUrl>
      <Point>
        <coordinates>17.04194500,-9.56660100,0</coordinates>
      </Point>
    </Placemark>
    <Placemark>
      <styleUrl>#dados_com_ensaio</styleUrl>
      <Point>
        <coordinates>17.04208600,-9.56671500,0</coordinates>
      </Point>
    </Placemark>
    <Placemark>
      <styleUrl>#dados_com_ensaio</styleUrl>
      <Point>
        <coordinates>17.04222800,-9.56682900,0</coordinates>
      </Point>
    </Placemark>
    <Placemark>
      <styleUrl>#dados_com_ensaio</styleUrl>
      <Point>
        <coordinates>17.04236700,-9.56694500,0</coordinates>
      </Point>
    </Placemark>
    <Placemark>
      <styleUrl>#dados_com_ensaio</styleUrl>
      <Point>
        <coordinates>17.04250600,-9.56706200,0</coordinates>
      </Point>
    </Placemark>
    <Placemark>
      <styleUrl>#dados_com_ensaio</styleUrl>
      <Point>
        <coordinates>17.04264500,-9.56717900,0</coordinates>
      </Point>
    </Placemark>
    <Placemark>
      <styleUrl>#dados_com_ensaio</styleUrl>
      <Point>
        <coordinates>17.04278400,-9.56729600,0</coordinates>
      </Point>
    </Placemark>
    <Placemark>
      <styleUrl>#dados_com_ensaio</styleUrl>
      <Point>
        <coordinates>17.04292600,-9.56740700,0</coordinates>
      </Point>
    </Placemark>
    <Placemark>
      <styleUrl>#dados_com_ensaio</styleUrl>
      <Point>
        <coordinates>17.04307200,-9.56751500,0</coordinates>
      </Point>
    </Placemark>
    <Placemark>
      <styleUrl>#dados_com_ensaio</styleUrl>
      <Point>
        <coordinates>17.04321800,-9.56762200,0</coordinates>
      </Point>
    </Placemark>
    <Placemark>
      <styleUrl>#dados_com_ensaio</styleUrl>
      <Point>
        <coordinates>17.04337700,-9.56770800,0</coordinates>
      </Point>
    </Placemark>
    <Placemark>
      <styleUrl>#dados_com_ensaio</styleUrl>
      <Point>
        <coordinates>17.04354800,-9.56777100,0</coordinates>
      </Point>
    </Placemark>
    <Placemark>
      <styleUrl>#dados_com_ensaio</styleUrl>
      <Point>
        <coordinates>17.04371900,-9.56783400,0</coordinates>
      </Point>
    </Placemark>
    <Placemark>
      <styleUrl>#dados_com_ensaio</styleUrl>
      <Point>
        <coordinates>17.04389300,-9.56788400,0</coordinates>
      </Point>
    </Placemark>
    <Placemark>
      <styleUrl>#dados_com_ensaio</styleUrl>
      <Point>
        <coordinates>17.04407000,-9.56792800,0</coordinates>
      </Point>
    </Placemark>
    <Placemark>
      <styleUrl>#dados_com_ensaio</styleUrl>
      <Point>
        <coordinates>17.04424700,-9.56797200,0</coordinates>
      </Point>
    </Placemark>
    <Placemark>
      <styleUrl>#dados_com_ensaio</styleUrl>
      <Point>
        <coordinates>17.04442300,-9.56801600,0</coordinates>
      </Point>
    </Placemark>
    <Placemark>
      <styleUrl>#dados_com_ensaio</styleUrl>
      <Point>
        <coordinates>17.04460000,-9.56806000,0</coordinates>
      </Point>
    </Placemark>
    <Placemark>
      <styleUrl>#dados_com_ensaio</styleUrl>
      <Point>
        <coordinates>17.04477700,-9.56810300,0</coordinates>
      </Point>
    </Placemark>
    <Placemark>
      <styleUrl>#dados_com_ensaio</styleUrl>
      <Point>
        <coordinates>17.04495300,-9.56814700,0</coordinates>
      </Point>
    </Placemark>
    <Placemark>
      <styleUrl>#dados_com_ensaio</styleUrl>
      <Point>
        <coordinates>17.04513000,-9.56819100,0</coordinates>
      </Point>
    </Placemark>
    <Placemark>
      <styleUrl>#dados_com_ensaio</styleUrl>
      <Point>
        <coordinates>17.04530700,-9.56823500,0</coordinates>
      </Point>
    </Placemark>
    <Placemark>
      <styleUrl>#dados_com_ensaio</styleUrl>
      <Point>
        <coordinates>17.04548300,-9.56827900,0</coordinates>
      </Point>
    </Placemark>
    <Placemark>
      <styleUrl>#dados_com_ensaio</styleUrl>
      <Point>
        <coordinates>17.04566000,-9.56832300,0</coordinates>
      </Point>
    </Placemark>
    <Placemark>
      <styleUrl>#dados_com_ensaio</styleUrl>
      <Point>
        <coordinates>17.04583700,-9.56836700,0</coordinates>
      </Point>
    </Placemark>
    <Placemark>
      <styleUrl>#dados_com_ensaio</styleUrl>
      <Point>
        <coordinates>17.04601400,-9.56841000,0</coordinates>
      </Point>
    </Placemark>
    <Placemark>
      <styleUrl>#dados_com_ensaio</styleUrl>
      <Point>
        <coordinates>17.04619000,-9.56845400,0</coordinates>
      </Point>
    </Placemark>
    <Placemark>
      <styleUrl>#dados_com_ensaio</styleUrl>
      <Point>
        <coordinates>17.04636700,-9.56849800,0</coordinates>
      </Point>
    </Placemark>
    <Placemark>
      <styleUrl>#dados_com_ensaio</styleUrl>
      <Point>
        <coordinates>17.04654400,-9.56854200,0</coordinates>
      </Point>
    </Placemark>
    <Placemark>
      <styleUrl>#dados_com_ensaio</styleUrl>
      <Point>
        <coordinates>17.04672000,-9.56858600,0</coordinates>
      </Point>
    </Placemark>
    <Placemark>
      <styleUrl>#dados_com_ensaio</styleUrl>
      <Point>
        <coordinates>17.04689700,-9.56863000,0</coordinates>
      </Point>
    </Placemark>
    <Placemark>
      <styleUrl>#dados_com_ensaio</styleUrl>
      <Point>
        <coordinates>17.04707400,-9.56867400,0</coordinates>
      </Point>
    </Placemark>
    <Placemark>
      <styleUrl>#dados_com_ensaio</styleUrl>
      <Point>
        <coordinates>17.04725000,-9.56871800,0</coordinates>
      </Point>
    </Placemark>
    <Placemark>
      <styleUrl>#dados_com_ensaio</styleUrl>
      <Point>
        <coordinates>17.04742700,-9.56876100,0</coordinates>
      </Point>
    </Placemark>
    <Placemark>
      <styleUrl>#dados_com_ensaio</styleUrl>
      <Point>
        <coordinates>17.04760400,-9.56880500,0</coordinates>
      </Point>
    </Placemark>
    <Placemark>
      <styleUrl>#dados_com_ensaio</styleUrl>
      <Point>
        <coordinates>17.04778000,-9.56884900,0</coordinates>
      </Point>
    </Placemark>
    <Placemark>
      <styleUrl>#dados_com_ensaio</styleUrl>
      <Point>
        <coordinates>17.04795700,-9.56889300,0</coordinates>
      </Point>
    </Placemark>
    <Placemark>
      <styleUrl>#dados_com_ensaio</styleUrl>
      <Point>
        <coordinates>17.04813400,-9.56893700,0</coordinates>
      </Point>
    </Placemark>
    <Placemark>
      <styleUrl>#dados_com_ensaio</styleUrl>
      <Point>
        <coordinates>17.04831100,-9.56898100,0</coordinates>
      </Point>
    </Placemark>
    <Placemark>
      <styleUrl>#dados_com_ensaio</styleUrl>
      <Point>
        <coordinates>17.04848700,-9.56902500,0</coordinates>
      </Point>
    </Placemark>
    <Placemark>
      <styleUrl>#dados_com_ensaio</styleUrl>
      <Point>
        <coordinates>17.04866400,-9.56906800,0</coordinates>
      </Point>
    </Placemark>
    <Placemark>
      <styleUrl>#dados_com_ensaio</styleUrl>
      <Point>
        <coordinates>17.04884100,-9.56911200,0</coordinates>
      </Point>
    </Placemark>
    <Placemark>
      <styleUrl>#dados_com_ensaio</styleUrl>
      <Point>
        <coordinates>17.04901700,-9.56915600,0</coordinates>
      </Point>
    </Placemark>
    <Placemark>
      <styleUrl>#dados_com_ensaio</styleUrl>
      <Point>
        <coordinates>17.04919400,-9.56920000,0</coordinates>
      </Point>
    </Placemark>
    <Placemark>
      <styleUrl>#dados_com_ensaio</styleUrl>
      <Point>
        <coordinates>17.04937100,-9.56924400,0</coordinates>
      </Point>
    </Placemark>
    <Placemark>
      <styleUrl>#dados_com_ensaio</styleUrl>
      <Point>
        <coordinates>17.04954800,-9.56928800,0</coordinates>
      </Point>
    </Placemark>
    <Placemark>
      <styleUrl>#dados_com_ensaio</styleUrl>
      <Point>
        <coordinates>17.04972400,-9.56933200,0</coordinates>
      </Point>
    </Placemark>
    <Placemark>
      <styleUrl>#dados_com_ensaio</styleUrl>
      <Point>
        <coordinates>17.04990100,-9.56937500,0</coordinates>
      </Point>
    </Placemark>
    <Placemark>
      <styleUrl>#dados_com_ensaio</styleUrl>
      <Point>
        <coordinates>17.05007800,-9.56941900,0</coordinates>
      </Point>
    </Placemark>
    <Placemark>
      <styleUrl>#dados_com_ensaio</styleUrl>
      <Point>
        <coordinates>17.05025400,-9.56946300,0</coordinates>
      </Point>
    </Placemark>
    <Placemark>
      <styleUrl>#dados_com_ensaio</styleUrl>
      <Point>
        <coordinates>17.05043100,-9.56950700,0</coordinates>
      </Point>
    </Placemark>
    <Placemark>
      <styleUrl>#dados_com_ensaio</styleUrl>
      <Point>
        <coordinates>17.05060800,-9.56955100,0</coordinates>
      </Point>
    </Placemark>
    <Placemark>
      <styleUrl>#dados_com_ensaio</styleUrl>
      <Point>
        <coordinates>17.05078400,-9.56959500,0</coordinates>
      </Point>
    </Placemark>
    <Placemark>
      <styleUrl>#dados_com_ensaio</styleUrl>
      <Point>
        <coordinates>17.05096100,-9.56963800,0</coordinates>
      </Point>
    </Placemark>
    <Placemark>
      <styleUrl>#dados_com_ensaio</styleUrl>
      <Point>
        <coordinates>17.05113800,-9.56968200,0</coordinates>
      </Point>
    </Placemark>
    <Placemark>
      <styleUrl>#dados_com_ensaio</styleUrl>
      <Point>
        <coordinates>17.05131400,-9.56972600,0</coordinates>
      </Point>
    </Placemark>
    <Placemark>
      <styleUrl>#dados_com_ensaio</styleUrl>
      <Point>
        <coordinates>17.05149100,-9.56977000,0</coordinates>
      </Point>
    </Placemark>
    <Placemark>
      <styleUrl>#dados_com_ensaio</styleUrl>
      <Point>
        <coordinates>17.05166800,-9.56981300,0</coordinates>
      </Point>
    </Placemark>
    <Placemark>
      <styleUrl>#dados_com_ensaio</styleUrl>
      <Point>
        <coordinates>17.05184500,-9.56985600,0</coordinates>
      </Point>
    </Placemark>
    <Placemark>
      <styleUrl>#dados_com_ensaio</styleUrl>
      <Point>
        <coordinates>17.05202200,-9.56990000,0</coordinates>
      </Point>
    </Placemark>
    <Placemark>
      <styleUrl>#dados_com_ensaio</styleUrl>
      <Point>
        <coordinates>17.05219900,-9.56994300,0</coordinates>
      </Point>
    </Placemark>
    <Placemark>
      <styleUrl>#dados_com_ensaio</styleUrl>
      <Point>
        <coordinates>17.05237500,-9.56998700,0</coordinates>
      </Point>
    </Placemark>
    <Placemark>
      <styleUrl>#dados_com_ensaio</styleUrl>
      <Point>
        <coordinates>17.05255200,-9.57003000,0</coordinates>
      </Point>
    </Placemark>
    <Placemark>
      <styleUrl>#dados_com_ensaio</styleUrl>
      <Point>
        <coordinates>17.05272900,-9.57007300,0</coordinates>
      </Point>
    </Placemark>
    <Placemark>
      <styleUrl>#dados_com_ensaio</styleUrl>
      <Point>
        <coordinates>17.05290600,-9.57011700,0</coordinates>
      </Point>
    </Placemark>
    <Placemark>
      <styleUrl>#dados_com_ensaio</styleUrl>
      <Point>
        <coordinates>17.05308300,-9.57016000,0</coordinates>
      </Point>
    </Placemark>
    <Placemark>
      <styleUrl>#dados_com_ensaio</styleUrl>
      <Point>
        <coordinates>17.05325900,-9.57020400,0</coordinates>
      </Point>
    </Placemark>
    <Placemark>
      <styleUrl>#dados_com_ensaio</styleUrl>
      <Point>
        <coordinates>17.05343700,-9.57024500,0</coordinates>
      </Point>
    </Placemark>
    <Placemark>
      <styleUrl>#dados_com_ensaio</styleUrl>
      <Point>
        <coordinates>17.05361400,-9.57028700,0</coordinates>
      </Point>
    </Placemark>
    <Placemark>
      <styleUrl>#dados_com_ensaio</styleUrl>
      <Point>
        <coordinates>17.05379100,-9.57032900,0</coordinates>
      </Point>
    </Placemark>
    <Placemark>
      <styleUrl>#dados_com_ensaio</styleUrl>
      <Point>
        <coordinates>17.05396800,-9.57037100,0</coordinates>
      </Point>
    </Placemark>
    <Placemark>
      <styleUrl>#dados_com_ensaio</styleUrl>
      <Point>
        <coordinates>17.05414600,-9.57041000,0</coordinates>
      </Point>
    </Placemark>
    <Placemark>
      <styleUrl>#dados_com_ensaio</styleUrl>
      <Point>
        <coordinates>17.05432500,-9.57044100,0</coordinates>
      </Point>
    </Placemark>
    <Placemark>
      <styleUrl>#dados_com_ensaio</styleUrl>
      <Point>
        <coordinates>17.05450500,-9.57047200,0</coordinates>
      </Point>
    </Placemark>
    <Placemark>
      <styleUrl>#dados_com_ensaio</styleUrl>
      <Point>
        <coordinates>17.05468600,-9.57049100,0</coordinates>
      </Point>
    </Placemark>
    <Placemark>
      <styleUrl>#dados_com_ensaio</styleUrl>
      <Point>
        <coordinates>17.05486700,-9.57050600,0</coordinates>
      </Point>
    </Placemark>
    <Placemark>
      <styleUrl>#dados_com_ensaio</styleUrl>
      <Point>
        <coordinates>17.05504900,-9.57051300,0</coordinates>
      </Point>
    </Placemark>
    <Placemark>
      <styleUrl>#dados_com_ensaio</styleUrl>
      <Point>
        <coordinates>17.05523100,-9.57050800,0</coordinates>
      </Point>
    </Placemark>
    <Placemark>
      <styleUrl>#dados_com_ensaio</styleUrl>
      <Point>
        <coordinates>17.05541300,-9.57050200,0</coordinates>
      </Point>
    </Placemark>
    <Placemark>
      <styleUrl>#dados_com_ensaio</styleUrl>
      <Point>
        <coordinates>17.05559500,-9.57048800,0</coordinates>
      </Point>
    </Placemark>
    <Placemark>
      <styleUrl>#dados_com_ensaio</styleUrl>
      <Point>
        <coordinates>17.05577600,-9.57047100,0</coordinates>
      </Point>
    </Placemark>
    <Placemark>
      <styleUrl>#dados_com_ensaio</styleUrl>
      <Point>
        <coordinates>17.05595700,-9.57045300,0</coordinates>
      </Point>
    </Placemark>
    <Placemark>
      <styleUrl>#dados_com_ensaio</styleUrl>
      <Point>
        <coordinates>17.05613800,-9.57043400,0</coordinates>
      </Point>
    </Placemark>
    <Placemark>
      <styleUrl>#dados_com_ensaio</styleUrl>
      <Point>
        <coordinates>17.05631900,-9.57041100,0</coordinates>
      </Point>
    </Placemark>
    <Placemark>
      <styleUrl>#dados_com_ensaio</styleUrl>
      <Point>
        <coordinates>17.05650000,-9.57038900,0</coordinates>
      </Point>
    </Placemark>
    <Placemark>
      <styleUrl>#dados_com_ensaio</styleUrl>
      <Point>
        <coordinates>17.05668100,-9.57036700,0</coordinates>
      </Point>
    </Placemark>
    <Placemark>
      <styleUrl>#dados_com_ensaio</styleUrl>
      <Point>
        <coordinates>17.05686100,-9.57034400,0</coordinates>
      </Point>
    </Placemark>
    <Placemark>
      <styleUrl>#dados_com_ensaio</styleUrl>
      <Point>
        <coordinates>17.05704200,-9.57032200,0</coordinates>
      </Point>
    </Placemark>
    <Placemark>
      <styleUrl>#dados_com_ensaio</styleUrl>
      <Point>
        <coordinates>17.05722300,-9.57030000,0</coordinates>
      </Point>
    </Placemark>
    <Placemark>
      <styleUrl>#dados_com_ensaio</styleUrl>
      <Point>
        <coordinates>17.05740400,-9.57027700,0</coordinates>
      </Point>
    </Placemark>
    <Placemark>
      <styleUrl>#dados_com_ensaio</styleUrl>
      <Point>
        <coordinates>17.05758400,-9.57025500,0</coordinates>
      </Point>
    </Placemark>
    <Placemark>
      <styleUrl>#dados_com_ensaio</styleUrl>
      <Point>
        <coordinates>17.05776500,-9.57023300,0</coordinates>
      </Point>
    </Placemark>
    <Placemark>
      <styleUrl>#dados_com_ensaio</styleUrl>
      <Point>
        <coordinates>17.05794600,-9.57021100,0</coordinates>
      </Point>
    </Placemark>
    <Placemark>
      <styleUrl>#dados_com_ensaio</styleUrl>
      <Point>
        <coordinates>17.05812700,-9.57018800,0</coordinates>
      </Point>
    </Placemark>
    <Placemark>
      <styleUrl>#dados_com_ensaio</styleUrl>
      <Point>
        <coordinates>17.05830700,-9.57016600,0</coordinates>
      </Point>
    </Placemark>
    <Placemark>
      <styleUrl>#dados_com_ensaio</styleUrl>
      <Point>
        <coordinates>17.05848800,-9.57014400,0</coordinates>
      </Point>
    </Placemark>
    <Placemark>
      <styleUrl>#dados_com_ensaio</styleUrl>
      <Point>
        <coordinates>17.05866900,-9.57012200,0</coordinates>
      </Point>
    </Placemark>
    <Placemark>
      <styleUrl>#dados_com_ensaio</styleUrl>
      <Point>
        <coordinates>17.05885000,-9.57010000,0</coordinates>
      </Point>
    </Placemark>
    <Placemark>
      <styleUrl>#dados_com_ensaio</styleUrl>
      <Point>
        <coordinates>17.05903000,-9.57007800,0</coordinates>
      </Point>
    </Placemark>
    <Placemark>
      <styleUrl>#dados_com_ensaio</styleUrl>
      <Point>
        <coordinates>17.05921100,-9.57005600,0</coordinates>
      </Point>
    </Placemark>
    <Placemark>
      <styleUrl>#dados_com_ensaio</styleUrl>
      <Point>
        <coordinates>17.05939200,-9.57003400,0</coordinates>
      </Point>
    </Placemark>
    <Placemark>
      <styleUrl>#dados_com_ensaio</styleUrl>
      <Point>
        <coordinates>17.05957300,-9.57001200,0</coordinates>
      </Point>
    </Placemark>
    <Placemark>
      <styleUrl>#dados_com_ensaio</styleUrl>
      <Point>
        <coordinates>17.05975400,-9.56999000,0</coordinates>
      </Point>
    </Placemark>
    <Placemark>
      <styleUrl>#dados_com_ensaio</styleUrl>
      <Point>
        <coordinates>17.05993400,-9.56996800,0</coordinates>
      </Point>
    </Placemark>
    <Placemark>
      <styleUrl>#dados_com_ensaio</styleUrl>
      <Point>
        <coordinates>17.06011500,-9.56994600,0</coordinates>
      </Point>
    </Placemark>
    <Placemark>
      <styleUrl>#dados_com_ensaio</styleUrl>
      <Point>
        <coordinates>17.06029600,-9.56992400,0</coordinates>
      </Point>
    </Placemark>
    <Placemark>
      <styleUrl>#dados_com_ensaio</styleUrl>
      <Point>
        <coordinates>17.06047700,-9.56990100,0</coordinates>
      </Point>
    </Placemark>
    <Placemark>
      <styleUrl>#dados_com_ensaio</styleUrl>
      <Point>
        <coordinates>17.06065700,-9.56987900,0</coordinates>
      </Point>
    </Placemark>
    <Placemark>
      <styleUrl>#dados_com_ensaio</styleUrl>
      <Point>
        <coordinates>17.06083800,-9.56985700,0</coordinates>
      </Point>
    </Placemark>
    <Placemark>
      <styleUrl>#dados_com_ensaio</styleUrl>
      <Point>
        <coordinates>17.06101900,-9.56983600,0</coordinates>
      </Point>
    </Placemark>
    <Placemark>
      <styleUrl>#dados_com_ensaio</styleUrl>
      <Point>
        <coordinates>17.06120000,-9.56981500,0</coordinates>
      </Point>
    </Placemark>
    <Placemark>
      <styleUrl>#dados_com_ensaio</styleUrl>
      <Point>
        <coordinates>17.06138100,-9.56979400,0</coordinates>
      </Point>
    </Placemark>
    <Placemark>
      <styleUrl>#dados_com_ensaio</styleUrl>
      <Point>
        <coordinates>17.06156200,-9.56977900,0</coordinates>
      </Point>
    </Placemark>
    <Placemark>
      <styleUrl>#dados_com_ensaio</styleUrl>
      <Point>
        <coordinates>17.06174400,-9.56977000,0</coordinates>
      </Point>
    </Placemark>
    <Placemark>
      <styleUrl>#dados_com_ensaio</styleUrl>
      <Point>
        <coordinates>17.06192600,-9.56976700,0</coordinates>
      </Point>
    </Placemark>
    <Placemark>
      <styleUrl>#dados_com_ensaio</styleUrl>
      <Point>
        <coordinates>17.06210800,-9.56977400,0</coordinates>
      </Point>
    </Placemark>
    <Placemark>
      <styleUrl>#dados_com_ensaio</styleUrl>
      <Point>
        <coordinates>17.06229000,-9.56978900,0</coordinates>
      </Point>
    </Placemark>
    <Placemark>
      <styleUrl>#dados_com_ensaio</styleUrl>
      <Point>
        <coordinates>17.06247000,-9.56981100,0</coordinates>
      </Point>
    </Placemark>
    <Placemark>
      <styleUrl>#dados_com_ensaio</styleUrl>
      <Point>
        <coordinates>17.06264900,-9.56984700,0</coordinates>
      </Point>
    </Placemark>
    <Placemark>
      <styleUrl>#dados_com_ensaio</styleUrl>
      <Point>
        <coordinates>17.06282700,-9.56988700,0</coordinates>
      </Point>
    </Placemark>
    <Placemark>
      <styleUrl>#dados_com_ensaio</styleUrl>
      <Point>
        <coordinates>17.06300300,-9.56993300,0</coordinates>
      </Point>
    </Placemark>
    <Placemark>
      <styleUrl>#dados_com_ensaio</styleUrl>
      <Point>
        <coordinates>17.06317600,-9.56999000,0</coordinates>
      </Point>
    </Placemark>
    <Placemark>
      <styleUrl>#dados_com_ensaio</styleUrl>
      <Point>
        <coordinates>17.06334600,-9.57005200,0</coordinates>
      </Point>
    </Placemark>
    <Placemark>
      <styleUrl>#dados_com_ensaio</styleUrl>
      <Point>
        <coordinates>17.06351500,-9.57011900,0</coordinates>
      </Point>
    </Placemark>
    <Placemark>
      <styleUrl>#dados_com_ensaio</styleUrl>
      <Point>
        <coordinates>17.06368400,-9.57018700,0</coordinates>
      </Point>
    </Placemark>
    <Placemark>
      <styleUrl>#dados_com_ensaio</styleUrl>
      <Point>
        <coordinates>17.06385300,-9.57025400,0</coordinates>
      </Point>
    </Placemark>
    <Placemark>
      <styleUrl>#dados_com_ensaio</styleUrl>
      <Point>
        <coordinates>17.06402300,-9.57032100,0</coordinates>
      </Point>
    </Placemark>
    <Placemark>
      <styleUrl>#dados_com_ensaio</styleUrl>
      <Point>
        <coordinates>17.06419200,-9.57038800,0</coordinates>
      </Point>
    </Placemark>
    <Placemark>
      <styleUrl>#dados_com_ensaio</styleUrl>
      <Point>
        <coordinates>17.06436100,-9.57045500,0</coordinates>
      </Point>
    </Placemark>
    <Placemark>
      <styleUrl>#dados_com_ensaio</styleUrl>
      <Point>
        <coordinates>17.06453000,-9.57052300,0</coordinates>
      </Point>
    </Placemark>
    <Placemark>
      <styleUrl>#dados_com_ensaio</styleUrl>
      <Point>
        <coordinates>17.06469900,-9.57059000,0</coordinates>
      </Point>
    </Placemark>
    <Placemark>
      <styleUrl>#dados_com_ensaio</styleUrl>
      <Point>
        <coordinates>17.06486800,-9.57065700,0</coordinates>
      </Point>
    </Placemark>
    <Placemark>
      <styleUrl>#dados_com_ensaio</styleUrl>
      <Point>
        <coordinates>17.06503700,-9.57072400,0</coordinates>
      </Point>
    </Placemark>
    <Placemark>
      <styleUrl>#dados_com_ensaio</styleUrl>
      <Point>
        <coordinates>17.06520600,-9.57079100,0</coordinates>
      </Point>
    </Placemark>
    <Placemark>
      <styleUrl>#dados_com_ensaio</styleUrl>
      <Point>
        <coordinates>17.06537500,-9.57085800,0</coordinates>
      </Point>
    </Placemark>
    <Placemark>
      <styleUrl>#dados_com_ensaio</styleUrl>
      <Point>
        <coordinates>17.06554500,-9.57092600,0</coordinates>
      </Point>
    </Placemark>
    <Placemark>
      <styleUrl>#dados_com_ensaio</styleUrl>
      <Point>
        <coordinates>17.06571400,-9.57099300,0</coordinates>
      </Point>
    </Placemark>
    <Placemark>
      <styleUrl>#dados_com_ensaio</styleUrl>
      <Point>
        <coordinates>17.06588300,-9.57106000,0</coordinates>
      </Point>
    </Placemark>
    <Placemark>
      <styleUrl>#dados_com_ensaio</styleUrl>
      <Point>
        <coordinates>17.06605200,-9.57112700,0</coordinates>
      </Point>
    </Placemark>
    <Placemark>
      <styleUrl>#dados_com_ensaio</styleUrl>
      <Point>
        <coordinates>17.06622100,-9.57119500,0</coordinates>
      </Point>
    </Placemark>
    <Placemark>
      <styleUrl>#dados_com_ensaio</styleUrl>
      <Point>
        <coordinates>17.06638900,-9.57126300,0</coordinates>
      </Point>
    </Placemark>
    <Placemark>
      <styleUrl>#dados_com_ensaio</styleUrl>
      <Point>
        <coordinates>17.06655800,-9.57133100,0</coordinates>
      </Point>
    </Placemark>
    <Placemark>
      <styleUrl>#dados_com_ensaio</styleUrl>
      <Point>
        <coordinates>17.06672700,-9.57139900,0</coordinates>
      </Point>
    </Placemark>
    <Placemark>
      <styleUrl>#dados_com_ensaio</styleUrl>
      <Point>
        <coordinates>17.06689600,-9.57146700,0</coordinates>
      </Point>
    </Placemark>
    <Placemark>
      <styleUrl>#dados_com_ensaio</styleUrl>
      <Point>
        <coordinates>17.06706500,-9.57153500,0</coordinates>
      </Point>
    </Placemark>
    <Placemark>
      <styleUrl>#dados_com_ensaio</styleUrl>
      <Point>
        <coordinates>17.06723300,-9.57160300,0</coordinates>
      </Point>
    </Placemark>
    <Placemark>
      <styleUrl>#dados_com_ensaio</styleUrl>
      <Point>
        <coordinates>17.06740300,-9.57166800,0</coordinates>
      </Point>
    </Placemark>
    <Placemark>
      <styleUrl>#dados_com_ensaio</styleUrl>
      <Point>
        <coordinates>17.06757300,-9.57173400,0</coordinates>
      </Point>
    </Placemark>
    <Placemark>
      <styleUrl>#dados_com_ensaio</styleUrl>
      <Point>
        <coordinates>17.06774300,-9.57179900,0</coordinates>
      </Point>
    </Placemark>
    <Placemark>
      <styleUrl>#dados_com_ensaio</styleUrl>
      <Point>
        <coordinates>17.06791200,-9.57186500,0</coordinates>
      </Point>
    </Placemark>
    <Placemark>
      <styleUrl>#dados_com_ensaio</styleUrl>
      <Point>
        <coordinates>17.06808200,-9.57193100,0</coordinates>
      </Point>
    </Placemark>
    <Placemark>
      <styleUrl>#dados_com_ensaio</styleUrl>
      <Point>
        <coordinates>17.06825000,-9.57200000,0</coordinates>
      </Point>
    </Placemark>
    <Placemark>
      <styleUrl>#dados_com_ensaio</styleUrl>
      <Point>
        <coordinates>17.06841900,-9.57206900,0</coordinates>
      </Point>
    </Placemark>
    <Placemark>
      <styleUrl>#dados_com_ensaio</styleUrl>
      <Point>
        <coordinates>17.06858700,-9.57213800,0</coordinates>
      </Point>
    </Placemark>
    <Placemark>
      <styleUrl>#dados_com_ensaio</styleUrl>
      <Point>
        <coordinates>17.06875500,-9.57220700,0</coordinates>
      </Point>
    </Placemark>
    <Placemark>
      <styleUrl>#dados_com_ensaio</styleUrl>
      <Point>
        <coordinates>17.06892400,-9.57227500,0</coordinates>
      </Point>
    </Placemark>
    <Placemark>
      <styleUrl>#dados_com_ensaio</styleUrl>
      <Point>
        <coordinates>17.06909300,-9.57234200,0</coordinates>
      </Point>
    </Placemark>
    <Placemark>
      <styleUrl>#dados_com_ensaio</styleUrl>
      <Point>
        <coordinates>17.06926300,-9.57240800,0</coordinates>
      </Point>
    </Placemark>
    <Placemark>
      <styleUrl>#dados_com_ensaio</styleUrl>
      <Point>
        <coordinates>17.06943200,-9.57247500,0</coordinates>
      </Point>
    </Placemark>
    <Placemark>
      <styleUrl>#dados_com_ensaio</styleUrl>
      <Point>
        <coordinates>17.06960100,-9.57254200,0</coordinates>
      </Point>
    </Placemark>
    <Placemark>
      <styleUrl>#dados_com_ensaio</styleUrl>
      <Point>
        <coordinates>17.06977000,-9.57260900,0</coordinates>
      </Point>
    </Placemark>
    <Placemark>
      <styleUrl>#dados_com_ensaio</styleUrl>
      <Point>
        <coordinates>17.06994000,-9.57267500,0</coordinates>
      </Point>
    </Placemark>
    <Placemark>
      <styleUrl>#dados_com_ensaio</styleUrl>
      <Point>
        <coordinates>17.07010900,-9.57274200,0</coordinates>
      </Point>
    </Placemark>
    <Placemark>
      <styleUrl>#dados_com_ensaio</styleUrl>
      <Point>
        <coordinates>17.07027800,-9.57280900,0</coordinates>
      </Point>
    </Placemark>
    <Placemark>
      <styleUrl>#dados_com_ensaio</styleUrl>
      <Point>
        <coordinates>17.07044700,-9.57287600,0</coordinates>
      </Point>
    </Placemark>
    <Placemark>
      <styleUrl>#dados_com_ensaio</styleUrl>
      <Point>
        <coordinates>17.07061600,-9.57294500,0</coordinates>
      </Point>
    </Placemark>
    <Placemark>
      <styleUrl>#dados_com_ensaio</styleUrl>
      <Point>
        <coordinates>17.07078400,-9.57301300,0</coordinates>
      </Point>
    </Placemark>
    <Placemark>
      <styleUrl>#dados_com_ensaio</styleUrl>
      <Point>
        <coordinates>17.07095300,-9.57308200,0</coordinates>
      </Point>
    </Placemark>
    <Placemark>
      <styleUrl>#dados_com_ensaio</styleUrl>
      <Point>
        <coordinates>17.07112100,-9.57315100,0</coordinates>
      </Point>
    </Placemark>
    <Placemark>
      <styleUrl>#dados_com_ensaio</styleUrl>
      <Point>
        <coordinates>17.07129000,-9.57321900,0</coordinates>
      </Point>
    </Placemark>
    <Placemark>
      <styleUrl>#dados_com_ensaio</styleUrl>
      <Point>
        <coordinates>17.07145800,-9.57328800,0</coordinates>
      </Point>
    </Placemark>
    <Placemark>
      <styleUrl>#dados_com_ensaio</styleUrl>
      <Point>
        <coordinates>17.07162700,-9.57335700,0</coordinates>
      </Point>
    </Placemark>
    <Placemark>
      <styleUrl>#dados_com_ensaio</styleUrl>
      <Point>
        <coordinates>17.07179500,-9.57342600,0</coordinates>
      </Point>
    </Placemark>
    <Placemark>
      <styleUrl>#dados_com_ensaio</styleUrl>
      <Point>
        <coordinates>17.07196400,-9.57349400,0</coordinates>
      </Point>
    </Placemark>
    <Placemark>
      <styleUrl>#dados_com_ensaio</styleUrl>
      <Point>
        <coordinates>17.07213200,-9.57356300,0</coordinates>
      </Point>
    </Placemark>
    <Placemark>
      <styleUrl>#dados_com_ensaio</styleUrl>
      <Point>
        <coordinates>17.07230100,-9.57363200,0</coordinates>
      </Point>
    </Placemark>
    <Placemark>
      <styleUrl>#dados_com_ensaio</styleUrl>
      <Point>
        <coordinates>17.07246900,-9.57370000,0</coordinates>
      </Point>
    </Placemark>
    <Placemark>
      <styleUrl>#dados_com_ensaio</styleUrl>
      <Point>
        <coordinates>17.07263800,-9.57376900,0</coordinates>
      </Point>
    </Placemark>
    <Placemark>
      <styleUrl>#dados_com_ensaio</styleUrl>
      <Point>
        <coordinates>17.07280600,-9.57383800,0</coordinates>
      </Point>
    </Placemark>
    <Placemark>
      <styleUrl>#dados_com_ensaio</styleUrl>
      <Point>
        <coordinates>17.07297500,-9.57390600,0</coordinates>
      </Point>
    </Placemark>
    <Placemark>
      <styleUrl>#dados_com_ensaio</styleUrl>
      <Point>
        <coordinates>17.07314300,-9.57397500,0</coordinates>
      </Point>
    </Placemark>
    <Placemark>
      <styleUrl>#dados_com_ensaio</styleUrl>
      <Point>
        <coordinates>17.07331200,-9.57404300,0</coordinates>
      </Point>
    </Placemark>
    <Placemark>
      <styleUrl>#dados_com_ensaio</styleUrl>
      <Point>
        <coordinates>17.07348000,-9.57411200,0</coordinates>
      </Point>
    </Placemark>
    <Placemark>
      <styleUrl>#dados_com_ensaio</styleUrl>
      <Point>
        <coordinates>17.07364900,-9.57418000,0</coordinates>
      </Point>
    </Placemark>
    <Placemark>
      <styleUrl>#dados_com_ensaio</styleUrl>
      <Point>
        <coordinates>17.07381700,-9.57424900,0</coordinates>
      </Point>
    </Placemark>
    <Placemark>
      <styleUrl>#dados_com_ensaio</styleUrl>
      <Point>
        <coordinates>17.07398600,-9.57431700,0</coordinates>
      </Point>
    </Placemark>
    <Placemark>
      <styleUrl>#dados_com_ensaio</styleUrl>
      <Point>
        <coordinates>17.07415500,-9.57438500,0</coordinates>
      </Point>
    </Placemark>
    <Placemark>
      <styleUrl>#dados_com_ensaio</styleUrl>
      <Point>
        <coordinates>17.07432300,-9.57445400,0</coordinates>
      </Point>
    </Placemark>
    <Placemark>
      <styleUrl>#dados_com_ensaio</styleUrl>
      <Point>
        <coordinates>17.07449200,-9.57452200,0</coordinates>
      </Point>
    </Placemark>
    <Placemark>
      <styleUrl>#dados_com_ensaio</styleUrl>
      <Point>
        <coordinates>17.07466000,-9.57459100,0</coordinates>
      </Point>
    </Placemark>
    <Placemark>
      <styleUrl>#dados_com_ensaio</styleUrl>
      <Point>
        <coordinates>17.07482900,-9.57465900,0</coordinates>
      </Point>
    </Placemark>
    <Placemark>
      <styleUrl>#dados_com_ensaio</styleUrl>
      <Point>
        <coordinates>17.07499800,-9.57472700,0</coordinates>
      </Point>
    </Placemark>
    <Placemark>
      <styleUrl>#dados_com_ensaio</styleUrl>
      <Point>
        <coordinates>17.07516600,-9.57479600,0</coordinates>
      </Point>
    </Placemark>
    <Placemark>
      <styleUrl>#dados_com_ensaio</styleUrl>
      <Point>
        <coordinates>17.07533500,-9.57486400,0</coordinates>
      </Point>
    </Placemark>
    <Placemark>
      <styleUrl>#dados_com_ensaio</styleUrl>
      <Point>
        <coordinates>17.07550300,-9.57493300,0</coordinates>
      </Point>
    </Placemark>
    <Placemark>
      <styleUrl>#dados_com_ensaio</styleUrl>
      <Point>
        <coordinates>17.07567200,-9.57500100,0</coordinates>
      </Point>
    </Placemark>
    <Placemark>
      <styleUrl>#dados_com_ensaio</styleUrl>
      <Point>
        <coordinates>17.07584100,-9.57506900,0</coordinates>
      </Point>
    </Placemark>
    <Placemark>
      <styleUrl>#dados_com_ensaio</styleUrl>
      <Point>
        <coordinates>17.07600900,-9.57513800,0</coordinates>
      </Point>
    </Placemark>
    <Placemark>
      <styleUrl>#dados_com_ensaio</styleUrl>
      <Point>
        <coordinates>17.07617800,-9.57520600,0</coordinates>
      </Point>
    </Placemark>
    <Placemark>
      <styleUrl>#dados_com_ensaio</styleUrl>
      <Point>
        <coordinates>17.07634600,-9.57527500,0</coordinates>
      </Point>
    </Placemark>
    <Placemark>
      <styleUrl>#dados_com_ensaio</styleUrl>
      <Point>
        <coordinates>17.07651500,-9.57534300,0</coordinates>
      </Point>
    </Placemark>
    <Placemark>
      <styleUrl>#dados_com_ensaio</styleUrl>
      <Point>
        <coordinates>17.07668400,-9.57541100,0</coordinates>
      </Point>
    </Placemark>
    <Placemark>
      <styleUrl>#dados_com_ensaio</styleUrl>
      <Point>
        <coordinates>17.07685200,-9.57548000,0</coordinates>
      </Point>
    </Placemark>
    <Placemark>
      <styleUrl>#dados_com_ensaio</styleUrl>
      <Point>
        <coordinates>17.07702100,-9.57554800,0</coordinates>
      </Point>
    </Placemark>
    <Placemark>
      <styleUrl>#dados_com_ensaio</styleUrl>
      <Point>
        <coordinates>17.07718900,-9.57561700,0</coordinates>
      </Point>
    </Placemark>
    <Placemark>
      <styleUrl>#dados_com_ensaio</styleUrl>
      <Point>
        <coordinates>17.07735800,-9.57568500,0</coordinates>
      </Point>
    </Placemark>
    <Placemark>
      <styleUrl>#dados_com_ensaio</styleUrl>
      <Point>
        <coordinates>17.07752700,-9.57575200,0</coordinates>
      </Point>
    </Placemark>
    <Placemark>
      <styleUrl>#dados_com_ensaio</styleUrl>
      <Point>
        <coordinates>17.07769700,-9.57581800,0</coordinates>
      </Point>
    </Placemark>
    <Placemark>
      <styleUrl>#dados_com_ensaio</styleUrl>
      <Point>
        <coordinates>17.07786600,-9.57588500,0</coordinates>
      </Point>
    </Placemark>
    <Placemark>
      <styleUrl>#dados_com_ensaio</styleUrl>
      <Point>
        <coordinates>17.07803500,-9.57595100,0</coordinates>
      </Point>
    </Placemark>
    <Placemark>
      <styleUrl>#dados_com_ensaio</styleUrl>
      <Point>
        <coordinates>17.07820500,-9.57601700,0</coordinates>
      </Point>
    </Placemark>
    <Placemark>
      <styleUrl>#dados_com_ensaio</styleUrl>
      <Point>
        <coordinates>17.07837400,-9.57608400,0</coordinates>
      </Point>
    </Placemark>
    <Placemark>
      <styleUrl>#dados_com_ensaio</styleUrl>
      <Point>
        <coordinates>17.07854300,-9.57615100,0</coordinates>
      </Point>
    </Placemark>
    <Placemark>
      <styleUrl>#dados_com_ensaio</styleUrl>
      <Point>
        <coordinates>17.07871200,-9.57621800,0</coordinates>
      </Point>
    </Placemark>
    <Placemark>
      <styleUrl>#dados_com_ensaio</styleUrl>
      <Point>
        <coordinates>17.07888200,-9.57628600,0</coordinates>
      </Point>
    </Placemark>
    <Placemark>
      <styleUrl>#dados_com_ensaio</styleUrl>
      <Point>
        <coordinates>17.07905000,-9.57635300,0</coordinates>
      </Point>
    </Placemark>
    <Placemark>
      <styleUrl>#dados_com_ensaio</styleUrl>
      <Point>
        <coordinates>17.07921900,-9.57642100,0</coordinates>
      </Point>
    </Placemark>
    <Placemark>
      <styleUrl>#dados_com_ensaio</styleUrl>
      <Point>
        <coordinates>17.07938800,-9.57648900,0</coordinates>
      </Point>
    </Placemark>
    <Placemark>
      <styleUrl>#dados_com_ensaio</styleUrl>
      <Point>
        <coordinates>17.07955700,-9.57655700,0</coordinates>
      </Point>
    </Placemark>
    <Placemark>
      <styleUrl>#dados_com_ensaio</styleUrl>
      <Point>
        <coordinates>17.07972500,-9.57662600,0</coordinates>
      </Point>
    </Placemark>
    <Placemark>
      <styleUrl>#dados_com_ensaio</styleUrl>
      <Point>
        <coordinates>17.07989400,-9.57669400,0</coordinates>
      </Point>
    </Placemark>
    <Placemark>
      <styleUrl>#dados_com_ensaio</styleUrl>
      <Point>
        <coordinates>17.08006300,-9.57676200,0</coordinates>
      </Point>
    </Placemark>
    <Placemark>
      <styleUrl>#dados_com_ensaio</styleUrl>
      <Point>
        <coordinates>17.08023100,-9.57683000,0</coordinates>
      </Point>
    </Placemark>
    <Placemark>
      <styleUrl>#dados_com_ensaio</styleUrl>
      <Point>
        <coordinates>17.08040000,-9.57689900,0</coordinates>
      </Point>
    </Placemark>
    <Placemark>
      <styleUrl>#dados_com_ensaio</styleUrl>
      <Point>
        <coordinates>17.08056800,-9.57696700,0</coordinates>
      </Point>
    </Placemark>
    <Placemark>
      <styleUrl>#dados_com_ensaio</styleUrl>
      <Point>
        <coordinates>17.08073700,-9.57703500,0</coordinates>
      </Point>
    </Placemark>
    <Placemark>
      <styleUrl>#dados_com_ensaio</styleUrl>
      <Point>
        <coordinates>17.08090600,-9.57710400,0</coordinates>
      </Point>
    </Placemark>
    <Placemark>
      <styleUrl>#dados_com_ensaio</styleUrl>
      <Point>
        <coordinates>17.08107400,-9.57717200,0</coordinates>
      </Point>
    </Placemark>
    <Placemark>
      <styleUrl>#dados_com_ensaio</styleUrl>
      <Point>
        <coordinates>17.08124300,-9.57724000,0</coordinates>
      </Point>
    </Placemark>
    <Placemark>
      <styleUrl>#dados_com_ensaio</styleUrl>
      <Point>
        <coordinates>17.08141200,-9.57730700,0</coordinates>
      </Point>
    </Placemark>
    <Placemark>
      <styleUrl>#dados_com_ensaio</styleUrl>
      <Point>
        <coordinates>17.08158200,-9.57737400,0</coordinates>
      </Point>
    </Placemark>
    <Placemark>
      <styleUrl>#dados_com_ensaio</styleUrl>
      <Point>
        <coordinates>17.08175100,-9.57744000,0</coordinates>
      </Point>
    </Placemark>
    <Placemark>
      <styleUrl>#dados_com_ensaio</styleUrl>
      <Point>
        <coordinates>17.08192000,-9.57750800,0</coordinates>
      </Point>
    </Placemark>
    <Placemark>
      <styleUrl>#dados_com_ensaio</styleUrl>
      <Point>
        <coordinates>17.08208900,-9.57757500,0</coordinates>
      </Point>
    </Placemark>
    <Placemark>
      <styleUrl>#dados_com_ensaio</styleUrl>
      <Point>
        <coordinates>17.08225800,-9.57764200,0</coordinates>
      </Point>
    </Placemark>
    <Placemark>
      <styleUrl>#dados_com_ensaio</styleUrl>
      <Point>
        <coordinates>17.08242700,-9.57771000,0</coordinates>
      </Point>
    </Placemark>
    <Placemark>
      <styleUrl>#dados_com_ensaio</styleUrl>
      <Point>
        <coordinates>17.08259600,-9.57777700,0</coordinates>
      </Point>
    </Placemark>
    <Placemark>
      <styleUrl>#dados_com_ensaio</styleUrl>
      <Point>
        <coordinates>17.08276500,-9.57784600,0</coordinates>
      </Point>
    </Placemark>
    <Placemark>
      <styleUrl>#dados_com_ensaio</styleUrl>
      <Point>
        <coordinates>17.08293300,-9.57791400,0</coordinates>
      </Point>
    </Placemark>
    <Placemark>
      <styleUrl>#dados_com_ensaio</styleUrl>
      <Point>
        <coordinates>17.08310200,-9.57798200,0</coordinates>
      </Point>
    </Placemark>
    <Placemark>
      <styleUrl>#dados_com_ensaio</styleUrl>
      <Point>
        <coordinates>17.08327100,-9.57805000,0</coordinates>
      </Point>
    </Placemark>
    <Placemark>
      <styleUrl>#dados_com_ensaio</styleUrl>
      <Point>
        <coordinates>17.08344000,-9.57811700,0</coordinates>
      </Point>
    </Placemark>
    <Placemark>
      <styleUrl>#dados_com_ensaio</styleUrl>
      <Point>
        <coordinates>17.08360900,-9.57818500,0</coordinates>
      </Point>
    </Placemark>
    <Placemark>
      <styleUrl>#dados_com_ensaio</styleUrl>
      <Point>
        <coordinates>17.08377800,-9.57825300,0</coordinates>
      </Point>
    </Placemark>
    <Placemark>
      <styleUrl>#dados_com_ensaio</styleUrl>
      <Point>
        <coordinates>17.08394700,-9.57832000,0</coordinates>
      </Point>
    </Placemark>
    <Placemark>
      <styleUrl>#dados_com_ensaio</styleUrl>
      <Point>
        <coordinates>17.08411500,-9.57838800,0</coordinates>
      </Point>
    </Placemark>
    <Placemark>
      <styleUrl>#dados_com_ensaio</styleUrl>
      <Point>
        <coordinates>17.08428400,-9.57845500,0</coordinates>
      </Point>
    </Placemark>
    <Placemark>
      <styleUrl>#dados_com_ensaio</styleUrl>
      <Point>
        <coordinates>17.08445300,-9.57852300,0</coordinates>
      </Point>
    </Placemark>
    <Placemark>
      <styleUrl>#dados_com_ensaio</styleUrl>
      <Point>
        <coordinates>17.08462200,-9.57859100,0</coordinates>
      </Point>
    </Placemark>
    <Placemark>
      <styleUrl>#dados_com_ensaio</styleUrl>
      <Point>
        <coordinates>17.08479100,-9.57866000,0</coordinates>
      </Point>
    </Placemark>
    <Placemark>
      <styleUrl>#dados_com_ensaio</styleUrl>
      <Point>
        <coordinates>17.08495900,-9.57872800,0</coordinates>
      </Point>
    </Placemark>
    <Placemark>
      <styleUrl>#dados_com_ensaio</styleUrl>
      <Point>
        <coordinates>17.08512800,-9.57879700,0</coordinates>
      </Point>
    </Placemark>
    <Placemark>
      <styleUrl>#dados_com_ensaio</styleUrl>
      <Point>
        <coordinates>17.08529600,-9.57886500,0</coordinates>
      </Point>
    </Placemark>
    <Placemark>
      <styleUrl>#dados_com_ensaio</styleUrl>
      <Point>
        <coordinates>17.08546500,-9.57893400,0</coordinates>
      </Point>
    </Placemark>
    <Placemark>
      <styleUrl>#dados_com_ensaio</styleUrl>
      <Point>
        <coordinates>17.08563300,-9.57900200,0</coordinates>
      </Point>
    </Placemark>
    <Placemark>
      <styleUrl>#dados_com_ensaio</styleUrl>
      <Point>
        <coordinates>17.08580200,-9.57907100,0</coordinates>
      </Point>
    </Placemark>
    <Placemark>
      <styleUrl>#dados_com_ensaio</styleUrl>
      <Point>
        <coordinates>17.08597100,-9.57913900,0</coordinates>
      </Point>
    </Placemark>
    <Placemark>
      <styleUrl>#dados_com_ensaio</styleUrl>
      <Point>
        <coordinates>17.08613900,-9.57920800,0</coordinates>
      </Point>
    </Placemark>
    <Placemark>
      <styleUrl>#dados_com_ensaio</styleUrl>
      <Point>
        <coordinates>17.08630800,-9.57927600,0</coordinates>
      </Point>
    </Placemark>
    <Placemark>
      <styleUrl>#dados_com_ensaio</styleUrl>
      <Point>
        <coordinates>17.08647600,-9.57934500,0</coordinates>
      </Point>
    </Placemark>
    <Placemark>
      <styleUrl>#dados_com_ensaio</styleUrl>
      <Point>
        <coordinates>17.08664500,-9.57941300,0</coordinates>
      </Point>
    </Placemark>
    <Placemark>
      <styleUrl>#dados_com_ensaio</styleUrl>
      <Point>
        <coordinates>17.08681300,-9.57948100,0</coordinates>
      </Point>
    </Placemark>
    <Placemark>
      <styleUrl>#dados_com_ensaio</styleUrl>
      <Point>
        <coordinates>17.08698200,-9.57955000,0</coordinates>
      </Point>
    </Placemark>
    <Placemark>
      <styleUrl>#dados_com_ensaio</styleUrl>
      <Point>
        <coordinates>17.08715100,-9.57961800,0</coordinates>
      </Point>
    </Placemark>
    <Placemark>
      <styleUrl>#dados_com_ensaio</styleUrl>
      <Point>
        <coordinates>17.08731900,-9.57968700,0</coordinates>
      </Point>
    </Placemark>
    <Placemark>
      <styleUrl>#dados_com_ensaio</styleUrl>
      <Point>
        <coordinates>17.08748800,-9.57975500,0</coordinates>
      </Point>
    </Placemark>
    <Placemark>
      <styleUrl>#dados_com_ensaio</styleUrl>
      <Point>
        <coordinates>17.08765600,-9.57982300,0</coordinates>
      </Point>
    </Placemark>
    <Placemark>
      <styleUrl>#dados_com_ensaio</styleUrl>
      <Point>
        <coordinates>17.08782500,-9.57989200,0</coordinates>
      </Point>
    </Placemark>
    <Placemark>
      <styleUrl>#dados_com_ensaio</styleUrl>
      <Point>
        <coordinates>17.08799400,-9.57996000,0</coordinates>
      </Point>
    </Placemark>
    <Placemark>
      <styleUrl>#dados_com_ensaio</styleUrl>
      <Point>
        <coordinates>17.08816200,-9.58002800,0</coordinates>
      </Point>
    </Placemark>
    <Placemark>
      <styleUrl>#dados_com_ensaio</styleUrl>
      <Point>
        <coordinates>17.08833100,-9.58009600,0</coordinates>
      </Point>
    </Placemark>
    <Placemark>
      <styleUrl>#dados_com_ensaio</styleUrl>
      <Point>
        <coordinates>17.08850000,-9.58016400,0</coordinates>
      </Point>
    </Placemark>
    <Placemark>
      <styleUrl>#dados_com_ensaio</styleUrl>
      <Point>
        <coordinates>17.08866900,-9.58023300,0</coordinates>
      </Point>
    </Placemark>
    <Placemark>
      <styleUrl>#dados_com_ensaio</styleUrl>
      <Point>
        <coordinates>17.08883700,-9.58030100,0</coordinates>
      </Point>
    </Placemark>
    <Placemark>
      <styleUrl>#dados_com_ensaio</styleUrl>
      <Point>
        <coordinates>17.08900600,-9.58036900,0</coordinates>
      </Point>
    </Placemark>
    <Placemark>
      <styleUrl>#dados_com_ensaio</styleUrl>
      <Point>
        <coordinates>17.08917500,-9.58043700,0</coordinates>
      </Point>
    </Placemark>
    <Placemark>
      <styleUrl>#dados_com_ensaio</styleUrl>
      <Point>
        <coordinates>17.08934300,-9.58050500,0</coordinates>
      </Point>
    </Placemark>
    <Placemark>
      <styleUrl>#dados_com_ensaio</styleUrl>
      <Point>
        <coordinates>17.08951200,-9.58057400,0</coordinates>
      </Point>
    </Placemark>
    <Placemark>
      <styleUrl>#dados_com_ensaio</styleUrl>
      <Point>
        <coordinates>17.08968100,-9.58064200,0</coordinates>
      </Point>
    </Placemark>
    <Placemark>
      <styleUrl>#dados_com_ensaio</styleUrl>
      <Point>
        <coordinates>17.08984900,-9.58071000,0</coordinates>
      </Point>
    </Placemark>
    <Placemark>
      <styleUrl>#dados_com_ensaio</styleUrl>
      <Point>
        <coordinates>17.09001800,-9.58077800,0</coordinates>
      </Point>
    </Placemark>
    <Placemark>
      <styleUrl>#dados_com_ensaio</styleUrl>
      <Point>
        <coordinates>17.09018700,-9.58084600,0</coordinates>
      </Point>
    </Placemark>
    <Placemark>
      <styleUrl>#dados_com_ensaio</styleUrl>
      <Point>
        <coordinates>17.09035500,-9.58091500,0</coordinates>
      </Point>
    </Placemark>
    <Placemark>
      <styleUrl>#dados_com_ensaio</styleUrl>
      <Point>
        <coordinates>17.09052400,-9.58098300,0</coordinates>
      </Point>
    </Placemark>
    <Placemark>
      <styleUrl>#dados_com_ensaio</styleUrl>
      <Point>
        <coordinates>17.09069300,-9.58105100,0</coordinates>
      </Point>
    </Placemark>
    <Placemark>
      <styleUrl>#dados_com_ensaio</styleUrl>
      <Point>
        <coordinates>17.09086100,-9.58111900,0</coordinates>
      </Point>
    </Placemark>
    <Placemark>
      <styleUrl>#dados_com_ensaio</styleUrl>
      <Point>
        <coordinates>17.09103000,-9.58118700,0</coordinates>
      </Point>
    </Placemark>
    <Placemark>
      <styleUrl>#dados_com_ensaio</styleUrl>
      <Point>
        <coordinates>17.09119900,-9.58125600,0</coordinates>
      </Point>
    </Placemark>
    <Placemark>
      <styleUrl>#dados_com_ensaio</styleUrl>
      <Point>
        <coordinates>17.09136800,-9.58132400,0</coordinates>
      </Point>
    </Placemark>
    <Placemark>
      <styleUrl>#dados_com_ensaio</styleUrl>
      <Point>
        <coordinates>17.09153600,-9.58139200,0</coordinates>
      </Point>
    </Placemark>
    <Placemark>
      <styleUrl>#dados_com_ensaio</styleUrl>
      <Point>
        <coordinates>17.09170500,-9.58146000,0</coordinates>
      </Point>
    </Placemark>
    <Placemark>
      <styleUrl>#dados_com_ensaio</styleUrl>
      <Point>
        <coordinates>17.09187400,-9.58152800,0</coordinates>
      </Point>
    </Placemark>
    <Placemark>
      <styleUrl>#dados_com_ensaio</styleUrl>
      <Point>
        <coordinates>17.09204200,-9.58159600,0</coordinates>
      </Point>
    </Placemark>
    <Placemark>
      <styleUrl>#dados_com_ensaio</styleUrl>
      <Point>
        <coordinates>17.09221100,-9.58166500,0</coordinates>
      </Point>
    </Placemark>
    <Placemark>
      <styleUrl>#dados_com_ensaio</styleUrl>
      <Point>
        <coordinates>17.09237900,-9.58173400,0</coordinates>
      </Point>
    </Placemark>
    <Placemark>
      <styleUrl>#dados_com_ensaio</styleUrl>
      <Point>
        <coordinates>17.09254800,-9.58180200,0</coordinates>
      </Point>
    </Placemark>
    <Placemark>
      <styleUrl>#dados_com_ensaio</styleUrl>
      <Point>
        <coordinates>17.09271600,-9.58187100,0</coordinates>
      </Point>
    </Placemark>
    <Placemark>
      <styleUrl>#dados_com_ensaio</styleUrl>
      <Point>
        <coordinates>17.09288500,-9.58194000,0</coordinates>
      </Point>
    </Placemark>
    <Placemark>
      <styleUrl>#dados_com_ensaio</styleUrl>
      <Point>
        <coordinates>17.09305300,-9.58200900,0</coordinates>
      </Point>
    </Placemark>
    <Placemark>
      <styleUrl>#dados_com_ensaio</styleUrl>
      <Point>
        <coordinates>17.09322200,-9.58207700,0</coordinates>
      </Point>
    </Placemark>
    <Placemark>
      <styleUrl>#dados_com_ensaio</styleUrl>
      <Point>
        <coordinates>17.09339100,-9.58214400,0</coordinates>
      </Point>
    </Placemark>
    <Placemark>
      <styleUrl>#dados_com_ensaio</styleUrl>
      <Point>
        <coordinates>17.09356000,-9.58221000,0</coordinates>
      </Point>
    </Placemark>
    <Placemark>
      <styleUrl>#dados_com_ensaio</styleUrl>
      <Point>
        <coordinates>17.09373000,-9.58227700,0</coordinates>
      </Point>
    </Placemark>
    <Placemark>
      <styleUrl>#dados_com_ensaio</styleUrl>
      <Point>
        <coordinates>17.09389900,-9.58234400,0</coordinates>
      </Point>
    </Placemark>
    <Placemark>
      <styleUrl>#dados_com_ensaio</styleUrl>
      <Point>
        <coordinates>17.09406800,-9.58241100,0</coordinates>
      </Point>
    </Placemark>
    <Placemark>
      <styleUrl>#dados_com_ensaio</styleUrl>
      <Point>
        <coordinates>17.09423700,-9.58247800,0</coordinates>
      </Point>
    </Placemark>
    <Placemark>
      <styleUrl>#dados_com_ensaio</styleUrl>
      <Point>
        <coordinates>17.09440700,-9.58254400,0</coordinates>
      </Point>
    </Placemark>
    <Placemark>
      <styleUrl>#dados_com_ensaio</styleUrl>
      <Point>
        <coordinates>17.09457600,-9.58261100,0</coordinates>
      </Point>
    </Placemark>
    <Placemark>
      <styleUrl>#dados_com_ensaio</styleUrl>
      <Point>
        <coordinates>17.09474500,-9.58267800,0</coordinates>
      </Point>
    </Placemark>
    <Placemark>
      <styleUrl>#dados_com_ensaio</styleUrl>
      <Point>
        <coordinates>17.09491400,-9.58274500,0</coordinates>
      </Point>
    </Placemark>
    <Placemark>
      <styleUrl>#dados_com_ensaio</styleUrl>
      <Point>
        <coordinates>17.09508300,-9.58281300,0</coordinates>
      </Point>
    </Placemark>
    <Placemark>
      <styleUrl>#dados_com_ensaio</styleUrl>
      <Point>
        <coordinates>17.09525200,-9.58288100,0</coordinates>
      </Point>
    </Placemark>
    <Placemark>
      <styleUrl>#dados_com_ensaio</styleUrl>
      <Point>
        <coordinates>17.09542100,-9.58294900,0</coordinates>
      </Point>
    </Placemark>
    <Placemark>
      <styleUrl>#dados_com_ensaio</styleUrl>
      <Point>
        <coordinates>17.09558900,-9.58301700,0</coordinates>
      </Point>
    </Placemark>
    <Placemark>
      <styleUrl>#dados_com_ensaio</styleUrl>
      <Point>
        <coordinates>17.09575800,-9.58308500,0</coordinates>
      </Point>
    </Placemark>
    <Placemark>
      <styleUrl>#dados_com_ensaio</styleUrl>
      <Point>
        <coordinates>17.09592700,-9.58315200,0</coordinates>
      </Point>
    </Placemark>
    <Placemark>
      <styleUrl>#dados_com_ensaio</styleUrl>
      <Point>
        <coordinates>17.09609600,-9.58322000,0</coordinates>
      </Point>
    </Placemark>
    <Placemark>
      <styleUrl>#dados_com_ensaio</styleUrl>
      <Point>
        <coordinates>17.09626500,-9.58328800,0</coordinates>
      </Point>
    </Placemark>
    <Placemark>
      <styleUrl>#dados_com_ensaio</styleUrl>
      <Point>
        <coordinates>17.09643400,-9.58335600,0</coordinates>
      </Point>
    </Placemark>
    <Placemark>
      <styleUrl>#dados_com_ensaio</styleUrl>
      <Point>
        <coordinates>17.09660200,-9.58342400,0</coordinates>
      </Point>
    </Placemark>
    <Placemark>
      <styleUrl>#dados_com_ensaio</styleUrl>
      <Point>
        <coordinates>17.09677100,-9.58349200,0</coordinates>
      </Point>
    </Placemark>
    <Placemark>
      <styleUrl>#dados_com_ensaio</styleUrl>
      <Point>
        <coordinates>17.09694000,-9.58356000,0</coordinates>
      </Point>
    </Placemark>
    <Placemark>
      <styleUrl>#dados_com_ensaio</styleUrl>
      <Point>
        <coordinates>17.09710900,-9.58362800,0</coordinates>
      </Point>
    </Placemark>
    <Placemark>
      <styleUrl>#dados_com_ensaio</styleUrl>
      <Point>
        <coordinates>17.09727700,-9.58369600,0</coordinates>
      </Point>
    </Placemark>
    <Placemark>
      <styleUrl>#dados_com_ensaio</styleUrl>
      <Point>
        <coordinates>17.09744600,-9.58376400,0</coordinates>
      </Point>
    </Placemark>
    <Placemark>
      <styleUrl>#dados_com_ensaio</styleUrl>
      <Point>
        <coordinates>17.09761500,-9.58383200,0</coordinates>
      </Point>
    </Placemark>
    <Placemark>
      <styleUrl>#dados_com_ensaio</styleUrl>
      <Point>
        <coordinates>17.09778400,-9.58389900,0</coordinates>
      </Point>
    </Placemark>
    <Placemark>
      <styleUrl>#dados_com_ensaio</styleUrl>
      <Point>
        <coordinates>17.09795300,-9.58396700,0</coordinates>
      </Point>
    </Placemark>
    <Placemark>
      <styleUrl>#dados_com_ensaio</styleUrl>
      <Point>
        <coordinates>17.09812200,-9.58403500,0</coordinates>
      </Point>
    </Placemark>
    <Placemark>
      <styleUrl>#dados_com_ensaio</styleUrl>
      <Point>
        <coordinates>17.09829000,-9.58410300,0</coordinates>
      </Point>
    </Placemark>
    <Placemark>
      <styleUrl>#dados_com_ensaio</styleUrl>
      <Point>
        <coordinates>17.09845900,-9.58417100,0</coordinates>
      </Point>
    </Placemark>
    <Placemark>
      <styleUrl>#dados_com_ensaio</styleUrl>
      <Point>
        <coordinates>17.09862800,-9.58423900,0</coordinates>
      </Point>
    </Placemark>
    <Placemark>
      <styleUrl>#dados_com_ensaio</styleUrl>
      <Point>
        <coordinates>17.09879700,-9.58430700,0</coordinates>
      </Point>
    </Placemark>
    <Placemark>
      <styleUrl>#dados_com_ensaio</styleUrl>
      <Point>
        <coordinates>17.09896500,-9.58437500,0</coordinates>
      </Point>
    </Placemark>
    <Placemark>
      <styleUrl>#dados_com_ensaio</styleUrl>
      <Point>
        <coordinates>17.09913400,-9.58444300,0</coordinates>
      </Point>
    </Placemark>
    <Placemark>
      <styleUrl>#dados_com_ensaio</styleUrl>
      <Point>
        <coordinates>17.09930300,-9.58451100,0</coordinates>
      </Point>
    </Placemark>
    <Placemark>
      <styleUrl>#dados_com_ensaio</styleUrl>
      <Point>
        <coordinates>17.09947200,-9.58457900,0</coordinates>
      </Point>
    </Placemark>
    <Placemark>
      <styleUrl>#dados_com_ensaio</styleUrl>
      <Point>
        <coordinates>17.09964100,-9.58464600,0</coordinates>
      </Point>
    </Placemark>
    <Placemark>
      <styleUrl>#dados_com_ensaio</styleUrl>
      <Point>
        <coordinates>17.09981000,-9.58471400,0</coordinates>
      </Point>
    </Placemark>
    <Placemark>
      <styleUrl>#dados_com_ensaio</styleUrl>
      <Point>
        <coordinates>17.09997800,-9.58478200,0</coordinates>
      </Point>
    </Placemark>
    <Placemark>
      <styleUrl>#dados_com_ensaio</styleUrl>
      <Point>
        <coordinates>17.10014700,-9.58485000,0</coordinates>
      </Point>
    </Placemark>
    <Placemark>
      <styleUrl>#dados_com_ensaio</styleUrl>
      <Point>
        <coordinates>17.10031600,-9.58491900,0</coordinates>
      </Point>
    </Placemark>
    <Placemark>
      <styleUrl>#dados_com_ensaio</styleUrl>
      <Point>
        <coordinates>17.10048400,-9.58498800,0</coordinates>
      </Point>
    </Placemark>
    <Placemark>
      <styleUrl>#dados_com_ensaio</styleUrl>
      <Point>
        <coordinates>17.10065200,-9.58505700,0</coordinates>
      </Point>
    </Placemark>
    <Placemark>
      <styleUrl>#dados_com_ensaio</styleUrl>
      <Point>
        <coordinates>17.10082100,-9.58512600,0</coordinates>
      </Point>
    </Placemark>
    <Placemark>
      <styleUrl>#dados_com_ensaio</styleUrl>
      <Point>
        <coordinates>17.10098900,-9.58519500,0</coordinates>
      </Point>
    </Placemark>
    <Placemark>
      <styleUrl>#dados_com_ensaio</styleUrl>
      <Point>
        <coordinates>17.10115700,-9.58526400,0</coordinates>
      </Point>
    </Placemark>
    <Placemark>
      <styleUrl>#dados_com_ensaio</styleUrl>
      <Point>
        <coordinates>17.10132600,-9.58533300,0</coordinates>
      </Point>
    </Placemark>
    <Placemark>
      <styleUrl>#dados_com_ensaio</styleUrl>
      <Point>
        <coordinates>17.10149400,-9.58540200,0</coordinates>
      </Point>
    </Placemark>
    <Placemark>
      <styleUrl>#dados_com_ensaio</styleUrl>
      <Point>
        <coordinates>17.10166200,-9.58547100,0</coordinates>
      </Point>
    </Placemark>
    <Placemark>
      <styleUrl>#dados_com_ensaio</styleUrl>
      <Point>
        <coordinates>17.10183100,-9.58554000,0</coordinates>
      </Point>
    </Placemark>
    <Placemark>
      <styleUrl>#dados_com_ensaio</styleUrl>
      <Point>
        <coordinates>17.10199900,-9.58560900,0</coordinates>
      </Point>
    </Placemark>
    <Placemark>
      <styleUrl>#dados_com_ensaio</styleUrl>
      <Point>
        <coordinates>17.10216700,-9.58567800,0</coordinates>
      </Point>
    </Placemark>
    <Placemark>
      <styleUrl>#dados_com_ensaio</styleUrl>
      <Point>
        <coordinates>17.10233600,-9.58574600,0</coordinates>
      </Point>
    </Placemark>
    <Placemark>
      <styleUrl>#dados_com_ensaio</styleUrl>
      <Point>
        <coordinates>17.10250500,-9.58581300,0</coordinates>
      </Point>
    </Placemark>
    <Placemark>
      <styleUrl>#dados_com_ensaio</styleUrl>
      <Point>
        <coordinates>17.10267500,-9.58588000,0</coordinates>
      </Point>
    </Placemark>
    <Placemark>
      <styleUrl>#dados_com_ensaio</styleUrl>
      <Point>
        <coordinates>17.10284400,-9.58594600,0</coordinates>
      </Point>
    </Placemark>
    <Placemark>
      <styleUrl>#dados_com_ensaio</styleUrl>
      <Point>
        <coordinates>17.10301300,-9.58601300,0</coordinates>
      </Point>
    </Placemark>
    <Placemark>
      <styleUrl>#dados_com_ensaio</styleUrl>
      <Point>
        <coordinates>17.10318300,-9.58608000,0</coordinates>
      </Point>
    </Placemark>
    <Placemark>
      <styleUrl>#dados_com_ensaio</styleUrl>
      <Point>
        <coordinates>17.10335200,-9.58614600,0</coordinates>
      </Point>
    </Placemark>
    <Placemark>
      <styleUrl>#dados_com_ensaio</styleUrl>
      <Point>
        <coordinates>17.10352100,-9.58621300,0</coordinates>
      </Point>
    </Placemark>
    <Placemark>
      <styleUrl>#dados_com_ensaio</styleUrl>
      <Point>
        <coordinates>17.10369100,-9.58628000,0</coordinates>
      </Point>
    </Placemark>
    <Placemark>
      <styleUrl>#dados_com_ensaio</styleUrl>
      <Point>
        <coordinates>17.10386000,-9.58634600,0</coordinates>
      </Point>
    </Placemark>
    <Placemark>
      <styleUrl>#dados_com_ensaio</styleUrl>
      <Point>
        <coordinates>17.10402900,-9.58641300,0</coordinates>
      </Point>
    </Placemark>
    <Placemark>
      <styleUrl>#dados_com_ensaio</styleUrl>
      <Point>
        <coordinates>17.10419900,-9.58647800,0</coordinates>
      </Point>
    </Placemark>
    <Placemark>
      <styleUrl>#dados_com_ensaio</styleUrl>
      <Point>
        <coordinates>17.10436900,-9.58654200,0</coordinates>
      </Point>
    </Placemark>
    <Placemark>
      <styleUrl>#dados_com_ensaio</styleUrl>
      <Point>
        <coordinates>17.10453900,-9.58660700,0</coordinates>
      </Point>
    </Placemark>
    <Placemark>
      <styleUrl>#dados_com_ensaio</styleUrl>
      <Point>
        <coordinates>17.10471000,-9.58667200,0</coordinates>
      </Point>
    </Placemark>
    <Placemark>
      <styleUrl>#dados_com_ensaio</styleUrl>
      <Point>
        <coordinates>17.10488000,-9.58673600,0</coordinates>
      </Point>
    </Placemark>
    <Placemark>
      <styleUrl>#dados_com_ensaio</styleUrl>
      <Point>
        <coordinates>17.10505000,-9.58679900,0</coordinates>
      </Point>
    </Placemark>
    <Placemark>
      <styleUrl>#dados_com_ensaio</styleUrl>
      <Point>
        <coordinates>17.10522300,-9.58685700,0</coordinates>
      </Point>
    </Placemark>
    <Placemark>
      <styleUrl>#dados_com_ensaio</styleUrl>
      <Point>
        <coordinates>17.10539800,-9.58690800,0</coordinates>
      </Point>
    </Placemark>
    <Placemark>
      <styleUrl>#dados_com_ensaio</styleUrl>
      <Point>
        <coordinates>17.10557200,-9.58696000,0</coordinates>
      </Point>
    </Placemark>
    <Placemark>
      <styleUrl>#dados_com_ensaio</styleUrl>
      <Point>
        <coordinates>17.10574800,-9.58700800,0</coordinates>
      </Point>
    </Placemark>
    <Placemark>
      <styleUrl>#dados_com_ensaio</styleUrl>
      <Point>
        <coordinates>17.10592300,-9.58705500,0</coordinates>
      </Point>
    </Placemark>
    <Placemark>
      <styleUrl>#dados_com_ensaio</styleUrl>
      <Point>
        <coordinates>17.10609900,-9.58710200,0</coordinates>
      </Point>
    </Placemark>
    <Placemark>
      <styleUrl>#dados_com_ensaio</styleUrl>
      <Point>
        <coordinates>17.10627500,-9.58714900,0</coordinates>
      </Point>
    </Placemark>
    <Placemark>
      <styleUrl>#dados_com_ensaio</styleUrl>
      <Point>
        <coordinates>17.10645100,-9.58719600,0</coordinates>
      </Point>
    </Placemark>
    <Placemark>
      <styleUrl>#dados_com_ensaio</styleUrl>
      <Point>
        <coordinates>17.10662700,-9.58724300,0</coordinates>
      </Point>
    </Placemark>
    <Placemark>
      <styleUrl>#dados_com_ensaio</styleUrl>
      <Point>
        <coordinates>17.10680300,-9.58729000,0</coordinates>
      </Point>
    </Placemark>
    <Placemark>
      <styleUrl>#dados_com_ensaio</styleUrl>
      <Point>
        <coordinates>17.10697900,-9.58733800,0</coordinates>
      </Point>
    </Placemark>
    <Placemark>
      <styleUrl>#dados_com_ensaio</styleUrl>
      <Point>
        <coordinates>17.10715400,-9.58738500,0</coordinates>
      </Point>
    </Placemark>
    <Placemark>
      <styleUrl>#dados_com_ensaio</styleUrl>
      <Point>
        <coordinates>17.10733000,-9.58743200,0</coordinates>
      </Point>
    </Placemark>
    <Placemark>
      <styleUrl>#dados_com_ensaio</styleUrl>
      <Point>
        <coordinates>17.10750600,-9.58747900,0</coordinates>
      </Point>
    </Placemark>
    <Placemark>
      <styleUrl>#dados_com_ensaio</styleUrl>
      <Point>
        <coordinates>17.10768200,-9.58752600,0</coordinates>
      </Point>
    </Placemark>
    <Placemark>
      <styleUrl>#dados_com_ensaio</styleUrl>
      <Point>
        <coordinates>17.10785800,-9.58757300,0</coordinates>
      </Point>
    </Placemark>
    <Placemark>
      <styleUrl>#dados_com_ensaio</styleUrl>
      <Point>
        <coordinates>17.10803400,-9.58762000,0</coordinates>
      </Point>
    </Placemark>
    <Placemark>
      <styleUrl>#dados_com_ensaio</styleUrl>
      <Point>
        <coordinates>17.10821000,-9.58766700,0</coordinates>
      </Point>
    </Placemark>
    <Placemark>
      <styleUrl>#dados_com_ensaio</styleUrl>
      <Point>
        <coordinates>17.10838600,-9.58771400,0</coordinates>
      </Point>
    </Placemark>
    <Placemark>
      <styleUrl>#dados_com_ensaio</styleUrl>
      <Point>
        <coordinates>17.10856100,-9.58776100,0</coordinates>
      </Point>
    </Placemark>
    <Placemark>
      <styleUrl>#dados_com_ensaio</styleUrl>
      <Point>
        <coordinates>17.10873700,-9.58780800,0</coordinates>
      </Point>
    </Placemark>
    <Placemark>
      <styleUrl>#dados_com_ensaio</styleUrl>
      <Point>
        <coordinates>17.10891300,-9.58785500,0</coordinates>
      </Point>
    </Placemark>
    <Placemark>
      <styleUrl>#dados_com_ensaio</styleUrl>
      <Point>
        <coordinates>17.10908900,-9.58790100,0</coordinates>
      </Point>
    </Placemark>
    <Placemark>
      <styleUrl>#dados_com_ensaio</styleUrl>
      <Point>
        <coordinates>17.10926500,-9.58794800,0</coordinates>
      </Point>
    </Placemark>
    <Placemark>
      <styleUrl>#dados_com_ensaio</styleUrl>
      <Point>
        <coordinates>17.10944100,-9.58799500,0</coordinates>
      </Point>
    </Placemark>
    <Placemark>
      <styleUrl>#dados_com_ensaio</styleUrl>
      <Point>
        <coordinates>17.10961700,-9.58804200,0</coordinates>
      </Point>
    </Placemark>
    <Placemark>
      <styleUrl>#dados_com_ensaio</styleUrl>
      <Point>
        <coordinates>17.10979300,-9.58808900,0</coordinates>
      </Point>
    </Placemark>
    <Placemark>
      <styleUrl>#dados_com_ensaio</styleUrl>
      <Point>
        <coordinates>17.10996900,-9.58813600,0</coordinates>
      </Point>
    </Placemark>
    <Placemark>
      <styleUrl>#dados_com_ensaio</styleUrl>
      <Point>
        <coordinates>17.11014400,-9.58818400,0</coordinates>
      </Point>
    </Placemark>
    <Placemark>
      <styleUrl>#dados_com_ensaio</styleUrl>
      <Point>
        <coordinates>17.11032000,-9.58823100,0</coordinates>
      </Point>
    </Placemark>
    <Placemark>
      <styleUrl>#dados_com_ensaio</styleUrl>
      <Point>
        <coordinates>17.11049600,-9.58827800,0</coordinates>
      </Point>
    </Placemark>
    <Placemark>
      <styleUrl>#dados_com_ensaio</styleUrl>
      <Point>
        <coordinates>17.11067200,-9.58832600,0</coordinates>
      </Point>
    </Placemark>
    <Placemark>
      <styleUrl>#dados_com_ensaio</styleUrl>
      <Point>
        <coordinates>17.11084800,-9.58837300,0</coordinates>
      </Point>
    </Placemark>
    <Placemark>
      <styleUrl>#dados_com_ensaio</styleUrl>
      <Point>
        <coordinates>17.11102300,-9.58842000,0</coordinates>
      </Point>
    </Placemark>
    <Placemark>
      <styleUrl>#dados_com_ensaio</styleUrl>
      <Point>
        <coordinates>17.11119900,-9.58846700,0</coordinates>
      </Point>
    </Placemark>
    <Placemark>
      <styleUrl>#dados_com_ensaio</styleUrl>
      <Point>
        <coordinates>17.11137500,-9.58851500,0</coordinates>
      </Point>
    </Placemark>
    <Placemark>
      <styleUrl>#dados_com_ensaio</styleUrl>
      <Point>
        <coordinates>17.11155100,-9.58856200,0</coordinates>
      </Point>
    </Placemark>
    <Placemark>
      <styleUrl>#dados_com_ensaio</styleUrl>
      <Point>
        <coordinates>17.11172700,-9.58861000,0</coordinates>
      </Point>
    </Placemark>
    <Placemark>
      <styleUrl>#dados_com_ensaio</styleUrl>
      <Point>
        <coordinates>17.11190200,-9.58865700,0</coordinates>
      </Point>
    </Placemark>
    <Placemark>
      <styleUrl>#dados_com_ensaio</styleUrl>
      <Point>
        <coordinates>17.11207900,-9.58870300,0</coordinates>
      </Point>
    </Placemark>
    <Placemark>
      <styleUrl>#dados_com_ensaio</styleUrl>
      <Point>
        <coordinates>17.11225500,-9.58874900,0</coordinates>
      </Point>
    </Placemark>
    <Placemark>
      <styleUrl>#dados_com_ensaio</styleUrl>
      <Point>
        <coordinates>17.11243100,-9.58879500,0</coordinates>
      </Point>
    </Placemark>
    <Placemark>
      <styleUrl>#dados_com_ensaio</styleUrl>
      <Point>
        <coordinates>17.11260700,-9.58884100,0</coordinates>
      </Point>
    </Placemark>
    <Placemark>
      <styleUrl>#dados_com_ensaio</styleUrl>
      <Point>
        <coordinates>17.11278300,-9.58888800,0</coordinates>
      </Point>
    </Placemark>
    <Placemark>
      <styleUrl>#dados_com_ensaio</styleUrl>
      <Point>
        <coordinates>17.11295800,-9.58893600,0</coordinates>
      </Point>
    </Placemark>
    <Placemark>
      <styleUrl>#dados_com_ensaio</styleUrl>
      <Point>
        <coordinates>17.11313400,-9.58898400,0</coordinates>
      </Point>
    </Placemark>
    <Placemark>
      <styleUrl>#dados_com_ensaio</styleUrl>
      <Point>
        <coordinates>17.11331000,-9.58903200,0</coordinates>
      </Point>
    </Placemark>
    <Placemark>
      <styleUrl>#dados_com_ensaio</styleUrl>
      <Point>
        <coordinates>17.11348500,-9.58908000,0</coordinates>
      </Point>
    </Placemark>
    <Placemark>
      <styleUrl>#dados_com_ensaio</styleUrl>
      <Point>
        <coordinates>17.11366100,-9.58912700,0</coordinates>
      </Point>
    </Placemark>
    <Placemark>
      <styleUrl>#dados_com_ensaio</styleUrl>
      <Point>
        <coordinates>17.11383700,-9.58917500,0</coordinates>
      </Point>
    </Placemark>
    <Placemark>
      <styleUrl>#dados_com_ensaio</styleUrl>
      <Point>
        <coordinates>17.11401200,-9.58922300,0</coordinates>
      </Point>
    </Placemark>
    <Placemark>
      <styleUrl>#dados_com_ensaio</styleUrl>
      <Point>
        <coordinates>17.11418800,-9.58927100,0</coordinates>
      </Point>
    </Placemark>
    <Placemark>
      <styleUrl>#dados_com_ensaio</styleUrl>
      <Point>
        <coordinates>17.11436400,-9.58931900,0</coordinates>
      </Point>
    </Placemark>
    <Placemark>
      <styleUrl>#dados_com_ensaio</styleUrl>
      <Point>
        <coordinates>17.11453900,-9.58936600,0</coordinates>
      </Point>
    </Placemark>
    <Placemark>
      <styleUrl>#dados_com_ensaio</styleUrl>
      <Point>
        <coordinates>17.11471500,-9.58941300,0</coordinates>
      </Point>
    </Placemark>
    <Placemark>
      <styleUrl>#dados_com_ensaio</styleUrl>
      <Point>
        <coordinates>17.11489100,-9.58946000,0</coordinates>
      </Point>
    </Placemark>
    <Placemark>
      <styleUrl>#dados_com_ensaio</styleUrl>
      <Point>
        <coordinates>17.11506700,-9.58950700,0</coordinates>
      </Point>
    </Placemark>
    <Placemark>
      <styleUrl>#dados_com_ensaio</styleUrl>
      <Point>
        <coordinates>17.11524300,-9.58955400,0</coordinates>
      </Point>
    </Placemark>
    <Placemark>
      <styleUrl>#dados_com_ensaio</styleUrl>
      <Point>
        <coordinates>17.11541900,-9.58960100,0</coordinates>
      </Point>
    </Placemark>
    <Placemark>
      <styleUrl>#dados_com_ensaio</styleUrl>
      <Point>
        <coordinates>17.11559500,-9.58964800,0</coordinates>
      </Point>
    </Placemark>
    <Placemark>
      <styleUrl>#dados_com_ensaio</styleUrl>
      <Point>
        <coordinates>17.11577000,-9.58969600,0</coordinates>
      </Point>
    </Placemark>
    <Placemark>
      <styleUrl>#dados_com_ensaio</styleUrl>
      <Point>
        <coordinates>17.11594600,-9.58974300,0</coordinates>
      </Point>
    </Placemark>
    <Placemark>
      <styleUrl>#dados_com_ensaio</styleUrl>
      <Point>
        <coordinates>17.11612200,-9.58979000,0</coordinates>
      </Point>
    </Placemark>
    <Placemark>
      <styleUrl>#dados_com_ensaio</styleUrl>
      <Point>
        <coordinates>17.11629800,-9.58983700,0</coordinates>
      </Point>
    </Placemark>
    <Placemark>
      <styleUrl>#dados_com_ensaio</styleUrl>
      <Point>
        <coordinates>17.11647400,-9.58988400,0</coordinates>
      </Point>
    </Placemark>
    <Placemark>
      <styleUrl>#dados_com_ensaio</styleUrl>
      <Point>
        <coordinates>17.11665000,-9.58993100,0</coordinates>
      </Point>
    </Placemark>
    <Placemark>
      <styleUrl>#dados_com_ensaio</styleUrl>
      <Point>
        <coordinates>17.11682600,-9.58997800,0</coordinates>
      </Point>
    </Placemark>
    <Placemark>
      <styleUrl>#dados_com_ensaio</styleUrl>
      <Point>
        <coordinates>17.11700100,-9.59002500,0</coordinates>
      </Point>
    </Placemark>
    <Placemark>
      <styleUrl>#dados_com_ensaio</styleUrl>
      <Point>
        <coordinates>17.11717700,-9.59007300,0</coordinates>
      </Point>
    </Placemark>
    <Placemark>
      <styleUrl>#dados_com_ensaio</styleUrl>
      <Point>
        <coordinates>17.11735300,-9.59012000,0</coordinates>
      </Point>
    </Placemark>
    <Placemark>
      <styleUrl>#dados_com_ensaio</styleUrl>
      <Point>
        <coordinates>17.11752900,-9.59016700,0</coordinates>
      </Point>
    </Placemark>
    <Placemark>
      <styleUrl>#dados_com_ensaio</styleUrl>
      <Point>
        <coordinates>17.11770500,-9.59021400,0</coordinates>
      </Point>
    </Placemark>
    <Placemark>
      <styleUrl>#dados_com_ensaio</styleUrl>
      <Point>
        <coordinates>17.11788100,-9.59026100,0</coordinates>
      </Point>
    </Placemark>
    <Placemark>
      <styleUrl>#dados_com_ensaio</styleUrl>
      <Point>
        <coordinates>17.11805600,-9.59030800,0</coordinates>
      </Point>
    </Placemark>
    <Placemark>
      <styleUrl>#dados_com_ensaio</styleUrl>
      <Point>
        <coordinates>17.11823200,-9.59035500,0</coordinates>
      </Point>
    </Placemark>
    <Placemark>
      <styleUrl>#dados_com_ensaio</styleUrl>
      <Point>
        <coordinates>17.11840800,-9.59040300,0</coordinates>
      </Point>
    </Placemark>
    <Placemark>
      <styleUrl>#dados_com_ensaio</styleUrl>
      <Point>
        <coordinates>17.11858400,-9.59045000,0</coordinates>
      </Point>
    </Placemark>
    <Placemark>
      <styleUrl>#dados_com_ensaio</styleUrl>
      <Point>
        <coordinates>17.11876000,-9.59049700,0</coordinates>
      </Point>
    </Placemark>
    <Placemark>
      <styleUrl>#dados_com_ensaio</styleUrl>
      <Point>
        <coordinates>17.11893500,-9.59054400,0</coordinates>
      </Point>
    </Placemark>
    <Placemark>
      <styleUrl>#dados_com_ensaio</styleUrl>
      <Point>
        <coordinates>17.11911100,-9.59059200,0</coordinates>
      </Point>
    </Placemark>
    <Placemark>
      <styleUrl>#dados_com_ensaio</styleUrl>
      <Point>
        <coordinates>17.11928700,-9.59063900,0</coordinates>
      </Point>
    </Placemark>
    <Placemark>
      <styleUrl>#dados_com_ensaio</styleUrl>
      <Point>
        <coordinates>17.11946300,-9.59068600,0</coordinates>
      </Point>
    </Placemark>
    <Placemark>
      <styleUrl>#dados_com_ensaio</styleUrl>
      <Point>
        <coordinates>17.11963900,-9.59073400,0</coordinates>
      </Point>
    </Placemark>
    <Placemark>
      <styleUrl>#dados_com_ensaio</styleUrl>
      <Point>
        <coordinates>17.11981400,-9.59078100,0</coordinates>
      </Point>
    </Placemark>
    <Placemark>
      <styleUrl>#dados_com_ensaio</styleUrl>
      <Point>
        <coordinates>17.11999000,-9.59082800,0</coordinates>
      </Point>
    </Placemark>
    <Placemark>
      <styleUrl>#dados_com_ensaio</styleUrl>
      <Point>
        <coordinates>17.12016600,-9.59087500,0</coordinates>
      </Point>
    </Placemark>
    <Placemark>
      <styleUrl>#dados_com_ensaio</styleUrl>
      <Point>
        <coordinates>17.12034200,-9.59092300,0</coordinates>
      </Point>
    </Placemark>
    <Placemark>
      <styleUrl>#dados_com_ensaio</styleUrl>
      <Point>
        <coordinates>17.12051800,-9.59097000,0</coordinates>
      </Point>
    </Placemark>
    <Placemark>
      <styleUrl>#dados_com_ensaio</styleUrl>
      <Point>
        <coordinates>17.12069400,-9.59101700,0</coordinates>
      </Point>
    </Placemark>
    <Placemark>
      <styleUrl>#dados_com_ensaio</styleUrl>
      <Point>
        <coordinates>17.12087000,-9.59106300,0</coordinates>
      </Point>
    </Placemark>
    <Placemark>
      <styleUrl>#dados_com_ensaio</styleUrl>
      <Point>
        <coordinates>17.12104600,-9.59111000,0</coordinates>
      </Point>
    </Placemark>
    <Placemark>
      <styleUrl>#dados_com_ensaio</styleUrl>
      <Point>
        <coordinates>17.12122200,-9.59115700,0</coordinates>
      </Point>
    </Placemark>
    <Placemark>
      <styleUrl>#dados_com_ensaio</styleUrl>
      <Point>
        <coordinates>17.12139800,-9.59120300,0</coordinates>
      </Point>
    </Placemark>
    <Placemark>
      <styleUrl>#dados_com_ensaio</styleUrl>
      <Point>
        <coordinates>17.12157400,-9.59125000,0</coordinates>
      </Point>
    </Placemark>
    <Placemark>
      <styleUrl>#dados_com_ensaio</styleUrl>
      <Point>
        <coordinates>17.12175000,-9.59129600,0</coordinates>
      </Point>
    </Placemark>
    <Placemark>
      <styleUrl>#dados_com_ensaio</styleUrl>
      <Point>
        <coordinates>17.12192600,-9.59134300,0</coordinates>
      </Point>
    </Placemark>
    <Placemark>
      <styleUrl>#dados_com_ensaio</styleUrl>
      <Point>
        <coordinates>17.12210100,-9.59139000,0</coordinates>
      </Point>
    </Placemark>
    <Placemark>
      <styleUrl>#dados_com_ensaio</styleUrl>
      <Point>
        <coordinates>17.12227700,-9.59143800,0</coordinates>
      </Point>
    </Placemark>
    <Placemark>
      <styleUrl>#dados_com_ensaio</styleUrl>
      <Point>
        <coordinates>17.12245300,-9.59148500,0</coordinates>
      </Point>
    </Placemark>
    <Placemark>
      <styleUrl>#dados_com_ensaio</styleUrl>
      <Point>
        <coordinates>17.12262900,-9.59153200,0</coordinates>
      </Point>
    </Placemark>
    <Placemark>
      <styleUrl>#dados_com_ensaio</styleUrl>
      <Point>
        <coordinates>17.12280500,-9.59157900,0</coordinates>
      </Point>
    </Placemark>
    <Placemark>
      <styleUrl>#dados_com_ensaio</styleUrl>
      <Point>
        <coordinates>17.12298000,-9.59162600,0</coordinates>
      </Point>
    </Placemark>
    <Placemark>
      <styleUrl>#dados_com_ensaio</styleUrl>
      <Point>
        <coordinates>17.12315600,-9.59167300,0</coordinates>
      </Point>
    </Placemark>
    <Placemark>
      <styleUrl>#dados_com_ensaio</styleUrl>
      <Point>
        <coordinates>17.12333200,-9.59172000,0</coordinates>
      </Point>
    </Placemark>
    <Placemark>
      <styleUrl>#dados_com_ensaio</styleUrl>
      <Point>
        <coordinates>17.12350800,-9.59176700,0</coordinates>
      </Point>
    </Placemark>
    <Placemark>
      <styleUrl>#dados_com_ensaio</styleUrl>
      <Point>
        <coordinates>17.12368400,-9.59181400,0</coordinates>
      </Point>
    </Placemark>
    <Placemark>
      <styleUrl>#dados_com_ensaio</styleUrl>
      <Point>
        <coordinates>17.12386000,-9.59186100,0</coordinates>
      </Point>
    </Placemark>
    <Placemark>
      <styleUrl>#dados_com_ensaio</styleUrl>
      <Point>
        <coordinates>17.12403600,-9.59190800,0</coordinates>
      </Point>
    </Placemark>
    <Placemark>
      <styleUrl>#dados_com_ensaio</styleUrl>
      <Point>
        <coordinates>17.12421200,-9.59195500,0</coordinates>
      </Point>
    </Placemark>
    <Placemark>
      <styleUrl>#dados_com_ensaio</styleUrl>
      <Point>
        <coordinates>17.12438800,-9.59200200,0</coordinates>
      </Point>
    </Placemark>
    <Placemark>
      <styleUrl>#dados_com_ensaio</styleUrl>
      <Point>
        <coordinates>17.12456300,-9.59204900,0</coordinates>
      </Point>
    </Placemark>
    <Placemark>
      <styleUrl>#dados_com_ensaio</styleUrl>
      <Point>
        <coordinates>17.12473900,-9.59209600,0</coordinates>
      </Point>
    </Placemark>
    <Placemark>
      <styleUrl>#dados_com_ensaio</styleUrl>
      <Point>
        <coordinates>17.12491500,-9.59214300,0</coordinates>
      </Point>
    </Placemark>
    <Placemark>
      <styleUrl>#dados_com_ensaio</styleUrl>
      <Point>
        <coordinates>17.12509100,-9.59219000,0</coordinates>
      </Point>
    </Placemark>
    <Placemark>
      <styleUrl>#dados_com_ensaio</styleUrl>
      <Point>
        <coordinates>17.12526700,-9.59223700,0</coordinates>
      </Point>
    </Placemark>
    <Placemark>
      <styleUrl>#dados_com_ensaio</styleUrl>
      <Point>
        <coordinates>17.12544300,-9.59228400,0</coordinates>
      </Point>
    </Placemark>
    <Placemark>
      <styleUrl>#dados_com_ensaio</styleUrl>
      <Point>
        <coordinates>17.12561900,-9.59233100,0</coordinates>
      </Point>
    </Placemark>
    <Placemark>
      <styleUrl>#dados_com_ensaio</styleUrl>
      <Point>
        <coordinates>17.12579500,-9.59237800,0</coordinates>
      </Point>
    </Placemark>
    <Placemark>
      <styleUrl>#dados_com_ensaio</styleUrl>
      <Point>
        <coordinates>17.12597000,-9.59242500,0</coordinates>
      </Point>
    </Placemark>
    <Placemark>
      <styleUrl>#dados_com_ensaio</styleUrl>
      <Point>
        <coordinates>17.12614600,-9.59247200,0</coordinates>
      </Point>
    </Placemark>
    <Placemark>
      <styleUrl>#dados_com_ensaio</styleUrl>
      <Point>
        <coordinates>17.12632200,-9.59252000,0</coordinates>
      </Point>
    </Placemark>
    <Placemark>
      <styleUrl>#dados_com_ensaio</styleUrl>
      <Point>
        <coordinates>17.12649800,-9.59256800,0</coordinates>
      </Point>
    </Placemark>
    <Placemark>
      <styleUrl>#dados_com_ensaio</styleUrl>
      <Point>
        <coordinates>17.12667300,-9.59261600,0</coordinates>
      </Point>
    </Placemark>
    <Placemark>
      <styleUrl>#dados_com_ensaio</styleUrl>
      <Point>
        <coordinates>17.12684900,-9.59266400,0</coordinates>
      </Point>
    </Placemark>
    <Placemark>
      <styleUrl>#dados_com_ensaio</styleUrl>
      <Point>
        <coordinates>17.12702400,-9.59271200,0</coordinates>
      </Point>
    </Placemark>
    <Placemark>
      <styleUrl>#dados_com_ensaio</styleUrl>
      <Point>
        <coordinates>17.12720000,-9.59276100,0</coordinates>
      </Point>
    </Placemark>
    <Placemark>
      <styleUrl>#dados_com_ensaio</styleUrl>
      <Point>
        <coordinates>17.12737500,-9.59280900,0</coordinates>
      </Point>
    </Placemark>
    <Placemark>
      <styleUrl>#dados_com_ensaio</styleUrl>
      <Point>
        <coordinates>17.12754800,-9.59286600,0</coordinates>
      </Point>
    </Placemark>
    <Placemark>
      <styleUrl>#dados_com_ensaio</styleUrl>
      <Point>
        <coordinates>17.12772000,-9.59292500,0</coordinates>
      </Point>
    </Placemark>
    <Placemark>
      <styleUrl>#dados_com_ensaio</styleUrl>
      <Point>
        <coordinates>17.12789200,-9.59298600,0</coordinates>
      </Point>
    </Placemark>
    <Placemark>
      <styleUrl>#dados_com_ensaio</styleUrl>
      <Point>
        <coordinates>17.12805900,-9.59305800,0</coordinates>
      </Point>
    </Placemark>
    <Placemark>
      <styleUrl>#dados_com_ensaio</styleUrl>
      <Point>
        <coordinates>17.12822600,-9.59312900,0</coordinates>
      </Point>
    </Placemark>
    <Placemark>
      <styleUrl>#dados_com_ensaio</styleUrl>
      <Point>
        <coordinates>17.12839200,-9.59320500,0</coordinates>
      </Point>
    </Placemark>
    <Placemark>
      <styleUrl>#dados_com_ensaio</styleUrl>
      <Point>
        <coordinates>17.12855600,-9.59328300,0</coordinates>
      </Point>
    </Placemark>
    <Placemark>
      <styleUrl>#dados_com_ensaio</styleUrl>
      <Point>
        <coordinates>17.12872000,-9.59336100,0</coordinates>
      </Point>
    </Placemark>
    <Placemark>
      <styleUrl>#dados_com_ensaio</styleUrl>
      <Point>
        <coordinates>17.12888400,-9.59343900,0</coordinates>
      </Point>
    </Placemark>
    <Placemark>
      <styleUrl>#dados_com_ensaio</styleUrl>
      <Point>
        <coordinates>17.12904900,-9.59351700,0</coordinates>
      </Point>
    </Placemark>
    <Placemark>
      <styleUrl>#dados_com_ensaio</styleUrl>
      <Point>
        <coordinates>17.12921300,-9.59359500,0</coordinates>
      </Point>
    </Placemark>
    <Placemark>
      <styleUrl>#dados_com_ensaio</styleUrl>
      <Point>
        <coordinates>17.12937800,-9.59367300,0</coordinates>
      </Point>
    </Placemark>
    <Placemark>
      <styleUrl>#dados_com_ensaio</styleUrl>
      <Point>
        <coordinates>17.12954200,-9.59375000,0</coordinates>
      </Point>
    </Placemark>
    <Placemark>
      <styleUrl>#dados_com_ensaio</styleUrl>
      <Point>
        <coordinates>17.12970600,-9.59382800,0</coordinates>
      </Point>
    </Placemark>
    <Placemark>
      <styleUrl>#dados_com_ensaio</styleUrl>
      <Point>
        <coordinates>17.12987100,-9.59390600,0</coordinates>
      </Point>
    </Placemark>
    <Placemark>
      <styleUrl>#dados_com_ensaio</styleUrl>
      <Point>
        <coordinates>17.13003500,-9.59398400,0</coordinates>
      </Point>
    </Placemark>
    <Placemark>
      <styleUrl>#dados_com_ensaio</styleUrl>
      <Point>
        <coordinates>17.13020000,-9.59406100,0</coordinates>
      </Point>
    </Placemark>
    <Placemark>
      <styleUrl>#dados_com_ensaio</styleUrl>
      <Point>
        <coordinates>17.13036400,-9.59414000,0</coordinates>
      </Point>
    </Placemark>
    <Placemark>
      <styleUrl>#dados_com_ensaio</styleUrl>
      <Point>
        <coordinates>17.13052800,-9.59421800,0</coordinates>
      </Point>
    </Placemark>
    <Placemark>
      <styleUrl>#dados_com_ensaio</styleUrl>
      <Point>
        <coordinates>17.13069200,-9.59429700,0</coordinates>
      </Point>
    </Placemark>
    <Placemark>
      <styleUrl>#dados_com_ensaio</styleUrl>
      <Point>
        <coordinates>17.13085600,-9.59437500,0</coordinates>
      </Point>
    </Placemark>
    <Placemark>
      <styleUrl>#dados_com_ensaio</styleUrl>
      <Point>
        <coordinates>17.13102000,-9.59445400,0</coordinates>
      </Point>
    </Placemark>
    <Placemark>
      <styleUrl>#dados_com_ensaio</styleUrl>
      <Point>
        <coordinates>17.13118400,-9.59453200,0</coordinates>
      </Point>
    </Placemark>
    <Placemark>
      <styleUrl>#dados_com_ensaio</styleUrl>
      <Point>
        <coordinates>17.13134800,-9.59461000,0</coordinates>
      </Point>
    </Placemark>
    <Placemark>
      <styleUrl>#dados_com_ensaio</styleUrl>
      <Point>
        <coordinates>17.13151300,-9.59468900,0</coordinates>
      </Point>
    </Placemark>
    <Placemark>
      <styleUrl>#dados_com_ensaio</styleUrl>
      <Point>
        <coordinates>17.13167700,-9.59476700,0</coordinates>
      </Point>
    </Placemark>
    <Placemark>
      <styleUrl>#dados_com_ensaio</styleUrl>
      <Point>
        <coordinates>17.13184100,-9.59484500,0</coordinates>
      </Point>
    </Placemark>
    <Placemark>
      <styleUrl>#dados_com_ensaio</styleUrl>
      <Point>
        <coordinates>17.13200600,-9.59492300,0</coordinates>
      </Point>
    </Placemark>
    <Placemark>
      <styleUrl>#dados_com_ensaio</styleUrl>
      <Point>
        <coordinates>17.13217000,-9.59500100,0</coordinates>
      </Point>
    </Placemark>
    <Placemark>
      <styleUrl>#dados_com_ensaio</styleUrl>
      <Point>
        <coordinates>17.13233400,-9.59507800,0</coordinates>
      </Point>
    </Placemark>
    <Placemark>
      <styleUrl>#dados_com_ensaio</styleUrl>
      <Point>
        <coordinates>17.13249900,-9.59515600,0</coordinates>
      </Point>
    </Placemark>
    <Placemark>
      <styleUrl>#dados_com_ensaio</styleUrl>
      <Point>
        <coordinates>17.13266300,-9.59523400,0</coordinates>
      </Point>
    </Placemark>
    <Placemark>
      <styleUrl>#dados_com_ensaio</styleUrl>
      <Point>
        <coordinates>17.13282700,-9.59531200,0</coordinates>
      </Point>
    </Placemark>
    <Placemark>
      <styleUrl>#dados_com_ensaio</styleUrl>
      <Point>
        <coordinates>17.13299100,-9.59539200,0</coordinates>
      </Point>
    </Placemark>
    <Placemark>
      <styleUrl>#dados_com_ensaio</styleUrl>
      <Point>
        <coordinates>17.13315400,-9.59547300,0</coordinates>
      </Point>
    </Placemark>
    <Placemark>
      <styleUrl>#dados_com_ensaio</styleUrl>
      <Point>
        <coordinates>17.13331700,-9.59555300,0</coordinates>
      </Point>
    </Placemark>
    <Placemark>
      <styleUrl>#dados_com_ensaio</styleUrl>
      <Point>
        <coordinates>17.13347900,-9.59563500,0</coordinates>
      </Point>
    </Placemark>
    <Placemark>
      <styleUrl>#dados_com_ensaio</styleUrl>
      <Point>
        <coordinates>17.13364100,-9.59571900,0</coordinates>
      </Point>
    </Placemark>
    <Placemark>
      <styleUrl>#dados_com_ensaio</styleUrl>
      <Point>
        <coordinates>17.13379900,-9.59580900,0</coordinates>
      </Point>
    </Placemark>
    <Placemark>
      <styleUrl>#dados_com_ensaio</styleUrl>
      <Point>
        <coordinates>17.13395500,-9.59590200,0</coordinates>
      </Point>
    </Placemark>
    <Placemark>
      <styleUrl>#dados_com_ensaio</styleUrl>
      <Point>
        <coordinates>17.13410600,-9.59600300,0</coordinates>
      </Point>
    </Placemark>
    <Placemark>
      <styleUrl>#dados_com_ensaio</styleUrl>
      <Point>
        <coordinates>17.13425400,-9.59610800,0</coordinates>
      </Point>
    </Placemark>
    <Placemark>
      <styleUrl>#dados_com_ensaio</styleUrl>
      <Point>
        <coordinates>17.13440200,-9.59621300,0</coordinates>
      </Point>
    </Placemark>
    <Placemark>
      <styleUrl>#dados_com_ensaio</styleUrl>
      <Point>
        <coordinates>17.13454800,-9.59632200,0</coordinates>
      </Point>
    </Placemark>
    <Placemark>
      <styleUrl>#dados_com_ensaio</styleUrl>
      <Point>
        <coordinates>17.13468800,-9.59643600,0</coordinates>
      </Point>
    </Placemark>
    <Placemark>
      <styleUrl>#dados_com_ensaio</styleUrl>
      <Point>
        <coordinates>17.13482900,-9.59655100,0</coordinates>
      </Point>
    </Placemark>
    <Placemark>
      <styleUrl>#dados_com_ensaio</styleUrl>
      <Point>
        <coordinates>17.13497000,-9.59666600,0</coordinates>
      </Point>
    </Placemark>
    <Placemark>
      <styleUrl>#dados_com_ensaio</styleUrl>
      <Point>
        <coordinates>17.13511000,-9.59678200,0</coordinates>
      </Point>
    </Placemark>
    <Placemark>
      <styleUrl>#dados_com_ensaio</styleUrl>
      <Point>
        <coordinates>17.13524900,-9.59689900,0</coordinates>
      </Point>
    </Placemark>
    <Placemark>
      <styleUrl>#dados_com_ensaio</styleUrl>
      <Point>
        <coordinates>17.13538600,-9.59701700,0</coordinates>
      </Point>
    </Placemark>
    <Placemark>
      <styleUrl>#dados_com_ensaio</styleUrl>
      <Point>
        <coordinates>17.13552600,-9.59713300,0</coordinates>
      </Point>
    </Placemark>
    <Placemark>
      <styleUrl>#dados_com_ensaio</styleUrl>
      <Point>
        <coordinates>17.13566700,-9.59724800,0</coordinates>
      </Point>
    </Placemark>
    <Placemark>
      <styleUrl>#dados_com_ensaio</styleUrl>
      <Point>
        <coordinates>17.13580600,-9.59736400,0</coordinates>
      </Point>
    </Placemark>
    <Placemark>
      <styleUrl>#dados_com_ensaio</styleUrl>
      <Point>
        <coordinates>17.13594500,-9.59748100,0</coordinates>
      </Point>
    </Placemark>
    <Placemark>
      <styleUrl>#dados_com_ensaio</styleUrl>
      <Point>
        <coordinates>17.13608400,-9.59759800,0</coordinates>
      </Point>
    </Placemark>
    <Placemark>
      <styleUrl>#dados_com_ensaio</styleUrl>
      <Point>
        <coordinates>17.13622400,-9.59771400,0</coordinates>
      </Point>
    </Placemark>
    <Placemark>
      <styleUrl>#dados_com_ensaio</styleUrl>
      <Point>
        <coordinates>17.13636400,-9.59782900,0</coordinates>
      </Point>
    </Placemark>
    <Placemark>
      <styleUrl>#dados_com_ensaio</styleUrl>
      <Point>
        <coordinates>17.13650400,-9.59794500,0</coordinates>
      </Point>
    </Placemark>
    <Placemark>
      <styleUrl>#dados_com_ensaio</styleUrl>
      <Point>
        <coordinates>17.13664400,-9.59806000,0</coordinates>
      </Point>
    </Placemark>
    <Placemark>
      <styleUrl>#dados_com_ensaio</styleUrl>
      <Point>
        <coordinates>17.13678500,-9.59817500,0</coordinates>
      </Point>
    </Placemark>
    <Placemark>
      <styleUrl>#dados_com_ensaio</styleUrl>
      <Point>
        <coordinates>17.13692500,-9.59829100,0</coordinates>
      </Point>
    </Placemark>
    <Placemark>
      <styleUrl>#dados_com_ensaio</styleUrl>
      <Point>
        <coordinates>17.13706600,-9.59840500,0</coordinates>
      </Point>
    </Placemark>
    <Placemark>
      <styleUrl>#dados_com_ensaio</styleUrl>
      <Point>
        <coordinates>17.13720800,-9.59851900,0</coordinates>
      </Point>
    </Placemark>
    <Placemark>
      <styleUrl>#dados_com_ensaio</styleUrl>
      <Point>
        <coordinates>17.13735000,-9.59863200,0</coordinates>
      </Point>
    </Placemark>
    <Placemark>
      <styleUrl>#dados_com_ensaio</styleUrl>
      <Point>
        <coordinates>17.13749400,-9.59874200,0</coordinates>
      </Point>
    </Placemark>
    <Placemark>
      <styleUrl>#dados_com_ensaio</styleUrl>
      <Point>
        <coordinates>17.13763900,-9.59885100,0</coordinates>
      </Point>
    </Placemark>
    <Placemark>
      <styleUrl>#dados_com_ensaio</styleUrl>
      <Point>
        <coordinates>17.13778700,-9.59895800,0</coordinates>
      </Point>
    </Placemark>
    <Placemark>
      <styleUrl>#dados_com_ensaio</styleUrl>
      <Point>
        <coordinates>17.13793400,-9.59906400,0</coordinates>
      </Point>
    </Placemark>
    <Placemark>
      <styleUrl>#dados_com_ensaio</styleUrl>
      <Point>
        <coordinates>17.13808200,-9.59916900,0</coordinates>
      </Point>
    </Placemark>
    <Placemark>
      <styleUrl>#dados_com_ensaio</styleUrl>
      <Point>
        <coordinates>17.13823000,-9.59927400,0</coordinates>
      </Point>
    </Placemark>
    <Placemark>
      <styleUrl>#dados_com_ensaio</styleUrl>
      <Point>
        <coordinates>17.13838300,-9.59937200,0</coordinates>
      </Point>
    </Placemark>
    <Placemark>
      <styleUrl>#dados_com_ensaio</styleUrl>
      <Point>
        <coordinates>17.13853700,-9.59947000,0</coordinates>
      </Point>
    </Placemark>
    <Placemark>
      <styleUrl>#dados_com_ensaio</styleUrl>
      <Point>
        <coordinates>17.13869000,-9.59956700,0</coordinates>
      </Point>
    </Placemark>
    <Placemark>
      <styleUrl>#dados_com_ensaio</styleUrl>
      <Point>
        <coordinates>17.13884200,-9.59966700,0</coordinates>
      </Point>
    </Placemark>
    <Placemark>
      <styleUrl>#dados_com_ensaio</styleUrl>
      <Point>
        <coordinates>17.13899300,-9.59976700,0</coordinates>
      </Point>
    </Placemark>
    <Placemark>
      <styleUrl>#dados_com_ensaio</styleUrl>
      <Point>
        <coordinates>17.13914600,-9.59986600,0</coordinates>
      </Point>
    </Placemark>
    <Placemark>
      <styleUrl>#dados_com_ensaio</styleUrl>
      <Point>
        <coordinates>17.13929900,-9.59996500,0</coordinates>
      </Point>
    </Placemark>
    <Placemark>
      <styleUrl>#dados_com_ensaio</styleUrl>
      <Point>
        <coordinates>17.13945100,-9.60006300,0</coordinates>
      </Point>
    </Placemark>
    <Placemark>
      <styleUrl>#dados_com_ensaio</styleUrl>
      <Point>
        <coordinates>17.13960400,-9.60016100,0</coordinates>
      </Point>
    </Placemark>
    <Placemark>
      <styleUrl>#dados_com_ensaio</styleUrl>
      <Point>
        <coordinates>17.13975700,-9.60026000,0</coordinates>
      </Point>
    </Placemark>
    <Placemark>
      <styleUrl>#dados_com_ensaio</styleUrl>
      <Point>
        <coordinates>17.13991000,-9.60035800,0</coordinates>
      </Point>
    </Placemark>
    <Placemark>
      <styleUrl>#dados_com_ensaio</styleUrl>
      <Point>
        <coordinates>17.14006200,-9.60045700,0</coordinates>
      </Point>
    </Placemark>
    <Placemark>
      <styleUrl>#dados_com_ensaio</styleUrl>
      <Point>
        <coordinates>17.14021500,-9.60055500,0</coordinates>
      </Point>
    </Placemark>
    <Placemark>
      <styleUrl>#dados_com_ensaio</styleUrl>
      <Point>
        <coordinates>17.14036800,-9.60065400,0</coordinates>
      </Point>
    </Placemark>
    <Placemark>
      <styleUrl>#dados_com_ensaio</styleUrl>
      <Point>
        <coordinates>17.14052100,-9.60075200,0</coordinates>
      </Point>
    </Placemark>
    <Placemark>
      <styleUrl>#dados_com_ensaio</styleUrl>
      <Point>
        <coordinates>17.14067400,-9.60085100,0</coordinates>
      </Point>
    </Placemark>
    <Placemark>
      <styleUrl>#dados_com_ensaio</styleUrl>
      <Point>
        <coordinates>17.14082600,-9.60094900,0</coordinates>
      </Point>
    </Placemark>
    <Placemark>
      <styleUrl>#dados_com_ensaio</styleUrl>
      <Point>
        <coordinates>17.14097800,-9.60104900,0</coordinates>
      </Point>
    </Placemark>
    <Placemark>
      <styleUrl>#dados_com_ensaio</styleUrl>
      <Point>
        <coordinates>17.14113000,-9.60114900,0</coordinates>
      </Point>
    </Placemark>
    <Placemark>
      <styleUrl>#dados_com_ensaio</styleUrl>
      <Point>
        <coordinates>17.14128200,-9.60124800,0</coordinates>
      </Point>
    </Placemark>
    <Placemark>
      <styleUrl>#dados_com_ensaio</styleUrl>
      <Point>
        <coordinates>17.14143500,-9.60134700,0</coordinates>
      </Point>
    </Placemark>
    <Placemark>
      <styleUrl>#dados_com_ensaio</styleUrl>
      <Point>
        <coordinates>17.14158800,-9.60144500,0</coordinates>
      </Point>
    </Placemark>
    <Placemark>
      <styleUrl>#dados_com_ensaio</styleUrl>
      <Point>
        <coordinates>17.14174000,-9.60154400,0</coordinates>
      </Point>
    </Placemark>
    <Placemark>
      <styleUrl>#dados_com_ensaio</styleUrl>
      <Point>
        <coordinates>17.14189200,-9.60164300,0</coordinates>
      </Point>
    </Placemark>
    <Placemark>
      <styleUrl>#dados_com_ensaio</styleUrl>
      <Point>
        <coordinates>17.14204500,-9.60174200,0</coordinates>
      </Point>
    </Placemark>
    <Placemark>
      <styleUrl>#dados_com_ensaio</styleUrl>
      <Point>
        <coordinates>17.14219700,-9.60184100,0</coordinates>
      </Point>
    </Placemark>
    <Placemark>
      <styleUrl>#dados_com_ensaio</styleUrl>
      <Point>
        <coordinates>17.14235000,-9.60193900,0</coordinates>
      </Point>
    </Placemark>
    <Placemark>
      <styleUrl>#dados_com_ensaio</styleUrl>
      <Point>
        <coordinates>17.14250300,-9.60203700,0</coordinates>
      </Point>
    </Placemark>
    <Placemark>
      <styleUrl>#dados_com_ensaio</styleUrl>
      <Point>
        <coordinates>17.14265600,-9.60213500,0</coordinates>
      </Point>
    </Placemark>
    <Placemark>
      <styleUrl>#dados_com_ensaio</styleUrl>
      <Point>
        <coordinates>17.14280800,-9.60223500,0</coordinates>
      </Point>
    </Placemark>
    <Placemark>
      <styleUrl>#dados_com_ensaio</styleUrl>
      <Point>
        <coordinates>17.14296000,-9.60233500,0</coordinates>
      </Point>
    </Placemark>
    <Placemark>
      <styleUrl>#dados_com_ensaio</styleUrl>
      <Point>
        <coordinates>17.14311200,-9.60243500,0</coordinates>
      </Point>
    </Placemark>
    <Placemark>
      <styleUrl>#dados_com_ensaio</styleUrl>
      <Point>
        <coordinates>17.14326400,-9.60253400,0</coordinates>
      </Point>
    </Placemark>
    <Placemark>
      <styleUrl>#dados_com_ensaio</styleUrl>
      <Point>
        <coordinates>17.14341800,-9.60263100,0</coordinates>
      </Point>
    </Placemark>
    <Placemark>
      <styleUrl>#dados_com_ensaio</styleUrl>
      <Point>
        <coordinates>17.14357200,-9.60272700,0</coordinates>
      </Point>
    </Placemark>
    <Placemark>
      <styleUrl>#dados_com_ensaio</styleUrl>
      <Point>
        <coordinates>17.14372600,-9.60282300,0</coordinates>
      </Point>
    </Placemark>
    <Placemark>
      <styleUrl>#dados_com_ensaio</styleUrl>
      <Point>
        <coordinates>17.14387800,-9.60292300,0</coordinates>
      </Point>
    </Placemark>
    <Placemark>
      <styleUrl>#dados_com_ensaio</styleUrl>
      <Point>
        <coordinates>17.14403100,-9.60302200,0</coordinates>
      </Point>
    </Placemark>
    <Placemark>
      <styleUrl>#dados_com_ensaio</styleUrl>
      <Point>
        <coordinates>17.14418300,-9.60312200,0</coordinates>
      </Point>
    </Placemark>
    <Placemark>
      <styleUrl>#dados_com_ensaio</styleUrl>
      <Point>
        <coordinates>17.14433500,-9.60322100,0</coordinates>
      </Point>
    </Placemark>
    <Placemark>
      <styleUrl>#dados_com_ensaio</styleUrl>
      <Point>
        <coordinates>17.14448800,-9.60331900,0</coordinates>
      </Point>
    </Placemark>
    <Placemark>
      <styleUrl>#dados_com_ensaio</styleUrl>
      <Point>
        <coordinates>17.14464400,-9.60341200,0</coordinates>
      </Point>
    </Placemark>
    <Placemark>
      <styleUrl>#dados_com_ensaio</styleUrl>
      <Point>
        <coordinates>17.14480000,-9.60350500,0</coordinates>
      </Point>
    </Placemark>
    <Placemark>
      <styleUrl>#dados_com_ensaio</styleUrl>
      <Point>
        <coordinates>17.14495700,-9.60359700,0</coordinates>
      </Point>
    </Placemark>
    <Placemark>
      <styleUrl>#dados_com_ensaio</styleUrl>
      <Point>
        <coordinates>17.14511600,-9.60368500,0</coordinates>
      </Point>
    </Placemark>
    <Placemark>
      <styleUrl>#dados_com_ensaio</styleUrl>
      <Point>
        <coordinates>17.14527500,-9.60377400,0</coordinates>
      </Point>
    </Placemark>
    <Placemark>
      <styleUrl>#dados_com_ensaio</styleUrl>
      <Point>
        <coordinates>17.14543300,-9.60386200,0</coordinates>
      </Point>
    </Placemark>
    <Placemark>
      <styleUrl>#dados_com_ensaio</styleUrl>
      <Point>
        <coordinates>17.14559300,-9.60394900,0</coordinates>
      </Point>
    </Placemark>
    <Placemark>
      <styleUrl>#dados_com_ensaio</styleUrl>
      <Point>
        <coordinates>17.14575500,-9.60403200,0</coordinates>
      </Point>
    </Placemark>
    <Placemark>
      <styleUrl>#dados_com_ensaio</styleUrl>
      <Point>
        <coordinates>17.14591700,-9.60411500,0</coordinates>
      </Point>
    </Placemark>
    <Placemark>
      <styleUrl>#dados_com_ensaio</styleUrl>
      <Point>
        <coordinates>17.14607900,-9.60419700,0</coordinates>
      </Point>
    </Placemark>
    <Placemark>
      <styleUrl>#dados_com_ensaio</styleUrl>
      <Point>
        <coordinates>17.14624100,-9.60428000,0</coordinates>
      </Point>
    </Placemark>
    <Placemark>
      <styleUrl>#dados_com_ensaio</styleUrl>
      <Point>
        <coordinates>17.14640200,-9.60436500,0</coordinates>
      </Point>
    </Placemark>
    <Placemark>
      <styleUrl>#dados_com_ensaio</styleUrl>
      <Point>
        <coordinates>17.14656300,-9.60444900,0</coordinates>
      </Point>
    </Placemark>
    <Placemark>
      <styleUrl>#dados_com_ensaio</styleUrl>
      <Point>
        <coordinates>17.14672400,-9.60453300,0</coordinates>
      </Point>
    </Placemark>
    <Placemark>
      <styleUrl>#dados_com_ensaio</styleUrl>
      <Point>
        <coordinates>17.14688800,-9.60461300,0</coordinates>
      </Point>
    </Placemark>
    <Placemark>
      <styleUrl>#dados_com_ensaio</styleUrl>
      <Point>
        <coordinates>17.14705100,-9.60469300,0</coordinates>
      </Point>
    </Placemark>
    <Placemark>
      <styleUrl>#dados_com_ensaio</styleUrl>
      <Point>
        <coordinates>17.14721600,-9.60477100,0</coordinates>
      </Point>
    </Placemark>
    <Placemark>
      <styleUrl>#dados_com_ensaio</styleUrl>
      <Point>
        <coordinates>17.14738400,-9.60483900,0</coordinates>
      </Point>
    </Placemark>
    <Placemark>
      <styleUrl>#dados_com_ensaio</styleUrl>
      <Point>
        <coordinates>17.14755300,-9.60490700,0</coordinates>
      </Point>
    </Placemark>
    <Placemark>
      <styleUrl>#dados_com_ensaio</styleUrl>
      <Point>
        <coordinates>17.14772500,-9.60496700,0</coordinates>
      </Point>
    </Placemark>
    <Placemark>
      <styleUrl>#dados_com_ensaio</styleUrl>
      <Point>
        <coordinates>17.14789700,-9.60502700,0</coordinates>
      </Point>
    </Placemark>
    <Placemark>
      <styleUrl>#dados_com_ensaio</styleUrl>
      <Point>
        <coordinates>17.14807000,-9.60508300,0</coordinates>
      </Point>
    </Placemark>
    <Placemark>
      <styleUrl>#dados_com_ensaio</styleUrl>
      <Point>
        <coordinates>17.14824400,-9.60513600,0</coordinates>
      </Point>
    </Placemark>
    <Placemark>
      <styleUrl>#dados_com_ensaio</styleUrl>
      <Point>
        <coordinates>17.14842000,-9.60518000,0</coordinates>
      </Point>
    </Placemark>
    <Placemark>
      <styleUrl>#dados_com_ensaio</styleUrl>
      <Point>
        <coordinates>17.14859700,-9.60522400,0</coordinates>
      </Point>
    </Placemark>
    <Placemark>
      <styleUrl>#dados_com_ensaio</styleUrl>
      <Point>
        <coordinates>17.14877500,-9.60526300,0</coordinates>
      </Point>
    </Placemark>
    <Placemark>
      <styleUrl>#dados_com_ensaio</styleUrl>
      <Point>
        <coordinates>17.14895400,-9.60529800,0</coordinates>
      </Point>
    </Placemark>
    <Placemark>
      <styleUrl>#dados_com_ensaio</styleUrl>
      <Point>
        <coordinates>17.14913300,-9.60533100,0</coordinates>
      </Point>
    </Placemark>
    <Placemark>
      <styleUrl>#dados_com_ensaio</styleUrl>
      <Point>
        <coordinates>17.14931200,-9.60536100,0</coordinates>
      </Point>
    </Placemark>
    <Placemark>
      <styleUrl>#dados_com_ensaio</styleUrl>
      <Point>
        <coordinates>17.14949200,-9.60539300,0</coordinates>
      </Point>
    </Placemark>
    <Placemark>
      <styleUrl>#dados_com_ensaio</styleUrl>
      <Point>
        <coordinates>17.14967100,-9.60542700,0</coordinates>
      </Point>
    </Placemark>
    <Placemark>
      <styleUrl>#dados_com_ensaio</styleUrl>
      <Point>
        <coordinates>17.14984900,-9.60546300,0</coordinates>
      </Point>
    </Placemark>
    <Placemark>
      <styleUrl>#dados_com_ensaio</styleUrl>
      <Point>
        <coordinates>17.15002600,-9.60550400,0</coordinates>
      </Point>
    </Placemark>
    <Placemark>
      <styleUrl>#dados_com_ensaio</styleUrl>
      <Point>
        <coordinates>17.15020400,-9.60554400,0</coordinates>
      </Point>
    </Placemark>
    <Placemark>
      <styleUrl>#dados_com_ensaio</styleUrl>
      <Point>
        <coordinates>17.15038200,-9.60558300,0</coordinates>
      </Point>
    </Placemark>
    <Placemark>
      <styleUrl>#dados_com_ensaio</styleUrl>
      <Point>
        <coordinates>17.15056000,-9.60562200,0</coordinates>
      </Point>
    </Placemark>
    <Placemark>
      <styleUrl>#dados_com_ensaio</styleUrl>
      <Point>
        <coordinates>17.15073600,-9.60566600,0</coordinates>
      </Point>
    </Placemark>
    <Placemark>
      <styleUrl>#dados_com_ensaio</styleUrl>
      <Point>
        <coordinates>17.15091300,-9.60571000,0</coordinates>
      </Point>
    </Placemark>
    <Placemark>
      <styleUrl>#dados_com_ensaio</styleUrl>
      <Point>
        <coordinates>17.15108900,-9.60575500,0</coordinates>
      </Point>
    </Placemark>
    <Placemark>
      <styleUrl>#dados_com_ensaio</styleUrl>
      <Point>
        <coordinates>17.15126600,-9.60580100,0</coordinates>
      </Point>
    </Placemark>
    <Placemark>
      <styleUrl>#dados_com_ensaio</styleUrl>
      <Point>
        <coordinates>17.15144200,-9.60584700,0</coordinates>
      </Point>
    </Placemark>
    <Placemark>
      <styleUrl>#dados_com_ensaio</styleUrl>
      <Point>
        <coordinates>17.15161800,-9.60589200,0</coordinates>
      </Point>
    </Placemark>
    <Placemark>
      <styleUrl>#dados_com_ensaio</styleUrl>
      <Point>
        <coordinates>17.15179500,-9.60593700,0</coordinates>
      </Point>
    </Placemark>
    <Placemark>
      <styleUrl>#dados_com_ensaio</styleUrl>
      <Point>
        <coordinates>17.15197100,-9.60598300,0</coordinates>
      </Point>
    </Placemark>
    <Placemark>
      <styleUrl>#dados_com_ensaio</styleUrl>
      <Point>
        <coordinates>17.15214700,-9.60602800,0</coordinates>
      </Point>
    </Placemark>
    <Placemark>
      <styleUrl>#dados_com_ensaio</styleUrl>
      <Point>
        <coordinates>17.15232300,-9.60607500,0</coordinates>
      </Point>
    </Placemark>
    <Placemark>
      <styleUrl>#dados_com_ensaio</styleUrl>
      <Point>
        <coordinates>17.15249900,-9.60612100,0</coordinates>
      </Point>
    </Placemark>
    <Placemark>
      <styleUrl>#dados_com_ensaio</styleUrl>
      <Point>
        <coordinates>17.15267500,-9.60616800,0</coordinates>
      </Point>
    </Placemark>
    <Placemark>
      <styleUrl>#dados_com_ensaio</styleUrl>
      <Point>
        <coordinates>17.15285100,-9.60621500,0</coordinates>
      </Point>
    </Placemark>
    <Placemark>
      <styleUrl>#dados_com_ensaio</styleUrl>
      <Point>
        <coordinates>17.15302700,-9.60626100,0</coordinates>
      </Point>
    </Placemark>
    <Placemark>
      <styleUrl>#dados_com_ensaio</styleUrl>
      <Point>
        <coordinates>17.15320300,-9.60630600,0</coordinates>
      </Point>
    </Placemark>
    <Placemark>
      <styleUrl>#dados_com_ensaio</styleUrl>
      <Point>
        <coordinates>17.15338000,-9.60635200,0</coordinates>
      </Point>
    </Placemark>
    <Placemark>
      <styleUrl>#dados_com_ensaio</styleUrl>
      <Point>
        <coordinates>17.15355600,-9.60639800,0</coordinates>
      </Point>
    </Placemark>
    <Placemark>
      <styleUrl>#dados_com_ensaio</styleUrl>
      <Point>
        <coordinates>17.15373200,-9.60644300,0</coordinates>
      </Point>
    </Placemark>
    <Placemark>
      <styleUrl>#dados_com_ensaio</styleUrl>
      <Point>
        <coordinates>17.15390800,-9.60649100,0</coordinates>
      </Point>
    </Placemark>
    <Placemark>
      <styleUrl>#dados_com_ensaio</styleUrl>
      <Point>
        <coordinates>17.15408300,-9.60654000,0</coordinates>
      </Point>
    </Placemark>
    <Placemark>
      <styleUrl>#dados_com_ensaio</styleUrl>
      <Point>
        <coordinates>17.15425700,-9.60659500,0</coordinates>
      </Point>
    </Placemark>
    <Placemark>
      <styleUrl>#dados_com_ensaio</styleUrl>
      <Point>
        <coordinates>17.15442900,-9.60665400,0</coordinates>
      </Point>
    </Placemark>
    <Placemark>
      <styleUrl>#dados_com_ensaio</styleUrl>
      <Point>
        <coordinates>17.15460100,-9.60671400,0</coordinates>
      </Point>
    </Placemark>
    <Placemark>
      <styleUrl>#dados_com_ensaio</styleUrl>
      <Point>
        <coordinates>17.15477100,-9.60677700,0</coordinates>
      </Point>
    </Placemark>
    <Placemark>
      <styleUrl>#dados_com_ensaio</styleUrl>
      <Point>
        <coordinates>17.15494200,-9.60684000,0</coordinates>
      </Point>
    </Placemark>
    <Placemark>
      <styleUrl>#dados_com_ensaio</styleUrl>
      <Point>
        <coordinates>17.15511100,-9.60690900,0</coordinates>
      </Point>
    </Placemark>
    <Placemark>
      <styleUrl>#dados_com_ensaio</styleUrl>
      <Point>
        <coordinates>17.15527800,-9.60697900,0</coordinates>
      </Point>
    </Placemark>
    <Placemark>
      <styleUrl>#dados_com_ensaio</styleUrl>
      <Point>
        <coordinates>17.15544400,-9.60705300,0</coordinates>
      </Point>
    </Placemark>
    <Placemark>
      <styleUrl>#dados_com_ensaio</styleUrl>
      <Point>
        <coordinates>17.15560700,-9.60713400,0</coordinates>
      </Point>
    </Placemark>
    <Placemark>
      <styleUrl>#dados_com_ensaio</styleUrl>
      <Point>
        <coordinates>17.15577000,-9.60721500,0</coordinates>
      </Point>
    </Placemark>
    <Placemark>
      <styleUrl>#dados_com_ensaio</styleUrl>
      <Point>
        <coordinates>17.15593200,-9.60729700,0</coordinates>
      </Point>
    </Placemark>
    <Placemark>
      <styleUrl>#dados_com_ensaio</styleUrl>
      <Point>
        <coordinates>17.15609300,-9.60738200,0</coordinates>
      </Point>
    </Placemark>
    <Placemark>
      <styleUrl>#dados_com_ensaio</styleUrl>
      <Point>
        <coordinates>17.15625400,-9.60746700,0</coordinates>
      </Point>
    </Placemark>
    <Placemark>
      <styleUrl>#dados_com_ensaio</styleUrl>
      <Point>
        <coordinates>17.15641400,-9.60755300,0</coordinates>
      </Point>
    </Placemark>
    <Placemark>
      <styleUrl>#dados_com_ensaio</styleUrl>
      <Point>
        <coordinates>17.15657400,-9.60764100,0</coordinates>
      </Point>
    </Placemark>
    <Placemark>
      <styleUrl>#dados_com_ensaio</styleUrl>
      <Point>
        <coordinates>17.15672800,-9.60773600,0</coordinates>
      </Point>
    </Placemark>
    <Placemark>
      <styleUrl>#dados_com_ensaio</styleUrl>
      <Point>
        <coordinates>17.15687600,-9.60784100,0</coordinates>
      </Point>
    </Placemark>
    <Placemark>
      <styleUrl>#dados_com_ensaio</styleUrl>
      <Point>
        <coordinates>17.15702500,-9.60794500,0</coordinates>
      </Point>
    </Placemark>
    <Placemark>
      <styleUrl>#dados_com_ensaio</styleUrl>
      <Point>
        <coordinates>17.15716600,-9.60805900,0</coordinates>
      </Point>
    </Placemark>
    <Placemark>
      <styleUrl>#dados_com_ensaio</styleUrl>
      <Point>
        <coordinates>17.15729700,-9.60818400,0</coordinates>
      </Point>
    </Placemark>
    <Placemark>
      <styleUrl>#dados_com_ensaio</styleUrl>
      <Point>
        <coordinates>17.15742900,-9.60830900,0</coordinates>
      </Point>
    </Placemark>
    <Placemark>
      <styleUrl>#dados_com_ensaio</styleUrl>
      <Point>
        <coordinates>17.15755600,-9.60843800,0</coordinates>
      </Point>
    </Placemark>
    <Placemark>
      <styleUrl>#dados_com_ensaio</styleUrl>
      <Point>
        <coordinates>17.15767700,-9.60857300,0</coordinates>
      </Point>
    </Placemark>
    <Placemark>
      <styleUrl>#dados_com_ensaio</styleUrl>
      <Point>
        <coordinates>17.15779600,-9.60871000,0</coordinates>
      </Point>
    </Placemark>
    <Placemark>
      <styleUrl>#dados_com_ensaio</styleUrl>
      <Point>
        <coordinates>17.15789900,-9.60886000,0</coordinates>
      </Point>
    </Placemark>
    <Placemark>
      <styleUrl>#dados_com_ensaio</styleUrl>
      <Point>
        <coordinates>17.15800100,-9.60900900,0</coordinates>
      </Point>
    </Placemark>
    <Placemark>
      <styleUrl>#dados_com_ensaio</styleUrl>
      <Point>
        <coordinates>17.15810300,-9.60915900,0</coordinates>
      </Point>
    </Placemark>
    <Placemark>
      <styleUrl>#dados_com_ensaio</styleUrl>
      <Point>
        <coordinates>17.15820500,-9.60930800,0</coordinates>
      </Point>
    </Placemark>
    <Placemark>
      <styleUrl>#dados_com_ensaio</styleUrl>
      <Point>
        <coordinates>17.15830700,-9.60945800,0</coordinates>
      </Point>
    </Placemark>
    <Placemark>
      <styleUrl>#dados_com_ensaio</styleUrl>
      <Point>
        <coordinates>17.15841000,-9.60960700,0</coordinates>
      </Point>
    </Placemark>
    <Placemark>
      <styleUrl>#dados_com_ensaio</styleUrl>
      <Point>
        <coordinates>17.15851300,-9.60975600,0</coordinates>
      </Point>
    </Placemark>
    <Placemark>
      <styleUrl>#dados_com_ensaio</styleUrl>
      <Point>
        <coordinates>17.15861600,-9.60990600,0</coordinates>
      </Point>
    </Placemark>
    <Placemark>
      <styleUrl>#dados_com_ensaio</styleUrl>
      <Point>
        <coordinates>17.15871900,-9.61005500,0</coordinates>
      </Point>
    </Placemark>
    <Placemark>
      <styleUrl>#dados_com_ensaio</styleUrl>
      <Point>
        <coordinates>17.15882100,-9.61020500,0</coordinates>
      </Point>
    </Placemark>
    <Placemark>
      <styleUrl>#dados_com_ensaio</styleUrl>
      <Point>
        <coordinates>17.15892300,-9.61035400,0</coordinates>
      </Point>
    </Placemark>
    <Placemark>
      <styleUrl>#dados_com_ensaio</styleUrl>
      <Point>
        <coordinates>17.15902600,-9.61050400,0</coordinates>
      </Point>
    </Placemark>
    <Placemark>
      <styleUrl>#dados_com_ensaio</styleUrl>
      <Point>
        <coordinates>17.15912800,-9.61065300,0</coordinates>
      </Point>
    </Placemark>
    <Placemark>
      <styleUrl>#dados_com_ensaio</styleUrl>
      <Point>
        <coordinates>17.15923100,-9.61080300,0</coordinates>
      </Point>
    </Placemark>
    <Placemark>
      <styleUrl>#dados_com_ensaio</styleUrl>
      <Point>
        <coordinates>17.15933300,-9.61095200,0</coordinates>
      </Point>
    </Placemark>
    <Placemark>
      <styleUrl>#dados_com_ensaio</styleUrl>
      <Point>
        <coordinates>17.15943800,-9.61110000,0</coordinates>
      </Point>
    </Placemark>
    <Placemark>
      <styleUrl>#dados_com_ensaio</styleUrl>
      <Point>
        <coordinates>17.15954500,-9.61124600,0</coordinates>
      </Point>
    </Placemark>
    <Placemark>
      <styleUrl>#dados_com_ensaio</styleUrl>
      <Point>
        <coordinates>17.15965100,-9.61139300,0</coordinates>
      </Point>
    </Placemark>
    <Placemark>
      <styleUrl>#dados_com_ensaio</styleUrl>
      <Point>
        <coordinates>17.15976500,-9.61153400,0</coordinates>
      </Point>
    </Placemark>
    <Placemark>
      <styleUrl>#dados_com_ensaio</styleUrl>
      <Point>
        <coordinates>17.15988100,-9.61167300,0</coordinates>
      </Point>
    </Placemark>
    <Placemark>
      <styleUrl>#dados_com_ensaio</styleUrl>
      <Point>
        <coordinates>17.16000400,-9.61180700,0</coordinates>
      </Point>
    </Placemark>
    <Placemark>
      <styleUrl>#dados_com_ensaio</styleUrl>
      <Point>
        <coordinates>17.16012700,-9.61194000,0</coordinates>
      </Point>
    </Placemark>
    <Placemark>
      <styleUrl>#dados_com_ensaio</styleUrl>
      <Point>
        <coordinates>17.16025500,-9.61206900,0</coordinates>
      </Point>
    </Placemark>
    <Placemark>
      <styleUrl>#dados_com_ensaio</styleUrl>
      <Point>
        <coordinates>17.16038500,-9.61219600,0</coordinates>
      </Point>
    </Placemark>
    <Placemark>
      <styleUrl>#dados_com_ensaio</styleUrl>
      <Point>
        <coordinates>17.16052000,-9.61231600,0</coordinates>
      </Point>
    </Placemark>
    <Placemark>
      <styleUrl>#dados_com_ensaio</styleUrl>
      <Point>
        <coordinates>17.16066000,-9.61243100,0</coordinates>
      </Point>
    </Placemark>
    <Placemark>
      <styleUrl>#dados_com_ensaio</styleUrl>
      <Point>
        <coordinates>17.16080700,-9.61253900,0</coordinates>
      </Point>
    </Placemark>
    <Placemark>
      <styleUrl>#dados_com_ensaio</styleUrl>
      <Point>
        <coordinates>17.16096400,-9.61263000,0</coordinates>
      </Point>
    </Placemark>
    <Placemark>
      <styleUrl>#dados_com_ensaio</styleUrl>
      <Point>
        <coordinates>17.16112600,-9.61271200,0</coordinates>
      </Point>
    </Placemark>
    <Placemark>
      <styleUrl>#dados_com_ensaio</styleUrl>
      <Point>
        <coordinates>17.16129100,-9.61278800,0</coordinates>
      </Point>
    </Placemark>
    <Placemark>
      <styleUrl>#dados_com_ensaio</styleUrl>
      <Point>
        <coordinates>17.16145800,-9.61286000,0</coordinates>
      </Point>
    </Placemark>
    <Placemark>
      <styleUrl>#dados_com_ensaio</styleUrl>
      <Point>
        <coordinates>17.16162900,-9.61292400,0</coordinates>
      </Point>
    </Placemark>
    <Placemark>
      <styleUrl>#dados_com_ensaio</styleUrl>
      <Point>
        <coordinates>17.16179600,-9.61298700,0</coordinates>
      </Point>
    </Placemark>
    <Placemark>
      <styleUrl>#dados_com_ensaio</styleUrl>
      <Point>
        <coordinates>17.16196700,-9.61305000,0</coordinates>
      </Point>
    </Placemark>
    <Placemark>
      <styleUrl>#dados_com_ensaio</styleUrl>
      <Point>
        <coordinates>17.16213700,-9.61311500,0</coordinates>
      </Point>
    </Placemark>
    <Placemark>
      <styleUrl>#dados_com_ensaio</styleUrl>
      <Point>
        <coordinates>17.16230400,-9.61318700,0</coordinates>
      </Point>
    </Placemark>
    <Placemark>
      <styleUrl>#dados_com_ensaio</styleUrl>
      <Point>
        <coordinates>17.16246800,-9.61326600,0</coordinates>
      </Point>
    </Placemark>
    <Placemark>
      <styleUrl>#dados_com_ensaio</styleUrl>
      <Point>
        <coordinates>17.16262600,-9.61335500,0</coordinates>
      </Point>
    </Placemark>
    <Placemark>
      <styleUrl>#dados_com_ensaio</styleUrl>
      <Point>
        <coordinates>17.16278100,-9.61345000,0</coordinates>
      </Point>
    </Placemark>
    <Placemark>
      <styleUrl>#dados_com_ensaio</styleUrl>
      <Point>
        <coordinates>17.16293300,-9.61354900,0</coordinates>
      </Point>
    </Placemark>
    <Placemark>
      <styleUrl>#dados_com_ensaio</styleUrl>
      <Point>
        <coordinates>17.16307900,-9.61365700,0</coordinates>
      </Point>
    </Placemark>
    <Placemark>
      <styleUrl>#dados_com_ensaio</styleUrl>
      <Point>
        <coordinates>17.16322500,-9.61376600,0</coordinates>
      </Point>
    </Placemark>
    <Placemark>
      <styleUrl>#dados_com_ensaio</styleUrl>
      <Point>
        <coordinates>17.16336500,-9.61388100,0</coordinates>
      </Point>
    </Placemark>
    <Placemark>
      <styleUrl>#dados_com_ensaio</styleUrl>
      <Point>
        <coordinates>17.16350500,-9.61399700,0</coordinates>
      </Point>
    </Placemark>
    <Placemark>
      <styleUrl>#dados_com_ensaio</styleUrl>
      <Point>
        <coordinates>17.16364300,-9.61411500,0</coordinates>
      </Point>
    </Placemark>
    <Placemark>
      <styleUrl>#dados_com_ensaio</styleUrl>
      <Point>
        <coordinates>17.16377800,-9.61423600,0</coordinates>
      </Point>
    </Placemark>
    <Placemark>
      <styleUrl>#dados_com_ensaio</styleUrl>
      <Point>
        <coordinates>17.16391400,-9.61435700,0</coordinates>
      </Point>
    </Placemark>
    <Placemark>
      <styleUrl>#dados_com_ensaio</styleUrl>
      <Point>
        <coordinates>17.16404400,-9.61448400,0</coordinates>
      </Point>
    </Placemark>
    <Placemark>
      <styleUrl>#dados_com_ensaio</styleUrl>
      <Point>
        <coordinates>17.16416900,-9.61461500,0</coordinates>
      </Point>
    </Placemark>
    <Placemark>
      <styleUrl>#dados_com_ensaio</styleUrl>
      <Point>
        <coordinates>17.16429100,-9.61474900,0</coordinates>
      </Point>
    </Placemark>
    <Placemark>
      <styleUrl>#dados_com_ensaio</styleUrl>
      <Point>
        <coordinates>17.16440800,-9.61488800,0</coordinates>
      </Point>
    </Placemark>
    <Placemark>
      <styleUrl>#dados_com_ensaio</styleUrl>
      <Point>
        <coordinates>17.16452100,-9.61502900,0</coordinates>
      </Point>
    </Placemark>
    <Placemark>
      <styleUrl>#dados_com_ensaio</styleUrl>
      <Point>
        <coordinates>17.16462900,-9.61517400,0</coordinates>
      </Point>
    </Placemark>
    <Placemark>
      <styleUrl>#dados_com_ensaio</styleUrl>
      <Point>
        <coordinates>17.16473000,-9.61532500,0</coordinates>
      </Point>
    </Placemark>
    <Placemark>
      <styleUrl>#dados_com_ensaio</styleUrl>
      <Point>
        <coordinates>17.16483100,-9.61547600,0</coordinates>
      </Point>
    </Placemark>
    <Placemark>
      <styleUrl>#dados_com_ensaio</styleUrl>
      <Point>
        <coordinates>17.16492600,-9.61562900,0</coordinates>
      </Point>
    </Placemark>
    <Placemark>
      <styleUrl>#dados_com_ensaio</styleUrl>
      <Point>
        <coordinates>17.16501500,-9.61578700,0</coordinates>
      </Point>
    </Placemark>
    <Placemark>
      <styleUrl>#dados_com_ensaio</styleUrl>
      <Point>
        <coordinates>17.16509800,-9.61594800,0</coordinates>
      </Point>
    </Placemark>
    <Placemark>
      <styleUrl>#dados_com_ensaio</styleUrl>
      <Point>
        <coordinates>17.16518100,-9.61610900,0</coordinates>
      </Point>
    </Placemark>
    <Placemark>
      <styleUrl>#dados_com_ensaio</styleUrl>
      <Point>
        <coordinates>17.16526500,-9.61627000,0</coordinates>
      </Point>
    </Placemark>
    <Placemark>
      <styleUrl>#dados_com_ensaio</styleUrl>
      <Point>
        <coordinates>17.16535200,-9.61642800,0</coordinates>
      </Point>
    </Placemark>
    <Placemark>
      <styleUrl>#dados_com_ensaio</styleUrl>
      <Point>
        <coordinates>17.16544200,-9.61658600,0</coordinates>
      </Point>
    </Placemark>
    <Placemark>
      <styleUrl>#dados_com_ensaio</styleUrl>
      <Point>
        <coordinates>17.16553300,-9.61674200,0</coordinates>
      </Point>
    </Placemark>
    <Placemark>
      <styleUrl>#dados_com_ensaio</styleUrl>
      <Point>
        <coordinates>17.16562800,-9.61689600,0</coordinates>
      </Point>
    </Placemark>
    <Placemark>
      <styleUrl>#dados_com_ensaio</styleUrl>
      <Point>
        <coordinates>17.16572400,-9.61705000,0</coordinates>
      </Point>
    </Placemark>
    <Placemark>
      <styleUrl>#dados_com_ensaio</styleUrl>
      <Point>
        <coordinates>17.16582200,-9.61720200,0</coordinates>
      </Point>
    </Placemark>
    <Placemark>
      <styleUrl>#dados_com_ensaio</styleUrl>
      <Point>
        <coordinates>17.16592300,-9.61735200,0</coordinates>
      </Point>
    </Placemark>
    <Placemark>
      <styleUrl>#dados_com_ensaio</styleUrl>
      <Point>
        <coordinates>17.16602800,-9.61750100,0</coordinates>
      </Point>
    </Placemark>
    <Placemark>
      <styleUrl>#dados_com_ensaio</styleUrl>
      <Point>
        <coordinates>17.16613500,-9.61764700,0</coordinates>
      </Point>
    </Placemark>
    <Placemark>
      <styleUrl>#dados_com_ensaio</styleUrl>
      <Point>
        <coordinates>17.16624100,-9.61779300,0</coordinates>
      </Point>
    </Placemark>
    <Placemark>
      <styleUrl>#dados_com_ensaio</styleUrl>
      <Point>
        <coordinates>17.16634900,-9.61793900,0</coordinates>
      </Point>
    </Placemark>
    <Placemark>
      <styleUrl>#dados_com_ensaio</styleUrl>
      <Point>
        <coordinates>17.16646300,-9.61808000,0</coordinates>
      </Point>
    </Placemark>
    <Placemark>
      <styleUrl>#dados_com_ensaio</styleUrl>
      <Point>
        <coordinates>17.16657600,-9.61822200,0</coordinates>
      </Point>
    </Placemark>
    <Placemark>
      <styleUrl>#dados_com_ensaio</styleUrl>
      <Point>
        <coordinates>17.16669000,-9.61836300,0</coordinates>
      </Point>
    </Placemark>
    <Placemark>
      <styleUrl>#dados_com_ensaio</styleUrl>
      <Point>
        <coordinates>17.16680400,-9.61850400,0</coordinates>
      </Point>
    </Placemark>
    <Placemark>
      <styleUrl>#dados_com_ensaio</styleUrl>
      <Point>
        <coordinates>17.16691900,-9.61864400,0</coordinates>
      </Point>
    </Placemark>
    <Placemark>
      <styleUrl>#dados_com_ensaio</styleUrl>
      <Point>
        <coordinates>17.16703400,-9.61878500,0</coordinates>
      </Point>
    </Placemark>
    <Placemark>
      <styleUrl>#dados_com_ensaio</styleUrl>
      <Point>
        <coordinates>17.16714900,-9.61892500,0</coordinates>
      </Point>
    </Placemark>
    <Placemark>
      <styleUrl>#dados_com_ensaio</styleUrl>
      <Point>
        <coordinates>17.16726400,-9.61906500,0</coordinates>
      </Point>
    </Placemark>
    <Placemark>
      <styleUrl>#dados_com_ensaio</styleUrl>
      <Point>
        <coordinates>17.16737900,-9.61920500,0</coordinates>
      </Point>
    </Placemark>
    <Placemark>
      <styleUrl>#dados_com_ensaio</styleUrl>
      <Point>
        <coordinates>17.16749500,-9.61934400,0</coordinates>
      </Point>
    </Placemark>
    <Placemark>
      <styleUrl>#dados_com_ensaio</styleUrl>
      <Point>
        <coordinates>17.16761100,-9.61948300,0</coordinates>
      </Point>
    </Placemark>
    <Placemark>
      <styleUrl>#dados_com_ensaio</styleUrl>
      <Point>
        <coordinates>17.16772700,-9.61962300,0</coordinates>
      </Point>
    </Placemark>
    <Placemark>
      <styleUrl>#dados_com_ensaio</styleUrl>
      <Point>
        <coordinates>17.16784400,-9.61976200,0</coordinates>
      </Point>
    </Placemark>
    <Placemark>
      <styleUrl>#dados_com_ensaio</styleUrl>
      <Point>
        <coordinates>17.16796100,-9.61990000,0</coordinates>
      </Point>
    </Placemark>
    <Placemark>
      <styleUrl>#dados_com_ensaio</styleUrl>
      <Point>
        <coordinates>17.16807800,-9.62003900,0</coordinates>
      </Point>
    </Placemark>
    <Placemark>
      <styleUrl>#dados_com_ensaio</styleUrl>
      <Point>
        <coordinates>17.16819700,-9.62017500,0</coordinates>
      </Point>
    </Placemark>
    <Placemark>
      <styleUrl>#dados_com_ensaio</styleUrl>
      <Point>
        <coordinates>17.16831700,-9.62031200,0</coordinates>
      </Point>
    </Placemark>
    <Placemark>
      <styleUrl>#dados_com_ensaio</styleUrl>
      <Point>
        <coordinates>17.16843700,-9.62044800,0</coordinates>
      </Point>
    </Placemark>
    <Placemark>
      <styleUrl>#dados_com_ensaio</styleUrl>
      <Point>
        <coordinates>17.16856000,-9.62058100,0</coordinates>
      </Point>
    </Placemark>
    <Placemark>
      <styleUrl>#dados_com_ensaio</styleUrl>
      <Point>
        <coordinates>17.16868300,-9.62071400,0</coordinates>
      </Point>
    </Placemark>
    <Placemark>
      <styleUrl>#dados_com_ensaio</styleUrl>
      <Point>
        <coordinates>17.16880600,-9.62084700,0</coordinates>
      </Point>
    </Placemark>
    <Placemark>
      <styleUrl>#dados_com_ensaio</styleUrl>
      <Point>
        <coordinates>17.16893200,-9.62097800,0</coordinates>
      </Point>
    </Placemark>
    <Placemark>
      <styleUrl>#dados_com_ensaio</styleUrl>
      <Point>
        <coordinates>17.16905700,-9.62110900,0</coordinates>
      </Point>
    </Placemark>
    <Placemark>
      <styleUrl>#dados_com_ensaio</styleUrl>
      <Point>
        <coordinates>17.16918300,-9.62124000,0</coordinates>
      </Point>
    </Placemark>
    <Placemark>
      <styleUrl>#dados_com_ensaio</styleUrl>
      <Point>
        <coordinates>17.16931200,-9.62136800,0</coordinates>
      </Point>
    </Placemark>
    <Placemark>
      <styleUrl>#dados_com_ensaio</styleUrl>
      <Point>
        <coordinates>17.16944100,-9.62149500,0</coordinates>
      </Point>
    </Placemark>
    <Placemark>
      <styleUrl>#dados_com_ensaio</styleUrl>
      <Point>
        <coordinates>17.16957100,-9.62162200,0</coordinates>
      </Point>
    </Placemark>
    <Placemark>
      <styleUrl>#dados_com_ensaio</styleUrl>
      <Point>
        <coordinates>17.16970100,-9.62174900,0</coordinates>
      </Point>
    </Placemark>
    <Placemark>
      <styleUrl>#dados_com_ensaio</styleUrl>
      <Point>
        <coordinates>17.16983000,-9.62187600,0</coordinates>
      </Point>
    </Placemark>
    <Placemark>
      <styleUrl>#dados_com_ensaio</styleUrl>
      <Point>
        <coordinates>17.16995900,-9.62200400,0</coordinates>
      </Point>
    </Placemark>
    <Placemark>
      <styleUrl>#dados_com_ensaio</styleUrl>
      <Point>
        <coordinates>17.17008700,-9.62213200,0</coordinates>
      </Point>
    </Placemark>
    <Placemark>
      <styleUrl>#dados_com_ensaio</styleUrl>
      <Point>
        <coordinates>17.17021600,-9.62226000,0</coordinates>
      </Point>
    </Placemark>
    <Placemark>
      <styleUrl>#dados_com_ensaio</styleUrl>
      <Point>
        <coordinates>17.17034400,-9.62238900,0</coordinates>
      </Point>
    </Placemark>
    <Placemark>
      <styleUrl>#dados_com_ensaio</styleUrl>
      <Point>
        <coordinates>17.17047200,-9.62251700,0</coordinates>
      </Point>
    </Placemark>
    <Placemark>
      <styleUrl>#dados_com_ensaio</styleUrl>
      <Point>
        <coordinates>17.17060100,-9.62264500,0</coordinates>
      </Point>
    </Placemark>
    <Placemark>
      <styleUrl>#dados_com_ensaio</styleUrl>
      <Point>
        <coordinates>17.17073000,-9.62277300,0</coordinates>
      </Point>
    </Placemark>
    <Placemark>
      <styleUrl>#dados_com_ensaio</styleUrl>
      <Point>
        <coordinates>17.17085800,-9.62290100,0</coordinates>
      </Point>
    </Placemark>
    <Placemark>
      <styleUrl>#dados_com_ensaio</styleUrl>
      <Point>
        <coordinates>17.17098700,-9.62302900,0</coordinates>
      </Point>
    </Placemark>
    <Placemark>
      <styleUrl>#dados_com_ensaio</styleUrl>
      <Point>
        <coordinates>17.17111600,-9.62315600,0</coordinates>
      </Point>
    </Placemark>
    <Placemark>
      <styleUrl>#dados_com_ensaio</styleUrl>
      <Point>
        <coordinates>17.17124700,-9.62328200,0</coordinates>
      </Point>
    </Placemark>
    <Placemark>
      <styleUrl>#dados_com_ensaio</styleUrl>
      <Point>
        <coordinates>17.17137700,-9.62340900,0</coordinates>
      </Point>
    </Placemark>
    <Placemark>
      <styleUrl>#dados_com_ensaio</styleUrl>
      <Point>
        <coordinates>17.17150700,-9.62353500,0</coordinates>
      </Point>
    </Placemark>
    <Placemark>
      <styleUrl>#dados_com_ensaio</styleUrl>
      <Point>
        <coordinates>17.17163800,-9.62366100,0</coordinates>
      </Point>
    </Placemark>
    <Placemark>
      <styleUrl>#dados_com_ensaio</styleUrl>
      <Point>
        <coordinates>17.17176800,-9.62378800,0</coordinates>
      </Point>
    </Placemark>
    <Placemark>
      <styleUrl>#dados_com_ensaio</styleUrl>
      <Point>
        <coordinates>17.17189800,-9.62391400,0</coordinates>
      </Point>
    </Placemark>
    <Placemark>
      <styleUrl>#dados_com_ensaio</styleUrl>
      <Point>
        <coordinates>17.17202900,-9.62404000,0</coordinates>
      </Point>
    </Placemark>
    <Placemark>
      <styleUrl>#dados_com_ensaio</styleUrl>
      <Point>
        <coordinates>17.17215900,-9.62416600,0</coordinates>
      </Point>
    </Placemark>
    <Placemark>
      <styleUrl>#dados_com_ensaio</styleUrl>
      <Point>
        <coordinates>17.17228900,-9.62429300,0</coordinates>
      </Point>
    </Placemark>
    <Placemark>
      <styleUrl>#dados_com_ensaio</styleUrl>
      <Point>
        <coordinates>17.17241900,-9.62441900,0</coordinates>
      </Point>
    </Placemark>
    <Placemark>
      <styleUrl>#dados_com_ensaio</styleUrl>
      <Point>
        <coordinates>17.17255000,-9.62454500,0</coordinates>
      </Point>
    </Placemark>
    <Placemark>
      <styleUrl>#dados_com_ensaio</styleUrl>
      <Point>
        <coordinates>17.17268100,-9.62467100,0</coordinates>
      </Point>
    </Placemark>
    <Placemark>
      <styleUrl>#dados_com_ensaio</styleUrl>
      <Point>
        <coordinates>17.17281300,-9.62479500,0</coordinates>
      </Point>
    </Placemark>
    <Placemark>
      <styleUrl>#dados_com_ensaio</styleUrl>
      <Point>
        <coordinates>17.17294600,-9.62491900,0</coordinates>
      </Point>
    </Placemark>
    <Placemark>
      <styleUrl>#dados_com_ensaio</styleUrl>
      <Point>
        <coordinates>17.17307800,-9.62504300,0</coordinates>
      </Point>
    </Placemark>
    <Placemark>
      <styleUrl>#dados_com_ensaio</styleUrl>
      <Point>
        <coordinates>17.17321400,-9.62516400,0</coordinates>
      </Point>
    </Placemark>
    <Placemark>
      <styleUrl>#dados_com_ensaio</styleUrl>
      <Point>
        <coordinates>17.17335100,-9.62528300,0</coordinates>
      </Point>
    </Placemark>
    <Placemark>
      <styleUrl>#dados_com_ensaio</styleUrl>
      <Point>
        <coordinates>17.17348700,-9.62540300,0</coordinates>
      </Point>
    </Placemark>
    <Placemark>
      <styleUrl>#dados_com_ensaio</styleUrl>
      <Point>
        <coordinates>17.17362400,-9.62552300,0</coordinates>
      </Point>
    </Placemark>
    <Placemark>
      <styleUrl>#dados_com_ensaio</styleUrl>
      <Point>
        <coordinates>17.17376000,-9.62564200,0</coordinates>
      </Point>
    </Placemark>
    <Placemark>
      <styleUrl>#dados_com_ensaio</styleUrl>
      <Point>
        <coordinates>17.17389700,-9.62576200,0</coordinates>
      </Point>
    </Placemark>
    <Placemark>
      <styleUrl>#dados_com_ensaio</styleUrl>
      <Point>
        <coordinates>17.17403300,-9.62588200,0</coordinates>
      </Point>
    </Placemark>
    <Placemark>
      <styleUrl>#dados_com_ensaio</styleUrl>
      <Point>
        <coordinates>17.17416800,-9.62600300,0</coordinates>
      </Point>
    </Placemark>
    <Placemark>
      <styleUrl>#dados_com_ensaio</styleUrl>
      <Point>
        <coordinates>17.17430400,-9.62612400,0</coordinates>
      </Point>
    </Placemark>
    <Placemark>
      <styleUrl>#dados_com_ensaio</styleUrl>
      <Point>
        <coordinates>17.17443900,-9.62624500,0</coordinates>
      </Point>
    </Placemark>
    <Placemark>
      <styleUrl>#dados_com_ensaio</styleUrl>
      <Point>
        <coordinates>17.17457400,-9.62636600,0</coordinates>
      </Point>
    </Placemark>
    <Placemark>
      <styleUrl>#dados_com_ensaio</styleUrl>
      <Point>
        <coordinates>17.17470900,-9.62648800,0</coordinates>
      </Point>
    </Placemark>
    <Placemark>
      <styleUrl>#dados_com_ensaio</styleUrl>
      <Point>
        <coordinates>17.17484400,-9.62660900,0</coordinates>
      </Point>
    </Placemark>
    <Placemark>
      <styleUrl>#dados_com_ensaio</styleUrl>
      <Point>
        <coordinates>17.17497900,-9.62673000,0</coordinates>
      </Point>
    </Placemark>
    <Placemark>
      <styleUrl>#dados_com_ensaio</styleUrl>
      <Point>
        <coordinates>17.17511400,-9.62685100,0</coordinates>
      </Point>
    </Placemark>
    <Placemark>
      <styleUrl>#dados_com_ensaio</styleUrl>
      <Point>
        <coordinates>17.17525000,-9.62697200,0</coordinates>
      </Point>
    </Placemark>
    <Placemark>
      <styleUrl>#dados_com_ensaio</styleUrl>
      <Point>
        <coordinates>17.17538500,-9.62709400,0</coordinates>
      </Point>
    </Placemark>
    <Placemark>
      <styleUrl>#dados_com_ensaio</styleUrl>
      <Point>
        <coordinates>17.17552000,-9.62721500,0</coordinates>
      </Point>
    </Placemark>
    <Placemark>
      <styleUrl>#dados_com_ensaio</styleUrl>
      <Point>
        <coordinates>17.17565500,-9.62733600,0</coordinates>
      </Point>
    </Placemark>
    <Placemark>
      <styleUrl>#dados_com_ensaio</styleUrl>
      <Point>
        <coordinates>17.17578800,-9.62746000,0</coordinates>
      </Point>
    </Placemark>
    <Placemark>
      <styleUrl>#dados_com_ensaio</styleUrl>
      <Point>
        <coordinates>17.17592000,-9.62758500,0</coordinates>
      </Point>
    </Placemark>
    <Placemark>
      <styleUrl>#dados_com_ensaio</styleUrl>
      <Point>
        <coordinates>17.17605100,-9.62770900,0</coordinates>
      </Point>
    </Placemark>
    <Placemark>
      <styleUrl>#dados_com_ensaio</styleUrl>
      <Point>
        <coordinates>17.17618200,-9.62783500,0</coordinates>
      </Point>
    </Placemark>
    <Placemark>
      <styleUrl>#dados_com_ensaio</styleUrl>
      <Point>
        <coordinates>17.17631200,-9.62796200,0</coordinates>
      </Point>
    </Placemark>
    <Placemark>
      <styleUrl>#dados_com_ensaio</styleUrl>
      <Point>
        <coordinates>17.17644200,-9.62808900,0</coordinates>
      </Point>
    </Placemark>
    <Placemark>
      <styleUrl>#dados_com_ensaio</styleUrl>
      <Point>
        <coordinates>17.17657200,-9.62821500,0</coordinates>
      </Point>
    </Placemark>
    <Placemark>
      <styleUrl>#dados_com_ensaio</styleUrl>
      <Point>
        <coordinates>17.17670300,-9.62834100,0</coordinates>
      </Point>
    </Placemark>
    <Placemark>
      <styleUrl>#dados_com_ensaio</styleUrl>
      <Point>
        <coordinates>17.17683300,-9.62846800,0</coordinates>
      </Point>
    </Placemark>
    <Placemark>
      <styleUrl>#dados_com_ensaio</styleUrl>
      <Point>
        <coordinates>17.17696300,-9.62859400,0</coordinates>
      </Point>
    </Placemark>
    <Placemark>
      <styleUrl>#dados_com_ensaio</styleUrl>
      <Point>
        <coordinates>17.17709300,-9.62872000,0</coordinates>
      </Point>
    </Placemark>
    <Placemark>
      <styleUrl>#dados_com_ensaio</styleUrl>
      <Point>
        <coordinates>17.17722300,-9.62884700,0</coordinates>
      </Point>
    </Placemark>
    <Placemark>
      <styleUrl>#dados_com_ensaio</styleUrl>
      <Point>
        <coordinates>17.17735400,-9.62897300,0</coordinates>
      </Point>
    </Placemark>
    <Placemark>
      <styleUrl>#dados_com_ensaio</styleUrl>
      <Point>
        <coordinates>17.17748400,-9.62910000,0</coordinates>
      </Point>
    </Placemark>
    <Placemark>
      <styleUrl>#dados_com_ensaio</styleUrl>
      <Point>
        <coordinates>17.17761400,-9.62922600,0</coordinates>
      </Point>
    </Placemark>
    <Placemark>
      <styleUrl>#dados_com_ensaio</styleUrl>
      <Point>
        <coordinates>17.17774400,-9.62935300,0</coordinates>
      </Point>
    </Placemark>
    <Placemark>
      <styleUrl>#dados_com_ensaio</styleUrl>
      <Point>
        <coordinates>17.17787400,-9.62948000,0</coordinates>
      </Point>
    </Placemark>
    <Placemark>
      <styleUrl>#dados_com_ensaio</styleUrl>
      <Point>
        <coordinates>17.17800400,-9.62960600,0</coordinates>
      </Point>
    </Placemark>
    <Placemark>
      <styleUrl>#dados_com_ensaio</styleUrl>
      <Point>
        <coordinates>17.17813300,-9.62973300,0</coordinates>
      </Point>
    </Placemark>
    <Placemark>
      <styleUrl>#dados_com_ensaio</styleUrl>
      <Point>
        <coordinates>17.17826300,-9.62986000,0</coordinates>
      </Point>
    </Placemark>
    <Placemark>
      <styleUrl>#dados_com_ensaio</styleUrl>
      <Point>
        <coordinates>17.17839400,-9.62998600,0</coordinates>
      </Point>
    </Placemark>
    <Placemark>
      <styleUrl>#dados_com_ensaio</styleUrl>
      <Point>
        <coordinates>17.17852400,-9.63011200,0</coordinates>
      </Point>
    </Placemark>
    <Placemark>
      <styleUrl>#dados_com_ensaio</styleUrl>
      <Point>
        <coordinates>17.17865500,-9.63023800,0</coordinates>
      </Point>
    </Placemark>
    <Placemark>
      <styleUrl>#dados_com_ensaio</styleUrl>
      <Point>
        <coordinates>17.17878600,-9.63036400,0</coordinates>
      </Point>
    </Placemark>
    <Placemark>
      <styleUrl>#dados_com_ensaio</styleUrl>
      <Point>
        <coordinates>17.17891600,-9.63049000,0</coordinates>
      </Point>
    </Placemark>
    <Placemark>
      <styleUrl>#dados_com_ensaio</styleUrl>
      <Point>
        <coordinates>17.17904700,-9.63061700,0</coordinates>
      </Point>
    </Placemark>
    <Placemark>
      <styleUrl>#dados_com_ensaio</styleUrl>
      <Point>
        <coordinates>17.17917700,-9.63074300,0</coordinates>
      </Point>
    </Placemark>
    <Placemark>
      <styleUrl>#dados_com_ensaio</styleUrl>
      <Point>
        <coordinates>17.17930700,-9.63087000,0</coordinates>
      </Point>
    </Placemark>
    <Placemark>
      <styleUrl>#dados_com_ensaio</styleUrl>
      <Point>
        <coordinates>17.17943700,-9.63099600,0</coordinates>
      </Point>
    </Placemark>
    <Placemark>
      <styleUrl>#dados_com_ensaio</styleUrl>
      <Point>
        <coordinates>17.17956700,-9.63112300,0</coordinates>
      </Point>
    </Placemark>
    <Placemark>
      <styleUrl>#dados_com_ensaio</styleUrl>
      <Point>
        <coordinates>17.17970100,-9.63124500,0</coordinates>
      </Point>
    </Placemark>
    <Placemark>
      <styleUrl>#dados_com_ensaio</styleUrl>
      <Point>
        <coordinates>17.17983500,-9.63136700,0</coordinates>
      </Point>
    </Placemark>
    <Placemark>
      <styleUrl>#dados_com_ensaio</styleUrl>
      <Point>
        <coordinates>17.17997000,-9.63148900,0</coordinates>
      </Point>
    </Placemark>
    <Placemark>
      <styleUrl>#dados_com_ensaio</styleUrl>
      <Point>
        <coordinates>17.18010400,-9.63161100,0</coordinates>
      </Point>
    </Placemark>
    <Placemark>
      <styleUrl>#dados_com_ensaio</styleUrl>
      <Point>
        <coordinates>17.18024000,-9.63173100,0</coordinates>
      </Point>
    </Placemark>
    <Placemark>
      <styleUrl>#dados_com_ensaio</styleUrl>
      <Point>
        <coordinates>17.18037800,-9.63184900,0</coordinates>
      </Point>
    </Placemark>
    <Placemark>
      <styleUrl>#dados_com_ensaio</styleUrl>
      <Point>
        <coordinates>17.18051700,-9.63196700,0</coordinates>
      </Point>
    </Placemark>
    <Placemark>
      <styleUrl>#dados_com_ensaio</styleUrl>
      <Point>
        <coordinates>17.18065500,-9.63208400,0</coordinates>
      </Point>
    </Placemark>
    <Placemark>
      <styleUrl>#dados_com_ensaio</styleUrl>
      <Point>
        <coordinates>17.18079400,-9.63220100,0</coordinates>
      </Point>
    </Placemark>
    <Placemark>
      <styleUrl>#dados_com_ensaio</styleUrl>
      <Point>
        <coordinates>17.18093300,-9.63231800,0</coordinates>
      </Point>
    </Placemark>
    <Placemark>
      <styleUrl>#dados_com_ensaio</styleUrl>
      <Point>
        <coordinates>17.18107200,-9.63243500,0</coordinates>
      </Point>
    </Placemark>
    <Placemark>
      <styleUrl>#dados_com_ensaio</styleUrl>
      <Point>
        <coordinates>17.18121200,-9.63255000,0</coordinates>
      </Point>
    </Placemark>
    <Placemark>
      <styleUrl>#dados_com_ensaio</styleUrl>
      <Point>
        <coordinates>17.18135300,-9.63266500,0</coordinates>
      </Point>
    </Placemark>
    <Placemark>
      <styleUrl>#dados_com_ensaio</styleUrl>
      <Point>
        <coordinates>17.18149300,-9.63278000,0</coordinates>
      </Point>
    </Placemark>
    <Placemark>
      <styleUrl>#dados_com_ensaio</styleUrl>
      <Point>
        <coordinates>17.18163300,-9.63289700,0</coordinates>
      </Point>
    </Placemark>
    <Placemark>
      <styleUrl>#dados_com_ensaio</styleUrl>
      <Point>
        <coordinates>17.18177200,-9.63301300,0</coordinates>
      </Point>
    </Placemark>
    <Placemark>
      <styleUrl>#dados_com_ensaio</styleUrl>
      <Point>
        <coordinates>17.18191100,-9.63313000,0</coordinates>
      </Point>
    </Placemark>
    <Placemark>
      <styleUrl>#dados_com_ensaio</styleUrl>
      <Point>
        <coordinates>17.18205400,-9.63324200,0</coordinates>
      </Point>
    </Placemark>
    <Placemark>
      <styleUrl>#dados_com_ensaio</styleUrl>
      <Point>
        <coordinates>17.18219700,-9.63335400,0</coordinates>
      </Point>
    </Placemark>
    <Placemark>
      <styleUrl>#dados_com_ensaio</styleUrl>
      <Point>
        <coordinates>17.18234500,-9.63345900,0</coordinates>
      </Point>
    </Placemark>
    <Placemark>
      <styleUrl>#dados_com_ensaio</styleUrl>
      <Point>
        <coordinates>17.18249600,-9.63356100,0</coordinates>
      </Point>
    </Placemark>
    <Placemark>
      <styleUrl>#dados_com_ensaio</styleUrl>
      <Point>
        <coordinates>17.18265000,-9.63365600,0</coordinates>
      </Point>
    </Placemark>
    <Placemark>
      <styleUrl>#dados_com_ensaio</styleUrl>
      <Point>
        <coordinates>17.18280800,-9.63374700,0</coordinates>
      </Point>
    </Placemark>
    <Placemark>
      <styleUrl>#dados_com_ensaio</styleUrl>
      <Point>
        <coordinates>17.18297100,-9.63382800,0</coordinates>
      </Point>
    </Placemark>
    <Placemark>
      <styleUrl>#dados_com_ensaio</styleUrl>
      <Point>
        <coordinates>17.18313500,-9.63390500,0</coordinates>
      </Point>
    </Placemark>
    <Placemark>
      <styleUrl>#dados_com_ensaio</styleUrl>
      <Point>
        <coordinates>17.18330300,-9.63397600,0</coordinates>
      </Point>
    </Placemark>
    <Placemark>
      <styleUrl>#dados_com_ensaio</styleUrl>
      <Point>
        <coordinates>17.18347300,-9.63404000,0</coordinates>
      </Point>
    </Placemark>
    <Placemark>
      <styleUrl>#dados_com_ensaio</styleUrl>
      <Point>
        <coordinates>17.18364600,-9.63409500,0</coordinates>
      </Point>
    </Placemark>
    <Placemark>
      <styleUrl>#dados_com_ensaio</styleUrl>
      <Point>
        <coordinates>17.18382200,-9.63414400,0</coordinates>
      </Point>
    </Placemark>
    <Placemark>
      <styleUrl>#dados_com_ensaio</styleUrl>
      <Point>
        <coordinates>17.18399900,-9.63418700,0</coordinates>
      </Point>
    </Placemark>
    <Placemark>
      <styleUrl>#dados_com_ensaio</styleUrl>
      <Point>
        <coordinates>17.18417700,-9.63422100,0</coordinates>
      </Point>
    </Placemark>
    <Placemark>
      <styleUrl>#dados_com_ensaio</styleUrl>
      <Point>
        <coordinates>17.18435700,-9.63424900,0</coordinates>
      </Point>
    </Placemark>
    <Placemark>
      <styleUrl>#dados_com_ensaio</styleUrl>
      <Point>
        <coordinates>17.18453800,-9.63427100,0</coordinates>
      </Point>
    </Placemark>
    <Placemark>
      <styleUrl>#dados_com_ensaio</styleUrl>
      <Point>
        <coordinates>17.18472000,-9.63428400,0</coordinates>
      </Point>
    </Placemark>
    <Placemark>
      <styleUrl>#dados_com_ensaio</styleUrl>
      <Point>
        <coordinates>17.18490200,-9.63428900,0</coordinates>
      </Point>
    </Placemark>
    <Placemark>
      <styleUrl>#dados_com_ensaio</styleUrl>
      <Point>
        <coordinates>17.18508400,-9.63428700,0</coordinates>
      </Point>
    </Placemark>
    <Placemark>
      <styleUrl>#dados_com_ensaio</styleUrl>
      <Point>
        <coordinates>17.18526600,-9.63428300,0</coordinates>
      </Point>
    </Placemark>
    <Placemark>
      <styleUrl>#dados_com_ensaio</styleUrl>
      <Point>
        <coordinates>17.18544800,-9.63427200,0</coordinates>
      </Point>
    </Placemark>
    <Placemark>
      <styleUrl>#dados_com_ensaio</styleUrl>
      <Point>
        <coordinates>17.18563000,-9.63426000,0</coordinates>
      </Point>
    </Placemark>
    <Placemark>
      <styleUrl>#dados_com_ensaio</styleUrl>
      <Point>
        <coordinates>17.18581100,-9.63424700,0</coordinates>
      </Point>
    </Placemark>
    <Placemark>
      <styleUrl>#dados_com_ensaio</styleUrl>
      <Point>
        <coordinates>17.18599300,-9.63423400,0</coordinates>
      </Point>
    </Placemark>
    <Placemark>
      <styleUrl>#dados_com_ensaio</styleUrl>
      <Point>
        <coordinates>17.18617500,-9.63422100,0</coordinates>
      </Point>
    </Placemark>
    <Placemark>
      <styleUrl>#dados_com_ensaio</styleUrl>
      <Point>
        <coordinates>17.18635700,-9.63420900,0</coordinates>
      </Point>
    </Placemark>
    <Placemark>
      <styleUrl>#dados_com_ensaio</styleUrl>
      <Point>
        <coordinates>17.18653800,-9.63419800,0</coordinates>
      </Point>
    </Placemark>
    <Placemark>
      <styleUrl>#dados_com_ensaio</styleUrl>
      <Point>
        <coordinates>17.18672000,-9.63419500,0</coordinates>
      </Point>
    </Placemark>
    <Placemark>
      <styleUrl>#dados_com_ensaio</styleUrl>
      <Point>
        <coordinates>17.18690200,-9.63420800,0</coordinates>
      </Point>
    </Placemark>
    <Placemark>
      <styleUrl>#dados_com_ensaio</styleUrl>
      <Point>
        <coordinates>17.18708000,-9.63424300,0</coordinates>
      </Point>
    </Placemark>
    <Placemark>
      <styleUrl>#dados_com_ensaio</styleUrl>
      <Point>
        <coordinates>17.18725200,-9.63430200,0</coordinates>
      </Point>
    </Placemark>
    <Placemark>
      <styleUrl>#dados_com_ensaio</styleUrl>
      <Point>
        <coordinates>17.18741700,-9.63437900,0</coordinates>
      </Point>
    </Placemark>
    <Placemark>
      <styleUrl>#dados_com_ensaio</styleUrl>
      <Point>
        <coordinates>17.18757000,-9.63447600,0</coordinates>
      </Point>
    </Placemark>
    <Placemark>
      <styleUrl>#dados_com_ensaio</styleUrl>
      <Point>
        <coordinates>17.18771100,-9.63459100,0</coordinates>
      </Point>
    </Placemark>
    <Placemark>
      <styleUrl>#dados_com_ensaio</styleUrl>
      <Point>
        <coordinates>17.18783100,-9.63472700,0</coordinates>
      </Point>
    </Placemark>
    <Placemark>
      <styleUrl>#dados_com_ensaio</styleUrl>
      <Point>
        <coordinates>17.18793800,-9.63487200,0</coordinates>
      </Point>
    </Placemark>
    <Placemark>
      <styleUrl>#dados_com_ensaio</styleUrl>
      <Point>
        <coordinates>17.18802700,-9.63502900,0</coordinates>
      </Point>
    </Placemark>
    <Placemark>
      <styleUrl>#dados_com_ensaio</styleUrl>
      <Point>
        <coordinates>17.18809100,-9.63519800,0</coordinates>
      </Point>
    </Placemark>
    <Placemark>
      <styleUrl>#dados_com_ensaio</styleUrl>
      <Point>
        <coordinates>17.18813600,-9.63537300,0</coordinates>
      </Point>
    </Placemark>
    <Placemark>
      <styleUrl>#dados_com_ensaio</styleUrl>
      <Point>
        <coordinates>17.18816800,-9.63555100,0</coordinates>
      </Point>
    </Placemark>
    <Placemark>
      <styleUrl>#dados_com_ensaio</styleUrl>
      <Point>
        <coordinates>17.18818900,-9.63573100,0</coordinates>
      </Point>
    </Placemark>
    <Placemark>
      <styleUrl>#dados_com_ensaio</styleUrl>
      <Point>
        <coordinates>17.18820900,-9.63591000,0</coordinates>
      </Point>
    </Placemark>
    <Placemark>
      <styleUrl>#dados_com_ensaio</styleUrl>
      <Point>
        <coordinates>17.18822900,-9.63609000,0</coordinates>
      </Point>
    </Placemark>
    <Placemark>
      <styleUrl>#dados_com_ensaio</styleUrl>
      <Point>
        <coordinates>17.18824900,-9.63627000,0</coordinates>
      </Point>
    </Placemark>
    <Placemark>
      <styleUrl>#dados_com_ensaio</styleUrl>
      <Point>
        <coordinates>17.18826800,-9.63644900,0</coordinates>
      </Point>
    </Placemark>
    <Placemark>
      <styleUrl>#dados_com_ensaio</styleUrl>
      <Point>
        <coordinates>17.18829000,-9.63662900,0</coordinates>
      </Point>
    </Placemark>
    <Placemark>
      <styleUrl>#dados_com_ensaio</styleUrl>
      <Point>
        <coordinates>17.18831400,-9.63680800,0</coordinates>
      </Point>
    </Placemark>
    <Placemark>
      <styleUrl>#dados_com_ensaio</styleUrl>
      <Point>
        <coordinates>17.18833800,-9.63698700,0</coordinates>
      </Point>
    </Placemark>
    <Placemark>
      <styleUrl>#dados_com_ensaio</styleUrl>
      <Point>
        <coordinates>17.18835900,-9.63716700,0</coordinates>
      </Point>
    </Placemark>
    <Placemark>
      <styleUrl>#dados_com_ensaio</styleUrl>
      <Point>
        <coordinates>17.18837800,-9.63734700,0</coordinates>
      </Point>
    </Placemark>
    <Placemark>
      <styleUrl>#dados_com_ensaio</styleUrl>
      <Point>
        <coordinates>17.18839700,-9.63752600,0</coordinates>
      </Point>
    </Placemark>
    <Placemark>
      <styleUrl>#dados_com_ensaio</styleUrl>
      <Point>
        <coordinates>17.18841800,-9.63770600,0</coordinates>
      </Point>
    </Placemark>
    <Placemark>
      <styleUrl>#dados_com_ensaio</styleUrl>
      <Point>
        <coordinates>17.18843800,-9.63788500,0</coordinates>
      </Point>
    </Placemark>
    <Placemark>
      <styleUrl>#dados_com_ensaio</styleUrl>
      <Point>
        <coordinates>17.18845900,-9.63806500,0</coordinates>
      </Point>
    </Placemark>
    <Placemark>
      <styleUrl>#dados_com_ensaio</styleUrl>
      <Point>
        <coordinates>17.18848000,-9.63824500,0</coordinates>
      </Point>
    </Placemark>
    <Placemark>
      <styleUrl>#dados_com_ensaio</styleUrl>
      <Point>
        <coordinates>17.18850600,-9.63842400,0</coordinates>
      </Point>
    </Placemark>
    <Placemark>
      <styleUrl>#dados_com_ensaio</styleUrl>
      <Point>
        <coordinates>17.18853500,-9.63860200,0</coordinates>
      </Point>
    </Placemark>
    <Placemark>
      <styleUrl>#dados_com_ensaio</styleUrl>
      <Point>
        <coordinates>17.18856500,-9.63878000,0</coordinates>
      </Point>
    </Placemark>
    <Placemark>
      <styleUrl>#dados_com_ensaio</styleUrl>
      <Point>
        <coordinates>17.18860200,-9.63895700,0</coordinates>
      </Point>
    </Placemark>
    <Placemark>
      <styleUrl>#dados_com_ensaio</styleUrl>
      <Point>
        <coordinates>17.18864100,-9.63913400,0</coordinates>
      </Point>
    </Placemark>
    <Placemark>
      <styleUrl>#dados_com_ensaio</styleUrl>
      <Point>
        <coordinates>17.18868300,-9.63931000,0</coordinates>
      </Point>
    </Placemark>
    <Placemark>
      <styleUrl>#dados_com_ensaio</styleUrl>
      <Point>
        <coordinates>17.18872700,-9.63948500,0</coordinates>
      </Point>
    </Placemark>
    <Placemark>
      <styleUrl>#dados_com_ensaio</styleUrl>
      <Point>
        <coordinates>17.18877900,-9.63965900,0</coordinates>
      </Point>
    </Placemark>
    <Placemark>
      <styleUrl>#dados_com_ensaio</styleUrl>
      <Point>
        <coordinates>17.18883300,-9.63983100,0</coordinates>
      </Point>
    </Placemark>
    <Placemark>
      <styleUrl>#dados_com_ensaio</styleUrl>
      <Point>
        <coordinates>17.18889800,-9.64000000,0</coordinates>
      </Point>
    </Placemark>
    <Placemark>
      <styleUrl>#dados_com_ensaio</styleUrl>
      <Point>
        <coordinates>17.18896900,-9.64016600,0</coordinates>
      </Point>
    </Placemark>
    <Placemark>
      <styleUrl>#dados_com_ensaio</styleUrl>
      <Point>
        <coordinates>17.18905700,-9.64032400,0</coordinates>
      </Point>
    </Placemark>
    <Placemark>
      <styleUrl>#dados_com_ensaio</styleUrl>
      <Point>
        <coordinates>17.18915200,-9.64047900,0</coordinates>
      </Point>
    </Placemark>
    <Placemark>
      <styleUrl>#dados_com_ensaio</styleUrl>
      <Point>
        <coordinates>17.18924900,-9.64063100,0</coordinates>
      </Point>
    </Placemark>
    <Placemark>
      <styleUrl>#dados_com_ensaio</styleUrl>
      <Point>
        <coordinates>17.18935900,-9.64077500,0</coordinates>
      </Point>
    </Placemark>
    <Placemark>
      <styleUrl>#dados_com_ensaio</styleUrl>
      <Point>
        <coordinates>17.18947400,-9.64091500,0</coordinates>
      </Point>
    </Placemark>
    <Placemark>
      <styleUrl>#dados_com_ensaio</styleUrl>
      <Point>
        <coordinates>17.18959500,-9.64105000,0</coordinates>
      </Point>
    </Placemark>
    <Placemark>
      <styleUrl>#dados_com_ensaio</styleUrl>
      <Point>
        <coordinates>17.18972600,-9.64117600,0</coordinates>
      </Point>
    </Placemark>
    <Placemark>
      <styleUrl>#dados_com_ensaio</styleUrl>
      <Point>
        <coordinates>17.18986200,-9.64129600,0</coordinates>
      </Point>
    </Placemark>
    <Placemark>
      <styleUrl>#dados_com_ensaio</styleUrl>
      <Point>
        <coordinates>17.19000500,-9.64140800,0</coordinates>
      </Point>
    </Placemark>
    <Placemark>
      <styleUrl>#dados_com_ensaio</styleUrl>
      <Point>
        <coordinates>17.19015000,-9.64151700,0</coordinates>
      </Point>
    </Placemark>
    <Placemark>
      <styleUrl>#dados_com_ensaio</styleUrl>
      <Point>
        <coordinates>17.19030100,-9.64161900,0</coordinates>
      </Point>
    </Placemark>
    <Placemark>
      <styleUrl>#dados_com_ensaio</styleUrl>
      <Point>
        <coordinates>17.19045400,-9.64171700,0</coordinates>
      </Point>
    </Placemark>
    <Placemark>
      <styleUrl>#dados_com_ensaio</styleUrl>
      <Point>
        <coordinates>17.19060600,-9.64181500,0</coordinates>
      </Point>
    </Placemark>
    <Placemark>
      <styleUrl>#dados_com_ensaio</styleUrl>
      <Point>
        <coordinates>17.19075900,-9.64191400,0</coordinates>
      </Point>
    </Placemark>
    <Placemark>
      <styleUrl>#dados_com_ensaio</styleUrl>
      <Point>
        <coordinates>17.19091200,-9.64201200,0</coordinates>
      </Point>
    </Placemark>
    <Placemark>
      <styleUrl>#dados_com_ensaio</styleUrl>
      <Point>
        <coordinates>17.19106500,-9.64211000,0</coordinates>
      </Point>
    </Placemark>
    <Placemark>
      <styleUrl>#dados_com_ensaio</styleUrl>
      <Point>
        <coordinates>17.19121800,-9.64220900,0</coordinates>
      </Point>
    </Placemark>
    <Placemark>
      <styleUrl>#dados_com_ensaio</styleUrl>
      <Point>
        <coordinates>17.19137000,-9.64230800,0</coordinates>
      </Point>
    </Placemark>
    <Placemark>
      <styleUrl>#dados_com_ensaio</styleUrl>
      <Point>
        <coordinates>17.19152300,-9.64240600,0</coordinates>
      </Point>
    </Placemark>
    <Placemark>
      <styleUrl>#dados_com_ensaio</styleUrl>
      <Point>
        <coordinates>17.19167600,-9.64250500,0</coordinates>
      </Point>
    </Placemark>
    <Placemark>
      <styleUrl>#dados_com_ensaio</styleUrl>
      <Point>
        <coordinates>17.19182800,-9.64260300,0</coordinates>
      </Point>
    </Placemark>
    <Placemark>
      <styleUrl>#dados_com_ensaio</styleUrl>
      <Point>
        <coordinates>17.19198100,-9.64270200,0</coordinates>
      </Point>
    </Placemark>
    <Placemark>
      <styleUrl>#dados_com_ensaio</styleUrl>
      <Point>
        <coordinates>17.19213400,-9.64280000,0</coordinates>
      </Point>
    </Placemark>
    <Placemark>
      <styleUrl>#dados_com_ensaio</styleUrl>
      <Point>
        <coordinates>17.19228700,-9.64289900,0</coordinates>
      </Point>
    </Placemark>
    <Placemark>
      <styleUrl>#dados_com_ensaio</styleUrl>
      <Point>
        <coordinates>17.19243900,-9.64299800,0</coordinates>
      </Point>
    </Placemark>
    <Placemark>
      <styleUrl>#dados_com_ensaio</styleUrl>
      <Point>
        <coordinates>17.19259200,-9.64309600,0</coordinates>
      </Point>
    </Placemark>
    <Placemark>
      <styleUrl>#dados_com_ensaio</styleUrl>
      <Point>
        <coordinates>17.19274500,-9.64319500,0</coordinates>
      </Point>
    </Placemark>
    <Placemark>
      <styleUrl>#dados_com_ensaio</styleUrl>
      <Point>
        <coordinates>17.19289700,-9.64329300,0</coordinates>
      </Point>
    </Placemark>
    <Placemark>
      <styleUrl>#dados_com_ensaio</styleUrl>
      <Point>
        <coordinates>17.19305000,-9.64339200,0</coordinates>
      </Point>
    </Placemark>
    <Placemark>
      <styleUrl>#dados_com_ensaio</styleUrl>
      <Point>
        <coordinates>17.19320300,-9.64349100,0</coordinates>
      </Point>
    </Placemark>
    <Placemark>
      <styleUrl>#dados_com_ensaio</styleUrl>
      <Point>
        <coordinates>17.19335500,-9.64358900,0</coordinates>
      </Point>
    </Placemark>
    <Placemark>
      <styleUrl>#dados_com_ensaio</styleUrl>
      <Point>
        <coordinates>17.19350800,-9.64368800,0</coordinates>
      </Point>
    </Placemark>
    <Placemark>
      <styleUrl>#dados_com_ensaio</styleUrl>
      <Point>
        <coordinates>17.19366100,-9.64378600,0</coordinates>
      </Point>
    </Placemark>
    <Placemark>
      <styleUrl>#dados_com_ensaio</styleUrl>
      <Point>
        <coordinates>17.19381300,-9.64388500,0</coordinates>
      </Point>
    </Placemark>
    <Placemark>
      <styleUrl>#dados_com_ensaio</styleUrl>
      <Point>
        <coordinates>17.19396600,-9.64398300,0</coordinates>
      </Point>
    </Placemark>
    <Placemark>
      <styleUrl>#dados_com_ensaio</styleUrl>
      <Point>
        <coordinates>17.19411900,-9.64408200,0</coordinates>
      </Point>
    </Placemark>
    <Placemark>
      <styleUrl>#dados_com_ensaio</styleUrl>
      <Point>
        <coordinates>17.19427100,-9.64418100,0</coordinates>
      </Point>
    </Placemark>
    <Placemark>
      <styleUrl>#dados_com_ensaio</styleUrl>
      <Point>
        <coordinates>17.19442400,-9.64427900,0</coordinates>
      </Point>
    </Placemark>
    <Placemark>
      <styleUrl>#dados_com_ensaio</styleUrl>
      <Point>
        <coordinates>17.19457700,-9.64437800,0</coordinates>
      </Point>
    </Placemark>
    <Placemark>
      <styleUrl>#dados_com_ensaio</styleUrl>
      <Point>
        <coordinates>17.19473100,-9.64447500,0</coordinates>
      </Point>
    </Placemark>
    <Placemark>
      <styleUrl>#dados_com_ensaio</styleUrl>
      <Point>
        <coordinates>17.19488600,-9.64456900,0</coordinates>
      </Point>
    </Placemark>
    <Placemark>
      <styleUrl>#dados_com_ensaio</styleUrl>
      <Point>
        <coordinates>17.19504500,-9.64465700,0</coordinates>
      </Point>
    </Placemark>
    <Placemark>
      <styleUrl>#dados_com_ensaio</styleUrl>
      <Point>
        <coordinates>17.19521100,-9.64473000,0</coordinates>
      </Point>
    </Placemark>
    <Placemark>
      <styleUrl>#dados_com_ensaio</styleUrl>
      <Point>
        <coordinates>17.19538000,-9.64479900,0</coordinates>
      </Point>
    </Placemark>
    <Placemark>
      <styleUrl>#dados_com_ensaio</styleUrl>
      <Point>
        <coordinates>17.19554900,-9.64486500,0</coordinates>
      </Point>
    </Placemark>
    <Placemark>
      <styleUrl>#dados_com_ensaio</styleUrl>
      <Point>
        <coordinates>17.19572400,-9.64491700,0</coordinates>
      </Point>
    </Placemark>
    <Placemark>
      <styleUrl>#dados_com_ensaio</styleUrl>
      <Point>
        <coordinates>17.19590000,-9.64496400,0</coordinates>
      </Point>
    </Placemark>
    <Placemark>
      <styleUrl>#dados_com_ensaio</styleUrl>
      <Point>
        <coordinates>17.19607700,-9.64500600,0</coordinates>
      </Point>
    </Placemark>
    <Placemark>
      <styleUrl>#dados_com_ensaio</styleUrl>
      <Point>
        <coordinates>17.19625600,-9.64504000,0</coordinates>
      </Point>
    </Placemark>
    <Placemark>
      <styleUrl>#dados_com_ensaio</styleUrl>
      <Point>
        <coordinates>17.19643600,-9.64506400,0</coordinates>
      </Point>
    </Placemark>
    <Placemark>
      <styleUrl>#dados_com_ensaio</styleUrl>
      <Point>
        <coordinates>17.19661700,-9.64508400,0</coordinates>
      </Point>
    </Placemark>
    <Placemark>
      <styleUrl>#dados_com_ensaio</styleUrl>
      <Point>
        <coordinates>17.19679800,-9.64510200,0</coordinates>
      </Point>
    </Placemark>
    <Placemark>
      <styleUrl>#dados_com_ensaio</styleUrl>
      <Point>
        <coordinates>17.19698000,-9.64511900,0</coordinates>
      </Point>
    </Placemark>
    <Placemark>
      <styleUrl>#dados_com_ensaio</styleUrl>
      <Point>
        <coordinates>17.19716100,-9.64513500,0</coordinates>
      </Point>
    </Placemark>
    <Placemark>
      <styleUrl>#dados_com_ensaio</styleUrl>
      <Point>
        <coordinates>17.19734300,-9.64515200,0</coordinates>
      </Point>
    </Placemark>
    <Placemark>
      <styleUrl>#dados_com_ensaio</styleUrl>
      <Point>
        <coordinates>17.19752400,-9.64516800,0</coordinates>
      </Point>
    </Placemark>
    <Placemark>
      <styleUrl>#dados_com_ensaio</styleUrl>
      <Point>
        <coordinates>17.19770500,-9.64518500,0</coordinates>
      </Point>
    </Placemark>
    <Placemark>
      <styleUrl>#dados_com_ensaio</styleUrl>
      <Point>
        <coordinates>17.19788700,-9.64520300,0</coordinates>
      </Point>
    </Placemark>
    <Placemark>
      <styleUrl>#dados_com_ensaio</styleUrl>
      <Point>
        <coordinates>17.19806800,-9.64522100,0</coordinates>
      </Point>
    </Placemark>
    <Placemark>
      <styleUrl>#dados_com_ensaio</styleUrl>
      <Point>
        <coordinates>17.19824900,-9.64523900,0</coordinates>
      </Point>
    </Placemark>
    <Placemark>
      <styleUrl>#dados_com_ensaio</styleUrl>
      <Point>
        <coordinates>17.19843000,-9.64525700,0</coordinates>
      </Point>
    </Placemark>
    <Placemark>
      <styleUrl>#dados_com_ensaio</styleUrl>
      <Point>
        <coordinates>17.19861200,-9.64527600,0</coordinates>
      </Point>
    </Placemark>
    <Placemark>
      <styleUrl>#dados_com_ensaio</styleUrl>
      <Point>
        <coordinates>17.19879300,-9.64529400,0</coordinates>
      </Point>
    </Placemark>
    <Placemark>
      <styleUrl>#dados_com_ensaio</styleUrl>
      <Point>
        <coordinates>17.19897400,-9.64531000,0</coordinates>
      </Point>
    </Placemark>
    <Placemark>
      <styleUrl>#dados_com_ensaio</styleUrl>
      <Point>
        <coordinates>17.19915600,-9.64532700,0</coordinates>
      </Point>
    </Placemark>
    <Placemark>
      <styleUrl>#dados_com_ensaio</styleUrl>
      <Point>
        <coordinates>17.19933700,-9.64534300,0</coordinates>
      </Point>
    </Placemark>
    <Placemark>
      <styleUrl>#dados_com_ensaio</styleUrl>
      <Point>
        <coordinates>17.19951900,-9.64535900,0</coordinates>
      </Point>
    </Placemark>
    <Placemark>
      <styleUrl>#dados_com_ensaio</styleUrl>
      <Point>
        <coordinates>17.19970000,-9.64537200,0</coordinates>
      </Point>
    </Placemark>
    <Placemark>
      <styleUrl>#dados_com_ensaio</styleUrl>
      <Point>
        <coordinates>17.19988200,-9.64538600,0</coordinates>
      </Point>
    </Placemark>
    <Placemark>
      <styleUrl>#dados_com_ensaio</styleUrl>
      <Point>
        <coordinates>17.20006300,-9.64540000,0</coordinates>
      </Point>
    </Placemark>
    <Placemark>
      <styleUrl>#dados_com_ensaio</styleUrl>
      <Point>
        <coordinates>17.20024500,-9.64540900,0</coordinates>
      </Point>
    </Placemark>
    <Placemark>
      <styleUrl>#dados_com_ensaio</styleUrl>
      <Point>
        <coordinates>17.20042700,-9.64541800,0</coordinates>
      </Point>
    </Placemark>
    <Placemark>
      <styleUrl>#dados_com_ensaio</styleUrl>
      <Point>
        <coordinates>17.20060900,-9.64542800,0</coordinates>
      </Point>
    </Placemark>
    <Placemark>
      <styleUrl>#dados_com_ensaio</styleUrl>
      <Point>
        <coordinates>17.20079100,-9.64543700,0</coordinates>
      </Point>
    </Placemark>
    <Placemark>
      <styleUrl>#dados_com_ensaio</styleUrl>
      <Point>
        <coordinates>17.20097300,-9.64544600,0</coordinates>
      </Point>
    </Placemark>
    <Placemark>
      <styleUrl>#dados_com_ensaio</styleUrl>
      <Point>
        <coordinates>17.20115500,-9.64545500,0</coordinates>
      </Point>
    </Placemark>
    <Placemark>
      <styleUrl>#dados_com_ensaio</styleUrl>
      <Point>
        <coordinates>17.20133700,-9.64546000,0</coordinates>
      </Point>
    </Placemark>
    <Placemark>
      <styleUrl>#dados_com_ensaio</styleUrl>
      <Point>
        <coordinates>17.20151900,-9.64546500,0</coordinates>
      </Point>
    </Placemark>
    <Placemark>
      <styleUrl>#dados_com_ensaio</styleUrl>
      <Point>
        <coordinates>17.20170100,-9.64546900,0</coordinates>
      </Point>
    </Placemark>
    <Placemark>
      <styleUrl>#dados_com_ensaio</styleUrl>
      <Point>
        <coordinates>17.20188300,-9.64547400,0</coordinates>
      </Point>
    </Placemark>
    <Placemark>
      <styleUrl>#dados_com_ensaio</styleUrl>
      <Point>
        <coordinates>17.20206500,-9.64548000,0</coordinates>
      </Point>
    </Placemark>
    <Placemark>
      <styleUrl>#dados_com_ensaio</styleUrl>
      <Point>
        <coordinates>17.20224800,-9.64548500,0</coordinates>
      </Point>
    </Placemark>
    <Placemark>
      <styleUrl>#dados_com_ensaio</styleUrl>
      <Point>
        <coordinates>17.20243000,-9.64548500,0</coordinates>
      </Point>
    </Placemark>
    <Placemark>
      <styleUrl>#dados_com_ensaio</styleUrl>
      <Point>
        <coordinates>17.20261100,-9.64547300,0</coordinates>
      </Point>
    </Placemark>
    <Placemark>
      <styleUrl>#dados_com_ensaio</styleUrl>
      <Point>
        <coordinates>17.20279300,-9.64546100,0</coordinates>
      </Point>
    </Placemark>
    <Placemark>
      <styleUrl>#dados_com_ensaio</styleUrl>
      <Point>
        <coordinates>17.20296700,-9.64545200,0</coordinates>
      </Point>
    </Placemark>
    <Placemark>
      <styleUrl>#dados_com_ensaio</styleUrl>
      <Point>
        <coordinates>17.20314800,-9.64543600,0</coordinates>
      </Point>
    </Placemark>
    <Placemark>
      <styleUrl>#dados_com_ensaio</styleUrl>
      <Point>
        <coordinates>17.20332900,-9.64542000,0</coordinates>
      </Point>
    </Placemark>
    <Placemark>
      <styleUrl>#dados_com_ensaio</styleUrl>
      <Point>
        <coordinates>17.20351000,-9.64540000,0</coordinates>
      </Point>
    </Placemark>
    <Placemark>
      <styleUrl>#dados_com_ensaio</styleUrl>
      <Point>
        <coordinates>17.20369000,-9.64537000,0</coordinates>
      </Point>
    </Placemark>
    <Placemark>
      <styleUrl>#dados_com_ensaio</styleUrl>
      <Point>
        <coordinates>17.20386900,-9.64533900,0</coordinates>
      </Point>
    </Placemark>
    <Placemark>
      <styleUrl>#dados_com_ensaio</styleUrl>
      <Point>
        <coordinates>17.20404900,-9.64530900,0</coordinates>
      </Point>
    </Placemark>
    <Placemark>
      <styleUrl>#dados_com_ensaio</styleUrl>
      <Point>
        <coordinates>17.20422800,-9.64527600,0</coordinates>
      </Point>
    </Placemark>
    <Placemark>
      <styleUrl>#dados_com_ensaio</styleUrl>
      <Point>
        <coordinates>17.20440700,-9.64524400,0</coordinates>
      </Point>
    </Placemark>
    <Placemark>
      <styleUrl>#dados_com_ensaio</styleUrl>
      <Point>
        <coordinates>17.20458700,-9.64521100,0</coordinates>
      </Point>
    </Placemark>
    <Placemark>
      <styleUrl>#dados_com_ensaio</styleUrl>
      <Point>
        <coordinates>17.20476600,-9.64517900,0</coordinates>
      </Point>
    </Placemark>
    <Placemark>
      <styleUrl>#dados_com_ensaio</styleUrl>
      <Point>
        <coordinates>17.20494600,-9.64515600,0</coordinates>
      </Point>
    </Placemark>
    <Placemark>
      <styleUrl>#dados_com_ensaio</styleUrl>
      <Point>
        <coordinates>17.20512800,-9.64514100,0</coordinates>
      </Point>
    </Placemark>
    <Placemark>
      <styleUrl>#dados_com_ensaio</styleUrl>
      <Point>
        <coordinates>17.20531000,-9.64513400,0</coordinates>
      </Point>
    </Placemark>
    <Placemark>
      <styleUrl>#dados_com_ensaio</styleUrl>
      <Point>
        <coordinates>17.20549200,-9.64514000,0</coordinates>
      </Point>
    </Placemark>
    <Placemark>
      <styleUrl>#dados_com_ensaio</styleUrl>
      <Point>
        <coordinates>17.20567400,-9.64515200,0</coordinates>
      </Point>
    </Placemark>
    <Placemark>
      <styleUrl>#dados_com_ensaio</styleUrl>
      <Point>
        <coordinates>17.20585500,-9.64516800,0</coordinates>
      </Point>
    </Placemark>
    <Placemark>
      <styleUrl>#dados_com_ensaio</styleUrl>
      <Point>
        <coordinates>17.20603600,-9.64518900,0</coordinates>
      </Point>
    </Placemark>
    <Placemark>
      <styleUrl>#dados_com_ensaio</styleUrl>
      <Point>
        <coordinates>17.20621600,-9.64521500,0</coordinates>
      </Point>
    </Placemark>
    <Placemark>
      <styleUrl>#dados_com_ensaio</styleUrl>
      <Point>
        <coordinates>17.20639600,-9.64524500,0</coordinates>
      </Point>
    </Placemark>
    <Placemark>
      <styleUrl>#dados_com_ensaio</styleUrl>
      <Point>
        <coordinates>17.20657600,-9.64526900,0</coordinates>
      </Point>
    </Placemark>
    <Placemark>
      <styleUrl>#dados_com_ensaio</styleUrl>
      <Point>
        <coordinates>17.20675700,-9.64529200,0</coordinates>
      </Point>
    </Placemark>
    <Placemark>
      <styleUrl>#dados_com_ensaio</styleUrl>
      <Point>
        <coordinates>17.20693800,-9.64531600,0</coordinates>
      </Point>
    </Placemark>
    <Placemark>
      <styleUrl>#dados_com_ensaio</styleUrl>
      <Point>
        <coordinates>17.20711800,-9.64533900,0</coordinates>
      </Point>
    </Placemark>
    <Placemark>
      <styleUrl>#dados_com_ensaio</styleUrl>
      <Point>
        <coordinates>17.20729900,-9.64536300,0</coordinates>
      </Point>
    </Placemark>
    <Placemark>
      <styleUrl>#dados_com_ensaio</styleUrl>
      <Point>
        <coordinates>17.20748000,-9.64538500,0</coordinates>
      </Point>
    </Placemark>
    <Placemark>
      <styleUrl>#dados_com_ensaio</styleUrl>
      <Point>
        <coordinates>17.20766000,-9.64540700,0</coordinates>
      </Point>
    </Placemark>
    <Placemark>
      <styleUrl>#dados_com_ensaio</styleUrl>
      <Point>
        <coordinates>17.20784100,-9.64543000,0</coordinates>
      </Point>
    </Placemark>
    <Placemark>
      <styleUrl>#dados_com_ensaio</styleUrl>
      <Point>
        <coordinates>17.20802200,-9.64545200,0</coordinates>
      </Point>
    </Placemark>
    <Placemark>
      <styleUrl>#dados_com_ensaio</styleUrl>
      <Point>
        <coordinates>17.20820300,-9.64546900,0</coordinates>
      </Point>
    </Placemark>
    <Placemark>
      <styleUrl>#dados_com_ensaio</styleUrl>
      <Point>
        <coordinates>17.20838500,-9.64548400,0</coordinates>
      </Point>
    </Placemark>
    <Placemark>
      <styleUrl>#dados_com_ensaio</styleUrl>
      <Point>
        <coordinates>17.20856600,-9.64549900,0</coordinates>
      </Point>
    </Placemark>
    <Placemark>
      <styleUrl>#dados_com_ensaio</styleUrl>
      <Point>
        <coordinates>17.20874800,-9.64551300,0</coordinates>
      </Point>
    </Placemark>
    <Placemark>
      <styleUrl>#dados_com_ensaio</styleUrl>
      <Point>
        <coordinates>17.20892900,-9.64552800,0</coordinates>
      </Point>
    </Placemark>
    <Placemark>
      <styleUrl>#dados_com_ensaio</styleUrl>
      <Point>
        <coordinates>17.20911100,-9.64554200,0</coordinates>
      </Point>
    </Placemark>
    <Placemark>
      <styleUrl>#dados_com_ensaio</styleUrl>
      <Point>
        <coordinates>17.20929300,-9.64555600,0</coordinates>
      </Point>
    </Placemark>
    <Placemark>
      <styleUrl>#dados_com_ensaio</styleUrl>
      <Point>
        <coordinates>17.20947400,-9.64556900,0</coordinates>
      </Point>
    </Placemark>
    <Placemark>
      <styleUrl>#dados_com_ensaio</styleUrl>
      <Point>
        <coordinates>17.20965600,-9.64558300,0</coordinates>
      </Point>
    </Placemark>
    <Placemark>
      <styleUrl>#dados_com_ensaio</styleUrl>
      <Point>
        <coordinates>17.20983800,-9.64559700,0</coordinates>
      </Point>
    </Placemark>
    <Placemark>
      <styleUrl>#dados_com_ensaio</styleUrl>
      <Point>
        <coordinates>17.21001900,-9.64561000,0</coordinates>
      </Point>
    </Placemark>
    <Placemark>
      <styleUrl>#dados_com_ensaio</styleUrl>
      <Point>
        <coordinates>17.21020100,-9.64562600,0</coordinates>
      </Point>
    </Placemark>
    <Placemark>
      <styleUrl>#dados_com_ensaio</styleUrl>
      <Point>
        <coordinates>17.21038200,-9.64564300,0</coordinates>
      </Point>
    </Placemark>
    <Placemark>
      <styleUrl>#dados_com_ensaio</styleUrl>
      <Point>
        <coordinates>17.21056300,-9.64566000,0</coordinates>
      </Point>
    </Placemark>
    <Placemark>
      <styleUrl>#dados_com_ensaio</styleUrl>
      <Point>
        <coordinates>17.21074500,-9.64567700,0</coordinates>
      </Point>
    </Placemark>
    <Placemark>
      <styleUrl>#dados_com_ensaio</styleUrl>
      <Point>
        <coordinates>17.21092600,-9.64569400,0</coordinates>
      </Point>
    </Placemark>
    <Placemark>
      <styleUrl>#dados_com_ensaio</styleUrl>
      <Point>
        <coordinates>17.21110700,-9.64571100,0</coordinates>
      </Point>
    </Placemark>
    <Placemark>
      <styleUrl>#dados_com_ensaio</styleUrl>
      <Point>
        <coordinates>17.21128900,-9.64572800,0</coordinates>
      </Point>
    </Placemark>
    <Placemark>
      <styleUrl>#dados_com_ensaio</styleUrl>
      <Point>
        <coordinates>17.21147000,-9.64574200,0</coordinates>
      </Point>
    </Placemark>
    <Placemark>
      <styleUrl>#dados_com_ensaio</styleUrl>
      <Point>
        <coordinates>17.21165200,-9.64575600,0</coordinates>
      </Point>
    </Placemark>
    <Placemark>
      <styleUrl>#dados_com_ensaio</styleUrl>
      <Point>
        <coordinates>17.21183400,-9.64577000,0</coordinates>
      </Point>
    </Placemark>
    <Placemark>
      <styleUrl>#dados_com_ensaio</styleUrl>
      <Point>
        <coordinates>17.21201500,-9.64578600,0</coordinates>
      </Point>
    </Placemark>
    <Placemark>
      <styleUrl>#dados_com_ensaio</styleUrl>
      <Point>
        <coordinates>17.21219600,-9.64580700,0</coordinates>
      </Point>
    </Placemark>
    <Placemark>
      <styleUrl>#dados_com_ensaio</styleUrl>
      <Point>
        <coordinates>17.21237700,-9.64582800,0</coordinates>
      </Point>
    </Placemark>
    <Placemark>
      <styleUrl>#dados_com_ensaio</styleUrl>
      <Point>
        <coordinates>17.21255600,-9.64585800,0</coordinates>
      </Point>
    </Placemark>
    <Placemark>
      <styleUrl>#dados_com_ensaio</styleUrl>
      <Point>
        <coordinates>17.21273500,-9.64589500,0</coordinates>
      </Point>
    </Placemark>
    <Placemark>
      <styleUrl>#dados_com_ensaio</styleUrl>
      <Point>
        <coordinates>17.21291200,-9.64593700,0</coordinates>
      </Point>
    </Placemark>
    <Placemark>
      <styleUrl>#dados_com_ensaio</styleUrl>
      <Point>
        <coordinates>17.21308800,-9.64598100,0</coordinates>
      </Point>
    </Placemark>
    <Placemark>
      <styleUrl>#dados_com_ensaio</styleUrl>
      <Point>
        <coordinates>17.21326300,-9.64603400,0</coordinates>
      </Point>
    </Placemark>
    <Placemark>
      <styleUrl>#dados_com_ensaio</styleUrl>
      <Point>
        <coordinates>17.21343800,-9.64608500,0</coordinates>
      </Point>
    </Placemark>
    <Placemark>
      <styleUrl>#dados_com_ensaio</styleUrl>
      <Point>
        <coordinates>17.21361300,-9.64613400,0</coordinates>
      </Point>
    </Placemark>
    <Placemark>
      <styleUrl>#dados_com_ensaio</styleUrl>
      <Point>
        <coordinates>17.21378700,-9.64618600,0</coordinates>
      </Point>
    </Placemark>
    <Placemark>
      <styleUrl>#dados_com_ensaio</styleUrl>
      <Point>
        <coordinates>17.21396100,-9.64623900,0</coordinates>
      </Point>
    </Placemark>
    <Placemark>
      <styleUrl>#dados_com_ensaio</styleUrl>
      <Point>
        <coordinates>17.21413500,-9.64629300,0</coordinates>
      </Point>
    </Placemark>
    <Placemark>
      <styleUrl>#dados_com_ensaio</styleUrl>
      <Point>
        <coordinates>17.21430900,-9.64634600,0</coordinates>
      </Point>
    </Placemark>
    <Placemark>
      <styleUrl>#dados_com_ensaio</styleUrl>
      <Point>
        <coordinates>17.21448500,-9.64639600,0</coordinates>
      </Point>
    </Placemark>
    <Placemark>
      <styleUrl>#dados_com_ensaio</styleUrl>
      <Point>
        <coordinates>17.21466000,-9.64644500,0</coordinates>
      </Point>
    </Placemark>
    <Placemark>
      <styleUrl>#dados_com_ensaio</styleUrl>
      <Point>
        <coordinates>17.21483600,-9.64649300,0</coordinates>
      </Point>
    </Placemark>
    <Placemark>
      <styleUrl>#dados_com_ensaio</styleUrl>
      <Point>
        <coordinates>17.21501200,-9.64653700,0</coordinates>
      </Point>
    </Placemark>
    <Placemark>
      <styleUrl>#dados_com_ensaio</styleUrl>
      <Point>
        <coordinates>17.21518900,-9.64658000,0</coordinates>
      </Point>
    </Placemark>
    <Placemark>
      <styleUrl>#dados_com_ensaio</styleUrl>
      <Point>
        <coordinates>17.21536700,-9.64661700,0</coordinates>
      </Point>
    </Placemark>
    <Placemark>
      <styleUrl>#dados_com_ensaio</styleUrl>
      <Point>
        <coordinates>17.21554600,-9.64665100,0</coordinates>
      </Point>
    </Placemark>
    <Placemark>
      <styleUrl>#dados_com_ensaio</styleUrl>
      <Point>
        <coordinates>17.21572700,-9.64667100,0</coordinates>
      </Point>
    </Placemark>
    <Placemark>
      <styleUrl>#dados_com_ensaio</styleUrl>
      <Point>
        <coordinates>17.21590900,-9.64668300,0</coordinates>
      </Point>
    </Placemark>
    <Placemark>
      <styleUrl>#dados_com_ensaio</styleUrl>
      <Point>
        <coordinates>17.21609100,-9.64669100,0</coordinates>
      </Point>
    </Placemark>
    <Placemark>
      <styleUrl>#dados_com_ensaio</styleUrl>
      <Point>
        <coordinates>17.21627300,-9.64670000,0</coordinates>
      </Point>
    </Placemark>
    <Placemark>
      <styleUrl>#dados_com_ensaio</styleUrl>
      <Point>
        <coordinates>17.21645500,-9.64670900,0</coordinates>
      </Point>
    </Placemark>
    <Placemark>
      <styleUrl>#dados_com_ensaio</styleUrl>
      <Point>
        <coordinates>17.21663700,-9.64671300,0</coordinates>
      </Point>
    </Placemark>
    <Placemark>
      <styleUrl>#dados_com_ensaio</styleUrl>
      <Point>
        <coordinates>17.21681900,-9.64671800,0</coordinates>
      </Point>
    </Placemark>
    <Placemark>
      <styleUrl>#dados_com_ensaio</styleUrl>
      <Point>
        <coordinates>17.21700100,-9.64672500,0</coordinates>
      </Point>
    </Placemark>
    <Placemark>
      <styleUrl>#dados_com_ensaio</styleUrl>
      <Point>
        <coordinates>17.21718300,-9.64673100,0</coordinates>
      </Point>
    </Placemark>
    <Placemark>
      <styleUrl>#dados_com_ensaio</styleUrl>
      <Point>
        <coordinates>17.21736500,-9.64673500,0</coordinates>
      </Point>
    </Placemark>
    <Placemark>
      <styleUrl>#dados_com_ensaio</styleUrl>
      <Point>
        <coordinates>17.21754700,-9.64674600,0</coordinates>
      </Point>
    </Placemark>
    <Placemark>
      <styleUrl>#dados_com_ensaio</styleUrl>
      <Point>
        <coordinates>17.21772900,-9.64675700,0</coordinates>
      </Point>
    </Placemark>
    <Placemark>
      <styleUrl>#dados_com_ensaio</styleUrl>
      <Point>
        <coordinates>17.21791100,-9.64676500,0</coordinates>
      </Point>
    </Placemark>
    <Placemark>
      <styleUrl>#dados_com_ensaio</styleUrl>
      <Point>
        <coordinates>17.21809300,-9.64677300,0</coordinates>
      </Point>
    </Placemark>
    <Placemark>
      <styleUrl>#dados_com_ensaio</styleUrl>
      <Point>
        <coordinates>17.21827500,-9.64678400,0</coordinates>
      </Point>
    </Placemark>
    <Placemark>
      <styleUrl>#dados_com_ensaio</styleUrl>
      <Point>
        <coordinates>17.21845600,-9.64680000,0</coordinates>
      </Point>
    </Placemark>
    <Placemark>
      <styleUrl>#dados_com_ensaio</styleUrl>
      <Point>
        <coordinates>17.21863700,-9.64681700,0</coordinates>
      </Point>
    </Placemark>
    <Placemark>
      <styleUrl>#dados_com_ensaio</styleUrl>
      <Point>
        <coordinates>17.21881900,-9.64683500,0</coordinates>
      </Point>
    </Placemark>
    <Placemark>
      <styleUrl>#dados_com_ensaio</styleUrl>
      <Point>
        <coordinates>17.21900000,-9.64685500,0</coordinates>
      </Point>
    </Placemark>
    <Placemark>
      <styleUrl>#dados_com_ensaio</styleUrl>
      <Point>
        <coordinates>17.21918100,-9.64687300,0</coordinates>
      </Point>
    </Placemark>
    <Placemark>
      <styleUrl>#dados_com_ensaio</styleUrl>
      <Point>
        <coordinates>17.21936200,-9.64689100,0</coordinates>
      </Point>
    </Placemark>
    <Placemark>
      <styleUrl>#dados_com_ensaio</styleUrl>
      <Point>
        <coordinates>17.21954400,-9.64690800,0</coordinates>
      </Point>
    </Placemark>
    <Placemark>
      <styleUrl>#dados_com_ensaio</styleUrl>
      <Point>
        <coordinates>17.21972500,-9.64692500,0</coordinates>
      </Point>
    </Placemark>
    <Placemark>
      <styleUrl>#dados_com_ensaio</styleUrl>
      <Point>
        <coordinates>17.21990600,-9.64694300,0</coordinates>
      </Point>
    </Placemark>
    <Placemark>
      <styleUrl>#dados_com_ensaio</styleUrl>
      <Point>
        <coordinates>17.22008800,-9.64696000,0</coordinates>
      </Point>
    </Placemark>
    <Placemark>
      <styleUrl>#dados_com_ensaio</styleUrl>
      <Point>
        <coordinates>17.22026900,-9.64697700,0</coordinates>
      </Point>
    </Placemark>
    <Placemark>
      <styleUrl>#dados_com_ensaio</styleUrl>
      <Point>
        <coordinates>17.22045000,-9.64699500,0</coordinates>
      </Point>
    </Placemark>
    <Placemark>
      <styleUrl>#dados_com_ensaio</styleUrl>
      <Point>
        <coordinates>17.22063100,-9.64701700,0</coordinates>
      </Point>
    </Placemark>
    <Placemark>
      <styleUrl>#dados_com_ensaio</styleUrl>
      <Point>
        <coordinates>17.22081200,-9.64703900,0</coordinates>
      </Point>
    </Placemark>
    <Placemark>
      <styleUrl>#dados_com_ensaio</styleUrl>
      <Point>
        <coordinates>17.22099200,-9.64706100,0</coordinates>
      </Point>
    </Placemark>
    <Placemark>
      <styleUrl>#dados_com_ensaio</styleUrl>
      <Point>
        <coordinates>17.22117200,-9.64709300,0</coordinates>
      </Point>
    </Placemark>
    <Placemark>
      <styleUrl>#dados_com_ensaio</styleUrl>
      <Point>
        <coordinates>17.22134800,-9.64713900,0</coordinates>
      </Point>
    </Placemark>
    <Placemark>
      <styleUrl>#dados_com_ensaio</styleUrl>
      <Point>
        <coordinates>17.22152200,-9.64719200,0</coordinates>
      </Point>
    </Placemark>
    <Placemark>
      <styleUrl>#dados_com_ensaio</styleUrl>
      <Point>
        <coordinates>17.22169500,-9.64724800,0</coordinates>
      </Point>
    </Placemark>
    <Placemark>
      <styleUrl>#dados_com_ensaio</styleUrl>
      <Point>
        <coordinates>17.22186800,-9.64730600,0</coordinates>
      </Point>
    </Placemark>
    <Placemark>
      <styleUrl>#dados_com_ensaio</styleUrl>
      <Point>
        <coordinates>17.22204100,-9.64736300,0</coordinates>
      </Point>
    </Placemark>
    <Placemark>
      <styleUrl>#dados_com_ensaio</styleUrl>
      <Point>
        <coordinates>17.22221300,-9.64742000,0</coordinates>
      </Point>
    </Placemark>
    <Placemark>
      <styleUrl>#dados_com_ensaio</styleUrl>
      <Point>
        <coordinates>17.22238000,-9.64749300,0</coordinates>
      </Point>
    </Placemark>
    <Placemark>
      <styleUrl>#dados_com_ensaio</styleUrl>
      <Point>
        <coordinates>17.22254300,-9.64757400,0</coordinates>
      </Point>
    </Placemark>
    <Placemark>
      <styleUrl>#dados_com_ensaio</styleUrl>
      <Point>
        <coordinates>17.22269200,-9.64767600,0</coordinates>
      </Point>
    </Placemark>
    <Placemark>
      <styleUrl>#dados_com_ensaio</styleUrl>
      <Point>
        <coordinates>17.22282700,-9.64779700,0</coordinates>
      </Point>
    </Placemark>
    <Placemark>
      <styleUrl>#dados_com_ensaio</styleUrl>
      <Point>
        <coordinates>17.22294700,-9.64793300,0</coordinates>
      </Point>
    </Placemark>
    <Placemark>
      <styleUrl>#dados_com_ensaio</styleUrl>
      <Point>
        <coordinates>17.22304700,-9.64808300,0</coordinates>
      </Point>
    </Placemark>
    <Placemark>
      <styleUrl>#dados_com_ensaio</styleUrl>
      <Point>
        <coordinates>17.22311700,-9.64825000,0</coordinates>
      </Point>
    </Placemark>
    <Placemark>
      <styleUrl>#dados_com_ensaio</styleUrl>
      <Point>
        <coordinates>17.22316900,-9.64842200,0</coordinates>
      </Point>
    </Placemark>
    <Placemark>
      <styleUrl>#dados_com_ensaio</styleUrl>
      <Point>
        <coordinates>17.22319200,-9.64860100,0</coordinates>
      </Point>
    </Placemark>
    <Placemark>
      <styleUrl>#dados_com_ensaio</styleUrl>
      <Point>
        <coordinates>17.22319100,-9.64878200,0</coordinates>
      </Point>
    </Placemark>
    <Placemark>
      <styleUrl>#dados_com_ensaio</styleUrl>
      <Point>
        <coordinates>17.22317400,-9.64896200,0</coordinates>
      </Point>
    </Placemark>
    <Placemark>
      <styleUrl>#dados_com_ensaio</styleUrl>
      <Point>
        <coordinates>17.22312400,-9.64913500,0</coordinates>
      </Point>
    </Placemark>
    <Placemark>
      <styleUrl>#dados_com_ensaio</styleUrl>
      <Point>
        <coordinates>17.22306300,-9.64930500,0</coordinates>
      </Point>
    </Placemark>
    <Placemark>
      <styleUrl>#dados_com_ensaio</styleUrl>
      <Point>
        <coordinates>17.22298300,-9.64946700,0</coordinates>
      </Point>
    </Placemark>
    <Placemark>
      <styleUrl>#dados_com_ensaio</styleUrl>
      <Point>
        <coordinates>17.22290300,-9.64963000,0</coordinates>
      </Point>
    </Placemark>
    <Placemark>
      <styleUrl>#dados_com_ensaio</styleUrl>
      <Point>
        <coordinates>17.22281800,-9.64978900,0</coordinates>
      </Point>
    </Placemark>
    <Placemark>
      <styleUrl>#dados_com_ensaio</styleUrl>
      <Point>
        <coordinates>17.22273200,-9.64994900,0</coordinates>
      </Point>
    </Placemark>
    <Placemark>
      <styleUrl>#dados_com_ensaio</styleUrl>
      <Point>
        <coordinates>17.22264600,-9.65010800,0</coordinates>
      </Point>
    </Placemark>
    <Placemark>
      <styleUrl>#dados_com_ensaio</styleUrl>
      <Point>
        <coordinates>17.22256000,-9.65026800,0</coordinates>
      </Point>
    </Placemark>
    <Placemark>
      <styleUrl>#dados_com_ensaio</styleUrl>
      <Point>
        <coordinates>17.22247500,-9.65042700,0</coordinates>
      </Point>
    </Placemark>
    <Placemark>
      <styleUrl>#dados_com_ensaio</styleUrl>
      <Point>
        <coordinates>17.22238900,-9.65058700,0</coordinates>
      </Point>
    </Placemark>
    <Placemark>
      <styleUrl>#dados_com_ensaio</styleUrl>
      <Point>
        <coordinates>17.22230300,-9.65074600,0</coordinates>
      </Point>
    </Placemark>
    <Placemark>
      <styleUrl>#dados_com_ensaio</styleUrl>
      <Point>
        <coordinates>17.22221800,-9.65090600,0</coordinates>
      </Point>
    </Placemark>
    <Placemark>
      <styleUrl>#dados_com_ensaio</styleUrl>
      <Point>
        <coordinates>17.22213200,-9.65106600,0</coordinates>
      </Point>
    </Placemark>
    <Placemark>
      <styleUrl>#dados_com_ensaio</styleUrl>
      <Point>
        <coordinates>17.22204600,-9.65122500,0</coordinates>
      </Point>
    </Placemark>
    <Placemark>
      <styleUrl>#dados_com_ensaio</styleUrl>
      <Point>
        <coordinates>17.22195500,-9.65138100,0</coordinates>
      </Point>
    </Placemark>
    <Placemark>
      <styleUrl>#dados_com_ensaio</styleUrl>
      <Point>
        <coordinates>17.22185700,-9.65153400,0</coordinates>
      </Point>
    </Placemark>
    <Placemark>
      <styleUrl>#dados_com_ensaio</styleUrl>
      <Point>
        <coordinates>17.22175700,-9.65168500,0</coordinates>
      </Point>
    </Placemark>
    <Placemark>
      <styleUrl>#dados_com_ensaio</styleUrl>
      <Point>
        <coordinates>17.22165800,-9.65183600,0</coordinates>
      </Point>
    </Placemark>
    <Placemark>
      <styleUrl>#dados_com_ensaio</styleUrl>
      <Point>
        <coordinates>17.22155100,-9.65198300,0</coordinates>
      </Point>
    </Placemark>
    <Placemark>
      <styleUrl>#dados_com_ensaio</styleUrl>
      <Point>
        <coordinates>17.22143900,-9.65212500,0</coordinates>
      </Point>
    </Placemark>
    <Placemark>
      <styleUrl>#dados_com_ensaio</styleUrl>
      <Point>
        <coordinates>17.22132700,-9.65226700,0</coordinates>
      </Point>
    </Placemark>
    <Placemark>
      <styleUrl>#dados_com_ensaio</styleUrl>
      <Point>
        <coordinates>17.22121500,-9.65241000,0</coordinates>
      </Point>
    </Placemark>
    <Placemark>
      <styleUrl>#dados_com_ensaio</styleUrl>
      <Point>
        <coordinates>17.22110700,-9.65255600,0</coordinates>
      </Point>
    </Placemark>
    <Placemark>
      <styleUrl>#dados_com_ensaio</styleUrl>
      <Point>
        <coordinates>17.22099800,-9.65270100,0</coordinates>
      </Point>
    </Placemark>
    <Placemark>
      <styleUrl>#dados_com_ensaio</styleUrl>
      <Point>
        <coordinates>17.22089000,-9.65284600,0</coordinates>
      </Point>
    </Placemark>
    <Placemark>
      <styleUrl>#dados_com_ensaio</styleUrl>
      <Point>
        <coordinates>17.22078100,-9.65299200,0</coordinates>
      </Point>
    </Placemark>
    <Placemark>
      <styleUrl>#dados_com_ensaio</styleUrl>
      <Point>
        <coordinates>17.22067200,-9.65313600,0</coordinates>
      </Point>
    </Placemark>
    <Placemark>
      <styleUrl>#dados_com_ensaio</styleUrl>
      <Point>
        <coordinates>17.22056900,-9.65328500,0</coordinates>
      </Point>
    </Placemark>
    <Placemark>
      <styleUrl>#dados_com_ensaio</styleUrl>
      <Point>
        <coordinates>17.22047500,-9.65344000,0</coordinates>
      </Point>
    </Placemark>
    <Placemark>
      <styleUrl>#dados_com_ensaio</styleUrl>
      <Point>
        <coordinates>17.22039200,-9.65360000,0</coordinates>
      </Point>
    </Placemark>
    <Placemark>
      <styleUrl>#dados_com_ensaio</styleUrl>
      <Point>
        <coordinates>17.22031300,-9.65376300,0</coordinates>
      </Point>
    </Placemark>
    <Placemark>
      <styleUrl>#dados_com_ensaio</styleUrl>
      <Point>
        <coordinates>17.22024800,-9.65393200,0</coordinates>
      </Point>
    </Placemark>
    <Placemark>
      <styleUrl>#dados_com_ensaio</styleUrl>
      <Point>
        <coordinates>17.22018600,-9.65410200,0</coordinates>
      </Point>
    </Placemark>
    <Placemark>
      <styleUrl>#dados_com_ensaio</styleUrl>
      <Point>
        <coordinates>17.22013900,-9.65427700,0</coordinates>
      </Point>
    </Placemark>
    <Placemark>
      <styleUrl>#dados_com_ensaio</styleUrl>
      <Point>
        <coordinates>17.22009800,-9.65445300,0</coordinates>
      </Point>
    </Placemark>
    <Placemark>
      <styleUrl>#dados_com_ensaio</styleUrl>
      <Point>
        <coordinates>17.22006500,-9.65463000,0</coordinates>
      </Point>
    </Placemark>
    <Placemark>
      <styleUrl>#dados_com_ensaio</styleUrl>
      <Point>
        <coordinates>17.22003600,-9.65480900,0</coordinates>
      </Point>
    </Placemark>
    <Placemark>
      <styleUrl>#dados_com_ensaio</styleUrl>
      <Point>
        <coordinates>17.22001200,-9.65498800,0</coordinates>
      </Point>
    </Placemark>
    <Placemark>
      <styleUrl>#dados_com_ensaio</styleUrl>
      <Point>
        <coordinates>17.21998900,-9.65516700,0</coordinates>
      </Point>
    </Placemark>
    <Placemark>
      <styleUrl>#dados_com_ensaio</styleUrl>
      <Point>
        <coordinates>17.21996600,-9.65534700,0</coordinates>
      </Point>
    </Placemark>
    <Placemark>
      <styleUrl>#dados_com_ensaio</styleUrl>
      <Point>
        <coordinates>17.21994200,-9.65552600,0</coordinates>
      </Point>
    </Placemark>
    <Placemark>
      <styleUrl>#dados_com_ensaio</styleUrl>
      <Point>
        <coordinates>17.21991900,-9.65570500,0</coordinates>
      </Point>
    </Placemark>
    <Placemark>
      <styleUrl>#dados_com_ensaio</styleUrl>
      <Point>
        <coordinates>17.21989600,-9.65588400,0</coordinates>
      </Point>
    </Placemark>
    <Placemark>
      <styleUrl>#dados_com_ensaio</styleUrl>
      <Point>
        <coordinates>17.21987200,-9.65606400,0</coordinates>
      </Point>
    </Placemark>
    <Placemark>
      <styleUrl>#dados_com_ensaio</styleUrl>
      <Point>
        <coordinates>17.21984900,-9.65624300,0</coordinates>
      </Point>
    </Placemark>
    <Placemark>
      <styleUrl>#dados_com_ensaio</styleUrl>
      <Point>
        <coordinates>17.21982600,-9.65642200,0</coordinates>
      </Point>
    </Placemark>
    <Placemark>
      <styleUrl>#dados_com_ensaio</styleUrl>
      <Point>
        <coordinates>17.21980200,-9.65660200,0</coordinates>
      </Point>
    </Placemark>
    <Placemark>
      <styleUrl>#dados_com_ensaio</styleUrl>
      <Point>
        <coordinates>17.21977900,-9.65678100,0</coordinates>
      </Point>
    </Placemark>
    <Placemark>
      <styleUrl>#dados_com_ensaio</styleUrl>
      <Point>
        <coordinates>17.21975600,-9.65696000,0</coordinates>
      </Point>
    </Placemark>
    <Placemark>
      <styleUrl>#dados_com_ensaio</styleUrl>
      <Point>
        <coordinates>17.21973200,-9.65713900,0</coordinates>
      </Point>
    </Placemark>
    <Placemark>
      <styleUrl>#dados_com_ensaio</styleUrl>
      <Point>
        <coordinates>17.21971700,-9.65731900,0</coordinates>
      </Point>
    </Placemark>
    <Placemark>
      <styleUrl>#dados_com_ensaio</styleUrl>
      <Point>
        <coordinates>17.21970600,-9.65750000,0</coordinates>
      </Point>
    </Placemark>
    <Placemark>
      <styleUrl>#dados_com_ensaio</styleUrl>
      <Point>
        <coordinates>17.21970000,-9.65768000,0</coordinates>
      </Point>
    </Placemark>
    <Placemark>
      <styleUrl>#dados_com_ensaio</styleUrl>
      <Point>
        <coordinates>17.21969400,-9.65786100,0</coordinates>
      </Point>
    </Placemark>
    <Placemark>
      <styleUrl>#dados_com_ensaio</styleUrl>
      <Point>
        <coordinates>17.21969500,-9.65804200,0</coordinates>
      </Point>
    </Placemark>
    <Placemark>
      <styleUrl>#dados_com_ensaio</styleUrl>
      <Point>
        <coordinates>17.21969800,-9.65822300,0</coordinates>
      </Point>
    </Placemark>
    <Placemark>
      <styleUrl>#dados_com_ensaio</styleUrl>
      <Point>
        <coordinates>17.21970100,-9.65840300,0</coordinates>
      </Point>
    </Placemark>
    <Placemark>
      <styleUrl>#dados_com_ensaio</styleUrl>
      <Point>
        <coordinates>17.21970600,-9.65858400,0</coordinates>
      </Point>
    </Placemark>
    <Placemark>
      <styleUrl>#dados_com_ensaio</styleUrl>
      <Point>
        <coordinates>17.21971100,-9.65876500,0</coordinates>
      </Point>
    </Placemark>
    <Placemark>
      <styleUrl>#dados_com_ensaio</styleUrl>
      <Point>
        <coordinates>17.21971700,-9.65894500,0</coordinates>
      </Point>
    </Placemark>
    <Placemark>
      <styleUrl>#dados_com_ensaio</styleUrl>
      <Point>
        <coordinates>17.21972200,-9.65912600,0</coordinates>
      </Point>
    </Placemark>
    <Placemark>
      <styleUrl>#dados_com_ensaio</styleUrl>
      <Point>
        <coordinates>17.21972700,-9.65930700,0</coordinates>
      </Point>
    </Placemark>
    <Placemark>
      <styleUrl>#dados_com_ensaio</styleUrl>
      <Point>
        <coordinates>17.21973200,-9.65948700,0</coordinates>
      </Point>
    </Placemark>
    <Placemark>
      <styleUrl>#dados_com_ensaio</styleUrl>
      <Point>
        <coordinates>17.21973700,-9.65966800,0</coordinates>
      </Point>
    </Placemark>
    <Placemark>
      <styleUrl>#dados_com_ensaio</styleUrl>
      <Point>
        <coordinates>17.21974200,-9.65984900,0</coordinates>
      </Point>
    </Placemark>
    <Placemark>
      <styleUrl>#dados_com_ensaio</styleUrl>
      <Point>
        <coordinates>17.21974800,-9.66003000,0</coordinates>
      </Point>
    </Placemark>
    <Placemark>
      <styleUrl>#dados_com_ensaio</styleUrl>
      <Point>
        <coordinates>17.21975100,-9.66021000,0</coordinates>
      </Point>
    </Placemark>
    <Placemark>
      <styleUrl>#dados_com_ensaio</styleUrl>
      <Point>
        <coordinates>17.21975000,-9.66039100,0</coordinates>
      </Point>
    </Placemark>
    <Placemark>
      <styleUrl>#dados_com_ensaio</styleUrl>
      <Point>
        <coordinates>17.21973500,-9.66057100,0</coordinates>
      </Point>
    </Placemark>
    <Placemark>
      <styleUrl>#dados_com_ensaio</styleUrl>
      <Point>
        <coordinates>17.21971700,-9.66075100,0</coordinates>
      </Point>
    </Placemark>
    <Placemark>
      <styleUrl>#dados_com_ensaio</styleUrl>
      <Point>
        <coordinates>17.21968700,-9.66092900,0</coordinates>
      </Point>
    </Placemark>
    <Placemark>
      <styleUrl>#dados_com_ensaio</styleUrl>
      <Point>
        <coordinates>17.21964900,-9.66110600,0</coordinates>
      </Point>
    </Placemark>
    <Placemark>
      <styleUrl>#dados_com_ensaio</styleUrl>
      <Point>
        <coordinates>17.21960200,-9.66128000,0</coordinates>
      </Point>
    </Placemark>
    <Placemark>
      <styleUrl>#dados_com_ensaio</styleUrl>
      <Point>
        <coordinates>17.21955200,-9.66145400,0</coordinates>
      </Point>
    </Placemark>
    <Placemark>
      <styleUrl>#dados_com_ensaio</styleUrl>
      <Point>
        <coordinates>17.21950100,-9.66162800,0</coordinates>
      </Point>
    </Placemark>
    <Placemark>
      <styleUrl>#dados_com_ensaio</styleUrl>
      <Point>
        <coordinates>17.21944900,-9.66180100,0</coordinates>
      </Point>
    </Placemark>
    <Placemark>
      <styleUrl>#dados_com_ensaio</styleUrl>
      <Point>
        <coordinates>17.21939200,-9.66197300,0</coordinates>
      </Point>
    </Placemark>
    <Placemark>
      <styleUrl>#dados_com_ensaio</styleUrl>
      <Point>
        <coordinates>17.21933600,-9.66214500,0</coordinates>
      </Point>
    </Placemark>
    <Placemark>
      <styleUrl>#dados_com_ensaio</styleUrl>
      <Point>
        <coordinates>17.21926700,-9.66231200,0</coordinates>
      </Point>
    </Placemark>
    <Placemark>
      <styleUrl>#dados_com_ensaio</styleUrl>
      <Point>
        <coordinates>17.21918800,-9.66247500,0</coordinates>
      </Point>
    </Placemark>
    <Placemark>
      <styleUrl>#dados_com_ensaio</styleUrl>
      <Point>
        <coordinates>17.21910100,-9.66263300,0</coordinates>
      </Point>
    </Placemark>
    <Placemark>
      <styleUrl>#dados_com_ensaio</styleUrl>
      <Point>
        <coordinates>17.21901300,-9.66279100,0</coordinates>
      </Point>
    </Placemark>
    <Placemark>
      <styleUrl>#dados_com_ensaio</styleUrl>
      <Point>
        <coordinates>17.21891900,-9.66294600,0</coordinates>
      </Point>
    </Placemark>
    <Placemark>
      <styleUrl>#dados_com_ensaio</styleUrl>
      <Point>
        <coordinates>17.21882200,-9.66310000,0</coordinates>
      </Point>
    </Placemark>
    <Placemark>
      <styleUrl>#dados_com_ensaio</styleUrl>
      <Point>
        <coordinates>17.21870700,-9.66323900,0</coordinates>
      </Point>
    </Placemark>
    <Placemark>
      <styleUrl>#dados_com_ensaio</styleUrl>
      <Point>
        <coordinates>17.21859100,-9.66337900,0</coordinates>
      </Point>
    </Placemark>
    <Placemark>
      <styleUrl>#dados_com_ensaio</styleUrl>
      <Point>
        <coordinates>17.21847600,-9.66351900,0</coordinates>
      </Point>
    </Placemark>
    <Placemark>
      <styleUrl>#dados_com_ensaio</styleUrl>
      <Point>
        <coordinates>17.21836000,-9.66365900,0</coordinates>
      </Point>
    </Placemark>
    <Placemark>
      <styleUrl>#dados_com_ensaio</styleUrl>
      <Point>
        <coordinates>17.21824400,-9.66379800,0</coordinates>
      </Point>
    </Placemark>
    <Placemark>
      <styleUrl>#dados_com_ensaio</styleUrl>
      <Point>
        <coordinates>17.21812600,-9.66393500,0</coordinates>
      </Point>
    </Placemark>
    <Placemark>
      <styleUrl>#dados_com_ensaio</styleUrl>
      <Point>
        <coordinates>17.21800800,-9.66407300,0</coordinates>
      </Point>
    </Placemark>
    <Placemark>
      <styleUrl>#dados_com_ensaio</styleUrl>
      <Point>
        <coordinates>17.21789000,-9.66421100,0</coordinates>
      </Point>
    </Placemark>
    <Placemark>
      <styleUrl>#dados_com_ensaio</styleUrl>
      <Point>
        <coordinates>17.21777200,-9.66434900,0</coordinates>
      </Point>
    </Placemark>
    <Placemark>
      <styleUrl>#dados_com_ensaio</styleUrl>
      <Point>
        <coordinates>17.21765400,-9.66448700,0</coordinates>
      </Point>
    </Placemark>
    <Placemark>
      <styleUrl>#dados_com_ensaio</styleUrl>
      <Point>
        <coordinates>17.21753600,-9.66462400,0</coordinates>
      </Point>
    </Placemark>
    <Placemark>
      <styleUrl>#dados_com_ensaio</styleUrl>
      <Point>
        <coordinates>17.21741400,-9.66475800,0</coordinates>
      </Point>
    </Placemark>
    <Placemark>
      <styleUrl>#dados_com_ensaio</styleUrl>
      <Point>
        <coordinates>17.21728800,-9.66488900,0</coordinates>
      </Point>
    </Placemark>
    <Placemark>
      <styleUrl>#dados_com_ensaio</styleUrl>
      <Point>
        <coordinates>17.21716200,-9.66501900,0</coordinates>
      </Point>
    </Placemark>
    <Placemark>
      <styleUrl>#dados_com_ensaio</styleUrl>
      <Point>
        <coordinates>17.21702900,-9.66514300,0</coordinates>
      </Point>
    </Placemark>
    <Placemark>
      <styleUrl>#dados_com_ensaio</styleUrl>
      <Point>
        <coordinates>17.21689600,-9.66526700,0</coordinates>
      </Point>
    </Placemark>
    <Placemark>
      <styleUrl>#dados_com_ensaio</styleUrl>
      <Point>
        <coordinates>17.21676400,-9.66539100,0</coordinates>
      </Point>
    </Placemark>
    <Placemark>
      <styleUrl>#dados_com_ensaio</styleUrl>
      <Point>
        <coordinates>17.21663200,-9.66551500,0</coordinates>
      </Point>
    </Placemark>
    <Placemark>
      <styleUrl>#dados_com_ensaio</styleUrl>
      <Point>
        <coordinates>17.21650900,-9.66564900,0</coordinates>
      </Point>
    </Placemark>
    <Placemark>
      <styleUrl>#dados_com_ensaio</styleUrl>
      <Point>
        <coordinates>17.21638900,-9.66578500,0</coordinates>
      </Point>
    </Placemark>
    <Placemark>
      <styleUrl>#dados_com_ensaio</styleUrl>
      <Point>
        <coordinates>17.21627600,-9.66592600,0</coordinates>
      </Point>
    </Placemark>
    <Placemark>
      <styleUrl>#dados_com_ensaio</styleUrl>
      <Point>
        <coordinates>17.21617800,-9.66607800,0</coordinates>
      </Point>
    </Placemark>
    <Placemark>
      <styleUrl>#dados_com_ensaio</styleUrl>
      <Point>
        <coordinates>17.21608900,-9.66623600,0</coordinates>
      </Point>
    </Placemark>
    <Placemark>
      <styleUrl>#dados_com_ensaio</styleUrl>
      <Point>
        <coordinates>17.21600900,-9.66639800,0</coordinates>
      </Point>
    </Placemark>
    <Placemark>
      <styleUrl>#dados_com_ensaio</styleUrl>
      <Point>
        <coordinates>17.21593600,-9.66656300,0</coordinates>
      </Point>
    </Placemark>
    <Placemark>
      <styleUrl>#dados_com_ensaio</styleUrl>
      <Point>
        <coordinates>17.21588500,-9.66673700,0</coordinates>
      </Point>
    </Placemark>
    <Placemark>
      <styleUrl>#dados_com_ensaio</styleUrl>
      <Point>
        <coordinates>17.21584000,-9.66691200,0</coordinates>
      </Point>
    </Placemark>
    <Placemark>
      <styleUrl>#dados_com_ensaio</styleUrl>
      <Point>
        <coordinates>17.21580000,-9.66708800,0</coordinates>
      </Point>
    </Placemark>
    <Placemark>
      <styleUrl>#dados_com_ensaio</styleUrl>
      <Point>
        <coordinates>17.21578400,-9.66726900,0</coordinates>
      </Point>
    </Placemark>
    <Placemark>
      <styleUrl>#dados_com_ensaio</styleUrl>
      <Point>
        <coordinates>17.21577900,-9.66744900,0</coordinates>
      </Point>
    </Placemark>
    <Placemark>
      <styleUrl>#dados_com_ensaio</styleUrl>
      <Point>
        <coordinates>17.21578400,-9.66763000,0</coordinates>
      </Point>
    </Placemark>
    <Placemark>
      <styleUrl>#dados_com_ensaio</styleUrl>
      <Point>
        <coordinates>17.21579800,-9.66781000,0</coordinates>
      </Point>
    </Placemark>
    <Placemark>
      <styleUrl>#dados_com_ensaio</styleUrl>
      <Point>
        <coordinates>17.21582300,-9.66798800,0</coordinates>
      </Point>
    </Placemark>
    <Placemark>
      <styleUrl>#dados_com_ensaio</styleUrl>
      <Point>
        <coordinates>17.21586500,-9.66816400,0</coordinates>
      </Point>
    </Placemark>
    <Placemark>
      <styleUrl>#dados_com_ensaio</styleUrl>
      <Point>
        <coordinates>17.21590600,-9.66834100,0</coordinates>
      </Point>
    </Placemark>
    <Placemark>
      <styleUrl>#dados_com_ensaio</styleUrl>
      <Point>
        <coordinates>17.21594300,-9.66851700,0</coordinates>
      </Point>
    </Placemark>
    <Placemark>
      <styleUrl>#dados_com_ensaio</styleUrl>
      <Point>
        <coordinates>17.21598100,-9.66869400,0</coordinates>
      </Point>
    </Placemark>
    <Placemark>
      <styleUrl>#dados_com_ensaio</styleUrl>
      <Point>
        <coordinates>17.21601900,-9.66887100,0</coordinates>
      </Point>
    </Placemark>
    <Placemark>
      <styleUrl>#dados_com_ensaio</styleUrl>
      <Point>
        <coordinates>17.21605700,-9.66904800,0</coordinates>
      </Point>
    </Placemark>
    <Placemark>
      <styleUrl>#dados_com_ensaio</styleUrl>
      <Point>
        <coordinates>17.21609500,-9.66922500,0</coordinates>
      </Point>
    </Placemark>
    <Placemark>
      <styleUrl>#dados_com_ensaio</styleUrl>
      <Point>
        <coordinates>17.21613300,-9.66940100,0</coordinates>
      </Point>
    </Placemark>
    <Placemark>
      <styleUrl>#dados_com_ensaio</styleUrl>
      <Point>
        <coordinates>17.21617000,-9.66957800,0</coordinates>
      </Point>
    </Placemark>
    <Placemark>
      <styleUrl>#dados_com_ensaio</styleUrl>
      <Point>
        <coordinates>17.21620800,-9.66975500,0</coordinates>
      </Point>
    </Placemark>
    <Placemark>
      <styleUrl>#dados_com_ensaio</styleUrl>
      <Point>
        <coordinates>17.21624500,-9.66993200,0</coordinates>
      </Point>
    </Placemark>
    <Placemark>
      <styleUrl>#dados_com_ensaio</styleUrl>
      <Point>
        <coordinates>17.21628200,-9.67010900,0</coordinates>
      </Point>
    </Placemark>
    <Placemark>
      <styleUrl>#dados_com_ensaio</styleUrl>
      <Point>
        <coordinates>17.21632000,-9.67028600,0</coordinates>
      </Point>
    </Placemark>
    <Placemark>
      <styleUrl>#dados_com_ensaio</styleUrl>
      <Point>
        <coordinates>17.21635700,-9.67046300,0</coordinates>
      </Point>
    </Placemark>
    <Placemark>
      <styleUrl>#dados_com_ensaio</styleUrl>
      <Point>
        <coordinates>17.21639400,-9.67064000,0</coordinates>
      </Point>
    </Placemark>
    <Placemark>
      <styleUrl>#dados_com_ensaio</styleUrl>
      <Point>
        <coordinates>17.21643100,-9.67081700,0</coordinates>
      </Point>
    </Placemark>
    <Placemark>
      <styleUrl>#dados_com_ensaio</styleUrl>
      <Point>
        <coordinates>17.21646300,-9.67099500,0</coordinates>
      </Point>
    </Placemark>
    <Placemark>
      <styleUrl>#dados_com_ensaio</styleUrl>
      <Point>
        <coordinates>17.21648900,-9.67117400,0</coordinates>
      </Point>
    </Placemark>
    <Placemark>
      <styleUrl>#dados_com_ensaio</styleUrl>
      <Point>
        <coordinates>17.21651200,-9.67135300,0</coordinates>
      </Point>
    </Placemark>
    <Placemark>
      <styleUrl>#dados_com_ensaio</styleUrl>
      <Point>
        <coordinates>17.21652400,-9.67153300,0</coordinates>
      </Point>
    </Placemark>
    <Placemark>
      <styleUrl>#dados_com_ensaio</styleUrl>
      <Point>
        <coordinates>17.21652500,-9.67171400,0</coordinates>
      </Point>
    </Placemark>
    <Placemark>
      <styleUrl>#dados_com_ensaio</styleUrl>
      <Point>
        <coordinates>17.21651700,-9.67189400,0</coordinates>
      </Point>
    </Placemark>
    <Placemark>
      <styleUrl>#dados_com_ensaio</styleUrl>
      <Point>
        <coordinates>17.21650700,-9.67207500,0</coordinates>
      </Point>
    </Placemark>
    <Placemark>
      <styleUrl>#dados_com_ensaio</styleUrl>
      <Point>
        <coordinates>17.21649400,-9.67225500,0</coordinates>
      </Point>
    </Placemark>
    <Placemark>
      <styleUrl>#dados_com_ensaio</styleUrl>
      <Point>
        <coordinates>17.21648200,-9.67243600,0</coordinates>
      </Point>
    </Placemark>
    <Placemark>
      <styleUrl>#dados_com_ensaio</styleUrl>
      <Point>
        <coordinates>17.21646900,-9.67261600,0</coordinates>
      </Point>
    </Placemark>
    <Placemark>
      <styleUrl>#dados_com_ensaio</styleUrl>
      <Point>
        <coordinates>17.21645700,-9.67279600,0</coordinates>
      </Point>
    </Placemark>
    <Placemark>
      <styleUrl>#dados_com_ensaio</styleUrl>
      <Point>
        <coordinates>17.21644400,-9.67297700,0</coordinates>
      </Point>
    </Placemark>
    <Placemark>
      <styleUrl>#dados_com_ensaio</styleUrl>
      <Point>
        <coordinates>17.21643100,-9.67315700,0</coordinates>
      </Point>
    </Placemark>
    <Placemark>
      <styleUrl>#dados_com_ensaio</styleUrl>
      <Point>
        <coordinates>17.21641700,-9.67333700,0</coordinates>
      </Point>
    </Placemark>
    <Placemark>
      <styleUrl>#dados_com_ensaio</styleUrl>
      <Point>
        <coordinates>17.21640300,-9.67351700,0</coordinates>
      </Point>
    </Placemark>
    <Placemark>
      <styleUrl>#dados_com_ensaio</styleUrl>
      <Point>
        <coordinates>17.21638900,-9.67369800,0</coordinates>
      </Point>
    </Placemark>
    <Placemark>
      <styleUrl>#dados_com_ensaio</styleUrl>
      <Point>
        <coordinates>17.21637500,-9.67387800,0</coordinates>
      </Point>
    </Placemark>
    <Placemark>
      <styleUrl>#dados_com_ensaio</styleUrl>
      <Point>
        <coordinates>17.21636100,-9.67405800,0</coordinates>
      </Point>
    </Placemark>
    <Placemark>
      <styleUrl>#dados_com_ensaio</styleUrl>
      <Point>
        <coordinates>17.21634700,-9.67423800,0</coordinates>
      </Point>
    </Placemark>
    <Placemark>
      <styleUrl>#dados_com_ensaio</styleUrl>
      <Point>
        <coordinates>17.21633300,-9.67441900,0</coordinates>
      </Point>
    </Placemark>
    <Placemark>
      <styleUrl>#dados_com_ensaio</styleUrl>
      <Point>
        <coordinates>17.21631900,-9.67459900,0</coordinates>
      </Point>
    </Placemark>
    <Placemark>
      <styleUrl>#dados_com_ensaio</styleUrl>
      <Point>
        <coordinates>17.21630500,-9.67477900,0</coordinates>
      </Point>
    </Placemark>
    <Placemark>
      <styleUrl>#dados_com_ensaio</styleUrl>
      <Point>
        <coordinates>17.21628500,-9.67495900,0</coordinates>
      </Point>
    </Placemark>
    <Placemark>
      <styleUrl>#dados_com_ensaio</styleUrl>
      <Point>
        <coordinates>17.21626200,-9.67513800,0</coordinates>
      </Point>
    </Placemark>
    <Placemark>
      <styleUrl>#dados_com_ensaio</styleUrl>
      <Point>
        <coordinates>17.21623900,-9.67531700,0</coordinates>
      </Point>
    </Placemark>
    <Placemark>
      <styleUrl>#dados_com_ensaio</styleUrl>
      <Point>
        <coordinates>17.21621600,-9.67549700,0</coordinates>
      </Point>
    </Placemark>
    <Placemark>
      <styleUrl>#dados_com_ensaio</styleUrl>
      <Point>
        <coordinates>17.21619400,-9.67567600,0</coordinates>
      </Point>
    </Placemark>
    <Placemark>
      <styleUrl>#dados_com_ensaio</styleUrl>
      <Point>
        <coordinates>17.21617100,-9.67585500,0</coordinates>
      </Point>
    </Placemark>
    <Placemark>
      <styleUrl>#dados_com_ensaio</styleUrl>
      <Point>
        <coordinates>17.21614800,-9.67603500,0</coordinates>
      </Point>
    </Placemark>
    <Placemark>
      <styleUrl>#dados_com_ensaio</styleUrl>
      <Point>
        <coordinates>17.21612500,-9.67621400,0</coordinates>
      </Point>
    </Placemark>
    <Placemark>
      <styleUrl>#dados_com_ensaio</styleUrl>
      <Point>
        <coordinates>17.21610200,-9.67639300,0</coordinates>
      </Point>
    </Placemark>
    <Placemark>
      <styleUrl>#dados_com_ensaio</styleUrl>
      <Point>
        <coordinates>17.21607900,-9.67657300,0</coordinates>
      </Point>
    </Placemark>
    <Placemark>
      <styleUrl>#dados_com_ensaio</styleUrl>
      <Point>
        <coordinates>17.21605600,-9.67675200,0</coordinates>
      </Point>
    </Placemark>
    <Placemark>
      <styleUrl>#dados_com_ensaio</styleUrl>
      <Point>
        <coordinates>17.21603300,-9.67693100,0</coordinates>
      </Point>
    </Placemark>
    <Placemark>
      <styleUrl>#dados_com_ensaio</styleUrl>
      <Point>
        <coordinates>17.21600900,-9.67711000,0</coordinates>
      </Point>
    </Placemark>
    <Placemark>
      <styleUrl>#dados_com_ensaio</styleUrl>
      <Point>
        <coordinates>17.21598600,-9.67729000,0</coordinates>
      </Point>
    </Placemark>
    <Placemark>
      <styleUrl>#dados_com_ensaio</styleUrl>
      <Point>
        <coordinates>17.21595000,-9.67746700,0</coordinates>
      </Point>
    </Placemark>
    <Placemark>
      <styleUrl>#dados_com_ensaio</styleUrl>
      <Point>
        <coordinates>17.21591000,-9.67764300,0</coordinates>
      </Point>
    </Placemark>
    <Placemark>
      <styleUrl>#dados_com_ensaio</styleUrl>
      <Point>
        <coordinates>17.21586000,-9.67781700,0</coordinates>
      </Point>
    </Placemark>
    <Placemark>
      <styleUrl>#dados_com_ensaio</styleUrl>
      <Point>
        <coordinates>17.21581000,-9.67799100,0</coordinates>
      </Point>
    </Placemark>
    <Placemark>
      <styleUrl>#dados_com_ensaio</styleUrl>
      <Point>
        <coordinates>17.21575000,-9.67816100,0</coordinates>
      </Point>
    </Placemark>
    <Placemark>
      <styleUrl>#dados_com_ensaio</styleUrl>
      <Point>
        <coordinates>17.21567600,-9.67832600,0</coordinates>
      </Point>
    </Placemark>
    <Placemark>
      <styleUrl>#dados_com_ensaio</styleUrl>
      <Point>
        <coordinates>17.21559900,-9.67849000,0</coordinates>
      </Point>
    </Placemark>
    <Placemark>
      <styleUrl>#dados_com_ensaio</styleUrl>
      <Point>
        <coordinates>17.21552300,-9.67865400,0</coordinates>
      </Point>
    </Placemark>
    <Placemark>
      <styleUrl>#dados_com_ensaio</styleUrl>
      <Point>
        <coordinates>17.21545400,-9.67882200,0</coordinates>
      </Point>
    </Placemark>
    <Placemark>
      <styleUrl>#dados_com_ensaio</styleUrl>
      <Point>
        <coordinates>17.21538400,-9.67898900,0</coordinates>
      </Point>
    </Placemark>
    <Placemark>
      <styleUrl>#dados_com_ensaio</styleUrl>
      <Point>
        <coordinates>17.21532200,-9.67915800,0</coordinates>
      </Point>
    </Placemark>
    <Placemark>
      <styleUrl>#dados_com_ensaio</styleUrl>
      <Point>
        <coordinates>17.21526600,-9.67933100,0</coordinates>
      </Point>
    </Placemark>
    <Placemark>
      <styleUrl>#dados_com_ensaio</styleUrl>
      <Point>
        <coordinates>17.21522000,-9.67950500,0</coordinates>
      </Point>
    </Placemark>
    <Placemark>
      <styleUrl>#dados_com_ensaio</styleUrl>
      <Point>
        <coordinates>17.21517900,-9.67968100,0</coordinates>
      </Point>
    </Placemark>
    <Placemark>
      <styleUrl>#dados_com_ensaio</styleUrl>
      <Point>
        <coordinates>17.21514800,-9.67986000,0</coordinates>
      </Point>
    </Placemark>
    <Placemark>
      <styleUrl>#dados_com_ensaio</styleUrl>
      <Point>
        <coordinates>17.21512400,-9.68003900,0</coordinates>
      </Point>
    </Placemark>
    <Placemark>
      <styleUrl>#dados_com_ensaio</styleUrl>
      <Point>
        <coordinates>17.21511200,-9.68021900,0</coordinates>
      </Point>
    </Placemark>
    <Placemark>
      <styleUrl>#dados_com_ensaio</styleUrl>
      <Point>
        <coordinates>17.21510800,-9.68039900,0</coordinates>
      </Point>
    </Placemark>
    <Placemark>
      <styleUrl>#dados_com_ensaio</styleUrl>
      <Point>
        <coordinates>17.21511200,-9.68058000,0</coordinates>
      </Point>
    </Placemark>
    <Placemark>
      <styleUrl>#dados_com_ensaio</styleUrl>
      <Point>
        <coordinates>17.21512100,-9.68076100,0</coordinates>
      </Point>
    </Placemark>
    <Placemark>
      <styleUrl>#dados_com_ensaio</styleUrl>
      <Point>
        <coordinates>17.21513200,-9.68094100,0</coordinates>
      </Point>
    </Placemark>
    <Placemark>
      <styleUrl>#dados_com_ensaio</styleUrl>
      <Point>
        <coordinates>17.21515800,-9.68112000,0</coordinates>
      </Point>
    </Placemark>
    <Placemark>
      <styleUrl>#dados_com_ensaio</styleUrl>
      <Point>
        <coordinates>17.21518800,-9.68129800,0</coordinates>
      </Point>
    </Placemark>
    <Placemark>
      <styleUrl>#dados_com_ensaio</styleUrl>
      <Point>
        <coordinates>17.21521800,-9.68147700,0</coordinates>
      </Point>
    </Placemark>
    <Placemark>
      <styleUrl>#dados_com_ensaio</styleUrl>
      <Point>
        <coordinates>17.21524900,-9.68165500,0</coordinates>
      </Point>
    </Placemark>
    <Placemark>
      <styleUrl>#dados_com_ensaio</styleUrl>
      <Point>
        <coordinates>17.21528200,-9.68183200,0</coordinates>
      </Point>
    </Placemark>
    <Placemark>
      <styleUrl>#dados_com_ensaio</styleUrl>
      <Point>
        <coordinates>17.21532700,-9.68200800,0</coordinates>
      </Point>
    </Placemark>
    <Placemark>
      <styleUrl>#dados_com_ensaio</styleUrl>
      <Point>
        <coordinates>17.21537100,-9.68218300,0</coordinates>
      </Point>
    </Placemark>
    <Placemark>
      <styleUrl>#dados_com_ensaio</styleUrl>
      <Point>
        <coordinates>17.21541600,-9.68235800,0</coordinates>
      </Point>
    </Placemark>
    <Placemark>
      <styleUrl>#dados_com_ensaio</styleUrl>
      <Point>
        <coordinates>17.21546000,-9.68253400,0</coordinates>
      </Point>
    </Placemark>
    <Placemark>
      <styleUrl>#dados_com_ensaio</styleUrl>
      <Point>
        <coordinates>17.21551000,-9.68270700,0</coordinates>
      </Point>
    </Placemark>
    <Placemark>
      <styleUrl>#dados_com_ensaio</styleUrl>
      <Point>
        <coordinates>17.21556300,-9.68288000,0</coordinates>
      </Point>
    </Placemark>
    <Placemark>
      <styleUrl>#dados_com_ensaio</styleUrl>
      <Point>
        <coordinates>17.21561500,-9.68305300,0</coordinates>
      </Point>
    </Placemark>
    <Placemark>
      <styleUrl>#dados_com_ensaio</styleUrl>
      <Point>
        <coordinates>17.21567300,-9.68322500,0</coordinates>
      </Point>
    </Placemark>
    <Placemark>
      <styleUrl>#dados_com_ensaio</styleUrl>
      <Point>
        <coordinates>17.21573400,-9.68339500,0</coordinates>
      </Point>
    </Placemark>
    <Placemark>
      <styleUrl>#dados_com_ensaio</styleUrl>
      <Point>
        <coordinates>17.21579500,-9.68356500,0</coordinates>
      </Point>
    </Placemark>
    <Placemark>
      <styleUrl>#dados_com_ensaio</styleUrl>
      <Point>
        <coordinates>17.21585600,-9.68373600,0</coordinates>
      </Point>
    </Placemark>
    <Placemark>
      <styleUrl>#dados_com_ensaio</styleUrl>
      <Point>
        <coordinates>17.21591700,-9.68390600,0</coordinates>
      </Point>
    </Placemark>
    <Placemark>
      <styleUrl>#dados_com_ensaio</styleUrl>
      <Point>
        <coordinates>17.21598600,-9.68407300,0</coordinates>
      </Point>
    </Placemark>
    <Placemark>
      <styleUrl>#dados_com_ensaio</styleUrl>
      <Point>
        <coordinates>17.21605600,-9.68424000,0</coordinates>
      </Point>
    </Placemark>
    <Placemark>
      <styleUrl>#dados_com_ensaio</styleUrl>
      <Point>
        <coordinates>17.21612600,-9.68440700,0</coordinates>
      </Point>
    </Placemark>
    <Placemark>
      <styleUrl>#dados_com_ensaio</styleUrl>
      <Point>
        <coordinates>17.21620300,-9.68457100,0</coordinates>
      </Point>
    </Placemark>
    <Placemark>
      <styleUrl>#dados_com_ensaio</styleUrl>
      <Point>
        <coordinates>17.21628200,-9.68473400,0</coordinates>
      </Point>
    </Placemark>
    <Placemark>
      <styleUrl>#dados_com_ensaio</styleUrl>
      <Point>
        <coordinates>17.21636100,-9.68489700,0</coordinates>
      </Point>
    </Placemark>
    <Placemark>
      <styleUrl>#dados_com_ensaio</styleUrl>
      <Point>
        <coordinates>17.21644100,-9.68505900,0</coordinates>
      </Point>
    </Placemark>
    <Placemark>
      <styleUrl>#dados_com_ensaio</styleUrl>
      <Point>
        <coordinates>17.21652200,-9.68522100,0</coordinates>
      </Point>
    </Placemark>
    <Placemark>
      <styleUrl>#dados_com_ensaio</styleUrl>
      <Point>
        <coordinates>17.21659500,-9.68538600,0</coordinates>
      </Point>
    </Placemark>
    <Placemark>
      <styleUrl>#dados_com_ensaio</styleUrl>
      <Point>
        <coordinates>17.21666300,-9.68555400,0</coordinates>
      </Point>
    </Placemark>
    <Placemark>
      <styleUrl>#dados_com_ensaio</styleUrl>
      <Point>
        <coordinates>17.21673200,-9.68572200,0</coordinates>
      </Point>
    </Placemark>
    <Placemark>
      <styleUrl>#dados_com_ensaio</styleUrl>
      <Point>
        <coordinates>17.21679800,-9.68589000,0</coordinates>
      </Point>
    </Placemark>
    <Placemark>
      <styleUrl>#dados_com_ensaio</styleUrl>
      <Point>
        <coordinates>17.21686500,-9.68605800,0</coordinates>
      </Point>
    </Placemark>
    <Placemark>
      <styleUrl>#dados_com_ensaio</styleUrl>
      <Point>
        <coordinates>17.21692500,-9.68622900,0</coordinates>
      </Point>
    </Placemark>
    <Placemark>
      <styleUrl>#dados_com_ensaio</styleUrl>
      <Point>
        <coordinates>17.21698500,-9.68640000,0</coordinates>
      </Point>
    </Placemark>
    <Placemark>
      <styleUrl>#dados_com_ensaio</styleUrl>
      <Point>
        <coordinates>17.21704200,-9.68657100,0</coordinates>
      </Point>
    </Placemark>
    <Placemark>
      <styleUrl>#dados_com_ensaio</styleUrl>
      <Point>
        <coordinates>17.21709200,-9.68674500,0</coordinates>
      </Point>
    </Placemark>
    <Placemark>
      <styleUrl>#dados_com_ensaio</styleUrl>
      <Point>
        <coordinates>17.21714200,-9.68691900,0</coordinates>
      </Point>
    </Placemark>
    <Placemark>
      <styleUrl>#dados_com_ensaio</styleUrl>
      <Point>
        <coordinates>17.21719200,-9.68709200,0</coordinates>
      </Point>
    </Placemark>
    <Placemark>
      <styleUrl>#dados_com_ensaio</styleUrl>
      <Point>
        <coordinates>17.21724100,-9.68726700,0</coordinates>
      </Point>
    </Placemark>
    <Placemark>
      <styleUrl>#dados_com_ensaio</styleUrl>
      <Point>
        <coordinates>17.21729100,-9.68744100,0</coordinates>
      </Point>
    </Placemark>
    <Placemark>
      <styleUrl>#dados_com_ensaio</styleUrl>
      <Point>
        <coordinates>17.21734000,-9.68761500,0</coordinates>
      </Point>
    </Placemark>
    <Placemark>
      <styleUrl>#dados_com_ensaio</styleUrl>
      <Point>
        <coordinates>17.21738900,-9.68778900,0</coordinates>
      </Point>
    </Placemark>
    <Placemark>
      <styleUrl>#dados_com_ensaio</styleUrl>
      <Point>
        <coordinates>17.21743800,-9.68796300,0</coordinates>
      </Point>
    </Placemark>
    <Placemark>
      <styleUrl>#dados_com_ensaio</styleUrl>
      <Point>
        <coordinates>17.21748700,-9.68813700,0</coordinates>
      </Point>
    </Placemark>
    <Placemark>
      <styleUrl>#dados_com_ensaio</styleUrl>
      <Point>
        <coordinates>17.21753700,-9.68831100,0</coordinates>
      </Point>
    </Placemark>
    <Placemark>
      <styleUrl>#dados_com_ensaio</styleUrl>
      <Point>
        <coordinates>17.21758600,-9.68848500,0</coordinates>
      </Point>
    </Placemark>
    <Placemark>
      <styleUrl>#dados_com_ensaio</styleUrl>
      <Point>
        <coordinates>17.21763400,-9.68865900,0</coordinates>
      </Point>
    </Placemark>
    <Placemark>
      <styleUrl>#dados_com_ensaio</styleUrl>
      <Point>
        <coordinates>17.21768200,-9.68883400,0</coordinates>
      </Point>
    </Placemark>
    <Placemark>
      <styleUrl>#dados_com_ensaio</styleUrl>
      <Point>
        <coordinates>17.21772900,-9.68900800,0</coordinates>
      </Point>
    </Placemark>
    <Placemark>
      <styleUrl>#dados_com_ensaio</styleUrl>
      <Point>
        <coordinates>17.21777700,-9.68918300,0</coordinates>
      </Point>
    </Placemark>
    <Placemark>
      <styleUrl>#dados_com_ensaio</styleUrl>
      <Point>
        <coordinates>17.21782500,-9.68935700,0</coordinates>
      </Point>
    </Placemark>
    <Placemark>
      <styleUrl>#dados_com_ensaio</styleUrl>
      <Point>
        <coordinates>17.21787300,-9.68953100,0</coordinates>
      </Point>
    </Placemark>
    <Placemark>
      <styleUrl>#dados_com_ensaio</styleUrl>
      <Point>
        <coordinates>17.21792100,-9.68970600,0</coordinates>
      </Point>
    </Placemark>
    <Placemark>
      <styleUrl>#dados_com_ensaio</styleUrl>
      <Point>
        <coordinates>17.21796900,-9.68988000,0</coordinates>
      </Point>
    </Placemark>
    <Placemark>
      <styleUrl>#dados_com_ensaio</styleUrl>
      <Point>
        <coordinates>17.21802000,-9.69005400,0</coordinates>
      </Point>
    </Placemark>
    <Placemark>
      <styleUrl>#dados_com_ensaio</styleUrl>
      <Point>
        <coordinates>17.21807200,-9.69022700,0</coordinates>
      </Point>
    </Placemark>
    <Placemark>
      <styleUrl>#dados_com_ensaio</styleUrl>
      <Point>
        <coordinates>17.21812300,-9.69040000,0</coordinates>
      </Point>
    </Placemark>
    <Placemark>
      <styleUrl>#dados_com_ensaio</styleUrl>
      <Point>
        <coordinates>17.21817300,-9.69057400,0</coordinates>
      </Point>
    </Placemark>
    <Placemark>
      <styleUrl>#dados_com_ensaio</styleUrl>
      <Point>
        <coordinates>17.21822300,-9.69074800,0</coordinates>
      </Point>
    </Placemark>
    <Placemark>
      <styleUrl>#dados_com_ensaio</styleUrl>
      <Point>
        <coordinates>17.21828200,-9.69091900,0</coordinates>
      </Point>
    </Placemark>
    <Placemark>
      <styleUrl>#dados_com_ensaio</styleUrl>
      <Point>
        <coordinates>17.21834700,-9.69108800,0</coordinates>
      </Point>
    </Placemark>
    <Placemark>
      <styleUrl>#dados_com_ensaio</styleUrl>
      <Point>
        <coordinates>17.21841600,-9.69125500,0</coordinates>
      </Point>
    </Placemark>
    <Placemark>
      <styleUrl>#dados_com_ensaio</styleUrl>
      <Point>
        <coordinates>17.21848600,-9.69142200,0</coordinates>
      </Point>
    </Placemark>
    <Placemark>
      <styleUrl>#dados_com_ensaio</styleUrl>
      <Point>
        <coordinates>17.21855600,-9.69158900,0</coordinates>
      </Point>
    </Placemark>
    <Placemark>
      <styleUrl>#dados_com_ensaio</styleUrl>
      <Point>
        <coordinates>17.21862600,-9.69175600,0</coordinates>
      </Point>
    </Placemark>
    <Placemark>
      <styleUrl>#dados_com_ensaio</styleUrl>
      <Point>
        <coordinates>17.21869600,-9.69192300,0</coordinates>
      </Point>
    </Placemark>
    <Placemark>
      <styleUrl>#dados_com_ensaio</styleUrl>
      <Point>
        <coordinates>17.21876500,-9.69209000,0</coordinates>
      </Point>
    </Placemark>
    <Placemark>
      <styleUrl>#dados_com_ensaio</styleUrl>
      <Point>
        <coordinates>17.21883500,-9.69225700,0</coordinates>
      </Point>
    </Placemark>
    <Placemark>
      <styleUrl>#dados_com_ensaio</styleUrl>
      <Point>
        <coordinates>17.21890500,-9.69242400,0</coordinates>
      </Point>
    </Placemark>
    <Placemark>
      <styleUrl>#dados_com_ensaio</styleUrl>
      <Point>
        <coordinates>17.21897500,-9.69259100,0</coordinates>
      </Point>
    </Placemark>
    <Placemark>
      <styleUrl>#dados_com_ensaio</styleUrl>
      <Point>
        <coordinates>17.21904500,-9.69275700,0</coordinates>
      </Point>
    </Placemark>
    <Placemark>
      <styleUrl>#dados_com_ensaio</styleUrl>
      <Point>
        <coordinates>17.21911500,-9.69292400,0</coordinates>
      </Point>
    </Placemark>
    <Placemark>
      <styleUrl>#dados_com_ensaio</styleUrl>
      <Point>
        <coordinates>17.21918500,-9.69309100,0</coordinates>
      </Point>
    </Placemark>
    <Placemark>
      <styleUrl>#dados_com_ensaio</styleUrl>
      <Point>
        <coordinates>17.21925400,-9.69325800,0</coordinates>
      </Point>
    </Placemark>
    <Placemark>
      <styleUrl>#dados_com_ensaio</styleUrl>
      <Point>
        <coordinates>17.21932400,-9.69342500,0</coordinates>
      </Point>
    </Placemark>
    <Placemark>
      <styleUrl>#dados_com_ensaio</styleUrl>
      <Point>
        <coordinates>17.21939400,-9.69359200,0</coordinates>
      </Point>
    </Placemark>
    <Placemark>
      <styleUrl>#dados_com_ensaio</styleUrl>
      <Point>
        <coordinates>17.21946400,-9.69375900,0</coordinates>
      </Point>
    </Placemark>
    <Placemark>
      <styleUrl>#dados_com_ensaio</styleUrl>
      <Point>
        <coordinates>17.21953400,-9.69392600,0</coordinates>
      </Point>
    </Placemark>
    <Placemark>
      <styleUrl>#dados_com_ensaio</styleUrl>
      <Point>
        <coordinates>17.21960400,-9.69409300,0</coordinates>
      </Point>
    </Placemark>
    <Placemark>
      <styleUrl>#dados_com_ensaio</styleUrl>
      <Point>
        <coordinates>17.21967400,-9.69426000,0</coordinates>
      </Point>
    </Placemark>
    <Placemark>
      <styleUrl>#dados_com_ensaio</styleUrl>
      <Point>
        <coordinates>17.21974300,-9.69442700,0</coordinates>
      </Point>
    </Placemark>
    <Placemark>
      <styleUrl>#dados_com_ensaio</styleUrl>
      <Point>
        <coordinates>17.21981300,-9.69459400,0</coordinates>
      </Point>
    </Placemark>
    <Placemark>
      <styleUrl>#dados_com_ensaio</styleUrl>
      <Point>
        <coordinates>17.21988300,-9.69476100,0</coordinates>
      </Point>
    </Placemark>
    <Placemark>
      <styleUrl>#dados_com_ensaio</styleUrl>
      <Point>
        <coordinates>17.21995300,-9.69492800,0</coordinates>
      </Point>
    </Placemark>
    <Placemark>
      <styleUrl>#dados_com_ensaio</styleUrl>
      <Point>
        <coordinates>17.22002300,-9.69509500,0</coordinates>
      </Point>
    </Placemark>
    <Placemark>
      <styleUrl>#dados_com_ensaio</styleUrl>
      <Point>
        <coordinates>17.22009300,-9.69526200,0</coordinates>
      </Point>
    </Placemark>
    <Placemark>
      <styleUrl>#dados_com_ensaio</styleUrl>
      <Point>
        <coordinates>17.22016200,-9.69542900,0</coordinates>
      </Point>
    </Placemark>
    <Placemark>
      <styleUrl>#dados_com_ensaio</styleUrl>
      <Point>
        <coordinates>17.22023200,-9.69559600,0</coordinates>
      </Point>
    </Placemark>
    <Placemark>
      <styleUrl>#dados_com_ensaio</styleUrl>
      <Point>
        <coordinates>17.22030200,-9.69576200,0</coordinates>
      </Point>
    </Placemark>
    <Placemark>
      <styleUrl>#dados_com_ensaio</styleUrl>
      <Point>
        <coordinates>17.22037200,-9.69592900,0</coordinates>
      </Point>
    </Placemark>
    <Placemark>
      <styleUrl>#dados_com_ensaio</styleUrl>
      <Point>
        <coordinates>17.22044200,-9.69609600,0</coordinates>
      </Point>
    </Placemark>
    <Placemark>
      <styleUrl>#dados_com_ensaio</styleUrl>
      <Point>
        <coordinates>17.22051200,-9.69626300,0</coordinates>
      </Point>
    </Placemark>
    <Placemark>
      <styleUrl>#dados_com_ensaio</styleUrl>
      <Point>
        <coordinates>17.22058200,-9.69643000,0</coordinates>
      </Point>
    </Placemark>
    <Placemark>
      <styleUrl>#dados_com_ensaio</styleUrl>
      <Point>
        <coordinates>17.22065100,-9.69659700,0</coordinates>
      </Point>
    </Placemark>
    <Placemark>
      <styleUrl>#dados_com_ensaio</styleUrl>
      <Point>
        <coordinates>17.22072100,-9.69676400,0</coordinates>
      </Point>
    </Placemark>
    <Placemark>
      <styleUrl>#dados_com_ensaio</styleUrl>
      <Point>
        <coordinates>17.22079100,-9.69693100,0</coordinates>
      </Point>
    </Placemark>
    <Placemark>
      <styleUrl>#dados_com_ensaio</styleUrl>
      <Point>
        <coordinates>17.22086100,-9.69709800,0</coordinates>
      </Point>
    </Placemark>
    <Placemark>
      <styleUrl>#dados_com_ensaio</styleUrl>
      <Point>
        <coordinates>17.22093100,-9.69726500,0</coordinates>
      </Point>
    </Placemark>
    <Placemark>
      <styleUrl>#dados_com_ensaio</styleUrl>
      <Point>
        <coordinates>17.22100100,-9.69743200,0</coordinates>
      </Point>
    </Placemark>
    <Placemark>
      <styleUrl>#dados_com_ensaio</styleUrl>
      <Point>
        <coordinates>17.22107100,-9.69759900,0</coordinates>
      </Point>
    </Placemark>
    <Placemark>
      <styleUrl>#dados_com_ensaio</styleUrl>
      <Point>
        <coordinates>17.22114000,-9.69776600,0</coordinates>
      </Point>
    </Placemark>
    <Placemark>
      <styleUrl>#dados_com_ensaio</styleUrl>
      <Point>
        <coordinates>17.22121000,-9.69793300,0</coordinates>
      </Point>
    </Placemark>
    <Placemark>
      <styleUrl>#dados_com_ensaio</styleUrl>
      <Point>
        <coordinates>17.22128000,-9.69810000,0</coordinates>
      </Point>
    </Placemark>
    <Placemark>
      <styleUrl>#dados_com_ensaio</styleUrl>
      <Point>
        <coordinates>17.22135000,-9.69826700,0</coordinates>
      </Point>
    </Placemark>
    <Placemark>
      <styleUrl>#dados_com_ensaio</styleUrl>
      <Point>
        <coordinates>17.22142000,-9.69843400,0</coordinates>
      </Point>
    </Placemark>
    <Placemark>
      <styleUrl>#dados_com_ensaio</styleUrl>
      <Point>
        <coordinates>17.22149000,-9.69860100,0</coordinates>
      </Point>
    </Placemark>
    <Placemark>
      <styleUrl>#dados_com_ensaio</styleUrl>
      <Point>
        <coordinates>17.22156000,-9.69876800,0</coordinates>
      </Point>
    </Placemark>
    <Placemark>
      <styleUrl>#dados_com_ensaio</styleUrl>
      <Point>
        <coordinates>17.22162900,-9.69893500,0</coordinates>
      </Point>
    </Placemark>
    <Placemark>
      <styleUrl>#dados_com_ensaio</styleUrl>
      <Point>
        <coordinates>17.22169900,-9.69910100,0</coordinates>
      </Point>
    </Placemark>
    <Placemark>
      <styleUrl>#dados_com_ensaio</styleUrl>
      <Point>
        <coordinates>17.22176900,-9.69926800,0</coordinates>
      </Point>
    </Placemark>
    <Placemark>
      <styleUrl>#dados_com_ensaio</styleUrl>
      <Point>
        <coordinates>17.22183900,-9.69943500,0</coordinates>
      </Point>
    </Placemark>
    <Placemark>
      <styleUrl>#dados_com_ensaio</styleUrl>
      <Point>
        <coordinates>17.22190900,-9.69960200,0</coordinates>
      </Point>
    </Placemark>
    <Placemark>
      <styleUrl>#dados_com_ensaio</styleUrl>
      <Point>
        <coordinates>17.22197900,-9.69976900,0</coordinates>
      </Point>
    </Placemark>
    <Placemark>
      <styleUrl>#dados_com_ensaio</styleUrl>
      <Point>
        <coordinates>17.22204900,-9.69993600,0</coordinates>
      </Point>
    </Placemark>
    <Placemark>
      <styleUrl>#dados_com_ensaio</styleUrl>
      <Point>
        <coordinates>17.22211800,-9.70010300,0</coordinates>
      </Point>
    </Placemark>
    <Placemark>
      <styleUrl>#dados_com_ensaio</styleUrl>
      <Point>
        <coordinates>17.22218800,-9.70027000,0</coordinates>
      </Point>
    </Placemark>
    <Placemark>
      <styleUrl>#dados_com_ensaio</styleUrl>
      <Point>
        <coordinates>17.22225800,-9.70043700,0</coordinates>
      </Point>
    </Placemark>
    <Placemark>
      <styleUrl>#dados_com_ensaio</styleUrl>
      <Point>
        <coordinates>17.22232800,-9.70060400,0</coordinates>
      </Point>
    </Placemark>
    <Placemark>
      <styleUrl>#dados_com_ensaio</styleUrl>
      <Point>
        <coordinates>17.22239800,-9.70077100,0</coordinates>
      </Point>
    </Placemark>
    <Placemark>
      <styleUrl>#dados_com_ensaio</styleUrl>
      <Point>
        <coordinates>17.22246800,-9.70093800,0</coordinates>
      </Point>
    </Placemark>
    <Placemark>
      <styleUrl>#dados_com_ensaio</styleUrl>
      <Point>
        <coordinates>17.22253700,-9.70110500,0</coordinates>
      </Point>
    </Placemark>
    <Placemark>
      <styleUrl>#dados_com_ensaio</styleUrl>
      <Point>
        <coordinates>17.22260700,-9.70127200,0</coordinates>
      </Point>
    </Placemark>
    <Placemark>
      <styleUrl>#dados_com_ensaio</styleUrl>
      <Point>
        <coordinates>17.22267700,-9.70143900,0</coordinates>
      </Point>
    </Placemark>
    <Placemark>
      <styleUrl>#dados_com_ensaio</styleUrl>
      <Point>
        <coordinates>17.22274700,-9.70160600,0</coordinates>
      </Point>
    </Placemark>
    <Placemark>
      <styleUrl>#dados_com_ensaio</styleUrl>
      <Point>
        <coordinates>17.22281700,-9.70177300,0</coordinates>
      </Point>
    </Placemark>
    <Placemark>
      <styleUrl>#dados_com_ensaio</styleUrl>
      <Point>
        <coordinates>17.22288700,-9.70194000,0</coordinates>
      </Point>
    </Placemark>
    <Placemark>
      <styleUrl>#dados_com_ensaio</styleUrl>
      <Point>
        <coordinates>17.22295700,-9.70210700,0</coordinates>
      </Point>
    </Placemark>
    <Placemark>
      <styleUrl>#dados_com_ensaio</styleUrl>
      <Point>
        <coordinates>17.22302600,-9.70227300,0</coordinates>
      </Point>
    </Placemark>
    <Placemark>
      <styleUrl>#dados_com_ensaio</styleUrl>
      <Point>
        <coordinates>17.22309600,-9.70244000,0</coordinates>
      </Point>
    </Placemark>
    <Placemark>
      <styleUrl>#dados_com_ensaio</styleUrl>
      <Point>
        <coordinates>17.22316600,-9.70260700,0</coordinates>
      </Point>
    </Placemark>
    <Placemark>
      <styleUrl>#dados_com_ensaio</styleUrl>
      <Point>
        <coordinates>17.22323600,-9.70277400,0</coordinates>
      </Point>
    </Placemark>
    <Placemark>
      <styleUrl>#dados_com_ensaio</styleUrl>
      <Point>
        <coordinates>17.22330600,-9.70294100,0</coordinates>
      </Point>
    </Placemark>
    <Placemark>
      <styleUrl>#dados_com_ensaio</styleUrl>
      <Point>
        <coordinates>17.22337600,-9.70310800,0</coordinates>
      </Point>
    </Placemark>
    <Placemark>
      <styleUrl>#dados_com_ensaio</styleUrl>
      <Point>
        <coordinates>17.22344600,-9.70327500,0</coordinates>
      </Point>
    </Placemark>
    <Placemark>
      <styleUrl>#dados_com_ensaio</styleUrl>
      <Point>
        <coordinates>17.22351500,-9.70344200,0</coordinates>
      </Point>
    </Placemark>
    <Placemark>
      <styleUrl>#dados_com_ensaio</styleUrl>
      <Point>
        <coordinates>17.22358500,-9.70360900,0</coordinates>
      </Point>
    </Placemark>
    <Placemark>
      <styleUrl>#dados_com_ensaio</styleUrl>
      <Point>
        <coordinates>17.22365500,-9.70377600,0</coordinates>
      </Point>
    </Placemark>
    <Placemark>
      <styleUrl>#dados_com_ensaio</styleUrl>
      <Point>
        <coordinates>17.22372500,-9.70394300,0</coordinates>
      </Point>
    </Placemark>
    <Placemark>
      <styleUrl>#dados_com_ensaio</styleUrl>
      <Point>
        <coordinates>17.22379500,-9.70411000,0</coordinates>
      </Point>
    </Placemark>
    <Placemark>
      <styleUrl>#dados_com_ensaio</styleUrl>
      <Point>
        <coordinates>17.22386500,-9.70427700,0</coordinates>
      </Point>
    </Placemark>
    <Placemark>
      <styleUrl>#dados_com_ensaio</styleUrl>
      <Point>
        <coordinates>17.22393500,-9.70444400,0</coordinates>
      </Point>
    </Placemark>
    <Placemark>
      <styleUrl>#dados_com_ensaio</styleUrl>
      <Point>
        <coordinates>17.22400500,-9.70461100,0</coordinates>
      </Point>
    </Placemark>
    <Placemark>
      <styleUrl>#dados_com_ensaio</styleUrl>
      <Point>
        <coordinates>17.22407400,-9.70477800,0</coordinates>
      </Point>
    </Placemark>
    <Placemark>
      <styleUrl>#dados_com_ensaio</styleUrl>
      <Point>
        <coordinates>17.22414400,-9.70494500,0</coordinates>
      </Point>
    </Placemark>
    <Placemark>
      <styleUrl>#dados_com_ensaio</styleUrl>
      <Point>
        <coordinates>17.22421400,-9.70511200,0</coordinates>
      </Point>
    </Placemark>
    <Placemark>
      <styleUrl>#dados_com_ensaio</styleUrl>
      <Point>
        <coordinates>17.22428400,-9.70527800,0</coordinates>
      </Point>
    </Placemark>
    <Placemark>
      <styleUrl>#dados_com_ensaio</styleUrl>
      <Point>
        <coordinates>17.22435400,-9.70544500,0</coordinates>
      </Point>
    </Placemark>
    <Placemark>
      <styleUrl>#dados_com_ensaio</styleUrl>
      <Point>
        <coordinates>17.22442400,-9.70561200,0</coordinates>
      </Point>
    </Placemark>
    <Placemark>
      <styleUrl>#dados_com_ensaio</styleUrl>
      <Point>
        <coordinates>17.22449400,-9.70577900,0</coordinates>
      </Point>
    </Placemark>
    <Placemark>
      <styleUrl>#dados_com_ensaio</styleUrl>
      <Point>
        <coordinates>17.22456300,-9.70594600,0</coordinates>
      </Point>
    </Placemark>
    <Placemark>
      <styleUrl>#dados_com_ensaio</styleUrl>
      <Point>
        <coordinates>17.22463300,-9.70611300,0</coordinates>
      </Point>
    </Placemark>
    <Placemark>
      <styleUrl>#dados_com_ensaio</styleUrl>
      <Point>
        <coordinates>17.22468900,-9.70628500,0</coordinates>
      </Point>
    </Placemark>
    <Placemark>
      <styleUrl>#dados_com_ensaio</styleUrl>
      <Point>
        <coordinates>17.22473900,-9.70645900,0</coordinates>
      </Point>
    </Placemark>
    <Placemark>
      <styleUrl>#dados_com_ensaio</styleUrl>
      <Point>
        <coordinates>17.22478800,-9.70663300,0</coordinates>
      </Point>
    </Placemark>
    <Placemark>
      <styleUrl>#dados_com_ensaio</styleUrl>
      <Point>
        <coordinates>17.22483800,-9.70680700,0</coordinates>
      </Point>
    </Placemark>
    <Placemark>
      <styleUrl>#dados_com_ensaio</styleUrl>
      <Point>
        <coordinates>17.22488700,-9.70698100,0</coordinates>
      </Point>
    </Placemark>
    <Placemark>
      <styleUrl>#dados_com_ensaio</styleUrl>
      <Point>
        <coordinates>17.22491900,-9.70715900,0</coordinates>
      </Point>
    </Placemark>
    <Placemark>
      <styleUrl>#dados_com_ensaio</styleUrl>
      <Point>
        <coordinates>17.22495100,-9.70733700,0</coordinates>
      </Point>
    </Placemark>
    <Placemark>
      <styleUrl>#dados_com_ensaio</styleUrl>
      <Point>
        <coordinates>17.22498200,-9.70751500,0</coordinates>
      </Point>
    </Placemark>
    <Placemark>
      <styleUrl>#dados_com_ensaio</styleUrl>
      <Point>
        <coordinates>17.22501300,-9.70769300,0</coordinates>
      </Point>
    </Placemark>
    <Placemark>
      <styleUrl>#dados_com_ensaio</styleUrl>
      <Point>
        <coordinates>17.22504500,-9.70787100,0</coordinates>
      </Point>
    </Placemark>
    <Placemark>
      <styleUrl>#dados_com_ensaio</styleUrl>
      <Point>
        <coordinates>17.22507600,-9.70804900,0</coordinates>
      </Point>
    </Placemark>
    <Placemark>
      <styleUrl>#dados_com_ensaio</styleUrl>
      <Point>
        <coordinates>17.22510700,-9.70822700,0</coordinates>
      </Point>
    </Placemark>
    <Placemark>
      <styleUrl>#dados_com_ensaio</styleUrl>
      <Point>
        <coordinates>17.22513800,-9.70840500,0</coordinates>
      </Point>
    </Placemark>
    <Placemark>
      <styleUrl>#dados_com_ensaio</styleUrl>
      <Point>
        <coordinates>17.22517000,-9.70858300,0</coordinates>
      </Point>
    </Placemark>
    <Placemark>
      <styleUrl>#dados_com_ensaio</styleUrl>
      <Point>
        <coordinates>17.22520100,-9.70876100,0</coordinates>
      </Point>
    </Placemark>
    <Placemark>
      <styleUrl>#dados_com_ensaio</styleUrl>
      <Point>
        <coordinates>17.22523200,-9.70893900,0</coordinates>
      </Point>
    </Placemark>
    <Placemark>
      <styleUrl>#dados_com_ensaio</styleUrl>
      <Point>
        <coordinates>17.22526300,-9.70911800,0</coordinates>
      </Point>
    </Placemark>
    <Placemark>
      <styleUrl>#dados_com_ensaio</styleUrl>
      <Point>
        <coordinates>17.22530000,-9.70929500,0</coordinates>
      </Point>
    </Placemark>
    <Placemark>
      <styleUrl>#dados_com_ensaio</styleUrl>
      <Point>
        <coordinates>17.22533900,-9.70947100,0</coordinates>
      </Point>
    </Placemark>
    <Placemark>
      <styleUrl>#dados_com_ensaio</styleUrl>
      <Point>
        <coordinates>17.22537800,-9.70964800,0</coordinates>
      </Point>
    </Placemark>
    <Placemark>
      <styleUrl>#dados_com_ensaio</styleUrl>
      <Point>
        <coordinates>17.22541700,-9.70982400,0</coordinates>
      </Point>
    </Placemark>
    <Placemark>
      <styleUrl>#dados_com_ensaio</styleUrl>
      <Point>
        <coordinates>17.22545600,-9.71000100,0</coordinates>
      </Point>
    </Placemark>
    <Placemark>
      <styleUrl>#dados_com_ensaio</styleUrl>
      <Point>
        <coordinates>17.22549400,-9.71017800,0</coordinates>
      </Point>
    </Placemark>
    <Placemark>
      <styleUrl>#dados_com_ensaio</styleUrl>
      <Point>
        <coordinates>17.22554700,-9.71035100,0</coordinates>
      </Point>
    </Placemark>
    <Placemark>
      <styleUrl>#dados_com_ensaio</styleUrl>
      <Point>
        <coordinates>17.22560000,-9.71052400,0</coordinates>
      </Point>
    </Placemark>
    <Placemark>
      <styleUrl>#dados_com_ensaio</styleUrl>
      <Point>
        <coordinates>17.22565300,-9.71069600,0</coordinates>
      </Point>
    </Placemark>
    <Placemark>
      <styleUrl>#dados_com_ensaio</styleUrl>
      <Point>
        <coordinates>17.22570600,-9.71086900,0</coordinates>
      </Point>
    </Placemark>
    <Placemark>
      <styleUrl>#dados_com_ensaio</styleUrl>
      <Point>
        <coordinates>17.22575900,-9.71104200,0</coordinates>
      </Point>
    </Placemark>
    <Placemark>
      <styleUrl>#dados_com_ensaio</styleUrl>
      <Point>
        <coordinates>17.22581100,-9.71121600,0</coordinates>
      </Point>
    </Placemark>
    <Placemark>
      <styleUrl>#dados_com_ensaio</styleUrl>
      <Point>
        <coordinates>17.22586300,-9.71138900,0</coordinates>
      </Point>
    </Placemark>
    <Placemark>
      <styleUrl>#dados_com_ensaio</styleUrl>
      <Point>
        <coordinates>17.22591400,-9.71156200,0</coordinates>
      </Point>
    </Placemark>
    <Placemark>
      <styleUrl>#dados_com_ensaio</styleUrl>
      <Point>
        <coordinates>17.22596600,-9.71173600,0</coordinates>
      </Point>
    </Placemark>
    <Placemark>
      <styleUrl>#dados_com_ensaio</styleUrl>
      <Point>
        <coordinates>17.22601700,-9.71190900,0</coordinates>
      </Point>
    </Placemark>
    <Placemark>
      <styleUrl>#dados_com_ensaio</styleUrl>
      <Point>
        <coordinates>17.22606900,-9.71208200,0</coordinates>
      </Point>
    </Placemark>
    <Placemark>
      <styleUrl>#dados_com_ensaio</styleUrl>
      <Point>
        <coordinates>17.22612100,-9.71225600,0</coordinates>
      </Point>
    </Placemark>
    <Placemark>
      <styleUrl>#dados_com_ensaio</styleUrl>
      <Point>
        <coordinates>17.22617300,-9.71242900,0</coordinates>
      </Point>
    </Placemark>
    <Placemark>
      <styleUrl>#dados_com_ensaio</styleUrl>
      <Point>
        <coordinates>17.22622500,-9.71260200,0</coordinates>
      </Point>
    </Placemark>
    <Placemark>
      <styleUrl>#dados_com_ensaio</styleUrl>
      <Point>
        <coordinates>17.22627700,-9.71277500,0</coordinates>
      </Point>
    </Placemark>
    <Placemark>
      <styleUrl>#dados_com_ensaio</styleUrl>
      <Point>
        <coordinates>17.22632100,-9.71291300,0</coordinates>
      </Point>
    </Placemark>
    <Placemark>
      <styleUrl>#dados_com_ensaio</styleUrl>
      <Point>
        <coordinates>16.50482800,-11.11183800,0</coordinates>
      </Point>
    </Placemark>
    <Placemark>
      <styleUrl>#dados_com_ensaio</styleUrl>
      <Point>
        <coordinates>16.52433500,-11.05736600,0</coordinates>
      </Point>
    </Placemark>
    <Placemark>
      <styleUrl>#dados_com_ensaio</styleUrl>
      <Point>
        <coordinates>16.53564600,-11.05000500,0</coordinates>
      </Point>
    </Placemark>
    <Placemark>
      <styleUrl>#dados_com_ensaio</styleUrl>
      <Point>
        <coordinates>16.54395600,-11.04465100,0</coordinates>
      </Point>
    </Placemark>
    <Placemark>
      <styleUrl>#dados_com_ensaio</styleUrl>
      <Point>
        <coordinates>16.55767700,-11.04298100,0</coordinates>
      </Point>
    </Placemark>
    <Placemark>
      <styleUrl>#dados_com_ensaio</styleUrl>
      <Point>
        <coordinates>16.56331000,-11.04315000,0</coordinates>
      </Point>
    </Placemark>
    <Placemark>
      <styleUrl>#dados_com_ensaio</styleUrl>
      <Point>
        <coordinates>16.57926500,-11.04591700,0</coordinates>
      </Point>
    </Placemark>
    <Placemark>
      <styleUrl>#dados_com_ensaio</styleUrl>
      <Point>
        <coordinates>21.37803100,-13.50477000,0</coordinates>
      </Point>
    </Placemark>
    <Placemark>
      <styleUrl>#dados_com_ensaio</styleUrl>
      <Point>
        <coordinates>21.37690200,-13.50414800,0</coordinates>
      </Point>
    </Placemark>
    <Placemark>
      <styleUrl>#dados_com_ensaio</styleUrl>
      <Point>
        <coordinates>21.37691200,-13.50461800,0</coordinates>
      </Point>
    </Placemark>
    <Placemark>
      <styleUrl>#dados_com_ensaio</styleUrl>
      <Point>
        <coordinates>21.37728300,-13.50506100,0</coordinates>
      </Point>
    </Placemark>
    <Placemark>
      <styleUrl>#dados_com_ensaio</styleUrl>
      <Point>
        <coordinates>21.40179300,-13.59599600,0</coordinates>
      </Point>
    </Placemark>
    <Placemark>
      <styleUrl>#dados_com_ensaio</styleUrl>
      <Point>
        <coordinates>21.40251300,-13.59558800,0</coordinates>
      </Point>
    </Placemark>
    <Placemark>
      <styleUrl>#dados_com_ensaio</styleUrl>
      <Point>
        <coordinates>21.40335600,-13.59650900,0</coordinates>
      </Point>
    </Placemark>
    <Placemark>
      <styleUrl>#dados_com_ensaio</styleUrl>
      <Point>
        <coordinates>21.40261700,-13.59681700,0</coordinates>
      </Point>
    </Placemark>
    <Placemark>
      <styleUrl>#dados_com_ensaio</styleUrl>
      <Point>
        <coordinates>21.43186100,-13.68130200,0</coordinates>
      </Point>
    </Placemark>
    <Placemark>
      <styleUrl>#dados_com_ensaio</styleUrl>
      <Point>
        <coordinates>21.43117600,-13.68073400,0</coordinates>
      </Point>
    </Placemark>
    <Placemark>
      <styleUrl>#dados_com_ensaio</styleUrl>
      <Point>
        <coordinates>21.43082600,-13.68120500,0</coordinates>
      </Point>
    </Placemark>
    <Placemark>
      <styleUrl>#dados_com_ensaio</styleUrl>
      <Point>
        <coordinates>21.43151100,-13.68183600,0</coordinates>
      </Point>
    </Placemark>
    <Placemark>
      <styleUrl>#dados_com_ensaio</styleUrl>
      <Point>
        <coordinates>21.46354500,-13.77223400,0</coordinates>
      </Point>
    </Placemark>
    <Placemark>
      <styleUrl>#dados_com_ensaio</styleUrl>
      <Point>
        <coordinates>21.46368200,-13.77114900,0</coordinates>
      </Point>
    </Placemark>
    <Placemark>
      <styleUrl>#dados_com_ensaio</styleUrl>
      <Point>
        <coordinates>21.46363100,-13.77331900,0</coordinates>
      </Point>
    </Placemark>
    <Placemark>
      <styleUrl>#dados_com_ensaio</styleUrl>
      <Point>
        <coordinates>21.46400800,-13.77216100,0</coordinates>
      </Point>
    </Placemark>
    <Placemark>
      <styleUrl>#dados_com_ensaio</styleUrl>
      <Point>
        <coordinates>21.46061700,-13.80755700,0</coordinates>
      </Point>
    </Placemark>
    <Placemark>
      <styleUrl>#dados_com_ensaio</styleUrl>
      <Point>
        <coordinates>21.45985800,-13.80723300,0</coordinates>
      </Point>
    </Placemark>
    <Placemark>
      <styleUrl>#dados_com_ensaio</styleUrl>
      <Point>
        <coordinates>21.45996100,-13.80794700,0</coordinates>
      </Point>
    </Placemark>
    <Placemark>
      <styleUrl>#dados_com_ensaio</styleUrl>
      <Point>
        <coordinates>21.46050900,-13.80888600,0</coordinates>
      </Point>
    </Placemark>
    <Placemark>
      <styleUrl>#dados_com_ensaio</styleUrl>
      <Point>
        <coordinates>21.46348500,-13.95645200,0</coordinates>
      </Point>
    </Placemark>
    <Placemark>
      <styleUrl>#dados_com_ensaio</styleUrl>
      <Point>
        <coordinates>21.46363300,-13.95629800,0</coordinates>
      </Point>
    </Placemark>
    <Placemark>
      <styleUrl>#dados_com_ensaio</styleUrl>
      <Point>
        <coordinates>21.46312300,-13.95616400,0</coordinates>
      </Point>
    </Placemark>
    <Placemark>
      <styleUrl>#dados_com_ensaio</styleUrl>
      <Point>
        <coordinates>21.46347600,-13.95670600,0</coordinates>
      </Point>
    </Placemark>
    <Placemark>
      <styleUrl>#dados_com_ensaio</styleUrl>
      <Point>
        <coordinates>21.44163100,-14.08467800,0</coordinates>
      </Point>
    </Placemark>
    <Placemark>
      <styleUrl>#dados_com_ensaio</styleUrl>
      <Point>
        <coordinates>21.44110400,-14.08486000,0</coordinates>
      </Point>
    </Placemark>
    <Placemark>
      <styleUrl>#dados_com_ensaio</styleUrl>
      <Point>
        <coordinates>21.44116800,-14.08452500,0</coordinates>
      </Point>
    </Placemark>
    <Placemark>
      <styleUrl>#dados_com_ensaio</styleUrl>
      <Point>
        <coordinates>21.44157600,-14.08491300,0</coordinates>
      </Point>
    </Placemark>
  </Document>
</kml>