<?xml version='1.0' encoding='utf-8'?>
<kml xmlns="http://www.opengis.net/kml/2.2">
  <Document>
    <name>2141 Pontos - Coordenadas e Cor</name>
    <Style id="style_sem_classificação">
      <IconStyle>
        <color>ff555555</color>
        <scale>0.9</scale>
        <Icon>
          <href>http://maps.google.com/mapfiles/kml/shapes/placemark_circle.png</href>
        </Icon>
      </IconStyle>
    </Style>
    <Style id="style_vermelho_claro">
      <IconStyle>
        <color>ff6699ff</color>
        <scale>0.9</scale>
        <Icon>
          <href>http://maps.google.com/mapfiles/kml/shapes/placemark_circle.png</href>
        </Icon>
      </IconStyle>
    </Style>
    <Style id="style_verde">
      <IconStyle>
        <color>ff00cc00</color>
        <scale>0.9</scale>
        <Icon>
          <href>http://maps.google.com/mapfiles/kml/shapes/placemark_circle.png</href>
        </Icon>
      </IconStyle>
    </Style>
    <Style id="style_azul">
      <IconStyle>
        <color>ffff6600</color>
        <scale>0.9</scale>
        <Icon>
          <href>http://maps.google.com/mapfiles/kml/shapes/placemark_circle.png</href>
        </Icon>
      </IconStyle>
    </Style>
    <Style id="style_vermelho">
      <IconStyle>
        <color>ff0000ff</color>
        <scale>0.9</scale>
        <Icon>
          <href>http://maps.google.com/mapfiles/kml/shapes/placemark_circle.png</href>
        </Icon>
      </IconStyle>
    </Style>
    <Style id="style_branco">
      <IconStyle>
        <color>ffdddddd</color>
        <scale>0.9</scale>
        <Icon>
          <href>http://maps.google.com/mapfiles/kml/shapes/placemark_circle.png</href>
        </Icon>
      </IconStyle>
    </Style>
    <Style id="style_amarelo">
      <IconStyle>
        <color>ff00eeff</color>
        <scale>0.9</scale>
        <Icon>
          <href>http://maps.google.com/mapfiles/kml/shapes/placemark_circle.png</href>
        </Icon>
      </IconStyle>
    </Style>
    <Style id="style_cinza">
      <IconStyle>
        <color>ffaaaaaa</color>
        <scale>0.9</scale>
        <Icon>
          <href>http://maps.google.com/mapfiles/kml/shapes/placemark_circle.png</href>
        </Icon>
      </IconStyle>
    </Style>
    <Style id="style_vermelho_escuro">
      <IconStyle>
        <color>ff000088</color>
        <scale>0.9</scale>
        <Icon>
          <href>http://maps.google.com/mapfiles/kml/shapes/placemark_circle.png</href>
        </Icon>
      </IconStyle>
    </Style>
    <Style id="style_marrom">
      <IconStyle>
        <color>ff336699</color>
        <scale>0.9</scale>
        <Icon>
          <href>http://maps.google.com/mapfiles/kml/shapes/placemark_circle.png</href>
        </Icon>
      </IconStyle>
    </Style>
    <Placemark>
      <name>Amarelo</name>
      <styleUrl>#style_amarelo</styleUrl>
      <Point>
        <coordinates>15.193154,-9.292878,0</coordinates>
      </Point>
    </Placemark>
    <Placemark>
      <name>Amarelo</name>
      <styleUrl>#style_amarelo</styleUrl>
      <Point>
        <coordinates>15.213713,-9.320643,0</coordinates>
      </Point>
    </Placemark>
    <Placemark>
      <name>Amarelo</name>
      <styleUrl>#style_amarelo</styleUrl>
      <Point>
        <coordinates>15.262241,-9.286620,0</coordinates>
      </Point>
    </Placemark>
    <Placemark>
      <name>Amarelo</name>
      <styleUrl>#style_amarelo</styleUrl>
      <Point>
        <coordinates>15.263999,-11.095765,0</coordinates>
      </Point>
    </Placemark>
    <Placemark>
      <name>Amarelo</name>
      <styleUrl>#style_amarelo</styleUrl>
      <Point>
        <coordinates>15.261941,-9.287281,0</coordinates>
      </Point>
    </Placemark>
    <Placemark>
      <name>Amarelo</name>
      <styleUrl>#style_amarelo</styleUrl>
      <Point>
        <coordinates>15.258867,-9.291652,0</coordinates>
      </Point>
    </Placemark>
    <Placemark>
      <name>Amarelo</name>
      <styleUrl>#style_amarelo</styleUrl>
      <Point>
        <coordinates>15.256796,-9.299522,0</coordinates>
      </Point>
    </Placemark>
    <Placemark>
      <name>Amarelo</name>
      <styleUrl>#style_amarelo</styleUrl>
      <Point>
        <coordinates>15.254285,-9.302292,0</coordinates>
      </Point>
    </Placemark>
    <Placemark>
      <name>Amarelo</name>
      <styleUrl>#style_amarelo</styleUrl>
      <Point>
        <coordinates>15.263186,-9.320610,0</coordinates>
      </Point>
    </Placemark>
    <Placemark>
      <name>Amarelo</name>
      <styleUrl>#style_amarelo</styleUrl>
      <Point>
        <coordinates>14.209752,-10.918068,0</coordinates>
      </Point>
    </Placemark>
    <Placemark>
      <name>Amarelo</name>
      <styleUrl>#style_amarelo</styleUrl>
      <Point>
        <coordinates>14.212465,-10.926775,0</coordinates>
      </Point>
    </Placemark>
    <Placemark>
      <name>Amarelo</name>
      <styleUrl>#style_amarelo</styleUrl>
      <Point>
        <coordinates>14.225012,-10.936917,0</coordinates>
      </Point>
    </Placemark>
    <Placemark>
      <name>Amarelo</name>
      <styleUrl>#style_amarelo</styleUrl>
      <Point>
        <coordinates>14.227150,-10.945432,0</coordinates>
      </Point>
    </Placemark>
    <Placemark>
      <name>Amarelo</name>
      <styleUrl>#style_amarelo</styleUrl>
      <Point>
        <coordinates>14.228206,-10.954523,0</coordinates>
      </Point>
    </Placemark>
    <Placemark>
      <name>Amarelo</name>
      <styleUrl>#style_amarelo</styleUrl>
      <Point>
        <coordinates>14.231709,-10.962526,0</coordinates>
      </Point>
    </Placemark>
    <Placemark>
      <name>Amarelo</name>
      <styleUrl>#style_amarelo</styleUrl>
      <Point>
        <coordinates>13.563024,-9.170447,0</coordinates>
      </Point>
    </Placemark>
    <Placemark>
      <name>Amarelo</name>
      <styleUrl>#style_amarelo</styleUrl>
      <Point>
        <coordinates>13.560915,-9.174254,0</coordinates>
      </Point>
    </Placemark>
    <Placemark>
      <name>Amarelo</name>
      <styleUrl>#style_amarelo</styleUrl>
      <Point>
        <coordinates>13.547838,-9.172213,0</coordinates>
      </Point>
    </Placemark>
    <Placemark>
      <name>Amarelo</name>
      <styleUrl>#style_amarelo</styleUrl>
      <Point>
        <coordinates>13.556033,-9.173231,0</coordinates>
      </Point>
    </Placemark>
    <Placemark>
      <name>Amarelo</name>
      <styleUrl>#style_amarelo</styleUrl>
      <Point>
        <coordinates>13.569611,-9.138735,0</coordinates>
      </Point>
    </Placemark>
    <Placemark>
      <name>Amarelo</name>
      <styleUrl>#style_amarelo</styleUrl>
      <Point>
        <coordinates>13.569833,-9.137741,0</coordinates>
      </Point>
    </Placemark>
    <Placemark>
      <name>Amarelo</name>
      <styleUrl>#style_amarelo</styleUrl>
      <Point>
        <coordinates>13.569024,-9.137602,0</coordinates>
      </Point>
    </Placemark>
    <Placemark>
      <name>Amarelo</name>
      <styleUrl>#style_amarelo</styleUrl>
      <Point>
        <coordinates>13.568456,-9.138549,0</coordinates>
      </Point>
    </Placemark>
    <Placemark>
      <name>Amarelo</name>
      <styleUrl>#style_amarelo</styleUrl>
      <Point>
        <coordinates>17.469055,-15.732519,0</coordinates>
      </Point>
    </Placemark>
    <Placemark>
      <name>Amarelo</name>
      <styleUrl>#style_amarelo</styleUrl>
      <Point>
        <coordinates>17.481695,-15.745004,0</coordinates>
      </Point>
    </Placemark>
    <Placemark>
      <name>Amarelo</name>
      <styleUrl>#style_amarelo</styleUrl>
      <Point>
        <coordinates>17.489955,-15.749219,0</coordinates>
      </Point>
    </Placemark>
    <Placemark>
      <name>Amarelo</name>
      <styleUrl>#style_amarelo</styleUrl>
      <Point>
        <coordinates>17.497234,-15.754872,0</coordinates>
      </Point>
    </Placemark>
    <Placemark>
      <name>Amarelo</name>
      <styleUrl>#style_amarelo</styleUrl>
      <Point>
        <coordinates>17.504486,-15.760570,0</coordinates>
      </Point>
    </Placemark>
    <Placemark>
      <name>Amarelo</name>
      <styleUrl>#style_amarelo</styleUrl>
      <Point>
        <coordinates>17.511738,-15.766258,0</coordinates>
      </Point>
    </Placemark>
    <Placemark>
      <name>Amarelo</name>
      <styleUrl>#style_amarelo</styleUrl>
      <Point>
        <coordinates>17.518982,-15.771947,0</coordinates>
      </Point>
    </Placemark>
    <Placemark>
      <name>Amarelo</name>
      <styleUrl>#style_amarelo</styleUrl>
      <Point>
        <coordinates>17.526387,-15.777832,0</coordinates>
      </Point>
    </Placemark>
    <Placemark>
      <name>Amarelo</name>
      <styleUrl>#style_amarelo</styleUrl>
      <Point>
        <coordinates>17.533498,-15.783331,0</coordinates>
      </Point>
    </Placemark>
    <Placemark>
      <name>Amarelo</name>
      <styleUrl>#style_amarelo</styleUrl>
      <Point>
        <coordinates>17.540716,-15.789083,0</coordinates>
      </Point>
    </Placemark>
    <Placemark>
      <name>Amarelo</name>
      <styleUrl>#style_amarelo</styleUrl>
      <Point>
        <coordinates>17.553812,-15.801665,0</coordinates>
      </Point>
    </Placemark>
    <Placemark>
      <name>Amarelo</name>
      <styleUrl>#style_amarelo</styleUrl>
      <Point>
        <coordinates>17.570421,-15.843192,0</coordinates>
      </Point>
    </Placemark>
    <Placemark>
      <name>Amarelo</name>
      <styleUrl>#style_amarelo</styleUrl>
      <Point>
        <coordinates>17.577157,-15.859262,0</coordinates>
      </Point>
    </Placemark>
    <Placemark>
      <name>Amarelo</name>
      <styleUrl>#style_amarelo</styleUrl>
      <Point>
        <coordinates>17.580322,-15.866658,0</coordinates>
      </Point>
    </Placemark>
    <Placemark>
      <name>Amarelo</name>
      <styleUrl>#style_amarelo</styleUrl>
      <Point>
        <coordinates>17.584260,-15.875463,0</coordinates>
      </Point>
    </Placemark>
    <Placemark>
      <name>Amarelo</name>
      <styleUrl>#style_amarelo</styleUrl>
      <Point>
        <coordinates>17.586407,-15.884263,0</coordinates>
      </Point>
    </Placemark>
    <Placemark>
      <name>Amarelo</name>
      <styleUrl>#style_amarelo</styleUrl>
      <Point>
        <coordinates>17.590031,-15.892493,0</coordinates>
      </Point>
    </Placemark>
    <Placemark>
      <name>Amarelo</name>
      <styleUrl>#style_amarelo</styleUrl>
      <Point>
        <coordinates>17.595261,-15.900009,0</coordinates>
      </Point>
    </Placemark>
    <Placemark>
      <name>Amarelo</name>
      <styleUrl>#style_amarelo</styleUrl>
      <Point>
        <coordinates>17.600491,-15.907542,0</coordinates>
      </Point>
    </Placemark>
    <Placemark>
      <name>Amarelo</name>
      <styleUrl>#style_amarelo</styleUrl>
      <Point>
        <coordinates>17.602648,-15.916287,0</coordinates>
      </Point>
    </Placemark>
    <Placemark>
      <name>Amarelo</name>
      <styleUrl>#style_amarelo</styleUrl>
      <Point>
        <coordinates>17.604247,-15.925192,0</coordinates>
      </Point>
    </Placemark>
    <Placemark>
      <name>Amarelo</name>
      <styleUrl>#style_amarelo</styleUrl>
      <Point>
        <coordinates>17.605800,-15.934115,0</coordinates>
      </Point>
    </Placemark>
    <Placemark>
      <name>Amarelo</name>
      <styleUrl>#style_amarelo</styleUrl>
      <Point>
        <coordinates>17.607473,-15.943001,0</coordinates>
      </Point>
    </Placemark>
    <Placemark>
      <name>Amarelo</name>
      <styleUrl>#style_amarelo</styleUrl>
      <Point>
        <coordinates>17.613157,-15.950076,0</coordinates>
      </Point>
    </Placemark>
    <Placemark>
      <name>Amarelo</name>
      <styleUrl>#style_amarelo</styleUrl>
      <Point>
        <coordinates>17.619323,-15.956857,0</coordinates>
      </Point>
    </Placemark>
    <Placemark>
      <name>Amarelo</name>
      <styleUrl>#style_amarelo</styleUrl>
      <Point>
        <coordinates>17.622021,-15.965450,0</coordinates>
      </Point>
    </Placemark>
    <Placemark>
      <name>Amarelo</name>
      <styleUrl>#style_amarelo</styleUrl>
      <Point>
        <coordinates>17.624115,-15.974258,0</coordinates>
      </Point>
    </Placemark>
    <Placemark>
      <name>Amarelo</name>
      <styleUrl>#style_amarelo</styleUrl>
      <Point>
        <coordinates>17.626210,-15.983084,0</coordinates>
      </Point>
    </Placemark>
    <Placemark>
      <name>Amarelo</name>
      <styleUrl>#style_amarelo</styleUrl>
      <Point>
        <coordinates>17.628304,-15.991901,0</coordinates>
      </Point>
    </Placemark>
    <Placemark>
      <name>Amarelo</name>
      <styleUrl>#style_amarelo</styleUrl>
      <Point>
        <coordinates>17.630409,-16.000709,0</coordinates>
      </Point>
    </Placemark>
    <Placemark>
      <name>Amarelo</name>
      <styleUrl>#style_amarelo</styleUrl>
      <Point>
        <coordinates>17.632476,-16.009536,0</coordinates>
      </Point>
    </Placemark>
    <Placemark>
      <name>Amarelo</name>
      <styleUrl>#style_amarelo</styleUrl>
      <Point>
        <coordinates>17.634581,-16.018343,0</coordinates>
      </Point>
    </Placemark>
    <Placemark>
      <name>Amarelo</name>
      <styleUrl>#style_amarelo</styleUrl>
      <Point>
        <coordinates>17.636667,-16.027151,0</coordinates>
      </Point>
    </Placemark>
    <Placemark>
      <name>Amarelo</name>
      <styleUrl>#style_amarelo</styleUrl>
      <Point>
        <coordinates>17.638745,-16.035986,0</coordinates>
      </Point>
    </Placemark>
    <Placemark>
      <name>Amarelo</name>
      <styleUrl>#style_amarelo</styleUrl>
      <Point>
        <coordinates>17.640636,-16.044832,0</coordinates>
      </Point>
    </Placemark>
    <Placemark>
      <name>Amarelo</name>
      <styleUrl>#style_amarelo</styleUrl>
      <Point>
        <coordinates>17.641679,-16.053825,0</coordinates>
      </Point>
    </Placemark>
    <Placemark>
      <name>Amarelo</name>
      <styleUrl>#style_amarelo</styleUrl>
      <Point>
        <coordinates>17.642659,-16.053776,0</coordinates>
      </Point>
    </Placemark>
    <Placemark>
      <name>Amarelo</name>
      <styleUrl>#style_amarelo</styleUrl>
      <Point>
        <coordinates>17.643822,-16.071790,0</coordinates>
      </Point>
    </Placemark>
    <Placemark>
      <name>Amarelo</name>
      <styleUrl>#style_amarelo</styleUrl>
      <Point>
        <coordinates>17.644828,-16.080774,0</coordinates>
      </Point>
    </Placemark>
    <Placemark>
      <name>Amarelo</name>
      <styleUrl>#style_amarelo</styleUrl>
      <Point>
        <coordinates>17.645844,-16.089748,0</coordinates>
      </Point>
    </Placemark>
    <Placemark>
      <name>Amarelo</name>
      <styleUrl>#style_amarelo</styleUrl>
      <Point>
        <coordinates>17.646757,-16.098751,0</coordinates>
      </Point>
    </Placemark>
    <Placemark>
      <name>Amarelo</name>
      <styleUrl>#style_amarelo</styleUrl>
      <Point>
        <coordinates>17.644688,-16.107583,0</coordinates>
      </Point>
    </Placemark>
    <Placemark>
      <name>Amarelo</name>
      <styleUrl>#style_amarelo</styleUrl>
      <Point>
        <coordinates>17.642487,-16.116371,0</coordinates>
      </Point>
    </Placemark>
    <Placemark>
      <name>Amarelo</name>
      <styleUrl>#style_amarelo</styleUrl>
      <Point>
        <coordinates>17.640315,-16.125187,0</coordinates>
      </Point>
    </Placemark>
    <Placemark>
      <name>Amarelo</name>
      <styleUrl>#style_amarelo</styleUrl>
      <Point>
        <coordinates>17.639583,-16.134092,0</coordinates>
      </Point>
    </Placemark>
    <Placemark>
      <name>Amarelo</name>
      <styleUrl>#style_amarelo</styleUrl>
      <Point>
        <coordinates>17.640963,-16.143035,0</coordinates>
      </Point>
    </Placemark>
    <Placemark>
      <name>Amarelo</name>
      <styleUrl>#style_amarelo</styleUrl>
      <Point>
        <coordinates>17.642362,-16.151969,0</coordinates>
      </Point>
    </Placemark>
    <Placemark>
      <name>Amarelo</name>
      <styleUrl>#style_amarelo</styleUrl>
      <Point>
        <coordinates>17.643742,-16.160902,0</coordinates>
      </Point>
    </Placemark>
    <Placemark>
      <name>Amarelo</name>
      <styleUrl>#style_amarelo</styleUrl>
      <Point>
        <coordinates>17.645753,-16.170162,0</coordinates>
      </Point>
    </Placemark>
    <Placemark>
      <name>Amarelo</name>
      <styleUrl>#style_amarelo</styleUrl>
      <Point>
        <coordinates>17.649540,-16.177991,0</coordinates>
      </Point>
    </Placemark>
    <Placemark>
      <name>Amarelo</name>
      <styleUrl>#style_amarelo</styleUrl>
      <Point>
        <coordinates>17.654149,-16.185782,0</coordinates>
      </Point>
    </Placemark>
    <Placemark>
      <name>Amarelo</name>
      <styleUrl>#style_amarelo</styleUrl>
      <Point>
        <coordinates>17.660426,-16.192496,0</coordinates>
      </Point>
    </Placemark>
    <Placemark>
      <name>Amarelo</name>
      <styleUrl>#style_amarelo</styleUrl>
      <Point>
        <coordinates>17.666732,-16.199191,0</coordinates>
      </Point>
    </Placemark>
    <Placemark>
      <name>Amarelo</name>
      <styleUrl>#style_amarelo</styleUrl>
      <Point>
        <coordinates>17.672982,-16.205877,0</coordinates>
      </Point>
    </Placemark>
    <Placemark>
      <name>Amarelo</name>
      <styleUrl>#style_amarelo</styleUrl>
      <Point>
        <coordinates>17.678844,-16.212857,0</coordinates>
      </Point>
    </Placemark>
    <Placemark>
      <name>Amarelo</name>
      <styleUrl>#style_amarelo</styleUrl>
      <Point>
        <coordinates>17.677862,-16.230816,0</coordinates>
      </Point>
    </Placemark>
    <Placemark>
      <name>Amarelo</name>
      <styleUrl>#style_amarelo</styleUrl>
      <Point>
        <coordinates>17.677021,-16.239813,0</coordinates>
      </Point>
    </Placemark>
    <Placemark>
      <name>Amarelo</name>
      <styleUrl>#style_amarelo</styleUrl>
      <Point>
        <coordinates>17.674348,-16.266816,0</coordinates>
      </Point>
    </Placemark>
    <Placemark>
      <name>Amarelo</name>
      <styleUrl>#style_amarelo</styleUrl>
      <Point>
        <coordinates>17.688343,-16.309160,0</coordinates>
      </Point>
    </Placemark>
    <Placemark>
      <name>Amarelo</name>
      <styleUrl>#style_amarelo</styleUrl>
      <Point>
        <coordinates>17.692606,-16.317216,0</coordinates>
      </Point>
    </Placemark>
    <Placemark>
      <name>Amarelo</name>
      <styleUrl>#style_amarelo</styleUrl>
      <Point>
        <coordinates>17.696869,-16.325272,0</coordinates>
      </Point>
    </Placemark>
    <Placemark>
      <name>Amarelo</name>
      <styleUrl>#style_amarelo</styleUrl>
      <Point>
        <coordinates>17.810350,-16.514360,0</coordinates>
      </Point>
    </Placemark>
    <Placemark>
      <name>Amarelo</name>
      <styleUrl>#style_amarelo</styleUrl>
      <Point>
        <coordinates>17.840662,-16.589806,0</coordinates>
      </Point>
    </Placemark>
    <Placemark>
      <name>Amarelo</name>
      <styleUrl>#style_amarelo</styleUrl>
      <Point>
        <coordinates>17.864219,-16.658222,0</coordinates>
      </Point>
    </Placemark>
    <Placemark>
      <name>Amarelo</name>
      <styleUrl>#style_amarelo</styleUrl>
      <Point>
        <coordinates>17.866737,-16.666920,0</coordinates>
      </Point>
    </Placemark>
    <Placemark>
      <name>Amarelo</name>
      <styleUrl>#style_amarelo</styleUrl>
      <Point>
        <coordinates>17.875306,-16.682387,0</coordinates>
      </Point>
    </Placemark>
    <Placemark>
      <name>Amarelo</name>
      <styleUrl>#style_amarelo</styleUrl>
      <Point>
        <coordinates>17.984321,-16.858273,0</coordinates>
      </Point>
    </Placemark>
    <Placemark>
      <name>Amarelo</name>
      <styleUrl>#style_amarelo</styleUrl>
      <Point>
        <coordinates>17.990938,-16.864614,0</coordinates>
      </Point>
    </Placemark>
    <Placemark>
      <name>Amarelo</name>
      <styleUrl>#style_amarelo</styleUrl>
      <Point>
        <coordinates>17.999090,-16.869010,0</coordinates>
      </Point>
    </Placemark>
    <Placemark>
      <name>Amarelo</name>
      <styleUrl>#style_amarelo</styleUrl>
      <Point>
        <coordinates>12.005143,-16.875898,0</coordinates>
      </Point>
    </Placemark>
    <Placemark>
      <name>Amarelo</name>
      <styleUrl>#style_amarelo</styleUrl>
      <Point>
        <coordinates>12.011292,-16.882597,0</coordinates>
      </Point>
    </Placemark>
    <Placemark>
      <name>Amarelo</name>
      <styleUrl>#style_amarelo</styleUrl>
      <Point>
        <coordinates>12.015908,-16.886673,0</coordinates>
      </Point>
    </Placemark>
    <Placemark>
      <name>Amarelo</name>
      <styleUrl>#style_amarelo</styleUrl>
      <Point>
        <coordinates>17.559544,-15.804181,0</coordinates>
      </Point>
    </Placemark>
    <Placemark>
      <name>Amarelo</name>
      <styleUrl>#style_amarelo</styleUrl>
      <Point>
        <coordinates>17.560367,-15.802817,0</coordinates>
      </Point>
    </Placemark>
    <Placemark>
      <name>Amarelo</name>
      <styleUrl>#style_amarelo</styleUrl>
      <Point>
        <coordinates>17.561032,-15.803739,0</coordinates>
      </Point>
    </Placemark>
    <Placemark>
      <name>Amarelo</name>
      <styleUrl>#style_amarelo</styleUrl>
      <Point>
        <coordinates>17.558885,-15.803638,0</coordinates>
      </Point>
    </Placemark>
    <Placemark>
      <name>Amarelo</name>
      <styleUrl>#style_amarelo</styleUrl>
      <Point>
        <coordinates>17.589019,-15.893643,0</coordinates>
      </Point>
    </Placemark>
    <Placemark>
      <name>Amarelo</name>
      <styleUrl>#style_amarelo</styleUrl>
      <Point>
        <coordinates>17.589702,-15.893084,0</coordinates>
      </Point>
    </Placemark>
    <Placemark>
      <name>Amarelo</name>
      <styleUrl>#style_amarelo</styleUrl>
      <Point>
        <coordinates>17.589263,-15.892277,0</coordinates>
      </Point>
    </Placemark>
    <Placemark>
      <name>Amarelo</name>
      <styleUrl>#style_amarelo</styleUrl>
      <Point>
        <coordinates>17.588543,-15.892954,0</coordinates>
      </Point>
    </Placemark>
    <Placemark>
      <name>Amarelo</name>
      <styleUrl>#style_amarelo</styleUrl>
      <Point>
        <coordinates>17.608442,-15.947135,0</coordinates>
      </Point>
    </Placemark>
    <Placemark>
      <name>Amarelo</name>
      <styleUrl>#style_amarelo</styleUrl>
      <Point>
        <coordinates>17.609277,-15.946736,0</coordinates>
      </Point>
    </Placemark>
    <Placemark>
      <name>Amarelo</name>
      <styleUrl>#style_amarelo</styleUrl>
      <Point>
        <coordinates>17.609025,-15.946062,0</coordinates>
      </Point>
    </Placemark>
    <Placemark>
      <name>Amarelo</name>
      <styleUrl>#style_amarelo</styleUrl>
      <Point>
        <coordinates>17.608050,-15.946426,0</coordinates>
      </Point>
    </Placemark>
    <Placemark>
      <name>Amarelo</name>
      <styleUrl>#style_amarelo</styleUrl>
      <Point>
        <coordinates>17.632905,-16.016648,0</coordinates>
      </Point>
    </Placemark>
    <Placemark>
      <name>Amarelo</name>
      <styleUrl>#style_amarelo</styleUrl>
      <Point>
        <coordinates>17.633699,-16.016602,0</coordinates>
      </Point>
    </Placemark>
    <Placemark>
      <name>Amarelo</name>
      <styleUrl>#style_amarelo</styleUrl>
      <Point>
        <coordinates>17.633483,-16.015819,0</coordinates>
      </Point>
    </Placemark>
    <Placemark>
      <name>Amarelo</name>
      <styleUrl>#style_amarelo</styleUrl>
      <Point>
        <coordinates>17.632662,-16.015892,0</coordinates>
      </Point>
    </Placemark>
    <Placemark>
      <name>Amarelo</name>
      <styleUrl>#style_amarelo</styleUrl>
      <Point>
        <coordinates>17.641223,-16.115412,0</coordinates>
      </Point>
    </Placemark>
    <Placemark>
      <name>Amarelo</name>
      <styleUrl>#style_amarelo</styleUrl>
      <Point>
        <coordinates>17.642241,-16.115426,0</coordinates>
      </Point>
    </Placemark>
    <Placemark>
      <name>Amarelo</name>
      <styleUrl>#style_amarelo</styleUrl>
      <Point>
        <coordinates>17.642481,-16.114457,0</coordinates>
      </Point>
    </Placemark>
    <Placemark>
      <name>Amarelo</name>
      <styleUrl>#style_amarelo</styleUrl>
      <Point>
        <coordinates>17.641107,-16.114429,0</coordinates>
      </Point>
    </Placemark>
    <Placemark>
      <name>Amarelo</name>
      <styleUrl>#style_amarelo</styleUrl>
      <Point>
        <coordinates>17.674469,-16.247450,0</coordinates>
      </Point>
    </Placemark>
    <Placemark>
      <name>Amarelo</name>
      <styleUrl>#style_amarelo</styleUrl>
      <Point>
        <coordinates>17.675234,-16.247332,0</coordinates>
      </Point>
    </Placemark>
    <Placemark>
      <name>Amarelo</name>
      <styleUrl>#style_amarelo</styleUrl>
      <Point>
        <coordinates>17.675167,-16.246529,0</coordinates>
      </Point>
    </Placemark>
    <Placemark>
      <name>Amarelo</name>
      <styleUrl>#style_amarelo</styleUrl>
      <Point>
        <coordinates>17.674410,-16.246548,0</coordinates>
      </Point>
    </Placemark>
    <Placemark>
      <name>Amarelo</name>
      <styleUrl>#style_amarelo</styleUrl>
      <Point>
        <coordinates>17.712458,-16.361054,0</coordinates>
      </Point>
    </Placemark>
    <Placemark>
      <name>Amarelo</name>
      <styleUrl>#style_amarelo</styleUrl>
      <Point>
        <coordinates>17.713491,-16.360598,0</coordinates>
      </Point>
    </Placemark>
    <Placemark>
      <name>Amarelo</name>
      <styleUrl>#style_amarelo</styleUrl>
      <Point>
        <coordinates>17.712956,-16.359810,0</coordinates>
      </Point>
    </Placemark>
    <Placemark>
      <name>Amarelo</name>
      <styleUrl>#style_amarelo</styleUrl>
      <Point>
        <coordinates>17.712239,-16.360081,0</coordinates>
      </Point>
    </Placemark>
    <Placemark>
      <name>Amarelo</name>
      <styleUrl>#style_amarelo</styleUrl>
      <Point>
        <coordinates>17.768396,-16.423146,0</coordinates>
      </Point>
    </Placemark>
    <Placemark>
      <name>Amarelo</name>
      <styleUrl>#style_amarelo</styleUrl>
      <Point>
        <coordinates>17.767845,-16.422548,0</coordinates>
      </Point>
    </Placemark>
    <Placemark>
      <name>Amarelo</name>
      <styleUrl>#style_amarelo</styleUrl>
      <Point>
        <coordinates>17.767028,-16.422288,0</coordinates>
      </Point>
    </Placemark>
    <Placemark>
      <name>Amarelo</name>
      <styleUrl>#style_amarelo</styleUrl>
      <Point>
        <coordinates>17.767332,-16.423296,0</coordinates>
      </Point>
    </Placemark>
    <Placemark>
      <name>Amarelo</name>
      <styleUrl>#style_amarelo</styleUrl>
      <Point>
        <coordinates>17.769009,-16.424123,0</coordinates>
      </Point>
    </Placemark>
    <Placemark>
      <name>Amarelo</name>
      <styleUrl>#style_amarelo</styleUrl>
      <Point>
        <coordinates>17.767640,-16.424547,0</coordinates>
      </Point>
    </Placemark>
    <Placemark>
      <name>Amarelo</name>
      <styleUrl>#style_amarelo</styleUrl>
      <Point>
        <coordinates>17.765490,-16.424079,0</coordinates>
      </Point>
    </Placemark>
    <Placemark>
      <name>Amarelo</name>
      <styleUrl>#style_amarelo</styleUrl>
      <Point>
        <coordinates>17.810307,-16.519174,0</coordinates>
      </Point>
    </Placemark>
    <Placemark>
      <name>Amarelo</name>
      <styleUrl>#style_amarelo</styleUrl>
      <Point>
        <coordinates>17.810669,-16.518347,0</coordinates>
      </Point>
    </Placemark>
    <Placemark>
      <name>Amarelo</name>
      <styleUrl>#style_amarelo</styleUrl>
      <Point>
        <coordinates>17.810278,-16.517178,0</coordinates>
      </Point>
    </Placemark>
    <Placemark>
      <name>Amarelo</name>
      <styleUrl>#style_amarelo</styleUrl>
      <Point>
        <coordinates>17.809372,-16.517994,0</coordinates>
      </Point>
    </Placemark>
    <Placemark>
      <name>Amarelo</name>
      <styleUrl>#style_amarelo</styleUrl>
      <Point>
        <coordinates>17.809852,-16.515577,0</coordinates>
      </Point>
    </Placemark>
    <Placemark>
      <name>Amarelo</name>
      <styleUrl>#style_amarelo</styleUrl>
      <Point>
        <coordinates>17.807727,-16.516174,0</coordinates>
      </Point>
    </Placemark>
    <Placemark>
      <name>Amarelo</name>
      <styleUrl>#style_amarelo</styleUrl>
      <Point>
        <coordinates>17.807818,-16.517952,0</coordinates>
      </Point>
    </Placemark>
    <Placemark>
      <name>Amarelo</name>
      <styleUrl>#style_amarelo</styleUrl>
      <Point>
        <coordinates>17.851381,-16.621898,0</coordinates>
      </Point>
    </Placemark>
    <Placemark>
      <name>Amarelo</name>
      <styleUrl>#style_amarelo</styleUrl>
      <Point>
        <coordinates>17.851736,-16.621857,0</coordinates>
      </Point>
    </Placemark>
    <Placemark>
      <name>Amarelo</name>
      <styleUrl>#style_amarelo</styleUrl>
      <Point>
        <coordinates>17.851658,-16.621588,0</coordinates>
      </Point>
    </Placemark>
    <Placemark>
      <name>Amarelo</name>
      <styleUrl>#style_amarelo</styleUrl>
      <Point>
        <coordinates>17.851342,-16.621791,0</coordinates>
      </Point>
    </Placemark>
    <Placemark>
      <name>Amarelo</name>
      <styleUrl>#style_amarelo</styleUrl>
      <Point>
        <coordinates>17.850911,-16.621787,0</coordinates>
      </Point>
    </Placemark>
    <Placemark>
      <name>Amarelo</name>
      <styleUrl>#style_amarelo</styleUrl>
      <Point>
        <coordinates>17.851512,-16.621264,0</coordinates>
      </Point>
    </Placemark>
    <Placemark>
      <name>Amarelo</name>
      <styleUrl>#style_amarelo</styleUrl>
      <Point>
        <coordinates>17.852011,-16.620752,0</coordinates>
      </Point>
    </Placemark>
    <Placemark>
      <name>Amarelo</name>
      <styleUrl>#style_amarelo</styleUrl>
      <Point>
        <coordinates>17.861146,-16.641839,0</coordinates>
      </Point>
    </Placemark>
    <Placemark>
      <name>Amarelo</name>
      <styleUrl>#style_amarelo</styleUrl>
      <Point>
        <coordinates>17.860412,-16.641560,0</coordinates>
      </Point>
    </Placemark>
    <Placemark>
      <name>Amarelo</name>
      <styleUrl>#style_amarelo</styleUrl>
      <Point>
        <coordinates>17.860776,-16.642783,0</coordinates>
      </Point>
    </Placemark>
    <Placemark>
      <name>Amarelo</name>
      <styleUrl>#style_amarelo</styleUrl>
      <Point>
        <coordinates>17.861421,-16.642702,0</coordinates>
      </Point>
    </Placemark>
    <Placemark>
      <name>Amarelo</name>
      <styleUrl>#style_amarelo</styleUrl>
      <Point>
        <coordinates>17.900552,-16.732983,0</coordinates>
      </Point>
    </Placemark>
    <Placemark>
      <name>Amarelo</name>
      <styleUrl>#style_amarelo</styleUrl>
      <Point>
        <coordinates>17.900004,-16.732701,0</coordinates>
      </Point>
    </Placemark>
    <Placemark>
      <name>Amarelo</name>
      <styleUrl>#style_amarelo</styleUrl>
      <Point>
        <coordinates>17.900520,-16.733922,0</coordinates>
      </Point>
    </Placemark>
    <Placemark>
      <name>Amarelo</name>
      <styleUrl>#style_amarelo</styleUrl>
      <Point>
        <coordinates>17.901113,-16.734094,0</coordinates>
      </Point>
    </Placemark>
    <Placemark>
      <name>Amarelo</name>
      <styleUrl>#style_amarelo</styleUrl>
      <Point>
        <coordinates>12.069992,-16.918382,0</coordinates>
      </Point>
    </Placemark>
    <Placemark>
      <name>Amarelo</name>
      <styleUrl>#style_amarelo</styleUrl>
      <Point>
        <coordinates>12.069189,-16.918713,0</coordinates>
      </Point>
    </Placemark>
    <Placemark>
      <name>Amarelo</name>
      <styleUrl>#style_amarelo</styleUrl>
      <Point>
        <coordinates>12.069733,-16.919326,0</coordinates>
      </Point>
    </Placemark>
    <Placemark>
      <name>Amarelo</name>
      <styleUrl>#style_amarelo</styleUrl>
      <Point>
        <coordinates>12.070524,-16.919130,0</coordinates>
      </Point>
    </Placemark>
    <Placemark>
      <name>Amarelo</name>
      <styleUrl>#style_amarelo</styleUrl>
      <Point>
        <coordinates>14.129847,-9.253253,0</coordinates>
      </Point>
    </Placemark>
    <Placemark>
      <name>Amarelo</name>
      <styleUrl>#style_amarelo</styleUrl>
      <Point>
        <coordinates>14.157114,-9.271713,0</coordinates>
      </Point>
    </Placemark>
    <Placemark>
      <name>Amarelo</name>
      <styleUrl>#style_amarelo</styleUrl>
      <Point>
        <coordinates>14.199600,-9.284654,0</coordinates>
      </Point>
    </Placemark>
    <Placemark>
      <name>Amarelo</name>
      <styleUrl>#style_amarelo</styleUrl>
      <Point>
        <coordinates>14.215315,-9.292611,0</coordinates>
      </Point>
    </Placemark>
    <Placemark>
      <name>Amarelo</name>
      <styleUrl>#style_amarelo</styleUrl>
      <Point>
        <coordinates>14.227870,-9.305436,0</coordinates>
      </Point>
    </Placemark>
    <Placemark>
      <name>Amarelo</name>
      <styleUrl>#style_amarelo</styleUrl>
      <Point>
        <coordinates>14.257817,-9.322177,0</coordinates>
      </Point>
    </Placemark>
    <Placemark>
      <name>Amarelo</name>
      <styleUrl>#style_amarelo</styleUrl>
      <Point>
        <coordinates>14.306005,-9.426754,0</coordinates>
      </Point>
    </Placemark>
    <Placemark>
      <name>Amarelo</name>
      <styleUrl>#style_amarelo</styleUrl>
      <Point>
        <coordinates>14.355060,-9.486820,0</coordinates>
      </Point>
    </Placemark>
    <Placemark>
      <name>Amarelo</name>
      <styleUrl>#style_amarelo</styleUrl>
      <Point>
        <coordinates>14.367323,-9.501530,0</coordinates>
      </Point>
    </Placemark>
    <Placemark>
      <name>Amarelo</name>
      <styleUrl>#style_amarelo</styleUrl>
      <Point>
        <coordinates>14.377086,-9.508059,0</coordinates>
      </Point>
    </Placemark>
    <Placemark>
      <name>Amarelo</name>
      <styleUrl>#style_amarelo</styleUrl>
      <Point>
        <coordinates>14.410199,-9.606122,0</coordinates>
      </Point>
    </Placemark>
    <Placemark>
      <name>Amarelo</name>
      <styleUrl>#style_amarelo</styleUrl>
      <Point>
        <coordinates>14.413504,-9.618346,0</coordinates>
      </Point>
    </Placemark>
    <Placemark>
      <name>Amarelo</name>
      <styleUrl>#style_amarelo</styleUrl>
      <Point>
        <coordinates>14.418974,-9.638569,0</coordinates>
      </Point>
    </Placemark>
    <Placemark>
      <name>Amarelo</name>
      <styleUrl>#style_amarelo</styleUrl>
      <Point>
        <coordinates>14.423613,-9.675966,0</coordinates>
      </Point>
    </Placemark>
    <Placemark>
      <name>Amarelo</name>
      <styleUrl>#style_amarelo</styleUrl>
      <Point>
        <coordinates>13.690541,-9.112859,0</coordinates>
      </Point>
    </Placemark>
    <Placemark>
      <name>Amarelo</name>
      <styleUrl>#style_amarelo</styleUrl>
      <Point>
        <coordinates>13.708323,-9.116783,0</coordinates>
      </Point>
    </Placemark>
    <Placemark>
      <name>Amarelo</name>
      <styleUrl>#style_amarelo</styleUrl>
      <Point>
        <coordinates>13.716907,-9.118315,0</coordinates>
      </Point>
    </Placemark>
    <Placemark>
      <name>Amarelo</name>
      <styleUrl>#style_amarelo</styleUrl>
      <Point>
        <coordinates>13.726242,-9.118375,0</coordinates>
      </Point>
    </Placemark>
    <Placemark>
      <name>Amarelo</name>
      <styleUrl>#style_amarelo</styleUrl>
      <Point>
        <coordinates>13.735277,-9.118433,0</coordinates>
      </Point>
    </Placemark>
    <Placemark>
      <name>Amarelo</name>
      <styleUrl>#style_amarelo</styleUrl>
      <Point>
        <coordinates>13.744795,-9.118403,0</coordinates>
      </Point>
    </Placemark>
    <Placemark>
      <name>Amarelo</name>
      <styleUrl>#style_amarelo</styleUrl>
      <Point>
        <coordinates>13.753377,-9.120558,0</coordinates>
      </Point>
    </Placemark>
    <Placemark>
      <name>Amarelo</name>
      <styleUrl>#style_amarelo</styleUrl>
      <Point>
        <coordinates>13.760169,-9.124632,0</coordinates>
      </Point>
    </Placemark>
    <Placemark>
      <name>Amarelo</name>
      <styleUrl>#style_amarelo</styleUrl>
      <Point>
        <coordinates>13.766947,-9.132622,0</coordinates>
      </Point>
    </Placemark>
    <Placemark>
      <name>Amarelo</name>
      <styleUrl>#style_amarelo</styleUrl>
      <Point>
        <coordinates>13.774789,-9.133363,0</coordinates>
      </Point>
    </Placemark>
    <Placemark>
      <name>Amarelo</name>
      <styleUrl>#style_amarelo</styleUrl>
      <Point>
        <coordinates>13.783744,-9.135545,0</coordinates>
      </Point>
    </Placemark>
    <Placemark>
      <name>Amarelo</name>
      <styleUrl>#style_amarelo</styleUrl>
      <Point>
        <coordinates>13.792544,-9.137935,0</coordinates>
      </Point>
    </Placemark>
    <Placemark>
      <name>Amarelo</name>
      <styleUrl>#style_amarelo</styleUrl>
      <Point>
        <coordinates>13.809004,-9.146689,0</coordinates>
      </Point>
    </Placemark>
    <Placemark>
      <name>Amarelo</name>
      <styleUrl>#style_amarelo</styleUrl>
      <Point>
        <coordinates>13.816178,-9.151126,0</coordinates>
      </Point>
    </Placemark>
    <Placemark>
      <name>Amarelo</name>
      <styleUrl>#style_amarelo</styleUrl>
      <Point>
        <coordinates>13.831828,-9.159948,0</coordinates>
      </Point>
    </Placemark>
    <Placemark>
      <name>Amarelo</name>
      <styleUrl>#style_amarelo</styleUrl>
      <Point>
        <coordinates>13.839848,-9.156538,0</coordinates>
      </Point>
    </Placemark>
    <Placemark>
      <name>Amarelo</name>
      <styleUrl>#style_amarelo</styleUrl>
      <Point>
        <coordinates>13.865128,-9.153552,0</coordinates>
      </Point>
    </Placemark>
    <Placemark>
      <name>Amarelo</name>
      <styleUrl>#style_amarelo</styleUrl>
      <Point>
        <coordinates>13.955746,-9.179689,0</coordinates>
      </Point>
    </Placemark>
    <Placemark>
      <name>Amarelo</name>
      <styleUrl>#style_amarelo</styleUrl>
      <Point>
        <coordinates>13.962993,-9.185046,0</coordinates>
      </Point>
    </Placemark>
    <Placemark>
      <name>Amarelo</name>
      <styleUrl>#style_amarelo</styleUrl>
      <Point>
        <coordinates>13.971641,-9.187503,0</coordinates>
      </Point>
    </Placemark>
    <Placemark>
      <name>Amarelo</name>
      <styleUrl>#style_amarelo</styleUrl>
      <Point>
        <coordinates>13.998517,-9.194072,0</coordinates>
      </Point>
    </Placemark>
    <Placemark>
      <name>Amarelo</name>
      <styleUrl>#style_amarelo</styleUrl>
      <Point>
        <coordinates>14.006553,-9.197893,0</coordinates>
      </Point>
    </Placemark>
    <Placemark>
      <name>Amarelo</name>
      <styleUrl>#style_amarelo</styleUrl>
      <Point>
        <coordinates>14.015142,-9.201986,0</coordinates>
      </Point>
    </Placemark>
    <Placemark>
      <name>Amarelo</name>
      <styleUrl>#style_amarelo</styleUrl>
      <Point>
        <coordinates>14.031605,-9.209790,0</coordinates>
      </Point>
    </Placemark>
    <Placemark>
      <name>Amarelo</name>
      <styleUrl>#style_amarelo</styleUrl>
      <Point>
        <coordinates>14.050849,-9.226048,0</coordinates>
      </Point>
    </Placemark>
    <Placemark>
      <name>Amarelo</name>
      <styleUrl>#style_amarelo</styleUrl>
      <Point>
        <coordinates>14.058422,-9.229260,0</coordinates>
      </Point>
    </Placemark>
    <Placemark>
      <name>Amarelo</name>
      <styleUrl>#style_amarelo</styleUrl>
      <Point>
        <coordinates>14.067337,-9.231427,0</coordinates>
      </Point>
    </Placemark>
    <Placemark>
      <name>Amarelo</name>
      <styleUrl>#style_amarelo</styleUrl>
      <Point>
        <coordinates>14.076240,-9.234841,0</coordinates>
      </Point>
    </Placemark>
    <Placemark>
      <name>Amarelo</name>
      <styleUrl>#style_amarelo</styleUrl>
      <Point>
        <coordinates>14.090478,-9.244970,0</coordinates>
      </Point>
    </Placemark>
    <Placemark>
      <name>Amarelo</name>
      <styleUrl>#style_amarelo</styleUrl>
      <Point>
        <coordinates>14.098851,-9.249450,0</coordinates>
      </Point>
    </Placemark>
    <Placemark>
      <name>Amarelo</name>
      <styleUrl>#style_amarelo</styleUrl>
      <Point>
        <coordinates>14.112240,-9.253617,0</coordinates>
      </Point>
    </Placemark>
    <Placemark>
      <name>Amarelo</name>
      <styleUrl>#style_amarelo</styleUrl>
      <Point>
        <coordinates>13.797789,-9.139788,0</coordinates>
      </Point>
    </Placemark>
    <Placemark>
      <name>Amarelo</name>
      <styleUrl>#style_amarelo</styleUrl>
      <Point>
        <coordinates>13.802264,-9.142950,0</coordinates>
      </Point>
    </Placemark>
    <Placemark>
      <name>Amarelo</name>
      <styleUrl>#style_amarelo</styleUrl>
      <Point>
        <coordinates>13.791771,-9.137942,0</coordinates>
      </Point>
    </Placemark>
    <Placemark>
      <name>Amarelo</name>
      <styleUrl>#style_amarelo</styleUrl>
      <Point>
        <coordinates>13.791771,-9.137942,0</coordinates>
      </Point>
    </Placemark>
    <Placemark>
      <name>Amarelo</name>
      <styleUrl>#style_amarelo</styleUrl>
      <Point>
        <coordinates>13.784998,-9.136192,0</coordinates>
      </Point>
    </Placemark>
    <Placemark>
      <name>Amarelo</name>
      <styleUrl>#style_amarelo</styleUrl>
      <Point>
        <coordinates>13.781263,-9.134723,0</coordinates>
      </Point>
    </Placemark>
    <Placemark>
      <name>Amarelo</name>
      <styleUrl>#style_amarelo</styleUrl>
      <Point>
        <coordinates>13.776715,-9.134093,0</coordinates>
      </Point>
    </Placemark>
    <Placemark>
      <name>Amarelo</name>
      <styleUrl>#style_amarelo</styleUrl>
      <Point>
        <coordinates>13.772259,-9.133309,0</coordinates>
      </Point>
    </Placemark>
    <Placemark>
      <name>Amarelo</name>
      <styleUrl>#style_amarelo</styleUrl>
      <Point>
        <coordinates>13.736496,-9.118591,0</coordinates>
      </Point>
    </Placemark>
    <Placemark>
      <name>Amarelo</name>
      <styleUrl>#style_amarelo</styleUrl>
      <Point>
        <coordinates>13.717963,-9.118219,0</coordinates>
      </Point>
    </Placemark>
    <Placemark>
      <name>Amarelo</name>
      <styleUrl>#style_amarelo</styleUrl>
      <Point>
        <coordinates>14.909118,-14.654421,0</coordinates>
      </Point>
    </Placemark>
    <Placemark>
      <name>Amarelo</name>
      <styleUrl>#style_amarelo</styleUrl>
      <Point>
        <coordinates>13.180132,-8.881319,0</coordinates>
      </Point>
    </Placemark>
    <Placemark>
      <name>Amarelo</name>
      <styleUrl>#style_amarelo</styleUrl>
      <Point>
        <coordinates>13.179727,-8.882330,0</coordinates>
      </Point>
    </Placemark>
    <Placemark>
      <name>Amarelo</name>
      <styleUrl>#style_amarelo</styleUrl>
      <Point>
        <coordinates>13.179451,-8.883034,0</coordinates>
      </Point>
    </Placemark>
    <Placemark>
      <name>Amarelo</name>
      <styleUrl>#style_amarelo</styleUrl>
      <Point>
        <coordinates>13.179290,-8.882472,0</coordinates>
      </Point>
    </Placemark>
    <Placemark>
      <name>Amarelo</name>
      <styleUrl>#style_amarelo</styleUrl>
      <Point>
        <coordinates>13.178338,-8.883797,0</coordinates>
      </Point>
    </Placemark>
    <Placemark>
      <name>Amarelo</name>
      <styleUrl>#style_amarelo</styleUrl>
      <Point>
        <coordinates>13.178615,-8.882894,0</coordinates>
      </Point>
    </Placemark>
    <Placemark>
      <name>Amarelo</name>
      <styleUrl>#style_amarelo</styleUrl>
      <Point>
        <coordinates>13.179958,-8.881535,0</coordinates>
      </Point>
    </Placemark>
    <Placemark>
      <name>Amarelo</name>
      <styleUrl>#style_amarelo</styleUrl>
      <Point>
        <coordinates>13.317567,-8.847950,0</coordinates>
      </Point>
    </Placemark>
    <Placemark>
      <name>Amarelo</name>
      <styleUrl>#style_amarelo</styleUrl>
      <Point>
        <coordinates>13.386431,-8.913860,0</coordinates>
      </Point>
    </Placemark>
    <Placemark>
      <name>Amarelo</name>
      <styleUrl>#style_amarelo</styleUrl>
      <Point>
        <coordinates>13.386648,-8.914205,0</coordinates>
      </Point>
    </Placemark>
    <Placemark>
      <name>Amarelo</name>
      <styleUrl>#style_amarelo</styleUrl>
      <Point>
        <coordinates>13.386284,-8.914239,0</coordinates>
      </Point>
    </Placemark>
    <Placemark>
      <name>Amarelo</name>
      <styleUrl>#style_amarelo</styleUrl>
      <Point>
        <coordinates>13.386492,-8.914548,0</coordinates>
      </Point>
    </Placemark>
    <Placemark>
      <name>Amarelo</name>
      <styleUrl>#style_amarelo</styleUrl>
      <Point>
        <coordinates>13.180132,-8.881319,0</coordinates>
      </Point>
    </Placemark>
    <Placemark>
      <name>Amarelo</name>
      <styleUrl>#style_amarelo</styleUrl>
      <Point>
        <coordinates>13.179727,-8.882330,0</coordinates>
      </Point>
    </Placemark>
    <Placemark>
      <name>Amarelo</name>
      <styleUrl>#style_amarelo</styleUrl>
      <Point>
        <coordinates>13.179451,-8.883034,0</coordinates>
      </Point>
    </Placemark>
    <Placemark>
      <name>Amarelo</name>
      <styleUrl>#style_amarelo</styleUrl>
      <Point>
        <coordinates>13.178758,-8.883491,0</coordinates>
      </Point>
    </Placemark>
    <Placemark>
      <name>Amarelo</name>
      <styleUrl>#style_amarelo</styleUrl>
      <Point>
        <coordinates>13.179290,-8.882472,0</coordinates>
      </Point>
    </Placemark>
    <Placemark>
      <name>Amarelo</name>
      <styleUrl>#style_amarelo</styleUrl>
      <Point>
        <coordinates>13.178338,-8.883797,0</coordinates>
      </Point>
    </Placemark>
    <Placemark>
      <name>Amarelo</name>
      <styleUrl>#style_amarelo</styleUrl>
      <Point>
        <coordinates>13.178615,-8.882894,0</coordinates>
      </Point>
    </Placemark>
    <Placemark>
      <name>Amarelo</name>
      <styleUrl>#style_amarelo</styleUrl>
      <Point>
        <coordinates>13.179958,-8.881535,0</coordinates>
      </Point>
    </Placemark>
    <Placemark>
      <name>Amarelo</name>
      <styleUrl>#style_amarelo</styleUrl>
      <Point>
        <coordinates>13.179507,-8.882636,0</coordinates>
      </Point>
    </Placemark>
    <Placemark>
      <name>Amarelo</name>
      <styleUrl>#style_amarelo</styleUrl>
      <Point>
        <coordinates>13.690541,-9.112859,0</coordinates>
      </Point>
    </Placemark>
    <Placemark>
      <name>Amarelo</name>
      <styleUrl>#style_amarelo</styleUrl>
      <Point>
        <coordinates>13.699258,-9.114997,0</coordinates>
      </Point>
    </Placemark>
    <Placemark>
      <name>Amarelo</name>
      <styleUrl>#style_amarelo</styleUrl>
      <Point>
        <coordinates>13.716907,-9.118315,0</coordinates>
      </Point>
    </Placemark>
    <Placemark>
      <name>Amarelo</name>
      <styleUrl>#style_amarelo</styleUrl>
      <Point>
        <coordinates>13.726242,-9.118375,0</coordinates>
      </Point>
    </Placemark>
    <Placemark>
      <name>Amarelo</name>
      <styleUrl>#style_amarelo</styleUrl>
      <Point>
        <coordinates>13.735277,-9.118433,0</coordinates>
      </Point>
    </Placemark>
    <Placemark>
      <name>Amarelo</name>
      <styleUrl>#style_amarelo</styleUrl>
      <Point>
        <coordinates>13.744795,-9.118403,0</coordinates>
      </Point>
    </Placemark>
    <Placemark>
      <name>Amarelo</name>
      <styleUrl>#style_amarelo</styleUrl>
      <Point>
        <coordinates>13.753377,-9.120558,0</coordinates>
      </Point>
    </Placemark>
    <Placemark>
      <name>Amarelo</name>
      <styleUrl>#style_amarelo</styleUrl>
      <Point>
        <coordinates>13.760169,-9.124632,0</coordinates>
      </Point>
    </Placemark>
    <Placemark>
      <name>Amarelo</name>
      <styleUrl>#style_amarelo</styleUrl>
      <Point>
        <coordinates>13.690541,-9.112859,0</coordinates>
      </Point>
    </Placemark>
    <Placemark>
      <name>Amarelo</name>
      <styleUrl>#style_amarelo</styleUrl>
      <Point>
        <coordinates>13.699258,-9.114997,0</coordinates>
      </Point>
    </Placemark>
    <Placemark>
      <name>Amarelo</name>
      <styleUrl>#style_amarelo</styleUrl>
      <Point>
        <coordinates>13.716907,-9.118315,0</coordinates>
      </Point>
    </Placemark>
    <Placemark>
      <name>Amarelo</name>
      <styleUrl>#style_amarelo</styleUrl>
      <Point>
        <coordinates>13.726242,-9.118375,0</coordinates>
      </Point>
    </Placemark>
    <Placemark>
      <name>Amarelo</name>
      <styleUrl>#style_amarelo</styleUrl>
      <Point>
        <coordinates>13.735277,-9.118433,0</coordinates>
      </Point>
    </Placemark>
    <Placemark>
      <name>Amarelo</name>
      <styleUrl>#style_amarelo</styleUrl>
      <Point>
        <coordinates>13.744795,-9.118403,0</coordinates>
      </Point>
    </Placemark>
    <Placemark>
      <name>Amarelo</name>
      <styleUrl>#style_amarelo</styleUrl>
      <Point>
        <coordinates>13.753377,-9.120558,0</coordinates>
      </Point>
    </Placemark>
    <Placemark>
      <name>Amarelo</name>
      <styleUrl>#style_amarelo</styleUrl>
      <Point>
        <coordinates>13.760169,-9.124632,0</coordinates>
      </Point>
    </Placemark>
    <Placemark>
      <name>Amarelo</name>
      <styleUrl>#style_amarelo</styleUrl>
      <Point>
        <coordinates>13.766947,-9.132622,0</coordinates>
      </Point>
    </Placemark>
    <Placemark>
      <name>Amarelo</name>
      <styleUrl>#style_amarelo</styleUrl>
      <Point>
        <coordinates>13.774789,-9.133363,0</coordinates>
      </Point>
    </Placemark>
    <Placemark>
      <name>Amarelo</name>
      <styleUrl>#style_amarelo</styleUrl>
      <Point>
        <coordinates>13.783744,-9.135545,0</coordinates>
      </Point>
    </Placemark>
    <Placemark>
      <name>Amarelo</name>
      <styleUrl>#style_amarelo</styleUrl>
      <Point>
        <coordinates>13.792544,-9.137935,0</coordinates>
      </Point>
    </Placemark>
    <Placemark>
      <name>Amarelo</name>
      <styleUrl>#style_amarelo</styleUrl>
      <Point>
        <coordinates>13.809004,-9.146689,0</coordinates>
      </Point>
    </Placemark>
    <Placemark>
      <name>Amarelo</name>
      <styleUrl>#style_amarelo</styleUrl>
      <Point>
        <coordinates>13.816178,-9.151126,0</coordinates>
      </Point>
    </Placemark>
    <Placemark>
      <name>Amarelo</name>
      <styleUrl>#style_amarelo</styleUrl>
      <Point>
        <coordinates>13.831828,-9.159948,0</coordinates>
      </Point>
    </Placemark>
    <Placemark>
      <name>Amarelo</name>
      <styleUrl>#style_amarelo</styleUrl>
      <Point>
        <coordinates>13.839848,-9.156538,0</coordinates>
      </Point>
    </Placemark>
    <Placemark>
      <name>Amarelo</name>
      <styleUrl>#style_amarelo</styleUrl>
      <Point>
        <coordinates>13.865128,-9.153552,0</coordinates>
      </Point>
    </Placemark>
    <Placemark>
      <name>Amarelo</name>
      <styleUrl>#style_amarelo</styleUrl>
      <Point>
        <coordinates>13.962993,-9.185046,0</coordinates>
      </Point>
    </Placemark>
    <Placemark>
      <name>Amarelo</name>
      <styleUrl>#style_amarelo</styleUrl>
      <Point>
        <coordinates>13.971641,-9.187503,0</coordinates>
      </Point>
    </Placemark>
    <Placemark>
      <name>Amarelo</name>
      <styleUrl>#style_amarelo</styleUrl>
      <Point>
        <coordinates>13.998517,-9.194072,0</coordinates>
      </Point>
    </Placemark>
    <Placemark>
      <name>Amarelo</name>
      <styleUrl>#style_amarelo</styleUrl>
      <Point>
        <coordinates>14.006553,-9.197893,0</coordinates>
      </Point>
    </Placemark>
    <Placemark>
      <name>Amarelo</name>
      <styleUrl>#style_amarelo</styleUrl>
      <Point>
        <coordinates>14.015142,-9.201986,0</coordinates>
      </Point>
    </Placemark>
    <Placemark>
      <name>Amarelo</name>
      <styleUrl>#style_amarelo</styleUrl>
      <Point>
        <coordinates>14.031605,-9.209790,0</coordinates>
      </Point>
    </Placemark>
    <Placemark>
      <name>Amarelo</name>
      <styleUrl>#style_amarelo</styleUrl>
      <Point>
        <coordinates>14.050849,-9.226048,0</coordinates>
      </Point>
    </Placemark>
    <Placemark>
      <name>Amarelo</name>
      <styleUrl>#style_amarelo</styleUrl>
      <Point>
        <coordinates>14.058422,-9.229260,0</coordinates>
      </Point>
    </Placemark>
    <Placemark>
      <name>Amarelo</name>
      <styleUrl>#style_amarelo</styleUrl>
      <Point>
        <coordinates>14.067337,-9.231427,0</coordinates>
      </Point>
    </Placemark>
    <Placemark>
      <name>Amarelo</name>
      <styleUrl>#style_amarelo</styleUrl>
      <Point>
        <coordinates>14.076240,-9.234841,0</coordinates>
      </Point>
    </Placemark>
    <Placemark>
      <name>Amarelo</name>
      <styleUrl>#style_amarelo</styleUrl>
      <Point>
        <coordinates>14.090478,-9.244970,0</coordinates>
      </Point>
    </Placemark>
    <Placemark>
      <name>Amarelo</name>
      <styleUrl>#style_amarelo</styleUrl>
      <Point>
        <coordinates>14.098851,-9.249450,0</coordinates>
      </Point>
    </Placemark>
    <Placemark>
      <name>Amarelo</name>
      <styleUrl>#style_amarelo</styleUrl>
      <Point>
        <coordinates>14.112240,-9.253617,0</coordinates>
      </Point>
    </Placemark>
    <Placemark>
      <name>Amarelo</name>
      <styleUrl>#style_amarelo</styleUrl>
      <Point>
        <coordinates>13.716907,-9.118315,0</coordinates>
      </Point>
    </Placemark>
    <Placemark>
      <name>Amarelo</name>
      <styleUrl>#style_amarelo</styleUrl>
      <Point>
        <coordinates>13.760169,-9.124632,0</coordinates>
      </Point>
    </Placemark>
    <Placemark>
      <name>Amarelo</name>
      <styleUrl>#style_amarelo</styleUrl>
      <Point>
        <coordinates>13.865128,-9.153552,0</coordinates>
      </Point>
    </Placemark>
    <Placemark>
      <name>Amarelo</name>
      <styleUrl>#style_amarelo</styleUrl>
      <Point>
        <coordinates>14.076240,-9.234841,0</coordinates>
      </Point>
    </Placemark>
    <Placemark>
      <name>Amarelo</name>
      <styleUrl>#style_amarelo</styleUrl>
      <Point>
        <coordinates>14.112240,-9.253617,0</coordinates>
      </Point>
    </Placemark>
    <Placemark>
      <name>Amarelo</name>
      <styleUrl>#style_amarelo</styleUrl>
      <Point>
        <coordinates>16.314088,-9.294610,0</coordinates>
      </Point>
    </Placemark>
    <Placemark>
      <name>Amarelo</name>
      <styleUrl>#style_amarelo</styleUrl>
      <Point>
        <coordinates>16.313772,-9.295289,0</coordinates>
      </Point>
    </Placemark>
    <Placemark>
      <name>Amarelo</name>
      <styleUrl>#style_amarelo</styleUrl>
      <Point>
        <coordinates>16.306039,-9.296529,0</coordinates>
      </Point>
    </Placemark>
    <Placemark>
      <name>Amarelo</name>
      <styleUrl>#style_amarelo</styleUrl>
      <Point>
        <coordinates>16.312619,-9.303459,0</coordinates>
      </Point>
    </Placemark>
    <Placemark>
      <name>Amarelo</name>
      <styleUrl>#style_amarelo</styleUrl>
      <Point>
        <coordinates>16.312830,-9.303865,0</coordinates>
      </Point>
    </Placemark>
    <Placemark>
      <name>Amarelo</name>
      <styleUrl>#style_amarelo</styleUrl>
      <Point>
        <coordinates>16.312576,-9.304047,0</coordinates>
      </Point>
    </Placemark>
    <Placemark>
      <name>Amarelo</name>
      <styleUrl>#style_amarelo</styleUrl>
      <Point>
        <coordinates>16.312813,-9.304163,0</coordinates>
      </Point>
    </Placemark>
    <Placemark>
      <name>Amarelo</name>
      <styleUrl>#style_amarelo</styleUrl>
      <Point>
        <coordinates>16.316776,-9.292881,0</coordinates>
      </Point>
    </Placemark>
    <Placemark>
      <name>Amarelo</name>
      <styleUrl>#style_amarelo</styleUrl>
      <Point>
        <coordinates>13.219909,-8.804590,0</coordinates>
      </Point>
    </Placemark>
    <Placemark>
      <name>Amarelo</name>
      <styleUrl>#style_amarelo</styleUrl>
      <Point>
        <coordinates>13.219590,-8.804860,0</coordinates>
      </Point>
    </Placemark>
    <Placemark>
      <name>Amarelo</name>
      <styleUrl>#style_amarelo</styleUrl>
      <Point>
        <coordinates>13.219516,-8.804932,0</coordinates>
      </Point>
    </Placemark>
    <Placemark>
      <name>Amarelo</name>
      <styleUrl>#style_amarelo</styleUrl>
      <Point>
        <coordinates>13.377337,-8.973857,0</coordinates>
      </Point>
    </Placemark>
    <Placemark>
      <name>Amarelo</name>
      <styleUrl>#style_amarelo</styleUrl>
      <Point>
        <coordinates>13.379729,-8.975748,0</coordinates>
      </Point>
    </Placemark>
    <Placemark>
      <name>Amarelo</name>
      <styleUrl>#style_amarelo</styleUrl>
      <Point>
        <coordinates>13.379693,-8.973723,0</coordinates>
      </Point>
    </Placemark>
    <Placemark>
      <name>Amarelo</name>
      <styleUrl>#style_amarelo</styleUrl>
      <Point>
        <coordinates>13.379169,-8.972880,0</coordinates>
      </Point>
    </Placemark>
    <Placemark>
      <name>Amarelo</name>
      <styleUrl>#style_amarelo</styleUrl>
      <Point>
        <coordinates>13.377542,-8.972818,0</coordinates>
      </Point>
    </Placemark>
    <Placemark>
      <name>Amarelo</name>
      <styleUrl>#style_amarelo</styleUrl>
      <Point>
        <coordinates>13.376783,-8.973592,0</coordinates>
      </Point>
    </Placemark>
    <Placemark>
      <name>Amarelo</name>
      <styleUrl>#style_amarelo</styleUrl>
      <Point>
        <coordinates>13.376729,-8.975572,0</coordinates>
      </Point>
    </Placemark>
    <Placemark>
      <name>Amarelo</name>
      <styleUrl>#style_amarelo</styleUrl>
      <Point>
        <coordinates>13.377587,-8.976842,0</coordinates>
      </Point>
    </Placemark>
    <Placemark>
      <name>Amarelo</name>
      <styleUrl>#style_amarelo</styleUrl>
      <Point>
        <coordinates>13.379343,-8.976814,0</coordinates>
      </Point>
    </Placemark>
    <Placemark>
      <name>Amarelo</name>
      <styleUrl>#style_amarelo</styleUrl>
      <Point>
        <coordinates>13.378302,-8.975561,0</coordinates>
      </Point>
    </Placemark>
    <Placemark>
      <name>Amarelo</name>
      <styleUrl>#style_amarelo</styleUrl>
      <Point>
        <coordinates>13.376895,-8.977020,0</coordinates>
      </Point>
    </Placemark>
    <Placemark>
      <name>Amarelo</name>
      <styleUrl>#style_amarelo</styleUrl>
      <Point>
        <coordinates>13.378541,-8.977172,0</coordinates>
      </Point>
    </Placemark>
    <Placemark>
      <name>Amarelo</name>
      <styleUrl>#style_amarelo</styleUrl>
      <Point>
        <coordinates>20.245126,-11.169614,0</coordinates>
      </Point>
    </Placemark>
    <Placemark>
      <name>Amarelo</name>
      <styleUrl>#style_amarelo</styleUrl>
      <Point>
        <coordinates>20.524353,-11.097260,0</coordinates>
      </Point>
    </Placemark>
    <Placemark>
      <name>Amarelo</name>
      <styleUrl>#style_amarelo</styleUrl>
      <Point>
        <coordinates>20.797543,-11.015991,0</coordinates>
      </Point>
    </Placemark>
    <Placemark>
      <name>Amarelo</name>
      <styleUrl>#style_amarelo</styleUrl>
      <Point>
        <coordinates>20.885643,-10.970582,0</coordinates>
      </Point>
    </Placemark>
    <Placemark>
      <name>Amarelo</name>
      <styleUrl>#style_amarelo</styleUrl>
      <Point>
        <coordinates>20.996349,-10.886701,0</coordinates>
      </Point>
    </Placemark>
    <Placemark>
      <name>Amarelo</name>
      <styleUrl>#style_amarelo</styleUrl>
      <Point>
        <coordinates>21.056594,-10.831672,0</coordinates>
      </Point>
    </Placemark>
    <Placemark>
      <name>Amarelo</name>
      <styleUrl>#style_amarelo</styleUrl>
      <Point>
        <coordinates>21.111937,-10.716028,0</coordinates>
      </Point>
    </Placemark>
    <Placemark>
      <name>Amarelo</name>
      <styleUrl>#style_amarelo</styleUrl>
      <Point>
        <coordinates>21.173672,-10.661264,0</coordinates>
      </Point>
    </Placemark>
    <Placemark>
      <name>Amarelo</name>
      <styleUrl>#style_amarelo</styleUrl>
      <Point>
        <coordinates>21.255515,-10.627048,0</coordinates>
      </Point>
    </Placemark>
    <Placemark>
      <name>Amarelo</name>
      <styleUrl>#style_amarelo</styleUrl>
      <Point>
        <coordinates>21.223247,-9.999215,0</coordinates>
      </Point>
    </Placemark>
    <Placemark>
      <name>Amarelo</name>
      <styleUrl>#style_amarelo</styleUrl>
      <Point>
        <coordinates>21.204602,-10.094791,0</coordinates>
      </Point>
    </Placemark>
    <Placemark>
      <name>Amarelo</name>
      <styleUrl>#style_amarelo</styleUrl>
      <Point>
        <coordinates>21.178421,-10.201468,0</coordinates>
      </Point>
    </Placemark>
    <Placemark>
      <name>Amarelo</name>
      <styleUrl>#style_amarelo</styleUrl>
      <Point>
        <coordinates>21.169606,-10.210390,0</coordinates>
      </Point>
    </Placemark>
    <Placemark>
      <name>Amarelo</name>
      <styleUrl>#style_amarelo</styleUrl>
      <Point>
        <coordinates>21.181220,-10.401708,0</coordinates>
      </Point>
    </Placemark>
    <Placemark>
      <name>Amarelo</name>
      <styleUrl>#style_amarelo</styleUrl>
      <Point>
        <coordinates>21.260328,-10.490432,0</coordinates>
      </Point>
    </Placemark>
    <Placemark>
      <name>Amarelo</name>
      <styleUrl>#style_amarelo</styleUrl>
      <Point>
        <coordinates>21.385190,-10.590405,0</coordinates>
      </Point>
    </Placemark>
    <Placemark>
      <name>Amarelo</name>
      <styleUrl>#style_amarelo</styleUrl>
      <Point>
        <coordinates>21.468146,-10.577731,0</coordinates>
      </Point>
    </Placemark>
    <Placemark>
      <name>Amarelo</name>
      <styleUrl>#style_amarelo</styleUrl>
      <Point>
        <coordinates>21.562903,-10.569853,0</coordinates>
      </Point>
    </Placemark>
    <Placemark>
      <name>Amarelo</name>
      <styleUrl>#style_amarelo</styleUrl>
      <Point>
        <coordinates>21.663331,-10.554627,0</coordinates>
      </Point>
    </Placemark>
    <Placemark>
      <name>Amarelo</name>
      <styleUrl>#style_amarelo</styleUrl>
      <Point>
        <coordinates>21.737012,-10.529775,0</coordinates>
      </Point>
    </Placemark>
    <Placemark>
      <name>Amarelo</name>
      <styleUrl>#style_amarelo</styleUrl>
      <Point>
        <coordinates>21.820854,-10.540900,0</coordinates>
      </Point>
    </Placemark>
    <Placemark>
      <name>Amarelo</name>
      <styleUrl>#style_amarelo</styleUrl>
      <Point>
        <coordinates>21.899982,-10.566983,0</coordinates>
      </Point>
    </Placemark>
    <Placemark>
      <name>Amarelo</name>
      <styleUrl>#style_amarelo</styleUrl>
      <Point>
        <coordinates>21.964411,-10.617868,0</coordinates>
      </Point>
    </Placemark>
    <Placemark>
      <name>Amarelo</name>
      <styleUrl>#style_amarelo</styleUrl>
      <Point>
        <coordinates>22.040636,-10.666058,0</coordinates>
      </Point>
    </Placemark>
    <Placemark>
      <name>Amarelo</name>
      <styleUrl>#style_amarelo</styleUrl>
      <Point>
        <coordinates>22.107470,-10.717841,0</coordinates>
      </Point>
    </Placemark>
    <Placemark>
      <name>Amarelo</name>
      <styleUrl>#style_amarelo</styleUrl>
      <Point>
        <coordinates>20.245126,-11.169614,0</coordinates>
      </Point>
    </Placemark>
    <Placemark>
      <name>Amarelo</name>
      <styleUrl>#style_amarelo</styleUrl>
      <Point>
        <coordinates>20.524353,-11.097260,0</coordinates>
      </Point>
    </Placemark>
    <Placemark>
      <name>Amarelo</name>
      <styleUrl>#style_amarelo</styleUrl>
      <Point>
        <coordinates>20.797543,-11.015991,0</coordinates>
      </Point>
    </Placemark>
    <Placemark>
      <name>Amarelo</name>
      <styleUrl>#style_amarelo</styleUrl>
      <Point>
        <coordinates>20.885643,-10.970582,0</coordinates>
      </Point>
    </Placemark>
    <Placemark>
      <name>Amarelo</name>
      <styleUrl>#style_amarelo</styleUrl>
      <Point>
        <coordinates>20.996349,-10.886701,0</coordinates>
      </Point>
    </Placemark>
    <Placemark>
      <name>Amarelo</name>
      <styleUrl>#style_amarelo</styleUrl>
      <Point>
        <coordinates>21.056594,-10.831672,0</coordinates>
      </Point>
    </Placemark>
    <Placemark>
      <name>Amarelo</name>
      <styleUrl>#style_amarelo</styleUrl>
      <Point>
        <coordinates>21.111937,-10.716028,0</coordinates>
      </Point>
    </Placemark>
    <Placemark>
      <name>Amarelo</name>
      <styleUrl>#style_amarelo</styleUrl>
      <Point>
        <coordinates>21.173672,-10.661264,0</coordinates>
      </Point>
    </Placemark>
    <Placemark>
      <name>Amarelo</name>
      <styleUrl>#style_amarelo</styleUrl>
      <Point>
        <coordinates>21.255515,-10.627048,0</coordinates>
      </Point>
    </Placemark>
    <Placemark>
      <name>Amarelo</name>
      <styleUrl>#style_amarelo</styleUrl>
      <Point>
        <coordinates>20.789197,-9.699431,0</coordinates>
      </Point>
    </Placemark>
    <Placemark>
      <name>Amarelo</name>
      <styleUrl>#style_amarelo</styleUrl>
      <Point>
        <coordinates>20.876226,-9.709296,0</coordinates>
      </Point>
    </Placemark>
    <Placemark>
      <name>Amarelo</name>
      <styleUrl>#style_amarelo</styleUrl>
      <Point>
        <coordinates>20.964078,-9.740440,0</coordinates>
      </Point>
    </Placemark>
    <Placemark>
      <name>Amarelo</name>
      <styleUrl>#style_amarelo</styleUrl>
      <Point>
        <coordinates>21.032390,-9.790864,0</coordinates>
      </Point>
    </Placemark>
    <Placemark>
      <name>Amarelo</name>
      <styleUrl>#style_amarelo</styleUrl>
      <Point>
        <coordinates>21.175429,-9.884857,0</coordinates>
      </Point>
    </Placemark>
    <Placemark>
      <name>Amarelo</name>
      <styleUrl>#style_amarelo</styleUrl>
      <Point>
        <coordinates>19.922887,-11.848368,0</coordinates>
      </Point>
    </Placemark>
    <Placemark>
      <name>Amarelo</name>
      <styleUrl>#style_amarelo</styleUrl>
      <Point>
        <coordinates>19.967124,-11.906782,0</coordinates>
      </Point>
    </Placemark>
    <Placemark>
      <name>Amarelo</name>
      <styleUrl>#style_amarelo</styleUrl>
      <Point>
        <coordinates>20.031708,-11.956056,0</coordinates>
      </Point>
    </Placemark>
    <Placemark>
      <name>Amarelo</name>
      <styleUrl>#style_amarelo</styleUrl>
      <Point>
        <coordinates>20.159421,-12.034495,0</coordinates>
      </Point>
    </Placemark>
    <Placemark>
      <name>Amarelo</name>
      <styleUrl>#style_amarelo</styleUrl>
      <Point>
        <coordinates>20.214643,-12.068674,0</coordinates>
      </Point>
    </Placemark>
    <Placemark>
      <name>Amarelo</name>
      <styleUrl>#style_amarelo</styleUrl>
      <Point>
        <coordinates>20.311945,-12.128623,0</coordinates>
      </Point>
    </Placemark>
    <Placemark>
      <name>Amarelo</name>
      <styleUrl>#style_amarelo</styleUrl>
      <Point>
        <coordinates>20.372480,-12.226474,0</coordinates>
      </Point>
    </Placemark>
    <Placemark>
      <name>Amarelo</name>
      <styleUrl>#style_amarelo</styleUrl>
      <Point>
        <coordinates>20.505794,-12.354757,0</coordinates>
      </Point>
    </Placemark>
    <Placemark>
      <name>Amarelo</name>
      <styleUrl>#style_amarelo</styleUrl>
      <Point>
        <coordinates>20.603662,-12.421916,0</coordinates>
      </Point>
    </Placemark>
    <Placemark>
      <name>Amarelo</name>
      <styleUrl>#style_amarelo</styleUrl>
      <Point>
        <coordinates>20.697704,-12.483122,0</coordinates>
      </Point>
    </Placemark>
    <Placemark>
      <name>Amarelo</name>
      <styleUrl>#style_amarelo</styleUrl>
      <Point>
        <coordinates>20.716319,-12.493849,0</coordinates>
      </Point>
    </Placemark>
    <Placemark>
      <name>Amarelo</name>
      <styleUrl>#style_amarelo</styleUrl>
      <Point>
        <coordinates>14.388794,-6.982879,0</coordinates>
      </Point>
    </Placemark>
    <Placemark>
      <name>Amarelo</name>
      <styleUrl>#style_amarelo</styleUrl>
      <Point>
        <coordinates>14.276506,-7.050912,0</coordinates>
      </Point>
    </Placemark>
    <Placemark>
      <name>Amarelo</name>
      <styleUrl>#style_amarelo</styleUrl>
      <Point>
        <coordinates>14.551338,-7.081886,0</coordinates>
      </Point>
    </Placemark>
    <Placemark>
      <name>Amarelo</name>
      <styleUrl>#style_amarelo</styleUrl>
      <Point>
        <coordinates>14.266246,-7.143483,0</coordinates>
      </Point>
    </Placemark>
    <Placemark>
      <name>Amarelo</name>
      <styleUrl>#style_amarelo</styleUrl>
      <Point>
        <coordinates>14.211242,-7.211520,0</coordinates>
      </Point>
    </Placemark>
    <Placemark>
      <name>Amarelo</name>
      <styleUrl>#style_amarelo</styleUrl>
      <Point>
        <coordinates>14.108569,-7.226752,0</coordinates>
      </Point>
    </Placemark>
    <Placemark>
      <name>Amarelo</name>
      <styleUrl>#style_amarelo</styleUrl>
      <Point>
        <coordinates>16.157541,-6.855426,0</coordinates>
      </Point>
    </Placemark>
    <Placemark>
      <name>Amarelo</name>
      <styleUrl>#style_amarelo</styleUrl>
      <Point>
        <coordinates>16.189118,-6.783837,0</coordinates>
      </Point>
    </Placemark>
    <Placemark>
      <name>Amarelo</name>
      <styleUrl>#style_amarelo</styleUrl>
      <Point>
        <coordinates>16.214486,-6.684950,0</coordinates>
      </Point>
    </Placemark>
    <Placemark>
      <name>Amarelo</name>
      <styleUrl>#style_amarelo</styleUrl>
      <Point>
        <coordinates>15.890004,-7.461286,0</coordinates>
      </Point>
    </Placemark>
    <Placemark>
      <name>Amarelo</name>
      <styleUrl>#style_amarelo</styleUrl>
      <Point>
        <coordinates>16.125655,-6.971676,0</coordinates>
      </Point>
    </Placemark>
    <Placemark>
      <name>Amarelo</name>
      <styleUrl>#style_amarelo</styleUrl>
      <Point>
        <coordinates>15.565473,-7.709381,0</coordinates>
      </Point>
    </Placemark>
    <Placemark>
      <name>Amarelo</name>
      <styleUrl>#style_amarelo</styleUrl>
      <Point>
        <coordinates>17.747487,-14.664048,0</coordinates>
      </Point>
    </Placemark>
    <Placemark>
      <name>Amarelo</name>
      <styleUrl>#style_amarelo</styleUrl>
      <Point>
        <coordinates>18.686667,-14.576288,0</coordinates>
      </Point>
    </Placemark>
    <Placemark>
      <name>Amarelo</name>
      <styleUrl>#style_amarelo</styleUrl>
      <Point>
        <coordinates>17.979833,-14.591241,0</coordinates>
      </Point>
    </Placemark>
    <Placemark>
      <name>Amarelo</name>
      <styleUrl>#style_amarelo</styleUrl>
      <Point>
        <coordinates>12.258019,-15.231148,0</coordinates>
      </Point>
    </Placemark>
    <Placemark>
      <name>Amarelo</name>
      <styleUrl>#style_amarelo</styleUrl>
      <Point>
        <coordinates>12.258059,-15.230200,0</coordinates>
      </Point>
    </Placemark>
    <Placemark>
      <name>Amarelo</name>
      <styleUrl>#style_amarelo</styleUrl>
      <Point>
        <coordinates>14.605011,-8.501923,0</coordinates>
      </Point>
    </Placemark>
    <Placemark>
      <name>Amarelo</name>
      <styleUrl>#style_amarelo</styleUrl>
      <Point>
        <coordinates>14.608611,-8.501944,0</coordinates>
      </Point>
    </Placemark>
    <Placemark>
      <name>Amarelo</name>
      <styleUrl>#style_amarelo</styleUrl>
      <Point>
        <coordinates>14.632543,-8.500937,0</coordinates>
      </Point>
    </Placemark>
    <Placemark>
      <name>Amarelo</name>
      <styleUrl>#style_amarelo</styleUrl>
      <Point>
        <coordinates>14.637042,-8.501062,0</coordinates>
      </Point>
    </Placemark>
    <Placemark>
      <name>Amarelo</name>
      <styleUrl>#style_amarelo</styleUrl>
      <Point>
        <coordinates>14.641186,-8.499887,0</coordinates>
      </Point>
    </Placemark>
    <Placemark>
      <name>Amarelo</name>
      <styleUrl>#style_amarelo</styleUrl>
      <Point>
        <coordinates>14.644904,-8.499287,0</coordinates>
      </Point>
    </Placemark>
    <Placemark>
      <name>Amarelo</name>
      <styleUrl>#style_amarelo</styleUrl>
      <Point>
        <coordinates>14.649112,-8.499411,0</coordinates>
      </Point>
    </Placemark>
    <Placemark>
      <name>Amarelo</name>
      <styleUrl>#style_amarelo</styleUrl>
      <Point>
        <coordinates>14.653315,-8.499000,0</coordinates>
      </Point>
    </Placemark>
    <Placemark>
      <name>Amarelo</name>
      <styleUrl>#style_amarelo</styleUrl>
      <Point>
        <coordinates>14.657103,-8.497292,0</coordinates>
      </Point>
    </Placemark>
    <Placemark>
      <name>Amarelo</name>
      <styleUrl>#style_amarelo</styleUrl>
      <Point>
        <coordinates>14.661576,-8.497095,0</coordinates>
      </Point>
    </Placemark>
    <Placemark>
      <name>Amarelo</name>
      <styleUrl>#style_amarelo</styleUrl>
      <Point>
        <coordinates>14.664759,-8.494091,0</coordinates>
      </Point>
    </Placemark>
    <Placemark>
      <name>Amarelo</name>
      <styleUrl>#style_amarelo</styleUrl>
      <Point>
        <coordinates>14.668853,-8.493108,0</coordinates>
      </Point>
    </Placemark>
    <Placemark>
      <name>Amarelo</name>
      <styleUrl>#style_amarelo</styleUrl>
      <Point>
        <coordinates>14.671544,-8.494488,0</coordinates>
      </Point>
    </Placemark>
    <Placemark>
      <name>Amarelo</name>
      <styleUrl>#style_amarelo</styleUrl>
      <Point>
        <coordinates>14.674157,-8.497582,0</coordinates>
      </Point>
    </Placemark>
    <Placemark>
      <name>Amarelo</name>
      <styleUrl>#style_amarelo</styleUrl>
      <Point>
        <coordinates>14.675595,-8.501011,0</coordinates>
      </Point>
    </Placemark>
    <Placemark>
      <name>Amarelo</name>
      <styleUrl>#style_amarelo</styleUrl>
      <Point>
        <coordinates>14.676040,-8.504976,0</coordinates>
      </Point>
    </Placemark>
    <Placemark>
      <name>Amarelo</name>
      <styleUrl>#style_amarelo</styleUrl>
      <Point>
        <coordinates>14.676331,-8.508605,0</coordinates>
      </Point>
    </Placemark>
    <Placemark>
      <name>Amarelo</name>
      <styleUrl>#style_amarelo</styleUrl>
      <Point>
        <coordinates>14.678315,-8.512334,0</coordinates>
      </Point>
    </Placemark>
    <Placemark>
      <name>Amarelo</name>
      <styleUrl>#style_amarelo</styleUrl>
      <Point>
        <coordinates>14.695502,-8.512375,0</coordinates>
      </Point>
    </Placemark>
    <Placemark>
      <name>Amarelo</name>
      <styleUrl>#style_amarelo</styleUrl>
      <Point>
        <coordinates>14.699698,-8.510912,0</coordinates>
      </Point>
    </Placemark>
    <Placemark>
      <name>Amarelo</name>
      <styleUrl>#style_amarelo</styleUrl>
      <Point>
        <coordinates>14.702816,-8.508568,0</coordinates>
      </Point>
    </Placemark>
    <Placemark>
      <name>Amarelo</name>
      <styleUrl>#style_amarelo</styleUrl>
      <Point>
        <coordinates>14.706513,-8.506665,0</coordinates>
      </Point>
    </Placemark>
    <Placemark>
      <name>Amarelo</name>
      <styleUrl>#style_amarelo</styleUrl>
      <Point>
        <coordinates>14.710335,-8.508512,0</coordinates>
      </Point>
    </Placemark>
    <Placemark>
      <name>Amarelo</name>
      <styleUrl>#style_amarelo</styleUrl>
      <Point>
        <coordinates>14.714728,-8.508162,0</coordinates>
      </Point>
    </Placemark>
    <Placemark>
      <name>Amarelo</name>
      <styleUrl>#style_amarelo</styleUrl>
      <Point>
        <coordinates>14.719075,-8.508669,0</coordinates>
      </Point>
    </Placemark>
    <Placemark>
      <name>Amarelo</name>
      <styleUrl>#style_amarelo</styleUrl>
      <Point>
        <coordinates>14.723348,-8.508692,0</coordinates>
      </Point>
    </Placemark>
    <Placemark>
      <name>Amarelo</name>
      <styleUrl>#style_amarelo</styleUrl>
      <Point>
        <coordinates>14.727567,-8.508424,0</coordinates>
      </Point>
    </Placemark>
    <Placemark>
      <name>Amarelo</name>
      <styleUrl>#style_amarelo</styleUrl>
      <Point>
        <coordinates>14.731925,-8.507699,0</coordinates>
      </Point>
    </Placemark>
    <Placemark>
      <name>Amarelo</name>
      <styleUrl>#style_amarelo</styleUrl>
      <Point>
        <coordinates>14.736291,-8.508909,0</coordinates>
      </Point>
    </Placemark>
    <Placemark>
      <name>Amarelo</name>
      <styleUrl>#style_amarelo</styleUrl>
      <Point>
        <coordinates>14.740824,-8.509188,0</coordinates>
      </Point>
    </Placemark>
    <Placemark>
      <name>Amarelo</name>
      <styleUrl>#style_amarelo</styleUrl>
      <Point>
        <coordinates>14.744838,-8.507754,0</coordinates>
      </Point>
    </Placemark>
    <Placemark>
      <name>Amarelo</name>
      <styleUrl>#style_amarelo</styleUrl>
      <Point>
        <coordinates>14.748252,-8.507369,0</coordinates>
      </Point>
    </Placemark>
    <Placemark>
      <name>Amarelo</name>
      <styleUrl>#style_amarelo</styleUrl>
      <Point>
        <coordinates>14.750965,-8.509888,0</coordinates>
      </Point>
    </Placemark>
    <Placemark>
      <name>Amarelo</name>
      <styleUrl>#style_amarelo</styleUrl>
      <Point>
        <coordinates>14.753847,-8.511357,0</coordinates>
      </Point>
    </Placemark>
    <Placemark>
      <name>Amarelo</name>
      <styleUrl>#style_amarelo</styleUrl>
      <Point>
        <coordinates>14.765060,-8.517436,0</coordinates>
      </Point>
    </Placemark>
    <Placemark>
      <name>Amarelo</name>
      <styleUrl>#style_amarelo</styleUrl>
      <Point>
        <coordinates>14.769250,-8.516729,0</coordinates>
      </Point>
    </Placemark>
    <Placemark>
      <name>Amarelo</name>
      <styleUrl>#style_amarelo</styleUrl>
      <Point>
        <coordinates>14.773774,-8.516442,0</coordinates>
      </Point>
    </Placemark>
    <Placemark>
      <name>Amarelo</name>
      <styleUrl>#style_amarelo</styleUrl>
      <Point>
        <coordinates>14.775964,-8.515019,0</coordinates>
      </Point>
    </Placemark>
    <Placemark>
      <name>Amarelo</name>
      <styleUrl>#style_amarelo</styleUrl>
      <Point>
        <coordinates>14.776954,-8.511099,0</coordinates>
      </Point>
    </Placemark>
    <Placemark>
      <name>Amarelo</name>
      <styleUrl>#style_amarelo</styleUrl>
      <Point>
        <coordinates>14.778044,-8.508209,0</coordinates>
      </Point>
    </Placemark>
    <Placemark>
      <name>Amarelo</name>
      <styleUrl>#style_amarelo</styleUrl>
      <Point>
        <coordinates>14.782329,-8.507269,0</coordinates>
      </Point>
    </Placemark>
    <Placemark>
      <name>Amarelo</name>
      <styleUrl>#style_amarelo</styleUrl>
      <Point>
        <coordinates>14.785546,-8.504413,0</coordinates>
      </Point>
    </Placemark>
    <Placemark>
      <name>Amarelo</name>
      <styleUrl>#style_amarelo</styleUrl>
      <Point>
        <coordinates>14.790007,-8.504745,0</coordinates>
      </Point>
    </Placemark>
    <Placemark>
      <name>Amarelo</name>
      <styleUrl>#style_amarelo</styleUrl>
      <Point>
        <coordinates>14.794178,-8.506258,0</coordinates>
      </Point>
    </Placemark>
    <Placemark>
      <name>Amarelo</name>
      <styleUrl>#style_amarelo</styleUrl>
      <Point>
        <coordinates>14.795719,-8.509308,0</coordinates>
      </Point>
    </Placemark>
    <Placemark>
      <name>Amarelo</name>
      <styleUrl>#style_amarelo</styleUrl>
      <Point>
        <coordinates>14.799846,-8.507851,0</coordinates>
      </Point>
    </Placemark>
    <Placemark>
      <name>Amarelo</name>
      <styleUrl>#style_amarelo</styleUrl>
      <Point>
        <coordinates>14.804247,-8.507000,0</coordinates>
      </Point>
    </Placemark>
    <Placemark>
      <name>Amarelo</name>
      <styleUrl>#style_amarelo</styleUrl>
      <Point>
        <coordinates>14.808243,-8.505379,0</coordinates>
      </Point>
    </Placemark>
    <Placemark>
      <name>Amarelo</name>
      <styleUrl>#style_amarelo</styleUrl>
      <Point>
        <coordinates>14.811899,-8.504805,0</coordinates>
      </Point>
    </Placemark>
    <Placemark>
      <name>Amarelo</name>
      <styleUrl>#style_amarelo</styleUrl>
      <Point>
        <coordinates>14.815358,-8.507254,0</coordinates>
      </Point>
    </Placemark>
    <Placemark>
      <name>Amarelo</name>
      <styleUrl>#style_amarelo</styleUrl>
      <Point>
        <coordinates>14.823285,-8.499756,0</coordinates>
      </Point>
    </Placemark>
    <Placemark>
      <name>Amarelo</name>
      <styleUrl>#style_amarelo</styleUrl>
      <Point>
        <coordinates>14.826584,-8.497328,0</coordinates>
      </Point>
    </Placemark>
    <Placemark>
      <name>Amarelo</name>
      <styleUrl>#style_amarelo</styleUrl>
      <Point>
        <coordinates>14.830569,-8.496971,0</coordinates>
      </Point>
    </Placemark>
    <Placemark>
      <name>Amarelo</name>
      <styleUrl>#style_amarelo</styleUrl>
      <Point>
        <coordinates>14.837645,-8.499595,0</coordinates>
      </Point>
    </Placemark>
    <Placemark>
      <name>Amarelo</name>
      <styleUrl>#style_amarelo</styleUrl>
      <Point>
        <coordinates>14.840770,-8.501329,0</coordinates>
      </Point>
    </Placemark>
    <Placemark>
      <name>Amarelo</name>
      <styleUrl>#style_amarelo</styleUrl>
      <Point>
        <coordinates>14.844513,-8.503469,0</coordinates>
      </Point>
    </Placemark>
    <Placemark>
      <name>Amarelo</name>
      <styleUrl>#style_amarelo</styleUrl>
      <Point>
        <coordinates>14.847621,-8.502046,0</coordinates>
      </Point>
    </Placemark>
    <Placemark>
      <name>Amarelo</name>
      <styleUrl>#style_amarelo</styleUrl>
      <Point>
        <coordinates>14.850937,-8.504085,0</coordinates>
      </Point>
    </Placemark>
    <Placemark>
      <name>Amarelo</name>
      <styleUrl>#style_amarelo</styleUrl>
      <Point>
        <coordinates>14.853828,-8.501123,0</coordinates>
      </Point>
    </Placemark>
    <Placemark>
      <name>Amarelo</name>
      <styleUrl>#style_amarelo</styleUrl>
      <Point>
        <coordinates>14.857457,-8.503335,0</coordinates>
      </Point>
    </Placemark>
    <Placemark>
      <name>Amarelo</name>
      <styleUrl>#style_amarelo</styleUrl>
      <Point>
        <coordinates>14.860912,-8.501645,0</coordinates>
      </Point>
    </Placemark>
    <Placemark>
      <name>Amarelo</name>
      <styleUrl>#style_amarelo</styleUrl>
      <Point>
        <coordinates>14.862326,-8.497626,0</coordinates>
      </Point>
    </Placemark>
    <Placemark>
      <name>Amarelo</name>
      <styleUrl>#style_amarelo</styleUrl>
      <Point>
        <coordinates>14.866421,-8.497088,0</coordinates>
      </Point>
    </Placemark>
    <Placemark>
      <name>Amarelo</name>
      <styleUrl>#style_amarelo</styleUrl>
      <Point>
        <coordinates>14.870657,-8.497251,0</coordinates>
      </Point>
    </Placemark>
    <Placemark>
      <name>Amarelo</name>
      <styleUrl>#style_amarelo</styleUrl>
      <Point>
        <coordinates>14.874773,-8.496555,0</coordinates>
      </Point>
    </Placemark>
    <Placemark>
      <name>Amarelo</name>
      <styleUrl>#style_amarelo</styleUrl>
      <Point>
        <coordinates>14.878435,-8.499009,0</coordinates>
      </Point>
    </Placemark>
    <Placemark>
      <name>Amarelo</name>
      <styleUrl>#style_amarelo</styleUrl>
      <Point>
        <coordinates>14.881795,-8.501968,0</coordinates>
      </Point>
    </Placemark>
    <Placemark>
      <name>Amarelo</name>
      <styleUrl>#style_amarelo</styleUrl>
      <Point>
        <coordinates>14.884988,-8.504509,0</coordinates>
      </Point>
    </Placemark>
    <Placemark>
      <name>Amarelo</name>
      <styleUrl>#style_amarelo</styleUrl>
      <Point>
        <coordinates>14.886693,-8.508589,0</coordinates>
      </Point>
    </Placemark>
    <Placemark>
      <name>Amarelo</name>
      <styleUrl>#style_amarelo</styleUrl>
      <Point>
        <coordinates>14.890536,-8.510272,0</coordinates>
      </Point>
    </Placemark>
    <Placemark>
      <name>Amarelo</name>
      <styleUrl>#style_amarelo</styleUrl>
      <Point>
        <coordinates>14.893780,-8.512194,0</coordinates>
      </Point>
    </Placemark>
    <Placemark>
      <name>Amarelo</name>
      <styleUrl>#style_amarelo</styleUrl>
      <Point>
        <coordinates>14.896120,-8.515824,0</coordinates>
      </Point>
    </Placemark>
    <Placemark>
      <name>Amarelo</name>
      <styleUrl>#style_amarelo</styleUrl>
      <Point>
        <coordinates>14.896611,-8.520252,0</coordinates>
      </Point>
    </Placemark>
    <Placemark>
      <name>Amarelo</name>
      <styleUrl>#style_amarelo</styleUrl>
      <Point>
        <coordinates>14.896850,-8.523555,0</coordinates>
      </Point>
    </Placemark>
    <Placemark>
      <name>Amarelo</name>
      <styleUrl>#style_amarelo</styleUrl>
      <Point>
        <coordinates>14.899282,-8.526043,0</coordinates>
      </Point>
    </Placemark>
    <Placemark>
      <name>Amarelo</name>
      <styleUrl>#style_amarelo</styleUrl>
      <Point>
        <coordinates>14.903200,-8.525927,0</coordinates>
      </Point>
    </Placemark>
    <Placemark>
      <name>Amarelo</name>
      <styleUrl>#style_amarelo</styleUrl>
      <Point>
        <coordinates>14.906686,-8.527775,0</coordinates>
      </Point>
    </Placemark>
    <Placemark>
      <name>Amarelo</name>
      <styleUrl>#style_amarelo</styleUrl>
      <Point>
        <coordinates>14.909740,-8.527389,0</coordinates>
      </Point>
    </Placemark>
    <Placemark>
      <name>Amarelo</name>
      <styleUrl>#style_amarelo</styleUrl>
      <Point>
        <coordinates>14.912822,-8.524414,0</coordinates>
      </Point>
    </Placemark>
    <Placemark>
      <name>Amarelo</name>
      <styleUrl>#style_amarelo</styleUrl>
      <Point>
        <coordinates>14.915545,-8.521883,0</coordinates>
      </Point>
    </Placemark>
    <Placemark>
      <name>Amarelo</name>
      <styleUrl>#style_amarelo</styleUrl>
      <Point>
        <coordinates>14.931620,-8.528979,0</coordinates>
      </Point>
    </Placemark>
    <Placemark>
      <name>Amarelo</name>
      <styleUrl>#style_amarelo</styleUrl>
      <Point>
        <coordinates>14.933667,-8.525633,0</coordinates>
      </Point>
    </Placemark>
    <Placemark>
      <name>Amarelo</name>
      <styleUrl>#style_amarelo</styleUrl>
      <Point>
        <coordinates>14.936904,-8.522610,0</coordinates>
      </Point>
    </Placemark>
    <Placemark>
      <name>Amarelo</name>
      <styleUrl>#style_amarelo</styleUrl>
      <Point>
        <coordinates>14.940586,-8.520358,0</coordinates>
      </Point>
    </Placemark>
    <Placemark>
      <name>Amarelo</name>
      <styleUrl>#style_amarelo</styleUrl>
      <Point>
        <coordinates>14.943228,-8.517287,0</coordinates>
      </Point>
    </Placemark>
    <Placemark>
      <name>Amarelo</name>
      <styleUrl>#style_amarelo</styleUrl>
      <Point>
        <coordinates>14.946551,-8.514886,0</coordinates>
      </Point>
    </Placemark>
    <Placemark>
      <name>Amarelo</name>
      <styleUrl>#style_amarelo</styleUrl>
      <Point>
        <coordinates>14.946587,-8.510621,0</coordinates>
      </Point>
    </Placemark>
    <Placemark>
      <name>Amarelo</name>
      <styleUrl>#style_amarelo</styleUrl>
      <Point>
        <coordinates>14.950051,-8.507980,0</coordinates>
      </Point>
    </Placemark>
    <Placemark>
      <name>Amarelo</name>
      <styleUrl>#style_amarelo</styleUrl>
      <Point>
        <coordinates>14.480340,-9.674829,0</coordinates>
      </Point>
    </Placemark>
    <Placemark>
      <name>Amarelo</name>
      <styleUrl>#style_amarelo</styleUrl>
      <Point>
        <coordinates>14.484884,-9.674503,0</coordinates>
      </Point>
    </Placemark>
    <Placemark>
      <name>Amarelo</name>
      <styleUrl>#style_amarelo</styleUrl>
      <Point>
        <coordinates>14.489380,-9.673780,0</coordinates>
      </Point>
    </Placemark>
    <Placemark>
      <name>Amarelo</name>
      <styleUrl>#style_amarelo</styleUrl>
      <Point>
        <coordinates>14.498168,-9.671729,0</coordinates>
      </Point>
    </Placemark>
    <Placemark>
      <name>Amarelo</name>
      <styleUrl>#style_amarelo</styleUrl>
      <Point>
        <coordinates>14.502143,-9.669681,0</coordinates>
      </Point>
    </Placemark>
    <Placemark>
      <name>Amarelo</name>
      <styleUrl>#style_amarelo</styleUrl>
      <Point>
        <coordinates>14.506652,-9.669468,0</coordinates>
      </Point>
    </Placemark>
    <Placemark>
      <name>Amarelo</name>
      <styleUrl>#style_amarelo</styleUrl>
      <Point>
        <coordinates>14.515628,-9.669431,0</coordinates>
      </Point>
    </Placemark>
    <Placemark>
      <name>Amarelo</name>
      <styleUrl>#style_amarelo</styleUrl>
      <Point>
        <coordinates>14.528965,-9.667433,0</coordinates>
      </Point>
    </Placemark>
    <Placemark>
      <name>Amarelo</name>
      <styleUrl>#style_amarelo</styleUrl>
      <Point>
        <coordinates>14.533508,-9.667762,0</coordinates>
      </Point>
    </Placemark>
    <Placemark>
      <name>Amarelo</name>
      <styleUrl>#style_amarelo</styleUrl>
      <Point>
        <coordinates>14.574181,-9.664974,0</coordinates>
      </Point>
    </Placemark>
    <Placemark>
      <name>Amarelo</name>
      <styleUrl>#style_amarelo</styleUrl>
      <Point>
        <coordinates>14.583282,-9.665228,0</coordinates>
      </Point>
    </Placemark>
    <Placemark>
      <name>Amarelo</name>
      <styleUrl>#style_amarelo</styleUrl>
      <Point>
        <coordinates>14.587824,-9.665583,0</coordinates>
      </Point>
    </Placemark>
    <Placemark>
      <name>Amarelo</name>
      <styleUrl>#style_amarelo</styleUrl>
      <Point>
        <coordinates>14.592367,-9.665924,0</coordinates>
      </Point>
    </Placemark>
    <Placemark>
      <name>Amarelo</name>
      <styleUrl>#style_amarelo</styleUrl>
      <Point>
        <coordinates>14.596903,-9.666335,0</coordinates>
      </Point>
    </Placemark>
    <Placemark>
      <name>Amarelo</name>
      <styleUrl>#style_amarelo</styleUrl>
      <Point>
        <coordinates>14.619223,-9.667251,0</coordinates>
      </Point>
    </Placemark>
    <Placemark>
      <name>Amarelo</name>
      <styleUrl>#style_amarelo</styleUrl>
      <Point>
        <coordinates>14.623593,-9.668217,0</coordinates>
      </Point>
    </Placemark>
    <Placemark>
      <name>Amarelo</name>
      <styleUrl>#style_amarelo</styleUrl>
      <Point>
        <coordinates>14.627843,-9.669836,0</coordinates>
      </Point>
    </Placemark>
    <Placemark>
      <name>Amarelo</name>
      <styleUrl>#style_amarelo</styleUrl>
      <Point>
        <coordinates>14.631430,-9.672571,0</coordinates>
      </Point>
    </Placemark>
    <Placemark>
      <name>Amarelo</name>
      <styleUrl>#style_amarelo</styleUrl>
      <Point>
        <coordinates>14.635710,-9.672921,0</coordinates>
      </Point>
    </Placemark>
    <Placemark>
      <name>Amarelo</name>
      <styleUrl>#style_amarelo</styleUrl>
      <Point>
        <coordinates>14.640096,-9.671702,0</coordinates>
      </Point>
    </Placemark>
    <Placemark>
      <name>Amarelo</name>
      <styleUrl>#style_amarelo</styleUrl>
      <Point>
        <coordinates>14.644590,-9.671590,0</coordinates>
      </Point>
    </Placemark>
    <Placemark>
      <name>Amarelo</name>
      <styleUrl>#style_amarelo</styleUrl>
      <Point>
        <coordinates>14.648420,-9.673984,0</coordinates>
      </Point>
    </Placemark>
    <Placemark>
      <name>Amarelo</name>
      <styleUrl>#style_amarelo</styleUrl>
      <Point>
        <coordinates>14.651647,-9.677053,0</coordinates>
      </Point>
    </Placemark>
    <Placemark>
      <name>Amarelo</name>
      <styleUrl>#style_amarelo</styleUrl>
      <Point>
        <coordinates>14.656561,-9.683840,0</coordinates>
      </Point>
    </Placemark>
    <Placemark>
      <name>Amarelo</name>
      <styleUrl>#style_amarelo</styleUrl>
      <Point>
        <coordinates>14.657586,-9.688139,0</coordinates>
      </Point>
    </Placemark>
    <Placemark>
      <name>Amarelo</name>
      <styleUrl>#style_amarelo</styleUrl>
      <Point>
        <coordinates>14.661279,-9.690083,0</coordinates>
      </Point>
    </Placemark>
    <Placemark>
      <name>Amarelo</name>
      <styleUrl>#style_amarelo</styleUrl>
      <Point>
        <coordinates>14.665783,-9.690762,0</coordinates>
      </Point>
    </Placemark>
    <Placemark>
      <name>Amarelo</name>
      <styleUrl>#style_amarelo</styleUrl>
      <Point>
        <coordinates>14.670307,-9.690669,0</coordinates>
      </Point>
    </Placemark>
    <Placemark>
      <name>Amarelo</name>
      <styleUrl>#style_amarelo</styleUrl>
      <Point>
        <coordinates>14.674821,-9.690078,0</coordinates>
      </Point>
    </Placemark>
    <Placemark>
      <name>Amarelo</name>
      <styleUrl>#style_amarelo</styleUrl>
      <Point>
        <coordinates>14.679376,-9.690058,0</coordinates>
      </Point>
    </Placemark>
    <Placemark>
      <name>Amarelo</name>
      <styleUrl>#style_amarelo</styleUrl>
      <Point>
        <coordinates>14.692798,-9.688558,0</coordinates>
      </Point>
    </Placemark>
    <Placemark>
      <name>Amarelo</name>
      <styleUrl>#style_amarelo</styleUrl>
      <Point>
        <coordinates>14.701386,-9.686314,0</coordinates>
      </Point>
    </Placemark>
    <Placemark>
      <name>Amarelo</name>
      <styleUrl>#style_amarelo</styleUrl>
      <Point>
        <coordinates>14.710079,-9.688786,0</coordinates>
      </Point>
    </Placemark>
    <Placemark>
      <name>Amarelo</name>
      <styleUrl>#style_amarelo</styleUrl>
      <Point>
        <coordinates>14.714299,-9.690346,0</coordinates>
      </Point>
    </Placemark>
    <Placemark>
      <name>Amarelo</name>
      <styleUrl>#style_amarelo</styleUrl>
      <Point>
        <coordinates>14.718434,-9.688593,0</coordinates>
      </Point>
    </Placemark>
    <Placemark>
      <name>Amarelo</name>
      <styleUrl>#style_amarelo</styleUrl>
      <Point>
        <coordinates>14.727172,-9.686353,0</coordinates>
      </Point>
    </Placemark>
    <Placemark>
      <name>Amarelo</name>
      <styleUrl>#style_amarelo</styleUrl>
      <Point>
        <coordinates>14.744724,-9.688424,0</coordinates>
      </Point>
    </Placemark>
    <Placemark>
      <name>Amarelo</name>
      <styleUrl>#style_amarelo</styleUrl>
      <Point>
        <coordinates>14.749184,-9.687597,0</coordinates>
      </Point>
    </Placemark>
    <Placemark>
      <name>Amarelo</name>
      <styleUrl>#style_amarelo</styleUrl>
      <Point>
        <coordinates>14.753704,-9.687181,0</coordinates>
      </Point>
    </Placemark>
    <Placemark>
      <name>Amarelo</name>
      <styleUrl>#style_amarelo</styleUrl>
      <Point>
        <coordinates>14.789197,-9.682997,0</coordinates>
      </Point>
    </Placemark>
    <Placemark>
      <name>Amarelo</name>
      <styleUrl>#style_amarelo</styleUrl>
      <Point>
        <coordinates>14.793683,-9.682275,0</coordinates>
      </Point>
    </Placemark>
    <Placemark>
      <name>Amarelo</name>
      <styleUrl>#style_amarelo</styleUrl>
      <Point>
        <coordinates>14.798178,-9.681576,0</coordinates>
      </Point>
    </Placemark>
    <Placemark>
      <name>Amarelo</name>
      <styleUrl>#style_amarelo</styleUrl>
      <Point>
        <coordinates>14.802442,-9.679992,0</coordinates>
      </Point>
    </Placemark>
    <Placemark>
      <name>Amarelo</name>
      <styleUrl>#style_amarelo</styleUrl>
      <Point>
        <coordinates>14.806496,-9.677990,0</coordinates>
      </Point>
    </Placemark>
    <Placemark>
      <name>Amarelo</name>
      <styleUrl>#style_amarelo</styleUrl>
      <Point>
        <coordinates>14.810294,-9.675511,0</coordinates>
      </Point>
    </Placemark>
    <Placemark>
      <name>Amarelo</name>
      <styleUrl>#style_amarelo</styleUrl>
      <Point>
        <coordinates>14.814558,-9.673942,0</coordinates>
      </Point>
    </Placemark>
    <Placemark>
      <name>Amarelo</name>
      <styleUrl>#style_amarelo</styleUrl>
      <Point>
        <coordinates>14.817927,-9.671188,0</coordinates>
      </Point>
    </Placemark>
    <Placemark>
      <name>Amarelo</name>
      <styleUrl>#style_amarelo</styleUrl>
      <Point>
        <coordinates>14.819177,-9.666908,0</coordinates>
      </Point>
    </Placemark>
    <Placemark>
      <name>Amarelo</name>
      <styleUrl>#style_amarelo</styleUrl>
      <Point>
        <coordinates>14.822756,-9.664251,0</coordinates>
      </Point>
    </Placemark>
    <Placemark>
      <name>Amarelo</name>
      <styleUrl>#style_amarelo</styleUrl>
      <Point>
        <coordinates>14.827114,-9.662968,0</coordinates>
      </Point>
    </Placemark>
    <Placemark>
      <name>Amarelo</name>
      <styleUrl>#style_amarelo</styleUrl>
      <Point>
        <coordinates>14.831633,-9.662421,0</coordinates>
      </Point>
    </Placemark>
    <Placemark>
      <name>Amarelo</name>
      <styleUrl>#style_amarelo</styleUrl>
      <Point>
        <coordinates>14.836095,-9.661511,0</coordinates>
      </Point>
    </Placemark>
    <Placemark>
      <name>Amarelo</name>
      <styleUrl>#style_amarelo</styleUrl>
      <Point>
        <coordinates>14.840548,-9.660586,0</coordinates>
      </Point>
    </Placemark>
    <Placemark>
      <name>Amarelo</name>
      <styleUrl>#style_amarelo</styleUrl>
      <Point>
        <coordinates>14.890070,-9.665564,0</coordinates>
      </Point>
    </Placemark>
    <Placemark>
      <name>Amarelo</name>
      <styleUrl>#style_amarelo</styleUrl>
      <Point>
        <coordinates>14.894118,-9.663517,0</coordinates>
      </Point>
    </Placemark>
    <Placemark>
      <name>Amarelo</name>
      <styleUrl>#style_amarelo</styleUrl>
      <Point>
        <coordinates>14.898056,-9.661675,0</coordinates>
      </Point>
    </Placemark>
    <Placemark>
      <name>Amarelo</name>
      <styleUrl>#style_amarelo</styleUrl>
      <Point>
        <coordinates>14.905239,-9.656910,0</coordinates>
      </Point>
    </Placemark>
    <Placemark>
      <name>Amarelo</name>
      <styleUrl>#style_amarelo</styleUrl>
      <Point>
        <coordinates>14.908412,-9.653687,0</coordinates>
      </Point>
    </Placemark>
    <Placemark>
      <name>Amarelo</name>
      <styleUrl>#style_amarelo</styleUrl>
      <Point>
        <coordinates>14.911602,-9.650482,0</coordinates>
      </Point>
    </Placemark>
    <Placemark>
      <name>Amarelo</name>
      <styleUrl>#style_amarelo</styleUrl>
      <Point>
        <coordinates>14.915914,-9.649250,0</coordinates>
      </Point>
    </Placemark>
    <Placemark>
      <name>Amarelo</name>
      <styleUrl>#style_amarelo</styleUrl>
      <Point>
        <coordinates>14.920257,-9.649496,0</coordinates>
      </Point>
    </Placemark>
    <Placemark>
      <name>Amarelo</name>
      <styleUrl>#style_amarelo</styleUrl>
      <Point>
        <coordinates>14.924259,-9.650237,0</coordinates>
      </Point>
    </Placemark>
    <Placemark>
      <name>Amarelo</name>
      <styleUrl>#style_amarelo</styleUrl>
      <Point>
        <coordinates>14.927783,-9.647455,0</coordinates>
      </Point>
    </Placemark>
    <Placemark>
      <name>Amarelo</name>
      <styleUrl>#style_amarelo</styleUrl>
      <Point>
        <coordinates>14.932321,-9.647428,0</coordinates>
      </Point>
    </Placemark>
    <Placemark>
      <name>Amarelo</name>
      <styleUrl>#style_amarelo</styleUrl>
      <Point>
        <coordinates>14.936067,-9.645331,0</coordinates>
      </Point>
    </Placemark>
    <Placemark>
      <name>Amarelo</name>
      <styleUrl>#style_amarelo</styleUrl>
      <Point>
        <coordinates>14.940517,-9.646198,0</coordinates>
      </Point>
    </Placemark>
    <Placemark>
      <name>Amarelo</name>
      <styleUrl>#style_amarelo</styleUrl>
      <Point>
        <coordinates>14.944931,-9.645963,0</coordinates>
      </Point>
    </Placemark>
    <Placemark>
      <name>Amarelo</name>
      <styleUrl>#style_amarelo</styleUrl>
      <Point>
        <coordinates>14.948933,-9.644066,0</coordinates>
      </Point>
    </Placemark>
    <Placemark>
      <name>Amarelo</name>
      <styleUrl>#style_amarelo</styleUrl>
      <Point>
        <coordinates>14.952843,-9.645989,0</coordinates>
      </Point>
    </Placemark>
    <Placemark>
      <name>Amarelo</name>
      <styleUrl>#style_amarelo</styleUrl>
      <Point>
        <coordinates>14.955675,-9.649133,0</coordinates>
      </Point>
    </Placemark>
    <Placemark>
      <name>Amarelo</name>
      <styleUrl>#style_amarelo</styleUrl>
      <Point>
        <coordinates>14.959933,-9.650704,0</coordinates>
      </Point>
    </Placemark>
    <Placemark>
      <name>Amarelo</name>
      <styleUrl>#style_amarelo</styleUrl>
      <Point>
        <coordinates>14.964143,-9.652420,0</coordinates>
      </Point>
    </Placemark>
    <Placemark>
      <name>Amarelo</name>
      <styleUrl>#style_amarelo</styleUrl>
      <Point>
        <coordinates>15.063132,-13.741822,0</coordinates>
      </Point>
    </Placemark>
    <Placemark>
      <name>Amarelo</name>
      <styleUrl>#style_amarelo</styleUrl>
      <Point>
        <coordinates>15.067573,-13.749366,0</coordinates>
      </Point>
    </Placemark>
    <Placemark>
      <name>Amarelo</name>
      <styleUrl>#style_amarelo</styleUrl>
      <Point>
        <coordinates>15.081714,-13.781159,0</coordinates>
      </Point>
    </Placemark>
    <Placemark>
      <name>Amarelo</name>
      <styleUrl>#style_amarelo</styleUrl>
      <Point>
        <coordinates>15.083969,-13.785024,0</coordinates>
      </Point>
    </Placemark>
    <Placemark>
      <name>Amarelo</name>
      <styleUrl>#style_amarelo</styleUrl>
      <Point>
        <coordinates>15.085911,-13.789105,0</coordinates>
      </Point>
    </Placemark>
    <Placemark>
      <name>Amarelo</name>
      <styleUrl>#style_amarelo</styleUrl>
      <Point>
        <coordinates>15.087855,-13.793186,0</coordinates>
      </Point>
    </Placemark>
    <Placemark>
      <name>Amarelo</name>
      <styleUrl>#style_amarelo</styleUrl>
      <Point>
        <coordinates>15.089797,-13.797269,0</coordinates>
      </Point>
    </Placemark>
    <Placemark>
      <name>Amarelo</name>
      <styleUrl>#style_amarelo</styleUrl>
      <Point>
        <coordinates>15.093673,-13.805436,0</coordinates>
      </Point>
    </Placemark>
    <Placemark>
      <name>Amarelo</name>
      <styleUrl>#style_amarelo</styleUrl>
      <Point>
        <coordinates>15.096790,-13.813838,0</coordinates>
      </Point>
    </Placemark>
    <Placemark>
      <name>Amarelo</name>
      <styleUrl>#style_amarelo</styleUrl>
      <Point>
        <coordinates>15.097540,-13.818275,0</coordinates>
      </Point>
    </Placemark>
    <Placemark>
      <name>Amarelo</name>
      <styleUrl>#style_amarelo</styleUrl>
      <Point>
        <coordinates>15.099049,-13.827148,0</coordinates>
      </Point>
    </Placemark>
    <Placemark>
      <name>Amarelo</name>
      <styleUrl>#style_amarelo</styleUrl>
      <Point>
        <coordinates>15.101311,-13.840458,0</coordinates>
      </Point>
    </Placemark>
    <Placemark>
      <name>Amarelo</name>
      <styleUrl>#style_amarelo</styleUrl>
      <Point>
        <coordinates>15.102064,-13.844895,0</coordinates>
      </Point>
    </Placemark>
    <Placemark>
      <name>Amarelo</name>
      <styleUrl>#style_amarelo</styleUrl>
      <Point>
        <coordinates>15.102714,-13.862543,0</coordinates>
      </Point>
    </Placemark>
    <Placemark>
      <name>Amarelo</name>
      <styleUrl>#style_amarelo</styleUrl>
      <Point>
        <coordinates>15.100270,-13.871217,0</coordinates>
      </Point>
    </Placemark>
    <Placemark>
      <name>Amarelo</name>
      <styleUrl>#style_amarelo</styleUrl>
      <Point>
        <coordinates>15.099058,-13.875557,0</coordinates>
      </Point>
    </Placemark>
    <Placemark>
      <name>Amarelo</name>
      <styleUrl>#style_amarelo</styleUrl>
      <Point>
        <coordinates>15.097851,-13.879898,0</coordinates>
      </Point>
    </Placemark>
    <Placemark>
      <name>Amarelo</name>
      <styleUrl>#style_amarelo</styleUrl>
      <Point>
        <coordinates>15.096623,-13.884234,0</coordinates>
      </Point>
    </Placemark>
    <Placemark>
      <name>Amarelo</name>
      <styleUrl>#style_amarelo</styleUrl>
      <Point>
        <coordinates>15.095397,-13.888570,0</coordinates>
      </Point>
    </Placemark>
    <Placemark>
      <name>Amarelo</name>
      <styleUrl>#style_amarelo</styleUrl>
      <Point>
        <coordinates>15.094174,-13.892908,0</coordinates>
      </Point>
    </Placemark>
    <Placemark>
      <name>Amarelo</name>
      <styleUrl>#style_amarelo</styleUrl>
      <Point>
        <coordinates>15.092951,-13.897245,0</coordinates>
      </Point>
    </Placemark>
    <Placemark>
      <name>Amarelo</name>
      <styleUrl>#style_amarelo</styleUrl>
      <Point>
        <coordinates>15.091728,-13.901582,0</coordinates>
      </Point>
    </Placemark>
    <Placemark>
      <name>Amarelo</name>
      <styleUrl>#style_amarelo</styleUrl>
      <Point>
        <coordinates>15.090506,-13.905919,0</coordinates>
      </Point>
    </Placemark>
    <Placemark>
      <name>Amarelo</name>
      <styleUrl>#style_amarelo</styleUrl>
      <Point>
        <coordinates>15.089283,-13.910256,0</coordinates>
      </Point>
    </Placemark>
    <Placemark>
      <name>Amarelo</name>
      <styleUrl>#style_amarelo</styleUrl>
      <Point>
        <coordinates>15.088060,-13.914593,0</coordinates>
      </Point>
    </Placemark>
    <Placemark>
      <name>Amarelo</name>
      <styleUrl>#style_amarelo</styleUrl>
      <Point>
        <coordinates>15.086837,-13.918930,0</coordinates>
      </Point>
    </Placemark>
    <Placemark>
      <name>Amarelo</name>
      <styleUrl>#style_amarelo</styleUrl>
      <Point>
        <coordinates>15.085615,-13.923267,0</coordinates>
      </Point>
    </Placemark>
    <Placemark>
      <name>Amarelo</name>
      <styleUrl>#style_amarelo</styleUrl>
      <Point>
        <coordinates>15.081947,-13.936279,0</coordinates>
      </Point>
    </Placemark>
    <Placemark>
      <name>Amarelo</name>
      <styleUrl>#style_amarelo</styleUrl>
      <Point>
        <coordinates>15.079501,-13.944953,0</coordinates>
      </Point>
    </Placemark>
    <Placemark>
      <name>Amarelo</name>
      <styleUrl>#style_amarelo</styleUrl>
      <Point>
        <coordinates>15.078274,-13.949289,0</coordinates>
      </Point>
    </Placemark>
    <Placemark>
      <name>Amarelo</name>
      <styleUrl>#style_amarelo</styleUrl>
      <Point>
        <coordinates>15.077033,-13.953621,0</coordinates>
      </Point>
    </Placemark>
    <Placemark>
      <name>Amarelo</name>
      <styleUrl>#style_amarelo</styleUrl>
      <Point>
        <coordinates>15.075127,-13.957717,0</coordinates>
      </Point>
    </Placemark>
    <Placemark>
      <name>Amarelo</name>
      <styleUrl>#style_amarelo</styleUrl>
      <Point>
        <coordinates>15.073156,-13.961786,0</coordinates>
      </Point>
    </Placemark>
    <Placemark>
      <name>Amarelo</name>
      <styleUrl>#style_amarelo</styleUrl>
      <Point>
        <coordinates>15.071185,-13.965856,0</coordinates>
      </Point>
    </Placemark>
    <Placemark>
      <name>Amarelo</name>
      <styleUrl>#style_amarelo</styleUrl>
      <Point>
        <coordinates>15.069720,-13.970050,0</coordinates>
      </Point>
    </Placemark>
    <Placemark>
      <name>Amarelo</name>
      <styleUrl>#style_amarelo</styleUrl>
      <Point>
        <coordinates>15.069852,-13.974544,0</coordinates>
      </Point>
    </Placemark>
    <Placemark>
      <name>Amarelo</name>
      <styleUrl>#style_amarelo</styleUrl>
      <Point>
        <coordinates>15.069993,-13.979039,0</coordinates>
      </Point>
    </Placemark>
    <Placemark>
      <name>Amarelo</name>
      <styleUrl>#style_amarelo</styleUrl>
      <Point>
        <coordinates>15.070133,-13.983533,0</coordinates>
      </Point>
    </Placemark>
    <Placemark>
      <name>Amarelo</name>
      <styleUrl>#style_amarelo</styleUrl>
      <Point>
        <coordinates>15.070275,-13.988028,0</coordinates>
      </Point>
    </Placemark>
    <Placemark>
      <name>Amarelo</name>
      <styleUrl>#style_amarelo</styleUrl>
      <Point>
        <coordinates>15.070407,-13.992523,0</coordinates>
      </Point>
    </Placemark>
    <Placemark>
      <name>Amarelo</name>
      <styleUrl>#style_amarelo</styleUrl>
      <Point>
        <coordinates>15.070528,-13.997018,0</coordinates>
      </Point>
    </Placemark>
    <Placemark>
      <name>Amarelo</name>
      <styleUrl>#style_amarelo</styleUrl>
      <Point>
        <coordinates>15.070673,-14.001512,0</coordinates>
      </Point>
    </Placemark>
    <Placemark>
      <name>Amarelo</name>
      <styleUrl>#style_amarelo</styleUrl>
      <Point>
        <coordinates>15.070820,-14.006007,0</coordinates>
      </Point>
    </Placemark>
    <Placemark>
      <name>Amarelo</name>
      <styleUrl>#style_amarelo</styleUrl>
      <Point>
        <coordinates>15.070968,-14.010501,0</coordinates>
      </Point>
    </Placemark>
    <Placemark>
      <name>Amarelo</name>
      <styleUrl>#style_amarelo</styleUrl>
      <Point>
        <coordinates>15.071111,-14.014995,0</coordinates>
      </Point>
    </Placemark>
    <Placemark>
      <name>Amarelo</name>
      <styleUrl>#style_amarelo</styleUrl>
      <Point>
        <coordinates>15.071247,-14.019490,0</coordinates>
      </Point>
    </Placemark>
    <Placemark>
      <name>Amarelo</name>
      <styleUrl>#style_amarelo</styleUrl>
      <Point>
        <coordinates>15.072461,-14.059902,0</coordinates>
      </Point>
    </Placemark>
    <Placemark>
      <name>Amarelo</name>
      <styleUrl>#style_amarelo</styleUrl>
      <Point>
        <coordinates>15.072570,-14.064397,0</coordinates>
      </Point>
    </Placemark>
    <Placemark>
      <name>Amarelo</name>
      <styleUrl>#style_amarelo</styleUrl>
      <Point>
        <coordinates>15.072711,-14.068892,0</coordinates>
      </Point>
    </Placemark>
    <Placemark>
      <name>Amarelo</name>
      <styleUrl>#style_amarelo</styleUrl>
      <Point>
        <coordinates>15.071932,-14.073259,0</coordinates>
      </Point>
    </Placemark>
    <Placemark>
      <name>Amarelo</name>
      <styleUrl>#style_amarelo</styleUrl>
      <Point>
        <coordinates>15.070466,-14.077525,0</coordinates>
      </Point>
    </Placemark>
    <Placemark>
      <name>Amarelo</name>
      <styleUrl>#style_amarelo</styleUrl>
      <Point>
        <coordinates>15.068993,-14.081788,0</coordinates>
      </Point>
    </Placemark>
    <Placemark>
      <name>Amarelo</name>
      <styleUrl>#style_amarelo</styleUrl>
      <Point>
        <coordinates>15.067516,-14.086051,0</coordinates>
      </Point>
    </Placemark>
    <Placemark>
      <name>Amarelo</name>
      <styleUrl>#style_amarelo</styleUrl>
      <Point>
        <coordinates>15.066032,-14.090311,0</coordinates>
      </Point>
    </Placemark>
    <Placemark>
      <name>Amarelo</name>
      <styleUrl>#style_amarelo</styleUrl>
      <Point>
        <coordinates>15.064547,-14.094570,0</coordinates>
      </Point>
    </Placemark>
    <Placemark>
      <name>Amarelo</name>
      <styleUrl>#style_amarelo</styleUrl>
      <Point>
        <coordinates>15.063062,-14.098830,0</coordinates>
      </Point>
    </Placemark>
    <Placemark>
      <name>Amarelo</name>
      <styleUrl>#style_amarelo</styleUrl>
      <Point>
        <coordinates>15.061576,-14.103090,0</coordinates>
      </Point>
    </Placemark>
    <Placemark>
      <name>Amarelo</name>
      <styleUrl>#style_amarelo</styleUrl>
      <Point>
        <coordinates>15.060090,-14.107349,0</coordinates>
      </Point>
    </Placemark>
    <Placemark>
      <name>Amarelo</name>
      <styleUrl>#style_amarelo</styleUrl>
      <Point>
        <coordinates>15.058603,-14.111608,0</coordinates>
      </Point>
    </Placemark>
    <Placemark>
      <name>Amarelo</name>
      <styleUrl>#style_amarelo</styleUrl>
      <Point>
        <coordinates>15.057116,-14.115867,0</coordinates>
      </Point>
    </Placemark>
    <Placemark>
      <name>Amarelo</name>
      <styleUrl>#style_amarelo</styleUrl>
      <Point>
        <coordinates>15.055629,-14.120126,0</coordinates>
      </Point>
    </Placemark>
    <Placemark>
      <name>Amarelo</name>
      <styleUrl>#style_amarelo</styleUrl>
      <Point>
        <coordinates>15.054140,-14.124385,0</coordinates>
      </Point>
    </Placemark>
    <Placemark>
      <name>Amarelo</name>
      <styleUrl>#style_amarelo</styleUrl>
      <Point>
        <coordinates>15.052646,-14.128641,0</coordinates>
      </Point>
    </Placemark>
    <Placemark>
      <name>Amarelo</name>
      <styleUrl>#style_amarelo</styleUrl>
      <Point>
        <coordinates>15.051152,-14.132898,0</coordinates>
      </Point>
    </Placemark>
    <Placemark>
      <name>Amarelo</name>
      <styleUrl>#style_amarelo</styleUrl>
      <Point>
        <coordinates>15.049658,-14.137155,0</coordinates>
      </Point>
    </Placemark>
    <Placemark>
      <name>Amarelo</name>
      <styleUrl>#style_amarelo</styleUrl>
      <Point>
        <coordinates>15.046670,-14.145669,0</coordinates>
      </Point>
    </Placemark>
    <Placemark>
      <name>Amarelo</name>
      <styleUrl>#style_amarelo</styleUrl>
      <Point>
        <coordinates>15.047381,-14.150065,0</coordinates>
      </Point>
    </Placemark>
    <Placemark>
      <name>Amarelo</name>
      <styleUrl>#style_amarelo</styleUrl>
      <Point>
        <coordinates>15.048414,-14.154449,0</coordinates>
      </Point>
    </Placemark>
    <Placemark>
      <name>Amarelo</name>
      <styleUrl>#style_amarelo</styleUrl>
      <Point>
        <coordinates>15.049435,-14.158835,0</coordinates>
      </Point>
    </Placemark>
    <Placemark>
      <name>Amarelo</name>
      <styleUrl>#style_amarelo</styleUrl>
      <Point>
        <coordinates>15.050458,-14.163221,0</coordinates>
      </Point>
    </Placemark>
    <Placemark>
      <name>Amarelo</name>
      <styleUrl>#style_amarelo</styleUrl>
      <Point>
        <coordinates>15.051487,-14.167605,0</coordinates>
      </Point>
    </Placemark>
    <Placemark>
      <name>Amarelo</name>
      <styleUrl>#style_amarelo</styleUrl>
      <Point>
        <coordinates>15.052517,-14.171990,0</coordinates>
      </Point>
    </Placemark>
    <Placemark>
      <name>Amarelo</name>
      <styleUrl>#style_amarelo</styleUrl>
      <Point>
        <coordinates>15.053547,-14.176374,0</coordinates>
      </Point>
    </Placemark>
    <Placemark>
      <name>Amarelo</name>
      <styleUrl>#style_amarelo</styleUrl>
      <Point>
        <coordinates>15.054590,-14.180755,0</coordinates>
      </Point>
    </Placemark>
    <Placemark>
      <name>Amarelo</name>
      <styleUrl>#style_amarelo</styleUrl>
      <Point>
        <coordinates>15.055652,-14.185132,0</coordinates>
      </Point>
    </Placemark>
    <Placemark>
      <name>Amarelo</name>
      <styleUrl>#style_amarelo</styleUrl>
      <Point>
        <coordinates>15.056714,-14.189510,0</coordinates>
      </Point>
    </Placemark>
    <Placemark>
      <name>Amarelo</name>
      <styleUrl>#style_amarelo</styleUrl>
      <Point>
        <coordinates>15.056670,-14.243371,0</coordinates>
      </Point>
    </Placemark>
    <Placemark>
      <name>Azul</name>
      <styleUrl>#style_azul</styleUrl>
      <Point>
        <coordinates>16.291328,-2.365766,0</coordinates>
      </Point>
    </Placemark>
    <Placemark>
      <name>Azul</name>
      <styleUrl>#style_azul</styleUrl>
      <Point>
        <coordinates>16.307012,-9.296164,0</coordinates>
      </Point>
    </Placemark>
    <Placemark>
      <name>Azul</name>
      <styleUrl>#style_azul</styleUrl>
      <Point>
        <coordinates>16.306620,-9.296120,0</coordinates>
      </Point>
    </Placemark>
    <Placemark>
      <name>Azul</name>
      <styleUrl>#style_azul</styleUrl>
      <Point>
        <coordinates>16.312667,-9.304164,0</coordinates>
      </Point>
    </Placemark>
    <Placemark>
      <name>Branco</name>
      <styleUrl>#style_branco</styleUrl>
      <Point>
        <coordinates>13.736496,-9.118591,0</coordinates>
      </Point>
    </Placemark>
    <Placemark>
      <name>Branco</name>
      <styleUrl>#style_branco</styleUrl>
      <Point>
        <coordinates>13.247389,-14.121610,0</coordinates>
      </Point>
    </Placemark>
    <Placemark>
      <name>Cinza</name>
      <styleUrl>#style_cinza</styleUrl>
      <Point>
        <coordinates>14.415669,-9.668048,0</coordinates>
      </Point>
    </Placemark>
    <Placemark>
      <name>Cinza</name>
      <styleUrl>#style_cinza</styleUrl>
      <Point>
        <coordinates>14.402257,-9.675650,0</coordinates>
      </Point>
    </Placemark>
    <Placemark>
      <name>Cinza</name>
      <styleUrl>#style_cinza</styleUrl>
      <Point>
        <coordinates>14.393287,-9.676258,0</coordinates>
      </Point>
    </Placemark>
    <Placemark>
      <name>Cinza</name>
      <styleUrl>#style_cinza</styleUrl>
      <Point>
        <coordinates>15.697222,-7.909163,0</coordinates>
      </Point>
    </Placemark>
    <Placemark>
      <name>Cinza</name>
      <styleUrl>#style_cinza</styleUrl>
      <Point>
        <coordinates>15.697448,-7.908954,0</coordinates>
      </Point>
    </Placemark>
    <Placemark>
      <name>Cinza</name>
      <styleUrl>#style_cinza</styleUrl>
      <Point>
        <coordinates>15.258453,-9.323083,0</coordinates>
      </Point>
    </Placemark>
    <Placemark>
      <name>Cinza</name>
      <styleUrl>#style_cinza</styleUrl>
      <Point>
        <coordinates>14.237842,-10.969342,0</coordinates>
      </Point>
    </Placemark>
    <Placemark>
      <name>Cinza</name>
      <styleUrl>#style_cinza</styleUrl>
      <Point>
        <coordinates>14.243865,-10.976113,0</coordinates>
      </Point>
    </Placemark>
    <Placemark>
      <name>Cinza</name>
      <styleUrl>#style_cinza</styleUrl>
      <Point>
        <coordinates>14.250755,-10.991087,0</coordinates>
      </Point>
    </Placemark>
    <Placemark>
      <name>Cinza</name>
      <styleUrl>#style_cinza</styleUrl>
      <Point>
        <coordinates>13.520429,-9.152923,0</coordinates>
      </Point>
    </Placemark>
    <Placemark>
      <name>Cinza</name>
      <styleUrl>#style_cinza</styleUrl>
      <Point>
        <coordinates>13.553156,-9.164720,0</coordinates>
      </Point>
    </Placemark>
    <Placemark>
      <name>Cinza</name>
      <styleUrl>#style_cinza</styleUrl>
      <Point>
        <coordinates>13.544609,-9.169650,0</coordinates>
      </Point>
    </Placemark>
    <Placemark>
      <name>Cinza</name>
      <styleUrl>#style_cinza</styleUrl>
      <Point>
        <coordinates>13.541996,-9.161049,0</coordinates>
      </Point>
    </Placemark>
    <Placemark>
      <name>Cinza</name>
      <styleUrl>#style_cinza</styleUrl>
      <Point>
        <coordinates>13.539439,-9.152286,0</coordinates>
      </Point>
    </Placemark>
    <Placemark>
      <name>Cinza</name>
      <styleUrl>#style_cinza</styleUrl>
      <Point>
        <coordinates>13.536680,-9.143902,0</coordinates>
      </Point>
    </Placemark>
    <Placemark>
      <name>Cinza</name>
      <styleUrl>#style_cinza</styleUrl>
      <Point>
        <coordinates>13.531857,-9.137426,0</coordinates>
      </Point>
    </Placemark>
    <Placemark>
      <name>Cinza</name>
      <styleUrl>#style_cinza</styleUrl>
      <Point>
        <coordinates>13.530392,-9.161644,0</coordinates>
      </Point>
    </Placemark>
    <Placemark>
      <name>Cinza</name>
      <styleUrl>#style_cinza</styleUrl>
      <Point>
        <coordinates>13.527799,-9.152917,0</coordinates>
      </Point>
    </Placemark>
    <Placemark>
      <name>Cinza</name>
      <styleUrl>#style_cinza</styleUrl>
      <Point>
        <coordinates>13.525268,-9.144317,0</coordinates>
      </Point>
    </Placemark>
    <Placemark>
      <name>Cinza</name>
      <styleUrl>#style_cinza</styleUrl>
      <Point>
        <coordinates>13.522158,-9.135199,0</coordinates>
      </Point>
    </Placemark>
    <Placemark>
      <name>Cinza</name>
      <styleUrl>#style_cinza</styleUrl>
      <Point>
        <coordinates>17.473803,-15.740306,0</coordinates>
      </Point>
    </Placemark>
    <Placemark>
      <name>Cinza</name>
      <styleUrl>#style_cinza</styleUrl>
      <Point>
        <coordinates>17.558325,-15.809579,0</coordinates>
      </Point>
    </Placemark>
    <Placemark>
      <name>Cinza</name>
      <styleUrl>#style_cinza</styleUrl>
      <Point>
        <coordinates>17.562884,-15.817474,0</coordinates>
      </Point>
    </Placemark>
    <Placemark>
      <name>Cinza</name>
      <styleUrl>#style_cinza</styleUrl>
      <Point>
        <coordinates>17.571655,-15.852156,0</coordinates>
      </Point>
    </Placemark>
    <Placemark>
      <name>Cinza</name>
      <styleUrl>#style_cinza</styleUrl>
      <Point>
        <coordinates>17.676152,-16.248820,0</coordinates>
      </Point>
    </Placemark>
    <Placemark>
      <name>Cinza</name>
      <styleUrl>#style_cinza</styleUrl>
      <Point>
        <coordinates>17.675273,-16.257817,0</coordinates>
      </Point>
    </Placemark>
    <Placemark>
      <name>Cinza</name>
      <styleUrl>#style_cinza</styleUrl>
      <Point>
        <coordinates>17.674180,-16.275823,0</coordinates>
      </Point>
    </Placemark>
    <Placemark>
      <name>Cinza</name>
      <styleUrl>#style_cinza</styleUrl>
      <Point>
        <coordinates>17.677203,-16.284301,0</coordinates>
      </Point>
    </Placemark>
    <Placemark>
      <name>Cinza</name>
      <styleUrl>#style_cinza</styleUrl>
      <Point>
        <coordinates>17.680321,-16.292806,0</coordinates>
      </Point>
    </Placemark>
    <Placemark>
      <name>Cinza</name>
      <styleUrl>#style_cinza</styleUrl>
      <Point>
        <coordinates>17.684090,-16.301076,0</coordinates>
      </Point>
    </Placemark>
    <Placemark>
      <name>Cinza</name>
      <styleUrl>#style_cinza</styleUrl>
      <Point>
        <coordinates>17.701123,-16.333337,0</coordinates>
      </Point>
    </Placemark>
    <Placemark>
      <name>Cinza</name>
      <styleUrl>#style_cinza</styleUrl>
      <Point>
        <coordinates>17.705359,-16.341402,0</coordinates>
      </Point>
    </Placemark>
    <Placemark>
      <name>Cinza</name>
      <styleUrl>#style_cinza</styleUrl>
      <Point>
        <coordinates>17.709614,-16.349476,0</coordinates>
      </Point>
    </Placemark>
    <Placemark>
      <name>Cinza</name>
      <styleUrl>#style_cinza</styleUrl>
      <Point>
        <coordinates>17.713860,-16.357531,0</coordinates>
      </Point>
    </Placemark>
    <Placemark>
      <name>Cinza</name>
      <styleUrl>#style_cinza</styleUrl>
      <Point>
        <coordinates>17.718699,-16.365146,0</coordinates>
      </Point>
    </Placemark>
    <Placemark>
      <name>Cinza</name>
      <styleUrl>#style_cinza</styleUrl>
      <Point>
        <coordinates>17.726321,-16.370421,0</coordinates>
      </Point>
    </Placemark>
    <Placemark>
      <name>Cinza</name>
      <styleUrl>#style_cinza</styleUrl>
      <Point>
        <coordinates>17.731662,-16.377748,0</coordinates>
      </Point>
    </Placemark>
    <Placemark>
      <name>Cinza</name>
      <styleUrl>#style_cinza</styleUrl>
      <Point>
        <coordinates>17.736513,-16.385488,0</coordinates>
      </Point>
    </Placemark>
    <Placemark>
      <name>Cinza</name>
      <styleUrl>#style_cinza</styleUrl>
      <Point>
        <coordinates>17.741356,-16.393246,0</coordinates>
      </Point>
    </Placemark>
    <Placemark>
      <name>Cinza</name>
      <styleUrl>#style_cinza</styleUrl>
      <Point>
        <coordinates>17.746208,-16.400986,0</coordinates>
      </Point>
    </Placemark>
    <Placemark>
      <name>Cinza</name>
      <styleUrl>#style_cinza</styleUrl>
      <Point>
        <coordinates>17.752541,-16.407568,0</coordinates>
      </Point>
    </Placemark>
    <Placemark>
      <name>Cinza</name>
      <styleUrl>#style_cinza</styleUrl>
      <Point>
        <coordinates>17.759375,-16.413773,0</coordinates>
      </Point>
    </Placemark>
    <Placemark>
      <name>Cinza</name>
      <styleUrl>#style_cinza</styleUrl>
      <Point>
        <coordinates>17.772849,-16.436246,0</coordinates>
      </Point>
    </Placemark>
    <Placemark>
      <name>Cinza</name>
      <styleUrl>#style_cinza</styleUrl>
      <Point>
        <coordinates>17.774977,-16.445059,0</coordinates>
      </Point>
    </Placemark>
    <Placemark>
      <name>Cinza</name>
      <styleUrl>#style_cinza</styleUrl>
      <Point>
        <coordinates>17.781729,-16.451282,0</coordinates>
      </Point>
    </Placemark>
    <Placemark>
      <name>Cinza</name>
      <styleUrl>#style_cinza</styleUrl>
      <Point>
        <coordinates>17.788740,-16.457294,0</coordinates>
      </Point>
    </Placemark>
    <Placemark>
      <name>Cinza</name>
      <styleUrl>#style_cinza</styleUrl>
      <Point>
        <coordinates>17.795742,-16.463296,0</coordinates>
      </Point>
    </Placemark>
    <Placemark>
      <name>Cinza</name>
      <styleUrl>#style_cinza</styleUrl>
      <Point>
        <coordinates>17.801669,-16.469981,0</coordinates>
      </Point>
    </Placemark>
    <Placemark>
      <name>Cinza</name>
      <styleUrl>#style_cinza</styleUrl>
      <Point>
        <coordinates>17.806743,-16.496645,0</coordinates>
      </Point>
    </Placemark>
    <Placemark>
      <name>Cinza</name>
      <styleUrl>#style_cinza</styleUrl>
      <Point>
        <coordinates>17.808546,-16.505498,0</coordinates>
      </Point>
    </Placemark>
    <Placemark>
      <name>Cinza</name>
      <styleUrl>#style_cinza</styleUrl>
      <Point>
        <coordinates>17.812601,-16.523089,0</coordinates>
      </Point>
    </Placemark>
    <Placemark>
      <name>Cinza</name>
      <styleUrl>#style_cinza</styleUrl>
      <Point>
        <coordinates>17.816465,-16.531327,0</coordinates>
      </Point>
    </Placemark>
    <Placemark>
      <name>Cinza</name>
      <styleUrl>#style_cinza</styleUrl>
      <Point>
        <coordinates>17.820339,-16.539556,0</coordinates>
      </Point>
    </Placemark>
    <Placemark>
      <name>Cinza</name>
      <styleUrl>#style_cinza</styleUrl>
      <Point>
        <coordinates>17.823114,-16.548134,0</coordinates>
      </Point>
    </Placemark>
    <Placemark>
      <name>Cinza</name>
      <styleUrl>#style_cinza</styleUrl>
      <Point>
        <coordinates>17.824891,-16.557005,0</coordinates>
      </Point>
    </Placemark>
    <Placemark>
      <name>Cinza</name>
      <styleUrl>#style_cinza</styleUrl>
      <Point>
        <coordinates>17.828718,-16.565198,0</coordinates>
      </Point>
    </Placemark>
    <Placemark>
      <name>Cinza</name>
      <styleUrl>#style_cinza</styleUrl>
      <Point>
        <coordinates>17.832696,-16.573380,0</coordinates>
      </Point>
    </Placemark>
    <Placemark>
      <name>Cinza</name>
      <styleUrl>#style_cinza</styleUrl>
      <Point>
        <coordinates>17.836693,-16.581616,0</coordinates>
      </Point>
    </Placemark>
    <Placemark>
      <name>Cinza</name>
      <styleUrl>#style_cinza</styleUrl>
      <Point>
        <coordinates>17.844641,-16.598015,0</coordinates>
      </Point>
    </Placemark>
    <Placemark>
      <name>Cinza</name>
      <styleUrl>#style_cinza</styleUrl>
      <Point>
        <coordinates>17.848602,-16.606214,0</coordinates>
      </Point>
    </Placemark>
    <Placemark>
      <name>Cinza</name>
      <styleUrl>#style_cinza</styleUrl>
      <Point>
        <coordinates>17.851427,-16.614827,0</coordinates>
      </Point>
    </Placemark>
    <Placemark>
      <name>Cinza</name>
      <styleUrl>#style_cinza</styleUrl>
      <Point>
        <coordinates>17.854036,-16.623442,0</coordinates>
      </Point>
    </Placemark>
    <Placemark>
      <name>Cinza</name>
      <styleUrl>#style_cinza</styleUrl>
      <Point>
        <coordinates>17.856553,-16.632149,0</coordinates>
      </Point>
    </Placemark>
    <Placemark>
      <name>Cinza</name>
      <styleUrl>#style_cinza</styleUrl>
      <Point>
        <coordinates>17.859099,-16.640864,0</coordinates>
      </Point>
    </Placemark>
    <Placemark>
      <name>Cinza</name>
      <styleUrl>#style_cinza</styleUrl>
      <Point>
        <coordinates>17.861654,-16.649562,0</coordinates>
      </Point>
    </Placemark>
    <Placemark>
      <name>Cinza</name>
      <styleUrl>#style_cinza</styleUrl>
      <Point>
        <coordinates>17.870408,-16.674987,0</coordinates>
      </Point>
    </Placemark>
    <Placemark>
      <name>Cinza</name>
      <styleUrl>#style_cinza</styleUrl>
      <Point>
        <coordinates>17.879074,-16.690634,0</coordinates>
      </Point>
    </Placemark>
    <Placemark>
      <name>Cinza</name>
      <styleUrl>#style_cinza</styleUrl>
      <Point>
        <coordinates>17.883477,-16.698645,0</coordinates>
      </Point>
    </Placemark>
    <Placemark>
      <name>Cinza</name>
      <styleUrl>#style_cinza</styleUrl>
      <Point>
        <coordinates>17.899228,-16.730346,0</coordinates>
      </Point>
    </Placemark>
    <Placemark>
      <name>Cinza</name>
      <styleUrl>#style_cinza</styleUrl>
      <Point>
        <coordinates>17.934138,-16.793405,0</coordinates>
      </Point>
    </Placemark>
    <Placemark>
      <name>Cinza</name>
      <styleUrl>#style_cinza</styleUrl>
      <Point>
        <coordinates>17.939029,-16.801146,0</coordinates>
      </Point>
    </Placemark>
    <Placemark>
      <name>Cinza</name>
      <styleUrl>#style_cinza</styleUrl>
      <Point>
        <coordinates>17.945348,-16.807846,0</coordinates>
      </Point>
    </Placemark>
    <Placemark>
      <name>Cinza</name>
      <styleUrl>#style_cinza</styleUrl>
      <Point>
        <coordinates>17.951027,-16.814988,0</coordinates>
      </Point>
    </Placemark>
    <Placemark>
      <name>Cinza</name>
      <styleUrl>#style_cinza</styleUrl>
      <Point>
        <coordinates>17.955408,-16.823016,0</coordinates>
      </Point>
    </Placemark>
    <Placemark>
      <name>Cinza</name>
      <styleUrl>#style_cinza</styleUrl>
      <Point>
        <coordinates>17.960448,-16.830609,0</coordinates>
      </Point>
    </Placemark>
    <Placemark>
      <name>Cinza</name>
      <styleUrl>#style_cinza</styleUrl>
      <Point>
        <coordinates>17.971513,-16.845176,0</coordinates>
      </Point>
    </Placemark>
    <Placemark>
      <name>Cinza</name>
      <styleUrl>#style_cinza</styleUrl>
      <Point>
        <coordinates>17.977445,-16.852124,0</coordinates>
      </Point>
    </Placemark>
    <Placemark>
      <name>Cinza</name>
      <styleUrl>#style_cinza</styleUrl>
      <Point>
        <coordinates>14.340902,-9.463929,0</coordinates>
      </Point>
    </Placemark>
    <Placemark>
      <name>Cinza</name>
      <styleUrl>#style_cinza</styleUrl>
      <Point>
        <coordinates>13.699258,-9.114997,0</coordinates>
      </Point>
    </Placemark>
    <Placemark>
      <name>Cinza</name>
      <styleUrl>#style_cinza</styleUrl>
      <Point>
        <coordinates>13.800585,-9.141615,0</coordinates>
      </Point>
    </Placemark>
    <Placemark>
      <name>Cinza</name>
      <styleUrl>#style_cinza</styleUrl>
      <Point>
        <coordinates>13.822625,-9.155270,0</coordinates>
      </Point>
    </Placemark>
    <Placemark>
      <name>Cinza</name>
      <styleUrl>#style_cinza</styleUrl>
      <Point>
        <coordinates>13.876417,-9.152140,0</coordinates>
      </Point>
    </Placemark>
    <Placemark>
      <name>Cinza</name>
      <styleUrl>#style_cinza</styleUrl>
      <Point>
        <coordinates>13.885357,-9.151119,0</coordinates>
      </Point>
    </Placemark>
    <Placemark>
      <name>Cinza</name>
      <styleUrl>#style_cinza</styleUrl>
      <Point>
        <coordinates>13.894683,-9.151645,0</coordinates>
      </Point>
    </Placemark>
    <Placemark>
      <name>Cinza</name>
      <styleUrl>#style_cinza</styleUrl>
      <Point>
        <coordinates>13.903040,-9.150712,0</coordinates>
      </Point>
    </Placemark>
    <Placemark>
      <name>Cinza</name>
      <styleUrl>#style_cinza</styleUrl>
      <Point>
        <coordinates>13.912034,-9.149672,0</coordinates>
      </Point>
    </Placemark>
    <Placemark>
      <name>Cinza</name>
      <styleUrl>#style_cinza</styleUrl>
      <Point>
        <coordinates>13.919824,-9.152534,0</coordinates>
      </Point>
    </Placemark>
    <Placemark>
      <name>Cinza</name>
      <styleUrl>#style_cinza</styleUrl>
      <Point>
        <coordinates>13.923177,-9.157274,0</coordinates>
      </Point>
    </Placemark>
    <Placemark>
      <name>Cinza</name>
      <styleUrl>#style_cinza</styleUrl>
      <Point>
        <coordinates>13.933210,-9.164928,0</coordinates>
      </Point>
    </Placemark>
    <Placemark>
      <name>Cinza</name>
      <styleUrl>#style_cinza</styleUrl>
      <Point>
        <coordinates>13.940394,-9.170067,0</coordinates>
      </Point>
    </Placemark>
    <Placemark>
      <name>Cinza</name>
      <styleUrl>#style_cinza</styleUrl>
      <Point>
        <coordinates>13.948160,-9.174964,0</coordinates>
      </Point>
    </Placemark>
    <Placemark>
      <name>Cinza</name>
      <styleUrl>#style_cinza</styleUrl>
      <Point>
        <coordinates>13.980728,-9.189500,0</coordinates>
      </Point>
    </Placemark>
    <Placemark>
      <name>Cinza</name>
      <styleUrl>#style_cinza</styleUrl>
      <Point>
        <coordinates>13.986286,-9.190646,0</coordinates>
      </Point>
    </Placemark>
    <Placemark>
      <name>Cinza</name>
      <styleUrl>#style_cinza</styleUrl>
      <Point>
        <coordinates>14.023705,-9.206088,0</coordinates>
      </Point>
    </Placemark>
    <Placemark>
      <name>Cinza</name>
      <styleUrl>#style_cinza</styleUrl>
      <Point>
        <coordinates>14.036241,-9.211982,0</coordinates>
      </Point>
    </Placemark>
    <Placemark>
      <name>Cinza</name>
      <styleUrl>#style_cinza</styleUrl>
      <Point>
        <coordinates>14.047149,-9.217510,0</coordinates>
      </Point>
    </Placemark>
    <Placemark>
      <name>Cinza</name>
      <styleUrl>#style_cinza</styleUrl>
      <Point>
        <coordinates>14.082852,-9.240682,0</coordinates>
      </Point>
    </Placemark>
    <Placemark>
      <name>Cinza</name>
      <styleUrl>#style_cinza</styleUrl>
      <Point>
        <coordinates>13.767473,-9.133402,0</coordinates>
      </Point>
    </Placemark>
    <Placemark>
      <name>Cinza</name>
      <styleUrl>#style_cinza</styleUrl>
      <Point>
        <coordinates>13.756367,-9.121400,0</coordinates>
      </Point>
    </Placemark>
    <Placemark>
      <name>Cinza</name>
      <styleUrl>#style_cinza</styleUrl>
      <Point>
        <coordinates>14.943105,-14.739612,0</coordinates>
      </Point>
    </Placemark>
    <Placemark>
      <name>Cinza</name>
      <styleUrl>#style_cinza</styleUrl>
      <Point>
        <coordinates>14.933643,-14.723425,0</coordinates>
      </Point>
    </Placemark>
    <Placemark>
      <name>Cinza</name>
      <styleUrl>#style_cinza</styleUrl>
      <Point>
        <coordinates>14.929142,-14.708406,0</coordinates>
      </Point>
    </Placemark>
    <Placemark>
      <name>Cinza</name>
      <styleUrl>#style_cinza</styleUrl>
      <Point>
        <coordinates>14.927742,-14.699690,0</coordinates>
      </Point>
    </Placemark>
    <Placemark>
      <name>Cinza</name>
      <styleUrl>#style_cinza</styleUrl>
      <Point>
        <coordinates>14.926287,-14.689933,0</coordinates>
      </Point>
    </Placemark>
    <Placemark>
      <name>Cinza</name>
      <styleUrl>#style_cinza</styleUrl>
      <Point>
        <coordinates>14.924915,-14.681072,0</coordinates>
      </Point>
    </Placemark>
    <Placemark>
      <name>Cinza</name>
      <styleUrl>#style_cinza</styleUrl>
      <Point>
        <coordinates>14.923581,-14.672085,0</coordinates>
      </Point>
    </Placemark>
    <Placemark>
      <name>Cinza</name>
      <styleUrl>#style_cinza</styleUrl>
      <Point>
        <coordinates>14.922182,-14.663477,0</coordinates>
      </Point>
    </Placemark>
    <Placemark>
      <name>Cinza</name>
      <styleUrl>#style_cinza</styleUrl>
      <Point>
        <coordinates>14.918339,-14.656956,0</coordinates>
      </Point>
    </Placemark>
    <Placemark>
      <name>Cinza</name>
      <styleUrl>#style_cinza</styleUrl>
      <Point>
        <coordinates>14.900464,-14.651461,0</coordinates>
      </Point>
    </Placemark>
    <Placemark>
      <name>Cinza</name>
      <styleUrl>#style_cinza</styleUrl>
      <Point>
        <coordinates>14.890918,-14.649016,0</coordinates>
      </Point>
    </Placemark>
    <Placemark>
      <name>Cinza</name>
      <styleUrl>#style_cinza</styleUrl>
      <Point>
        <coordinates>14.881827,-14.649301,0</coordinates>
      </Point>
    </Placemark>
    <Placemark>
      <name>Cinza</name>
      <styleUrl>#style_cinza</styleUrl>
      <Point>
        <coordinates>14.872429,-14.648934,0</coordinates>
      </Point>
    </Placemark>
    <Placemark>
      <name>Cinza</name>
      <styleUrl>#style_cinza</styleUrl>
      <Point>
        <coordinates>14.863681,-14.648305,0</coordinates>
      </Point>
    </Placemark>
    <Placemark>
      <name>Cinza</name>
      <styleUrl>#style_cinza</styleUrl>
      <Point>
        <coordinates>14.854228,-14.647685,0</coordinates>
      </Point>
    </Placemark>
    <Placemark>
      <name>Cinza</name>
      <styleUrl>#style_cinza</styleUrl>
      <Point>
        <coordinates>14.845482,-14.644623,0</coordinates>
      </Point>
    </Placemark>
    <Placemark>
      <name>Cinza</name>
      <styleUrl>#style_cinza</styleUrl>
      <Point>
        <coordinates>14.838977,-14.638208,0</coordinates>
      </Point>
    </Placemark>
    <Placemark>
      <name>Cinza</name>
      <styleUrl>#style_cinza</styleUrl>
      <Point>
        <coordinates>14.833940,-14.631053,0</coordinates>
      </Point>
    </Placemark>
    <Placemark>
      <name>Cinza</name>
      <styleUrl>#style_cinza</styleUrl>
      <Point>
        <coordinates>14.828875,-14.624006,0</coordinates>
      </Point>
    </Placemark>
    <Placemark>
      <name>Cinza</name>
      <styleUrl>#style_cinza</styleUrl>
      <Point>
        <coordinates>14.825279,-14.615224,0</coordinates>
      </Point>
    </Placemark>
    <Placemark>
      <name>Cinza</name>
      <styleUrl>#style_cinza</styleUrl>
      <Point>
        <coordinates>14.821776,-14.607012,0</coordinates>
      </Point>
    </Placemark>
    <Placemark>
      <name>Cinza</name>
      <styleUrl>#style_cinza</styleUrl>
      <Point>
        <coordinates>14.815207,-14.601157,0</coordinates>
      </Point>
    </Placemark>
    <Placemark>
      <name>Cinza</name>
      <styleUrl>#style_cinza</styleUrl>
      <Point>
        <coordinates>14.807124,-14.597118,0</coordinates>
      </Point>
    </Placemark>
    <Placemark>
      <name>Cinza</name>
      <styleUrl>#style_cinza</styleUrl>
      <Point>
        <coordinates>14.789465,-14.577500,0</coordinates>
      </Point>
    </Placemark>
    <Placemark>
      <name>Cinza</name>
      <styleUrl>#style_cinza</styleUrl>
      <Point>
        <coordinates>14.785471,-14.569622,0</coordinates>
      </Point>
    </Placemark>
    <Placemark>
      <name>Cinza</name>
      <styleUrl>#style_cinza</styleUrl>
      <Point>
        <coordinates>14.781534,-14.561056,0</coordinates>
      </Point>
    </Placemark>
    <Placemark>
      <name>Cinza</name>
      <styleUrl>#style_cinza</styleUrl>
      <Point>
        <coordinates>13.300982,-8.844955,0</coordinates>
      </Point>
    </Placemark>
    <Placemark>
      <name>Cinza</name>
      <styleUrl>#style_cinza</styleUrl>
      <Point>
        <coordinates>13.310691,-8.846654,0</coordinates>
      </Point>
    </Placemark>
    <Placemark>
      <name>Cinza</name>
      <styleUrl>#style_cinza</styleUrl>
      <Point>
        <coordinates>13.315778,-8.847590,0</coordinates>
      </Point>
    </Placemark>
    <Placemark>
      <name>Cinza</name>
      <styleUrl>#style_cinza</styleUrl>
      <Point>
        <coordinates>13.317567,-8.847950,0</coordinates>
      </Point>
    </Placemark>
    <Placemark>
      <name>Cinza</name>
      <styleUrl>#style_cinza</styleUrl>
      <Point>
        <coordinates>13.298355,-8.836851,0</coordinates>
      </Point>
    </Placemark>
    <Placemark>
      <name>Cinza</name>
      <styleUrl>#style_cinza</styleUrl>
      <Point>
        <coordinates>13.305264,-8.836855,0</coordinates>
      </Point>
    </Placemark>
    <Placemark>
      <name>Cinza</name>
      <styleUrl>#style_cinza</styleUrl>
      <Point>
        <coordinates>13.708323,-9.116783,0</coordinates>
      </Point>
    </Placemark>
    <Placemark>
      <name>Cinza</name>
      <styleUrl>#style_cinza</styleUrl>
      <Point>
        <coordinates>13.708323,-9.116783,0</coordinates>
      </Point>
    </Placemark>
    <Placemark>
      <name>Cinza</name>
      <styleUrl>#style_cinza</styleUrl>
      <Point>
        <coordinates>13.800585,-9.141615,0</coordinates>
      </Point>
    </Placemark>
    <Placemark>
      <name>Cinza</name>
      <styleUrl>#style_cinza</styleUrl>
      <Point>
        <coordinates>13.822625,-9.155270,0</coordinates>
      </Point>
    </Placemark>
    <Placemark>
      <name>Cinza</name>
      <styleUrl>#style_cinza</styleUrl>
      <Point>
        <coordinates>13.876417,-9.152140,0</coordinates>
      </Point>
    </Placemark>
    <Placemark>
      <name>Cinza</name>
      <styleUrl>#style_cinza</styleUrl>
      <Point>
        <coordinates>13.885357,-9.151119,0</coordinates>
      </Point>
    </Placemark>
    <Placemark>
      <name>Cinza</name>
      <styleUrl>#style_cinza</styleUrl>
      <Point>
        <coordinates>13.894683,-9.151645,0</coordinates>
      </Point>
    </Placemark>
    <Placemark>
      <name>Cinza</name>
      <styleUrl>#style_cinza</styleUrl>
      <Point>
        <coordinates>13.903040,-9.150712,0</coordinates>
      </Point>
    </Placemark>
    <Placemark>
      <name>Cinza</name>
      <styleUrl>#style_cinza</styleUrl>
      <Point>
        <coordinates>13.912034,-9.149672,0</coordinates>
      </Point>
    </Placemark>
    <Placemark>
      <name>Cinza</name>
      <styleUrl>#style_cinza</styleUrl>
      <Point>
        <coordinates>13.919824,-9.152534,0</coordinates>
      </Point>
    </Placemark>
    <Placemark>
      <name>Cinza</name>
      <styleUrl>#style_cinza</styleUrl>
      <Point>
        <coordinates>13.923177,-9.157274,0</coordinates>
      </Point>
    </Placemark>
    <Placemark>
      <name>Cinza</name>
      <styleUrl>#style_cinza</styleUrl>
      <Point>
        <coordinates>13.933210,-9.164928,0</coordinates>
      </Point>
    </Placemark>
    <Placemark>
      <name>Cinza</name>
      <styleUrl>#style_cinza</styleUrl>
      <Point>
        <coordinates>13.940394,-9.170067,0</coordinates>
      </Point>
    </Placemark>
    <Placemark>
      <name>Cinza</name>
      <styleUrl>#style_cinza</styleUrl>
      <Point>
        <coordinates>13.948160,-9.174964,0</coordinates>
      </Point>
    </Placemark>
    <Placemark>
      <name>Cinza</name>
      <styleUrl>#style_cinza</styleUrl>
      <Point>
        <coordinates>13.980728,-9.189500,0</coordinates>
      </Point>
    </Placemark>
    <Placemark>
      <name>Cinza</name>
      <styleUrl>#style_cinza</styleUrl>
      <Point>
        <coordinates>13.986286,-9.190646,0</coordinates>
      </Point>
    </Placemark>
    <Placemark>
      <name>Cinza</name>
      <styleUrl>#style_cinza</styleUrl>
      <Point>
        <coordinates>14.023705,-9.206088,0</coordinates>
      </Point>
    </Placemark>
    <Placemark>
      <name>Cinza</name>
      <styleUrl>#style_cinza</styleUrl>
      <Point>
        <coordinates>14.036241,-9.211982,0</coordinates>
      </Point>
    </Placemark>
    <Placemark>
      <name>Cinza</name>
      <styleUrl>#style_cinza</styleUrl>
      <Point>
        <coordinates>14.047149,-9.217510,0</coordinates>
      </Point>
    </Placemark>
    <Placemark>
      <name>Cinza</name>
      <styleUrl>#style_cinza</styleUrl>
      <Point>
        <coordinates>14.082852,-9.240682,0</coordinates>
      </Point>
    </Placemark>
    <Placemark>
      <name>Cinza</name>
      <styleUrl>#style_cinza</styleUrl>
      <Point>
        <coordinates>13.800585,-9.141615,0</coordinates>
      </Point>
    </Placemark>
    <Placemark>
      <name>Cinza</name>
      <styleUrl>#style_cinza</styleUrl>
      <Point>
        <coordinates>13.822625,-9.155270,0</coordinates>
      </Point>
    </Placemark>
    <Placemark>
      <name>Cinza</name>
      <styleUrl>#style_cinza</styleUrl>
      <Point>
        <coordinates>13.923177,-9.157274,0</coordinates>
      </Point>
    </Placemark>
    <Placemark>
      <name>Cinza</name>
      <styleUrl>#style_cinza</styleUrl>
      <Point>
        <coordinates>13.986286,-9.190646,0</coordinates>
      </Point>
    </Placemark>
    <Placemark>
      <name>Cinza</name>
      <styleUrl>#style_cinza</styleUrl>
      <Point>
        <coordinates>14.036241,-9.211982,0</coordinates>
      </Point>
    </Placemark>
    <Placemark>
      <name>Cinza</name>
      <styleUrl>#style_cinza</styleUrl>
      <Point>
        <coordinates>16.306449,-9.296482,0</coordinates>
      </Point>
    </Placemark>
    <Placemark>
      <name>Cinza</name>
      <styleUrl>#style_cinza</styleUrl>
      <Point>
        <coordinates>20.333561,-11.165438,0</coordinates>
      </Point>
    </Placemark>
    <Placemark>
      <name>Cinza</name>
      <styleUrl>#style_cinza</styleUrl>
      <Point>
        <coordinates>20.422760,-11.130633,0</coordinates>
      </Point>
    </Placemark>
    <Placemark>
      <name>Cinza</name>
      <styleUrl>#style_cinza</styleUrl>
      <Point>
        <coordinates>20.718668,-11.066266,0</coordinates>
      </Point>
    </Placemark>
    <Placemark>
      <name>Cinza</name>
      <styleUrl>#style_cinza</styleUrl>
      <Point>
        <coordinates>20.333561,-11.165438,0</coordinates>
      </Point>
    </Placemark>
    <Placemark>
      <name>Cinza</name>
      <styleUrl>#style_cinza</styleUrl>
      <Point>
        <coordinates>20.422760,-11.130633,0</coordinates>
      </Point>
    </Placemark>
    <Placemark>
      <name>Cinza</name>
      <styleUrl>#style_cinza</styleUrl>
      <Point>
        <coordinates>20.608410,-11.076643,0</coordinates>
      </Point>
    </Placemark>
    <Placemark>
      <name>Cinza</name>
      <styleUrl>#style_cinza</styleUrl>
      <Point>
        <coordinates>20.718668,-11.066266,0</coordinates>
      </Point>
    </Placemark>
    <Placemark>
      <name>Marrom</name>
      <styleUrl>#style_marrom</styleUrl>
      <Point>
        <coordinates>14.239800,-9.316640,0</coordinates>
      </Point>
    </Placemark>
    <Placemark>
      <name>Marrom</name>
      <styleUrl>#style_marrom</styleUrl>
      <Point>
        <coordinates>14.262607,-9.339434,0</coordinates>
      </Point>
    </Placemark>
    <Placemark>
      <name>Marrom</name>
      <styleUrl>#style_marrom</styleUrl>
      <Point>
        <coordinates>14.314741,-9.440192,0</coordinates>
      </Point>
    </Placemark>
    <Placemark>
      <name>Marrom</name>
      <styleUrl>#style_marrom</styleUrl>
      <Point>
        <coordinates>14.382901,-9.527298,0</coordinates>
      </Point>
    </Placemark>
    <Placemark>
      <name>Marrom</name>
      <styleUrl>#style_marrom</styleUrl>
      <Point>
        <coordinates>14.389404,-9.544005,0</coordinates>
      </Point>
    </Placemark>
    <Placemark>
      <name>Marrom</name>
      <styleUrl>#style_marrom</styleUrl>
      <Point>
        <coordinates>14.402892,-9.579012,0</coordinates>
      </Point>
    </Placemark>
    <Placemark>
      <name>Marrom</name>
      <styleUrl>#style_marrom</styleUrl>
      <Point>
        <coordinates>13.799549,-9.141368,0</coordinates>
      </Point>
    </Placemark>
    <Placemark>
      <name>Marrom</name>
      <styleUrl>#style_marrom</styleUrl>
      <Point>
        <coordinates>13.804019,-9.143462,0</coordinates>
      </Point>
    </Placemark>
    <Placemark>
      <name>Marrom</name>
      <styleUrl>#style_marrom</styleUrl>
      <Point>
        <coordinates>13.793590,-9.138047,0</coordinates>
      </Point>
    </Placemark>
    <Placemark>
      <name>Marrom</name>
      <styleUrl>#style_marrom</styleUrl>
      <Point>
        <coordinates>13.787472,-9.136354,0</coordinates>
      </Point>
    </Placemark>
    <Placemark>
      <name>Marrom</name>
      <styleUrl>#style_marrom</styleUrl>
      <Point>
        <coordinates>13.839956,-9.156755,0</coordinates>
      </Point>
    </Placemark>
    <Placemark>
      <name>Marrom</name>
      <styleUrl>#style_marrom</styleUrl>
      <Point>
        <coordinates>13.697976,-9.114929,0</coordinates>
      </Point>
    </Placemark>
    <Placemark>
      <name>Marrom</name>
      <styleUrl>#style_marrom</styleUrl>
      <Point>
        <coordinates>12.186854,-15.177369,0</coordinates>
      </Point>
    </Placemark>
    <Placemark>
      <name>Marrom</name>
      <styleUrl>#style_marrom</styleUrl>
      <Point>
        <coordinates>12.189272,-15.173877,0</coordinates>
      </Point>
    </Placemark>
    <Placemark>
      <name>Marrom</name>
      <styleUrl>#style_marrom</styleUrl>
      <Point>
        <coordinates>12.258533,-15.231633,0</coordinates>
      </Point>
    </Placemark>
    <Placemark>
      <name>Sem Classificação</name>
      <styleUrl>#style_sem_classificação</styleUrl>
      <Point>
        <coordinates>13.840527,-14.774654,0</coordinates>
      </Point>
    </Placemark>
    <Placemark>
      <name>Sem Classificação</name>
      <styleUrl>#style_sem_classificação</styleUrl>
      <Point>
        <coordinates>13.846936,-14.767969,0</coordinates>
      </Point>
    </Placemark>
    <Placemark>
      <name>Sem Classificação</name>
      <styleUrl>#style_sem_classificação</styleUrl>
      <Point>
        <coordinates>13.853029,-14.761048,0</coordinates>
      </Point>
    </Placemark>
    <Placemark>
      <name>Sem Classificação</name>
      <styleUrl>#style_sem_classificação</styleUrl>
      <Point>
        <coordinates>13.859186,-14.754452,0</coordinates>
      </Point>
    </Placemark>
    <Placemark>
      <name>Sem Classificação</name>
      <styleUrl>#style_sem_classificação</styleUrl>
      <Point>
        <coordinates>13.865259,-14.747639,0</coordinates>
      </Point>
    </Placemark>
    <Placemark>
      <name>Sem Classificação</name>
      <styleUrl>#style_sem_classificação</styleUrl>
      <Point>
        <coordinates>13.871490,-14.740962,0</coordinates>
      </Point>
    </Placemark>
    <Placemark>
      <name>Sem Classificação</name>
      <styleUrl>#style_sem_classificação</styleUrl>
      <Point>
        <coordinates>13.877655,-14.734158,0</coordinates>
      </Point>
    </Placemark>
    <Placemark>
      <name>Sem Classificação</name>
      <styleUrl>#style_sem_classificação</styleUrl>
      <Point>
        <coordinates>13.892240,-14.711791,0</coordinates>
      </Point>
    </Placemark>
    <Placemark>
      <name>Sem Classificação</name>
      <styleUrl>#style_sem_classificação</styleUrl>
      <Point>
        <coordinates>13.889893,-14.720449,0</coordinates>
      </Point>
    </Placemark>
    <Placemark>
      <name>Sem Classificação</name>
      <styleUrl>#style_sem_classificação</styleUrl>
      <Point>
        <coordinates>13.893198,-14.700514,0</coordinates>
      </Point>
    </Placemark>
    <Placemark>
      <name>Sem Classificação</name>
      <styleUrl>#style_sem_classificação</styleUrl>
      <Point>
        <coordinates>13.894421,-14.702987,0</coordinates>
      </Point>
    </Placemark>
    <Placemark>
      <name>Sem Classificação</name>
      <styleUrl>#style_sem_classificação</styleUrl>
      <Point>
        <coordinates>13.896536,-14.694147,0</coordinates>
      </Point>
    </Placemark>
    <Placemark>
      <name>Sem Classificação</name>
      <styleUrl>#style_sem_classificação</styleUrl>
      <Point>
        <coordinates>13.893198,-14.700514,0</coordinates>
      </Point>
    </Placemark>
    <Placemark>
      <name>Sem Classificação</name>
      <styleUrl>#style_sem_classificação</styleUrl>
      <Point>
        <coordinates>13.897908,-14.674230,0</coordinates>
      </Point>
    </Placemark>
    <Placemark>
      <name>Sem Classificação</name>
      <styleUrl>#style_sem_classificação</styleUrl>
      <Point>
        <coordinates>13.897794,-14.667259,0</coordinates>
      </Point>
    </Placemark>
    <Placemark>
      <name>Sem Classificação</name>
      <styleUrl>#style_sem_classificação</styleUrl>
      <Point>
        <coordinates>13.905283,-14.662684,0</coordinates>
      </Point>
    </Placemark>
    <Placemark>
      <name>Sem Classificação</name>
      <styleUrl>#style_sem_classificação</styleUrl>
      <Point>
        <coordinates>13.912506,-14.657249,0</coordinates>
      </Point>
    </Placemark>
    <Placemark>
      <name>Sem Classificação</name>
      <styleUrl>#style_sem_classificação</styleUrl>
      <Point>
        <coordinates>13.917118,-14.650273,0</coordinates>
      </Point>
    </Placemark>
    <Placemark>
      <name>Sem Classificação</name>
      <styleUrl>#style_sem_classificação</styleUrl>
      <Point>
        <coordinates>13.936890,-10.129477,0</coordinates>
      </Point>
    </Placemark>
    <Placemark>
      <name>Sem Classificação</name>
      <styleUrl>#style_sem_classificação</styleUrl>
      <Point>
        <coordinates>13.929991,-14.636167,0</coordinates>
      </Point>
    </Placemark>
    <Placemark>
      <name>Sem Classificação</name>
      <styleUrl>#style_sem_classificação</styleUrl>
      <Point>
        <coordinates>13.936232,-14.626188,0</coordinates>
      </Point>
    </Placemark>
    <Placemark>
      <name>Sem Classificação</name>
      <styleUrl>#style_sem_classificação</styleUrl>
      <Point>
        <coordinates>13.943984,-14.624361,0</coordinates>
      </Point>
    </Placemark>
    <Placemark>
      <name>Sem Classificação</name>
      <styleUrl>#style_sem_classificação</styleUrl>
      <Point>
        <coordinates>13.951760,-14.619406,0</coordinates>
      </Point>
    </Placemark>
    <Placemark>
      <name>Sem Classificação</name>
      <styleUrl>#style_sem_classificação</styleUrl>
      <Point>
        <coordinates>13.959406,-14.614315,0</coordinates>
      </Point>
    </Placemark>
    <Placemark>
      <name>Sem Classificação</name>
      <styleUrl>#style_sem_classificação</styleUrl>
      <Point>
        <coordinates>13.967651,-14.610138,0</coordinates>
      </Point>
    </Placemark>
    <Placemark>
      <name>Sem Classificação</name>
      <styleUrl>#style_sem_classificação</styleUrl>
      <Point>
        <coordinates>13.976467,-14.606878,0</coordinates>
      </Point>
    </Placemark>
    <Placemark>
      <name>Sem Classificação</name>
      <styleUrl>#style_sem_classificação</styleUrl>
      <Point>
        <coordinates>13.987441,-14.604837,0</coordinates>
      </Point>
    </Placemark>
    <Placemark>
      <name>Sem Classificação</name>
      <styleUrl>#style_sem_classificação</styleUrl>
      <Point>
        <coordinates>13.994336,-14.605400,0</coordinates>
      </Point>
    </Placemark>
    <Placemark>
      <name>Sem Classificação</name>
      <styleUrl>#style_sem_classificação</styleUrl>
      <Point>
        <coordinates>13.994339,-14.604740,0</coordinates>
      </Point>
    </Placemark>
    <Placemark>
      <name>Sem Classificação</name>
      <styleUrl>#style_sem_classificação</styleUrl>
      <Point>
        <coordinates>14.012826,-14.603970,0</coordinates>
      </Point>
    </Placemark>
    <Placemark>
      <name>Sem Classificação</name>
      <styleUrl>#style_sem_classificação</styleUrl>
      <Point>
        <coordinates>14.022224,-14.603413,0</coordinates>
      </Point>
    </Placemark>
    <Placemark>
      <name>Sem Classificação</name>
      <styleUrl>#style_sem_classificação</styleUrl>
      <Point>
        <coordinates>14.112001,-14.507227,0</coordinates>
      </Point>
    </Placemark>
    <Placemark>
      <name>Sem Classificação</name>
      <styleUrl>#style_sem_classificação</styleUrl>
      <Point>
        <coordinates>14.093450,-14.475396,0</coordinates>
      </Point>
    </Placemark>
    <Placemark>
      <name>Sem Classificação</name>
      <styleUrl>#style_sem_classificação</styleUrl>
      <Point>
        <coordinates>14.057761,-14.445702,0</coordinates>
      </Point>
    </Placemark>
    <Placemark>
      <name>Sem Classificação</name>
      <styleUrl>#style_sem_classificação</styleUrl>
      <Point>
        <coordinates>14.053998,-14.444882,0</coordinates>
      </Point>
    </Placemark>
    <Placemark>
      <name>Sem Classificação</name>
      <styleUrl>#style_sem_classificação</styleUrl>
      <Point>
        <coordinates>14.040681,-14.409091,0</coordinates>
      </Point>
    </Placemark>
    <Placemark>
      <name>Sem Classificação</name>
      <styleUrl>#style_sem_classificação</styleUrl>
      <Point>
        <coordinates>14.038625,-14.362759,0</coordinates>
      </Point>
    </Placemark>
    <Placemark>
      <name>Sem Classificação</name>
      <styleUrl>#style_sem_classificação</styleUrl>
      <Point>
        <coordinates>14.037088,-14.320958,0</coordinates>
      </Point>
    </Placemark>
    <Placemark>
      <name>Sem Classificação</name>
      <styleUrl>#style_sem_classificação</styleUrl>
      <Point>
        <coordinates>13.214623,-8.900090,0</coordinates>
      </Point>
    </Placemark>
    <Placemark>
      <name>Sem Classificação</name>
      <styleUrl>#style_sem_classificação</styleUrl>
      <Point>
        <coordinates>13.215216,-8.902214,0</coordinates>
      </Point>
    </Placemark>
    <Placemark>
      <name>Sem Classificação</name>
      <styleUrl>#style_sem_classificação</styleUrl>
      <Point>
        <coordinates>13.215532,-8.903626,0</coordinates>
      </Point>
    </Placemark>
    <Placemark>
      <name>Sem Classificação</name>
      <styleUrl>#style_sem_classificação</styleUrl>
      <Point>
        <coordinates>13.215941,-8.905017,0</coordinates>
      </Point>
    </Placemark>
    <Placemark>
      <name>Sem Classificação</name>
      <styleUrl>#style_sem_classificação</styleUrl>
      <Point>
        <coordinates>13.216332,-8.906534,0</coordinates>
      </Point>
    </Placemark>
    <Placemark>
      <name>Sem Classificação</name>
      <styleUrl>#style_sem_classificação</styleUrl>
      <Point>
        <coordinates>13.216128,-8.909036,0</coordinates>
      </Point>
    </Placemark>
    <Placemark>
      <name>Sem Classificação</name>
      <styleUrl>#style_sem_classificação</styleUrl>
      <Point>
        <coordinates>13.216009,-8.910522,0</coordinates>
      </Point>
    </Placemark>
    <Placemark>
      <name>Sem Classificação</name>
      <styleUrl>#style_sem_classificação</styleUrl>
      <Point>
        <coordinates>13.217130,-8.909653,0</coordinates>
      </Point>
    </Placemark>
    <Placemark>
      <name>Sem Classificação</name>
      <styleUrl>#style_sem_classificação</styleUrl>
      <Point>
        <coordinates>13.218475,-8.910789,0</coordinates>
      </Point>
    </Placemark>
    <Placemark>
      <name>Sem Classificação</name>
      <styleUrl>#style_sem_classificação</styleUrl>
      <Point>
        <coordinates>13.220162,-8.911469,0</coordinates>
      </Point>
    </Placemark>
    <Placemark>
      <name>Sem Classificação</name>
      <styleUrl>#style_sem_classificação</styleUrl>
      <Point>
        <coordinates>13.221194,-8.911343,0</coordinates>
      </Point>
    </Placemark>
    <Placemark>
      <name>Sem Classificação</name>
      <styleUrl>#style_sem_classificação</styleUrl>
      <Point>
        <coordinates>13.221370,-8.910408,0</coordinates>
      </Point>
    </Placemark>
    <Placemark>
      <name>Sem Classificação</name>
      <styleUrl>#style_sem_classificação</styleUrl>
      <Point>
        <coordinates>13.215417,-8.910663,0</coordinates>
      </Point>
    </Placemark>
    <Placemark>
      <name>Sem Classificação</name>
      <styleUrl>#style_sem_classificação</styleUrl>
      <Point>
        <coordinates>13.214682,-8.912343,0</coordinates>
      </Point>
    </Placemark>
    <Placemark>
      <name>Sem Classificação</name>
      <styleUrl>#style_sem_classificação</styleUrl>
      <Point>
        <coordinates>13.213976,-8.913950,0</coordinates>
      </Point>
    </Placemark>
    <Placemark>
      <name>Sem Classificação</name>
      <styleUrl>#style_sem_classificação</styleUrl>
      <Point>
        <coordinates>13.213135,-8.915583,0</coordinates>
      </Point>
    </Placemark>
    <Placemark>
      <name>Sem Classificação</name>
      <styleUrl>#style_sem_classificação</styleUrl>
      <Point>
        <coordinates>13.388859,-8.767422,0</coordinates>
      </Point>
    </Placemark>
    <Placemark>
      <name>Sem Classificação</name>
      <styleUrl>#style_sem_classificação</styleUrl>
      <Point>
        <coordinates>13.388776,-8.767747,0</coordinates>
      </Point>
    </Placemark>
    <Placemark>
      <name>Sem Classificação</name>
      <styleUrl>#style_sem_classificação</styleUrl>
      <Point>
        <coordinates>13.389076,-8.767676,0</coordinates>
      </Point>
    </Placemark>
    <Placemark>
      <name>Sem Classificação</name>
      <styleUrl>#style_sem_classificação</styleUrl>
      <Point>
        <coordinates>15.996855,-7.304932,0</coordinates>
      </Point>
    </Placemark>
    <Placemark>
      <name>Sem Classificação</name>
      <styleUrl>#style_sem_classificação</styleUrl>
      <Point>
        <coordinates>15.980908,-7.307581,0</coordinates>
      </Point>
    </Placemark>
    <Placemark>
      <name>Sem Classificação</name>
      <styleUrl>#style_sem_classificação</styleUrl>
      <Point>
        <coordinates>15.964671,-7.301294,0</coordinates>
      </Point>
    </Placemark>
    <Placemark>
      <name>Sem Classificação</name>
      <styleUrl>#style_sem_classificação</styleUrl>
      <Point>
        <coordinates>15.949127,-7.292897,0</coordinates>
      </Point>
    </Placemark>
    <Placemark>
      <name>Sem Classificação</name>
      <styleUrl>#style_sem_classificação</styleUrl>
      <Point>
        <coordinates>15.934507,-7.284408,0</coordinates>
      </Point>
    </Placemark>
    <Placemark>
      <name>Sem Classificação</name>
      <styleUrl>#style_sem_classificação</styleUrl>
      <Point>
        <coordinates>15.930552,-7.268144,0</coordinates>
      </Point>
    </Placemark>
    <Placemark>
      <name>Sem Classificação</name>
      <styleUrl>#style_sem_classificação</styleUrl>
      <Point>
        <coordinates>15.902516,-7.249107,0</coordinates>
      </Point>
    </Placemark>
    <Placemark>
      <name>Sem Classificação</name>
      <styleUrl>#style_sem_classificação</styleUrl>
      <Point>
        <coordinates>15.895484,-7.233772,0</coordinates>
      </Point>
    </Placemark>
    <Placemark>
      <name>Sem Classificação</name>
      <styleUrl>#style_sem_classificação</styleUrl>
      <Point>
        <coordinates>15.880128,-7.236317,0</coordinates>
      </Point>
    </Placemark>
    <Placemark>
      <name>Sem Classificação</name>
      <styleUrl>#style_sem_classificação</styleUrl>
      <Point>
        <coordinates>15.862865,-7.236630,0</coordinates>
      </Point>
    </Placemark>
    <Placemark>
      <name>Sem Classificação</name>
      <styleUrl>#style_sem_classificação</styleUrl>
      <Point>
        <coordinates>15.846052,-7.235531,0</coordinates>
      </Point>
    </Placemark>
    <Placemark>
      <name>Sem Classificação</name>
      <styleUrl>#style_sem_classificação</styleUrl>
      <Point>
        <coordinates>15.830244,-7.229202,0</coordinates>
      </Point>
    </Placemark>
    <Placemark>
      <name>Sem Classificação</name>
      <styleUrl>#style_sem_classificação</styleUrl>
      <Point>
        <coordinates>15.814969,-7.231490,0</coordinates>
      </Point>
    </Placemark>
    <Placemark>
      <name>Sem Classificação</name>
      <styleUrl>#style_sem_classificação</styleUrl>
      <Point>
        <coordinates>15.803527,-7.219960,0</coordinates>
      </Point>
    </Placemark>
    <Placemark>
      <name>Sem Classificação</name>
      <styleUrl>#style_sem_classificação</styleUrl>
      <Point>
        <coordinates>15.790188,-7.210667,0</coordinates>
      </Point>
    </Placemark>
    <Placemark>
      <name>Sem Classificação</name>
      <styleUrl>#style_sem_classificação</styleUrl>
      <Point>
        <coordinates>15.774335,-7.208976,0</coordinates>
      </Point>
    </Placemark>
    <Placemark>
      <name>Sem Classificação</name>
      <styleUrl>#style_sem_classificação</styleUrl>
      <Point>
        <coordinates>15.757896,-7.208777,0</coordinates>
      </Point>
    </Placemark>
    <Placemark>
      <name>Sem Classificação</name>
      <styleUrl>#style_sem_classificação</styleUrl>
      <Point>
        <coordinates>15.744214,-7.199999,0</coordinates>
      </Point>
    </Placemark>
    <Placemark>
      <name>Sem Classificação</name>
      <styleUrl>#style_sem_classificação</styleUrl>
      <Point>
        <coordinates>15.726242,-7.203682,0</coordinates>
      </Point>
    </Placemark>
    <Placemark>
      <name>Sem Classificação</name>
      <styleUrl>#style_sem_classificação</styleUrl>
      <Point>
        <coordinates>15.893895,-7.231668,0</coordinates>
      </Point>
    </Placemark>
    <Placemark>
      <name>Sem Classificação</name>
      <styleUrl>#style_sem_classificação</styleUrl>
      <Point>
        <coordinates>15.895845,-7.214606,0</coordinates>
      </Point>
    </Placemark>
    <Placemark>
      <name>Sem Classificação</name>
      <styleUrl>#style_sem_classificação</styleUrl>
      <Point>
        <coordinates>15.901348,-7.199318,0</coordinates>
      </Point>
    </Placemark>
    <Placemark>
      <name>Sem Classificação</name>
      <styleUrl>#style_sem_classificação</styleUrl>
      <Point>
        <coordinates>15.897734,-7.185306,0</coordinates>
      </Point>
    </Placemark>
    <Placemark>
      <name>Sem Classificação</name>
      <styleUrl>#style_sem_classificação</styleUrl>
      <Point>
        <coordinates>15.895617,-7.172349,0</coordinates>
      </Point>
    </Placemark>
    <Placemark>
      <name>Sem Classificação</name>
      <styleUrl>#style_sem_classificação</styleUrl>
      <Point>
        <coordinates>15.887931,-7.159936,0</coordinates>
      </Point>
    </Placemark>
    <Placemark>
      <name>Sem Classificação</name>
      <styleUrl>#style_sem_classificação</styleUrl>
      <Point>
        <coordinates>15.875411,-7.157210,0</coordinates>
      </Point>
    </Placemark>
    <Placemark>
      <name>Sem Classificação</name>
      <styleUrl>#style_sem_classificação</styleUrl>
      <Point>
        <coordinates>15.875139,-7.142830,0</coordinates>
      </Point>
    </Placemark>
    <Placemark>
      <name>Sem Classificação</name>
      <styleUrl>#style_sem_classificação</styleUrl>
      <Point>
        <coordinates>15.881070,-7.128328,0</coordinates>
      </Point>
    </Placemark>
    <Placemark>
      <name>Sem Classificação</name>
      <styleUrl>#style_sem_classificação</styleUrl>
      <Point>
        <coordinates>15.879883,-7.113569,0</coordinates>
      </Point>
    </Placemark>
    <Placemark>
      <name>Sem Classificação</name>
      <styleUrl>#style_sem_classificação</styleUrl>
      <Point>
        <coordinates>15.870313,-7.104570,0</coordinates>
      </Point>
    </Placemark>
    <Placemark>
      <name>Sem Classificação</name>
      <styleUrl>#style_sem_classificação</styleUrl>
      <Point>
        <coordinates>15.865940,-7.100019,0</coordinates>
      </Point>
    </Placemark>
    <Placemark>
      <name>Sem Classificação</name>
      <styleUrl>#style_sem_classificação</styleUrl>
      <Point>
        <coordinates>15.855671,-7.089863,0</coordinates>
      </Point>
    </Placemark>
    <Placemark>
      <name>Sem Classificação</name>
      <styleUrl>#style_sem_classificação</styleUrl>
      <Point>
        <coordinates>15.852787,-7.072529,0</coordinates>
      </Point>
    </Placemark>
    <Placemark>
      <name>Sem Classificação</name>
      <styleUrl>#style_sem_classificação</styleUrl>
      <Point>
        <coordinates>15.841996,-7.058556,0</coordinates>
      </Point>
    </Placemark>
    <Placemark>
      <name>Sem Classificação</name>
      <styleUrl>#style_sem_classificação</styleUrl>
      <Point>
        <coordinates>15.833357,-7.047573,0</coordinates>
      </Point>
    </Placemark>
    <Placemark>
      <name>Sem Classificação</name>
      <styleUrl>#style_sem_classificação</styleUrl>
      <Point>
        <coordinates>15.836551,-7.036225,0</coordinates>
      </Point>
    </Placemark>
    <Placemark>
      <name>Sem Classificação</name>
      <styleUrl>#style_sem_classificação</styleUrl>
      <Point>
        <coordinates>15.850287,-7.027417,0</coordinates>
      </Point>
    </Placemark>
    <Placemark>
      <name>Sem Classificação</name>
      <styleUrl>#style_sem_classificação</styleUrl>
      <Point>
        <coordinates>15.862970,-7.021877,0</coordinates>
      </Point>
    </Placemark>
    <Placemark>
      <name>Sem Classificação</name>
      <styleUrl>#style_sem_classificação</styleUrl>
      <Point>
        <coordinates>15.869599,-7.008188,0</coordinates>
      </Point>
    </Placemark>
    <Placemark>
      <name>Sem Classificação</name>
      <styleUrl>#style_sem_classificação</styleUrl>
      <Point>
        <coordinates>15.872204,-6.992373,0</coordinates>
      </Point>
    </Placemark>
    <Placemark>
      <name>Sem Classificação</name>
      <styleUrl>#style_sem_classificação</styleUrl>
      <Point>
        <coordinates>15.866448,-6.978500,0</coordinates>
      </Point>
    </Placemark>
    <Placemark>
      <name>Sem Classificação</name>
      <styleUrl>#style_sem_classificação</styleUrl>
      <Point>
        <coordinates>15.858963,-6.964105,0</coordinates>
      </Point>
    </Placemark>
    <Placemark>
      <name>Sem Classificação</name>
      <styleUrl>#style_sem_classificação</styleUrl>
      <Point>
        <coordinates>15.863361,-6.943809,0</coordinates>
      </Point>
    </Placemark>
    <Placemark>
      <name>Sem Classificação</name>
      <styleUrl>#style_sem_classificação</styleUrl>
      <Point>
        <coordinates>15.880993,-6.745800,0</coordinates>
      </Point>
    </Placemark>
    <Placemark>
      <name>Sem Classificação</name>
      <styleUrl>#style_sem_classificação</styleUrl>
      <Point>
        <coordinates>15.995998,-7.314666,0</coordinates>
      </Point>
    </Placemark>
    <Placemark>
      <name>Sem Classificação</name>
      <styleUrl>#style_sem_classificação</styleUrl>
      <Point>
        <coordinates>16.346340,-6.923674,0</coordinates>
      </Point>
    </Placemark>
    <Placemark>
      <name>Sem Classificação</name>
      <styleUrl>#style_sem_classificação</styleUrl>
      <Point>
        <coordinates>16.206927,-6.548564,0</coordinates>
      </Point>
    </Placemark>
    <Placemark>
      <name>Sem Classificação</name>
      <styleUrl>#style_sem_classificação</styleUrl>
      <Point>
        <coordinates>14.987946,-6.006599,0</coordinates>
      </Point>
    </Placemark>
    <Placemark>
      <name>Sem Classificação</name>
      <styleUrl>#style_sem_classificação</styleUrl>
      <Point>
        <coordinates>15.865739,-6.977144,0</coordinates>
      </Point>
    </Placemark>
    <Placemark>
      <name>Sem Classificação</name>
      <styleUrl>#style_sem_classificação</styleUrl>
      <Point>
        <coordinates>16.070289,-7.138538,0</coordinates>
      </Point>
    </Placemark>
    <Placemark>
      <name>Sem Classificação</name>
      <styleUrl>#style_sem_classificação</styleUrl>
      <Point>
        <coordinates>15.893841,-7.232111,0</coordinates>
      </Point>
    </Placemark>
    <Placemark>
      <name>Sem Classificação</name>
      <styleUrl>#style_sem_classificação</styleUrl>
      <Point>
        <coordinates>15.978860,-7.331960,0</coordinates>
      </Point>
    </Placemark>
    <Placemark>
      <name>Sem Classificação</name>
      <styleUrl>#style_sem_classificação</styleUrl>
      <Point>
        <coordinates>15.999123,-7.310806,0</coordinates>
      </Point>
    </Placemark>
    <Placemark>
      <name>Sem Classificação</name>
      <styleUrl>#style_sem_classificação</styleUrl>
      <Point>
        <coordinates>16.006303,-7.313395,0</coordinates>
      </Point>
    </Placemark>
    <Placemark>
      <name>Sem Classificação</name>
      <styleUrl>#style_sem_classificação</styleUrl>
      <Point>
        <coordinates>15.993423,-7.317738,0</coordinates>
      </Point>
    </Placemark>
    <Placemark>
      <name>Sem Classificação</name>
      <styleUrl>#style_sem_classificação</styleUrl>
      <Point>
        <coordinates>19.975837,-11.739190,0</coordinates>
      </Point>
    </Placemark>
    <Placemark>
      <name>Sem Classificação</name>
      <styleUrl>#style_sem_classificação</styleUrl>
      <Point>
        <coordinates>19.961150,-11.750349,0</coordinates>
      </Point>
    </Placemark>
    <Placemark>
      <name>Sem Classificação</name>
      <styleUrl>#style_sem_classificação</styleUrl>
      <Point>
        <coordinates>19.953944,-11.755794,0</coordinates>
      </Point>
    </Placemark>
    <Placemark>
      <name>Sem Classificação</name>
      <styleUrl>#style_sem_classificação</styleUrl>
      <Point>
        <coordinates>19.946664,-11.761337,0</coordinates>
      </Point>
    </Placemark>
    <Placemark>
      <name>Sem Classificação</name>
      <styleUrl>#style_sem_classificação</styleUrl>
      <Point>
        <coordinates>19.939330,-11.766834,0</coordinates>
      </Point>
    </Placemark>
    <Placemark>
      <name>Sem Classificação</name>
      <styleUrl>#style_sem_classificação</styleUrl>
      <Point>
        <coordinates>19.932060,-11.772033,0</coordinates>
      </Point>
    </Placemark>
    <Placemark>
      <name>Sem Classificação</name>
      <styleUrl>#style_sem_classificação</styleUrl>
      <Point>
        <coordinates>19.924843,-11.777757,0</coordinates>
      </Point>
    </Placemark>
    <Placemark>
      <name>Sem Classificação</name>
      <styleUrl>#style_sem_classificação</styleUrl>
      <Point>
        <coordinates>19.917462,-11.783073,0</coordinates>
      </Point>
    </Placemark>
    <Placemark>
      <name>Sem Classificação</name>
      <styleUrl>#style_sem_classificação</styleUrl>
      <Point>
        <coordinates>19.934165,-11.770974,0</coordinates>
      </Point>
    </Placemark>
    <Placemark>
      <name>Sem Classificação</name>
      <styleUrl>#style_sem_classificação</styleUrl>
      <Point>
        <coordinates>19.932432,-11.775317,0</coordinates>
      </Point>
    </Placemark>
    <Placemark>
      <name>Sem Classificação</name>
      <styleUrl>#style_sem_classificação</styleUrl>
      <Point>
        <coordinates>19.931180,-11.781172,0</coordinates>
      </Point>
    </Placemark>
    <Placemark>
      <name>Sem Classificação</name>
      <styleUrl>#style_sem_classificação</styleUrl>
      <Point>
        <coordinates>16.343494,-8.033311,0</coordinates>
      </Point>
    </Placemark>
    <Placemark>
      <name>Sem Classificação</name>
      <styleUrl>#style_sem_classificação</styleUrl>
      <Point>
        <coordinates>16.358234,-8.026905,0</coordinates>
      </Point>
    </Placemark>
    <Placemark>
      <name>Sem Classificação</name>
      <styleUrl>#style_sem_classificação</styleUrl>
      <Point>
        <coordinates>16.346700,-8.039874,0</coordinates>
      </Point>
    </Placemark>
    <Placemark>
      <name>Sem Classificação</name>
      <styleUrl>#style_sem_classificação</styleUrl>
      <Point>
        <coordinates>16.350596,-8.027418,0</coordinates>
      </Point>
    </Placemark>
    <Placemark>
      <name>Sem Classificação</name>
      <styleUrl>#style_sem_classificação</styleUrl>
      <Point>
        <coordinates>16.348164,-8.029814,0</coordinates>
      </Point>
    </Placemark>
    <Placemark>
      <name>Sem Classificação</name>
      <styleUrl>#style_sem_classificação</styleUrl>
      <Point>
        <coordinates>16.425533,-9.791256,0</coordinates>
      </Point>
    </Placemark>
    <Placemark>
      <name>Sem Classificação</name>
      <styleUrl>#style_sem_classificação</styleUrl>
      <Point>
        <coordinates>16.156719,-8.355580,0</coordinates>
      </Point>
    </Placemark>
    <Placemark>
      <name>Sem Classificação</name>
      <styleUrl>#style_sem_classificação</styleUrl>
      <Point>
        <coordinates>15.604776,-9.622475,0</coordinates>
      </Point>
    </Placemark>
    <Placemark>
      <name>Sem Classificação</name>
      <styleUrl>#style_sem_classificação</styleUrl>
      <Point>
        <coordinates>16.160709,-8.353480,0</coordinates>
      </Point>
    </Placemark>
    <Placemark>
      <name>Sem Classificação</name>
      <styleUrl>#style_sem_classificação</styleUrl>
      <Point>
        <coordinates>16.718859,-9.393590,0</coordinates>
      </Point>
    </Placemark>
    <Placemark>
      <name>Sem Classificação</name>
      <styleUrl>#style_sem_classificação</styleUrl>
      <Point>
        <coordinates>16.477265,-8.924075,0</coordinates>
      </Point>
    </Placemark>
    <Placemark>
      <name>Sem Classificação</name>
      <styleUrl>#style_sem_classificação</styleUrl>
      <Point>
        <coordinates>14.803233,-7.422518,0</coordinates>
      </Point>
    </Placemark>
    <Placemark>
      <name>Sem Classificação</name>
      <styleUrl>#style_sem_classificação</styleUrl>
      <Point>
        <coordinates>14.740401,-8.414523,0</coordinates>
      </Point>
    </Placemark>
    <Placemark>
      <name>Sem Classificação</name>
      <styleUrl>#style_sem_classificação</styleUrl>
      <Point>
        <coordinates>14.706241,-8.457347,0</coordinates>
      </Point>
    </Placemark>
    <Placemark>
      <name>Sem Classificação</name>
      <styleUrl>#style_sem_classificação</styleUrl>
      <Point>
        <coordinates>14.738490,-8.420981,0</coordinates>
      </Point>
    </Placemark>
    <Placemark>
      <name>Sem Classificação</name>
      <styleUrl>#style_sem_classificação</styleUrl>
      <Point>
        <coordinates>14.043324,-14.172191,0</coordinates>
      </Point>
    </Placemark>
    <Placemark>
      <name>Sem Classificação</name>
      <styleUrl>#style_sem_classificação</styleUrl>
      <Point>
        <coordinates>14.048719,-14.165125,0</coordinates>
      </Point>
    </Placemark>
    <Placemark>
      <name>Sem Classificação</name>
      <styleUrl>#style_sem_classificação</styleUrl>
      <Point>
        <coordinates>14.056152,-14.160019,0</coordinates>
      </Point>
    </Placemark>
    <Placemark>
      <name>Sem Classificação</name>
      <styleUrl>#style_sem_classificação</styleUrl>
      <Point>
        <coordinates>14.065461,-13.702636,0</coordinates>
      </Point>
    </Placemark>
    <Placemark>
      <name>Sem Classificação</name>
      <styleUrl>#style_sem_classificação</styleUrl>
      <Point>
        <coordinates>14.067563,-14.147361,0</coordinates>
      </Point>
    </Placemark>
    <Placemark>
      <name>Sem Classificação</name>
      <styleUrl>#style_sem_classificação</styleUrl>
      <Point>
        <coordinates>14.067063,-14.138291,0</coordinates>
      </Point>
    </Placemark>
    <Placemark>
      <name>Sem Classificação</name>
      <styleUrl>#style_sem_classificação</styleUrl>
      <Point>
        <coordinates>14.064855,-14.130074,0</coordinates>
      </Point>
    </Placemark>
    <Placemark>
      <name>Sem Classificação</name>
      <styleUrl>#style_sem_classificação</styleUrl>
      <Point>
        <coordinates>14.033956,-14.121896,0</coordinates>
      </Point>
    </Placemark>
    <Placemark>
      <name>Sem Classificação</name>
      <styleUrl>#style_sem_classificação</styleUrl>
      <Point>
        <coordinates>14.060521,-14.113865,0</coordinates>
      </Point>
    </Placemark>
    <Placemark>
      <name>Sem Classificação</name>
      <styleUrl>#style_sem_classificação</styleUrl>
      <Point>
        <coordinates>14.063064,-14.105648,0</coordinates>
      </Point>
    </Placemark>
    <Placemark>
      <name>Sem Classificação</name>
      <styleUrl>#style_sem_classificação</styleUrl>
      <Point>
        <coordinates>14.066468,-14.097931,0</coordinates>
      </Point>
    </Placemark>
    <Placemark>
      <name>Sem Classificação</name>
      <styleUrl>#style_sem_classificação</styleUrl>
      <Point>
        <coordinates>14.071452,-14.090898,0</coordinates>
      </Point>
    </Placemark>
    <Placemark>
      <name>Sem Classificação</name>
      <styleUrl>#style_sem_classificação</styleUrl>
      <Point>
        <coordinates>14.075076,-14.083318,0</coordinates>
      </Point>
    </Placemark>
    <Placemark>
      <name>Sem Classificação</name>
      <styleUrl>#style_sem_classificação</styleUrl>
      <Point>
        <coordinates>14.073738,-14.075113,0</coordinates>
      </Point>
    </Placemark>
    <Placemark>
      <name>Sem Classificação</name>
      <styleUrl>#style_sem_classificação</styleUrl>
      <Point>
        <coordinates>14.067920,-14.068689,0</coordinates>
      </Point>
    </Placemark>
    <Placemark>
      <name>Sem Classificação</name>
      <styleUrl>#style_sem_classificação</styleUrl>
      <Point>
        <coordinates>14.061767,-14.062581,0</coordinates>
      </Point>
    </Placemark>
    <Placemark>
      <name>Sem Classificação</name>
      <styleUrl>#style_sem_classificação</styleUrl>
      <Point>
        <coordinates>14.054369,-14.057851,0</coordinates>
      </Point>
    </Placemark>
    <Placemark>
      <name>Sem Classificação</name>
      <styleUrl>#style_sem_classificação</styleUrl>
      <Point>
        <coordinates>14.048373,-14.051906,0</coordinates>
      </Point>
    </Placemark>
    <Placemark>
      <name>Sem Classificação</name>
      <styleUrl>#style_sem_classificação</styleUrl>
      <Point>
        <coordinates>14.045554,-14.084035,0</coordinates>
      </Point>
    </Placemark>
    <Placemark>
      <name>Sem Classificação</name>
      <styleUrl>#style_sem_classificação</styleUrl>
      <Point>
        <coordinates>14.046529,-14.034368,0</coordinates>
      </Point>
    </Placemark>
    <Placemark>
      <name>Sem Classificação</name>
      <styleUrl>#style_sem_classificação</styleUrl>
      <Point>
        <coordinates>14.049017,-14.025943,0</coordinates>
      </Point>
    </Placemark>
    <Placemark>
      <name>Sem Classificação</name>
      <styleUrl>#style_sem_classificação</styleUrl>
      <Point>
        <coordinates>14.049768,-14.016787,0</coordinates>
      </Point>
    </Placemark>
    <Placemark>
      <name>Sem Classificação</name>
      <styleUrl>#style_sem_classificação</styleUrl>
      <Point>
        <coordinates>14.049611,-14.007800,0</coordinates>
      </Point>
    </Placemark>
    <Placemark>
      <name>Sem Classificação</name>
      <styleUrl>#style_sem_classificação</styleUrl>
      <Point>
        <coordinates>14.048296,-13.998881,0</coordinates>
      </Point>
    </Placemark>
    <Placemark>
      <name>Sem Classificação</name>
      <styleUrl>#style_sem_classificação</styleUrl>
      <Point>
        <coordinates>14.049294,-13.990223,0</coordinates>
      </Point>
    </Placemark>
    <Placemark>
      <name>Sem Classificação</name>
      <styleUrl>#style_sem_classificação</styleUrl>
      <Point>
        <coordinates>14.047784,-13.981430,0</coordinates>
      </Point>
    </Placemark>
    <Placemark>
      <name>Sem Classificação</name>
      <styleUrl>#style_sem_classificação</styleUrl>
      <Point>
        <coordinates>14.046587,-13.973161,0</coordinates>
      </Point>
    </Placemark>
    <Placemark>
      <name>Sem Classificação</name>
      <styleUrl>#style_sem_classificação</styleUrl>
      <Point>
        <coordinates>14.042139,-13.965206,0</coordinates>
      </Point>
    </Placemark>
    <Placemark>
      <name>Sem Classificação</name>
      <styleUrl>#style_sem_classificação</styleUrl>
      <Point>
        <coordinates>14.045598,-13.956983,0</coordinates>
      </Point>
    </Placemark>
    <Placemark>
      <name>Sem Classificação</name>
      <styleUrl>#style_sem_classificação</styleUrl>
      <Point>
        <coordinates>14.044190,-13.948181,0</coordinates>
      </Point>
    </Placemark>
    <Placemark>
      <name>Sem Classificação</name>
      <styleUrl>#style_sem_classificação</styleUrl>
      <Point>
        <coordinates>14.040067,-13.940173,0</coordinates>
      </Point>
    </Placemark>
    <Placemark>
      <name>Sem Classificação</name>
      <styleUrl>#style_sem_classificação</styleUrl>
      <Point>
        <coordinates>14.033186,-13.934233,0</coordinates>
      </Point>
    </Placemark>
    <Placemark>
      <name>Sem Classificação</name>
      <styleUrl>#style_sem_classificação</styleUrl>
      <Point>
        <coordinates>14.026472,-13.928537,0</coordinates>
      </Point>
    </Placemark>
    <Placemark>
      <name>Sem Classificação</name>
      <styleUrl>#style_sem_classificação</styleUrl>
      <Point>
        <coordinates>14.017158,-13.926800,0</coordinates>
      </Point>
    </Placemark>
    <Placemark>
      <name>Sem Classificação</name>
      <styleUrl>#style_sem_classificação</styleUrl>
      <Point>
        <coordinates>14.008937,-13.925031,0</coordinates>
      </Point>
    </Placemark>
    <Placemark>
      <name>Sem Classificação</name>
      <styleUrl>#style_sem_classificação</styleUrl>
      <Point>
        <coordinates>14.001146,-13.920144,0</coordinates>
      </Point>
    </Placemark>
    <Placemark>
      <name>Sem Classificação</name>
      <styleUrl>#style_sem_classificação</styleUrl>
      <Point>
        <coordinates>13.994166,-13.914158,0</coordinates>
      </Point>
    </Placemark>
    <Placemark>
      <name>Sem Classificação</name>
      <styleUrl>#style_sem_classificação</styleUrl>
      <Point>
        <coordinates>13.988764,-13.907011,0</coordinates>
      </Point>
    </Placemark>
    <Placemark>
      <name>Sem Classificação</name>
      <styleUrl>#style_sem_classificação</styleUrl>
      <Point>
        <coordinates>13.981372,-13.902126,0</coordinates>
      </Point>
    </Placemark>
    <Placemark>
      <name>Sem Classificação</name>
      <styleUrl>#style_sem_classificação</styleUrl>
      <Point>
        <coordinates>13.976731,-13.894584,0</coordinates>
      </Point>
    </Placemark>
    <Placemark>
      <name>Sem Classificação</name>
      <styleUrl>#style_sem_classificação</styleUrl>
      <Point>
        <coordinates>13.974582,-13.867796,0</coordinates>
      </Point>
    </Placemark>
    <Placemark>
      <name>Sem Classificação</name>
      <styleUrl>#style_sem_classificação</styleUrl>
      <Point>
        <coordinates>13.971682,-13.877051,0</coordinates>
      </Point>
    </Placemark>
    <Placemark>
      <name>Sem Classificação</name>
      <styleUrl>#style_sem_classificação</styleUrl>
      <Point>
        <coordinates>13.970342,-13.868195,0</coordinates>
      </Point>
    </Placemark>
    <Placemark>
      <name>Sem Classificação</name>
      <styleUrl>#style_sem_classificação</styleUrl>
      <Point>
        <coordinates>13.969149,-13.859709,0</coordinates>
      </Point>
    </Placemark>
    <Placemark>
      <name>Sem Classificação</name>
      <styleUrl>#style_sem_classificação</styleUrl>
      <Point>
        <coordinates>13.966234,-13.851370,0</coordinates>
      </Point>
    </Placemark>
    <Placemark>
      <name>Sem Classificação</name>
      <styleUrl>#style_sem_classificação</styleUrl>
      <Point>
        <coordinates>13.961039,-13.843980,0</coordinates>
      </Point>
    </Placemark>
    <Placemark>
      <name>Sem Classificação</name>
      <styleUrl>#style_sem_classificação</styleUrl>
      <Point>
        <coordinates>13.959071,-13.835076,0</coordinates>
      </Point>
    </Placemark>
    <Placemark>
      <name>Sem Classificação</name>
      <styleUrl>#style_sem_classificação</styleUrl>
      <Point>
        <coordinates>13.957416,-13.826462,0</coordinates>
      </Point>
    </Placemark>
    <Placemark>
      <name>Sem Classificação</name>
      <styleUrl>#style_sem_classificação</styleUrl>
      <Point>
        <coordinates>13.961809,-13.818488,0</coordinates>
      </Point>
    </Placemark>
    <Placemark>
      <name>Sem Classificação</name>
      <styleUrl>#style_sem_classificação</styleUrl>
      <Point>
        <coordinates>13.869745,-13.809665,0</coordinates>
      </Point>
    </Placemark>
    <Placemark>
      <name>Sem Classificação</name>
      <styleUrl>#style_sem_classificação</styleUrl>
      <Point>
        <coordinates>13.964524,-13.764879,0</coordinates>
      </Point>
    </Placemark>
    <Placemark>
      <name>Sem Classificação</name>
      <styleUrl>#style_sem_classificação</styleUrl>
      <Point>
        <coordinates>13.962888,-13.792094,0</coordinates>
      </Point>
    </Placemark>
    <Placemark>
      <name>Sem Classificação</name>
      <styleUrl>#style_sem_classificação</styleUrl>
      <Point>
        <coordinates>13.962936,-13.783162,0</coordinates>
      </Point>
    </Placemark>
    <Placemark>
      <name>Sem Classificação</name>
      <styleUrl>#style_sem_classificação</styleUrl>
      <Point>
        <coordinates>13.960644,-13.774428,0</coordinates>
      </Point>
    </Placemark>
    <Placemark>
      <name>Sem Classificação</name>
      <styleUrl>#style_sem_classificação</styleUrl>
      <Point>
        <coordinates>13.960980,-13.765397,0</coordinates>
      </Point>
    </Placemark>
    <Placemark>
      <name>Sem Classificação</name>
      <styleUrl>#style_sem_classificação</styleUrl>
      <Point>
        <coordinates>13.962167,-13.756334,0</coordinates>
      </Point>
    </Placemark>
    <Placemark>
      <name>Sem Classificação</name>
      <styleUrl>#style_sem_classificação</styleUrl>
      <Point>
        <coordinates>13.963463,-13.747471,0</coordinates>
      </Point>
    </Placemark>
    <Placemark>
      <name>Sem Classificação</name>
      <styleUrl>#style_sem_classificação</styleUrl>
      <Point>
        <coordinates>13.962967,-13.740408,0</coordinates>
      </Point>
    </Placemark>
    <Placemark>
      <name>Sem Classificação</name>
      <styleUrl>#style_sem_classificação</styleUrl>
      <Point>
        <coordinates>12.242048,-5.556852,0</coordinates>
      </Point>
    </Placemark>
    <Placemark>
      <name>Sem Classificação</name>
      <styleUrl>#style_sem_classificação</styleUrl>
      <Point>
        <coordinates>12.241530,-5.555720,0</coordinates>
      </Point>
    </Placemark>
    <Placemark>
      <name>Sem Classificação</name>
      <styleUrl>#style_sem_classificação</styleUrl>
      <Point>
        <coordinates>12.240575,-5.557559,0</coordinates>
      </Point>
    </Placemark>
    <Placemark>
      <name>Sem Classificação</name>
      <styleUrl>#style_sem_classificação</styleUrl>
      <Point>
        <coordinates>13.330167,-7.848113,0</coordinates>
      </Point>
    </Placemark>
    <Placemark>
      <name>Sem Classificação</name>
      <styleUrl>#style_sem_classificação</styleUrl>
      <Point>
        <coordinates>13.330895,-7.847293,0</coordinates>
      </Point>
    </Placemark>
    <Placemark>
      <name>Sem Classificação</name>
      <styleUrl>#style_sem_classificação</styleUrl>
      <Point>
        <coordinates>13.331846,-7.847740,0</coordinates>
      </Point>
    </Placemark>
    <Placemark>
      <name>Sem Classificação</name>
      <styleUrl>#style_sem_classificação</styleUrl>
      <Point>
        <coordinates>13.331378,-7.848950,0</coordinates>
      </Point>
    </Placemark>
    <Placemark>
      <name>Sem Classificação</name>
      <styleUrl>#style_sem_classificação</styleUrl>
      <Point>
        <coordinates>14.642576,-12.933628,0</coordinates>
      </Point>
    </Placemark>
    <Placemark>
      <name>Sem Classificação</name>
      <styleUrl>#style_sem_classificação</styleUrl>
      <Point>
        <coordinates>14.642790,-12.932616,0</coordinates>
      </Point>
    </Placemark>
    <Placemark>
      <name>Sem Classificação</name>
      <styleUrl>#style_sem_classificação</styleUrl>
      <Point>
        <coordinates>14.641592,-12.932252,0</coordinates>
      </Point>
    </Placemark>
    <Placemark>
      <name>Sem Classificação</name>
      <styleUrl>#style_sem_classificação</styleUrl>
      <Point>
        <coordinates>14.641904,-12.933275,0</coordinates>
      </Point>
    </Placemark>
    <Placemark>
      <name>Sem Classificação</name>
      <styleUrl>#style_sem_classificação</styleUrl>
      <Point>
        <coordinates>14.644667,-12.934888,0</coordinates>
      </Point>
    </Placemark>
    <Placemark>
      <name>Sem Classificação</name>
      <styleUrl>#style_sem_classificação</styleUrl>
      <Point>
        <coordinates>14.644973,-12.933957,0</coordinates>
      </Point>
    </Placemark>
    <Placemark>
      <name>Sem Classificação</name>
      <styleUrl>#style_sem_classificação</styleUrl>
      <Point>
        <coordinates>14.643904,-12.933286,0</coordinates>
      </Point>
    </Placemark>
    <Placemark>
      <name>Sem Classificação</name>
      <styleUrl>#style_sem_classificação</styleUrl>
      <Point>
        <coordinates>14.643451,-12.934389,0</coordinates>
      </Point>
    </Placemark>
    <Placemark>
      <name>Sem Classificação</name>
      <styleUrl>#style_sem_classificação</styleUrl>
      <Point>
        <coordinates>14.640145,-12.932305,0</coordinates>
      </Point>
    </Placemark>
    <Placemark>
      <name>Sem Classificação</name>
      <styleUrl>#style_sem_classificação</styleUrl>
      <Point>
        <coordinates>14.640864,-12.932197,0</coordinates>
      </Point>
    </Placemark>
    <Placemark>
      <name>Sem Classificação</name>
      <styleUrl>#style_sem_classificação</styleUrl>
      <Point>
        <coordinates>14.639723,-12.930713,0</coordinates>
      </Point>
    </Placemark>
    <Placemark>
      <name>Sem Classificação</name>
      <styleUrl>#style_sem_classificação</styleUrl>
      <Point>
        <coordinates>14.639223,-12.932023,0</coordinates>
      </Point>
    </Placemark>
    <Placemark>
      <name>Sem Classificação</name>
      <styleUrl>#style_sem_classificação</styleUrl>
      <Point>
        <coordinates>17.006724,-12.528510,0</coordinates>
      </Point>
    </Placemark>
    <Placemark>
      <name>Sem Classificação</name>
      <styleUrl>#style_sem_classificação</styleUrl>
      <Point>
        <coordinates>17.002185,-12.529249,0</coordinates>
      </Point>
    </Placemark>
    <Placemark>
      <name>Sem Classificação</name>
      <styleUrl>#style_sem_classificação</styleUrl>
      <Point>
        <coordinates>16.997627,-12.529816,0</coordinates>
      </Point>
    </Placemark>
    <Placemark>
      <name>Sem Classificação</name>
      <styleUrl>#style_sem_classificação</styleUrl>
      <Point>
        <coordinates>16.993059,-12.530384,0</coordinates>
      </Point>
    </Placemark>
    <Placemark>
      <name>Sem Classificação</name>
      <styleUrl>#style_sem_classificação</styleUrl>
      <Point>
        <coordinates>16.988500,-12.530951,0</coordinates>
      </Point>
    </Placemark>
    <Placemark>
      <name>Sem Classificação</name>
      <styleUrl>#style_sem_classificação</styleUrl>
      <Point>
        <coordinates>16.983932,-12.531509,0</coordinates>
      </Point>
    </Placemark>
    <Placemark>
      <name>Sem Classificação</name>
      <styleUrl>#style_sem_classificação</styleUrl>
      <Point>
        <coordinates>16.979374,-12.532075,0</coordinates>
      </Point>
    </Placemark>
    <Placemark>
      <name>Sem Classificação</name>
      <styleUrl>#style_sem_classificação</styleUrl>
      <Point>
        <coordinates>16.970247,-12.533209,0</coordinates>
      </Point>
    </Placemark>
    <Placemark>
      <name>Sem Classificação</name>
      <styleUrl>#style_sem_classificação</styleUrl>
      <Point>
        <coordinates>16.962575,-12.532054,0</coordinates>
      </Point>
    </Placemark>
    <Placemark>
      <name>Sem Classificação</name>
      <styleUrl>#style_sem_classificação</styleUrl>
      <Point>
        <coordinates>16.963005,-12.523239,0</coordinates>
      </Point>
    </Placemark>
    <Placemark>
      <name>Sem Classificação</name>
      <styleUrl>#style_sem_classificação</styleUrl>
      <Point>
        <coordinates>16.964879,-12.514413,0</coordinates>
      </Point>
    </Placemark>
    <Placemark>
      <name>Sem Classificação</name>
      <styleUrl>#style_sem_classificação</styleUrl>
      <Point>
        <coordinates>16.967122,-12.505620,0</coordinates>
      </Point>
    </Placemark>
    <Placemark>
      <name>Sem Classificação</name>
      <styleUrl>#style_sem_classificação</styleUrl>
      <Point>
        <coordinates>16.965757,-12.496737,0</coordinates>
      </Point>
    </Placemark>
    <Placemark>
      <name>Sem Classificação</name>
      <styleUrl>#style_sem_classificação</styleUrl>
      <Point>
        <coordinates>16.964374,-12.487781,0</coordinates>
      </Point>
    </Placemark>
    <Placemark>
      <name>Sem Classificação</name>
      <styleUrl>#style_sem_classificação</styleUrl>
      <Point>
        <coordinates>16.961634,-12.479260,0</coordinates>
      </Point>
    </Placemark>
    <Placemark>
      <name>Sem Classificação</name>
      <styleUrl>#style_sem_classificação</styleUrl>
      <Point>
        <coordinates>16.957151,-12.471546,0</coordinates>
      </Point>
    </Placemark>
    <Placemark>
      <name>Sem Classificação</name>
      <styleUrl>#style_sem_classificação</styleUrl>
      <Point>
        <coordinates>16.950775,-12.465058,0</coordinates>
      </Point>
    </Placemark>
    <Placemark>
      <name>Sem Classificação</name>
      <styleUrl>#style_sem_classificação</styleUrl>
      <Point>
        <coordinates>16.945065,-12.457941,0</coordinates>
      </Point>
    </Placemark>
    <Placemark>
      <name>Sem Classificação</name>
      <styleUrl>#style_sem_classificação</styleUrl>
      <Point>
        <coordinates>16.938717,-12.451425,0</coordinates>
      </Point>
    </Placemark>
    <Placemark>
      <name>Sem Classificação</name>
      <styleUrl>#style_sem_classificação</styleUrl>
      <Point>
        <coordinates>16.931985,-12.445263,0</coordinates>
      </Point>
    </Placemark>
    <Placemark>
      <name>Sem Classificação</name>
      <styleUrl>#style_sem_classificação</styleUrl>
      <Point>
        <coordinates>16.927102,-12.437823,0</coordinates>
      </Point>
    </Placemark>
    <Placemark>
      <name>Sem Classificação</name>
      <styleUrl>#style_sem_classificação</styleUrl>
      <Point>
        <coordinates>16.923542,-12.430139,0</coordinates>
      </Point>
    </Placemark>
    <Placemark>
      <name>Sem Classificação</name>
      <styleUrl>#style_sem_classificação</styleUrl>
      <Point>
        <coordinates>16.930636,-12.424421,0</coordinates>
      </Point>
    </Placemark>
    <Placemark>
      <name>Sem Classificação</name>
      <styleUrl>#style_sem_classificação</styleUrl>
      <Point>
        <coordinates>16.934366,-12.416513,0</coordinates>
      </Point>
    </Placemark>
    <Placemark>
      <name>Sem Classificação</name>
      <styleUrl>#style_sem_classificação</styleUrl>
      <Point>
        <coordinates>16.932609,-12.407668,0</coordinates>
      </Point>
    </Placemark>
    <Placemark>
      <name>Sem Classificação</name>
      <styleUrl>#style_sem_classificação</styleUrl>
      <Point>
        <coordinates>16.936998,-12.401925,0</coordinates>
      </Point>
    </Placemark>
    <Placemark>
      <name>Sem Classificação</name>
      <styleUrl>#style_sem_classificação</styleUrl>
      <Point>
        <coordinates>16.938211,-12.393004,0</coordinates>
      </Point>
    </Placemark>
    <Placemark>
      <name>Sem Classificação</name>
      <styleUrl>#style_sem_classificação</styleUrl>
      <Point>
        <coordinates>16.939837,-12.384081,0</coordinates>
      </Point>
    </Placemark>
    <Placemark>
      <name>Sem Classificação</name>
      <styleUrl>#style_sem_classificação</styleUrl>
      <Point>
        <coordinates>16.939642,-12.375107,0</coordinates>
      </Point>
    </Placemark>
    <Placemark>
      <name>Sem Classificação</name>
      <styleUrl>#style_sem_classificação</styleUrl>
      <Point>
        <coordinates>16.939143,-12.366081,0</coordinates>
      </Point>
    </Placemark>
    <Placemark>
      <name>Sem Classificação</name>
      <styleUrl>#style_sem_classificação</styleUrl>
      <Point>
        <coordinates>16.938672,-12.357055,0</coordinates>
      </Point>
    </Placemark>
    <Placemark>
      <name>Sem Classificação</name>
      <styleUrl>#style_sem_classificação</styleUrl>
      <Point>
        <coordinates>16.938302,-12.348001,0</coordinates>
      </Point>
    </Placemark>
    <Placemark>
      <name>Sem Classificação</name>
      <styleUrl>#style_sem_classificação</styleUrl>
      <Point>
        <coordinates>16.937555,-12.339013,0</coordinates>
      </Point>
    </Placemark>
    <Placemark>
      <name>Sem Classificação</name>
      <styleUrl>#style_sem_classificação</styleUrl>
      <Point>
        <coordinates>16.934503,-12.332663,0</coordinates>
      </Point>
    </Placemark>
    <Placemark>
      <name>Sem Classificação</name>
      <styleUrl>#style_sem_classificação</styleUrl>
      <Point>
        <coordinates>16.925360,-12.331950,0</coordinates>
      </Point>
    </Placemark>
    <Placemark>
      <name>Sem Classificação</name>
      <styleUrl>#style_sem_classificação</styleUrl>
      <Point>
        <coordinates>16.916311,-12.330324,0</coordinates>
      </Point>
    </Placemark>
    <Placemark>
      <name>Sem Classificação</name>
      <styleUrl>#style_sem_classificação</styleUrl>
      <Point>
        <coordinates>16.907362,-12.328362,0</coordinates>
      </Point>
    </Placemark>
    <Placemark>
      <name>Sem Classificação</name>
      <styleUrl>#style_sem_classificação</styleUrl>
      <Point>
        <coordinates>16.898349,-12.326590,0</coordinates>
      </Point>
    </Placemark>
    <Placemark>
      <name>Sem Classificação</name>
      <styleUrl>#style_sem_classificação</styleUrl>
      <Point>
        <coordinates>16.889381,-12.328496,0</coordinates>
      </Point>
    </Placemark>
    <Placemark>
      <name>Sem Classificação</name>
      <styleUrl>#style_sem_classificação</styleUrl>
      <Point>
        <coordinates>16.880295,-12.329219,0</coordinates>
      </Point>
    </Placemark>
    <Placemark>
      <name>Sem Classificação</name>
      <styleUrl>#style_sem_classificação</styleUrl>
      <Point>
        <coordinates>16.871372,-12.327129,0</coordinates>
      </Point>
    </Placemark>
    <Placemark>
      <name>Sem Classificação</name>
      <styleUrl>#style_sem_classificação</styleUrl>
      <Point>
        <coordinates>16.862511,-12.324649,0</coordinates>
      </Point>
    </Placemark>
    <Placemark>
      <name>Sem Classificação</name>
      <styleUrl>#style_sem_classificação</styleUrl>
      <Point>
        <coordinates>16.853579,-12.322640,0</coordinates>
      </Point>
    </Placemark>
    <Placemark>
      <name>Sem Classificação</name>
      <styleUrl>#style_sem_classificação</styleUrl>
      <Point>
        <coordinates>16.844402,-12.322214,0</coordinates>
      </Point>
    </Placemark>
    <Placemark>
      <name>Sem Classificação</name>
      <styleUrl>#style_sem_classificação</styleUrl>
      <Point>
        <coordinates>16.835620,-12.320457,0</coordinates>
      </Point>
    </Placemark>
    <Placemark>
      <name>Sem Classificação</name>
      <styleUrl>#style_sem_classificação</styleUrl>
      <Point>
        <coordinates>16.828310,-12.314929,0</coordinates>
      </Point>
    </Placemark>
    <Placemark>
      <name>Sem Classificação</name>
      <styleUrl>#style_sem_classificação</styleUrl>
      <Point>
        <coordinates>16.821183,-12.309300,0</coordinates>
      </Point>
    </Placemark>
    <Placemark>
      <name>Sem Classificação</name>
      <styleUrl>#style_sem_classificação</styleUrl>
      <Point>
        <coordinates>16.820938,-12.300317,0</coordinates>
      </Point>
    </Placemark>
    <Placemark>
      <name>Sem Classificação</name>
      <styleUrl>#style_sem_classificação</styleUrl>
      <Point>
        <coordinates>16.820361,-12.291372,0</coordinates>
      </Point>
    </Placemark>
    <Placemark>
      <name>Sem Classificação</name>
      <styleUrl>#style_sem_classificação</styleUrl>
      <Point>
        <coordinates>16.815851,-12.283764,0</coordinates>
      </Point>
    </Placemark>
    <Placemark>
      <name>Sem Classificação</name>
      <styleUrl>#style_sem_classificação</styleUrl>
      <Point>
        <coordinates>16.809273,-12.277489,0</coordinates>
      </Point>
    </Placemark>
    <Placemark>
      <name>Sem Classificação</name>
      <styleUrl>#style_sem_classificação</styleUrl>
      <Point>
        <coordinates>16.806055,-12.269303,0</coordinates>
      </Point>
    </Placemark>
    <Placemark>
      <name>Sem Classificação</name>
      <styleUrl>#style_sem_classificação</styleUrl>
      <Point>
        <coordinates>16.805654,-12.260294,0</coordinates>
      </Point>
    </Placemark>
    <Placemark>
      <name>Sem Classificação</name>
      <styleUrl>#style_sem_classificação</styleUrl>
      <Point>
        <coordinates>16.805546,-12.251228,0</coordinates>
      </Point>
    </Placemark>
    <Placemark>
      <name>Sem Classificação</name>
      <styleUrl>#style_sem_classificação</styleUrl>
      <Point>
        <coordinates>16.803595,-12.242672,0</coordinates>
      </Point>
    </Placemark>
    <Placemark>
      <name>Sem Classificação</name>
      <styleUrl>#style_sem_classificação</styleUrl>
      <Point>
        <coordinates>16.795335,-12.238966,0</coordinates>
      </Point>
    </Placemark>
    <Placemark>
      <name>Sem Classificação</name>
      <styleUrl>#style_sem_classificação</styleUrl>
      <Point>
        <coordinates>16.787049,-12.235305,0</coordinates>
      </Point>
    </Placemark>
    <Placemark>
      <name>Sem Classificação</name>
      <styleUrl>#style_sem_classificação</styleUrl>
      <Point>
        <coordinates>16.779888,-12.229638,0</coordinates>
      </Point>
    </Placemark>
    <Placemark>
      <name>Sem Classificação</name>
      <styleUrl>#style_sem_classificação</styleUrl>
      <Point>
        <coordinates>16.774455,-12.222388,0</coordinates>
      </Point>
    </Placemark>
    <Placemark>
      <name>Sem Classificação</name>
      <styleUrl>#style_sem_classificação</styleUrl>
      <Point>
        <coordinates>16.769057,-12.215046,0</coordinates>
      </Point>
    </Placemark>
    <Placemark>
      <name>Sem Classificação</name>
      <styleUrl>#style_sem_classificação</styleUrl>
      <Point>
        <coordinates>16.762309,-12.208952,0</coordinates>
      </Point>
    </Placemark>
    <Placemark>
      <name>Sem Classificação</name>
      <styleUrl>#style_sem_classificação</styleUrl>
      <Point>
        <coordinates>16.758067,-12.201169,0</coordinates>
      </Point>
    </Placemark>
    <Placemark>
      <name>Sem Classificação</name>
      <styleUrl>#style_sem_classificação</styleUrl>
      <Point>
        <coordinates>16.756933,-12.192227,0</coordinates>
      </Point>
    </Placemark>
    <Placemark>
      <name>Sem Classificação</name>
      <styleUrl>#style_sem_classificação</styleUrl>
      <Point>
        <coordinates>16.756138,-12.183193,0</coordinates>
      </Point>
    </Placemark>
    <Placemark>
      <name>Sem Classificação</name>
      <styleUrl>#style_sem_classificação</styleUrl>
      <Point>
        <coordinates>16.755684,-12.174193,0</coordinates>
      </Point>
    </Placemark>
    <Placemark>
      <name>Sem Classificação</name>
      <styleUrl>#style_sem_classificação</styleUrl>
      <Point>
        <coordinates>16.754541,-12.165296,0</coordinates>
      </Point>
    </Placemark>
    <Placemark>
      <name>Sem Classificação</name>
      <styleUrl>#style_sem_classificação</styleUrl>
      <Point>
        <coordinates>16.747496,-12.159890,0</coordinates>
      </Point>
    </Placemark>
    <Placemark>
      <name>Sem Classificação</name>
      <styleUrl>#style_sem_classificação</styleUrl>
      <Point>
        <coordinates>16.738911,-12.156600,0</coordinates>
      </Point>
    </Placemark>
    <Placemark>
      <name>Sem Classificação</name>
      <styleUrl>#style_sem_classificação</styleUrl>
      <Point>
        <coordinates>16.730964,-12.152274,0</coordinates>
      </Point>
    </Placemark>
    <Placemark>
      <name>Sem Classificação</name>
      <styleUrl>#style_sem_classificação</styleUrl>
      <Point>
        <coordinates>16.723561,-12.146879,0</coordinates>
      </Point>
    </Placemark>
    <Placemark>
      <name>Sem Classificação</name>
      <styleUrl>#style_sem_classificação</styleUrl>
      <Point>
        <coordinates>16.716268,-12.141473,0</coordinates>
      </Point>
    </Placemark>
    <Placemark>
      <name>Sem Classificação</name>
      <styleUrl>#style_sem_classificação</styleUrl>
      <Point>
        <coordinates>16.710821,-12.124323,0</coordinates>
      </Point>
    </Placemark>
    <Placemark>
      <name>Sem Classificação</name>
      <styleUrl>#style_sem_classificação</styleUrl>
      <Point>
        <coordinates>16.706948,-12.116220,0</coordinates>
      </Point>
    </Placemark>
    <Placemark>
      <name>Sem Classificação</name>
      <styleUrl>#style_sem_classificação</styleUrl>
      <Point>
        <coordinates>16.704102,-12.107948,0</coordinates>
      </Point>
    </Placemark>
    <Placemark>
      <name>Sem Classificação</name>
      <styleUrl>#style_sem_classificação</styleUrl>
      <Point>
        <coordinates>16.708987,-12.100307,0</coordinates>
      </Point>
    </Placemark>
    <Placemark>
      <name>Sem Classificação</name>
      <styleUrl>#style_sem_classificação</styleUrl>
      <Point>
        <coordinates>16.711975,-12.092053,0</coordinates>
      </Point>
    </Placemark>
    <Placemark>
      <name>Sem Classificação</name>
      <styleUrl>#style_sem_classificação</styleUrl>
      <Point>
        <coordinates>16.709037,-12.083601,0</coordinates>
      </Point>
    </Placemark>
    <Placemark>
      <name>Sem Classificação</name>
      <styleUrl>#style_sem_classificação</styleUrl>
      <Point>
        <coordinates>16.712152,-12.075094,0</coordinates>
      </Point>
    </Placemark>
    <Placemark>
      <name>Sem Classificação</name>
      <styleUrl>#style_sem_classificação</styleUrl>
      <Point>
        <coordinates>16.714300,-12.066348,0</coordinates>
      </Point>
    </Placemark>
    <Placemark>
      <name>Sem Classificação</name>
      <styleUrl>#style_sem_classificação</styleUrl>
      <Point>
        <coordinates>16.715456,-12.057356,0</coordinates>
      </Point>
    </Placemark>
    <Placemark>
      <name>Sem Classificação</name>
      <styleUrl>#style_sem_classificação</styleUrl>
      <Point>
        <coordinates>16.716243,-12.048366,0</coordinates>
      </Point>
    </Placemark>
    <Placemark>
      <name>Sem Classificação</name>
      <styleUrl>#style_sem_classificação</styleUrl>
      <Point>
        <coordinates>16.717491,-12.039409,0</coordinates>
      </Point>
    </Placemark>
    <Placemark>
      <name>Sem Classificação</name>
      <styleUrl>#style_sem_classificação</styleUrl>
      <Point>
        <coordinates>16.721683,-12.031455,0</coordinates>
      </Point>
    </Placemark>
    <Placemark>
      <name>Sem Classificação</name>
      <styleUrl>#style_sem_classificação</styleUrl>
      <Point>
        <coordinates>16.726528,-12.023742,0</coordinates>
      </Point>
    </Placemark>
    <Placemark>
      <name>Sem Classificação</name>
      <styleUrl>#style_sem_classificação</styleUrl>
      <Point>
        <coordinates>16.726050,-12.014967,0</coordinates>
      </Point>
    </Placemark>
    <Placemark>
      <name>Sem Classificação</name>
      <styleUrl>#style_sem_classificação</styleUrl>
      <Point>
        <coordinates>16.722691,-12.006581,0</coordinates>
      </Point>
    </Placemark>
    <Placemark>
      <name>Sem Classificação</name>
      <styleUrl>#style_sem_classificação</styleUrl>
      <Point>
        <coordinates>16.720817,-11.997851,0</coordinates>
      </Point>
    </Placemark>
    <Placemark>
      <name>Sem Classificação</name>
      <styleUrl>#style_sem_classificação</styleUrl>
      <Point>
        <coordinates>16.716772,-11.989722,0</coordinates>
      </Point>
    </Placemark>
    <Placemark>
      <name>Sem Classificação</name>
      <styleUrl>#style_sem_classificação</styleUrl>
      <Point>
        <coordinates>16.712864,-11.981583,0</coordinates>
      </Point>
    </Placemark>
    <Placemark>
      <name>Sem Classificação</name>
      <styleUrl>#style_sem_classificação</styleUrl>
      <Point>
        <coordinates>16.710862,-11.972737,0</coordinates>
      </Point>
    </Placemark>
    <Placemark>
      <name>Sem Classificação</name>
      <styleUrl>#style_sem_classificação</styleUrl>
      <Point>
        <coordinates>16.707889,-11.964248,0</coordinates>
      </Point>
    </Placemark>
    <Placemark>
      <name>Sem Classificação</name>
      <styleUrl>#style_sem_classificação</styleUrl>
      <Point>
        <coordinates>16.703798,-11.956137,0</coordinates>
      </Point>
    </Placemark>
    <Placemark>
      <name>Sem Classificação</name>
      <styleUrl>#style_sem_classificação</styleUrl>
      <Point>
        <coordinates>16.699681,-11.948090,0</coordinates>
      </Point>
    </Placemark>
    <Placemark>
      <name>Sem Classificação</name>
      <styleUrl>#style_sem_classificação</styleUrl>
      <Point>
        <coordinates>16.697863,-11.939206,0</coordinates>
      </Point>
    </Placemark>
    <Placemark>
      <name>Sem Classificação</name>
      <styleUrl>#style_sem_classificação</styleUrl>
      <Point>
        <coordinates>16.695275,-11.930606,0</coordinates>
      </Point>
    </Placemark>
    <Placemark>
      <name>Sem Classificação</name>
      <styleUrl>#style_sem_classificação</styleUrl>
      <Point>
        <coordinates>16.690975,-11.922605,0</coordinates>
      </Point>
    </Placemark>
    <Placemark>
      <name>Sem Classificação</name>
      <styleUrl>#style_sem_classificação</styleUrl>
      <Point>
        <coordinates>16.686273,-11.914868,0</coordinates>
      </Point>
    </Placemark>
    <Placemark>
      <name>Sem Classificação</name>
      <styleUrl>#style_sem_classificação</styleUrl>
      <Point>
        <coordinates>16.681535,-11.907095,0</coordinates>
      </Point>
    </Placemark>
    <Placemark>
      <name>Sem Classificação</name>
      <styleUrl>#style_sem_classificação</styleUrl>
      <Point>
        <coordinates>16.676687,-11.899449,0</coordinates>
      </Point>
    </Placemark>
    <Placemark>
      <name>Sem Classificação</name>
      <styleUrl>#style_sem_classificação</styleUrl>
      <Point>
        <coordinates>16.676807,-11.890562,0</coordinates>
      </Point>
    </Placemark>
    <Placemark>
      <name>Sem Classificação</name>
      <styleUrl>#style_sem_classificação</styleUrl>
      <Point>
        <coordinates>16.678634,-11.881701,0</coordinates>
      </Point>
    </Placemark>
    <Placemark>
      <name>Sem Classificação</name>
      <styleUrl>#style_sem_classificação</styleUrl>
      <Point>
        <coordinates>16.680618,-11.872930,0</coordinates>
      </Point>
    </Placemark>
    <Placemark>
      <name>Sem Classificação</name>
      <styleUrl>#style_sem_classificação</styleUrl>
      <Point>
        <coordinates>16.684505,-11.864753,0</coordinates>
      </Point>
    </Placemark>
    <Placemark>
      <name>Sem Classificação</name>
      <styleUrl>#style_sem_classificação</styleUrl>
      <Point>
        <coordinates>16.684609,-11.856128,0</coordinates>
      </Point>
    </Placemark>
    <Placemark>
      <name>Sem Classificação</name>
      <styleUrl>#style_sem_classificação</styleUrl>
      <Point>
        <coordinates>16.682004,-11.847474,0</coordinates>
      </Point>
    </Placemark>
    <Placemark>
      <name>Sem Classificação</name>
      <styleUrl>#style_sem_classificação</styleUrl>
      <Point>
        <coordinates>16.679658,-11.838918,0</coordinates>
      </Point>
    </Placemark>
    <Placemark>
      <name>Sem Classificação</name>
      <styleUrl>#style_sem_classificação</styleUrl>
      <Point>
        <coordinates>16.674135,-11.831710,0</coordinates>
      </Point>
    </Placemark>
    <Placemark>
      <name>Sem Classificação</name>
      <styleUrl>#style_sem_classificação</styleUrl>
      <Point>
        <coordinates>16.675155,-11.822971,0</coordinates>
      </Point>
    </Placemark>
    <Placemark>
      <name>Sem Classificação</name>
      <styleUrl>#style_sem_classificação</styleUrl>
      <Point>
        <coordinates>16.678371,-11.814527,0</coordinates>
      </Point>
    </Placemark>
    <Placemark>
      <name>Sem Classificação</name>
      <styleUrl>#style_sem_classificação</styleUrl>
      <Point>
        <coordinates>16.679904,-11.805632,0</coordinates>
      </Point>
    </Placemark>
    <Placemark>
      <name>Sem Classificação</name>
      <styleUrl>#style_sem_classificação</styleUrl>
      <Point>
        <coordinates>16.683028,-11.797251,0</coordinates>
      </Point>
    </Placemark>
    <Placemark>
      <name>Sem Classificação</name>
      <styleUrl>#style_sem_classificação</styleUrl>
      <Point>
        <coordinates>16.685380,-11.788695,0</coordinates>
      </Point>
    </Placemark>
    <Placemark>
      <name>Sem Classificação</name>
      <styleUrl>#style_sem_classificação</styleUrl>
      <Point>
        <coordinates>16.683399,-11.779884,0</coordinates>
      </Point>
    </Placemark>
    <Placemark>
      <name>Sem Classificação</name>
      <styleUrl>#style_sem_classificação</styleUrl>
      <Point>
        <coordinates>16.680109,-11.771451,0</coordinates>
      </Point>
    </Placemark>
    <Placemark>
      <name>Sem Classificação</name>
      <styleUrl>#style_sem_classificação</styleUrl>
      <Point>
        <coordinates>16.676033,-11.763384,0</coordinates>
      </Point>
    </Placemark>
    <Placemark>
      <name>Sem Classificação</name>
      <styleUrl>#style_sem_classificação</styleUrl>
      <Point>
        <coordinates>16.674769,-11.754713,0</coordinates>
      </Point>
    </Placemark>
    <Placemark>
      <name>Sem Classificação</name>
      <styleUrl>#style_sem_classificação</styleUrl>
      <Point>
        <coordinates>16.678389,-11.746438,0</coordinates>
      </Point>
    </Placemark>
    <Placemark>
      <name>Sem Classificação</name>
      <styleUrl>#style_sem_classificação</styleUrl>
      <Point>
        <coordinates>16.681704,-11.738011,0</coordinates>
      </Point>
    </Placemark>
    <Placemark>
      <name>Sem Classificação</name>
      <styleUrl>#style_sem_classificação</styleUrl>
      <Point>
        <coordinates>16.682751,-11.729047,0</coordinates>
      </Point>
    </Placemark>
    <Placemark>
      <name>Sem Classificação</name>
      <styleUrl>#style_sem_classificação</styleUrl>
      <Point>
        <coordinates>16.686250,-11.720655,0</coordinates>
      </Point>
    </Placemark>
    <Placemark>
      <name>Sem Classificação</name>
      <styleUrl>#style_sem_classificação</styleUrl>
      <Point>
        <coordinates>16.685619,-11.711890,0</coordinates>
      </Point>
    </Placemark>
    <Placemark>
      <name>Sem Classificação</name>
      <styleUrl>#style_sem_classificação</styleUrl>
      <Point>
        <coordinates>16.681461,-11.703806,0</coordinates>
      </Point>
    </Placemark>
    <Placemark>
      <name>Sem Classificação</name>
      <styleUrl>#style_sem_classificação</styleUrl>
      <Point>
        <coordinates>16.676535,-11.696214,0</coordinates>
      </Point>
    </Placemark>
    <Placemark>
      <name>Sem Classificação</name>
      <styleUrl>#style_sem_classificação</styleUrl>
      <Point>
        <coordinates>16.671801,-11.688440,0</coordinates>
      </Point>
    </Placemark>
    <Placemark>
      <name>Sem Classificação</name>
      <styleUrl>#style_sem_classificação</styleUrl>
      <Point>
        <coordinates>16.669971,-11.679872,0</coordinates>
      </Point>
    </Placemark>
    <Placemark>
      <name>Sem Classificação</name>
      <styleUrl>#style_sem_classificação</styleUrl>
      <Point>
        <coordinates>16.671697,-11.670966,0</coordinates>
      </Point>
    </Placemark>
    <Placemark>
      <name>Sem Classificação</name>
      <styleUrl>#style_sem_classificação</styleUrl>
      <Point>
        <coordinates>16.669188,-11.662501,0</coordinates>
      </Point>
    </Placemark>
    <Placemark>
      <name>Sem Classificação</name>
      <styleUrl>#style_sem_classificação</styleUrl>
      <Point>
        <coordinates>16.664775,-11.654544,0</coordinates>
      </Point>
    </Placemark>
    <Placemark>
      <name>Sem Classificação</name>
      <styleUrl>#style_sem_classificação</styleUrl>
      <Point>
        <coordinates>16.661379,-11.646319,0</coordinates>
      </Point>
    </Placemark>
    <Placemark>
      <name>Sem Classificação</name>
      <styleUrl>#style_sem_classificação</styleUrl>
      <Point>
        <coordinates>16.672383,-11.621685,0</coordinates>
      </Point>
    </Placemark>
    <Placemark>
      <name>Sem Classificação</name>
      <styleUrl>#style_sem_classificação</styleUrl>
      <Point>
        <coordinates>16.675901,-11.613483,0</coordinates>
      </Point>
    </Placemark>
    <Placemark>
      <name>Sem Classificação</name>
      <styleUrl>#style_sem_classificação</styleUrl>
      <Point>
        <coordinates>16.675078,-11.604502,0</coordinates>
      </Point>
    </Placemark>
    <Placemark>
      <name>Sem Classificação</name>
      <styleUrl>#style_sem_classificação</styleUrl>
      <Point>
        <coordinates>16.673933,-11.595559,0</coordinates>
      </Point>
    </Placemark>
    <Placemark>
      <name>Sem Classificação</name>
      <styleUrl>#style_sem_classificação</styleUrl>
      <Point>
        <coordinates>16.672267,-11.586718,0</coordinates>
      </Point>
    </Placemark>
    <Placemark>
      <name>Sem Classificação</name>
      <styleUrl>#style_sem_classificação</styleUrl>
      <Point>
        <coordinates>16.668047,-11.578706,0</coordinates>
      </Point>
    </Placemark>
    <Placemark>
      <name>Sem Classificação</name>
      <styleUrl>#style_sem_classificação</styleUrl>
      <Point>
        <coordinates>16.666592,-11.569765,0</coordinates>
      </Point>
    </Placemark>
    <Placemark>
      <name>Sem Classificação</name>
      <styleUrl>#style_sem_classificação</styleUrl>
      <Point>
        <coordinates>16.666814,-11.560832,0</coordinates>
      </Point>
    </Placemark>
    <Placemark>
      <name>Sem Classificação</name>
      <styleUrl>#style_sem_classificação</styleUrl>
      <Point>
        <coordinates>16.668448,-11.551954,0</coordinates>
      </Point>
    </Placemark>
    <Placemark>
      <name>Sem Classificação</name>
      <styleUrl>#style_sem_classificação</styleUrl>
      <Point>
        <coordinates>16.667130,-11.543021,0</coordinates>
      </Point>
    </Placemark>
    <Placemark>
      <name>Sem Classificação</name>
      <styleUrl>#style_sem_classificação</styleUrl>
      <Point>
        <coordinates>16.670510,-11.534703,0</coordinates>
      </Point>
    </Placemark>
    <Placemark>
      <name>Sem Classificação</name>
      <styleUrl>#style_sem_classificação</styleUrl>
      <Point>
        <coordinates>16.674799,-11.526741,0</coordinates>
      </Point>
    </Placemark>
    <Placemark>
      <name>Sem Classificação</name>
      <styleUrl>#style_sem_classificação</styleUrl>
      <Point>
        <coordinates>16.679436,-11.518913,0</coordinates>
      </Point>
    </Placemark>
    <Placemark>
      <name>Sem Classificação</name>
      <styleUrl>#style_sem_classificação</styleUrl>
      <Point>
        <coordinates>16.683835,-11.510977,0</coordinates>
      </Point>
    </Placemark>
    <Placemark>
      <name>Sem Classificação</name>
      <styleUrl>#style_sem_classificação</styleUrl>
      <Point>
        <coordinates>16.687535,-11.502729,0</coordinates>
      </Point>
    </Placemark>
    <Placemark>
      <name>Sem Classificação</name>
      <styleUrl>#style_sem_classificação</styleUrl>
      <Point>
        <coordinates>16.691593,-11.494597,0</coordinates>
      </Point>
    </Placemark>
    <Placemark>
      <name>Sem Classificação</name>
      <styleUrl>#style_sem_classificação</styleUrl>
      <Point>
        <coordinates>16.692804,-11.491814,0</coordinates>
      </Point>
    </Placemark>
    <Placemark>
      <name>Sem Classificação</name>
      <styleUrl>#style_sem_classificação</styleUrl>
      <Point>
        <coordinates>16.692946,-11.489481,0</coordinates>
      </Point>
    </Placemark>
    <Placemark>
      <name>Sem Classificação</name>
      <styleUrl>#style_sem_classificação</styleUrl>
      <Point>
        <coordinates>16.692841,-11.488786,0</coordinates>
      </Point>
    </Placemark>
    <Placemark>
      <name>Sem Classificação</name>
      <styleUrl>#style_sem_classificação</styleUrl>
      <Point>
        <coordinates>16.693080,-11.485819,0</coordinates>
      </Point>
    </Placemark>
    <Placemark>
      <name>Sem Classificação</name>
      <styleUrl>#style_sem_classificação</styleUrl>
      <Point>
        <coordinates>16.693020,-11.485033,0</coordinates>
      </Point>
    </Placemark>
    <Placemark>
      <name>Sem Classificação</name>
      <styleUrl>#style_sem_classificação</styleUrl>
      <Point>
        <coordinates>16.694456,-11.484401,0</coordinates>
      </Point>
    </Placemark>
    <Placemark>
      <name>Sem Classificação</name>
      <styleUrl>#style_sem_classificação</styleUrl>
      <Point>
        <coordinates>16.693847,-11.483754,0</coordinates>
      </Point>
    </Placemark>
    <Placemark>
      <name>Sem Classificação</name>
      <styleUrl>#style_sem_classificação</styleUrl>
      <Point>
        <coordinates>16.684645,-11.506886,0</coordinates>
      </Point>
    </Placemark>
    <Placemark>
      <name>Sem Classificação</name>
      <styleUrl>#style_sem_classificação</styleUrl>
      <Point>
        <coordinates>16.682031,-11.515869,0</coordinates>
      </Point>
    </Placemark>
    <Placemark>
      <name>Sem Classificação</name>
      <styleUrl>#style_sem_classificação</styleUrl>
      <Point>
        <coordinates>16.694349,-11.483452,0</coordinates>
      </Point>
    </Placemark>
    <Placemark>
      <name>Sem Classificação</name>
      <styleUrl>#style_sem_classificação</styleUrl>
      <Point>
        <coordinates>16.694909,-11.483567,0</coordinates>
      </Point>
    </Placemark>
    <Placemark>
      <name>Sem Classificação</name>
      <styleUrl>#style_sem_classificação</styleUrl>
      <Point>
        <coordinates>16.706719,-11.484420,0</coordinates>
      </Point>
    </Placemark>
    <Placemark>
      <name>Sem Classificação</name>
      <styleUrl>#style_sem_classificação</styleUrl>
      <Point>
        <coordinates>16.706134,-11.484631,0</coordinates>
      </Point>
    </Placemark>
    <Placemark>
      <name>Sem Classificação</name>
      <styleUrl>#style_sem_classificação</styleUrl>
      <Point>
        <coordinates>16.705797,-11.484968,0</coordinates>
      </Point>
    </Placemark>
    <Placemark>
      <name>Sem Classificação</name>
      <styleUrl>#style_sem_classificação</styleUrl>
      <Point>
        <coordinates>16.706256,-11.485101,0</coordinates>
      </Point>
    </Placemark>
    <Placemark>
      <name>Sem Classificação</name>
      <styleUrl>#style_sem_classificação</styleUrl>
      <Point>
        <coordinates>16.739719,-11.516624,0</coordinates>
      </Point>
    </Placemark>
    <Placemark>
      <name>Sem Classificação</name>
      <styleUrl>#style_sem_classificação</styleUrl>
      <Point>
        <coordinates>16.740118,-11.517372,0</coordinates>
      </Point>
    </Placemark>
    <Placemark>
      <name>Sem Classificação</name>
      <styleUrl>#style_sem_classificação</styleUrl>
      <Point>
        <coordinates>16.739762,-11.517555,0</coordinates>
      </Point>
    </Placemark>
    <Placemark>
      <name>Sem Classificação</name>
      <styleUrl>#style_sem_classificação</styleUrl>
      <Point>
        <coordinates>16.739140,-11.517857,0</coordinates>
      </Point>
    </Placemark>
    <Placemark>
      <name>Sem Classificação</name>
      <styleUrl>#style_sem_classificação</styleUrl>
      <Point>
        <coordinates>16.780797,-11.518734,0</coordinates>
      </Point>
    </Placemark>
    <Placemark>
      <name>Sem Classificação</name>
      <styleUrl>#style_sem_classificação</styleUrl>
      <Point>
        <coordinates>16.781203,-11.519148,0</coordinates>
      </Point>
    </Placemark>
    <Placemark>
      <name>Sem Classificação</name>
      <styleUrl>#style_sem_classificação</styleUrl>
      <Point>
        <coordinates>16.781341,-11.519310,0</coordinates>
      </Point>
    </Placemark>
    <Placemark>
      <name>Sem Classificação</name>
      <styleUrl>#style_sem_classificação</styleUrl>
      <Point>
        <coordinates>16.781299,-11.519825,0</coordinates>
      </Point>
    </Placemark>
    <Placemark>
      <name>Sem Classificação</name>
      <styleUrl>#style_sem_classificação</styleUrl>
      <Point>
        <coordinates>16.843336,-11.538259,0</coordinates>
      </Point>
    </Placemark>
    <Placemark>
      <name>Sem Classificação</name>
      <styleUrl>#style_sem_classificação</styleUrl>
      <Point>
        <coordinates>16.842171,-11.538257,0</coordinates>
      </Point>
    </Placemark>
    <Placemark>
      <name>Sem Classificação</name>
      <styleUrl>#style_sem_classificação</styleUrl>
      <Point>
        <coordinates>16.841972,-11.538611,0</coordinates>
      </Point>
    </Placemark>
    <Placemark>
      <name>Sem Classificação</name>
      <styleUrl>#style_sem_classificação</styleUrl>
      <Point>
        <coordinates>16.842110,-11.538682,0</coordinates>
      </Point>
    </Placemark>
    <Placemark>
      <name>Sem Classificação</name>
      <styleUrl>#style_sem_classificação</styleUrl>
      <Point>
        <coordinates>16.870459,-11.563069,0</coordinates>
      </Point>
    </Placemark>
    <Placemark>
      <name>Sem Classificação</name>
      <styleUrl>#style_sem_classificação</styleUrl>
      <Point>
        <coordinates>16.869985,-11.563497,0</coordinates>
      </Point>
    </Placemark>
    <Placemark>
      <name>Sem Classificação</name>
      <styleUrl>#style_sem_classificação</styleUrl>
      <Point>
        <coordinates>16.871422,-11.563136,0</coordinates>
      </Point>
    </Placemark>
    <Placemark>
      <name>Sem Classificação</name>
      <styleUrl>#style_sem_classificação</styleUrl>
      <Point>
        <coordinates>16.871199,-11.564122,0</coordinates>
      </Point>
    </Placemark>
    <Placemark>
      <name>Sem Classificação</name>
      <styleUrl>#style_sem_classificação</styleUrl>
      <Point>
        <coordinates>16.922642,-11.556988,0</coordinates>
      </Point>
    </Placemark>
    <Placemark>
      <name>Sem Classificação</name>
      <styleUrl>#style_sem_classificação</styleUrl>
      <Point>
        <coordinates>16.921509,-11.557637,0</coordinates>
      </Point>
    </Placemark>
    <Placemark>
      <name>Sem Classificação</name>
      <styleUrl>#style_sem_classificação</styleUrl>
      <Point>
        <coordinates>16.921501,-11.557827,0</coordinates>
      </Point>
    </Placemark>
    <Placemark>
      <name>Sem Classificação</name>
      <styleUrl>#style_sem_classificação</styleUrl>
      <Point>
        <coordinates>16.921349,-11.558289,0</coordinates>
      </Point>
    </Placemark>
    <Placemark>
      <name>Sem Classificação</name>
      <styleUrl>#style_sem_classificação</styleUrl>
      <Point>
        <coordinates>16.940702,-11.529272,0</coordinates>
      </Point>
    </Placemark>
    <Placemark>
      <name>Sem Classificação</name>
      <styleUrl>#style_sem_classificação</styleUrl>
      <Point>
        <coordinates>16.941515,-11.528932,0</coordinates>
      </Point>
    </Placemark>
    <Placemark>
      <name>Sem Classificação</name>
      <styleUrl>#style_sem_classificação</styleUrl>
      <Point>
        <coordinates>16.941791,-11.529057,0</coordinates>
      </Point>
    </Placemark>
    <Placemark>
      <name>Sem Classificação</name>
      <styleUrl>#style_sem_classificação</styleUrl>
      <Point>
        <coordinates>16.942488,-11.529079,0</coordinates>
      </Point>
    </Placemark>
    <Placemark>
      <name>Sem Classificação</name>
      <styleUrl>#style_sem_classificação</styleUrl>
      <Point>
        <coordinates>16.948452,-11.486141,0</coordinates>
      </Point>
    </Placemark>
    <Placemark>
      <name>Sem Classificação</name>
      <styleUrl>#style_sem_classificação</styleUrl>
      <Point>
        <coordinates>16.948979,-11.486788,0</coordinates>
      </Point>
    </Placemark>
    <Placemark>
      <name>Sem Classificação</name>
      <styleUrl>#style_sem_classificação</styleUrl>
      <Point>
        <coordinates>16.949227,-11.486841,0</coordinates>
      </Point>
    </Placemark>
    <Placemark>
      <name>Sem Classificação</name>
      <styleUrl>#style_sem_classificação</styleUrl>
      <Point>
        <coordinates>16.949406,-11.487482,0</coordinates>
      </Point>
    </Placemark>
    <Placemark>
      <name>Sem Classificação</name>
      <styleUrl>#style_sem_classificação</styleUrl>
      <Point>
        <coordinates>16.948290,-12.333722,0</coordinates>
      </Point>
    </Placemark>
    <Placemark>
      <name>Sem Classificação</name>
      <styleUrl>#style_sem_classificação</styleUrl>
      <Point>
        <coordinates>16.948943,-12.333690,0</coordinates>
      </Point>
    </Placemark>
    <Placemark>
      <name>Sem Classificação</name>
      <styleUrl>#style_sem_classificação</styleUrl>
      <Point>
        <coordinates>16.948919,-12.334250,0</coordinates>
      </Point>
    </Placemark>
    <Placemark>
      <name>Sem Classificação</name>
      <styleUrl>#style_sem_classificação</styleUrl>
      <Point>
        <coordinates>16.949763,-12.333991,0</coordinates>
      </Point>
    </Placemark>
    <Placemark>
      <name>Sem Classificação</name>
      <styleUrl>#style_sem_classificação</styleUrl>
      <Point>
        <coordinates>16.995892,-12.318211,0</coordinates>
      </Point>
    </Placemark>
    <Placemark>
      <name>Sem Classificação</name>
      <styleUrl>#style_sem_classificação</styleUrl>
      <Point>
        <coordinates>16.996262,-12.318543,0</coordinates>
      </Point>
    </Placemark>
    <Placemark>
      <name>Sem Classificação</name>
      <styleUrl>#style_sem_classificação</styleUrl>
      <Point>
        <coordinates>16.996847,-12.318042,0</coordinates>
      </Point>
    </Placemark>
    <Placemark>
      <name>Sem Classificação</name>
      <styleUrl>#style_sem_classificação</styleUrl>
      <Point>
        <coordinates>16.996890,-12.317662,0</coordinates>
      </Point>
    </Placemark>
    <Placemark>
      <name>Sem Classificação</name>
      <styleUrl>#style_sem_classificação</styleUrl>
      <Point>
        <coordinates>17.021295,-12.306971,0</coordinates>
      </Point>
    </Placemark>
    <Placemark>
      <name>Sem Classificação</name>
      <styleUrl>#style_sem_classificação</styleUrl>
      <Point>
        <coordinates>17.020990,-12.306702,0</coordinates>
      </Point>
    </Placemark>
    <Placemark>
      <name>Sem Classificação</name>
      <styleUrl>#style_sem_classificação</styleUrl>
      <Point>
        <coordinates>17.021504,-12.306599,0</coordinates>
      </Point>
    </Placemark>
    <Placemark>
      <name>Sem Classificação</name>
      <styleUrl>#style_sem_classificação</styleUrl>
      <Point>
        <coordinates>17.022062,-12.306215,0</coordinates>
      </Point>
    </Placemark>
    <Placemark>
      <name>Sem Classificação</name>
      <styleUrl>#style_sem_classificação</styleUrl>
      <Point>
        <coordinates>17.042725,-12.296879,0</coordinates>
      </Point>
    </Placemark>
    <Placemark>
      <name>Sem Classificação</name>
      <styleUrl>#style_sem_classificação</styleUrl>
      <Point>
        <coordinates>17.042474,-12.296510,0</coordinates>
      </Point>
    </Placemark>
    <Placemark>
      <name>Sem Classificação</name>
      <styleUrl>#style_sem_classificação</styleUrl>
      <Point>
        <coordinates>17.043493,-12.296295,0</coordinates>
      </Point>
    </Placemark>
    <Placemark>
      <name>Sem Classificação</name>
      <styleUrl>#style_sem_classificação</styleUrl>
      <Point>
        <coordinates>17.043482,-12.296033,0</coordinates>
      </Point>
    </Placemark>
    <Placemark>
      <name>Sem Classificação</name>
      <styleUrl>#style_sem_classificação</styleUrl>
      <Point>
        <coordinates>17.072172,-12.289716,0</coordinates>
      </Point>
    </Placemark>
    <Placemark>
      <name>Sem Classificação</name>
      <styleUrl>#style_sem_classificação</styleUrl>
      <Point>
        <coordinates>17.072514,-12.289885,0</coordinates>
      </Point>
    </Placemark>
    <Placemark>
      <name>Sem Classificação</name>
      <styleUrl>#style_sem_classificação</styleUrl>
      <Point>
        <coordinates>17.072546,-12.289388,0</coordinates>
      </Point>
    </Placemark>
    <Placemark>
      <name>Sem Classificação</name>
      <styleUrl>#style_sem_classificação</styleUrl>
      <Point>
        <coordinates>17.073135,-12.289429,0</coordinates>
      </Point>
    </Placemark>
    <Placemark>
      <name>Sem Classificação</name>
      <styleUrl>#style_sem_classificação</styleUrl>
      <Point>
        <coordinates>17.079960,-12.287823,0</coordinates>
      </Point>
    </Placemark>
    <Placemark>
      <name>Sem Classificação</name>
      <styleUrl>#style_sem_classificação</styleUrl>
      <Point>
        <coordinates>17.080021,-12.287352,0</coordinates>
      </Point>
    </Placemark>
    <Placemark>
      <name>Sem Classificação</name>
      <styleUrl>#style_sem_classificação</styleUrl>
      <Point>
        <coordinates>17.080492,-12.287701,0</coordinates>
      </Point>
    </Placemark>
    <Placemark>
      <name>Sem Classificação</name>
      <styleUrl>#style_sem_classificação</styleUrl>
      <Point>
        <coordinates>17.080938,-12.287083,0</coordinates>
      </Point>
    </Placemark>
    <Placemark>
      <name>Sem Classificação</name>
      <styleUrl>#style_sem_classificação</styleUrl>
      <Point>
        <coordinates>17.147933,-12.250606,0</coordinates>
      </Point>
    </Placemark>
    <Placemark>
      <name>Sem Classificação</name>
      <styleUrl>#style_sem_classificação</styleUrl>
      <Point>
        <coordinates>17.147975,-12.250090,0</coordinates>
      </Point>
    </Placemark>
    <Placemark>
      <name>Sem Classificação</name>
      <styleUrl>#style_sem_classificação</styleUrl>
      <Point>
        <coordinates>17.148748,-12.250193,0</coordinates>
      </Point>
    </Placemark>
    <Placemark>
      <name>Sem Classificação</name>
      <styleUrl>#style_sem_classificação</styleUrl>
      <Point>
        <coordinates>17.148865,-12.249857,0</coordinates>
      </Point>
    </Placemark>
    <Placemark>
      <name>Sem Classificação</name>
      <styleUrl>#style_sem_classificação</styleUrl>
      <Point>
        <coordinates>17.314513,-12.121737,0</coordinates>
      </Point>
    </Placemark>
    <Placemark>
      <name>Sem Classificação</name>
      <styleUrl>#style_sem_classificação</styleUrl>
      <Point>
        <coordinates>17.314161,-12.121469,0</coordinates>
      </Point>
    </Placemark>
    <Placemark>
      <name>Sem Classificação</name>
      <styleUrl>#style_sem_classificação</styleUrl>
      <Point>
        <coordinates>17.315141,-12.121108,0</coordinates>
      </Point>
    </Placemark>
    <Placemark>
      <name>Sem Classificação</name>
      <styleUrl>#style_sem_classificação</styleUrl>
      <Point>
        <coordinates>17.315073,-12.120657,0</coordinates>
      </Point>
    </Placemark>
    <Placemark>
      <name>Sem Classificação</name>
      <styleUrl>#style_sem_classificação</styleUrl>
      <Point>
        <coordinates>17.358700,-12.089033,0</coordinates>
      </Point>
    </Placemark>
    <Placemark>
      <name>Sem Classificação</name>
      <styleUrl>#style_sem_classificação</styleUrl>
      <Point>
        <coordinates>17.359122,-12.088939,0</coordinates>
      </Point>
    </Placemark>
    <Placemark>
      <name>Sem Classificação</name>
      <styleUrl>#style_sem_classificação</styleUrl>
      <Point>
        <coordinates>17.358852,-12.088489,0</coordinates>
      </Point>
    </Placemark>
    <Placemark>
      <name>Sem Classificação</name>
      <styleUrl>#style_sem_classificação</styleUrl>
      <Point>
        <coordinates>17.359738,-12.087985,0</coordinates>
      </Point>
    </Placemark>
    <Placemark>
      <name>Sem Classificação</name>
      <styleUrl>#style_sem_classificação</styleUrl>
      <Point>
        <coordinates>17.377064,-12.079596,0</coordinates>
      </Point>
    </Placemark>
    <Placemark>
      <name>Sem Classificação</name>
      <styleUrl>#style_sem_classificação</styleUrl>
      <Point>
        <coordinates>17.376712,-12.079310,0</coordinates>
      </Point>
    </Placemark>
    <Placemark>
      <name>Sem Classificação</name>
      <styleUrl>#style_sem_classificação</styleUrl>
      <Point>
        <coordinates>17.377628,-12.079103,0</coordinates>
      </Point>
    </Placemark>
    <Placemark>
      <name>Sem Classificação</name>
      <styleUrl>#style_sem_classificação</styleUrl>
      <Point>
        <coordinates>17.377725,-12.078624,0</coordinates>
      </Point>
    </Placemark>
    <Placemark>
      <name>Sem Classificação</name>
      <styleUrl>#style_sem_classificação</styleUrl>
      <Point>
        <coordinates>17.430654,-12.051899,0</coordinates>
      </Point>
    </Placemark>
    <Placemark>
      <name>Sem Classificação</name>
      <styleUrl>#style_sem_classificação</styleUrl>
      <Point>
        <coordinates>17.431160,-12.052012,0</coordinates>
      </Point>
    </Placemark>
    <Placemark>
      <name>Sem Classificação</name>
      <styleUrl>#style_sem_classificação</styleUrl>
      <Point>
        <coordinates>17.431694,-12.051167,0</coordinates>
      </Point>
    </Placemark>
    <Placemark>
      <name>Sem Classificação</name>
      <styleUrl>#style_sem_classificação</styleUrl>
      <Point>
        <coordinates>17.431426,-12.050970,0</coordinates>
      </Point>
    </Placemark>
    <Placemark>
      <name>Sem Classificação</name>
      <styleUrl>#style_sem_classificação</styleUrl>
      <Point>
        <coordinates>17.390721,-12.072901,0</coordinates>
      </Point>
    </Placemark>
    <Placemark>
      <name>Sem Classificação</name>
      <styleUrl>#style_sem_classificação</styleUrl>
      <Point>
        <coordinates>17.390419,-12.072939,0</coordinates>
      </Point>
    </Placemark>
    <Placemark>
      <name>Sem Classificação</name>
      <styleUrl>#style_sem_classificação</styleUrl>
      <Point>
        <coordinates>17.390278,-12.072633,0</coordinates>
      </Point>
    </Placemark>
    <Placemark>
      <name>Sem Classificação</name>
      <styleUrl>#style_sem_classificação</styleUrl>
      <Point>
        <coordinates>17.391484,-12.071963,0</coordinates>
      </Point>
    </Placemark>
    <Placemark>
      <name>Sem Classificação</name>
      <styleUrl>#style_sem_classificação</styleUrl>
      <Point>
        <coordinates>17.426106,-12.055562,0</coordinates>
      </Point>
    </Placemark>
    <Placemark>
      <name>Sem Classificação</name>
      <styleUrl>#style_sem_classificação</styleUrl>
      <Point>
        <coordinates>17.425672,-12.055322,0</coordinates>
      </Point>
    </Placemark>
    <Placemark>
      <name>Sem Classificação</name>
      <styleUrl>#style_sem_classificação</styleUrl>
      <Point>
        <coordinates>17.426699,-12.055186,0</coordinates>
      </Point>
    </Placemark>
    <Placemark>
      <name>Sem Classificação</name>
      <styleUrl>#style_sem_classificação</styleUrl>
      <Point>
        <coordinates>17.426785,-12.054481,0</coordinates>
      </Point>
    </Placemark>
    <Placemark>
      <name>Sem Classificação</name>
      <styleUrl>#style_sem_classificação</styleUrl>
      <Point>
        <coordinates>17.623332,-12.002258,0</coordinates>
      </Point>
    </Placemark>
    <Placemark>
      <name>Sem Classificação</name>
      <styleUrl>#style_sem_classificação</styleUrl>
      <Point>
        <coordinates>17.624719,-12.002390,0</coordinates>
      </Point>
    </Placemark>
    <Placemark>
      <name>Sem Classificação</name>
      <styleUrl>#style_sem_classificação</styleUrl>
      <Point>
        <coordinates>17.624774,-12.003266,0</coordinates>
      </Point>
    </Placemark>
    <Placemark>
      <name>Sem Classificação</name>
      <styleUrl>#style_sem_classificação</styleUrl>
      <Point>
        <coordinates>17.623339,-12.003921,0</coordinates>
      </Point>
    </Placemark>
    <Placemark>
      <name>Sem Classificação</name>
      <styleUrl>#style_sem_classificação</styleUrl>
      <Point>
        <coordinates>21.433336,-18.024773,0</coordinates>
      </Point>
    </Placemark>
    <Placemark>
      <name>Sem Classificação</name>
      <styleUrl>#style_sem_classificação</styleUrl>
      <Point>
        <coordinates>21.525999,-18.007352,0</coordinates>
      </Point>
    </Placemark>
    <Placemark>
      <name>Sem Classificação</name>
      <styleUrl>#style_sem_classificação</styleUrl>
      <Point>
        <coordinates>21.618625,-17.989870,0</coordinates>
      </Point>
    </Placemark>
    <Placemark>
      <name>Sem Classificação</name>
      <styleUrl>#style_sem_classificação</styleUrl>
      <Point>
        <coordinates>21.711325,-17.972325,0</coordinates>
      </Point>
    </Placemark>
    <Placemark>
      <name>Sem Classificação</name>
      <styleUrl>#style_sem_classificação</styleUrl>
      <Point>
        <coordinates>21.803778,-17.954792,0</coordinates>
      </Point>
    </Placemark>
    <Placemark>
      <name>Sem Classificação</name>
      <styleUrl>#style_sem_classificação</styleUrl>
      <Point>
        <coordinates>21.895816,-17.937335,0</coordinates>
      </Point>
    </Placemark>
    <Placemark>
      <name>Sem Classificação</name>
      <styleUrl>#style_sem_classificação</styleUrl>
      <Point>
        <coordinates>21.988370,-17.919571,0</coordinates>
      </Point>
    </Placemark>
    <Placemark>
      <name>Sem Classificação</name>
      <styleUrl>#style_sem_classificação</styleUrl>
      <Point>
        <coordinates>22.080913,-17.901817,0</coordinates>
      </Point>
    </Placemark>
    <Placemark>
      <name>Sem Classificação</name>
      <styleUrl>#style_sem_classificação</styleUrl>
      <Point>
        <coordinates>22.173898,-17.883990,0</coordinates>
      </Point>
    </Placemark>
    <Placemark>
      <name>Sem Classificação</name>
      <styleUrl>#style_sem_classificação</styleUrl>
      <Point>
        <coordinates>22.266418,-17.866186,0</coordinates>
      </Point>
    </Placemark>
    <Placemark>
      <name>Sem Classificação</name>
      <styleUrl>#style_sem_classificação</styleUrl>
      <Point>
        <coordinates>22.358897,-17.848286,0</coordinates>
      </Point>
    </Placemark>
    <Placemark>
      <name>Sem Classificação</name>
      <styleUrl>#style_sem_classificação</styleUrl>
      <Point>
        <coordinates>22.451347,-17.830424,0</coordinates>
      </Point>
    </Placemark>
    <Placemark>
      <name>Sem Classificação</name>
      <styleUrl>#style_sem_classificação</styleUrl>
      <Point>
        <coordinates>22.543859,-17.812510,0</coordinates>
      </Point>
    </Placemark>
    <Placemark>
      <name>Sem Classificação</name>
      <styleUrl>#style_sem_classificação</styleUrl>
      <Point>
        <coordinates>22.630258,-17.787520,0</coordinates>
      </Point>
    </Placemark>
    <Placemark>
      <name>Sem Classificação</name>
      <styleUrl>#style_sem_classificação</styleUrl>
      <Point>
        <coordinates>22.636333,-17.706643,0</coordinates>
      </Point>
    </Placemark>
    <Placemark>
      <name>Sem Classificação</name>
      <styleUrl>#style_sem_classificação</styleUrl>
      <Point>
        <coordinates>22.681179,-17.636635,0</coordinates>
      </Point>
    </Placemark>
    <Placemark>
      <name>Sem Classificação</name>
      <styleUrl>#style_sem_classificação</styleUrl>
      <Point>
        <coordinates>22.733885,-17.575387,0</coordinates>
      </Point>
    </Placemark>
    <Placemark>
      <name>Sem Classificação</name>
      <styleUrl>#style_sem_classificação</styleUrl>
      <Point>
        <coordinates>22.730633,-17.505760,0</coordinates>
      </Point>
    </Placemark>
    <Placemark>
      <name>Sem Classificação</name>
      <styleUrl>#style_sem_classificação</styleUrl>
      <Point>
        <coordinates>22.798213,-17.456557,0</coordinates>
      </Point>
    </Placemark>
    <Placemark>
      <name>Sem Classificação</name>
      <styleUrl>#style_sem_classificação</styleUrl>
      <Point>
        <coordinates>22.847892,-17.382826,0</coordinates>
      </Point>
    </Placemark>
    <Placemark>
      <name>Sem Classificação</name>
      <styleUrl>#style_sem_classificação</styleUrl>
      <Point>
        <coordinates>19.899550,-17.861491,0</coordinates>
      </Point>
    </Placemark>
    <Placemark>
      <name>Sem Classificação</name>
      <styleUrl>#style_sem_classificação</styleUrl>
      <Point>
        <coordinates>19.899559,-17.861500,0</coordinates>
      </Point>
    </Placemark>
    <Placemark>
      <name>Sem Classificação</name>
      <styleUrl>#style_sem_classificação</styleUrl>
      <Point>
        <coordinates>19.899559,-17.861491,0</coordinates>
      </Point>
    </Placemark>
    <Placemark>
      <name>Sem Classificação</name>
      <styleUrl>#style_sem_classificação</styleUrl>
      <Point>
        <coordinates>19.899540,-17.861509,0</coordinates>
      </Point>
    </Placemark>
    <Placemark>
      <name>Sem Classificação</name>
      <styleUrl>#style_sem_classificação</styleUrl>
      <Point>
        <coordinates>19.999891,-17.876528,0</coordinates>
      </Point>
    </Placemark>
    <Placemark>
      <name>Sem Classificação</name>
      <styleUrl>#style_sem_classificação</styleUrl>
      <Point>
        <coordinates>19.999947,-17.876582,0</coordinates>
      </Point>
    </Placemark>
    <Placemark>
      <name>Sem Classificação</name>
      <styleUrl>#style_sem_classificação</styleUrl>
      <Point>
        <coordinates>19.999891,-17.876564,0</coordinates>
      </Point>
    </Placemark>
    <Placemark>
      <name>Sem Classificação</name>
      <styleUrl>#style_sem_classificação</styleUrl>
      <Point>
        <coordinates>19.999929,-17.876555,0</coordinates>
      </Point>
    </Placemark>
    <Placemark>
      <name>Sem Classificação</name>
      <styleUrl>#style_sem_classificação</styleUrl>
      <Point>
        <coordinates>20.081840,-17.886981,0</coordinates>
      </Point>
    </Placemark>
    <Placemark>
      <name>Sem Classificação</name>
      <styleUrl>#style_sem_classificação</styleUrl>
      <Point>
        <coordinates>20.081783,-17.887008,0</coordinates>
      </Point>
    </Placemark>
    <Placemark>
      <name>Sem Classificação</name>
      <styleUrl>#style_sem_classificação</styleUrl>
      <Point>
        <coordinates>20.081821,-17.887017,0</coordinates>
      </Point>
    </Placemark>
    <Placemark>
      <name>Sem Classificação</name>
      <styleUrl>#style_sem_classificação</styleUrl>
      <Point>
        <coordinates>20.081868,-17.887008,0</coordinates>
      </Point>
    </Placemark>
    <Placemark>
      <name>Sem Classificação</name>
      <styleUrl>#style_sem_classificação</styleUrl>
      <Point>
        <coordinates>20.158454,-17.881823,0</coordinates>
      </Point>
    </Placemark>
    <Placemark>
      <name>Sem Classificação</name>
      <styleUrl>#style_sem_classificação</styleUrl>
      <Point>
        <coordinates>20.158370,-17.881633,0</coordinates>
      </Point>
    </Placemark>
    <Placemark>
      <name>Sem Classificação</name>
      <styleUrl>#style_sem_classificação</styleUrl>
      <Point>
        <coordinates>20.158625,-17.881661,0</coordinates>
      </Point>
    </Placemark>
    <Placemark>
      <name>Sem Classificação</name>
      <styleUrl>#style_sem_classificação</styleUrl>
      <Point>
        <coordinates>20.158285,-17.881750,0</coordinates>
      </Point>
    </Placemark>
    <Placemark>
      <name>Sem Classificação</name>
      <styleUrl>#style_sem_classificação</styleUrl>
      <Point>
        <coordinates>20.251893,-17.872831,0</coordinates>
      </Point>
    </Placemark>
    <Placemark>
      <name>Sem Classificação</name>
      <styleUrl>#style_sem_classificação</styleUrl>
      <Point>
        <coordinates>20.251959,-17.872850,0</coordinates>
      </Point>
    </Placemark>
    <Placemark>
      <name>Sem Classificação</name>
      <styleUrl>#style_sem_classificação</styleUrl>
      <Point>
        <coordinates>20.251874,-17.872913,0</coordinates>
      </Point>
    </Placemark>
    <Placemark>
      <name>Sem Classificação</name>
      <styleUrl>#style_sem_classificação</styleUrl>
      <Point>
        <coordinates>20.251893,-17.872868,0</coordinates>
      </Point>
    </Placemark>
    <Placemark>
      <name>Sem Classificação</name>
      <styleUrl>#style_sem_classificação</styleUrl>
      <Point>
        <coordinates>20.331770,-17.863884,0</coordinates>
      </Point>
    </Placemark>
    <Placemark>
      <name>Sem Classificação</name>
      <styleUrl>#style_sem_classificação</styleUrl>
      <Point>
        <coordinates>20.331807,-17.863912,0</coordinates>
      </Point>
    </Placemark>
    <Placemark>
      <name>Sem Classificação</name>
      <styleUrl>#style_sem_classificação</styleUrl>
      <Point>
        <coordinates>20.331779,-17.863921,0</coordinates>
      </Point>
    </Placemark>
    <Placemark>
      <name>Sem Classificação</name>
      <styleUrl>#style_sem_classificação</styleUrl>
      <Point>
        <coordinates>20.331713,-17.863893,0</coordinates>
      </Point>
    </Placemark>
    <Placemark>
      <name>Sem Classificação</name>
      <styleUrl>#style_sem_classificação</styleUrl>
      <Point>
        <coordinates>20.421998,-17.900182,0</coordinates>
      </Point>
    </Placemark>
    <Placemark>
      <name>Sem Classificação</name>
      <styleUrl>#style_sem_classificação</styleUrl>
      <Point>
        <coordinates>20.422017,-17.900182,0</coordinates>
      </Point>
    </Placemark>
    <Placemark>
      <name>Sem Classificação</name>
      <styleUrl>#style_sem_classificação</styleUrl>
      <Point>
        <coordinates>20.421998,-17.900182,0</coordinates>
      </Point>
    </Placemark>
    <Placemark>
      <name>Sem Classificação</name>
      <styleUrl>#style_sem_classificação</styleUrl>
      <Point>
        <coordinates>20.422007,-17.900182,0</coordinates>
      </Point>
    </Placemark>
    <Placemark>
      <name>Sem Classificação</name>
      <styleUrl>#style_sem_classificação</styleUrl>
      <Point>
        <coordinates>20.483713,-17.935325,0</coordinates>
      </Point>
    </Placemark>
    <Placemark>
      <name>Sem Classificação</name>
      <styleUrl>#style_sem_classificação</styleUrl>
      <Point>
        <coordinates>20.483666,-17.935279,0</coordinates>
      </Point>
    </Placemark>
    <Placemark>
      <name>Sem Classificação</name>
      <styleUrl>#style_sem_classificação</styleUrl>
      <Point>
        <coordinates>20.483741,-17.935334,0</coordinates>
      </Point>
    </Placemark>
    <Placemark>
      <name>Sem Classificação</name>
      <styleUrl>#style_sem_classificação</styleUrl>
      <Point>
        <coordinates>20.483666,-17.935343,0</coordinates>
      </Point>
    </Placemark>
    <Placemark>
      <name>Sem Classificação</name>
      <styleUrl>#style_sem_classificação</styleUrl>
      <Point>
        <coordinates>20.579203,-17.968093,0</coordinates>
      </Point>
    </Placemark>
    <Placemark>
      <name>Sem Classificação</name>
      <styleUrl>#style_sem_classificação</styleUrl>
      <Point>
        <coordinates>20.579307,-17.967967,0</coordinates>
      </Point>
    </Placemark>
    <Placemark>
      <name>Sem Classificação</name>
      <styleUrl>#style_sem_classificação</styleUrl>
      <Point>
        <coordinates>20.579147,-17.968039,0</coordinates>
      </Point>
    </Placemark>
    <Placemark>
      <name>Sem Classificação</name>
      <styleUrl>#style_sem_classificação</styleUrl>
      <Point>
        <coordinates>20.579250,-17.968066,0</coordinates>
      </Point>
    </Placemark>
    <Placemark>
      <name>Sem Classificação</name>
      <styleUrl>#style_sem_classificação</styleUrl>
      <Point>
        <coordinates>20.672963,-17.980078,0</coordinates>
      </Point>
    </Placemark>
    <Placemark>
      <name>Sem Classificação</name>
      <styleUrl>#style_sem_classificação</styleUrl>
      <Point>
        <coordinates>20.672963,-17.980115,0</coordinates>
      </Point>
    </Placemark>
    <Placemark>
      <name>Sem Classificação</name>
      <styleUrl>#style_sem_classificação</styleUrl>
      <Point>
        <coordinates>20.673010,-17.980097,0</coordinates>
      </Point>
    </Placemark>
    <Placemark>
      <name>Sem Classificação</name>
      <styleUrl>#style_sem_classificação</styleUrl>
      <Point>
        <coordinates>20.672982,-17.980069,0</coordinates>
      </Point>
    </Placemark>
    <Placemark>
      <name>Sem Classificação</name>
      <styleUrl>#style_sem_classificação</styleUrl>
      <Point>
        <coordinates>17.747677,-14.664426,0</coordinates>
      </Point>
    </Placemark>
    <Placemark>
      <name>Sem Classificação</name>
      <styleUrl>#style_sem_classificação</styleUrl>
      <Point>
        <coordinates>17.747667,-14.664399,0</coordinates>
      </Point>
    </Placemark>
    <Placemark>
      <name>Sem Classificação</name>
      <styleUrl>#style_sem_classificação</styleUrl>
      <Point>
        <coordinates>17.747640,-14.664417,0</coordinates>
      </Point>
    </Placemark>
    <Placemark>
      <name>Sem Classificação</name>
      <styleUrl>#style_sem_classificação</styleUrl>
      <Point>
        <coordinates>17.747695,-14.664425,0</coordinates>
      </Point>
    </Placemark>
    <Placemark>
      <name>Sem Classificação</name>
      <styleUrl>#style_sem_classificação</styleUrl>
      <Point>
        <coordinates>17.918359,-14.598267,0</coordinates>
      </Point>
    </Placemark>
    <Placemark>
      <name>Sem Classificação</name>
      <styleUrl>#style_sem_classificação</styleUrl>
      <Point>
        <coordinates>17.918388,-14.598330,0</coordinates>
      </Point>
    </Placemark>
    <Placemark>
      <name>Sem Classificação</name>
      <styleUrl>#style_sem_classificação</styleUrl>
      <Point>
        <coordinates>17.918434,-14.598303,0</coordinates>
      </Point>
    </Placemark>
    <Placemark>
      <name>Sem Classificação</name>
      <styleUrl>#style_sem_classificação</styleUrl>
      <Point>
        <coordinates>17.918304,-14.598313,0</coordinates>
      </Point>
    </Placemark>
    <Placemark>
      <name>Sem Classificação</name>
      <styleUrl>#style_sem_classificação</styleUrl>
      <Point>
        <coordinates>12.008536,-14.585240,0</coordinates>
      </Point>
    </Placemark>
    <Placemark>
      <name>Sem Classificação</name>
      <styleUrl>#style_sem_classificação</styleUrl>
      <Point>
        <coordinates>12.008489,-14.585267,0</coordinates>
      </Point>
    </Placemark>
    <Placemark>
      <name>Sem Classificação</name>
      <styleUrl>#style_sem_classificação</styleUrl>
      <Point>
        <coordinates>12.008573,-14.585268,0</coordinates>
      </Point>
    </Placemark>
    <Placemark>
      <name>Sem Classificação</name>
      <styleUrl>#style_sem_classificação</styleUrl>
      <Point>
        <coordinates>12.008406,-14.585257,0</coordinates>
      </Point>
    </Placemark>
    <Placemark>
      <name>Sem Classificação</name>
      <styleUrl>#style_sem_classificação</styleUrl>
      <Point>
        <coordinates>12.101119,-14.598772,0</coordinates>
      </Point>
    </Placemark>
    <Placemark>
      <name>Sem Classificação</name>
      <styleUrl>#style_sem_classificação</styleUrl>
      <Point>
        <coordinates>12.101155,-14.598854,0</coordinates>
      </Point>
    </Placemark>
    <Placemark>
      <name>Sem Classificação</name>
      <styleUrl>#style_sem_classificação</styleUrl>
      <Point>
        <coordinates>12.101016,-14.598861,0</coordinates>
      </Point>
    </Placemark>
    <Placemark>
      <name>Sem Classificação</name>
      <styleUrl>#style_sem_classificação</styleUrl>
      <Point>
        <coordinates>12.100905,-14.598851,0</coordinates>
      </Point>
    </Placemark>
    <Placemark>
      <name>Sem Classificação</name>
      <styleUrl>#style_sem_classificação</styleUrl>
      <Point>
        <coordinates>12.195987,-14.588615,0</coordinates>
      </Point>
    </Placemark>
    <Placemark>
      <name>Sem Classificação</name>
      <styleUrl>#style_sem_classificação</styleUrl>
      <Point>
        <coordinates>12.196023,-14.588634,0</coordinates>
      </Point>
    </Placemark>
    <Placemark>
      <name>Sem Classificação</name>
      <styleUrl>#style_sem_classificação</styleUrl>
      <Point>
        <coordinates>12.195912,-14.588650,0</coordinates>
      </Point>
    </Placemark>
    <Placemark>
      <name>Sem Classificação</name>
      <styleUrl>#style_sem_classificação</styleUrl>
      <Point>
        <coordinates>12.195976,-14.588687,0</coordinates>
      </Point>
    </Placemark>
    <Placemark>
      <name>Sem Classificação</name>
      <styleUrl>#style_sem_classificação</styleUrl>
      <Point>
        <coordinates>12.288660,-14.590135,0</coordinates>
      </Point>
    </Placemark>
    <Placemark>
      <name>Sem Classificação</name>
      <styleUrl>#style_sem_classificação</styleUrl>
      <Point>
        <coordinates>12.288649,-14.590207,0</coordinates>
      </Point>
    </Placemark>
    <Placemark>
      <name>Sem Classificação</name>
      <styleUrl>#style_sem_classificação</styleUrl>
      <Point>
        <coordinates>12.288696,-14.590198,0</coordinates>
      </Point>
    </Placemark>
    <Placemark>
      <name>Sem Classificação</name>
      <styleUrl>#style_sem_classificação</styleUrl>
      <Point>
        <coordinates>12.288733,-14.590181,0</coordinates>
      </Point>
    </Placemark>
    <Placemark>
      <name>Sem Classificação</name>
      <styleUrl>#style_sem_classificação</styleUrl>
      <Point>
        <coordinates>12.379468,-14.590702,0</coordinates>
      </Point>
    </Placemark>
    <Placemark>
      <name>Sem Classificação</name>
      <styleUrl>#style_sem_classificação</styleUrl>
      <Point>
        <coordinates>12.379458,-14.590756,0</coordinates>
      </Point>
    </Placemark>
    <Placemark>
      <name>Sem Classificação</name>
      <styleUrl>#style_sem_classificação</styleUrl>
      <Point>
        <coordinates>12.379403,-14.590765,0</coordinates>
      </Point>
    </Placemark>
    <Placemark>
      <name>Sem Classificação</name>
      <styleUrl>#style_sem_classificação</styleUrl>
      <Point>
        <coordinates>12.379504,-14.590784,0</coordinates>
      </Point>
    </Placemark>
    <Placemark>
      <name>Sem Classificação</name>
      <styleUrl>#style_sem_classificação</styleUrl>
      <Point>
        <coordinates>12.474215,-14.606824,0</coordinates>
      </Point>
    </Placemark>
    <Placemark>
      <name>Sem Classificação</name>
      <styleUrl>#style_sem_classificação</styleUrl>
      <Point>
        <coordinates>12.474216,-14.606761,0</coordinates>
      </Point>
    </Placemark>
    <Placemark>
      <name>Sem Classificação</name>
      <styleUrl>#style_sem_classificação</styleUrl>
      <Point>
        <coordinates>12.474206,-14.606788,0</coordinates>
      </Point>
    </Placemark>
    <Placemark>
      <name>Sem Classificação</name>
      <styleUrl>#style_sem_classificação</styleUrl>
      <Point>
        <coordinates>12.474271,-14.606780,0</coordinates>
      </Point>
    </Placemark>
    <Placemark>
      <name>Sem Classificação</name>
      <styleUrl>#style_sem_classificação</styleUrl>
      <Point>
        <coordinates>17.472622,-15.738242,0</coordinates>
      </Point>
    </Placemark>
    <Placemark>
      <name>Sem Classificação</name>
      <styleUrl>#style_sem_classificação</styleUrl>
      <Point>
        <coordinates>17.472613,-15.738278,0</coordinates>
      </Point>
    </Placemark>
    <Placemark>
      <name>Sem Classificação</name>
      <styleUrl>#style_sem_classificação</styleUrl>
      <Point>
        <coordinates>17.472632,-15.738260,0</coordinates>
      </Point>
    </Placemark>
    <Placemark>
      <name>Sem Classificação</name>
      <styleUrl>#style_sem_classificação</styleUrl>
      <Point>
        <coordinates>17.472594,-15.738242,0</coordinates>
      </Point>
    </Placemark>
    <Placemark>
      <name>Sem Classificação</name>
      <styleUrl>#style_sem_classificação</styleUrl>
      <Point>
        <coordinates>17.524564,-15.775992,0</coordinates>
      </Point>
    </Placemark>
    <Placemark>
      <name>Sem Classificação</name>
      <styleUrl>#style_sem_classificação</styleUrl>
      <Point>
        <coordinates>17.524565,-15.776101,0</coordinates>
      </Point>
    </Placemark>
    <Placemark>
      <name>Sem Classificação</name>
      <styleUrl>#style_sem_classificação</styleUrl>
      <Point>
        <coordinates>17.524732,-15.776035,0</coordinates>
      </Point>
    </Placemark>
    <Placemark>
      <name>Sem Classificação</name>
      <styleUrl>#style_sem_classificação</styleUrl>
      <Point>
        <coordinates>17.524713,-15.775990,0</coordinates>
      </Point>
    </Placemark>
    <Placemark>
      <name>Sem Classificação</name>
      <styleUrl>#style_sem_classificação</styleUrl>
      <Point>
        <coordinates>17.545828,-15.792862,0</coordinates>
      </Point>
    </Placemark>
    <Placemark>
      <name>Sem Classificação</name>
      <styleUrl>#style_sem_classificação</styleUrl>
      <Point>
        <coordinates>17.545893,-15.792798,0</coordinates>
      </Point>
    </Placemark>
    <Placemark>
      <name>Sem Classificação</name>
      <styleUrl>#style_sem_classificação</styleUrl>
      <Point>
        <coordinates>17.546053,-15.792886,0</coordinates>
      </Point>
    </Placemark>
    <Placemark>
      <name>Sem Classificação</name>
      <styleUrl>#style_sem_classificação</styleUrl>
      <Point>
        <coordinates>17.545988,-15.792977,0</coordinates>
      </Point>
    </Placemark>
    <Placemark>
      <name>Sem Classificação</name>
      <styleUrl>#style_sem_classificação</styleUrl>
      <Point>
        <coordinates>17.582311,-15.866066,0</coordinates>
      </Point>
    </Placemark>
    <Placemark>
      <name>Sem Classificação</name>
      <styleUrl>#style_sem_classificação</styleUrl>
      <Point>
        <coordinates>17.582338,-15.865939,0</coordinates>
      </Point>
    </Placemark>
    <Placemark>
      <name>Sem Classificação</name>
      <styleUrl>#style_sem_classificação</styleUrl>
      <Point>
        <coordinates>17.582525,-15.865982,0</coordinates>
      </Point>
    </Placemark>
    <Placemark>
      <name>Sem Classificação</name>
      <styleUrl>#style_sem_classificação</styleUrl>
      <Point>
        <coordinates>17.582489,-15.866127,0</coordinates>
      </Point>
    </Placemark>
    <Placemark>
      <name>Sem Classificação</name>
      <styleUrl>#style_sem_classificação</styleUrl>
      <Point>
        <coordinates>17.609046,-15.945484,0</coordinates>
      </Point>
    </Placemark>
    <Placemark>
      <name>Sem Classificação</name>
      <styleUrl>#style_sem_classificação</styleUrl>
      <Point>
        <coordinates>17.609322,-15.945182,0</coordinates>
      </Point>
    </Placemark>
    <Placemark>
      <name>Sem Classificação</name>
      <styleUrl>#style_sem_classificação</styleUrl>
      <Point>
        <coordinates>17.609821,-15.945501,0</coordinates>
      </Point>
    </Placemark>
    <Placemark>
      <name>Sem Classificação</name>
      <styleUrl>#style_sem_classificação</styleUrl>
      <Point>
        <coordinates>17.609400,-15.945452,0</coordinates>
      </Point>
    </Placemark>
    <Placemark>
      <name>Sem Classificação</name>
      <styleUrl>#style_sem_classificação</styleUrl>
      <Point>
        <coordinates>17.633810,-16.015146,0</coordinates>
      </Point>
    </Placemark>
    <Placemark>
      <name>Sem Classificação</name>
      <styleUrl>#style_sem_classificação</styleUrl>
      <Point>
        <coordinates>17.633690,-16.015229,0</coordinates>
      </Point>
    </Placemark>
    <Placemark>
      <name>Sem Classificação</name>
      <styleUrl>#style_sem_classificação</styleUrl>
      <Point>
        <coordinates>17.633547,-16.015041,0</coordinates>
      </Point>
    </Placemark>
    <Placemark>
      <name>Sem Classificação</name>
      <styleUrl>#style_sem_classificação</styleUrl>
      <Point>
        <coordinates>17.633587,-16.015230,0</coordinates>
      </Point>
    </Placemark>
    <Placemark>
      <name>Sem Classificação</name>
      <styleUrl>#style_sem_classificação</styleUrl>
      <Point>
        <coordinates>17.644436,-16.165970,0</coordinates>
      </Point>
    </Placemark>
    <Placemark>
      <name>Sem Classificação</name>
      <styleUrl>#style_sem_classificação</styleUrl>
      <Point>
        <coordinates>17.644022,-16.165794,0</coordinates>
      </Point>
    </Placemark>
    <Placemark>
      <name>Sem Classificação</name>
      <styleUrl>#style_sem_classificação</styleUrl>
      <Point>
        <coordinates>17.644252,-16.166234,0</coordinates>
      </Point>
    </Placemark>
    <Placemark>
      <name>Sem Classificação</name>
      <styleUrl>#style_sem_classificação</styleUrl>
      <Point>
        <coordinates>17.644128,-16.166037,0</coordinates>
      </Point>
    </Placemark>
    <Placemark>
      <name>Sem Classificação</name>
      <styleUrl>#style_sem_classificação</styleUrl>
      <Point>
        <coordinates>17.676678,-16.242075,0</coordinates>
      </Point>
    </Placemark>
    <Placemark>
      <name>Sem Classificação</name>
      <styleUrl>#style_sem_classificação</styleUrl>
      <Point>
        <coordinates>17.676357,-16.241899,0</coordinates>
      </Point>
    </Placemark>
    <Placemark>
      <name>Sem Classificação</name>
      <styleUrl>#style_sem_classificação</styleUrl>
      <Point>
        <coordinates>17.676258,-16.242153,0</coordinates>
      </Point>
    </Placemark>
    <Placemark>
      <name>Sem Classificação</name>
      <styleUrl>#style_sem_classificação</styleUrl>
      <Point>
        <coordinates>17.676369,-16.242061,0</coordinates>
      </Point>
    </Placemark>
    <Placemark>
      <name>Sem Classificação</name>
      <styleUrl>#style_sem_classificação</styleUrl>
      <Point>
        <coordinates>17.711851,-16.353638,0</coordinates>
      </Point>
    </Placemark>
    <Placemark>
      <name>Sem Classificação</name>
      <styleUrl>#style_sem_classificação</styleUrl>
      <Point>
        <coordinates>17.712221,-16.353380,0</coordinates>
      </Point>
    </Placemark>
    <Placemark>
      <name>Sem Classificação</name>
      <styleUrl>#style_sem_classificação</styleUrl>
      <Point>
        <coordinates>17.712469,-16.353702,0</coordinates>
      </Point>
    </Placemark>
    <Placemark>
      <name>Sem Classificação</name>
      <styleUrl>#style_sem_classificação</styleUrl>
      <Point>
        <coordinates>17.712198,-16.353742,0</coordinates>
      </Point>
    </Placemark>
    <Placemark>
      <name>Sem Classificação</name>
      <styleUrl>#style_sem_classificação</styleUrl>
      <Point>
        <coordinates>17.805220,-16.489757,0</coordinates>
      </Point>
    </Placemark>
    <Placemark>
      <name>Sem Classificação</name>
      <styleUrl>#style_sem_classificação</styleUrl>
      <Point>
        <coordinates>17.804906,-16.489381,0</coordinates>
      </Point>
    </Placemark>
    <Placemark>
      <name>Sem Classificação</name>
      <styleUrl>#style_sem_classificação</styleUrl>
      <Point>
        <coordinates>17.805199,-16.490244,0</coordinates>
      </Point>
    </Placemark>
    <Placemark>
      <name>Sem Classificação</name>
      <styleUrl>#style_sem_classificação</styleUrl>
      <Point>
        <coordinates>17.804746,-16.489962,0</coordinates>
      </Point>
    </Placemark>
    <Placemark>
      <name>Sem Classificação</name>
      <styleUrl>#style_sem_classificação</styleUrl>
      <Point>
        <coordinates>17.851928,-16.616418,0</coordinates>
      </Point>
    </Placemark>
    <Placemark>
      <name>Sem Classificação</name>
      <styleUrl>#style_sem_classificação</styleUrl>
      <Point>
        <coordinates>17.851767,-16.616339,0</coordinates>
      </Point>
    </Placemark>
    <Placemark>
      <name>Sem Classificação</name>
      <styleUrl>#style_sem_classificação</styleUrl>
      <Point>
        <coordinates>17.851690,-16.616810,0</coordinates>
      </Point>
    </Placemark>
    <Placemark>
      <name>Sem Classificação</name>
      <styleUrl>#style_sem_classificação</styleUrl>
      <Point>
        <coordinates>17.851582,-16.616477,0</coordinates>
      </Point>
    </Placemark>
    <Placemark>
      <name>Sem Classificação</name>
      <styleUrl>#style_sem_classificação</styleUrl>
      <Point>
        <coordinates>17.883912,-16.698910,0</coordinates>
      </Point>
    </Placemark>
    <Placemark>
      <name>Sem Classificação</name>
      <styleUrl>#style_sem_classificação</styleUrl>
      <Point>
        <coordinates>17.884114,-16.698655,0</coordinates>
      </Point>
    </Placemark>
    <Placemark>
      <name>Sem Classificação</name>
      <styleUrl>#style_sem_classificação</styleUrl>
      <Point>
        <coordinates>17.884466,-16.698993,0</coordinates>
      </Point>
    </Placemark>
    <Placemark>
      <name>Sem Classificação</name>
      <styleUrl>#style_sem_classificação</styleUrl>
      <Point>
        <coordinates>17.884225,-16.699195,0</coordinates>
      </Point>
    </Placemark>
    <Placemark>
      <name>Sem Classificação</name>
      <styleUrl>#style_sem_classificação</styleUrl>
      <Point>
        <coordinates>17.930417,-16.787345,0</coordinates>
      </Point>
    </Placemark>
    <Placemark>
      <name>Sem Classificação</name>
      <styleUrl>#style_sem_classificação</styleUrl>
      <Point>
        <coordinates>17.930209,-16.787790,0</coordinates>
      </Point>
    </Placemark>
    <Placemark>
      <name>Sem Classificação</name>
      <styleUrl>#style_sem_classificação</styleUrl>
      <Point>
        <coordinates>17.930060,-16.787278,0</coordinates>
      </Point>
    </Placemark>
    <Placemark>
      <name>Sem Classificação</name>
      <styleUrl>#style_sem_classificação</styleUrl>
      <Point>
        <coordinates>17.930027,-16.787567,0</coordinates>
      </Point>
    </Placemark>
    <Placemark>
      <name>Sem Classificação</name>
      <styleUrl>#style_sem_classificação</styleUrl>
      <Point>
        <coordinates>18.023966,-16.894908,0</coordinates>
      </Point>
    </Placemark>
    <Placemark>
      <name>Sem Classificação</name>
      <styleUrl>#style_sem_classificação</styleUrl>
      <Point>
        <coordinates>18.023855,-16.894825,0</coordinates>
      </Point>
    </Placemark>
    <Placemark>
      <name>Sem Classificação</name>
      <styleUrl>#style_sem_classificação</styleUrl>
      <Point>
        <coordinates>18.024098,-16.894883,0</coordinates>
      </Point>
    </Placemark>
    <Placemark>
      <name>Sem Classificação</name>
      <styleUrl>#style_sem_classificação</styleUrl>
      <Point>
        <coordinates>18.024048,-16.895063,0</coordinates>
      </Point>
    </Placemark>
    <Placemark>
      <name>Sem Classificação</name>
      <styleUrl>#style_sem_classificação</styleUrl>
      <Point>
        <coordinates>18.099271,-16.949402,0</coordinates>
      </Point>
    </Placemark>
    <Placemark>
      <name>Sem Classificação</name>
      <styleUrl>#style_sem_classificação</styleUrl>
      <Point>
        <coordinates>18.099429,-16.949530,0</coordinates>
      </Point>
    </Placemark>
    <Placemark>
      <name>Sem Classificação</name>
      <styleUrl>#style_sem_classificação</styleUrl>
      <Point>
        <coordinates>18.099450,-16.949359,0</coordinates>
      </Point>
    </Placemark>
    <Placemark>
      <name>Sem Classificação</name>
      <styleUrl>#style_sem_classificação</styleUrl>
      <Point>
        <coordinates>18.099260,-16.949528,0</coordinates>
      </Point>
    </Placemark>
    <Placemark>
      <name>Sem Classificação</name>
      <styleUrl>#style_sem_classificação</styleUrl>
      <Point>
        <coordinates>18.144957,-17.029720,0</coordinates>
      </Point>
    </Placemark>
    <Placemark>
      <name>Sem Classificação</name>
      <styleUrl>#style_sem_classificação</styleUrl>
      <Point>
        <coordinates>18.144964,-17.029909,0</coordinates>
      </Point>
    </Placemark>
    <Placemark>
      <name>Sem Classificação</name>
      <styleUrl>#style_sem_classificação</styleUrl>
      <Point>
        <coordinates>18.145097,-17.029794,0</coordinates>
      </Point>
    </Placemark>
    <Placemark>
      <name>Sem Classificação</name>
      <styleUrl>#style_sem_classificação</styleUrl>
      <Point>
        <coordinates>18.145368,-17.029861,0</coordinates>
      </Point>
    </Placemark>
    <Placemark>
      <name>Sem Classificação</name>
      <styleUrl>#style_sem_classificação</styleUrl>
      <Point>
        <coordinates>18.196625,-17.105473,0</coordinates>
      </Point>
    </Placemark>
    <Placemark>
      <name>Sem Classificação</name>
      <styleUrl>#style_sem_classificação</styleUrl>
      <Point>
        <coordinates>18.196661,-17.105555,0</coordinates>
      </Point>
    </Placemark>
    <Placemark>
      <name>Sem Classificação</name>
      <styleUrl>#style_sem_classificação</styleUrl>
      <Point>
        <coordinates>18.196700,-17.105510,0</coordinates>
      </Point>
    </Placemark>
    <Placemark>
      <name>Sem Classificação</name>
      <styleUrl>#style_sem_classificação</styleUrl>
      <Point>
        <coordinates>18.196549,-17.105526,0</coordinates>
      </Point>
    </Placemark>
    <Placemark>
      <name>Sem Classificação</name>
      <styleUrl>#style_sem_classificação</styleUrl>
      <Point>
        <coordinates>18.248593,-17.179480,0</coordinates>
      </Point>
    </Placemark>
    <Placemark>
      <name>Sem Classificação</name>
      <styleUrl>#style_sem_classificação</styleUrl>
      <Point>
        <coordinates>18.248975,-17.179666,0</coordinates>
      </Point>
    </Placemark>
    <Placemark>
      <name>Sem Classificação</name>
      <styleUrl>#style_sem_classificação</styleUrl>
      <Point>
        <coordinates>18.248361,-17.179260,0</coordinates>
      </Point>
    </Placemark>
    <Placemark>
      <name>Sem Classificação</name>
      <styleUrl>#style_sem_classificação</styleUrl>
      <Point>
        <coordinates>18.248827,-17.179519,0</coordinates>
      </Point>
    </Placemark>
    <Placemark>
      <name>Sem Classificação</name>
      <styleUrl>#style_sem_classificação</styleUrl>
      <Point>
        <coordinates>18.304992,-17.243522,0</coordinates>
      </Point>
    </Placemark>
    <Placemark>
      <name>Sem Classificação</name>
      <styleUrl>#style_sem_classificação</styleUrl>
      <Point>
        <coordinates>18.304805,-17.243475,0</coordinates>
      </Point>
    </Placemark>
    <Placemark>
      <name>Sem Classificação</name>
      <styleUrl>#style_sem_classificação</styleUrl>
      <Point>
        <coordinates>18.304764,-17.243673,0</coordinates>
      </Point>
    </Placemark>
    <Placemark>
      <name>Sem Classificação</name>
      <styleUrl>#style_sem_classificação</styleUrl>
      <Point>
        <coordinates>18.304999,-17.243676,0</coordinates>
      </Point>
    </Placemark>
    <Placemark>
      <name>Sem Classificação</name>
      <styleUrl>#style_sem_classificação</styleUrl>
      <Point>
        <coordinates>18.390788,-17.339801,0</coordinates>
      </Point>
    </Placemark>
    <Placemark>
      <name>Sem Classificação</name>
      <styleUrl>#style_sem_classificação</styleUrl>
      <Point>
        <coordinates>18.390888,-17.340038,0</coordinates>
      </Point>
    </Placemark>
    <Placemark>
      <name>Sem Classificação</name>
      <styleUrl>#style_sem_classificação</styleUrl>
      <Point>
        <coordinates>18.390640,-17.339619,0</coordinates>
      </Point>
    </Placemark>
    <Placemark>
      <name>Sem Classificação</name>
      <styleUrl>#style_sem_classificação</styleUrl>
      <Point>
        <coordinates>18.390570,-17.339934,0</coordinates>
      </Point>
    </Placemark>
    <Placemark>
      <name>Sem Classificação</name>
      <styleUrl>#style_sem_classificação</styleUrl>
      <Point>
        <coordinates>18.476555,-17.444525,0</coordinates>
      </Point>
    </Placemark>
    <Placemark>
      <name>Sem Classificação</name>
      <styleUrl>#style_sem_classificação</styleUrl>
      <Point>
        <coordinates>18.476750,-17.444690,0</coordinates>
      </Point>
    </Placemark>
    <Placemark>
      <name>Sem Classificação</name>
      <styleUrl>#style_sem_classificação</styleUrl>
      <Point>
        <coordinates>18.476936,-17.444837,0</coordinates>
      </Point>
    </Placemark>
    <Placemark>
      <name>Sem Classificação</name>
      <styleUrl>#style_sem_classificação</styleUrl>
      <Point>
        <coordinates>18.476873,-17.444602,0</coordinates>
      </Point>
    </Placemark>
    <Placemark>
      <name>Sem Classificação</name>
      <styleUrl>#style_sem_classificação</styleUrl>
      <Point>
        <coordinates>18.530724,-17.509596,0</coordinates>
      </Point>
    </Placemark>
    <Placemark>
      <name>Sem Classificação</name>
      <styleUrl>#style_sem_classificação</styleUrl>
      <Point>
        <coordinates>18.530845,-17.509696,0</coordinates>
      </Point>
    </Placemark>
    <Placemark>
      <name>Sem Classificação</name>
      <styleUrl>#style_sem_classificação</styleUrl>
      <Point>
        <coordinates>18.530781,-17.509560,0</coordinates>
      </Point>
    </Placemark>
    <Placemark>
      <name>Sem Classificação</name>
      <styleUrl>#style_sem_classificação</styleUrl>
      <Point>
        <coordinates>18.530855,-17.509633,0</coordinates>
      </Point>
    </Placemark>
    <Placemark>
      <name>Sem Classificação</name>
      <styleUrl>#style_sem_classificação</styleUrl>
      <Point>
        <coordinates>18.619212,-17.597418,0</coordinates>
      </Point>
    </Placemark>
    <Placemark>
      <name>Sem Classificação</name>
      <styleUrl>#style_sem_classificação</styleUrl>
      <Point>
        <coordinates>18.619699,-17.597613,0</coordinates>
      </Point>
    </Placemark>
    <Placemark>
      <name>Sem Classificação</name>
      <styleUrl>#style_sem_classificação</styleUrl>
      <Point>
        <coordinates>18.619355,-17.597257,0</coordinates>
      </Point>
    </Placemark>
    <Placemark>
      <name>Sem Classificação</name>
      <styleUrl>#style_sem_classificação</styleUrl>
      <Point>
        <coordinates>18.619674,-17.597414,0</coordinates>
      </Point>
    </Placemark>
    <Placemark>
      <name>Sem Classificação</name>
      <styleUrl>#style_sem_classificação</styleUrl>
      <Point>
        <coordinates>17.668973,-14.689922,0</coordinates>
      </Point>
    </Placemark>
    <Placemark>
      <name>Sem Classificação</name>
      <styleUrl>#style_sem_classificação</styleUrl>
      <Point>
        <coordinates>17.668889,-14.689895,0</coordinates>
      </Point>
    </Placemark>
    <Placemark>
      <name>Sem Classificação</name>
      <styleUrl>#style_sem_classificação</styleUrl>
      <Point>
        <coordinates>17.668871,-14.689932,0</coordinates>
      </Point>
    </Placemark>
    <Placemark>
      <name>Sem Classificação</name>
      <styleUrl>#style_sem_classificação</styleUrl>
      <Point>
        <coordinates>17.668881,-14.689977,0</coordinates>
      </Point>
    </Placemark>
    <Placemark>
      <name>Sem Classificação</name>
      <styleUrl>#style_sem_classificação</styleUrl>
      <Point>
        <coordinates>17.662024,-14.725275,0</coordinates>
      </Point>
    </Placemark>
    <Placemark>
      <name>Sem Classificação</name>
      <styleUrl>#style_sem_classificação</styleUrl>
      <Point>
        <coordinates>17.662016,-14.725347,0</coordinates>
      </Point>
    </Placemark>
    <Placemark>
      <name>Sem Classificação</name>
      <styleUrl>#style_sem_classificação</styleUrl>
      <Point>
        <coordinates>17.661968,-14.725221,0</coordinates>
      </Point>
    </Placemark>
    <Placemark>
      <name>Sem Classificação</name>
      <styleUrl>#style_sem_classificação</styleUrl>
      <Point>
        <coordinates>17.661932,-14.725321,0</coordinates>
      </Point>
    </Placemark>
    <Placemark>
      <name>Sem Classificação</name>
      <styleUrl>#style_sem_classificação</styleUrl>
      <Point>
        <coordinates>17.674434,-14.821710,0</coordinates>
      </Point>
    </Placemark>
    <Placemark>
      <name>Sem Classificação</name>
      <styleUrl>#style_sem_classificação</styleUrl>
      <Point>
        <coordinates>17.674341,-14.821666,0</coordinates>
      </Point>
    </Placemark>
    <Placemark>
      <name>Sem Classificação</name>
      <styleUrl>#style_sem_classificação</styleUrl>
      <Point>
        <coordinates>17.674343,-14.821784,0</coordinates>
      </Point>
    </Placemark>
    <Placemark>
      <name>Sem Classificação</name>
      <styleUrl>#style_sem_classificação</styleUrl>
      <Point>
        <coordinates>17.674396,-14.821566,0</coordinates>
      </Point>
    </Placemark>
    <Placemark>
      <name>Sem Classificação</name>
      <styleUrl>#style_sem_classificação</styleUrl>
      <Point>
        <coordinates>17.674227,-15.042824,0</coordinates>
      </Point>
    </Placemark>
    <Placemark>
      <name>Sem Classificação</name>
      <styleUrl>#style_sem_classificação</styleUrl>
      <Point>
        <coordinates>17.674068,-15.042744,0</coordinates>
      </Point>
    </Placemark>
    <Placemark>
      <name>Sem Classificação</name>
      <styleUrl>#style_sem_classificação</styleUrl>
      <Point>
        <coordinates>17.674078,-15.042862,0</coordinates>
      </Point>
    </Placemark>
    <Placemark>
      <name>Sem Classificação</name>
      <styleUrl>#style_sem_classificação</styleUrl>
      <Point>
        <coordinates>17.674191,-15.042951,0</coordinates>
      </Point>
    </Placemark>
    <Placemark>
      <name>Sem Classificação</name>
      <styleUrl>#style_sem_classificação</styleUrl>
      <Point>
        <coordinates>17.696232,-15.122781,0</coordinates>
      </Point>
    </Placemark>
    <Placemark>
      <name>Sem Classificação</name>
      <styleUrl>#style_sem_classificação</styleUrl>
      <Point>
        <coordinates>17.696139,-15.122845,0</coordinates>
      </Point>
    </Placemark>
    <Placemark>
      <name>Sem Classificação</name>
      <styleUrl>#style_sem_classificação</styleUrl>
      <Point>
        <coordinates>17.696169,-15.122971,0</coordinates>
      </Point>
    </Placemark>
    <Placemark>
      <name>Sem Classificação</name>
      <styleUrl>#style_sem_classificação</styleUrl>
      <Point>
        <coordinates>17.696047,-15.122873,0</coordinates>
      </Point>
    </Placemark>
    <Placemark>
      <name>Sem Classificação</name>
      <styleUrl>#style_sem_classificação</styleUrl>
      <Point>
        <coordinates>17.692594,-15.183585,0</coordinates>
      </Point>
    </Placemark>
    <Placemark>
      <name>Sem Classificação</name>
      <styleUrl>#style_sem_classificação</styleUrl>
      <Point>
        <coordinates>17.692619,-15.183350,0</coordinates>
      </Point>
    </Placemark>
    <Placemark>
      <name>Sem Classificação</name>
      <styleUrl>#style_sem_classificação</styleUrl>
      <Point>
        <coordinates>17.692378,-15.183471,0</coordinates>
      </Point>
    </Placemark>
    <Placemark>
      <name>Sem Classificação</name>
      <styleUrl>#style_sem_classificação</styleUrl>
      <Point>
        <coordinates>17.692445,-15.183623,0</coordinates>
      </Point>
    </Placemark>
    <Placemark>
      <name>Sem Classificação</name>
      <styleUrl>#style_sem_classificação</styleUrl>
      <Point>
        <coordinates>17.641401,-15.455542,0</coordinates>
      </Point>
    </Placemark>
    <Placemark>
      <name>Sem Classificação</name>
      <styleUrl>#style_sem_classificação</styleUrl>
      <Point>
        <coordinates>17.641253,-15.455598,0</coordinates>
      </Point>
    </Placemark>
    <Placemark>
      <name>Sem Classificação</name>
      <styleUrl>#style_sem_classificação</styleUrl>
      <Point>
        <coordinates>17.641404,-15.455713,0</coordinates>
      </Point>
    </Placemark>
    <Placemark>
      <name>Sem Classificação</name>
      <styleUrl>#style_sem_classificação</styleUrl>
      <Point>
        <coordinates>17.641515,-15.455649,0</coordinates>
      </Point>
    </Placemark>
    <Placemark>
      <name>Sem Classificação</name>
      <styleUrl>#style_sem_classificação</styleUrl>
      <Point>
        <coordinates>17.546353,-15.614418,0</coordinates>
      </Point>
    </Placemark>
    <Placemark>
      <name>Sem Classificação</name>
      <styleUrl>#style_sem_classificação</styleUrl>
      <Point>
        <coordinates>17.546259,-15.614347,0</coordinates>
      </Point>
    </Placemark>
    <Placemark>
      <name>Sem Classificação</name>
      <styleUrl>#style_sem_classificação</styleUrl>
      <Point>
        <coordinates>17.546426,-15.614309,0</coordinates>
      </Point>
    </Placemark>
    <Placemark>
      <name>Sem Classificação</name>
      <styleUrl>#style_sem_classificação</styleUrl>
      <Point>
        <coordinates>17.546251,-15.614446,0</coordinates>
      </Point>
    </Placemark>
    <Placemark>
      <name>Sem Classificação</name>
      <styleUrl>#style_sem_classificação</styleUrl>
      <Point>
        <coordinates>17.456641,-15.696760,0</coordinates>
      </Point>
    </Placemark>
    <Placemark>
      <name>Sem Classificação</name>
      <styleUrl>#style_sem_classificação</styleUrl>
      <Point>
        <coordinates>17.456667,-15.696534,0</coordinates>
      </Point>
    </Placemark>
    <Placemark>
      <name>Sem Classificação</name>
      <styleUrl>#style_sem_classificação</styleUrl>
      <Point>
        <coordinates>17.456864,-15.696631,0</coordinates>
      </Point>
    </Placemark>
    <Placemark>
      <name>Sem Classificação</name>
      <styleUrl>#style_sem_classificação</styleUrl>
      <Point>
        <coordinates>17.456745,-15.696877,0</coordinates>
      </Point>
    </Placemark>
    <Placemark>
      <name>Sem Classificação</name>
      <styleUrl>#style_sem_classificação</styleUrl>
      <Point>
        <coordinates>18.630876,-17.627411,0</coordinates>
      </Point>
    </Placemark>
    <Placemark>
      <name>Sem Classificação</name>
      <styleUrl>#style_sem_classificação</styleUrl>
      <Point>
        <coordinates>18.631067,-17.627223,0</coordinates>
      </Point>
    </Placemark>
    <Placemark>
      <name>Sem Classificação</name>
      <styleUrl>#style_sem_classificação</styleUrl>
      <Point>
        <coordinates>18.631347,-17.627407,0</coordinates>
      </Point>
    </Placemark>
    <Placemark>
      <name>Sem Classificação</name>
      <styleUrl>#style_sem_classificação</styleUrl>
      <Point>
        <coordinates>18.631147,-17.627577,0</coordinates>
      </Point>
    </Placemark>
    <Placemark>
      <name>Sem Classificação</name>
      <styleUrl>#style_sem_classificação</styleUrl>
      <Point>
        <coordinates>18.693073,-17.675047,0</coordinates>
      </Point>
    </Placemark>
    <Placemark>
      <name>Sem Classificação</name>
      <styleUrl>#style_sem_classificação</styleUrl>
      <Point>
        <coordinates>18.693354,-17.675168,0</coordinates>
      </Point>
    </Placemark>
    <Placemark>
      <name>Sem Classificação</name>
      <styleUrl>#style_sem_classificação</styleUrl>
      <Point>
        <coordinates>18.693413,-17.674979,0</coordinates>
      </Point>
    </Placemark>
    <Placemark>
      <name>Sem Classificação</name>
      <styleUrl>#style_sem_classificação</styleUrl>
      <Point>
        <coordinates>18.693484,-17.675323,0</coordinates>
      </Point>
    </Placemark>
    <Placemark>
      <name>Sem Classificação</name>
      <styleUrl>#style_sem_classificação</styleUrl>
      <Point>
        <coordinates>18.779525,-17.738255,0</coordinates>
      </Point>
    </Placemark>
    <Placemark>
      <name>Sem Classificação</name>
      <styleUrl>#style_sem_classificação</styleUrl>
      <Point>
        <coordinates>18.779902,-17.738277,0</coordinates>
      </Point>
    </Placemark>
    <Placemark>
      <name>Sem Classificação</name>
      <styleUrl>#style_sem_classificação</styleUrl>
      <Point>
        <coordinates>18.780339,-17.738706,0</coordinates>
      </Point>
    </Placemark>
    <Placemark>
      <name>Sem Classificação</name>
      <styleUrl>#style_sem_classificação</styleUrl>
      <Point>
        <coordinates>16.547668,-17.756074,0</coordinates>
      </Point>
    </Placemark>
    <Placemark>
      <name>Sem Classificação</name>
      <styleUrl>#style_sem_classificação</styleUrl>
      <Point>
        <coordinates>18.891770,-17.796172,0</coordinates>
      </Point>
    </Placemark>
    <Placemark>
      <name>Sem Classificação</name>
      <styleUrl>#style_sem_classificação</styleUrl>
      <Point>
        <coordinates>18.891234,-17.795262,0</coordinates>
      </Point>
    </Placemark>
    <Placemark>
      <name>Sem Classificação</name>
      <styleUrl>#style_sem_classificação</styleUrl>
      <Point>
        <coordinates>18.890222,-17.796345,0</coordinates>
      </Point>
    </Placemark>
    <Placemark>
      <name>Sem Classificação</name>
      <styleUrl>#style_sem_classificação</styleUrl>
      <Point>
        <coordinates>19.017485,-17.814426,0</coordinates>
      </Point>
    </Placemark>
    <Placemark>
      <name>Sem Classificação</name>
      <styleUrl>#style_sem_classificação</styleUrl>
      <Point>
        <coordinates>19.017824,-17.813580,0</coordinates>
      </Point>
    </Placemark>
    <Placemark>
      <name>Sem Classificação</name>
      <styleUrl>#style_sem_classificação</styleUrl>
      <Point>
        <coordinates>19.018488,-17.814987,0</coordinates>
      </Point>
    </Placemark>
    <Placemark>
      <name>Sem Classificação</name>
      <styleUrl>#style_sem_classificação</styleUrl>
      <Point>
        <coordinates>19.017751,-17.815124,0</coordinates>
      </Point>
    </Placemark>
    <Placemark>
      <name>Sem Classificação</name>
      <styleUrl>#style_sem_classificação</styleUrl>
      <Point>
        <coordinates>19.152661,-17.805640,0</coordinates>
      </Point>
    </Placemark>
    <Placemark>
      <name>Sem Classificação</name>
      <styleUrl>#style_sem_classificação</styleUrl>
      <Point>
        <coordinates>19.152764,-17.804801,0</coordinates>
      </Point>
    </Placemark>
    <Placemark>
      <name>Sem Classificação</name>
      <styleUrl>#style_sem_classificação</styleUrl>
      <Point>
        <coordinates>19.153891,-17.805326,0</coordinates>
      </Point>
    </Placemark>
    <Placemark>
      <name>Sem Classificação</name>
      <styleUrl>#style_sem_classificação</styleUrl>
      <Point>
        <coordinates>19.152118,-17.805255,0</coordinates>
      </Point>
    </Placemark>
    <Placemark>
      <name>Sem Classificação</name>
      <styleUrl>#style_sem_classificação</styleUrl>
      <Point>
        <coordinates>19.247453,-17.808663,0</coordinates>
      </Point>
    </Placemark>
    <Placemark>
      <name>Sem Classificação</name>
      <styleUrl>#style_sem_classificação</styleUrl>
      <Point>
        <coordinates>19.247820,-17.808702,0</coordinates>
      </Point>
    </Placemark>
    <Placemark>
      <name>Sem Classificação</name>
      <styleUrl>#style_sem_classificação</styleUrl>
      <Point>
        <coordinates>19.247643,-17.808466,0</coordinates>
      </Point>
    </Placemark>
    <Placemark>
      <name>Sem Classificação</name>
      <styleUrl>#style_sem_classificação</styleUrl>
      <Point>
        <coordinates>19.247650,-17.808791,0</coordinates>
      </Point>
    </Placemark>
    <Placemark>
      <name>Sem Classificação</name>
      <styleUrl>#style_sem_classificação</styleUrl>
      <Point>
        <coordinates>19.346323,-17.823295,0</coordinates>
      </Point>
    </Placemark>
    <Placemark>
      <name>Sem Classificação</name>
      <styleUrl>#style_sem_classificação</styleUrl>
      <Point>
        <coordinates>19.346570,-17.823161,0</coordinates>
      </Point>
    </Placemark>
    <Placemark>
      <name>Sem Classificação</name>
      <styleUrl>#style_sem_classificação</styleUrl>
      <Point>
        <coordinates>19.346880,-17.823254,0</coordinates>
      </Point>
    </Placemark>
    <Placemark>
      <name>Sem Classificação</name>
      <styleUrl>#style_sem_classificação</styleUrl>
      <Point>
        <coordinates>19.346634,-17.823379,0</coordinates>
      </Point>
    </Placemark>
    <Placemark>
      <name>Sem Classificação</name>
      <styleUrl>#style_sem_classificação</styleUrl>
      <Point>
        <coordinates>19.466664,-17.841770,0</coordinates>
      </Point>
    </Placemark>
    <Placemark>
      <name>Sem Classificação</name>
      <styleUrl>#style_sem_classificação</styleUrl>
      <Point>
        <coordinates>19.467070,-17.841746,0</coordinates>
      </Point>
    </Placemark>
    <Placemark>
      <name>Sem Classificação</name>
      <styleUrl>#style_sem_classificação</styleUrl>
      <Point>
        <coordinates>19.466964,-17.841989,0</coordinates>
      </Point>
    </Placemark>
    <Placemark>
      <name>Sem Classificação</name>
      <styleUrl>#style_sem_classificação</styleUrl>
      <Point>
        <coordinates>19.466729,-17.841915,0</coordinates>
      </Point>
    </Placemark>
    <Placemark>
      <name>Sem Classificação</name>
      <styleUrl>#style_sem_classificação</styleUrl>
      <Point>
        <coordinates>19.555689,-17.835446,0</coordinates>
      </Point>
    </Placemark>
    <Placemark>
      <name>Sem Classificação</name>
      <styleUrl>#style_sem_classificação</styleUrl>
      <Point>
        <coordinates>19.556111,-17.835738,0</coordinates>
      </Point>
    </Placemark>
    <Placemark>
      <name>Sem Classificação</name>
      <styleUrl>#style_sem_classificação</styleUrl>
      <Point>
        <coordinates>19.556153,-17.835214,0</coordinates>
      </Point>
    </Placemark>
    <Placemark>
      <name>Sem Classificação</name>
      <styleUrl>#style_sem_classificação</styleUrl>
      <Point>
        <coordinates>19.555579,-17.835084,0</coordinates>
      </Point>
    </Placemark>
    <Placemark>
      <name>Sem Classificação</name>
      <styleUrl>#style_sem_classificação</styleUrl>
      <Point>
        <coordinates>19.681945,-17.850445,0</coordinates>
      </Point>
    </Placemark>
    <Placemark>
      <name>Sem Classificação</name>
      <styleUrl>#style_sem_classificação</styleUrl>
      <Point>
        <coordinates>19.682341,-17.850520,0</coordinates>
      </Point>
    </Placemark>
    <Placemark>
      <name>Sem Classificação</name>
      <styleUrl>#style_sem_classificação</styleUrl>
      <Point>
        <coordinates>19.682178,-17.850826,0</coordinates>
      </Point>
    </Placemark>
    <Placemark>
      <name>Sem Classificação</name>
      <styleUrl>#style_sem_classificação</styleUrl>
      <Point>
        <coordinates>19.681971,-17.850690,0</coordinates>
      </Point>
    </Placemark>
    <Placemark>
      <name>Sem Classificação</name>
      <styleUrl>#style_sem_classificação</styleUrl>
      <Point>
        <coordinates>14.540364,-9.667044,0</coordinates>
      </Point>
    </Placemark>
    <Placemark>
      <name>Sem Classificação</name>
      <styleUrl>#style_sem_classificação</styleUrl>
      <Point>
        <coordinates>14.540866,-9.666692,0</coordinates>
      </Point>
    </Placemark>
    <Placemark>
      <name>Sem Classificação</name>
      <styleUrl>#style_sem_classificação</styleUrl>
      <Point>
        <coordinates>14.540847,-9.667270,0</coordinates>
      </Point>
    </Placemark>
    <Placemark>
      <name>Sem Classificação</name>
      <styleUrl>#style_sem_classificação</styleUrl>
      <Point>
        <coordinates>14.541449,-9.666774,0</coordinates>
      </Point>
    </Placemark>
    <Placemark>
      <name>Sem Classificação</name>
      <styleUrl>#style_sem_classificação</styleUrl>
      <Point>
        <coordinates>14.559370,-9.666110,0</coordinates>
      </Point>
    </Placemark>
    <Placemark>
      <name>Sem Classificação</name>
      <styleUrl>#style_sem_classificação</styleUrl>
      <Point>
        <coordinates>14.559644,-9.666020,0</coordinates>
      </Point>
    </Placemark>
    <Placemark>
      <name>Sem Classificação</name>
      <styleUrl>#style_sem_classificação</styleUrl>
      <Point>
        <coordinates>14.559479,-9.666237,0</coordinates>
      </Point>
    </Placemark>
    <Placemark>
      <name>Sem Classificação</name>
      <styleUrl>#style_sem_classificação</styleUrl>
      <Point>
        <coordinates>14.559653,-9.666165,0</coordinates>
      </Point>
    </Placemark>
    <Placemark>
      <name>Sem Classificação</name>
      <styleUrl>#style_sem_classificação</styleUrl>
      <Point>
        <coordinates>14.633094,-9.673161,0</coordinates>
      </Point>
    </Placemark>
    <Placemark>
      <name>Sem Classificação</name>
      <styleUrl>#style_sem_classificação</styleUrl>
      <Point>
        <coordinates>14.633678,-9.672800,0</coordinates>
      </Point>
    </Placemark>
    <Placemark>
      <name>Sem Classificação</name>
      <styleUrl>#style_sem_classificação</styleUrl>
      <Point>
        <coordinates>14.632967,-9.672916,0</coordinates>
      </Point>
    </Placemark>
    <Placemark>
      <name>Sem Classificação</name>
      <styleUrl>#style_sem_classificação</styleUrl>
      <Point>
        <coordinates>14.633195,-9.672682,0</coordinates>
      </Point>
    </Placemark>
    <Placemark>
      <name>Sem Classificação</name>
      <styleUrl>#style_sem_classificação</styleUrl>
      <Point>
        <coordinates>14.696416,-9.686419,0</coordinates>
      </Point>
    </Placemark>
    <Placemark>
      <name>Sem Classificação</name>
      <styleUrl>#style_sem_classificação</styleUrl>
      <Point>
        <coordinates>14.696525,-9.686346,0</coordinates>
      </Point>
    </Placemark>
    <Placemark>
      <name>Sem Classificação</name>
      <styleUrl>#style_sem_classificação</styleUrl>
      <Point>
        <coordinates>14.696270,-9.686292,0</coordinates>
      </Point>
    </Placemark>
    <Placemark>
      <name>Sem Classificação</name>
      <styleUrl>#style_sem_classificação</styleUrl>
      <Point>
        <coordinates>14.696644,-9.686491,0</coordinates>
      </Point>
    </Placemark>
    <Placemark>
      <name>Sem Classificação</name>
      <styleUrl>#style_sem_classificação</styleUrl>
      <Point>
        <coordinates>14.776507,-9.686969,0</coordinates>
      </Point>
    </Placemark>
    <Placemark>
      <name>Sem Classificação</name>
      <styleUrl>#style_sem_classificação</styleUrl>
      <Point>
        <coordinates>14.779370,-9.686120,0</coordinates>
      </Point>
    </Placemark>
    <Placemark>
      <name>Sem Classificação</name>
      <styleUrl>#style_sem_classificação</styleUrl>
      <Point>
        <coordinates>14.780964,-9.686809,0</coordinates>
      </Point>
    </Placemark>
    <Placemark>
      <name>Sem Classificação</name>
      <styleUrl>#style_sem_classificação</styleUrl>
      <Point>
        <coordinates>14.778220,-9.687639,0</coordinates>
      </Point>
    </Placemark>
    <Placemark>
      <name>Sem Classificação</name>
      <styleUrl>#style_sem_classificação</styleUrl>
      <Point>
        <coordinates>14.831506,-9.662055,0</coordinates>
      </Point>
    </Placemark>
    <Placemark>
      <name>Sem Classificação</name>
      <styleUrl>#style_sem_classificação</styleUrl>
      <Point>
        <coordinates>14.831616,-9.661205,0</coordinates>
      </Point>
    </Placemark>
    <Placemark>
      <name>Sem Classificação</name>
      <styleUrl>#style_sem_classificação</styleUrl>
      <Point>
        <coordinates>14.831114,-9.661295,0</coordinates>
      </Point>
    </Placemark>
    <Placemark>
      <name>Sem Classificação</name>
      <styleUrl>#style_sem_classificação</styleUrl>
      <Point>
        <coordinates>14.831670,-9.661675,0</coordinates>
      </Point>
    </Placemark>
    <Placemark>
      <name>Sem Classificação</name>
      <styleUrl>#style_sem_classificação</styleUrl>
      <Point>
        <coordinates>14.926525,-9.648222,0</coordinates>
      </Point>
    </Placemark>
    <Placemark>
      <name>Sem Classificação</name>
      <styleUrl>#style_sem_classificação</styleUrl>
      <Point>
        <coordinates>14.926835,-9.648286,0</coordinates>
      </Point>
    </Placemark>
    <Placemark>
      <name>Sem Classificação</name>
      <styleUrl>#style_sem_classificação</styleUrl>
      <Point>
        <coordinates>14.926370,-9.648602,0</coordinates>
      </Point>
    </Placemark>
    <Placemark>
      <name>Sem Classificação</name>
      <styleUrl>#style_sem_classificação</styleUrl>
      <Point>
        <coordinates>14.926744,-9.648602,0</coordinates>
      </Point>
    </Placemark>
    <Placemark>
      <name>Sem Classificação</name>
      <styleUrl>#style_sem_classificação</styleUrl>
      <Point>
        <coordinates>15.023363,-9.676865,0</coordinates>
      </Point>
    </Placemark>
    <Placemark>
      <name>Sem Classificação</name>
      <styleUrl>#style_sem_classificação</styleUrl>
      <Point>
        <coordinates>15.023336,-9.676341,0</coordinates>
      </Point>
    </Placemark>
    <Placemark>
      <name>Sem Classificação</name>
      <styleUrl>#style_sem_classificação</styleUrl>
      <Point>
        <coordinates>15.023819,-9.676458,0</coordinates>
      </Point>
    </Placemark>
    <Placemark>
      <name>Sem Classificação</name>
      <styleUrl>#style_sem_classificação</styleUrl>
      <Point>
        <coordinates>15.023892,-9.676720,0</coordinates>
      </Point>
    </Placemark>
    <Placemark>
      <name>Sem Classificação</name>
      <styleUrl>#style_sem_classificação</styleUrl>
      <Point>
        <coordinates>15.144454,-9.696336,0</coordinates>
      </Point>
    </Placemark>
    <Placemark>
      <name>Sem Classificação</name>
      <styleUrl>#style_sem_classificação</styleUrl>
      <Point>
        <coordinates>15.145037,-9.695965,0</coordinates>
      </Point>
    </Placemark>
    <Placemark>
      <name>Sem Classificação</name>
      <styleUrl>#style_sem_classificação</styleUrl>
      <Point>
        <coordinates>15.145119,-9.696408,0</coordinates>
      </Point>
    </Placemark>
    <Placemark>
      <name>Sem Classificação</name>
      <styleUrl>#style_sem_classificação</styleUrl>
      <Point>
        <coordinates>15.144664,-9.696707,0</coordinates>
      </Point>
    </Placemark>
    <Placemark>
      <name>Sem Classificação</name>
      <styleUrl>#style_sem_classificação</styleUrl>
      <Point>
        <coordinates>15.231262,-9.689930,0</coordinates>
      </Point>
    </Placemark>
    <Placemark>
      <name>Sem Classificação</name>
      <styleUrl>#style_sem_classificação</styleUrl>
      <Point>
        <coordinates>15.232183,-9.690002,0</coordinates>
      </Point>
    </Placemark>
    <Placemark>
      <name>Sem Classificação</name>
      <styleUrl>#style_sem_classificação</styleUrl>
      <Point>
        <coordinates>15.230459,-9.689334,0</coordinates>
      </Point>
    </Placemark>
    <Placemark>
      <name>Sem Classificação</name>
      <styleUrl>#style_sem_classificação</styleUrl>
      <Point>
        <coordinates>15.232046,-9.689287,0</coordinates>
      </Point>
    </Placemark>
    <Placemark>
      <name>Sem Classificação</name>
      <styleUrl>#style_sem_classificação</styleUrl>
      <Point>
        <coordinates>14.522555,-9.787961,0</coordinates>
      </Point>
    </Placemark>
    <Placemark>
      <name>Sem Classificação</name>
      <styleUrl>#style_sem_classificação</styleUrl>
      <Point>
        <coordinates>14.523523,-9.787058,0</coordinates>
      </Point>
    </Placemark>
    <Placemark>
      <name>Sem Classificação</name>
      <styleUrl>#style_sem_classificação</styleUrl>
      <Point>
        <coordinates>14.524726,-9.787485,0</coordinates>
      </Point>
    </Placemark>
    <Placemark>
      <name>Sem Classificação</name>
      <styleUrl>#style_sem_classificação</styleUrl>
      <Point>
        <coordinates>14.524140,-9.788651,0</coordinates>
      </Point>
    </Placemark>
    <Placemark>
      <name>Sem Classificação</name>
      <styleUrl>#style_sem_classificação</styleUrl>
      <Point>
        <coordinates>14.541467,-9.813574,0</coordinates>
      </Point>
    </Placemark>
    <Placemark>
      <name>Sem Classificação</name>
      <styleUrl>#style_sem_classificação</styleUrl>
      <Point>
        <coordinates>14.541641,-9.813258,0</coordinates>
      </Point>
    </Placemark>
    <Placemark>
      <name>Sem Classificação</name>
      <styleUrl>#style_sem_classificação</styleUrl>
      <Point>
        <coordinates>14.542005,-9.813819,0</coordinates>
      </Point>
    </Placemark>
    <Placemark>
      <name>Sem Classificação</name>
      <styleUrl>#style_sem_classificação</styleUrl>
      <Point>
        <coordinates>14.542781,-9.813078,0</coordinates>
      </Point>
    </Placemark>
    <Placemark>
      <name>Sem Classificação</name>
      <styleUrl>#style_sem_classificação</styleUrl>
      <Point>
        <coordinates>14.579105,-9.975563,0</coordinates>
      </Point>
    </Placemark>
    <Placemark>
      <name>Sem Classificação</name>
      <styleUrl>#style_sem_classificação</styleUrl>
      <Point>
        <coordinates>14.579151,-9.975328,0</coordinates>
      </Point>
    </Placemark>
    <Placemark>
      <name>Sem Classificação</name>
      <styleUrl>#style_sem_classificação</styleUrl>
      <Point>
        <coordinates>14.579324,-9.975464,0</coordinates>
      </Point>
    </Placemark>
    <Placemark>
      <name>Sem Classificação</name>
      <styleUrl>#style_sem_classificação</styleUrl>
      <Point>
        <coordinates>14.579370,-9.975690,0</coordinates>
      </Point>
    </Placemark>
    <Placemark>
      <name>Sem Classificação</name>
      <styleUrl>#style_sem_classificação</styleUrl>
      <Point>
        <coordinates>14.612785,-8.495590,0</coordinates>
      </Point>
    </Placemark>
    <Placemark>
      <name>Sem Classificação</name>
      <styleUrl>#style_sem_classificação</styleUrl>
      <Point>
        <coordinates>14.612985,-8.495671,0</coordinates>
      </Point>
    </Placemark>
    <Placemark>
      <name>Sem Classificação</name>
      <styleUrl>#style_sem_classificação</styleUrl>
      <Point>
        <coordinates>10.876338,-8.473757,0</coordinates>
      </Point>
    </Placemark>
    <Placemark>
      <name>Sem Classificação</name>
      <styleUrl>#style_sem_classificação</styleUrl>
      <Point>
        <coordinates>14.612649,-8.495526,0</coordinates>
      </Point>
    </Placemark>
    <Placemark>
      <name>Sem Classificação</name>
      <styleUrl>#style_sem_classificação</styleUrl>
      <Point>
        <coordinates>16.193358,-11.304677,0</coordinates>
      </Point>
    </Placemark>
    <Placemark>
      <name>Sem Classificação</name>
      <styleUrl>#style_sem_classificação</styleUrl>
      <Point>
        <coordinates>16.193395,-11.304958,0</coordinates>
      </Point>
    </Placemark>
    <Placemark>
      <name>Sem Classificação</name>
      <styleUrl>#style_sem_classificação</styleUrl>
      <Point>
        <coordinates>16.193613,-11.304459,0</coordinates>
      </Point>
    </Placemark>
    <Placemark>
      <name>Sem Classificação</name>
      <styleUrl>#style_sem_classificação</styleUrl>
      <Point>
        <coordinates>16.193716,-11.304974,0</coordinates>
      </Point>
    </Placemark>
    <Placemark>
      <name>Sem Classificação</name>
      <styleUrl>#style_sem_classificação</styleUrl>
      <Point>
        <coordinates>16.187834,-11.262437,0</coordinates>
      </Point>
    </Placemark>
    <Placemark>
      <name>Sem Classificação</name>
      <styleUrl>#style_sem_classificação</styleUrl>
      <Point>
        <coordinates>16.187778,-11.262329,0</coordinates>
      </Point>
    </Placemark>
    <Placemark>
      <name>Sem Classificação</name>
      <styleUrl>#style_sem_classificação</styleUrl>
      <Point>
        <coordinates>16.187586,-11.262483,0</coordinates>
      </Point>
    </Placemark>
    <Placemark>
      <name>Sem Classificação</name>
      <styleUrl>#style_sem_classificação</styleUrl>
      <Point>
        <coordinates>16.187679,-11.262619,0</coordinates>
      </Point>
    </Placemark>
    <Placemark>
      <name>Sem Classificação</name>
      <styleUrl>#style_sem_classificação</styleUrl>
      <Point>
        <coordinates>16.158303,-11.230816,0</coordinates>
      </Point>
    </Placemark>
    <Placemark>
      <name>Sem Classificação</name>
      <styleUrl>#style_sem_classificação</styleUrl>
      <Point>
        <coordinates>16.158330,-11.230743,0</coordinates>
      </Point>
    </Placemark>
    <Placemark>
      <name>Sem Classificação</name>
      <styleUrl>#style_sem_classificação</styleUrl>
      <Point>
        <coordinates>16.158413,-11.230951,0</coordinates>
      </Point>
    </Placemark>
    <Placemark>
      <name>Sem Classificação</name>
      <styleUrl>#style_sem_classificação</styleUrl>
      <Point>
        <coordinates>16.158523,-11.230806,0</coordinates>
      </Point>
    </Placemark>
    <Placemark>
      <name>Sem Classificação</name>
      <styleUrl>#style_sem_classificação</styleUrl>
      <Point>
        <coordinates>16.179456,-11.184419,0</coordinates>
      </Point>
    </Placemark>
    <Placemark>
      <name>Sem Classificação</name>
      <styleUrl>#style_sem_classificação</styleUrl>
      <Point>
        <coordinates>16.179464,-11.184148,0</coordinates>
      </Point>
    </Placemark>
    <Placemark>
      <name>Sem Classificação</name>
      <styleUrl>#style_sem_classificação</styleUrl>
      <Point>
        <coordinates>16.179584,-11.184283,0</coordinates>
      </Point>
    </Placemark>
    <Placemark>
      <name>Sem Classificação</name>
      <styleUrl>#style_sem_classificação</styleUrl>
      <Point>
        <coordinates>16.179291,-11.184293,0</coordinates>
      </Point>
    </Placemark>
    <Placemark>
      <name>Sem Classificação</name>
      <styleUrl>#style_sem_classificação</styleUrl>
      <Point>
        <coordinates>16.169478,-11.141888,0</coordinates>
      </Point>
    </Placemark>
    <Placemark>
      <name>Sem Classificação</name>
      <styleUrl>#style_sem_classificação</styleUrl>
      <Point>
        <coordinates>16.169642,-11.141697,0</coordinates>
      </Point>
    </Placemark>
    <Placemark>
      <name>Sem Classificação</name>
      <styleUrl>#style_sem_classificação</styleUrl>
      <Point>
        <coordinates>16.169871,-11.141859,0</coordinates>
      </Point>
    </Placemark>
    <Placemark>
      <name>Sem Classificação</name>
      <styleUrl>#style_sem_classificação</styleUrl>
      <Point>
        <coordinates>16.169689,-11.142023,0</coordinates>
      </Point>
    </Placemark>
    <Placemark>
      <name>Sem Classificação</name>
      <styleUrl>#style_sem_classificação</styleUrl>
      <Point>
        <coordinates>16.165477,-11.070479,0</coordinates>
      </Point>
    </Placemark>
    <Placemark>
      <name>Sem Classificação</name>
      <styleUrl>#style_sem_classificação</styleUrl>
      <Point>
        <coordinates>16.165421,-11.070335,0</coordinates>
      </Point>
    </Placemark>
    <Placemark>
      <name>Sem Classificação</name>
      <styleUrl>#style_sem_classificação</styleUrl>
      <Point>
        <coordinates>16.165257,-11.070598,0</coordinates>
      </Point>
    </Placemark>
    <Placemark>
      <name>Sem Classificação</name>
      <styleUrl>#style_sem_classificação</styleUrl>
      <Point>
        <coordinates>16.165165,-11.070399,0</coordinates>
      </Point>
    </Placemark>
    <Placemark>
      <name>Sem Classificação</name>
      <styleUrl>#style_sem_classificação</styleUrl>
      <Point>
        <coordinates>16.152291,-11.008626,0</coordinates>
      </Point>
    </Placemark>
    <Placemark>
      <name>Sem Classificação</name>
      <styleUrl>#style_sem_classificação</styleUrl>
      <Point>
        <coordinates>16.152575,-11.008698,0</coordinates>
      </Point>
    </Placemark>
    <Placemark>
      <name>Sem Classificação</name>
      <styleUrl>#style_sem_classificação</styleUrl>
      <Point>
        <coordinates>16.152538,-11.008499,0</coordinates>
      </Point>
    </Placemark>
    <Placemark>
      <name>Sem Classificação</name>
      <styleUrl>#style_sem_classificação</styleUrl>
      <Point>
        <coordinates>16.152254,-11.008391,0</coordinates>
      </Point>
    </Placemark>
    <Placemark>
      <name>Sem Classificação</name>
      <styleUrl>#style_sem_classificação</styleUrl>
      <Point>
        <coordinates>16.123195,-10.957555,0</coordinates>
      </Point>
    </Placemark>
    <Placemark>
      <name>Sem Classificação</name>
      <styleUrl>#style_sem_classificação</styleUrl>
      <Point>
        <coordinates>16.122791,-10.957313,0</coordinates>
      </Point>
    </Placemark>
    <Placemark>
      <name>Sem Classificação</name>
      <styleUrl>#style_sem_classificação</styleUrl>
      <Point>
        <coordinates>16.122573,-10.957603,0</coordinates>
      </Point>
    </Placemark>
    <Placemark>
      <name>Sem Classificação</name>
      <styleUrl>#style_sem_classificação</styleUrl>
      <Point>
        <coordinates>16.122912,-10.957810,0</coordinates>
      </Point>
    </Placemark>
    <Placemark>
      <name>Sem Classificação</name>
      <styleUrl>#style_sem_classificação</styleUrl>
      <Point>
        <coordinates>16.090659,-10.908699,0</coordinates>
      </Point>
    </Placemark>
    <Placemark>
      <name>Sem Classificação</name>
      <styleUrl>#style_sem_classificação</styleUrl>
      <Point>
        <coordinates>16.090870,-10.908780,0</coordinates>
      </Point>
    </Placemark>
    <Placemark>
      <name>Sem Classificação</name>
      <styleUrl>#style_sem_classificação</styleUrl>
      <Point>
        <coordinates>16.090832,-10.908563,0</coordinates>
      </Point>
    </Placemark>
    <Placemark>
      <name>Sem Classificação</name>
      <styleUrl>#style_sem_classificação</styleUrl>
      <Point>
        <coordinates>16.090897,-10.908726,0</coordinates>
      </Point>
    </Placemark>
    <Placemark>
      <name>Sem Classificação</name>
      <styleUrl>#style_sem_classificação</styleUrl>
      <Point>
        <coordinates>16.088235,-10.838194,0</coordinates>
      </Point>
    </Placemark>
    <Placemark>
      <name>Sem Classificação</name>
      <styleUrl>#style_sem_classificação</styleUrl>
      <Point>
        <coordinates>16.087673,-10.837283,0</coordinates>
      </Point>
    </Placemark>
    <Placemark>
      <name>Sem Classificação</name>
      <styleUrl>#style_sem_classificação</styleUrl>
      <Point>
        <coordinates>16.085626,-10.837724,0</coordinates>
      </Point>
    </Placemark>
    <Placemark>
      <name>Sem Classificação</name>
      <styleUrl>#style_sem_classificação</styleUrl>
      <Point>
        <coordinates>16.087010,-10.838388,0</coordinates>
      </Point>
    </Placemark>
    <Placemark>
      <name>Sem Classificação</name>
      <styleUrl>#style_sem_classificação</styleUrl>
      <Point>
        <coordinates>16.101580,-10.767832,0</coordinates>
      </Point>
    </Placemark>
    <Placemark>
      <name>Sem Classificação</name>
      <styleUrl>#style_sem_classificação</styleUrl>
      <Point>
        <coordinates>16.101589,-10.767597,0</coordinates>
      </Point>
    </Placemark>
    <Placemark>
      <name>Sem Classificação</name>
      <styleUrl>#style_sem_classificação</styleUrl>
      <Point>
        <coordinates>16.101324,-10.767751,0</coordinates>
      </Point>
    </Placemark>
    <Placemark>
      <name>Sem Classificação</name>
      <styleUrl>#style_sem_classificação</styleUrl>
      <Point>
        <coordinates>16.101389,-10.767941,0</coordinates>
      </Point>
    </Placemark>
    <Placemark>
      <name>Sem Classificação</name>
      <styleUrl>#style_sem_classificação</styleUrl>
      <Point>
        <coordinates>16.117108,-10.707969,0</coordinates>
      </Point>
    </Placemark>
    <Placemark>
      <name>Sem Classificação</name>
      <styleUrl>#style_sem_classificação</styleUrl>
      <Point>
        <coordinates>16.117079,-10.707580,0</coordinates>
      </Point>
    </Placemark>
    <Placemark>
      <name>Sem Classificação</name>
      <styleUrl>#style_sem_classificação</styleUrl>
      <Point>
        <coordinates>16.117108,-10.707969,0</coordinates>
      </Point>
    </Placemark>
    <Placemark>
      <name>Sem Classificação</name>
      <styleUrl>#style_sem_classificação</styleUrl>
      <Point>
        <coordinates>16.117079,-10.707580,0</coordinates>
      </Point>
    </Placemark>
    <Placemark>
      <name>Sem Classificação</name>
      <styleUrl>#style_sem_classificação</styleUrl>
      <Point>
        <coordinates>16.117409,-10.707579,0</coordinates>
      </Point>
    </Placemark>
    <Placemark>
      <name>Sem Classificação</name>
      <styleUrl>#style_sem_classificação</styleUrl>
      <Point>
        <coordinates>16.117355,-10.707850,0</coordinates>
      </Point>
    </Placemark>
    <Placemark>
      <name>Sem Classificação</name>
      <styleUrl>#style_sem_classificação</styleUrl>
      <Point>
        <coordinates>16.094311,-10.656172,0</coordinates>
      </Point>
    </Placemark>
    <Placemark>
      <name>Sem Classificação</name>
      <styleUrl>#style_sem_classificação</styleUrl>
      <Point>
        <coordinates>16.094062,-10.655603,0</coordinates>
      </Point>
    </Placemark>
    <Placemark>
      <name>Sem Classificação</name>
      <styleUrl>#style_sem_classificação</styleUrl>
      <Point>
        <coordinates>16.094519,-10.655502,0</coordinates>
      </Point>
    </Placemark>
    <Placemark>
      <name>Sem Classificação</name>
      <styleUrl>#style_sem_classificação</styleUrl>
      <Point>
        <coordinates>16.094685,-10.655773,0</coordinates>
      </Point>
    </Placemark>
    <Placemark>
      <name>Sem Classificação</name>
      <styleUrl>#style_sem_classificação</styleUrl>
      <Point>
        <coordinates>16.068562,-10.628174,0</coordinates>
      </Point>
    </Placemark>
    <Placemark>
      <name>Sem Classificação</name>
      <styleUrl>#style_sem_classificação</styleUrl>
      <Point>
        <coordinates>16.068433,-10.627912,0</coordinates>
      </Point>
    </Placemark>
    <Placemark>
      <name>Sem Classificação</name>
      <styleUrl>#style_sem_classificação</styleUrl>
      <Point>
        <coordinates>16.068624,-10.627794,0</coordinates>
      </Point>
    </Placemark>
    <Placemark>
      <name>Sem Classificação</name>
      <styleUrl>#style_sem_classificação</styleUrl>
      <Point>
        <coordinates>16.068908,-10.628010,0</coordinates>
      </Point>
    </Placemark>
    <Placemark>
      <name>Sem Classificação</name>
      <styleUrl>#style_sem_classificação</styleUrl>
      <Point>
        <coordinates>16.033068,-10.571395,0</coordinates>
      </Point>
    </Placemark>
    <Placemark>
      <name>Sem Classificação</name>
      <styleUrl>#style_sem_classificação</styleUrl>
      <Point>
        <coordinates>16.033095,-10.571187,0</coordinates>
      </Point>
    </Placemark>
    <Placemark>
      <name>Sem Classificação</name>
      <styleUrl>#style_sem_classificação</styleUrl>
      <Point>
        <coordinates>16.033333,-10.571195,0</coordinates>
      </Point>
    </Placemark>
    <Placemark>
      <name>Sem Classificação</name>
      <styleUrl>#style_sem_classificação</styleUrl>
      <Point>
        <coordinates>16.033206,-10.571521,0</coordinates>
      </Point>
    </Placemark>
    <Placemark>
      <name>Sem Classificação</name>
      <styleUrl>#style_sem_classificação</styleUrl>
      <Point>
        <coordinates>16.033306,-10.571340,0</coordinates>
      </Point>
    </Placemark>
    <Placemark>
      <name>Sem Classificação</name>
      <styleUrl>#style_sem_classificação</styleUrl>
      <Point>
        <coordinates>16.020712,-10.543737,0</coordinates>
      </Point>
    </Placemark>
    <Placemark>
      <name>Sem Classificação</name>
      <styleUrl>#style_sem_classificação</styleUrl>
      <Point>
        <coordinates>16.021032,-10.543709,0</coordinates>
      </Point>
    </Placemark>
    <Placemark>
      <name>Sem Classificação</name>
      <styleUrl>#style_sem_classificação</styleUrl>
      <Point>
        <coordinates>16.020693,-10.543547,0</coordinates>
      </Point>
    </Placemark>
    <Placemark>
      <name>Sem Classificação</name>
      <styleUrl>#style_sem_classificação</styleUrl>
      <Point>
        <coordinates>16.020858,-10.543755,0</coordinates>
      </Point>
    </Placemark>
    <Placemark>
      <name>Sem Classificação</name>
      <styleUrl>#style_sem_classificação</styleUrl>
      <Point>
        <coordinates>16.022262,-10.495569,0</coordinates>
      </Point>
    </Placemark>
    <Placemark>
      <name>Sem Classificação</name>
      <styleUrl>#style_sem_classificação</styleUrl>
      <Point>
        <coordinates>16.444533,-11.521331,0</coordinates>
      </Point>
    </Placemark>
    <Placemark>
      <name>Sem Classificação</name>
      <styleUrl>#style_sem_classificação</styleUrl>
      <Point>
        <coordinates>16.435207,-11.562252,0</coordinates>
      </Point>
    </Placemark>
    <Placemark>
      <name>Sem Classificação</name>
      <styleUrl>#style_sem_classificação</styleUrl>
      <Point>
        <coordinates>16.411832,-11.600059,0</coordinates>
      </Point>
    </Placemark>
    <Placemark>
      <name>Sem Classificação</name>
      <styleUrl>#style_sem_classificação</styleUrl>
      <Point>
        <coordinates>16.446104,-11.627338,0</coordinates>
      </Point>
    </Placemark>
    <Placemark>
      <name>Sem Classificação</name>
      <styleUrl>#style_sem_classificação</styleUrl>
      <Point>
        <coordinates>16.437442,-11.656846,0</coordinates>
      </Point>
    </Placemark>
    <Placemark>
      <name>Sem Classificação</name>
      <styleUrl>#style_sem_classificação</styleUrl>
      <Point>
        <coordinates>16.413391,-11.692732,0</coordinates>
      </Point>
    </Placemark>
    <Placemark>
      <name>Sem Classificação</name>
      <styleUrl>#style_sem_classificação</styleUrl>
      <Point>
        <coordinates>16.374003,-11.702471,0</coordinates>
      </Point>
    </Placemark>
    <Placemark>
      <name>Sem Classificação</name>
      <styleUrl>#style_sem_classificação</styleUrl>
      <Point>
        <coordinates>16.334404,-11.716771,0</coordinates>
      </Point>
    </Placemark>
    <Placemark>
      <name>Sem Classificação</name>
      <styleUrl>#style_sem_classificação</styleUrl>
      <Point>
        <coordinates>16.297549,-11.692990,0</coordinates>
      </Point>
    </Placemark>
    <Placemark>
      <name>Sem Classificação</name>
      <styleUrl>#style_sem_classificação</styleUrl>
      <Point>
        <coordinates>14.596659,-14.797683,0</coordinates>
      </Point>
    </Placemark>
    <Placemark>
      <name>Sem Classificação</name>
      <styleUrl>#style_sem_classificação</styleUrl>
      <Point>
        <coordinates>14.604715,-14.793158,0</coordinates>
      </Point>
    </Placemark>
    <Placemark>
      <name>Sem Classificação</name>
      <styleUrl>#style_sem_classificação</styleUrl>
      <Point>
        <coordinates>14.612798,-14.788741,0</coordinates>
      </Point>
    </Placemark>
    <Placemark>
      <name>Sem Classificação</name>
      <styleUrl>#style_sem_classificação</styleUrl>
      <Point>
        <coordinates>14.620871,-14.784225,0</coordinates>
      </Point>
    </Placemark>
    <Placemark>
      <name>Sem Classificação</name>
      <styleUrl>#style_sem_classificação</styleUrl>
      <Point>
        <coordinates>14.628972,-14.779790,0</coordinates>
      </Point>
    </Placemark>
    <Placemark>
      <name>Sem Classificação</name>
      <styleUrl>#style_sem_classificação</styleUrl>
      <Point>
        <coordinates>14.636990,-14.775264,0</coordinates>
      </Point>
    </Placemark>
    <Placemark>
      <name>Sem Classificação</name>
      <styleUrl>#style_sem_classificação</styleUrl>
      <Point>
        <coordinates>14.645081,-14.770801,0</coordinates>
      </Point>
    </Placemark>
    <Placemark>
      <name>Sem Classificação</name>
      <styleUrl>#style_sem_classificação</styleUrl>
      <Point>
        <coordinates>14.661179,-14.761784,0</coordinates>
      </Point>
    </Placemark>
    <Placemark>
      <name>Sem Classificação</name>
      <styleUrl>#style_sem_classificação</styleUrl>
      <Point>
        <coordinates>14.661179,-14.761784,0</coordinates>
      </Point>
    </Placemark>
    <Placemark>
      <name>Sem Classificação</name>
      <styleUrl>#style_sem_classificação</styleUrl>
      <Point>
        <coordinates>14.669213,-14.757239,0</coordinates>
      </Point>
    </Placemark>
    <Placemark>
      <name>Sem Classificação</name>
      <styleUrl>#style_sem_classificação</styleUrl>
      <Point>
        <coordinates>14.676487,-14.751635,0</coordinates>
      </Point>
    </Placemark>
    <Placemark>
      <name>Sem Classificação</name>
      <styleUrl>#style_sem_classificação</styleUrl>
      <Point>
        <coordinates>14.683455,-14.745695,0</coordinates>
      </Point>
    </Placemark>
    <Placemark>
      <name>Sem Classificação</name>
      <styleUrl>#style_sem_classificação</styleUrl>
      <Point>
        <coordinates>14.690478,-14.739810,0</coordinates>
      </Point>
    </Placemark>
    <Placemark>
      <name>Sem Classificação</name>
      <styleUrl>#style_sem_classificação</styleUrl>
      <Point>
        <coordinates>14.697389,-14.733833,0</coordinates>
      </Point>
    </Placemark>
    <Placemark>
      <name>Sem Classificação</name>
      <styleUrl>#style_sem_classificação</styleUrl>
      <Point>
        <coordinates>14.704401,-14.727957,0</coordinates>
      </Point>
    </Placemark>
    <Placemark>
      <name>Sem Classificação</name>
      <styleUrl>#style_sem_classificação</styleUrl>
      <Point>
        <coordinates>14.711349,-14.721989,0</coordinates>
      </Point>
    </Placemark>
    <Placemark>
      <name>Sem Classificação</name>
      <styleUrl>#style_sem_classificação</styleUrl>
      <Point>
        <coordinates>14.718379,-14.716112,0</coordinates>
      </Point>
    </Placemark>
    <Placemark>
      <name>Sem Classificação</name>
      <styleUrl>#style_sem_classificação</styleUrl>
      <Point>
        <coordinates>14.725559,-14.709945,0</coordinates>
      </Point>
    </Placemark>
    <Placemark>
      <name>Sem Classificação</name>
      <styleUrl>#style_sem_classificação</styleUrl>
      <Point>
        <coordinates>14.732458,-14.704167,0</coordinates>
      </Point>
    </Placemark>
    <Placemark>
      <name>Sem Classificação</name>
      <styleUrl>#style_sem_classificação</styleUrl>
      <Point>
        <coordinates>14.739516,-14.698153,0</coordinates>
      </Point>
    </Placemark>
    <Placemark>
      <name>Sem Classificação</name>
      <styleUrl>#style_sem_classificação</styleUrl>
      <Point>
        <coordinates>14.748156,-14.696273,0</coordinates>
      </Point>
    </Placemark>
    <Placemark>
      <name>Sem Classificação</name>
      <styleUrl>#style_sem_classificação</styleUrl>
      <Point>
        <coordinates>14.756982,-14.694745,0</coordinates>
      </Point>
    </Placemark>
    <Placemark>
      <name>Sem Classificação</name>
      <styleUrl>#style_sem_classificação</styleUrl>
      <Point>
        <coordinates>14.761115,-14.686576,0</coordinates>
      </Point>
    </Placemark>
    <Placemark>
      <name>Sem Classificação</name>
      <styleUrl>#style_sem_classificação</styleUrl>
      <Point>
        <coordinates>14.765313,-14.678109,0</coordinates>
      </Point>
    </Placemark>
    <Placemark>
      <name>Sem Classificação</name>
      <styleUrl>#style_sem_classificação</styleUrl>
      <Point>
        <coordinates>14.769222,-14.670400,0</coordinates>
      </Point>
    </Placemark>
    <Placemark>
      <name>Sem Classificação</name>
      <styleUrl>#style_sem_classificação</styleUrl>
      <Point>
        <coordinates>14.773373,-14.661978,0</coordinates>
      </Point>
    </Placemark>
    <Placemark>
      <name>Sem Classificação</name>
      <styleUrl>#style_sem_classificação</styleUrl>
      <Point>
        <coordinates>14.777374,-14.654107,0</coordinates>
      </Point>
    </Placemark>
    <Placemark>
      <name>Sem Classificação</name>
      <styleUrl>#style_sem_classificação</styleUrl>
      <Point>
        <coordinates>14.782573,-14.646996,0</coordinates>
      </Point>
    </Placemark>
    <Placemark>
      <name>Sem Classificação</name>
      <styleUrl>#style_sem_classificação</styleUrl>
      <Point>
        <coordinates>14.784020,-14.638977,0</coordinates>
      </Point>
    </Placemark>
    <Placemark>
      <name>Sem Classificação</name>
      <styleUrl>#style_sem_classificação</styleUrl>
      <Point>
        <coordinates>14.781614,-14.630386,0</coordinates>
      </Point>
    </Placemark>
    <Placemark>
      <name>Sem Classificação</name>
      <styleUrl>#style_sem_classificação</styleUrl>
      <Point>
        <coordinates>14.779098,-14.621044,0</coordinates>
      </Point>
    </Placemark>
    <Placemark>
      <name>Sem Classificação</name>
      <styleUrl>#style_sem_classificação</styleUrl>
      <Point>
        <coordinates>14.776739,-14.612497,0</coordinates>
      </Point>
    </Placemark>
    <Placemark>
      <name>Sem Classificação</name>
      <styleUrl>#style_sem_classificação</styleUrl>
      <Point>
        <coordinates>14.774482,-14.603933,0</coordinates>
      </Point>
    </Placemark>
    <Placemark>
      <name>Sem Classificação</name>
      <styleUrl>#style_sem_classificação</styleUrl>
      <Point>
        <coordinates>14.772132,-14.595459,0</coordinates>
      </Point>
    </Placemark>
    <Placemark>
      <name>Sem Classificação</name>
      <styleUrl>#style_sem_classificação</styleUrl>
      <Point>
        <coordinates>14.770173,-14.586578,0</coordinates>
      </Point>
    </Placemark>
    <Placemark>
      <name>Sem Classificação</name>
      <styleUrl>#style_sem_classificação</styleUrl>
      <Point>
        <coordinates>14.768316,-14.577589,0</coordinates>
      </Point>
    </Placemark>
    <Placemark>
      <name>Sem Classificação</name>
      <styleUrl>#style_sem_classificação</styleUrl>
      <Point>
        <coordinates>14.770470,-14.568983,0</coordinates>
      </Point>
    </Placemark>
    <Placemark>
      <name>Sem Classificação</name>
      <styleUrl>#style_sem_classificação</styleUrl>
      <Point>
        <coordinates>14.772670,-14.559890,0</coordinates>
      </Point>
    </Placemark>
    <Placemark>
      <name>Sem Classificação</name>
      <styleUrl>#style_sem_classificação</styleUrl>
      <Point>
        <coordinates>14.776752,-14.553483,0</coordinates>
      </Point>
    </Placemark>
    <Placemark>
      <name>Sem Classificação</name>
      <styleUrl>#style_sem_classificação</styleUrl>
      <Point>
        <coordinates>15.034971,-14.748649,0</coordinates>
      </Point>
    </Placemark>
    <Placemark>
      <name>Sem Classificação</name>
      <styleUrl>#style_sem_classificação</styleUrl>
      <Point>
        <coordinates>15.029370,-14.755882,0</coordinates>
      </Point>
    </Placemark>
    <Placemark>
      <name>Sem Classificação</name>
      <styleUrl>#style_sem_classificação</styleUrl>
      <Point>
        <coordinates>15.023442,-14.762492,0</coordinates>
      </Point>
    </Placemark>
    <Placemark>
      <name>Sem Classificação</name>
      <styleUrl>#style_sem_classificação</styleUrl>
      <Point>
        <coordinates>15.017311,-14.769364,0</coordinates>
      </Point>
    </Placemark>
    <Placemark>
      <name>Sem Classificação</name>
      <styleUrl>#style_sem_classificação</styleUrl>
      <Point>
        <coordinates>15.015202,-14.778044,0</coordinates>
      </Point>
    </Placemark>
    <Placemark>
      <name>Sem Classificação</name>
      <styleUrl>#style_sem_classificação</styleUrl>
      <Point>
        <coordinates>15.017163,-14.786281,0</coordinates>
      </Point>
    </Placemark>
    <Placemark>
      <name>Sem Classificação</name>
      <styleUrl>#style_sem_classificação</styleUrl>
      <Point>
        <coordinates>15.021216,-14.793884,0</coordinates>
      </Point>
    </Placemark>
    <Placemark>
      <name>Sem Classificação</name>
      <styleUrl>#style_sem_classificação</styleUrl>
      <Point>
        <coordinates>15.021551,-14.803269,0</coordinates>
      </Point>
    </Placemark>
    <Placemark>
      <name>Sem Classificação</name>
      <styleUrl>#style_sem_classificação</styleUrl>
      <Point>
        <coordinates>15.021896,-14.812283,0</coordinates>
      </Point>
    </Placemark>
    <Placemark>
      <name>Sem Classificação</name>
      <styleUrl>#style_sem_classificação</styleUrl>
      <Point>
        <coordinates>15.023012,-14.821243,0</coordinates>
      </Point>
    </Placemark>
    <Placemark>
      <name>Sem Classificação</name>
      <styleUrl>#style_sem_classificação</styleUrl>
      <Point>
        <coordinates>15.024899,-14.828467,0</coordinates>
      </Point>
    </Placemark>
    <Placemark>
      <name>Sem Classificação</name>
      <styleUrl>#style_sem_classificação</styleUrl>
      <Point>
        <coordinates>15.035662,-14.826278,0</coordinates>
      </Point>
    </Placemark>
    <Placemark>
      <name>Sem Classificação</name>
      <styleUrl>#style_sem_classificação</styleUrl>
      <Point>
        <coordinates>15.040626,-14.832244,0</coordinates>
      </Point>
    </Placemark>
    <Placemark>
      <name>Sem Classificação</name>
      <styleUrl>#style_sem_classificação</styleUrl>
      <Point>
        <coordinates>15.043741,-14.840372,0</coordinates>
      </Point>
    </Placemark>
    <Placemark>
      <name>Sem Classificação</name>
      <styleUrl>#style_sem_classificação</styleUrl>
      <Point>
        <coordinates>15.046922,-14.848825,0</coordinates>
      </Point>
    </Placemark>
    <Placemark>
      <name>Sem Classificação</name>
      <styleUrl>#style_sem_classificação</styleUrl>
      <Point>
        <coordinates>15.053505,-14.855659,0</coordinates>
      </Point>
    </Placemark>
    <Placemark>
      <name>Sem Classificação</name>
      <styleUrl>#style_sem_classificação</styleUrl>
      <Point>
        <coordinates>15.059549,-14.862610,0</coordinates>
      </Point>
    </Placemark>
    <Placemark>
      <name>Sem Classificação</name>
      <styleUrl>#style_sem_classificação</styleUrl>
      <Point>
        <coordinates>15.065082,-14.869371,0</coordinates>
      </Point>
    </Placemark>
    <Placemark>
      <name>Sem Classificação</name>
      <styleUrl>#style_sem_classificação</styleUrl>
      <Point>
        <coordinates>15.070717,-14.876422,0</coordinates>
      </Point>
    </Placemark>
    <Placemark>
      <name>Sem Classificação</name>
      <styleUrl>#style_sem_classificação</styleUrl>
      <Point>
        <coordinates>15.078547,-14.882052,0</coordinates>
      </Point>
    </Placemark>
    <Placemark>
      <name>Sem Classificação</name>
      <styleUrl>#style_sem_classificação</styleUrl>
      <Point>
        <coordinates>15.080130,-14.888200,0</coordinates>
      </Point>
    </Placemark>
    <Placemark>
      <name>Sem Classificação</name>
      <styleUrl>#style_sem_classificação</styleUrl>
      <Point>
        <coordinates>15.077753,-14.896491,0</coordinates>
      </Point>
    </Placemark>
    <Placemark>
      <name>Sem Classificação</name>
      <styleUrl>#style_sem_classificação</styleUrl>
      <Point>
        <coordinates>15.080006,-14.905125,0</coordinates>
      </Point>
    </Placemark>
    <Placemark>
      <name>Sem Classificação</name>
      <styleUrl>#style_sem_classificação</styleUrl>
      <Point>
        <coordinates>15.082268,-14.913795,0</coordinates>
      </Point>
    </Placemark>
    <Placemark>
      <name>Sem Classificação</name>
      <styleUrl>#style_sem_classificação</styleUrl>
      <Point>
        <coordinates>15.087385,-14.920312,0</coordinates>
      </Point>
    </Placemark>
    <Placemark>
      <name>Sem Classificação</name>
      <styleUrl>#style_sem_classificação</styleUrl>
      <Point>
        <coordinates>15.094659,-14.926141,0</coordinates>
      </Point>
    </Placemark>
    <Placemark>
      <name>Sem Classificação</name>
      <styleUrl>#style_sem_classificação</styleUrl>
      <Point>
        <coordinates>15.102571,-14.924311,0</coordinates>
      </Point>
    </Placemark>
    <Placemark>
      <name>Sem Classificação</name>
      <styleUrl>#style_sem_classificação</styleUrl>
      <Point>
        <coordinates>15.088907,-11.464620,0</coordinates>
      </Point>
    </Placemark>
    <Placemark>
      <name>Sem Classificação</name>
      <styleUrl>#style_sem_classificação</styleUrl>
      <Point>
        <coordinates>15.111909,-11.436857,0</coordinates>
      </Point>
    </Placemark>
    <Placemark>
      <name>Sem Classificação</name>
      <styleUrl>#style_sem_classificação</styleUrl>
      <Point>
        <coordinates>15.124299,-11.427573,0</coordinates>
      </Point>
    </Placemark>
    <Placemark>
      <name>Sem Classificação</name>
      <styleUrl>#style_sem_classificação</styleUrl>
      <Point>
        <coordinates>15.130684,-11.415750,0</coordinates>
      </Point>
    </Placemark>
    <Placemark>
      <name>Sem Classificação</name>
      <styleUrl>#style_sem_classificação</styleUrl>
      <Point>
        <coordinates>15.139171,-11.393888,0</coordinates>
      </Point>
    </Placemark>
    <Placemark>
      <name>Sem Classificação</name>
      <styleUrl>#style_sem_classificação</styleUrl>
      <Point>
        <coordinates>15.136450,-11.398583,0</coordinates>
      </Point>
    </Placemark>
    <Placemark>
      <name>Sem Classificação</name>
      <styleUrl>#style_sem_classificação</styleUrl>
      <Point>
        <coordinates>15.131136,-11.382089,0</coordinates>
      </Point>
    </Placemark>
    <Placemark>
      <name>Sem Classificação</name>
      <styleUrl>#style_sem_classificação</styleUrl>
      <Point>
        <coordinates>15.122130,-11.370807,0</coordinates>
      </Point>
    </Placemark>
    <Placemark>
      <name>Sem Classificação</name>
      <styleUrl>#style_sem_classificação</styleUrl>
      <Point>
        <coordinates>15.118766,-11.371152,0</coordinates>
      </Point>
    </Placemark>
    <Placemark>
      <name>Sem Classificação</name>
      <styleUrl>#style_sem_classificação</styleUrl>
      <Point>
        <coordinates>15.078779,-11.477655,0</coordinates>
      </Point>
    </Placemark>
    <Placemark>
      <name>Sem Classificação</name>
      <styleUrl>#style_sem_classificação</styleUrl>
      <Point>
        <coordinates>15.734119,-9.466566,0</coordinates>
      </Point>
    </Placemark>
    <Placemark>
      <name>Sem Classificação</name>
      <styleUrl>#style_sem_classificação</styleUrl>
      <Point>
        <coordinates>15.732209,-9.506545,0</coordinates>
      </Point>
    </Placemark>
    <Placemark>
      <name>Sem Classificação</name>
      <styleUrl>#style_sem_classificação</styleUrl>
      <Point>
        <coordinates>15.732991,-9.548418,0</coordinates>
      </Point>
    </Placemark>
    <Placemark>
      <name>Sem Classificação</name>
      <styleUrl>#style_sem_classificação</styleUrl>
      <Point>
        <coordinates>15.704721,-9.585250,0</coordinates>
      </Point>
    </Placemark>
    <Placemark>
      <name>Sem Classificação</name>
      <styleUrl>#style_sem_classificação</styleUrl>
      <Point>
        <coordinates>15.667063,-9.610549,0</coordinates>
      </Point>
    </Placemark>
    <Placemark>
      <name>Sem Classificação</name>
      <styleUrl>#style_sem_classificação</styleUrl>
      <Point>
        <coordinates>15.626407,-9.615101,0</coordinates>
      </Point>
    </Placemark>
    <Placemark>
      <name>Sem Classificação</name>
      <styleUrl>#style_sem_classificação</styleUrl>
      <Point>
        <coordinates>15.582905,-9.628545,0</coordinates>
      </Point>
    </Placemark>
    <Placemark>
      <name>Sem Classificação</name>
      <styleUrl>#style_sem_classificação</styleUrl>
      <Point>
        <coordinates>15.546236,-9.654725,0</coordinates>
      </Point>
    </Placemark>
    <Placemark>
      <name>Sem Classificação</name>
      <styleUrl>#style_sem_classificação</styleUrl>
      <Point>
        <coordinates>15.511132,-9.682274,0</coordinates>
      </Point>
    </Placemark>
    <Placemark>
      <name>Sem Classificação</name>
      <styleUrl>#style_sem_classificação</styleUrl>
      <Point>
        <coordinates>15.480205,-9.716046,0</coordinates>
      </Point>
    </Placemark>
    <Placemark>
      <name>Sem Classificação</name>
      <styleUrl>#style_sem_classificação</styleUrl>
      <Point>
        <coordinates>15.449948,-9.749642,0</coordinates>
      </Point>
    </Placemark>
    <Placemark>
      <name>Sem Classificação</name>
      <styleUrl>#style_sem_classificação</styleUrl>
      <Point>
        <coordinates>16.341384,-9.508427,0</coordinates>
      </Point>
    </Placemark>
    <Placemark>
      <name>Sem Classificação</name>
      <styleUrl>#style_sem_classificação</styleUrl>
      <Point>
        <coordinates>16.341644,-9.509719,0</coordinates>
      </Point>
    </Placemark>
    <Placemark>
      <name>Sem Classificação</name>
      <styleUrl>#style_sem_classificação</styleUrl>
      <Point>
        <coordinates>16.342841,-9.508358,0</coordinates>
      </Point>
    </Placemark>
    <Placemark>
      <name>Sem Classificação</name>
      <styleUrl>#style_sem_classificação</styleUrl>
      <Point>
        <coordinates>16.343494,-8.033311,0</coordinates>
      </Point>
    </Placemark>
    <Placemark>
      <name>Sem Classificação</name>
      <styleUrl>#style_sem_classificação</styleUrl>
      <Point>
        <coordinates>16.358234,-8.026905,0</coordinates>
      </Point>
    </Placemark>
    <Placemark>
      <name>Sem Classificação</name>
      <styleUrl>#style_sem_classificação</styleUrl>
      <Point>
        <coordinates>16.346700,-8.039874,0</coordinates>
      </Point>
    </Placemark>
    <Placemark>
      <name>Sem Classificação</name>
      <styleUrl>#style_sem_classificação</styleUrl>
      <Point>
        <coordinates>16.350596,-8.027418,0</coordinates>
      </Point>
    </Placemark>
    <Placemark>
      <name>Sem Classificação</name>
      <styleUrl>#style_sem_classificação</styleUrl>
      <Point>
        <coordinates>16.348164,-8.029814,0</coordinates>
      </Point>
    </Placemark>
    <Placemark>
      <name>Sem Classificação</name>
      <styleUrl>#style_sem_classificação</styleUrl>
      <Point>
        <coordinates>16.425533,-9.791256,0</coordinates>
      </Point>
    </Placemark>
    <Placemark>
      <name>Sem Classificação</name>
      <styleUrl>#style_sem_classificação</styleUrl>
      <Point>
        <coordinates>16.156719,-8.355580,0</coordinates>
      </Point>
    </Placemark>
    <Placemark>
      <name>Sem Classificação</name>
      <styleUrl>#style_sem_classificação</styleUrl>
      <Point>
        <coordinates>15.604776,-9.622475,0</coordinates>
      </Point>
    </Placemark>
    <Placemark>
      <name>Sem Classificação</name>
      <styleUrl>#style_sem_classificação</styleUrl>
      <Point>
        <coordinates>16.160709,-8.353480,0</coordinates>
      </Point>
    </Placemark>
    <Placemark>
      <name>Sem Classificação</name>
      <styleUrl>#style_sem_classificação</styleUrl>
      <Point>
        <coordinates>16.718859,-9.393590,0</coordinates>
      </Point>
    </Placemark>
    <Placemark>
      <name>Sem Classificação</name>
      <styleUrl>#style_sem_classificação</styleUrl>
      <Point>
        <coordinates>16.477265,-8.924075,0</coordinates>
      </Point>
    </Placemark>
    <Placemark>
      <name>Sem Classificação</name>
      <styleUrl>#style_sem_classificação</styleUrl>
      <Point>
        <coordinates>16.472703,-9.585234,0</coordinates>
      </Point>
    </Placemark>
    <Placemark>
      <name>Sem Classificação</name>
      <styleUrl>#style_sem_classificação</styleUrl>
      <Point>
        <coordinates>16.472658,-9.585343,0</coordinates>
      </Point>
    </Placemark>
    <Placemark>
      <name>Sem Classificação</name>
      <styleUrl>#style_sem_classificação</styleUrl>
      <Point>
        <coordinates>16.472958,-9.585342,0</coordinates>
      </Point>
    </Placemark>
    <Placemark>
      <name>Sem Classificação</name>
      <styleUrl>#style_sem_classificação</styleUrl>
      <Point>
        <coordinates>16.472977,-9.585540,0</coordinates>
      </Point>
    </Placemark>
    <Placemark>
      <name>Sem Classificação</name>
      <styleUrl>#style_sem_classificação</styleUrl>
      <Point>
        <coordinates>16.521769,-9.615511,0</coordinates>
      </Point>
    </Placemark>
    <Placemark>
      <name>Sem Classificação</name>
      <styleUrl>#style_sem_classificação</styleUrl>
      <Point>
        <coordinates>16.521211,-9.615125,0</coordinates>
      </Point>
    </Placemark>
    <Placemark>
      <name>Sem Classificação</name>
      <styleUrl>#style_sem_classificação</styleUrl>
      <Point>
        <coordinates>16.521053,-9.616382,0</coordinates>
      </Point>
    </Placemark>
    <Placemark>
      <name>Sem Classificação</name>
      <styleUrl>#style_sem_classificação</styleUrl>
      <Point>
        <coordinates>16.521388,-9.615983,0</coordinates>
      </Point>
    </Placemark>
    <Placemark>
      <name>Sem Classificação</name>
      <styleUrl>#style_sem_classificação</styleUrl>
      <Point>
        <coordinates>16.625768,-9.632903,0</coordinates>
      </Point>
    </Placemark>
    <Placemark>
      <name>Sem Classificação</name>
      <styleUrl>#style_sem_classificação</styleUrl>
      <Point>
        <coordinates>16.625696,-9.632958,0</coordinates>
      </Point>
    </Placemark>
    <Placemark>
      <name>Sem Classificação</name>
      <styleUrl>#style_sem_classificação</styleUrl>
      <Point>
        <coordinates>16.626050,-9.632775,0</coordinates>
      </Point>
    </Placemark>
    <Placemark>
      <name>Sem Classificação</name>
      <styleUrl>#style_sem_classificação</styleUrl>
      <Point>
        <coordinates>16.626088,-9.632992,0</coordinates>
      </Point>
    </Placemark>
    <Placemark>
      <name>Sem Classificação</name>
      <styleUrl>#style_sem_classificação</styleUrl>
      <Point>
        <coordinates>16.632828,-9.634642,0</coordinates>
      </Point>
    </Placemark>
    <Placemark>
      <name>Sem Classificação</name>
      <styleUrl>#style_sem_classificação</styleUrl>
      <Point>
        <coordinates>16.632992,-9.634614,0</coordinates>
      </Point>
    </Placemark>
    <Placemark>
      <name>Sem Classificação</name>
      <styleUrl>#style_sem_classificação</styleUrl>
      <Point>
        <coordinates>16.632820,-9.634786,0</coordinates>
      </Point>
    </Placemark>
    <Placemark>
      <name>Sem Classificação</name>
      <styleUrl>#style_sem_classificação</styleUrl>
      <Point>
        <coordinates>16.633038,-9.634695,0</coordinates>
      </Point>
    </Placemark>
    <Placemark>
      <name>Sem Classificação</name>
      <styleUrl>#style_sem_classificação</styleUrl>
      <Point>
        <coordinates>16.870204,-9.783033,0</coordinates>
      </Point>
    </Placemark>
    <Placemark>
      <name>Sem Classificação</name>
      <styleUrl>#style_sem_classificação</styleUrl>
      <Point>
        <coordinates>16.871701,-9.783576,0</coordinates>
      </Point>
    </Placemark>
    <Placemark>
      <name>Sem Classificação</name>
      <styleUrl>#style_sem_classificação</styleUrl>
      <Point>
        <coordinates>16.871215,-9.782901,0</coordinates>
      </Point>
    </Placemark>
    <Placemark>
      <name>Sem Classificação</name>
      <styleUrl>#style_sem_classificação</styleUrl>
      <Point>
        <coordinates>16.870615,-9.783311,0</coordinates>
      </Point>
    </Placemark>
    <Placemark>
      <name>Sem Classificação</name>
      <styleUrl>#style_sem_classificação</styleUrl>
      <Point>
        <coordinates>16.898863,-9.804805,0</coordinates>
      </Point>
    </Placemark>
    <Placemark>
      <name>Sem Classificação</name>
      <styleUrl>#style_sem_classificação</styleUrl>
      <Point>
        <coordinates>16.898599,-9.804851,0</coordinates>
      </Point>
    </Placemark>
    <Placemark>
      <name>Sem Classificação</name>
      <styleUrl>#style_sem_classificação</styleUrl>
      <Point>
        <coordinates>16.898663,-9.804996,0</coordinates>
      </Point>
    </Placemark>
    <Placemark>
      <name>Sem Classificação</name>
      <styleUrl>#style_sem_classificação</styleUrl>
      <Point>
        <coordinates>16.898873,-9.804931,0</coordinates>
      </Point>
    </Placemark>
    <Placemark>
      <name>Sem Classificação</name>
      <styleUrl>#style_sem_classificação</styleUrl>
      <Point>
        <coordinates>16.954521,-9.841678,0</coordinates>
      </Point>
    </Placemark>
    <Placemark>
      <name>Sem Classificação</name>
      <styleUrl>#style_sem_classificação</styleUrl>
      <Point>
        <coordinates>16.954887,-9.841856,0</coordinates>
      </Point>
    </Placemark>
    <Placemark>
      <name>Sem Classificação</name>
      <styleUrl>#style_sem_classificação</styleUrl>
      <Point>
        <coordinates>16.954577,-9.841840,0</coordinates>
      </Point>
    </Placemark>
    <Placemark>
      <name>Sem Classificação</name>
      <styleUrl>#style_sem_classificação</styleUrl>
      <Point>
        <coordinates>16.954749,-9.841749,0</coordinates>
      </Point>
    </Placemark>
    <Placemark>
      <name>Sem Classificação</name>
      <styleUrl>#style_sem_classificação</styleUrl>
      <Point>
        <coordinates>17.050396,-9.920500,0</coordinates>
      </Point>
    </Placemark>
    <Placemark>
      <name>Sem Classificação</name>
      <styleUrl>#style_sem_classificação</styleUrl>
      <Point>
        <coordinates>17.050239,-9.920248,0</coordinates>
      </Point>
    </Placemark>
    <Placemark>
      <name>Sem Classificação</name>
      <styleUrl>#style_sem_classificação</styleUrl>
      <Point>
        <coordinates>17.050613,-9.920282,0</coordinates>
      </Point>
    </Placemark>
    <Placemark>
      <name>Sem Classificação</name>
      <styleUrl>#style_sem_classificação</styleUrl>
      <Point>
        <coordinates>17.050204,-9.920402,0</coordinates>
      </Point>
    </Placemark>
    <Placemark>
      <name>Sem Classificação</name>
      <styleUrl>#style_sem_classificação</styleUrl>
      <Point>
        <coordinates>14.540364,-9.667044,0</coordinates>
      </Point>
    </Placemark>
    <Placemark>
      <name>Sem Classificação</name>
      <styleUrl>#style_sem_classificação</styleUrl>
      <Point>
        <coordinates>14.540975,-9.666782,0</coordinates>
      </Point>
    </Placemark>
    <Placemark>
      <name>Sem Classificação</name>
      <styleUrl>#style_sem_classificação</styleUrl>
      <Point>
        <coordinates>14.541157,-9.667199,0</coordinates>
      </Point>
    </Placemark>
    <Placemark>
      <name>Sem Classificação</name>
      <styleUrl>#style_sem_classificação</styleUrl>
      <Point>
        <coordinates>14.540701,-9.667288,0</coordinates>
      </Point>
    </Placemark>
    <Placemark>
      <name>Sem Classificação</name>
      <styleUrl>#style_sem_classificação</styleUrl>
      <Point>
        <coordinates>14.559370,-9.666110,0</coordinates>
      </Point>
    </Placemark>
    <Placemark>
      <name>Sem Classificação</name>
      <styleUrl>#style_sem_classificação</styleUrl>
      <Point>
        <coordinates>14.559443,-9.666273,0</coordinates>
      </Point>
    </Placemark>
    <Placemark>
      <name>Sem Classificação</name>
      <styleUrl>#style_sem_classificação</styleUrl>
      <Point>
        <coordinates>14.559115,-9.666101,0</coordinates>
      </Point>
    </Placemark>
    <Placemark>
      <name>Sem Classificação</name>
      <styleUrl>#style_sem_classificação</styleUrl>
      <Point>
        <coordinates>14.559151,-9.666272,0</coordinates>
      </Point>
    </Placemark>
    <Placemark>
      <name>Sem Classificação</name>
      <styleUrl>#style_sem_classificação</styleUrl>
      <Point>
        <coordinates>14.633094,-9.673161,0</coordinates>
      </Point>
    </Placemark>
    <Placemark>
      <name>Sem Classificação</name>
      <styleUrl>#style_sem_classificação</styleUrl>
      <Point>
        <coordinates>14.633186,-9.673116,0</coordinates>
      </Point>
    </Placemark>
    <Placemark>
      <name>Sem Classificação</name>
      <styleUrl>#style_sem_classificação</styleUrl>
      <Point>
        <coordinates>14.633249,-9.673197,0</coordinates>
      </Point>
    </Placemark>
    <Placemark>
      <name>Sem Classificação</name>
      <styleUrl>#style_sem_classificação</styleUrl>
      <Point>
        <coordinates>14.633149,-9.673242,0</coordinates>
      </Point>
    </Placemark>
    <Placemark>
      <name>Sem Classificação</name>
      <styleUrl>#style_sem_classificação</styleUrl>
      <Point>
        <coordinates>14.696416,-9.686419,0</coordinates>
      </Point>
    </Placemark>
    <Placemark>
      <name>Sem Classificação</name>
      <styleUrl>#style_sem_classificação</styleUrl>
      <Point>
        <coordinates>14.696617,-9.686365,0</coordinates>
      </Point>
    </Placemark>
    <Placemark>
      <name>Sem Classificação</name>
      <styleUrl>#style_sem_classificação</styleUrl>
      <Point>
        <coordinates>14.696188,-9.686554,0</coordinates>
      </Point>
    </Placemark>
    <Placemark>
      <name>Sem Classificação</name>
      <styleUrl>#style_sem_classificação</styleUrl>
      <Point>
        <coordinates>14.696753,-9.686627,0</coordinates>
      </Point>
    </Placemark>
    <Placemark>
      <name>Sem Classificação</name>
      <styleUrl>#style_sem_classificação</styleUrl>
      <Point>
        <coordinates>14.751802,-9.687585,0</coordinates>
      </Point>
    </Placemark>
    <Placemark>
      <name>Sem Classificação</name>
      <styleUrl>#style_sem_classificação</styleUrl>
      <Point>
        <coordinates>14.751000,-9.688235,0</coordinates>
      </Point>
    </Placemark>
    <Placemark>
      <name>Sem Classificação</name>
      <styleUrl>#style_sem_classificação</styleUrl>
      <Point>
        <coordinates>14.750800,-9.687738,0</coordinates>
      </Point>
    </Placemark>
    <Placemark>
      <name>Sem Classificação</name>
      <styleUrl>#style_sem_classificação</styleUrl>
      <Point>
        <coordinates>14.752030,-9.687965,0</coordinates>
      </Point>
    </Placemark>
    <Placemark>
      <name>Sem Classificação</name>
      <styleUrl>#style_sem_classificação</styleUrl>
      <Point>
        <coordinates>14.831506,-9.662055,0</coordinates>
      </Point>
    </Placemark>
    <Placemark>
      <name>Sem Classificação</name>
      <styleUrl>#style_sem_classificação</styleUrl>
      <Point>
        <coordinates>14.831415,-9.661657,0</coordinates>
      </Point>
    </Placemark>
    <Placemark>
      <name>Sem Classificação</name>
      <styleUrl>#style_sem_classificação</styleUrl>
      <Point>
        <coordinates>14.831934,-9.661883,0</coordinates>
      </Point>
    </Placemark>
    <Placemark>
      <name>Sem Classificação</name>
      <styleUrl>#style_sem_classificação</styleUrl>
      <Point>
        <coordinates>14.831223,-9.661801,0</coordinates>
      </Point>
    </Placemark>
    <Placemark>
      <name>Sem Classificação</name>
      <styleUrl>#style_sem_classificação</styleUrl>
      <Point>
        <coordinates>14.926525,-9.648222,0</coordinates>
      </Point>
    </Placemark>
    <Placemark>
      <name>Sem Classificação</name>
      <styleUrl>#style_sem_classificação</styleUrl>
      <Point>
        <coordinates>14.926753,-9.648204,0</coordinates>
      </Point>
    </Placemark>
    <Placemark>
      <name>Sem Classificação</name>
      <styleUrl>#style_sem_classificação</styleUrl>
      <Point>
        <coordinates>14.926553,-9.648349,0</coordinates>
      </Point>
    </Placemark>
    <Placemark>
      <name>Sem Classificação</name>
      <styleUrl>#style_sem_classificação</styleUrl>
      <Point>
        <coordinates>14.926808,-9.648322,0</coordinates>
      </Point>
    </Placemark>
    <Placemark>
      <name>Sem Classificação</name>
      <styleUrl>#style_sem_classificação</styleUrl>
      <Point>
        <coordinates>15.023363,-9.676865,0</coordinates>
      </Point>
    </Placemark>
    <Placemark>
      <name>Sem Classificação</name>
      <styleUrl>#style_sem_classificação</styleUrl>
      <Point>
        <coordinates>15.023719,-9.676639,0</coordinates>
      </Point>
    </Placemark>
    <Placemark>
      <name>Sem Classificação</name>
      <styleUrl>#style_sem_classificação</styleUrl>
      <Point>
        <coordinates>15.023928,-9.676829,0</coordinates>
      </Point>
    </Placemark>
    <Placemark>
      <name>Sem Classificação</name>
      <styleUrl>#style_sem_classificação</styleUrl>
      <Point>
        <coordinates>15.023710,-9.676938,0</coordinates>
      </Point>
    </Placemark>
    <Placemark>
      <name>Sem Classificação</name>
      <styleUrl>#style_sem_classificação</styleUrl>
      <Point>
        <coordinates>15.144454,-9.696336,0</coordinates>
      </Point>
    </Placemark>
    <Placemark>
      <name>Sem Classificação</name>
      <styleUrl>#style_sem_classificação</styleUrl>
      <Point>
        <coordinates>15.144691,-9.696354,0</coordinates>
      </Point>
    </Placemark>
    <Placemark>
      <name>Sem Classificação</name>
      <styleUrl>#style_sem_classificação</styleUrl>
      <Point>
        <coordinates>15.144663,-9.695965,0</coordinates>
      </Point>
    </Placemark>
    <Placemark>
      <name>Sem Classificação</name>
      <styleUrl>#style_sem_classificação</styleUrl>
      <Point>
        <coordinates>15.145639,-9.696444,0</coordinates>
      </Point>
    </Placemark>
    <Placemark>
      <name>Sem Classificação</name>
      <styleUrl>#style_sem_classificação</styleUrl>
      <Point>
        <coordinates>15.231262,-9.689930,0</coordinates>
      </Point>
    </Placemark>
    <Placemark>
      <name>Sem Classificação</name>
      <styleUrl>#style_sem_classificação</styleUrl>
      <Point>
        <coordinates>15.232493,-9.690101,0</coordinates>
      </Point>
    </Placemark>
    <Placemark>
      <name>Sem Classificação</name>
      <styleUrl>#style_sem_classificação</styleUrl>
      <Point>
        <coordinates>15.231271,-9.690183,0</coordinates>
      </Point>
    </Placemark>
    <Placemark>
      <name>Sem Classificação</name>
      <styleUrl>#style_sem_classificação</styleUrl>
      <Point>
        <coordinates>15.231818,-9.689866,0</coordinates>
      </Point>
    </Placemark>
    <Placemark>
      <name>Sem Classificação</name>
      <styleUrl>#style_sem_classificação</styleUrl>
      <Point>
        <coordinates>13.220487,-8.837556,0</coordinates>
      </Point>
    </Placemark>
    <Placemark>
      <name>Sem Classificação</name>
      <styleUrl>#style_sem_classificação</styleUrl>
      <Point>
        <coordinates>13.260776,-8.842836,0</coordinates>
      </Point>
    </Placemark>
    <Placemark>
      <name>Sem Classificação</name>
      <styleUrl>#style_sem_classificação</styleUrl>
      <Point>
        <coordinates>13.260767,-8.842953,0</coordinates>
      </Point>
    </Placemark>
    <Placemark>
      <name>Sem Classificação</name>
      <styleUrl>#style_sem_classificação</styleUrl>
      <Point>
        <coordinates>13.192402,-8.900374,0</coordinates>
      </Point>
    </Placemark>
    <Placemark>
      <name>Sem Classificação</name>
      <styleUrl>#style_sem_classificação</styleUrl>
      <Point>
        <coordinates>13.192328,-8.900482,0</coordinates>
      </Point>
    </Placemark>
    <Placemark>
      <name>Sem Classificação</name>
      <styleUrl>#style_sem_classificação</styleUrl>
      <Point>
        <coordinates>13.388863,-8.767413,0</coordinates>
      </Point>
    </Placemark>
    <Placemark>
      <name>Sem Classificação</name>
      <styleUrl>#style_sem_classificação</styleUrl>
      <Point>
        <coordinates>13.388784,-8.767745,0</coordinates>
      </Point>
    </Placemark>
    <Placemark>
      <name>Sem Classificação</name>
      <styleUrl>#style_sem_classificação</styleUrl>
      <Point>
        <coordinates>13.389085,-8.767667,0</coordinates>
      </Point>
    </Placemark>
    <Placemark>
      <name>Sem Classificação</name>
      <styleUrl>#style_sem_classificação</styleUrl>
      <Point>
        <coordinates>15.073755,-14.923282,0</coordinates>
      </Point>
    </Placemark>
    <Placemark>
      <name>Sem Classificação</name>
      <styleUrl>#style_sem_classificação</styleUrl>
      <Point>
        <coordinates>13.284457,-8.951835,0</coordinates>
      </Point>
    </Placemark>
    <Placemark>
      <name>Sem Classificação</name>
      <styleUrl>#style_sem_classificação</styleUrl>
      <Point>
        <coordinates>13.285754,-8.952947,0</coordinates>
      </Point>
    </Placemark>
    <Placemark>
      <name>Sem Classificação</name>
      <styleUrl>#style_sem_classificação</styleUrl>
      <Point>
        <coordinates>13.285453,-8.953531,0</coordinates>
      </Point>
    </Placemark>
    <Placemark>
      <name>Sem Classificação</name>
      <styleUrl>#style_sem_classificação</styleUrl>
      <Point>
        <coordinates>13.285524,-8.954251,0</coordinates>
      </Point>
    </Placemark>
    <Placemark>
      <name>Sem Classificação</name>
      <styleUrl>#style_sem_classificação</styleUrl>
      <Point>
        <coordinates>13.284422,-8.953939,0</coordinates>
      </Point>
    </Placemark>
    <Placemark>
      <name>Sem Classificação</name>
      <styleUrl>#style_sem_classificação</styleUrl>
      <Point>
        <coordinates>13.283965,-8.953352,0</coordinates>
      </Point>
    </Placemark>
    <Placemark>
      <name>Sem Classificação</name>
      <styleUrl>#style_sem_classificação</styleUrl>
      <Point>
        <coordinates>13.730576,-8.396775,0</coordinates>
      </Point>
    </Placemark>
    <Placemark>
      <name>Sem Classificação</name>
      <styleUrl>#style_sem_classificação</styleUrl>
      <Point>
        <coordinates>13.730576,-8.396775,0</coordinates>
      </Point>
    </Placemark>
    <Placemark>
      <name>Sem Classificação</name>
      <styleUrl>#style_sem_classificação</styleUrl>
      <Point>
        <coordinates>13.730790,-8.396440,0</coordinates>
      </Point>
    </Placemark>
    <Placemark>
      <name>Sem Classificação</name>
      <styleUrl>#style_sem_classificação</styleUrl>
      <Point>
        <coordinates>13.730790,-8.396440,0</coordinates>
      </Point>
    </Placemark>
    <Placemark>
      <name>Sem Classificação</name>
      <styleUrl>#style_sem_classificação</styleUrl>
      <Point>
        <coordinates>13.804844,-8.336786,0</coordinates>
      </Point>
    </Placemark>
    <Placemark>
      <name>Sem Classificação</name>
      <styleUrl>#style_sem_classificação</styleUrl>
      <Point>
        <coordinates>13.804844,-8.336786,0</coordinates>
      </Point>
    </Placemark>
    <Placemark>
      <name>Sem Classificação</name>
      <styleUrl>#style_sem_classificação</styleUrl>
      <Point>
        <coordinates>13.805091,-8.336774,0</coordinates>
      </Point>
    </Placemark>
    <Placemark>
      <name>Sem Classificação</name>
      <styleUrl>#style_sem_classificação</styleUrl>
      <Point>
        <coordinates>13.805091,-8.336774,0</coordinates>
      </Point>
    </Placemark>
    <Placemark>
      <name>Sem Classificação</name>
      <styleUrl>#style_sem_classificação</styleUrl>
      <Point>
        <coordinates>15.734119,-9.466566,0</coordinates>
      </Point>
    </Placemark>
    <Placemark>
      <name>Sem Classificação</name>
      <styleUrl>#style_sem_classificação</styleUrl>
      <Point>
        <coordinates>15.732209,-9.506545,0</coordinates>
      </Point>
    </Placemark>
    <Placemark>
      <name>Sem Classificação</name>
      <styleUrl>#style_sem_classificação</styleUrl>
      <Point>
        <coordinates>15.732991,-9.548418,0</coordinates>
      </Point>
    </Placemark>
    <Placemark>
      <name>Sem Classificação</name>
      <styleUrl>#style_sem_classificação</styleUrl>
      <Point>
        <coordinates>15.704721,-9.585250,0</coordinates>
      </Point>
    </Placemark>
    <Placemark>
      <name>Sem Classificação</name>
      <styleUrl>#style_sem_classificação</styleUrl>
      <Point>
        <coordinates>15.667063,-9.610549,0</coordinates>
      </Point>
    </Placemark>
    <Placemark>
      <name>Sem Classificação</name>
      <styleUrl>#style_sem_classificação</styleUrl>
      <Point>
        <coordinates>15.626407,-9.615101,0</coordinates>
      </Point>
    </Placemark>
    <Placemark>
      <name>Sem Classificação</name>
      <styleUrl>#style_sem_classificação</styleUrl>
      <Point>
        <coordinates>15.582905,-9.628545,0</coordinates>
      </Point>
    </Placemark>
    <Placemark>
      <name>Sem Classificação</name>
      <styleUrl>#style_sem_classificação</styleUrl>
      <Point>
        <coordinates>15.546236,-9.654725,0</coordinates>
      </Point>
    </Placemark>
    <Placemark>
      <name>Sem Classificação</name>
      <styleUrl>#style_sem_classificação</styleUrl>
      <Point>
        <coordinates>15.511132,-9.682274,0</coordinates>
      </Point>
    </Placemark>
    <Placemark>
      <name>Sem Classificação</name>
      <styleUrl>#style_sem_classificação</styleUrl>
      <Point>
        <coordinates>15.480205,-9.716046,0</coordinates>
      </Point>
    </Placemark>
    <Placemark>
      <name>Sem Classificação</name>
      <styleUrl>#style_sem_classificação</styleUrl>
      <Point>
        <coordinates>15.449948,-9.749642,0</coordinates>
      </Point>
    </Placemark>
    <Placemark>
      <name>Sem Classificação</name>
      <styleUrl>#style_sem_classificação</styleUrl>
      <Point>
        <coordinates>13.386437,-8.913858,0</coordinates>
      </Point>
    </Placemark>
    <Placemark>
      <name>Sem Classificação</name>
      <styleUrl>#style_sem_classificação</styleUrl>
      <Point>
        <coordinates>13.386653,-8.914200,0</coordinates>
      </Point>
    </Placemark>
    <Placemark>
      <name>Sem Classificação</name>
      <styleUrl>#style_sem_classificação</styleUrl>
      <Point>
        <coordinates>13.386291,-8.914231,0</coordinates>
      </Point>
    </Placemark>
    <Placemark>
      <name>Sem Classificação</name>
      <styleUrl>#style_sem_classificação</styleUrl>
      <Point>
        <coordinates>13.386494,-8.914544,0</coordinates>
      </Point>
    </Placemark>
    <Placemark>
      <name>Sem Classificação</name>
      <styleUrl>#style_sem_classificação</styleUrl>
      <Point>
        <coordinates>13.857864,-9.154235,0</coordinates>
      </Point>
    </Placemark>
    <Placemark>
      <name>Sem Classificação</name>
      <styleUrl>#style_sem_classificação</styleUrl>
      <Point>
        <coordinates>16.276263,-14.657049,0</coordinates>
      </Point>
    </Placemark>
    <Placemark>
      <name>Sem Classificação</name>
      <styleUrl>#style_sem_classificação</styleUrl>
      <Point>
        <coordinates>16.272485,-14.673413,0</coordinates>
      </Point>
    </Placemark>
    <Placemark>
      <name>Sem Classificação</name>
      <styleUrl>#style_sem_classificação</styleUrl>
      <Point>
        <coordinates>16.275314,-14.693619,0</coordinates>
      </Point>
    </Placemark>
    <Placemark>
      <name>Sem Classificação</name>
      <styleUrl>#style_sem_classificação</styleUrl>
      <Point>
        <coordinates>16.276370,-14.796790,0</coordinates>
      </Point>
    </Placemark>
    <Placemark>
      <name>Sem Classificação</name>
      <styleUrl>#style_sem_classificação</styleUrl>
      <Point>
        <coordinates>16.241502,-14.670661,0</coordinates>
      </Point>
    </Placemark>
    <Placemark>
      <name>Sem Classificação</name>
      <styleUrl>#style_sem_classificação</styleUrl>
      <Point>
        <coordinates>16.208656,-14.915184,0</coordinates>
      </Point>
    </Placemark>
    <Placemark>
      <name>Sem Classificação</name>
      <styleUrl>#style_sem_classificação</styleUrl>
      <Point>
        <coordinates>16.122810,-15.046607,0</coordinates>
      </Point>
    </Placemark>
    <Placemark>
      <name>Sem Classificação</name>
      <styleUrl>#style_sem_classificação</styleUrl>
      <Point>
        <coordinates>16.095265,-15.093613,0</coordinates>
      </Point>
    </Placemark>
    <Placemark>
      <name>Sem Classificação</name>
      <styleUrl>#style_sem_classificação</styleUrl>
      <Point>
        <coordinates>16.088344,-15.179587,0</coordinates>
      </Point>
    </Placemark>
    <Placemark>
      <name>Sem Classificação</name>
      <styleUrl>#style_sem_classificação</styleUrl>
      <Point>
        <coordinates>16.062447,-15.220127,0</coordinates>
      </Point>
    </Placemark>
    <Placemark>
      <name>Sem Classificação</name>
      <styleUrl>#style_sem_classificação</styleUrl>
      <Point>
        <coordinates>16.036396,-15.246391,0</coordinates>
      </Point>
    </Placemark>
    <Placemark>
      <name>Sem Classificação</name>
      <styleUrl>#style_sem_classificação</styleUrl>
      <Point>
        <coordinates>15.996596,-15.302582,0</coordinates>
      </Point>
    </Placemark>
    <Placemark>
      <name>Sem Classificação</name>
      <styleUrl>#style_sem_classificação</styleUrl>
      <Point>
        <coordinates>15.950258,-15.419398,0</coordinates>
      </Point>
    </Placemark>
    <Placemark>
      <name>Sem Classificação</name>
      <styleUrl>#style_sem_classificação</styleUrl>
      <Point>
        <coordinates>14.833970,-8.497596,0</coordinates>
      </Point>
    </Placemark>
    <Placemark>
      <name>Sem Classificação</name>
      <styleUrl>#style_sem_classificação</styleUrl>
      <Point>
        <coordinates>14.918048,-8.525185,0</coordinates>
      </Point>
    </Placemark>
    <Placemark>
      <name>Verde</name>
      <styleUrl>#style_verde</styleUrl>
      <Point>
        <coordinates>13.765026,-9.130301,0</coordinates>
      </Point>
    </Placemark>
    <Placemark>
      <name>Vermelho</name>
      <styleUrl>#style_vermelho</styleUrl>
      <Point>
        <coordinates>14.420974,-9.662992,0</coordinates>
      </Point>
    </Placemark>
    <Placemark>
      <name>Vermelho</name>
      <styleUrl>#style_vermelho</styleUrl>
      <Point>
        <coordinates>14.415669,-9.668048,0</coordinates>
      </Point>
    </Placemark>
    <Placemark>
      <name>Vermelho</name>
      <styleUrl>#style_vermelho</styleUrl>
      <Point>
        <coordinates>14.410115,-9.675057,0</coordinates>
      </Point>
    </Placemark>
    <Placemark>
      <name>Vermelho</name>
      <styleUrl>#style_vermelho</styleUrl>
      <Point>
        <coordinates>14.410115,-9.675057,0</coordinates>
      </Point>
    </Placemark>
    <Placemark>
      <name>Vermelho</name>
      <styleUrl>#style_vermelho</styleUrl>
      <Point>
        <coordinates>14.402257,-9.675650,0</coordinates>
      </Point>
    </Placemark>
    <Placemark>
      <name>Vermelho</name>
      <styleUrl>#style_vermelho</styleUrl>
      <Point>
        <coordinates>14.393287,-9.676258,0</coordinates>
      </Point>
    </Placemark>
    <Placemark>
      <name>Vermelho</name>
      <styleUrl>#style_vermelho</styleUrl>
      <Point>
        <coordinates>14.387364,-9.675234,0</coordinates>
      </Point>
    </Placemark>
    <Placemark>
      <name>Vermelho</name>
      <styleUrl>#style_vermelho</styleUrl>
      <Point>
        <coordinates>14.386908,-9.675234,0</coordinates>
      </Point>
    </Placemark>
    <Placemark>
      <name>Vermelho</name>
      <styleUrl>#style_vermelho</styleUrl>
      <Point>
        <coordinates>14.424441,-9.655627,0</coordinates>
      </Point>
    </Placemark>
    <Placemark>
      <name>Vermelho</name>
      <styleUrl>#style_vermelho</styleUrl>
      <Point>
        <coordinates>14.424156,-9.656739,0</coordinates>
      </Point>
    </Placemark>
    <Placemark>
      <name>Vermelho</name>
      <styleUrl>#style_vermelho</styleUrl>
      <Point>
        <coordinates>14.425160,-9.655818,0</coordinates>
      </Point>
    </Placemark>
    <Placemark>
      <name>Vermelho</name>
      <styleUrl>#style_vermelho</styleUrl>
      <Point>
        <coordinates>14.425050,-9.656623,0</coordinates>
      </Point>
    </Placemark>
    <Placemark>
      <name>Vermelho</name>
      <styleUrl>#style_vermelho</styleUrl>
      <Point>
        <coordinates>15.587458,-7.907839,0</coordinates>
      </Point>
    </Placemark>
    <Placemark>
      <name>Vermelho</name>
      <styleUrl>#style_vermelho</styleUrl>
      <Point>
        <coordinates>15.587567,-7.907794,0</coordinates>
      </Point>
    </Placemark>
    <Placemark>
      <name>Vermelho</name>
      <styleUrl>#style_vermelho</styleUrl>
      <Point>
        <coordinates>15.576305,-7.905069,0</coordinates>
      </Point>
    </Placemark>
    <Placemark>
      <name>Vermelho</name>
      <styleUrl>#style_vermelho</styleUrl>
      <Point>
        <coordinates>15.576233,-7.905069,0</coordinates>
      </Point>
    </Placemark>
    <Placemark>
      <name>Vermelho</name>
      <styleUrl>#style_vermelho</styleUrl>
      <Point>
        <coordinates>15.606441,-7.885850,0</coordinates>
      </Point>
    </Placemark>
    <Placemark>
      <name>Vermelho</name>
      <styleUrl>#style_vermelho</styleUrl>
      <Point>
        <coordinates>15.605960,-7.885625,0</coordinates>
      </Point>
    </Placemark>
    <Placemark>
      <name>Vermelho</name>
      <styleUrl>#style_vermelho</styleUrl>
      <Point>
        <coordinates>15.261395,-9.287055,0</coordinates>
      </Point>
    </Placemark>
    <Placemark>
      <name>Vermelho</name>
      <styleUrl>#style_vermelho</styleUrl>
      <Point>
        <coordinates>15.262840,-9.284196,0</coordinates>
      </Point>
    </Placemark>
    <Placemark>
      <name>Vermelho</name>
      <styleUrl>#style_vermelho</styleUrl>
      <Point>
        <coordinates>15.261282,-9.307026,0</coordinates>
      </Point>
    </Placemark>
    <Placemark>
      <name>Vermelho</name>
      <styleUrl>#style_vermelho</styleUrl>
      <Point>
        <coordinates>15.259704,-9.316027,0</coordinates>
      </Point>
    </Placemark>
    <Placemark>
      <name>Vermelho</name>
      <styleUrl>#style_vermelho</styleUrl>
      <Point>
        <coordinates>14.217161,-10.933316,0</coordinates>
      </Point>
    </Placemark>
    <Placemark>
      <name>Vermelho</name>
      <styleUrl>#style_vermelho</styleUrl>
      <Point>
        <coordinates>14.246782,-10.984358,0</coordinates>
      </Point>
    </Placemark>
    <Placemark>
      <name>Vermelho</name>
      <styleUrl>#style_vermelho</styleUrl>
      <Point>
        <coordinates>13.399222,-8.968528,0</coordinates>
      </Point>
    </Placemark>
    <Placemark>
      <name>Vermelho</name>
      <styleUrl>#style_vermelho</styleUrl>
      <Point>
        <coordinates>13.399394,-8.968646,0</coordinates>
      </Point>
    </Placemark>
    <Placemark>
      <name>Vermelho</name>
      <styleUrl>#style_vermelho</styleUrl>
      <Point>
        <coordinates>13.539940,-9.167624,0</coordinates>
      </Point>
    </Placemark>
    <Placemark>
      <name>Vermelho</name>
      <styleUrl>#style_vermelho</styleUrl>
      <Point>
        <coordinates>13.532006,-9.163016,0</coordinates>
      </Point>
    </Placemark>
    <Placemark>
      <name>Vermelho</name>
      <styleUrl>#style_vermelho</styleUrl>
      <Point>
        <coordinates>13.524100,-9.158472,0</coordinates>
      </Point>
    </Placemark>
    <Placemark>
      <name>Vermelho</name>
      <styleUrl>#style_vermelho</styleUrl>
      <Point>
        <coordinates>13.514004,-9.146595,0</coordinates>
      </Point>
    </Placemark>
    <Placemark>
      <name>Vermelho</name>
      <styleUrl>#style_vermelho</styleUrl>
      <Point>
        <coordinates>13.508916,-9.162199,0</coordinates>
      </Point>
    </Placemark>
    <Placemark>
      <name>Vermelho</name>
      <styleUrl>#style_vermelho</styleUrl>
      <Point>
        <coordinates>13.509257,-9.163267,0</coordinates>
      </Point>
    </Placemark>
    <Placemark>
      <name>Vermelho</name>
      <styleUrl>#style_vermelho</styleUrl>
      <Point>
        <coordinates>13.510223,-9.163072,0</coordinates>
      </Point>
    </Placemark>
    <Placemark>
      <name>Vermelho</name>
      <styleUrl>#style_vermelho</styleUrl>
      <Point>
        <coordinates>13.509826,-9.162275,0</coordinates>
      </Point>
    </Placemark>
    <Placemark>
      <name>Vermelho</name>
      <styleUrl>#style_vermelho</styleUrl>
      <Point>
        <coordinates>17.464836,-15.724491,0</coordinates>
      </Point>
    </Placemark>
    <Placemark>
      <name>Vermelho</name>
      <styleUrl>#style_vermelho</styleUrl>
      <Point>
        <coordinates>17.547905,-15.794834,0</coordinates>
      </Point>
    </Placemark>
    <Placemark>
      <name>Vermelho</name>
      <styleUrl>#style_vermelho</styleUrl>
      <Point>
        <coordinates>17.567453,-15.825360,0</coordinates>
      </Point>
    </Placemark>
    <Placemark>
      <name>Vermelho</name>
      <styleUrl>#style_vermelho</styleUrl>
      <Point>
        <coordinates>17.569216,-15.834219,0</coordinates>
      </Point>
    </Placemark>
    <Placemark>
      <name>Vermelho</name>
      <styleUrl>#style_vermelho</styleUrl>
      <Point>
        <coordinates>17.678685,-16.221819,0</coordinates>
      </Point>
    </Placemark>
    <Placemark>
      <name>Vermelho</name>
      <styleUrl>#style_vermelho</styleUrl>
      <Point>
        <coordinates>17.766227,-16.419924,0</coordinates>
      </Point>
    </Placemark>
    <Placemark>
      <name>Vermelho</name>
      <styleUrl>#style_vermelho</styleUrl>
      <Point>
        <coordinates>17.770768,-16.427432,0</coordinates>
      </Point>
    </Placemark>
    <Placemark>
      <name>Vermelho</name>
      <styleUrl>#style_vermelho</styleUrl>
      <Point>
        <coordinates>17.803351,-16.478863,0</coordinates>
      </Point>
    </Placemark>
    <Placemark>
      <name>Vermelho</name>
      <styleUrl>#style_vermelho</styleUrl>
      <Point>
        <coordinates>17.805014,-16.487763,0</coordinates>
      </Point>
    </Placemark>
    <Placemark>
      <name>Vermelho</name>
      <styleUrl>#style_vermelho</styleUrl>
      <Point>
        <coordinates>17.888929,-16.706028,0</coordinates>
      </Point>
    </Placemark>
    <Placemark>
      <name>Vermelho</name>
      <styleUrl>#style_vermelho</styleUrl>
      <Point>
        <coordinates>17.894399,-16.713356,0</coordinates>
      </Point>
    </Placemark>
    <Placemark>
      <name>Vermelho</name>
      <styleUrl>#style_vermelho</styleUrl>
      <Point>
        <coordinates>17.898258,-16.721321,0</coordinates>
      </Point>
    </Placemark>
    <Placemark>
      <name>Vermelho</name>
      <styleUrl>#style_vermelho</styleUrl>
      <Point>
        <coordinates>17.902550,-16.738634,0</coordinates>
      </Point>
    </Placemark>
    <Placemark>
      <name>Vermelho</name>
      <styleUrl>#style_vermelho</styleUrl>
      <Point>
        <coordinates>17.904977,-16.747260,0</coordinates>
      </Point>
    </Placemark>
    <Placemark>
      <name>Vermelho</name>
      <styleUrl>#style_vermelho</styleUrl>
      <Point>
        <coordinates>17.908850,-16.755477,0</coordinates>
      </Point>
    </Placemark>
    <Placemark>
      <name>Vermelho</name>
      <styleUrl>#style_vermelho</styleUrl>
      <Point>
        <coordinates>17.913265,-16.763496,0</coordinates>
      </Point>
    </Placemark>
    <Placemark>
      <name>Vermelho</name>
      <styleUrl>#style_vermelho</styleUrl>
      <Point>
        <coordinates>17.918887,-16.770776,0</coordinates>
      </Point>
    </Placemark>
    <Placemark>
      <name>Vermelho</name>
      <styleUrl>#style_vermelho</styleUrl>
      <Point>
        <coordinates>17.924462,-16.777939,0</coordinates>
      </Point>
    </Placemark>
    <Placemark>
      <name>Vermelho</name>
      <styleUrl>#style_vermelho</styleUrl>
      <Point>
        <coordinates>17.929295,-16.785645,0</coordinates>
      </Point>
    </Placemark>
    <Placemark>
      <name>Vermelho</name>
      <styleUrl>#style_vermelho</styleUrl>
      <Point>
        <coordinates>17.445720,-15.690406,0</coordinates>
      </Point>
    </Placemark>
    <Placemark>
      <name>Vermelho</name>
      <styleUrl>#style_vermelho</styleUrl>
      <Point>
        <coordinates>17.446662,-15.690413,0</coordinates>
      </Point>
    </Placemark>
    <Placemark>
      <name>Vermelho</name>
      <styleUrl>#style_vermelho</styleUrl>
      <Point>
        <coordinates>17.446151,-15.689741,0</coordinates>
      </Point>
    </Placemark>
    <Placemark>
      <name>Vermelho</name>
      <styleUrl>#style_vermelho</styleUrl>
      <Point>
        <coordinates>17.445429,-15.689433,0</coordinates>
      </Point>
    </Placemark>
    <Placemark>
      <name>Vermelho</name>
      <styleUrl>#style_vermelho</styleUrl>
      <Point>
        <coordinates>17.444665,-15.689469,0</coordinates>
      </Point>
    </Placemark>
    <Placemark>
      <name>Vermelho</name>
      <styleUrl>#style_vermelho</styleUrl>
      <Point>
        <coordinates>17.445121,-15.691009,0</coordinates>
      </Point>
    </Placemark>
    <Placemark>
      <name>Vermelho</name>
      <styleUrl>#style_vermelho</styleUrl>
      <Point>
        <coordinates>17.446249,-15.690960,0</coordinates>
      </Point>
    </Placemark>
    <Placemark>
      <name>Vermelho</name>
      <styleUrl>#style_vermelho</styleUrl>
      <Point>
        <coordinates>17.447358,-15.690938,0</coordinates>
      </Point>
    </Placemark>
    <Placemark>
      <name>Vermelho</name>
      <styleUrl>#style_vermelho</styleUrl>
      <Point>
        <coordinates>17.446999,-15.689714,0</coordinates>
      </Point>
    </Placemark>
    <Placemark>
      <name>Vermelho</name>
      <styleUrl>#style_vermelho</styleUrl>
      <Point>
        <coordinates>17.424720,-15.672265,0</coordinates>
      </Point>
    </Placemark>
    <Placemark>
      <name>Vermelho</name>
      <styleUrl>#style_vermelho</styleUrl>
      <Point>
        <coordinates>17.424730,-15.673078,0</coordinates>
      </Point>
    </Placemark>
    <Placemark>
      <name>Vermelho</name>
      <styleUrl>#style_vermelho</styleUrl>
      <Point>
        <coordinates>17.425579,-15.673087,0</coordinates>
      </Point>
    </Placemark>
    <Placemark>
      <name>Vermelho</name>
      <styleUrl>#style_vermelho</styleUrl>
      <Point>
        <coordinates>17.425533,-15.672374,0</coordinates>
      </Point>
    </Placemark>
    <Placemark>
      <name>Vermelho</name>
      <styleUrl>#style_vermelho</styleUrl>
      <Point>
        <coordinates>17.424021,-15.673068,0</coordinates>
      </Point>
    </Placemark>
    <Placemark>
      <name>Vermelho</name>
      <styleUrl>#style_vermelho</styleUrl>
      <Point>
        <coordinates>17.423947,-15.672283,0</coordinates>
      </Point>
    </Placemark>
    <Placemark>
      <name>Vermelho</name>
      <styleUrl>#style_vermelho</styleUrl>
      <Point>
        <coordinates>17.423871,-15.671371,0</coordinates>
      </Point>
    </Placemark>
    <Placemark>
      <name>Vermelho</name>
      <styleUrl>#style_vermelho</styleUrl>
      <Point>
        <coordinates>17.424729,-15.671398,0</coordinates>
      </Point>
    </Placemark>
    <Placemark>
      <name>Vermelho</name>
      <styleUrl>#style_vermelho</styleUrl>
      <Point>
        <coordinates>14.267040,-9.361945,0</coordinates>
      </Point>
    </Placemark>
    <Placemark>
      <name>Vermelho</name>
      <styleUrl>#style_vermelho</styleUrl>
      <Point>
        <coordinates>14.280378,-9.380948,0</coordinates>
      </Point>
    </Placemark>
    <Placemark>
      <name>Vermelho</name>
      <styleUrl>#style_vermelho</styleUrl>
      <Point>
        <coordinates>14.280387,-9.380939,0</coordinates>
      </Point>
    </Placemark>
    <Placemark>
      <name>Vermelho</name>
      <styleUrl>#style_vermelho</styleUrl>
      <Point>
        <coordinates>14.299656,-9.408996,0</coordinates>
      </Point>
    </Placemark>
    <Placemark>
      <name>Vermelho</name>
      <styleUrl>#style_vermelho</styleUrl>
      <Point>
        <coordinates>14.396383,-9.554274,0</coordinates>
      </Point>
    </Placemark>
    <Placemark>
      <name>Vermelho</name>
      <styleUrl>#style_vermelho</styleUrl>
      <Point>
        <coordinates>14.421552,-9.660624,0</coordinates>
      </Point>
    </Placemark>
    <Placemark>
      <name>Vermelho</name>
      <styleUrl>#style_vermelho</styleUrl>
      <Point>
        <coordinates>13.682819,-9.112017,0</coordinates>
      </Point>
    </Placemark>
    <Placemark>
      <name>Vermelho</name>
      <styleUrl>#style_vermelho</styleUrl>
      <Point>
        <coordinates>13.848897,-9.155255,0</coordinates>
      </Point>
    </Placemark>
    <Placemark>
      <name>Vermelho</name>
      <styleUrl>#style_vermelho</styleUrl>
      <Point>
        <coordinates>13.857864,-9.154235,0</coordinates>
      </Point>
    </Placemark>
    <Placemark>
      <name>Vermelho</name>
      <styleUrl>#style_vermelho</styleUrl>
      <Point>
        <coordinates>13.839956,-9.156755,0</coordinates>
      </Point>
    </Placemark>
    <Placemark>
      <name>Vermelho</name>
      <styleUrl>#style_vermelho</styleUrl>
      <Point>
        <coordinates>14.937960,-14.730370,0</coordinates>
      </Point>
    </Placemark>
    <Placemark>
      <name>Vermelho</name>
      <styleUrl>#style_vermelho</styleUrl>
      <Point>
        <coordinates>14.927848,-14.716624,0</coordinates>
      </Point>
    </Placemark>
    <Placemark>
      <name>Vermelho</name>
      <styleUrl>#style_vermelho</styleUrl>
      <Point>
        <coordinates>14.798799,-14.592798,0</coordinates>
      </Point>
    </Placemark>
    <Placemark>
      <name>Vermelho</name>
      <styleUrl>#style_vermelho</styleUrl>
      <Point>
        <coordinates>14.793663,-14.585433,0</coordinates>
      </Point>
    </Placemark>
    <Placemark>
      <name>Vermelho</name>
      <styleUrl>#style_vermelho</styleUrl>
      <Point>
        <coordinates>13.180340,-8.881555,0</coordinates>
      </Point>
    </Placemark>
    <Placemark>
      <name>Vermelho</name>
      <styleUrl>#style_vermelho</styleUrl>
      <Point>
        <coordinates>13.179965,-8.882032,0</coordinates>
      </Point>
    </Placemark>
    <Placemark>
      <name>Vermelho</name>
      <styleUrl>#style_vermelho</styleUrl>
      <Point>
        <coordinates>13.179480,-8.882663,0</coordinates>
      </Point>
    </Placemark>
    <Placemark>
      <name>Vermelho</name>
      <styleUrl>#style_vermelho</styleUrl>
      <Point>
        <coordinates>13.179124,-8.882942,0</coordinates>
      </Point>
    </Placemark>
    <Placemark>
      <name>Vermelho</name>
      <styleUrl>#style_vermelho</styleUrl>
      <Point>
        <coordinates>13.178758,-8.883491,0</coordinates>
      </Point>
    </Placemark>
    <Placemark>
      <name>Vermelho</name>
      <styleUrl>#style_vermelho</styleUrl>
      <Point>
        <coordinates>13.179507,-8.882636,0</coordinates>
      </Point>
    </Placemark>
    <Placemark>
      <name>Vermelho</name>
      <styleUrl>#style_vermelho</styleUrl>
      <Point>
        <coordinates>13.318484,-8.848144,0</coordinates>
      </Point>
    </Placemark>
    <Placemark>
      <name>Vermelho</name>
      <styleUrl>#style_vermelho</styleUrl>
      <Point>
        <coordinates>13.304721,-8.836211,0</coordinates>
      </Point>
    </Placemark>
    <Placemark>
      <name>Vermelho</name>
      <styleUrl>#style_vermelho</styleUrl>
      <Point>
        <coordinates>13.331234,-8.832858,0</coordinates>
      </Point>
    </Placemark>
    <Placemark>
      <name>Vermelho</name>
      <styleUrl>#style_vermelho</styleUrl>
      <Point>
        <coordinates>13.180340,-8.881555,0</coordinates>
      </Point>
    </Placemark>
    <Placemark>
      <name>Vermelho</name>
      <styleUrl>#style_vermelho</styleUrl>
      <Point>
        <coordinates>13.179965,-8.882032,0</coordinates>
      </Point>
    </Placemark>
    <Placemark>
      <name>Vermelho</name>
      <styleUrl>#style_vermelho</styleUrl>
      <Point>
        <coordinates>13.179480,-8.882663,0</coordinates>
      </Point>
    </Placemark>
    <Placemark>
      <name>Vermelho</name>
      <styleUrl>#style_vermelho</styleUrl>
      <Point>
        <coordinates>13.179124,-8.882942,0</coordinates>
      </Point>
    </Placemark>
    <Placemark>
      <name>Vermelho</name>
      <styleUrl>#style_vermelho</styleUrl>
      <Point>
        <coordinates>13.848897,-9.155255,0</coordinates>
      </Point>
    </Placemark>
    <Placemark>
      <name>Vermelho</name>
      <styleUrl>#style_vermelho</styleUrl>
      <Point>
        <coordinates>13.353906,-8.891982,0</coordinates>
      </Point>
    </Placemark>
    <Placemark>
      <name>Vermelho</name>
      <styleUrl>#style_vermelho</styleUrl>
      <Point>
        <coordinates>16.313689,-9.294973,0</coordinates>
      </Point>
    </Placemark>
    <Placemark>
      <name>Vermelho</name>
      <styleUrl>#style_vermelho</styleUrl>
      <Point>
        <coordinates>16.313417,-9.295281,0</coordinates>
      </Point>
    </Placemark>
    <Placemark>
      <name>Vermelho</name>
      <styleUrl>#style_vermelho</styleUrl>
      <Point>
        <coordinates>16.306726,-9.297566,0</coordinates>
      </Point>
    </Placemark>
    <Placemark>
      <name>Vermelho</name>
      <styleUrl>#style_vermelho</styleUrl>
      <Point>
        <coordinates>16.306507,-9.297495,0</coordinates>
      </Point>
    </Placemark>
    <Placemark>
      <name>Vermelho</name>
      <styleUrl>#style_vermelho</styleUrl>
      <Point>
        <coordinates>16.306316,-9.297541,0</coordinates>
      </Point>
    </Placemark>
    <Placemark>
      <name>Vermelho</name>
      <styleUrl>#style_vermelho</styleUrl>
      <Point>
        <coordinates>16.306198,-9.297532,0</coordinates>
      </Point>
    </Placemark>
    <Placemark>
      <name>Vermelho</name>
      <styleUrl>#style_vermelho</styleUrl>
      <Point>
        <coordinates>16.306052,-9.297533,0</coordinates>
      </Point>
    </Placemark>
    <Placemark>
      <name>Vermelho</name>
      <styleUrl>#style_vermelho</styleUrl>
      <Point>
        <coordinates>16.316850,-9.293044,0</coordinates>
      </Point>
    </Placemark>
    <Placemark>
      <name>Vermelho</name>
      <styleUrl>#style_vermelho</styleUrl>
      <Point>
        <coordinates>20.630667,-9.692694,0</coordinates>
      </Point>
    </Placemark>
    <Placemark>
      <name>Vermelho</name>
      <styleUrl>#style_vermelho</styleUrl>
      <Point>
        <coordinates>20.700661,-9.710463,0</coordinates>
      </Point>
    </Placemark>
    <Placemark>
      <name>Vermelho</name>
      <styleUrl>#style_vermelho</styleUrl>
      <Point>
        <coordinates>20.107497,-11.985035,0</coordinates>
      </Point>
    </Placemark>
    <Placemark>
      <name>Vermelho</name>
      <styleUrl>#style_vermelho</styleUrl>
      <Point>
        <coordinates>14.501128,-6.893396,0</coordinates>
      </Point>
    </Placemark>
    <Placemark>
      <name>Vermelho</name>
      <styleUrl>#style_vermelho</styleUrl>
      <Point>
        <coordinates>15.966541,-7.341213,0</coordinates>
      </Point>
    </Placemark>
    <Placemark>
      <name>Vermelho</name>
      <styleUrl>#style_vermelho</styleUrl>
      <Point>
        <coordinates>16.018717,-7.234391,0</coordinates>
      </Point>
    </Placemark>
    <Placemark>
      <name>Vermelho</name>
      <styleUrl>#style_vermelho</styleUrl>
      <Point>
        <coordinates>15.966541,-7.341213,0</coordinates>
      </Point>
    </Placemark>
    <Placemark>
      <name>Vermelho</name>
      <styleUrl>#style_vermelho</styleUrl>
      <Point>
        <coordinates>15.379451,-7.684965,0</coordinates>
      </Point>
    </Placemark>
    <Placemark>
      <name>Vermelho</name>
      <styleUrl>#style_vermelho</styleUrl>
      <Point>
        <coordinates>15.480334,-7.707902,0</coordinates>
      </Point>
    </Placemark>
    <Placemark>
      <name>Vermelho</name>
      <styleUrl>#style_vermelho</styleUrl>
      <Point>
        <coordinates>15.664401,-7.685803,0</coordinates>
      </Point>
    </Placemark>
    <Placemark>
      <name>Vermelho</name>
      <styleUrl>#style_vermelho</styleUrl>
      <Point>
        <coordinates>15.714863,-7.623176,0</coordinates>
      </Point>
    </Placemark>
    <Placemark>
      <name>Vermelho</name>
      <styleUrl>#style_vermelho</styleUrl>
      <Point>
        <coordinates>15.798211,-7.563388,0</coordinates>
      </Point>
    </Placemark>
    <Placemark>
      <name>Vermelho</name>
      <styleUrl>#style_vermelho</styleUrl>
      <Point>
        <coordinates>17.832909,-14.623851,0</coordinates>
      </Point>
    </Placemark>
    <Placemark>
      <name>Vermelho</name>
      <styleUrl>#style_vermelho</styleUrl>
      <Point>
        <coordinates>17.918359,-14.598267,0</coordinates>
      </Point>
    </Placemark>
    <Placemark>
      <name>Vermelho</name>
      <styleUrl>#style_vermelho</styleUrl>
      <Point>
        <coordinates>18.502056,-14.577425,0</coordinates>
      </Point>
    </Placemark>
    <Placemark>
      <name>Vermelho</name>
      <styleUrl>#style_vermelho</styleUrl>
      <Point>
        <coordinates>17.948759,-14.597605,0</coordinates>
      </Point>
    </Placemark>
    <Placemark>
      <name>Vermelho</name>
      <styleUrl>#style_vermelho</styleUrl>
      <Point>
        <coordinates>17.856462,-14.588124,0</coordinates>
      </Point>
    </Placemark>
    <Placemark>
      <name>Vermelho</name>
      <styleUrl>#style_vermelho</styleUrl>
      <Point>
        <coordinates>12.236245,-16.882055,0</coordinates>
      </Point>
    </Placemark>
    <Placemark>
      <name>Vermelho</name>
      <styleUrl>#style_vermelho</styleUrl>
      <Point>
        <coordinates>13.247819,-14.121116,0</coordinates>
      </Point>
    </Placemark>
    <Placemark>
      <name>Vermelho</name>
      <styleUrl>#style_vermelho</styleUrl>
      <Point>
        <coordinates>13.247819,-14.121116,0</coordinates>
      </Point>
    </Placemark>
    <Placemark>
      <name>Vermelho</name>
      <styleUrl>#style_vermelho</styleUrl>
      <Point>
        <coordinates>14.595796,-8.498540,0</coordinates>
      </Point>
    </Placemark>
    <Placemark>
      <name>Vermelho</name>
      <styleUrl>#style_vermelho</styleUrl>
      <Point>
        <coordinates>14.599655,-8.497182,0</coordinates>
      </Point>
    </Placemark>
    <Placemark>
      <name>Vermelho</name>
      <styleUrl>#style_vermelho</styleUrl>
      <Point>
        <coordinates>14.602571,-8.499586,0</coordinates>
      </Point>
    </Placemark>
    <Placemark>
      <name>Vermelho</name>
      <styleUrl>#style_vermelho</styleUrl>
      <Point>
        <coordinates>14.609375,-8.497941,0</coordinates>
      </Point>
    </Placemark>
    <Placemark>
      <name>Vermelho</name>
      <styleUrl>#style_vermelho</styleUrl>
      <Point>
        <coordinates>14.613017,-8.495616,0</coordinates>
      </Point>
    </Placemark>
    <Placemark>
      <name>Vermelho</name>
      <styleUrl>#style_vermelho</styleUrl>
      <Point>
        <coordinates>14.617230,-8.494865,0</coordinates>
      </Point>
    </Placemark>
    <Placemark>
      <name>Vermelho</name>
      <styleUrl>#style_vermelho</styleUrl>
      <Point>
        <coordinates>14.620683,-8.497651,0</coordinates>
      </Point>
    </Placemark>
    <Placemark>
      <name>Vermelho</name>
      <styleUrl>#style_vermelho</styleUrl>
      <Point>
        <coordinates>14.624359,-8.499894,0</coordinates>
      </Point>
    </Placemark>
    <Placemark>
      <name>Vermelho</name>
      <styleUrl>#style_vermelho</styleUrl>
      <Point>
        <coordinates>14.628244,-8.501546,0</coordinates>
      </Point>
    </Placemark>
    <Placemark>
      <name>Vermelho</name>
      <styleUrl>#style_vermelho</styleUrl>
      <Point>
        <coordinates>14.681211,-8.515560,0</coordinates>
      </Point>
    </Placemark>
    <Placemark>
      <name>Vermelho</name>
      <styleUrl>#style_vermelho</styleUrl>
      <Point>
        <coordinates>14.684875,-8.517801,0</coordinates>
      </Point>
    </Placemark>
    <Placemark>
      <name>Vermelho</name>
      <styleUrl>#style_vermelho</styleUrl>
      <Point>
        <coordinates>14.687829,-8.515359,0</coordinates>
      </Point>
    </Placemark>
    <Placemark>
      <name>Vermelho</name>
      <styleUrl>#style_vermelho</styleUrl>
      <Point>
        <coordinates>14.691730,-8.514860,0</coordinates>
      </Point>
    </Placemark>
    <Placemark>
      <name>Vermelho</name>
      <styleUrl>#style_vermelho</styleUrl>
      <Point>
        <coordinates>14.757577,-8.513817,0</coordinates>
      </Point>
    </Placemark>
    <Placemark>
      <name>Vermelho</name>
      <styleUrl>#style_vermelho</styleUrl>
      <Point>
        <coordinates>14.761406,-8.516148,0</coordinates>
      </Point>
    </Placemark>
    <Placemark>
      <name>Vermelho</name>
      <styleUrl>#style_vermelho</styleUrl>
      <Point>
        <coordinates>14.816370,-8.503110,0</coordinates>
      </Point>
    </Placemark>
    <Placemark>
      <name>Vermelho</name>
      <styleUrl>#style_vermelho</styleUrl>
      <Point>
        <coordinates>14.819324,-8.500381,0</coordinates>
      </Point>
    </Placemark>
    <Placemark>
      <name>Vermelho</name>
      <styleUrl>#style_vermelho</styleUrl>
      <Point>
        <coordinates>14.919474,-8.529332,0</coordinates>
      </Point>
    </Placemark>
    <Placemark>
      <name>Vermelho</name>
      <styleUrl>#style_vermelho</styleUrl>
      <Point>
        <coordinates>14.921160,-8.533317,0</coordinates>
      </Point>
    </Placemark>
    <Placemark>
      <name>Vermelho</name>
      <styleUrl>#style_vermelho</styleUrl>
      <Point>
        <coordinates>14.925372,-8.533847,0</coordinates>
      </Point>
    </Placemark>
    <Placemark>
      <name>Vermelho</name>
      <styleUrl>#style_vermelho</styleUrl>
      <Point>
        <coordinates>14.928840,-8.531777,0</coordinates>
      </Point>
    </Placemark>
    <Placemark>
      <name>Vermelho</name>
      <styleUrl>#style_vermelho</styleUrl>
      <Point>
        <coordinates>14.612912,-8.495789,0</coordinates>
      </Point>
    </Placemark>
    <Placemark>
      <name>Vermelho</name>
      <styleUrl>#style_vermelho</styleUrl>
      <Point>
        <coordinates>14.612929,-8.496223,0</coordinates>
      </Point>
    </Placemark>
    <Placemark>
      <name>Vermelho</name>
      <styleUrl>#style_vermelho</styleUrl>
      <Point>
        <coordinates>14.613139,-8.496069,0</coordinates>
      </Point>
    </Placemark>
    <Placemark>
      <name>Vermelho</name>
      <styleUrl>#style_vermelho</styleUrl>
      <Point>
        <coordinates>14.612766,-8.496060,0</coordinates>
      </Point>
    </Placemark>
    <Placemark>
      <name>Vermelho</name>
      <styleUrl>#style_vermelho</styleUrl>
      <Point>
        <coordinates>14.475795,-9.675154,0</coordinates>
      </Point>
    </Placemark>
    <Placemark>
      <name>Vermelho</name>
      <styleUrl>#style_vermelho</styleUrl>
      <Point>
        <coordinates>14.493865,-9.672985,0</coordinates>
      </Point>
    </Placemark>
    <Placemark>
      <name>Vermelho</name>
      <styleUrl>#style_vermelho</styleUrl>
      <Point>
        <coordinates>14.511119,-9.669993,0</coordinates>
      </Point>
    </Placemark>
    <Placemark>
      <name>Vermelho</name>
      <styleUrl>#style_vermelho</styleUrl>
      <Point>
        <coordinates>14.519969,-9.668073,0</coordinates>
      </Point>
    </Placemark>
    <Placemark>
      <name>Vermelho</name>
      <styleUrl>#style_vermelho</styleUrl>
      <Point>
        <coordinates>14.524410,-9.667336,0</coordinates>
      </Point>
    </Placemark>
    <Placemark>
      <name>Vermelho</name>
      <styleUrl>#style_vermelho</styleUrl>
      <Point>
        <coordinates>14.538056,-9.668003,0</coordinates>
      </Point>
    </Placemark>
    <Placemark>
      <name>Vermelho</name>
      <styleUrl>#style_vermelho</styleUrl>
      <Point>
        <coordinates>14.542563,-9.667731,0</coordinates>
      </Point>
    </Placemark>
    <Placemark>
      <name>Vermelho</name>
      <styleUrl>#style_vermelho</styleUrl>
      <Point>
        <coordinates>14.547042,-9.667233,0</coordinates>
      </Point>
    </Placemark>
    <Placemark>
      <name>Vermelho</name>
      <styleUrl>#style_vermelho</styleUrl>
      <Point>
        <coordinates>14.551580,-9.666898,0</coordinates>
      </Point>
    </Placemark>
    <Placemark>
      <name>Vermelho</name>
      <styleUrl>#style_vermelho</styleUrl>
      <Point>
        <coordinates>14.556118,-9.666547,0</coordinates>
      </Point>
    </Placemark>
    <Placemark>
      <name>Vermelho</name>
      <styleUrl>#style_vermelho</styleUrl>
      <Point>
        <coordinates>14.560672,-9.666540,0</coordinates>
      </Point>
    </Placemark>
    <Placemark>
      <name>Vermelho</name>
      <styleUrl>#style_vermelho</styleUrl>
      <Point>
        <coordinates>14.565157,-9.665792,0</coordinates>
      </Point>
    </Placemark>
    <Placemark>
      <name>Vermelho</name>
      <styleUrl>#style_vermelho</styleUrl>
      <Point>
        <coordinates>14.569667,-9.665213,0</coordinates>
      </Point>
    </Placemark>
    <Placemark>
      <name>Vermelho</name>
      <styleUrl>#style_vermelho</styleUrl>
      <Point>
        <coordinates>14.578733,-9.665119,0</coordinates>
      </Point>
    </Placemark>
    <Placemark>
      <name>Vermelho</name>
      <styleUrl>#style_vermelho</styleUrl>
      <Point>
        <coordinates>14.601405,-9.667024,0</coordinates>
      </Point>
    </Placemark>
    <Placemark>
      <name>Vermelho</name>
      <styleUrl>#style_vermelho</styleUrl>
      <Point>
        <coordinates>14.605800,-9.668161,0</coordinates>
      </Point>
    </Placemark>
    <Placemark>
      <name>Vermelho</name>
      <styleUrl>#style_vermelho</styleUrl>
      <Point>
        <coordinates>14.610262,-9.668729,0</coordinates>
      </Point>
    </Placemark>
    <Placemark>
      <name>Vermelho</name>
      <styleUrl>#style_vermelho</styleUrl>
      <Point>
        <coordinates>14.614773,-9.668217,0</coordinates>
      </Point>
    </Placemark>
    <Placemark>
      <name>Vermelho</name>
      <styleUrl>#style_vermelho</styleUrl>
      <Point>
        <coordinates>14.655395,-9.679581,0</coordinates>
      </Point>
    </Placemark>
    <Placemark>
      <name>Vermelho</name>
      <styleUrl>#style_vermelho</styleUrl>
      <Point>
        <coordinates>14.683922,-9.690023,0</coordinates>
      </Point>
    </Placemark>
    <Placemark>
      <name>Vermelho</name>
      <styleUrl>#style_vermelho</styleUrl>
      <Point>
        <coordinates>14.688423,-9.689424,0</coordinates>
      </Point>
    </Placemark>
    <Placemark>
      <name>Vermelho</name>
      <styleUrl>#style_vermelho</styleUrl>
      <Point>
        <coordinates>14.696893,-9.686710,0</coordinates>
      </Point>
    </Placemark>
    <Placemark>
      <name>Vermelho</name>
      <styleUrl>#style_vermelho</styleUrl>
      <Point>
        <coordinates>14.705862,-9.687098,0</coordinates>
      </Point>
    </Placemark>
    <Placemark>
      <name>Vermelho</name>
      <styleUrl>#style_vermelho</styleUrl>
      <Point>
        <coordinates>14.722832,-9.687597,0</coordinates>
      </Point>
    </Placemark>
    <Placemark>
      <name>Vermelho</name>
      <styleUrl>#style_vermelho</styleUrl>
      <Point>
        <coordinates>14.731266,-9.686974,0</coordinates>
      </Point>
    </Placemark>
    <Placemark>
      <name>Vermelho</name>
      <styleUrl>#style_vermelho</styleUrl>
      <Point>
        <coordinates>14.735772,-9.687631,0</coordinates>
      </Point>
    </Placemark>
    <Placemark>
      <name>Vermelho</name>
      <styleUrl>#style_vermelho</styleUrl>
      <Point>
        <coordinates>14.740259,-9.688400,0</coordinates>
      </Point>
    </Placemark>
    <Placemark>
      <name>Vermelho</name>
      <styleUrl>#style_vermelho</styleUrl>
      <Point>
        <coordinates>14.758254,-9.687384,0</coordinates>
      </Point>
    </Placemark>
    <Placemark>
      <name>Vermelho</name>
      <styleUrl>#style_vermelho</styleUrl>
      <Point>
        <coordinates>14.762799,-9.687099,0</coordinates>
      </Point>
    </Placemark>
    <Placemark>
      <name>Vermelho</name>
      <styleUrl>#style_vermelho</styleUrl>
      <Point>
        <coordinates>14.767317,-9.686595,0</coordinates>
      </Point>
    </Placemark>
    <Placemark>
      <name>Vermelho</name>
      <styleUrl>#style_vermelho</styleUrl>
      <Point>
        <coordinates>14.771747,-9.687620,0</coordinates>
      </Point>
    </Placemark>
    <Placemark>
      <name>Vermelho</name>
      <styleUrl>#style_vermelho</styleUrl>
      <Point>
        <coordinates>14.776134,-9.686547,0</coordinates>
      </Point>
    </Placemark>
    <Placemark>
      <name>Vermelho</name>
      <styleUrl>#style_vermelho</styleUrl>
      <Point>
        <coordinates>14.780387,-9.684934,0</coordinates>
      </Point>
    </Placemark>
    <Placemark>
      <name>Vermelho</name>
      <styleUrl>#style_vermelho</styleUrl>
      <Point>
        <coordinates>14.784659,-9.683383,0</coordinates>
      </Point>
    </Placemark>
    <Placemark>
      <name>Vermelho</name>
      <styleUrl>#style_vermelho</styleUrl>
      <Point>
        <coordinates>14.844796,-9.662030,0</coordinates>
      </Point>
    </Placemark>
    <Placemark>
      <name>Vermelho</name>
      <styleUrl>#style_vermelho</styleUrl>
      <Point>
        <coordinates>14.848804,-9.664146,0</coordinates>
      </Point>
    </Placemark>
    <Placemark>
      <name>Vermelho</name>
      <styleUrl>#style_vermelho</styleUrl>
      <Point>
        <coordinates>14.851810,-9.667518,0</coordinates>
      </Point>
    </Placemark>
    <Placemark>
      <name>Vermelho</name>
      <styleUrl>#style_vermelho</styleUrl>
      <Point>
        <coordinates>14.855551,-9.669842,0</coordinates>
      </Point>
    </Placemark>
    <Placemark>
      <name>Vermelho</name>
      <styleUrl>#style_vermelho</styleUrl>
      <Point>
        <coordinates>14.860000,-9.670765,0</coordinates>
      </Point>
    </Placemark>
    <Placemark>
      <name>Vermelho</name>
      <styleUrl>#style_vermelho</styleUrl>
      <Point>
        <coordinates>14.864365,-9.669553,0</coordinates>
      </Point>
    </Placemark>
    <Placemark>
      <name>Vermelho</name>
      <styleUrl>#style_vermelho</styleUrl>
      <Point>
        <coordinates>14.868200,-9.667279,0</coordinates>
      </Point>
    </Placemark>
    <Placemark>
      <name>Vermelho</name>
      <styleUrl>#style_vermelho</styleUrl>
      <Point>
        <coordinates>14.872089,-9.665418,0</coordinates>
      </Point>
    </Placemark>
    <Placemark>
      <name>Vermelho</name>
      <styleUrl>#style_vermelho</styleUrl>
      <Point>
        <coordinates>14.876637,-9.665667,0</coordinates>
      </Point>
    </Placemark>
    <Placemark>
      <name>Vermelho</name>
      <styleUrl>#style_vermelho</styleUrl>
      <Point>
        <coordinates>14.881167,-9.665255,0</coordinates>
      </Point>
    </Placemark>
    <Placemark>
      <name>Vermelho</name>
      <styleUrl>#style_vermelho</styleUrl>
      <Point>
        <coordinates>14.885649,-9.665502,0</coordinates>
      </Point>
    </Placemark>
    <Placemark>
      <name>Vermelho</name>
      <styleUrl>#style_vermelho</styleUrl>
      <Point>
        <coordinates>14.902065,-9.660133,0</coordinates>
      </Point>
    </Placemark>
    <Placemark>
      <name>Vermelho</name>
      <styleUrl>#style_vermelho</styleUrl>
      <Point>
        <coordinates>14.968203,-9.654457,0</coordinates>
      </Point>
    </Placemark>
    <Placemark>
      <name>Vermelho</name>
      <styleUrl>#style_vermelho</styleUrl>
      <Point>
        <coordinates>14.972504,-9.655887,0</coordinates>
      </Point>
    </Placemark>
    <Placemark>
      <name>Vermelho</name>
      <styleUrl>#style_vermelho</styleUrl>
      <Point>
        <coordinates>14.976611,-9.657597,0</coordinates>
      </Point>
    </Placemark>
    <Placemark>
      <name>Vermelho</name>
      <styleUrl>#style_vermelho</styleUrl>
      <Point>
        <coordinates>14.979925,-9.660628,0</coordinates>
      </Point>
    </Placemark>
    <Placemark>
      <name>Vermelho</name>
      <styleUrl>#style_vermelho</styleUrl>
      <Point>
        <coordinates>14.983707,-9.662809,0</coordinates>
      </Point>
    </Placemark>
    <Placemark>
      <name>Vermelho</name>
      <styleUrl>#style_vermelho</styleUrl>
      <Point>
        <coordinates>14.988186,-9.663570,0</coordinates>
      </Point>
    </Placemark>
    <Placemark>
      <name>Vermelho</name>
      <styleUrl>#style_vermelho</styleUrl>
      <Point>
        <coordinates>14.992713,-9.664067,0</coordinates>
      </Point>
    </Placemark>
    <Placemark>
      <name>Vermelho</name>
      <styleUrl>#style_vermelho</styleUrl>
      <Point>
        <coordinates>14.997238,-9.664224,0</coordinates>
      </Point>
    </Placemark>
    <Placemark>
      <name>Vermelho</name>
      <styleUrl>#style_vermelho</styleUrl>
      <Point>
        <coordinates>15.064584,-13.746091,0</coordinates>
      </Point>
    </Placemark>
    <Placemark>
      <name>Vermelho</name>
      <styleUrl>#style_vermelho</styleUrl>
      <Point>
        <coordinates>15.070534,-13.752594,0</coordinates>
      </Point>
    </Placemark>
    <Placemark>
      <name>Vermelho</name>
      <styleUrl>#style_vermelho</styleUrl>
      <Point>
        <coordinates>15.071230,-13.757040,0</coordinates>
      </Point>
    </Placemark>
    <Placemark>
      <name>Vermelho</name>
      <styleUrl>#style_vermelho</styleUrl>
      <Point>
        <coordinates>15.071931,-13.761485,0</coordinates>
      </Point>
    </Placemark>
    <Placemark>
      <name>Vermelho</name>
      <styleUrl>#style_vermelho</styleUrl>
      <Point>
        <coordinates>15.072635,-13.765929,0</coordinates>
      </Point>
    </Placemark>
    <Placemark>
      <name>Vermelho</name>
      <styleUrl>#style_vermelho</styleUrl>
      <Point>
        <coordinates>15.075017,-13.769584,0</coordinates>
      </Point>
    </Placemark>
    <Placemark>
      <name>Vermelho</name>
      <styleUrl>#style_vermelho</styleUrl>
      <Point>
        <coordinates>15.077565,-13.773284,0</coordinates>
      </Point>
    </Placemark>
    <Placemark>
      <name>Vermelho</name>
      <styleUrl>#style_vermelho</styleUrl>
      <Point>
        <coordinates>15.080181,-13.776976,0</coordinates>
      </Point>
    </Placemark>
    <Placemark>
      <name>Vermelho</name>
      <styleUrl>#style_vermelho</styleUrl>
      <Point>
        <coordinates>15.091735,-13.801352,0</coordinates>
      </Point>
    </Placemark>
    <Placemark>
      <name>Vermelho</name>
      <styleUrl>#style_vermelho</styleUrl>
      <Point>
        <coordinates>15.095613,-13.809519,0</coordinates>
      </Point>
    </Placemark>
    <Placemark>
      <name>Vermelho</name>
      <styleUrl>#style_vermelho</styleUrl>
      <Point>
        <coordinates>15.098294,-13.822712,0</coordinates>
      </Point>
    </Placemark>
    <Placemark>
      <name>Vermelho</name>
      <styleUrl>#style_vermelho</styleUrl>
      <Point>
        <coordinates>15.099803,-13.831585,0</coordinates>
      </Point>
    </Placemark>
    <Placemark>
      <name>Vermelho</name>
      <styleUrl>#style_vermelho</styleUrl>
      <Point>
        <coordinates>15.100557,-13.836021,0</coordinates>
      </Point>
    </Placemark>
    <Placemark>
      <name>Vermelho</name>
      <styleUrl>#style_vermelho</styleUrl>
      <Point>
        <coordinates>15.102818,-13.849331,0</coordinates>
      </Point>
    </Placemark>
    <Placemark>
      <name>Vermelho</name>
      <styleUrl>#style_vermelho</styleUrl>
      <Point>
        <coordinates>15.103572,-13.853768,0</coordinates>
      </Point>
    </Placemark>
    <Placemark>
      <name>Vermelho</name>
      <styleUrl>#style_vermelho</styleUrl>
      <Point>
        <coordinates>15.103946,-13.858208,0</coordinates>
      </Point>
    </Placemark>
    <Placemark>
      <name>Vermelho</name>
      <styleUrl>#style_vermelho</styleUrl>
      <Point>
        <coordinates>15.101494,-13.866881,0</coordinates>
      </Point>
    </Placemark>
    <Placemark>
      <name>Vermelho</name>
      <styleUrl>#style_vermelho</styleUrl>
      <Point>
        <coordinates>15.084392,-13.927605,0</coordinates>
      </Point>
    </Placemark>
    <Placemark>
      <name>Vermelho</name>
      <styleUrl>#style_vermelho</styleUrl>
      <Point>
        <coordinates>15.083169,-13.931942,0</coordinates>
      </Point>
    </Placemark>
    <Placemark>
      <name>Vermelho</name>
      <styleUrl>#style_vermelho</styleUrl>
      <Point>
        <coordinates>15.080724,-13.940616,0</coordinates>
      </Point>
    </Placemark>
    <Placemark>
      <name>Vermelho</name>
      <styleUrl>#style_vermelho</styleUrl>
      <Point>
        <coordinates>15.071385,-14.023984,0</coordinates>
      </Point>
    </Placemark>
    <Placemark>
      <name>Vermelho</name>
      <styleUrl>#style_vermelho</styleUrl>
      <Point>
        <coordinates>15.071519,-14.028479,0</coordinates>
      </Point>
    </Placemark>
    <Placemark>
      <name>Vermelho</name>
      <styleUrl>#style_vermelho</styleUrl>
      <Point>
        <coordinates>15.071656,-14.032974,0</coordinates>
      </Point>
    </Placemark>
    <Placemark>
      <name>Vermelho</name>
      <styleUrl>#style_vermelho</styleUrl>
      <Point>
        <coordinates>15.071809,-14.037438,0</coordinates>
      </Point>
    </Placemark>
    <Placemark>
      <name>Vermelho</name>
      <styleUrl>#style_vermelho</styleUrl>
      <Point>
        <coordinates>15.071933,-14.041933,0</coordinates>
      </Point>
    </Placemark>
    <Placemark>
      <name>Vermelho</name>
      <styleUrl>#style_vermelho</styleUrl>
      <Point>
        <coordinates>15.071954,-14.046428,0</coordinates>
      </Point>
    </Placemark>
    <Placemark>
      <name>Vermelho</name>
      <styleUrl>#style_vermelho</styleUrl>
      <Point>
        <coordinates>15.072212,-14.050912,0</coordinates>
      </Point>
    </Placemark>
    <Placemark>
      <name>Vermelho</name>
      <styleUrl>#style_vermelho</styleUrl>
      <Point>
        <coordinates>15.072332,-14.055407,0</coordinates>
      </Point>
    </Placemark>
    <Placemark>
      <name>Vermelho</name>
      <styleUrl>#style_vermelho</styleUrl>
      <Point>
        <coordinates>15.048164,-14.141412,0</coordinates>
      </Point>
    </Placemark>
    <Placemark>
      <name>Vermelho</name>
      <styleUrl>#style_vermelho</styleUrl>
      <Point>
        <coordinates>15.057559,-14.193916,0</coordinates>
      </Point>
    </Placemark>
    <Placemark>
      <name>Vermelho</name>
      <styleUrl>#style_vermelho</styleUrl>
      <Point>
        <coordinates>15.057475,-14.198411,0</coordinates>
      </Point>
    </Placemark>
    <Placemark>
      <name>Vermelho</name>
      <styleUrl>#style_vermelho</styleUrl>
      <Point>
        <coordinates>15.057401,-14.202907,0</coordinates>
      </Point>
    </Placemark>
    <Placemark>
      <name>Vermelho</name>
      <styleUrl>#style_vermelho</styleUrl>
      <Point>
        <coordinates>15.057327,-14.207403,0</coordinates>
      </Point>
    </Placemark>
    <Placemark>
      <name>Vermelho</name>
      <styleUrl>#style_vermelho</styleUrl>
      <Point>
        <coordinates>15.057249,-14.211899,0</coordinates>
      </Point>
    </Placemark>
    <Placemark>
      <name>Vermelho</name>
      <styleUrl>#style_vermelho</styleUrl>
      <Point>
        <coordinates>15.057168,-14.216395,0</coordinates>
      </Point>
    </Placemark>
    <Placemark>
      <name>Vermelho</name>
      <styleUrl>#style_vermelho</styleUrl>
      <Point>
        <coordinates>15.057068,-14.220891,0</coordinates>
      </Point>
    </Placemark>
    <Placemark>
      <name>Vermelho</name>
      <styleUrl>#style_vermelho</styleUrl>
      <Point>
        <coordinates>15.056982,-14.225387,0</coordinates>
      </Point>
    </Placemark>
    <Placemark>
      <name>Vermelho</name>
      <styleUrl>#style_vermelho</styleUrl>
      <Point>
        <coordinates>15.056904,-14.229883,0</coordinates>
      </Point>
    </Placemark>
    <Placemark>
      <name>Vermelho</name>
      <styleUrl>#style_vermelho</styleUrl>
      <Point>
        <coordinates>15.056826,-14.234379,0</coordinates>
      </Point>
    </Placemark>
    <Placemark>
      <name>Vermelho</name>
      <styleUrl>#style_vermelho</styleUrl>
      <Point>
        <coordinates>15.056748,-14.238875,0</coordinates>
      </Point>
    </Placemark>
    <Placemark>
      <name>Vermelho Claro</name>
      <styleUrl>#style_vermelho_claro</styleUrl>
      <Point>
        <coordinates>13.059440,-9.103044,0</coordinates>
      </Point>
    </Placemark>
    <Placemark>
      <name>Vermelho Claro</name>
      <styleUrl>#style_vermelho_claro</styleUrl>
      <Point>
        <coordinates>13.101694,-9.247603,0</coordinates>
      </Point>
    </Placemark>
    <Placemark>
      <name>Vermelho Claro</name>
      <styleUrl>#style_vermelho_claro</styleUrl>
      <Point>
        <coordinates>13.230563,-9.344176,0</coordinates>
      </Point>
    </Placemark>
    <Placemark>
      <name>Vermelho Claro</name>
      <styleUrl>#style_vermelho_claro</styleUrl>
      <Point>
        <coordinates>13.218475,-9.528591,0</coordinates>
      </Point>
    </Placemark>
    <Placemark>
      <name>Vermelho Claro</name>
      <styleUrl>#style_vermelho_claro</styleUrl>
      <Point>
        <coordinates>13.245784,-9.632228,0</coordinates>
      </Point>
    </Placemark>
    <Placemark>
      <name>Vermelho Claro</name>
      <styleUrl>#style_vermelho_claro</styleUrl>
      <Point>
        <coordinates>13.245784,-9.632228,0</coordinates>
      </Point>
    </Placemark>
    <Placemark>
      <name>Vermelho Claro</name>
      <styleUrl>#style_vermelho_claro</styleUrl>
      <Point>
        <coordinates>13.878089,-9.625695,0</coordinates>
      </Point>
    </Placemark>
    <Placemark>
      <name>Vermelho Claro</name>
      <styleUrl>#style_vermelho_claro</styleUrl>
      <Point>
        <coordinates>14.000611,-9.659188,0</coordinates>
      </Point>
    </Placemark>
    <Placemark>
      <name>Vermelho Claro</name>
      <styleUrl>#style_vermelho_claro</styleUrl>
      <Point>
        <coordinates>13.684089,-9.199673,0</coordinates>
      </Point>
    </Placemark>
    <Placemark>
      <name>Vermelho Claro</name>
      <styleUrl>#style_vermelho_claro</styleUrl>
      <Point>
        <coordinates>12.623525,-6.727784,0</coordinates>
      </Point>
    </Placemark>
    <Placemark>
      <name>Vermelho Claro</name>
      <styleUrl>#style_vermelho_claro</styleUrl>
      <Point>
        <coordinates>12.955859,-7.363212,0</coordinates>
      </Point>
    </Placemark>
    <Placemark>
      <name>Vermelho Claro</name>
      <styleUrl>#style_vermelho_claro</styleUrl>
      <Point>
        <coordinates>13.442772,-6.786919,0</coordinates>
      </Point>
    </Placemark>
    <Placemark>
      <name>Vermelho Claro</name>
      <styleUrl>#style_vermelho_claro</styleUrl>
      <Point>
        <coordinates>13.775845,-6.123130,0</coordinates>
      </Point>
    </Placemark>
    <Placemark>
      <name>Vermelho Claro</name>
      <styleUrl>#style_vermelho_claro</styleUrl>
      <Point>
        <coordinates>14.076850,-5.988607,0</coordinates>
      </Point>
    </Placemark>
    <Placemark>
      <name>Vermelho Claro</name>
      <styleUrl>#style_vermelho_claro</styleUrl>
      <Point>
        <coordinates>14.659502,-9.141638,0</coordinates>
      </Point>
    </Placemark>
    <Placemark>
      <name>Vermelho Claro</name>
      <styleUrl>#style_vermelho_claro</styleUrl>
      <Point>
        <coordinates>14.659502,-9.141638,0</coordinates>
      </Point>
    </Placemark>
    <Placemark>
      <name>Vermelho Claro</name>
      <styleUrl>#style_vermelho_claro</styleUrl>
      <Point>
        <coordinates>15.943113,-9.076243,0</coordinates>
      </Point>
    </Placemark>
    <Placemark>
      <name>Vermelho Claro</name>
      <styleUrl>#style_vermelho_claro</styleUrl>
      <Point>
        <coordinates>16.119544,-9.345698,0</coordinates>
      </Point>
    </Placemark>
    <Placemark>
      <name>Vermelho Claro</name>
      <styleUrl>#style_vermelho_claro</styleUrl>
      <Point>
        <coordinates>15.626984,-9.421706,0</coordinates>
      </Point>
    </Placemark>
    <Placemark>
      <name>Vermelho Claro</name>
      <styleUrl>#style_vermelho_claro</styleUrl>
      <Point>
        <coordinates>15.993862,-9.504325,0</coordinates>
      </Point>
    </Placemark>
    <Placemark>
      <name>Vermelho Escuro</name>
      <styleUrl>#style_vermelho_escuro</styleUrl>
      <Point>
        <coordinates>14.137673,-6.334443,0</coordinates>
      </Point>
    </Placemark>
    <Placemark>
      <name>Vermelho Escuro</name>
      <styleUrl>#style_vermelho_escuro</styleUrl>
      <Point>
        <coordinates>14.078398,-5.850028,0</coordinates>
      </Point>
    </Placemark>
    <Placemark>
      <name>Vermelho Escuro</name>
      <styleUrl>#style_vermelho_escuro</styleUrl>
      <Point>
        <coordinates>13.506070,-5.949340,0</coordinates>
      </Point>
    </Placemark>
    <Placemark>
      <name>Vermelho Escuro</name>
      <styleUrl>#style_vermelho_escuro</styleUrl>
      <Point>
        <coordinates>15.017173,-9.286020,0</coordinates>
      </Point>
    </Placemark>
  </Document>
</kml>