<?xml version='1.0' encoding='utf-8'?>
<kml xmlns="http://www.opengis.net/kml/2.2">
  <Document>
    <name>2562 Pontos - Coordenadas e Cor</name>
    <Style id="style_Amarelo">
      <IconStyle>
        <color>ff00ffff</color>
        <scale>1.0</scale>
        <Icon>
          <href>http://maps.google.com/mapfiles/kml/shapes/placemark_circle.png</href>
        </Icon>
      </IconStyle>
    </Style>
    <Style id="style_Vermelho">
      <IconStyle>
        <color>ff0000ff</color>
        <scale>1.0</scale>
        <Icon>
          <href>http://maps.google.com/mapfiles/kml/shapes/placemark_circle.png</href>
        </Icon>
      </IconStyle>
    </Style>
    <Placemark>
      <name>Amarelo</name>
      <styleUrl>#style_Amarelo</styleUrl>
      <Point>
        <coordinates>13.4989020000,-12.4886440000,0</coordinates>
      </Point>
    </Placemark>
    <Placemark>
      <name>Amarelo</name>
      <styleUrl>#style_Amarelo</styleUrl>
      <Point>
        <coordinates>13.4987930000,-12.4899720000,0</coordinates>
      </Point>
    </Placemark>
    <Placemark>
      <name>Amarelo</name>
      <styleUrl>#style_Amarelo</styleUrl>
      <Point>
        <coordinates>13.4981890000,-12.4909900000,0</coordinates>
      </Point>
    </Placemark>
    <Placemark>
      <name>Amarelo</name>
      <styleUrl>#style_Amarelo</styleUrl>
      <Point>
        <coordinates>16.4140170000,-11.6913450000,0</coordinates>
      </Point>
    </Placemark>
    <Placemark>
      <name>Amarelo</name>
      <styleUrl>#style_Amarelo</styleUrl>
      <Point>
        <coordinates>16.4140000000,-11.6916350000,0</coordinates>
      </Point>
    </Placemark>
    <Placemark>
      <name>Amarelo</name>
      <styleUrl>#style_Amarelo</styleUrl>
      <Point>
        <coordinates>21.5859300000,-15.8501360000,0</coordinates>
      </Point>
    </Placemark>
    <Placemark>
      <name>Amarelo</name>
      <styleUrl>#style_Amarelo</styleUrl>
      <Point>
        <coordinates>21.6324850000,-15.9218010000,0</coordinates>
      </Point>
    </Placemark>
    <Placemark>
      <name>Amarelo</name>
      <styleUrl>#style_Amarelo</styleUrl>
      <Point>
        <coordinates>21.7025350000,-15.9810220000,0</coordinates>
      </Point>
    </Placemark>
    <Placemark>
      <name>Amarelo</name>
      <styleUrl>#style_Amarelo</styleUrl>
      <Point>
        <coordinates>21.7533160000,-16.0559790000,0</coordinates>
      </Point>
    </Placemark>
    <Placemark>
      <name>Amarelo</name>
      <styleUrl>#style_Amarelo</styleUrl>
      <Point>
        <coordinates>21.8235440000,-16.1133660000,0</coordinates>
      </Point>
    </Placemark>
    <Placemark>
      <name>Amarelo</name>
      <styleUrl>#style_Amarelo</styleUrl>
      <Point>
        <coordinates>21.8688570000,-16.1922630000,0</coordinates>
      </Point>
    </Placemark>
    <Placemark>
      <name>Amarelo</name>
      <styleUrl>#style_Amarelo</styleUrl>
      <Point>
        <coordinates>21.9423230000,-16.2483640000,0</coordinates>
      </Point>
    </Placemark>
    <Placemark>
      <name>Amarelo</name>
      <styleUrl>#style_Amarelo</styleUrl>
      <Point>
        <coordinates>21.9925580000,-16.3240800000,0</coordinates>
      </Point>
    </Placemark>
    <Placemark>
      <name>Amarelo</name>
      <styleUrl>#style_Amarelo</styleUrl>
      <Point>
        <coordinates>22.0479810000,-16.3870750000,0</coordinates>
      </Point>
    </Placemark>
    <Placemark>
      <name>Amarelo</name>
      <styleUrl>#style_Amarelo</styleUrl>
      <Point>
        <coordinates>22.0296700000,-16.4855350000,0</coordinates>
      </Point>
    </Placemark>
    <Placemark>
      <name>Amarelo</name>
      <styleUrl>#style_Amarelo</styleUrl>
      <Point>
        <coordinates>22.0679630000,-16.5616290000,0</coordinates>
      </Point>
    </Placemark>
    <Placemark>
      <name>Amarelo</name>
      <styleUrl>#style_Amarelo</styleUrl>
      <Point>
        <coordinates>22.1241630000,-16.6288960000,0</coordinates>
      </Point>
    </Placemark>
    <Placemark>
      <name>Amarelo</name>
      <styleUrl>#style_Amarelo</styleUrl>
      <Point>
        <coordinates>22.2083810000,-16.6669700000,0</coordinates>
      </Point>
    </Placemark>
    <Placemark>
      <name>Amarelo</name>
      <styleUrl>#style_Amarelo</styleUrl>
      <Point>
        <coordinates>22.2735020000,-16.7337140000,0</coordinates>
      </Point>
    </Placemark>
    <Placemark>
      <name>Amarelo</name>
      <styleUrl>#style_Amarelo</styleUrl>
      <Point>
        <coordinates>22.3436580000,-16.7868540000,0</coordinates>
      </Point>
    </Placemark>
    <Placemark>
      <name>Amarelo</name>
      <styleUrl>#style_Amarelo</styleUrl>
      <Point>
        <coordinates>22.3879690000,-16.8692980000,0</coordinates>
      </Point>
    </Placemark>
    <Placemark>
      <name>Amarelo</name>
      <styleUrl>#style_Amarelo</styleUrl>
      <Point>
        <coordinates>22.4673610000,-16.9176090000,0</coordinates>
      </Point>
    </Placemark>
    <Placemark>
      <name>Amarelo</name>
      <styleUrl>#style_Amarelo</styleUrl>
      <Point>
        <coordinates>22.5231030000,-16.9894700000,0</coordinates>
      </Point>
    </Placemark>
    <Placemark>
      <name>Amarelo</name>
      <styleUrl>#style_Amarelo</styleUrl>
      <Point>
        <coordinates>22.5985390000,-17.0431930000,0</coordinates>
      </Point>
    </Placemark>
    <Placemark>
      <name>Amarelo</name>
      <styleUrl>#style_Amarelo</styleUrl>
      <Point>
        <coordinates>22.6473740000,-17.1188980000,0</coordinates>
      </Point>
    </Placemark>
    <Placemark>
      <name>Amarelo</name>
      <styleUrl>#style_Amarelo</styleUrl>
      <Point>
        <coordinates>22.7259670000,-17.1660440000,0</coordinates>
      </Point>
    </Placemark>
    <Placemark>
      <name>Amarelo</name>
      <styleUrl>#style_Amarelo</styleUrl>
      <Point>
        <coordinates>22.7893440000,-17.2333590000,0</coordinates>
      </Point>
    </Placemark>
    <Placemark>
      <name>Amarelo</name>
      <styleUrl>#style_Amarelo</styleUrl>
      <Point>
        <coordinates>22.8760550000,-17.2688190000,0</coordinates>
      </Point>
    </Placemark>
    <Placemark>
      <name>Amarelo</name>
      <styleUrl>#style_Amarelo</styleUrl>
      <Point>
        <coordinates>22.9488690000,-17.3242500000,0</coordinates>
      </Point>
    </Placemark>
    <Placemark>
      <name>Amarelo</name>
      <styleUrl>#style_Amarelo</styleUrl>
      <Point>
        <coordinates>23.0194380000,-17.3717510000,0</coordinates>
      </Point>
    </Placemark>
    <Placemark>
      <name>Amarelo</name>
      <styleUrl>#style_Amarelo</styleUrl>
      <Point>
        <coordinates>15.2238220000,-9.6901600000,0</coordinates>
      </Point>
    </Placemark>
    <Placemark>
      <name>Amarelo</name>
      <styleUrl>#style_Amarelo</styleUrl>
      <Point>
        <coordinates>15.2283580000,-9.6905890000,0</coordinates>
      </Point>
    </Placemark>
    <Placemark>
      <name>Amarelo</name>
      <styleUrl>#style_Amarelo</styleUrl>
      <Point>
        <coordinates>15.2328920000,-9.6909620000,0</coordinates>
      </Point>
    </Placemark>
    <Placemark>
      <name>Amarelo</name>
      <styleUrl>#style_Amarelo</styleUrl>
      <Point>
        <coordinates>15.2374420000,-9.6907210000,0</coordinates>
      </Point>
    </Placemark>
    <Placemark>
      <name>Amarelo</name>
      <styleUrl>#style_Amarelo</styleUrl>
      <Point>
        <coordinates>15.2419910000,-9.6904600000,0</coordinates>
      </Point>
    </Placemark>
    <Placemark>
      <name>Amarelo</name>
      <styleUrl>#style_Amarelo</styleUrl>
      <Point>
        <coordinates>15.2465400000,-9.6901990000,0</coordinates>
      </Point>
    </Placemark>
    <Placemark>
      <name>Amarelo</name>
      <styleUrl>#style_Amarelo</styleUrl>
      <Point>
        <coordinates>15.2510910000,-9.6900000000,0</coordinates>
      </Point>
    </Placemark>
    <Placemark>
      <name>Amarelo</name>
      <styleUrl>#style_Amarelo</styleUrl>
      <Point>
        <coordinates>15.2555930000,-9.6904310000,0</coordinates>
      </Point>
    </Placemark>
    <Placemark>
      <name>Amarelo</name>
      <styleUrl>#style_Amarelo</styleUrl>
      <Point>
        <coordinates>15.2600140000,-9.6911340000,0</coordinates>
      </Point>
    </Placemark>
    <Placemark>
      <name>Amarelo</name>
      <styleUrl>#style_Amarelo</styleUrl>
      <Point>
        <coordinates>15.2645480000,-9.6914220000,0</coordinates>
      </Point>
    </Placemark>
    <Placemark>
      <name>Amarelo</name>
      <styleUrl>#style_Amarelo</styleUrl>
      <Point>
        <coordinates>15.2690070000,-9.6923400000,0</coordinates>
      </Point>
    </Placemark>
    <Placemark>
      <name>Amarelo</name>
      <styleUrl>#style_Amarelo</styleUrl>
      <Point>
        <coordinates>15.2733700000,-9.6936340000,0</coordinates>
      </Point>
    </Placemark>
    <Placemark>
      <name>Amarelo</name>
      <styleUrl>#style_Amarelo</styleUrl>
      <Point>
        <coordinates>22.0591700000,-10.4666290000,0</coordinates>
      </Point>
    </Placemark>
    <Placemark>
      <name>Amarelo</name>
      <styleUrl>#style_Amarelo</styleUrl>
      <Point>
        <coordinates>16.0588130000,-10.4665210000,0</coordinates>
      </Point>
    </Placemark>
    <Placemark>
      <name>Amarelo</name>
      <styleUrl>#style_Amarelo</styleUrl>
      <Point>
        <coordinates>16.0590130000,-10.4661230000,0</coordinates>
      </Point>
    </Placemark>
    <Placemark>
      <name>Amarelo</name>
      <styleUrl>#style_Amarelo</styleUrl>
      <Point>
        <coordinates>16.0584560000,-10.4662150000,0</coordinates>
      </Point>
    </Placemark>
    <Placemark>
      <name>Amarelo</name>
      <styleUrl>#style_Amarelo</styleUrl>
      <Point>
        <coordinates>16.1059690000,-10.4211750000,0</coordinates>
      </Point>
    </Placemark>
    <Placemark>
      <name>Amarelo</name>
      <styleUrl>#style_Amarelo</styleUrl>
      <Point>
        <coordinates>16.1061140000,-10.4206860000,0</coordinates>
      </Point>
    </Placemark>
    <Placemark>
      <name>Amarelo</name>
      <styleUrl>#style_Amarelo</styleUrl>
      <Point>
        <coordinates>16.1022010000,-10.4069450000,0</coordinates>
      </Point>
    </Placemark>
    <Placemark>
      <name>Amarelo</name>
      <styleUrl>#style_Amarelo</styleUrl>
      <Point>
        <coordinates>16.1001900000,-10.4039140000,0</coordinates>
      </Point>
    </Placemark>
    <Placemark>
      <name>Amarelo</name>
      <styleUrl>#style_Amarelo</styleUrl>
      <Point>
        <coordinates>16.1018200000,-10.4102920000,0</coordinates>
      </Point>
    </Placemark>
    <Placemark>
      <name>Amarelo</name>
      <styleUrl>#style_Amarelo</styleUrl>
      <Point>
        <coordinates>16.0990290000,-10.4088550000,0</coordinates>
      </Point>
    </Placemark>
    <Placemark>
      <name>Amarelo</name>
      <styleUrl>#style_Amarelo</styleUrl>
      <Point>
        <coordinates>16.1127320000,-10.3599410000,0</coordinates>
      </Point>
    </Placemark>
    <Placemark>
      <name>Amarelo</name>
      <styleUrl>#style_Amarelo</styleUrl>
      <Point>
        <coordinates>16.1185930000,-10.3515560000,0</coordinates>
      </Point>
    </Placemark>
    <Placemark>
      <name>Amarelo</name>
      <styleUrl>#style_Amarelo</styleUrl>
      <Point>
        <coordinates>16.1260990000,-10.3639640000,0</coordinates>
      </Point>
    </Placemark>
    <Placemark>
      <name>Amarelo</name>
      <styleUrl>#style_Amarelo</styleUrl>
      <Point>
        <coordinates>16.1407820000,-10.3531600000,0</coordinates>
      </Point>
    </Placemark>
    <Placemark>
      <name>Amarelo</name>
      <styleUrl>#style_Amarelo</styleUrl>
      <Point>
        <coordinates>16.1104050000,-10.3165070000,0</coordinates>
      </Point>
    </Placemark>
    <Placemark>
      <name>Amarelo</name>
      <styleUrl>#style_Amarelo</styleUrl>
      <Point>
        <coordinates>16.1101570000,-10.3158660000,0</coordinates>
      </Point>
    </Placemark>
    <Placemark>
      <name>Amarelo</name>
      <styleUrl>#style_Amarelo</styleUrl>
      <Point>
        <coordinates>16.1096570000,-10.3166460000,0</coordinates>
      </Point>
    </Placemark>
    <Placemark>
      <name>Amarelo</name>
      <styleUrl>#style_Amarelo</styleUrl>
      <Point>
        <coordinates>16.1104450000,-10.3149250000,0</coordinates>
      </Point>
    </Placemark>
    <Placemark>
      <name>Amarelo</name>
      <styleUrl>#style_Amarelo</styleUrl>
      <Point>
        <coordinates>16.1154330000,-10.2634000000,0</coordinates>
      </Point>
    </Placemark>
    <Placemark>
      <name>Amarelo</name>
      <styleUrl>#style_Amarelo</styleUrl>
      <Point>
        <coordinates>16.1149880000,-10.2614120000,0</coordinates>
      </Point>
    </Placemark>
    <Placemark>
      <name>Amarelo</name>
      <styleUrl>#style_Amarelo</styleUrl>
      <Point>
        <coordinates>16.1154930000,-10.2623510000,0</coordinates>
      </Point>
    </Placemark>
    <Placemark>
      <name>Amarelo</name>
      <styleUrl>#style_Amarelo</styleUrl>
      <Point>
        <coordinates>16.1134500000,-10.2627460000,0</coordinates>
      </Point>
    </Placemark>
    <Placemark>
      <name>Amarelo</name>
      <styleUrl>#style_Amarelo</styleUrl>
      <Point>
        <coordinates>16.1318050000,-10.2147200000,0</coordinates>
      </Point>
    </Placemark>
    <Placemark>
      <name>Amarelo</name>
      <styleUrl>#style_Amarelo</styleUrl>
      <Point>
        <coordinates>16.1326800000,-10.2143820000,0</coordinates>
      </Point>
    </Placemark>
    <Placemark>
      <name>Amarelo</name>
      <styleUrl>#style_Amarelo</styleUrl>
      <Point>
        <coordinates>16.1324670000,-10.2136600000,0</coordinates>
      </Point>
    </Placemark>
    <Placemark>
      <name>Amarelo</name>
      <styleUrl>#style_Amarelo</styleUrl>
      <Point>
        <coordinates>16.1322220000,-10.2141220000,0</coordinates>
      </Point>
    </Placemark>
    <Placemark>
      <name>Amarelo</name>
      <styleUrl>#style_Amarelo</styleUrl>
      <Point>
        <coordinates>16.1410810000,-10.1639760000,0</coordinates>
      </Point>
    </Placemark>
    <Placemark>
      <name>Amarelo</name>
      <styleUrl>#style_Amarelo</styleUrl>
      <Point>
        <coordinates>16.1408440000,-10.1637870000,0</coordinates>
      </Point>
    </Placemark>
    <Placemark>
      <name>Amarelo</name>
      <styleUrl>#style_Amarelo</styleUrl>
      <Point>
        <coordinates>16.1411630000,-10.1637770000,0</coordinates>
      </Point>
    </Placemark>
    <Placemark>
      <name>Amarelo</name>
      <styleUrl>#style_Amarelo</styleUrl>
      <Point>
        <coordinates>16.1408150000,-10.1635160000,0</coordinates>
      </Point>
    </Placemark>
    <Placemark>
      <name>Amarelo</name>
      <styleUrl>#style_Amarelo</styleUrl>
      <Point>
        <coordinates>16.1541880000,-10.1128470000,0</coordinates>
      </Point>
    </Placemark>
    <Placemark>
      <name>Amarelo</name>
      <styleUrl>#style_Amarelo</styleUrl>
      <Point>
        <coordinates>16.1538790000,-10.1131470000,0</coordinates>
      </Point>
    </Placemark>
    <Placemark>
      <name>Amarelo</name>
      <styleUrl>#style_Amarelo</styleUrl>
      <Point>
        <coordinates>16.1541980000,-10.1132450000,0</coordinates>
      </Point>
    </Placemark>
    <Placemark>
      <name>Amarelo</name>
      <styleUrl>#style_Amarelo</styleUrl>
      <Point>
        <coordinates>16.1538780000,-10.1129480000,0</coordinates>
      </Point>
    </Placemark>
    <Placemark>
      <name>Amarelo</name>
      <styleUrl>#style_Amarelo</styleUrl>
      <Point>
        <coordinates>16.1645060000,-10.0713320000,0</coordinates>
      </Point>
    </Placemark>
    <Placemark>
      <name>Amarelo</name>
      <styleUrl>#style_Amarelo</styleUrl>
      <Point>
        <coordinates>16.1642040000,-10.0709980000,0</coordinates>
      </Point>
    </Placemark>
    <Placemark>
      <name>Amarelo</name>
      <styleUrl>#style_Amarelo</styleUrl>
      <Point>
        <coordinates>16.1642200000,-10.0703830000,0</coordinates>
      </Point>
    </Placemark>
    <Placemark>
      <name>Amarelo</name>
      <styleUrl>#style_Amarelo</styleUrl>
      <Point>
        <coordinates>16.1639560000,-10.0705380000,0</coordinates>
      </Point>
    </Placemark>
    <Placemark>
      <name>Amarelo</name>
      <styleUrl>#style_Amarelo</styleUrl>
      <Point>
        <coordinates>16.1776360000,-10.0307650000,0</coordinates>
      </Point>
    </Placemark>
    <Placemark>
      <name>Amarelo</name>
      <styleUrl>#style_Amarelo</styleUrl>
      <Point>
        <coordinates>16.1777250000,-10.0302310000,0</coordinates>
      </Point>
    </Placemark>
    <Placemark>
      <name>Amarelo</name>
      <styleUrl>#style_Amarelo</styleUrl>
      <Point>
        <coordinates>16.1774800000,-10.0305390000,0</coordinates>
      </Point>
    </Placemark>
    <Placemark>
      <name>Amarelo</name>
      <styleUrl>#style_Amarelo</styleUrl>
      <Point>
        <coordinates>16.1775060000,-10.0303580000,0</coordinates>
      </Point>
    </Placemark>
    <Placemark>
      <name>Amarelo</name>
      <styleUrl>#style_Amarelo</styleUrl>
      <Point>
        <coordinates>16.2491300000,-9.9264330000,0</coordinates>
      </Point>
    </Placemark>
    <Placemark>
      <name>Amarelo</name>
      <styleUrl>#style_Amarelo</styleUrl>
      <Point>
        <coordinates>16.2492280000,-9.9257540000,0</coordinates>
      </Point>
    </Placemark>
    <Placemark>
      <name>Amarelo</name>
      <styleUrl>#style_Amarelo</styleUrl>
      <Point>
        <coordinates>16.2486550000,-9.9261540000,0</coordinates>
      </Point>
    </Placemark>
    <Placemark>
      <name>Amarelo</name>
      <styleUrl>#style_Amarelo</styleUrl>
      <Point>
        <coordinates>16.2493660000,-9.9261510000,0</coordinates>
      </Point>
    </Placemark>
    <Placemark>
      <name>Amarelo</name>
      <styleUrl>#style_Amarelo</styleUrl>
      <Point>
        <coordinates>15.8739350000,-12.0885110000,0</coordinates>
      </Point>
    </Placemark>
    <Placemark>
      <name>Amarelo</name>
      <styleUrl>#style_Amarelo</styleUrl>
      <Point>
        <coordinates>15.8736860000,-12.0882410000,0</coordinates>
      </Point>
    </Placemark>
    <Placemark>
      <name>Amarelo</name>
      <styleUrl>#style_Amarelo</styleUrl>
      <Point>
        <coordinates>15.8735580000,-12.0884400000,0</coordinates>
      </Point>
    </Placemark>
    <Placemark>
      <name>Amarelo</name>
      <styleUrl>#style_Amarelo</styleUrl>
      <Point>
        <coordinates>15.8738880000,-12.0882670000,0</coordinates>
      </Point>
    </Placemark>
    <Placemark>
      <name>Amarelo</name>
      <styleUrl>#style_Amarelo</styleUrl>
      <Point>
        <coordinates>15.8832740000,-12.0277620000,0</coordinates>
      </Point>
    </Placemark>
    <Placemark>
      <name>Amarelo</name>
      <styleUrl>#style_Amarelo</styleUrl>
      <Point>
        <coordinates>15.8829620000,-12.0279620000,0</coordinates>
      </Point>
    </Placemark>
    <Placemark>
      <name>Amarelo</name>
      <styleUrl>#style_Amarelo</styleUrl>
      <Point>
        <coordinates>15.8831900000,-12.0275820000,0</coordinates>
      </Point>
    </Placemark>
    <Placemark>
      <name>Amarelo</name>
      <styleUrl>#style_Amarelo</styleUrl>
      <Point>
        <coordinates>15.8829790000,-12.0277360000,0</coordinates>
      </Point>
    </Placemark>
    <Placemark>
      <name>Amarelo</name>
      <styleUrl>#style_Amarelo</styleUrl>
      <Point>
        <coordinates>15.8652970000,-11.9125820000,0</coordinates>
      </Point>
    </Placemark>
    <Placemark>
      <name>Amarelo</name>
      <styleUrl>#style_Amarelo</styleUrl>
      <Point>
        <coordinates>15.8650950000,-11.9125280000,0</coordinates>
      </Point>
    </Placemark>
    <Placemark>
      <name>Amarelo</name>
      <styleUrl>#style_Amarelo</styleUrl>
      <Point>
        <coordinates>15.8650490000,-11.9126640000,0</coordinates>
      </Point>
    </Placemark>
    <Placemark>
      <name>Amarelo</name>
      <styleUrl>#style_Amarelo</styleUrl>
      <Point>
        <coordinates>15.8650870000,-11.9129260000,0</coordinates>
      </Point>
    </Placemark>
    <Placemark>
      <name>Amarelo</name>
      <styleUrl>#style_Amarelo</styleUrl>
      <Point>
        <coordinates>15.8674960000,-11.8499830000,0</coordinates>
      </Point>
    </Placemark>
    <Placemark>
      <name>Amarelo</name>
      <styleUrl>#style_Amarelo</styleUrl>
      <Point>
        <coordinates>15.8676060000,-11.8500910000,0</coordinates>
      </Point>
    </Placemark>
    <Placemark>
      <name>Amarelo</name>
      <styleUrl>#style_Amarelo</styleUrl>
      <Point>
        <coordinates>15.8673040000,-11.8503540000,0</coordinates>
      </Point>
    </Placemark>
    <Placemark>
      <name>Amarelo</name>
      <styleUrl>#style_Amarelo</styleUrl>
      <Point>
        <coordinates>16.4445330000,-11.5213310000,0</coordinates>
      </Point>
    </Placemark>
    <Placemark>
      <name>Amarelo</name>
      <styleUrl>#style_Amarelo</styleUrl>
      <Point>
        <coordinates>16.4352070000,-11.5622520000,0</coordinates>
      </Point>
    </Placemark>
    <Placemark>
      <name>Amarelo</name>
      <styleUrl>#style_Amarelo</styleUrl>
      <Point>
        <coordinates>16.4374420000,-11.6568460000,0</coordinates>
      </Point>
    </Placemark>
    <Placemark>
      <name>Amarelo</name>
      <styleUrl>#style_Amarelo</styleUrl>
      <Point>
        <coordinates>16.4133910000,-11.6927320000,0</coordinates>
      </Point>
    </Placemark>
    <Placemark>
      <name>Amarelo</name>
      <styleUrl>#style_Amarelo</styleUrl>
      <Point>
        <coordinates>16.4340440000,-11.6576770000,0</coordinates>
      </Point>
    </Placemark>
    <Placemark>
      <name>Amarelo</name>
      <styleUrl>#style_Amarelo</styleUrl>
      <Point>
        <coordinates>16.4414310000,-11.5296550000,0</coordinates>
      </Point>
    </Placemark>
    <Placemark>
      <name>Amarelo</name>
      <styleUrl>#style_Amarelo</styleUrl>
      <Point>
        <coordinates>16.4282400000,-11.5680100000,0</coordinates>
      </Point>
    </Placemark>
    <Placemark>
      <name>Amarelo</name>
      <styleUrl>#style_Amarelo</styleUrl>
      <Point>
        <coordinates>16.4238500000,-11.5756800000,0</coordinates>
      </Point>
    </Placemark>
    <Placemark>
      <name>Amarelo</name>
      <styleUrl>#style_Amarelo</styleUrl>
      <Point>
        <coordinates>16.4199670000,-11.5838450000,0</coordinates>
      </Point>
    </Placemark>
    <Placemark>
      <name>Amarelo</name>
      <styleUrl>#style_Amarelo</styleUrl>
      <Point>
        <coordinates>16.4156160000,-11.5920940000,0</coordinates>
      </Point>
    </Placemark>
    <Placemark>
      <name>Amarelo</name>
      <styleUrl>#style_Amarelo</styleUrl>
      <Point>
        <coordinates>16.4172620000,-11.6057740000,0</coordinates>
      </Point>
    </Placemark>
    <Placemark>
      <name>Amarelo</name>
      <styleUrl>#style_Amarelo</styleUrl>
      <Point>
        <coordinates>16.4450550000,-11.6515370000,0</coordinates>
      </Point>
    </Placemark>
    <Placemark>
      <name>Amarelo</name>
      <styleUrl>#style_Amarelo</styleUrl>
      <Point>
        <coordinates>15.0737550000,-14.9232820000,0</coordinates>
      </Point>
    </Placemark>
    <Placemark>
      <name>Amarelo</name>
      <styleUrl>#style_Amarelo</styleUrl>
      <Point>
        <coordinates>15.0738480000,-14.9229290000,0</coordinates>
      </Point>
    </Placemark>
    <Placemark>
      <name>Amarelo</name>
      <styleUrl>#style_Amarelo</styleUrl>
      <Point>
        <coordinates>15.0745820000,-14.9235620000,0</coordinates>
      </Point>
    </Placemark>
    <Placemark>
      <name>Amarelo</name>
      <styleUrl>#style_Amarelo</styleUrl>
      <Point>
        <coordinates>15.0741640000,-14.9230920000,0</coordinates>
      </Point>
    </Placemark>
    <Placemark>
      <name>Amarelo</name>
      <styleUrl>#style_Amarelo</styleUrl>
      <Point>
        <coordinates>15.2081240000,-13.7875110000,0</coordinates>
      </Point>
    </Placemark>
    <Placemark>
      <name>Amarelo</name>
      <styleUrl>#style_Amarelo</styleUrl>
      <Point>
        <coordinates>15.2080220000,-13.7878910000,0</coordinates>
      </Point>
    </Placemark>
    <Placemark>
      <name>Amarelo</name>
      <styleUrl>#style_Amarelo</styleUrl>
      <Point>
        <coordinates>15.2086050000,-13.7877360000,0</coordinates>
      </Point>
    </Placemark>
    <Placemark>
      <name>Amarelo</name>
      <styleUrl>#style_Amarelo</styleUrl>
      <Point>
        <coordinates>15.2073840000,-13.7875750000,0</coordinates>
      </Point>
    </Placemark>
    <Placemark>
      <name>Amarelo</name>
      <styleUrl>#style_Amarelo</styleUrl>
      <Point>
        <coordinates>15.2339530000,-13.7858510000,0</coordinates>
      </Point>
    </Placemark>
    <Placemark>
      <name>Amarelo</name>
      <styleUrl>#style_Amarelo</styleUrl>
      <Point>
        <coordinates>15.2338420000,-13.7860230000,0</coordinates>
      </Point>
    </Placemark>
    <Placemark>
      <name>Amarelo</name>
      <styleUrl>#style_Amarelo</styleUrl>
      <Point>
        <coordinates>15.2342950000,-13.7858870000,0</coordinates>
      </Point>
    </Placemark>
    <Placemark>
      <name>Amarelo</name>
      <styleUrl>#style_Amarelo</styleUrl>
      <Point>
        <coordinates>15.2341280000,-13.7859860000,0</coordinates>
      </Point>
    </Placemark>
    <Placemark>
      <name>Amarelo</name>
      <styleUrl>#style_Amarelo</styleUrl>
      <Point>
        <coordinates>15.4955040000,-13.7754450000,0</coordinates>
      </Point>
    </Placemark>
    <Placemark>
      <name>Amarelo</name>
      <styleUrl>#style_Amarelo</styleUrl>
      <Point>
        <coordinates>15.4955230000,-13.7756440000,0</coordinates>
      </Point>
    </Placemark>
    <Placemark>
      <name>Amarelo</name>
      <styleUrl>#style_Amarelo</styleUrl>
      <Point>
        <coordinates>15.4958280000,-13.7755260000,0</coordinates>
      </Point>
    </Placemark>
    <Placemark>
      <name>Amarelo</name>
      <styleUrl>#style_Amarelo</styleUrl>
      <Point>
        <coordinates>15.4953100000,-13.7755270000,0</coordinates>
      </Point>
    </Placemark>
    <Placemark>
      <name>Amarelo</name>
      <styleUrl>#style_Amarelo</styleUrl>
      <Point>
        <coordinates>15.5117200000,-13.7795530000,0</coordinates>
      </Point>
    </Placemark>
    <Placemark>
      <name>Amarelo</name>
      <styleUrl>#style_Amarelo</styleUrl>
      <Point>
        <coordinates>15.5117750000,-13.7792000000,0</coordinates>
      </Point>
    </Placemark>
    <Placemark>
      <name>Amarelo</name>
      <styleUrl>#style_Amarelo</styleUrl>
      <Point>
        <coordinates>15.5121550000,-13.7793440000,0</coordinates>
      </Point>
    </Placemark>
    <Placemark>
      <name>Amarelo</name>
      <styleUrl>#style_Amarelo</styleUrl>
      <Point>
        <coordinates>15.5121180000,-13.7795070000,0</coordinates>
      </Point>
    </Placemark>
    <Placemark>
      <name>Amarelo</name>
      <styleUrl>#style_Amarelo</styleUrl>
      <Point>
        <coordinates>15.0410860000,-14.4805290000,0</coordinates>
      </Point>
    </Placemark>
    <Placemark>
      <name>Amarelo</name>
      <styleUrl>#style_Amarelo</styleUrl>
      <Point>
        <coordinates>15.0384360000,-14.4937730000,0</coordinates>
      </Point>
    </Placemark>
    <Placemark>
      <name>Amarelo</name>
      <styleUrl>#style_Amarelo</styleUrl>
      <Point>
        <coordinates>15.0376510000,-14.4981990000,0</coordinates>
      </Point>
    </Placemark>
    <Placemark>
      <name>Amarelo</name>
      <styleUrl>#style_Amarelo</styleUrl>
      <Point>
        <coordinates>15.0409680000,-14.5385270000,0</coordinates>
      </Point>
    </Placemark>
    <Placemark>
      <name>Amarelo</name>
      <styleUrl>#style_Amarelo</styleUrl>
      <Point>
        <coordinates>15.0413100000,-14.5430120000,0</coordinates>
      </Point>
    </Placemark>
    <Placemark>
      <name>Amarelo</name>
      <styleUrl>#style_Amarelo</styleUrl>
      <Point>
        <coordinates>15.0417240000,-14.5474900000,0</coordinates>
      </Point>
    </Placemark>
    <Placemark>
      <name>Amarelo</name>
      <styleUrl>#style_Amarelo</styleUrl>
      <Point>
        <coordinates>15.0420940000,-14.5519720000,0</coordinates>
      </Point>
    </Placemark>
    <Placemark>
      <name>Amarelo</name>
      <styleUrl>#style_Amarelo</styleUrl>
      <Point>
        <coordinates>15.0424610000,-14.5564510000,0</coordinates>
      </Point>
    </Placemark>
    <Placemark>
      <name>Amarelo</name>
      <styleUrl>#style_Amarelo</styleUrl>
      <Point>
        <coordinates>15.0435980000,-14.5608040000,0</coordinates>
      </Point>
    </Placemark>
    <Placemark>
      <name>Amarelo</name>
      <styleUrl>#style_Amarelo</styleUrl>
      <Point>
        <coordinates>15.0448570000,-14.5651320000,0</coordinates>
      </Point>
    </Placemark>
    <Placemark>
      <name>Amarelo</name>
      <styleUrl>#style_Amarelo</styleUrl>
      <Point>
        <coordinates>15.0461200000,-14.5694590000,0</coordinates>
      </Point>
    </Placemark>
    <Placemark>
      <name>Amarelo</name>
      <styleUrl>#style_Amarelo</styleUrl>
      <Point>
        <coordinates>15.0473930000,-14.5737840000,0</coordinates>
      </Point>
    </Placemark>
    <Placemark>
      <name>Amarelo</name>
      <styleUrl>#style_Amarelo</styleUrl>
      <Point>
        <coordinates>15.0486650000,-14.5781090000,0</coordinates>
      </Point>
    </Placemark>
    <Placemark>
      <name>Amarelo</name>
      <styleUrl>#style_Amarelo</styleUrl>
      <Point>
        <coordinates>15.0499370000,-14.5824330000,0</coordinates>
      </Point>
    </Placemark>
    <Placemark>
      <name>Amarelo</name>
      <styleUrl>#style_Amarelo</styleUrl>
      <Point>
        <coordinates>15.0512090000,-14.5867580000,0</coordinates>
      </Point>
    </Placemark>
    <Placemark>
      <name>Amarelo</name>
      <styleUrl>#style_Amarelo</styleUrl>
      <Point>
        <coordinates>15.0524810000,-14.5910830000,0</coordinates>
      </Point>
    </Placemark>
    <Placemark>
      <name>Amarelo</name>
      <styleUrl>#style_Amarelo</styleUrl>
      <Point>
        <coordinates>15.0537540000,-14.5954080000,0</coordinates>
      </Point>
    </Placemark>
    <Placemark>
      <name>Amarelo</name>
      <styleUrl>#style_Amarelo</styleUrl>
      <Point>
        <coordinates>15.0529500000,-14.6082920000,0</coordinates>
      </Point>
    </Placemark>
    <Placemark>
      <name>Amarelo</name>
      <styleUrl>#style_Amarelo</styleUrl>
      <Point>
        <coordinates>15.0514510000,-14.6125480000,0</coordinates>
      </Point>
    </Placemark>
    <Placemark>
      <name>Amarelo</name>
      <styleUrl>#style_Amarelo</styleUrl>
      <Point>
        <coordinates>15.0499680000,-14.6168100000,0</coordinates>
      </Point>
    </Placemark>
    <Placemark>
      <name>Amarelo</name>
      <styleUrl>#style_Amarelo</styleUrl>
      <Point>
        <coordinates>15.0484700000,-14.6210660000,0</coordinates>
      </Point>
    </Placemark>
    <Placemark>
      <name>Amarelo</name>
      <styleUrl>#style_Amarelo</styleUrl>
      <Point>
        <coordinates>15.0469680000,-14.6253220000,0</coordinates>
      </Point>
    </Placemark>
    <Placemark>
      <name>Amarelo</name>
      <styleUrl>#style_Amarelo</styleUrl>
      <Point>
        <coordinates>15.0454670000,-14.6295770000,0</coordinates>
      </Point>
    </Placemark>
    <Placemark>
      <name>Amarelo</name>
      <styleUrl>#style_Amarelo</styleUrl>
      <Point>
        <coordinates>15.0439820000,-14.6338380000,0</coordinates>
      </Point>
    </Placemark>
    <Placemark>
      <name>Amarelo</name>
      <styleUrl>#style_Amarelo</styleUrl>
      <Point>
        <coordinates>15.0424980000,-14.6380990000,0</coordinates>
      </Point>
    </Placemark>
    <Placemark>
      <name>Amarelo</name>
      <styleUrl>#style_Amarelo</styleUrl>
      <Point>
        <coordinates>15.0408090000,-14.6422750000,0</coordinates>
      </Point>
    </Placemark>
    <Placemark>
      <name>Amarelo</name>
      <styleUrl>#style_Amarelo</styleUrl>
      <Point>
        <coordinates>15.0386150000,-14.6462390000,0</coordinates>
      </Point>
    </Placemark>
    <Placemark>
      <name>Amarelo</name>
      <styleUrl>#style_Amarelo</styleUrl>
      <Point>
        <coordinates>15.0364210000,-14.6502030000,0</coordinates>
      </Point>
    </Placemark>
    <Placemark>
      <name>Amarelo</name>
      <styleUrl>#style_Amarelo</styleUrl>
      <Point>
        <coordinates>15.0342270000,-14.6541670000,0</coordinates>
      </Point>
    </Placemark>
    <Placemark>
      <name>Amarelo</name>
      <styleUrl>#style_Amarelo</styleUrl>
      <Point>
        <coordinates>15.0320330000,-14.6581310000,0</coordinates>
      </Point>
    </Placemark>
    <Placemark>
      <name>Amarelo</name>
      <styleUrl>#style_Amarelo</styleUrl>
      <Point>
        <coordinates>15.0298390000,-14.6620950000,0</coordinates>
      </Point>
    </Placemark>
    <Placemark>
      <name>Amarelo</name>
      <styleUrl>#style_Amarelo</styleUrl>
      <Point>
        <coordinates>15.0065780000,-14.6824100000,0</coordinates>
      </Point>
    </Placemark>
    <Placemark>
      <name>Amarelo</name>
      <styleUrl>#style_Amarelo</styleUrl>
      <Point>
        <coordinates>15.0025220000,-14.6846070000,0</coordinates>
      </Point>
    </Placemark>
    <Placemark>
      <name>Amarelo</name>
      <styleUrl>#style_Amarelo</styleUrl>
      <Point>
        <coordinates>14.9984660000,-14.6868030000,0</coordinates>
      </Point>
    </Placemark>
    <Placemark>
      <name>Amarelo</name>
      <styleUrl>#style_Amarelo</styleUrl>
      <Point>
        <coordinates>14.9944100000,-14.6889970000,0</coordinates>
      </Point>
    </Placemark>
    <Placemark>
      <name>Amarelo</name>
      <styleUrl>#style_Amarelo</styleUrl>
      <Point>
        <coordinates>14.9935390000,-14.6933070000,0</coordinates>
      </Point>
    </Placemark>
    <Placemark>
      <name>Amarelo</name>
      <styleUrl>#style_Amarelo</styleUrl>
      <Point>
        <coordinates>14.9933520000,-14.6978000000,0</coordinates>
      </Point>
    </Placemark>
    <Placemark>
      <name>Amarelo</name>
      <styleUrl>#style_Amarelo</styleUrl>
      <Point>
        <coordinates>14.9940890000,-14.7021500000,0</coordinates>
      </Point>
    </Placemark>
    <Placemark>
      <name>Amarelo</name>
      <styleUrl>#style_Amarelo</styleUrl>
      <Point>
        <coordinates>14.9961360000,-14.7061820000,0</coordinates>
      </Point>
    </Placemark>
    <Placemark>
      <name>Amarelo</name>
      <styleUrl>#style_Amarelo</styleUrl>
      <Point>
        <coordinates>14.9982520000,-14.7101850000,0</coordinates>
      </Point>
    </Placemark>
    <Placemark>
      <name>Amarelo</name>
      <styleUrl>#style_Amarelo</styleUrl>
      <Point>
        <coordinates>15.0003830000,-14.7141810000,0</coordinates>
      </Point>
    </Placemark>
    <Placemark>
      <name>Amarelo</name>
      <styleUrl>#style_Amarelo</styleUrl>
      <Point>
        <coordinates>15.0038860000,-14.7169710000,0</coordinates>
      </Point>
    </Placemark>
    <Placemark>
      <name>Amarelo</name>
      <styleUrl>#style_Amarelo</styleUrl>
      <Point>
        <coordinates>15.0080270000,-14.7190140000,0</coordinates>
      </Point>
    </Placemark>
    <Placemark>
      <name>Amarelo</name>
      <styleUrl>#style_Amarelo</styleUrl>
      <Point>
        <coordinates>15.0121630000,-14.7210680000,0</coordinates>
      </Point>
    </Placemark>
    <Placemark>
      <name>Amarelo</name>
      <styleUrl>#style_Amarelo</styleUrl>
      <Point>
        <coordinates>15.0163150000,-14.7230570000,0</coordinates>
      </Point>
    </Placemark>
    <Placemark>
      <name>Amarelo</name>
      <styleUrl>#style_Amarelo</styleUrl>
      <Point>
        <coordinates>15.0204140000,-14.7251770000,0</coordinates>
      </Point>
    </Placemark>
    <Placemark>
      <name>Amarelo</name>
      <styleUrl>#style_Amarelo</styleUrl>
      <Point>
        <coordinates>15.0245930000,-14.7270540000,0</coordinates>
      </Point>
    </Placemark>
    <Placemark>
      <name>Amarelo</name>
      <styleUrl>#style_Amarelo</styleUrl>
      <Point>
        <coordinates>15.0283520000,-14.7287370000,0</coordinates>
      </Point>
    </Placemark>
    <Placemark>
      <name>Amarelo</name>
      <styleUrl>#style_Amarelo</styleUrl>
      <Point>
        <coordinates>15.0320010000,-14.7312490000,0</coordinates>
      </Point>
    </Placemark>
    <Placemark>
      <name>Amarelo</name>
      <styleUrl>#style_Amarelo</styleUrl>
      <Point>
        <coordinates>15.0330570000,-14.7356080000,0</coordinates>
      </Point>
    </Placemark>
    <Placemark>
      <name>Amarelo</name>
      <styleUrl>#style_Amarelo</styleUrl>
      <Point>
        <coordinates>14.0393720000,-14.1865690000,0</coordinates>
      </Point>
    </Placemark>
    <Placemark>
      <name>Amarelo</name>
      <styleUrl>#style_Amarelo</styleUrl>
      <Point>
        <coordinates>14.0675600000,-14.1482200000,0</coordinates>
      </Point>
    </Placemark>
    <Placemark>
      <name>Amarelo</name>
      <styleUrl>#style_Amarelo</styleUrl>
      <Point>
        <coordinates>14.0619100000,-14.1094400000,0</coordinates>
      </Point>
    </Placemark>
    <Placemark>
      <name>Amarelo</name>
      <styleUrl>#style_Amarelo</styleUrl>
      <Point>
        <coordinates>14.0688230000,-14.0697600000,0</coordinates>
      </Point>
    </Placemark>
    <Placemark>
      <name>Amarelo</name>
      <styleUrl>#style_Amarelo</styleUrl>
      <Point>
        <coordinates>14.0464540000,-14.0346120000,0</coordinates>
      </Point>
    </Placemark>
    <Placemark>
      <name>Amarelo</name>
      <styleUrl>#style_Amarelo</styleUrl>
      <Point>
        <coordinates>16.6321130000,-11.0727840000,0</coordinates>
      </Point>
    </Placemark>
    <Placemark>
      <name>Amarelo</name>
      <styleUrl>#style_Amarelo</styleUrl>
      <Point>
        <coordinates>16.6551160000,-11.0865720000,0</coordinates>
      </Point>
    </Placemark>
    <Placemark>
      <name>Amarelo</name>
      <styleUrl>#style_Amarelo</styleUrl>
      <Point>
        <coordinates>16.6649890000,-11.0949180000,0</coordinates>
      </Point>
    </Placemark>
    <Placemark>
      <name>Amarelo</name>
      <styleUrl>#style_Amarelo</styleUrl>
      <Point>
        <coordinates>16.6756590000,-11.0996460000,0</coordinates>
      </Point>
    </Placemark>
    <Placemark>
      <name>Amarelo</name>
      <styleUrl>#style_Amarelo</styleUrl>
      <Point>
        <coordinates>16.6056370000,-11.0573340000,0</coordinates>
      </Point>
    </Placemark>
    <Placemark>
      <name>Amarelo</name>
      <styleUrl>#style_Amarelo</styleUrl>
      <Point>
        <coordinates>16.7138230000,-11.1952350000,0</coordinates>
      </Point>
    </Placemark>
    <Placemark>
      <name>Amarelo</name>
      <styleUrl>#style_Amarelo</styleUrl>
      <Point>
        <coordinates>16.5794720000,-11.0460450000,0</coordinates>
      </Point>
    </Placemark>
    <Placemark>
      <name>Amarelo</name>
      <styleUrl>#style_Amarelo</styleUrl>
      <Point>
        <coordinates>21.8420750000,-11.0598970000,0</coordinates>
      </Point>
    </Placemark>
    <Placemark>
      <name>Amarelo</name>
      <styleUrl>#style_Amarelo</styleUrl>
      <Point>
        <coordinates>21.8337390000,-11.0612230000,0</coordinates>
      </Point>
    </Placemark>
    <Placemark>
      <name>Amarelo</name>
      <styleUrl>#style_Amarelo</styleUrl>
      <Point>
        <coordinates>21.8290070000,-11.0617600000,0</coordinates>
      </Point>
    </Placemark>
    <Placemark>
      <name>Amarelo</name>
      <styleUrl>#style_Amarelo</styleUrl>
      <Point>
        <coordinates>21.8258230000,-11.0621310000,0</coordinates>
      </Point>
    </Placemark>
    <Placemark>
      <name>Amarelo</name>
      <styleUrl>#style_Amarelo</styleUrl>
      <Point>
        <coordinates>21.8206900000,-11.0633380000,0</coordinates>
      </Point>
    </Placemark>
    <Placemark>
      <name>Amarelo</name>
      <styleUrl>#style_Amarelo</styleUrl>
      <Point>
        <coordinates>21.8159440000,-11.0651870000,0</coordinates>
      </Point>
    </Placemark>
    <Placemark>
      <name>Amarelo</name>
      <styleUrl>#style_Amarelo</styleUrl>
      <Point>
        <coordinates>21.8104480000,-11.0673360000,0</coordinates>
      </Point>
    </Placemark>
    <Placemark>
      <name>Amarelo</name>
      <styleUrl>#style_Amarelo</styleUrl>
      <Point>
        <coordinates>21.7971550000,-11.0744970000,0</coordinates>
      </Point>
    </Placemark>
    <Placemark>
      <name>Amarelo</name>
      <styleUrl>#style_Amarelo</styleUrl>
      <Point>
        <coordinates>21.7604700000,-11.1098970000,0</coordinates>
      </Point>
    </Placemark>
    <Placemark>
      <name>Amarelo</name>
      <styleUrl>#style_Amarelo</styleUrl>
      <Point>
        <coordinates>21.7580310000,-11.1123440000,0</coordinates>
      </Point>
    </Placemark>
    <Placemark>
      <name>Amarelo</name>
      <styleUrl>#style_Amarelo</styleUrl>
      <Point>
        <coordinates>21.7543510000,-11.1160430000,0</coordinates>
      </Point>
    </Placemark>
    <Placemark>
      <name>Amarelo</name>
      <styleUrl>#style_Amarelo</styleUrl>
      <Point>
        <coordinates>21.7034260000,-11.1599630000,0</coordinates>
      </Point>
    </Placemark>
    <Placemark>
      <name>Amarelo</name>
      <styleUrl>#style_Amarelo</styleUrl>
      <Point>
        <coordinates>21.6965580000,-11.1719160000,0</coordinates>
      </Point>
    </Placemark>
    <Placemark>
      <name>Amarelo</name>
      <styleUrl>#style_Amarelo</styleUrl>
      <Point>
        <coordinates>21.6955150000,-11.1723710000,0</coordinates>
      </Point>
    </Placemark>
    <Placemark>
      <name>Amarelo</name>
      <styleUrl>#style_Amarelo</styleUrl>
      <Point>
        <coordinates>21.6862980000,-11.1785690000,0</coordinates>
      </Point>
    </Placemark>
    <Placemark>
      <name>Amarelo</name>
      <styleUrl>#style_Amarelo</styleUrl>
      <Point>
        <coordinates>21.7839250000,-11.0880150000,0</coordinates>
      </Point>
    </Placemark>
    <Placemark>
      <name>Amarelo</name>
      <styleUrl>#style_Amarelo</styleUrl>
      <Point>
        <coordinates>21.7686630000,-11.1056980000,0</coordinates>
      </Point>
    </Placemark>
    <Placemark>
      <name>Amarelo</name>
      <styleUrl>#style_Amarelo</styleUrl>
      <Point>
        <coordinates>21.7387140000,-11.1318810000,0</coordinates>
      </Point>
    </Placemark>
    <Placemark>
      <name>Amarelo</name>
      <styleUrl>#style_Amarelo</styleUrl>
      <Point>
        <coordinates>21.7097370000,-11.1565120000,0</coordinates>
      </Point>
    </Placemark>
    <Placemark>
      <name>Amarelo</name>
      <styleUrl>#style_Amarelo</styleUrl>
      <Point>
        <coordinates>21.6619070000,-11.2063150000,0</coordinates>
      </Point>
    </Placemark>
    <Placemark>
      <name>Amarelo</name>
      <styleUrl>#style_Amarelo</styleUrl>
      <Point>
        <coordinates>21.3830630000,-14.1863890000,0</coordinates>
      </Point>
    </Placemark>
    <Placemark>
      <name>Amarelo</name>
      <styleUrl>#style_Amarelo</styleUrl>
      <Point>
        <coordinates>21.3838140000,-14.1862700000,0</coordinates>
      </Point>
    </Placemark>
    <Placemark>
      <name>Amarelo</name>
      <styleUrl>#style_Amarelo</styleUrl>
      <Point>
        <coordinates>21.3824990000,-14.1868780000,0</coordinates>
      </Point>
    </Placemark>
    <Placemark>
      <name>Amarelo</name>
      <styleUrl>#style_Amarelo</styleUrl>
      <Point>
        <coordinates>21.3832680000,-14.1870300000,0</coordinates>
      </Point>
    </Placemark>
    <Placemark>
      <name>Amarelo</name>
      <styleUrl>#style_Amarelo</styleUrl>
      <Point>
        <coordinates>21.3806900000,-14.3079210000,0</coordinates>
      </Point>
    </Placemark>
    <Placemark>
      <name>Amarelo</name>
      <styleUrl>#style_Amarelo</styleUrl>
      <Point>
        <coordinates>21.3806900000,-14.3077490000,0</coordinates>
      </Point>
    </Placemark>
    <Placemark>
      <name>Amarelo</name>
      <styleUrl>#style_Amarelo</styleUrl>
      <Point>
        <coordinates>21.3803950000,-14.3085000000,0</coordinates>
      </Point>
    </Placemark>
    <Placemark>
      <name>Amarelo</name>
      <styleUrl>#style_Amarelo</styleUrl>
      <Point>
        <coordinates>21.3803020000,-14.3082470000,0</coordinates>
      </Point>
    </Placemark>
    <Placemark>
      <name>Amarelo</name>
      <styleUrl>#style_Amarelo</styleUrl>
      <Point>
        <coordinates>21.4105060000,-14.4172200000,0</coordinates>
      </Point>
    </Placemark>
    <Placemark>
      <name>Amarelo</name>
      <styleUrl>#style_Amarelo</styleUrl>
      <Point>
        <coordinates>21.4102090000,-14.4173830000,0</coordinates>
      </Point>
    </Placemark>
    <Placemark>
      <name>Amarelo</name>
      <styleUrl>#style_Amarelo</styleUrl>
      <Point>
        <coordinates>21.4100040000,-14.4170040000,0</coordinates>
      </Point>
    </Placemark>
    <Placemark>
      <name>Amarelo</name>
      <styleUrl>#style_Amarelo</styleUrl>
      <Point>
        <coordinates>21.4101240000,-14.4167950000,0</coordinates>
      </Point>
    </Placemark>
    <Placemark>
      <name>Amarelo</name>
      <styleUrl>#style_Amarelo</styleUrl>
      <Point>
        <coordinates>21.4203860000,-14.5163600000,0</coordinates>
      </Point>
    </Placemark>
    <Placemark>
      <name>Amarelo</name>
      <styleUrl>#style_Amarelo</styleUrl>
      <Point>
        <coordinates>21.4200340000,-14.5163510000,0</coordinates>
      </Point>
    </Placemark>
    <Placemark>
      <name>Amarelo</name>
      <styleUrl>#style_Amarelo</styleUrl>
      <Point>
        <coordinates>21.4202760000,-14.5167310000,0</coordinates>
      </Point>
    </Placemark>
    <Placemark>
      <name>Amarelo</name>
      <styleUrl>#style_Amarelo</styleUrl>
      <Point>
        <coordinates>21.4197930000,-14.5166950000,0</coordinates>
      </Point>
    </Placemark>
    <Placemark>
      <name>Amarelo</name>
      <styleUrl>#style_Amarelo</styleUrl>
      <Point>
        <coordinates>21.4007840000,-14.5979020000,0</coordinates>
      </Point>
    </Placemark>
    <Placemark>
      <name>Amarelo</name>
      <styleUrl>#style_Amarelo</styleUrl>
      <Point>
        <coordinates>21.4009310000,-14.5970070000,0</coordinates>
      </Point>
    </Placemark>
    <Placemark>
      <name>Amarelo</name>
      <styleUrl>#style_Amarelo</styleUrl>
      <Point>
        <coordinates>21.4004120000,-14.5975590000,0</coordinates>
      </Point>
    </Placemark>
    <Placemark>
      <name>Amarelo</name>
      <styleUrl>#style_Amarelo</styleUrl>
      <Point>
        <coordinates>21.4011540000,-14.5974130000,0</coordinates>
      </Point>
    </Placemark>
    <Placemark>
      <name>Amarelo</name>
      <styleUrl>#style_Amarelo</styleUrl>
      <Point>
        <coordinates>12.2696180000,-15.2131800000,0</coordinates>
      </Point>
    </Placemark>
    <Placemark>
      <name>Amarelo</name>
      <styleUrl>#style_Amarelo</styleUrl>
      <Point>
        <coordinates>12.2702610000,-15.2152380000,0</coordinates>
      </Point>
    </Placemark>
    <Placemark>
      <name>Amarelo</name>
      <styleUrl>#style_Amarelo</styleUrl>
      <Point>
        <coordinates>12.2613460000,-15.2414400000,0</coordinates>
      </Point>
    </Placemark>
    <Placemark>
      <name>Vermelho</name>
      <styleUrl>#style_Vermelho</styleUrl>
      <Point>
        <coordinates>13.7305760000,-8.3967750000,0</coordinates>
      </Point>
    </Placemark>
    <Placemark>
      <name>Vermelho</name>
      <styleUrl>#style_Vermelho</styleUrl>
      <Point>
        <coordinates>13.7307900000,-8.3964400000,0</coordinates>
      </Point>
    </Placemark>
    <Placemark>
      <name>Vermelho</name>
      <styleUrl>#style_Vermelho</styleUrl>
      <Point>
        <coordinates>13.8048440000,-8.3367860000,0</coordinates>
      </Point>
    </Placemark>
    <Placemark>
      <name>Vermelho</name>
      <styleUrl>#style_Vermelho</styleUrl>
      <Point>
        <coordinates>13.8050910000,-8.3367740000,0</coordinates>
      </Point>
    </Placemark>
    <Placemark>
      <name>Vermelho</name>
      <styleUrl>#style_Vermelho</styleUrl>
      <Point>
        <coordinates>16.3957370000,-11.6935500000,0</coordinates>
      </Point>
    </Placemark>
    <Placemark>
      <name>Vermelho</name>
      <styleUrl>#style_Vermelho</styleUrl>
      <Point>
        <coordinates>16.3945600000,-11.6930590000,0</coordinates>
      </Point>
    </Placemark>
    <Placemark>
      <name>Vermelho</name>
      <styleUrl>#style_Vermelho</styleUrl>
      <Point>
        <coordinates>15.2778440000,-9.6944440000,0</coordinates>
      </Point>
    </Placemark>
    <Placemark>
      <name>Vermelho</name>
      <styleUrl>#style_Vermelho</styleUrl>
      <Point>
        <coordinates>15.2823690000,-9.6949610000,0</coordinates>
      </Point>
    </Placemark>
    <Placemark>
      <name>Vermelho</name>
      <styleUrl>#style_Vermelho</styleUrl>
      <Point>
        <coordinates>15.2868520000,-9.6957540000,0</coordinates>
      </Point>
    </Placemark>
    <Placemark>
      <name>Vermelho</name>
      <styleUrl>#style_Vermelho</styleUrl>
      <Point>
        <coordinates>15.2913370000,-9.6965280000,0</coordinates>
      </Point>
    </Placemark>
    <Placemark>
      <name>Vermelho</name>
      <styleUrl>#style_Vermelho</styleUrl>
      <Point>
        <coordinates>15.2957230000,-9.6977220000,0</coordinates>
      </Point>
    </Placemark>
    <Placemark>
      <name>Vermelho</name>
      <styleUrl>#style_Vermelho</styleUrl>
      <Point>
        <coordinates>15.3001480000,-9.6987920000,0</coordinates>
      </Point>
    </Placemark>
    <Placemark>
      <name>Vermelho</name>
      <styleUrl>#style_Vermelho</styleUrl>
      <Point>
        <coordinates>15.3045810000,-9.6998300000,0</coordinates>
      </Point>
    </Placemark>
    <Placemark>
      <name>Vermelho</name>
      <styleUrl>#style_Vermelho</styleUrl>
      <Point>
        <coordinates>15.3089960000,-9.7009410000,0</coordinates>
      </Point>
    </Placemark>
    <Placemark>
      <name>Vermelho</name>
      <styleUrl>#style_Vermelho</styleUrl>
      <Point>
        <coordinates>15.3130820000,-9.7029040000,0</coordinates>
      </Point>
    </Placemark>
    <Placemark>
      <name>Vermelho</name>
      <styleUrl>#style_Vermelho</styleUrl>
      <Point>
        <coordinates>15.3171760000,-9.7048620000,0</coordinates>
      </Point>
    </Placemark>
    <Placemark>
      <name>Vermelho</name>
      <styleUrl>#style_Vermelho</styleUrl>
      <Point>
        <coordinates>15.3216010000,-9.7059360000,0</coordinates>
      </Point>
    </Placemark>
    <Placemark>
      <name>Vermelho</name>
      <styleUrl>#style_Vermelho</styleUrl>
      <Point>
        <coordinates>15.3260080000,-9.7070750000,0</coordinates>
      </Point>
    </Placemark>
    <Placemark>
      <name>Vermelho</name>
      <styleUrl>#style_Vermelho</styleUrl>
      <Point>
        <coordinates>15.3304120000,-9.7082300000,0</coordinates>
      </Point>
    </Placemark>
    <Placemark>
      <name>Vermelho</name>
      <styleUrl>#style_Vermelho</styleUrl>
      <Point>
        <coordinates>15.3348120000,-9.7093980000,0</coordinates>
      </Point>
    </Placemark>
    <Placemark>
      <name>Vermelho</name>
      <styleUrl>#style_Vermelho</styleUrl>
      <Point>
        <coordinates>15.3387510000,-9.7114080000,0</coordinates>
      </Point>
    </Placemark>
    <Placemark>
      <name>Vermelho</name>
      <styleUrl>#style_Vermelho</styleUrl>
      <Point>
        <coordinates>15.3428010000,-9.7130590000,0</coordinates>
      </Point>
    </Placemark>
    <Placemark>
      <name>Vermelho</name>
      <styleUrl>#style_Vermelho</styleUrl>
      <Point>
        <coordinates>15.3473260000,-9.7132730000,0</coordinates>
      </Point>
    </Placemark>
    <Placemark>
      <name>Vermelho</name>
      <styleUrl>#style_Vermelho</styleUrl>
      <Point>
        <coordinates>15.3508220000,-9.7160520000,0</coordinates>
      </Point>
    </Placemark>
    <Placemark>
      <name>Vermelho</name>
      <styleUrl>#style_Vermelho</styleUrl>
      <Point>
        <coordinates>15.3538640000,-9.7193970000,0</coordinates>
      </Point>
    </Placemark>
    <Placemark>
      <name>Vermelho</name>
      <styleUrl>#style_Vermelho</styleUrl>
      <Point>
        <coordinates>15.3569300000,-9.7227190000,0</coordinates>
      </Point>
    </Placemark>
    <Placemark>
      <name>Vermelho</name>
      <styleUrl>#style_Vermelho</styleUrl>
      <Point>
        <coordinates>15.3599120000,-9.7261100000,0</coordinates>
      </Point>
    </Placemark>
    <Placemark>
      <name>Vermelho</name>
      <styleUrl>#style_Vermelho</styleUrl>
      <Point>
        <coordinates>15.3625580000,-9.7297670000,0</coordinates>
      </Point>
    </Placemark>
    <Placemark>
      <name>Vermelho</name>
      <styleUrl>#style_Vermelho</styleUrl>
      <Point>
        <coordinates>15.3651880000,-9.7334350000,0</coordinates>
      </Point>
    </Placemark>
    <Placemark>
      <name>Vermelho</name>
      <styleUrl>#style_Vermelho</styleUrl>
      <Point>
        <coordinates>15.3687730000,-9.7360000000,0</coordinates>
      </Point>
    </Placemark>
    <Placemark>
      <name>Vermelho</name>
      <styleUrl>#style_Vermelho</styleUrl>
      <Point>
        <coordinates>15.3732770000,-9.7366690000,0</coordinates>
      </Point>
    </Placemark>
    <Placemark>
      <name>Vermelho</name>
      <styleUrl>#style_Vermelho</styleUrl>
      <Point>
        <coordinates>15.3777930000,-9.7372770000,0</coordinates>
      </Point>
    </Placemark>
    <Placemark>
      <name>Vermelho</name>
      <styleUrl>#style_Vermelho</styleUrl>
      <Point>
        <coordinates>15.3822390000,-9.7381760000,0</coordinates>
      </Point>
    </Placemark>
    <Placemark>
      <name>Vermelho</name>
      <styleUrl>#style_Vermelho</styleUrl>
      <Point>
        <coordinates>15.3862810000,-9.7402450000,0</coordinates>
      </Point>
    </Placemark>
    <Placemark>
      <name>Vermelho</name>
      <styleUrl>#style_Vermelho</styleUrl>
      <Point>
        <coordinates>15.3904050000,-9.7421310000,0</coordinates>
      </Point>
    </Placemark>
    <Placemark>
      <name>Vermelho</name>
      <styleUrl>#style_Vermelho</styleUrl>
      <Point>
        <coordinates>15.3945570000,-9.7439280000,0</coordinates>
      </Point>
    </Placemark>
    <Placemark>
      <name>Vermelho</name>
      <styleUrl>#style_Vermelho</styleUrl>
      <Point>
        <coordinates>15.3984680000,-9.7462090000,0</coordinates>
      </Point>
    </Placemark>
    <Placemark>
      <name>Vermelho</name>
      <styleUrl>#style_Vermelho</styleUrl>
      <Point>
        <coordinates>15.4029640000,-9.7461050000,0</coordinates>
      </Point>
    </Placemark>
    <Placemark>
      <name>Vermelho</name>
      <styleUrl>#style_Vermelho</styleUrl>
      <Point>
        <coordinates>15.4074160000,-9.7451760000,0</coordinates>
      </Point>
    </Placemark>
    <Placemark>
      <name>Vermelho</name>
      <styleUrl>#style_Vermelho</styleUrl>
      <Point>
        <coordinates>15.4119020000,-9.7459230000,0</coordinates>
      </Point>
    </Placemark>
    <Placemark>
      <name>Vermelho</name>
      <styleUrl>#style_Vermelho</styleUrl>
      <Point>
        <coordinates>15.4159770000,-9.7478200000,0</coordinates>
      </Point>
    </Placemark>
    <Placemark>
      <name>Vermelho</name>
      <styleUrl>#style_Vermelho</styleUrl>
      <Point>
        <coordinates>15.4194080000,-9.7507760000,0</coordinates>
      </Point>
    </Placemark>
    <Placemark>
      <name>Vermelho</name>
      <styleUrl>#style_Vermelho</styleUrl>
      <Point>
        <coordinates>15.4235340000,-9.7526480000,0</coordinates>
      </Point>
    </Placemark>
    <Placemark>
      <name>Vermelho</name>
      <styleUrl>#style_Vermelho</styleUrl>
      <Point>
        <coordinates>15.4277570000,-9.7543360000,0</coordinates>
      </Point>
    </Placemark>
    <Placemark>
      <name>Vermelho</name>
      <styleUrl>#style_Vermelho</styleUrl>
      <Point>
        <coordinates>15.4319890000,-9.7560020000,0</coordinates>
      </Point>
    </Placemark>
    <Placemark>
      <name>Vermelho</name>
      <styleUrl>#style_Vermelho</styleUrl>
      <Point>
        <coordinates>15.4362550000,-9.7572440000,0</coordinates>
      </Point>
    </Placemark>
    <Placemark>
      <name>Vermelho</name>
      <styleUrl>#style_Vermelho</styleUrl>
      <Point>
        <coordinates>15.4407540000,-9.7566130000,0</coordinates>
      </Point>
    </Placemark>
    <Placemark>
      <name>Vermelho</name>
      <styleUrl>#style_Vermelho</styleUrl>
      <Point>
        <coordinates>16.1985520000,-9.9899530000,0</coordinates>
      </Point>
    </Placemark>
    <Placemark>
      <name>Vermelho</name>
      <styleUrl>#style_Vermelho</styleUrl>
      <Point>
        <coordinates>16.1986760000,-9.9888670000,0</coordinates>
      </Point>
    </Placemark>
    <Placemark>
      <name>Vermelho</name>
      <styleUrl>#style_Vermelho</styleUrl>
      <Point>
        <coordinates>16.1993710000,-9.9894070000,0</coordinates>
      </Point>
    </Placemark>
    <Placemark>
      <name>Vermelho</name>
      <styleUrl>#style_Vermelho</styleUrl>
      <Point>
        <coordinates>16.1983310000,-9.9895190000,0</coordinates>
      </Point>
    </Placemark>
    <Placemark>
      <name>Vermelho</name>
      <styleUrl>#style_Vermelho</styleUrl>
      <Point>
        <coordinates>16.2207820000,-9.9603200000,0</coordinates>
      </Point>
    </Placemark>
    <Placemark>
      <name>Vermelho</name>
      <styleUrl>#style_Vermelho</styleUrl>
      <Point>
        <coordinates>16.2201780000,-9.9599250000,0</coordinates>
      </Point>
    </Placemark>
    <Placemark>
      <name>Vermelho</name>
      <styleUrl>#style_Vermelho</styleUrl>
      <Point>
        <coordinates>16.2199890000,-9.9604320000,0</coordinates>
      </Point>
    </Placemark>
    <Placemark>
      <name>Vermelho</name>
      <styleUrl>#style_Vermelho</styleUrl>
      <Point>
        <coordinates>16.2206010000,-9.9607910000,0</coordinates>
      </Point>
    </Placemark>
    <Placemark>
      <name>Vermelho</name>
      <styleUrl>#style_Vermelho</styleUrl>
      <Point>
        <coordinates>15.8088450000,-12.7793720000,0</coordinates>
      </Point>
    </Placemark>
    <Placemark>
      <name>Vermelho</name>
      <styleUrl>#style_Vermelho</styleUrl>
      <Point>
        <coordinates>15.8093030000,-12.7794180000,0</coordinates>
      </Point>
    </Placemark>
    <Placemark>
      <name>Vermelho</name>
      <styleUrl>#style_Vermelho</styleUrl>
      <Point>
        <coordinates>15.8097620000,-12.7794640000,0</coordinates>
      </Point>
    </Placemark>
    <Placemark>
      <name>Vermelho</name>
      <styleUrl>#style_Vermelho</styleUrl>
      <Point>
        <coordinates>15.8087520000,-12.7802720000,0</coordinates>
      </Point>
    </Placemark>
    <Placemark>
      <name>Vermelho</name>
      <styleUrl>#style_Vermelho</styleUrl>
      <Point>
        <coordinates>15.8092100000,-12.7803180000,0</coordinates>
      </Point>
    </Placemark>
    <Placemark>
      <name>Vermelho</name>
      <styleUrl>#style_Vermelho</styleUrl>
      <Point>
        <coordinates>15.8096690000,-12.7803640000,0</coordinates>
      </Point>
    </Placemark>
    <Placemark>
      <name>Vermelho</name>
      <styleUrl>#style_Vermelho</styleUrl>
      <Point>
        <coordinates>15.8086490000,-12.7812610000,0</coordinates>
      </Point>
    </Placemark>
    <Placemark>
      <name>Vermelho</name>
      <styleUrl>#style_Vermelho</styleUrl>
      <Point>
        <coordinates>15.8091070000,-12.7813070000,0</coordinates>
      </Point>
    </Placemark>
    <Placemark>
      <name>Vermelho</name>
      <styleUrl>#style_Vermelho</styleUrl>
      <Point>
        <coordinates>15.8095660000,-12.7813530000,0</coordinates>
      </Point>
    </Placemark>
    <Placemark>
      <name>Vermelho</name>
      <styleUrl>#style_Vermelho</styleUrl>
      <Point>
        <coordinates>15.8085360000,-12.7823410000,0</coordinates>
      </Point>
    </Placemark>
    <Placemark>
      <name>Vermelho</name>
      <styleUrl>#style_Vermelho</styleUrl>
      <Point>
        <coordinates>15.8089950000,-12.7823870000,0</coordinates>
      </Point>
    </Placemark>
    <Placemark>
      <name>Vermelho</name>
      <styleUrl>#style_Vermelho</styleUrl>
      <Point>
        <coordinates>15.8094530000,-12.7824330000,0</coordinates>
      </Point>
    </Placemark>
    <Placemark>
      <name>Vermelho</name>
      <styleUrl>#style_Vermelho</styleUrl>
      <Point>
        <coordinates>15.8152120000,-12.2299870000,0</coordinates>
      </Point>
    </Placemark>
    <Placemark>
      <name>Vermelho</name>
      <styleUrl>#style_Vermelho</styleUrl>
      <Point>
        <coordinates>15.8153830000,-12.2290280000,0</coordinates>
      </Point>
    </Placemark>
    <Placemark>
      <name>Vermelho</name>
      <styleUrl>#style_Vermelho</styleUrl>
      <Point>
        <coordinates>15.8138220000,-12.2296020000,0</coordinates>
      </Point>
    </Placemark>
    <Placemark>
      <name>Vermelho</name>
      <styleUrl>#style_Vermelho</styleUrl>
      <Point>
        <coordinates>15.7523250000,-12.8282170000,0</coordinates>
      </Point>
    </Placemark>
    <Placemark>
      <name>Vermelho</name>
      <styleUrl>#style_Vermelho</styleUrl>
      <Point>
        <coordinates>15.7533590000,-12.8288830000,0</coordinates>
      </Point>
    </Placemark>
    <Placemark>
      <name>Vermelho</name>
      <styleUrl>#style_Vermelho</styleUrl>
      <Point>
        <coordinates>15.7537790000,-12.8276700000,0</coordinates>
      </Point>
    </Placemark>
    <Placemark>
      <name>Vermelho</name>
      <styleUrl>#style_Vermelho</styleUrl>
      <Point>
        <coordinates>15.6519770000,-13.2644790000,0</coordinates>
      </Point>
    </Placemark>
    <Placemark>
      <name>Vermelho</name>
      <styleUrl>#style_Vermelho</styleUrl>
      <Point>
        <coordinates>15.6518200000,-13.2644530000,0</coordinates>
      </Point>
    </Placemark>
    <Placemark>
      <name>Vermelho</name>
      <styleUrl>#style_Vermelho</styleUrl>
      <Point>
        <coordinates>15.6517370000,-13.2645430000,0</coordinates>
      </Point>
    </Placemark>
    <Placemark>
      <name>Vermelho</name>
      <styleUrl>#style_Vermelho</styleUrl>
      <Point>
        <coordinates>15.6519590000,-13.2646420000,0</coordinates>
      </Point>
    </Placemark>
    <Placemark>
      <name>Vermelho</name>
      <styleUrl>#style_Vermelho</styleUrl>
      <Point>
        <coordinates>15.6588610000,-13.2774730000,0</coordinates>
      </Point>
    </Placemark>
    <Placemark>
      <name>Vermelho</name>
      <styleUrl>#style_Vermelho</styleUrl>
      <Point>
        <coordinates>15.6612650000,-13.2788500000,0</coordinates>
      </Point>
    </Placemark>
    <Placemark>
      <name>Vermelho</name>
      <styleUrl>#style_Vermelho</styleUrl>
      <Point>
        <coordinates>15.6601160000,-13.2774250000,0</coordinates>
      </Point>
    </Placemark>
    <Placemark>
      <name>Vermelho</name>
      <styleUrl>#style_Vermelho</styleUrl>
      <Point>
        <coordinates>15.6592610000,-13.2784760000,0</coordinates>
      </Point>
    </Placemark>
    <Placemark>
      <name>Vermelho</name>
      <styleUrl>#style_Vermelho</styleUrl>
      <Point>
        <coordinates>15.6655290000,-13.2820040000,0</coordinates>
      </Point>
    </Placemark>
    <Placemark>
      <name>Vermelho</name>
      <styleUrl>#style_Vermelho</styleUrl>
      <Point>
        <coordinates>15.6654370000,-13.2822030000,0</coordinates>
      </Point>
    </Placemark>
    <Placemark>
      <name>Vermelho</name>
      <styleUrl>#style_Vermelho</styleUrl>
      <Point>
        <coordinates>15.6650490000,-13.2818330000,0</coordinates>
      </Point>
    </Placemark>
    <Placemark>
      <name>Vermelho</name>
      <styleUrl>#style_Vermelho</styleUrl>
      <Point>
        <coordinates>15.6651510000,-13.2821590000,0</coordinates>
      </Point>
    </Placemark>
    <Placemark>
      <name>Vermelho</name>
      <styleUrl>#style_Vermelho</styleUrl>
      <Point>
        <coordinates>15.6679630000,-13.2877030000,0</coordinates>
      </Point>
    </Placemark>
    <Placemark>
      <name>Vermelho</name>
      <styleUrl>#style_Vermelho</styleUrl>
      <Point>
        <coordinates>15.6677320000,-13.2876220000,0</coordinates>
      </Point>
    </Placemark>
    <Placemark>
      <name>Vermelho</name>
      <styleUrl>#style_Vermelho</styleUrl>
      <Point>
        <coordinates>15.6676220000,-13.2877760000,0</coordinates>
      </Point>
    </Placemark>
    <Placemark>
      <name>Vermelho</name>
      <styleUrl>#style_Vermelho</styleUrl>
      <Point>
        <coordinates>15.6678530000,-13.2878930000,0</coordinates>
      </Point>
    </Placemark>
    <Placemark>
      <name>Vermelho</name>
      <styleUrl>#style_Vermelho</styleUrl>
      <Point>
        <coordinates>15.7287870000,-13.4430910000,0</coordinates>
      </Point>
    </Placemark>
    <Placemark>
      <name>Vermelho</name>
      <styleUrl>#style_Vermelho</styleUrl>
      <Point>
        <coordinates>15.7281950000,-13.4429570000,0</coordinates>
      </Point>
    </Placemark>
    <Placemark>
      <name>Vermelho</name>
      <styleUrl>#style_Vermelho</styleUrl>
      <Point>
        <coordinates>15.7282240000,-13.4431650000,0</coordinates>
      </Point>
    </Placemark>
    <Placemark>
      <name>Vermelho</name>
      <styleUrl>#style_Vermelho</styleUrl>
      <Point>
        <coordinates>15.7287140000,-13.4433270000,0</coordinates>
      </Point>
    </Placemark>
    <Placemark>
      <name>Vermelho</name>
      <styleUrl>#style_Vermelho</styleUrl>
      <Point>
        <coordinates>15.8685680000,-12.1590590000,0</coordinates>
      </Point>
    </Placemark>
    <Placemark>
      <name>Vermelho</name>
      <styleUrl>#style_Vermelho</styleUrl>
      <Point>
        <coordinates>15.8685770000,-12.1591940000,0</coordinates>
      </Point>
    </Placemark>
    <Placemark>
      <name>Vermelho</name>
      <styleUrl>#style_Vermelho</styleUrl>
      <Point>
        <coordinates>15.8687780000,-12.1588950000,0</coordinates>
      </Point>
    </Placemark>
    <Placemark>
      <name>Vermelho</name>
      <styleUrl>#style_Vermelho</styleUrl>
      <Point>
        <coordinates>15.8688810000,-12.1592570000,0</coordinates>
      </Point>
    </Placemark>
    <Placemark>
      <name>Vermelho</name>
      <styleUrl>#style_Vermelho</styleUrl>
      <Point>
        <coordinates>16.4118320000,-11.6000590000,0</coordinates>
      </Point>
    </Placemark>
    <Placemark>
      <name>Vermelho</name>
      <styleUrl>#style_Vermelho</styleUrl>
      <Point>
        <coordinates>16.4461040000,-11.6273380000,0</coordinates>
      </Point>
    </Placemark>
    <Placemark>
      <name>Vermelho</name>
      <styleUrl>#style_Vermelho</styleUrl>
      <Point>
        <coordinates>16.3740030000,-11.7024710000,0</coordinates>
      </Point>
    </Placemark>
    <Placemark>
      <name>Vermelho</name>
      <styleUrl>#style_Vermelho</styleUrl>
      <Point>
        <coordinates>16.3344040000,-11.7167710000,0</coordinates>
      </Point>
    </Placemark>
    <Placemark>
      <name>Vermelho</name>
      <styleUrl>#style_Vermelho</styleUrl>
      <Point>
        <coordinates>16.2975490000,-11.6929900000,0</coordinates>
      </Point>
    </Placemark>
    <Placemark>
      <name>Vermelho</name>
      <styleUrl>#style_Vermelho</styleUrl>
      <Point>
        <coordinates>16.4428250000,-11.5477310000,0</coordinates>
      </Point>
    </Placemark>
    <Placemark>
      <name>Vermelho</name>
      <styleUrl>#style_Vermelho</styleUrl>
      <Point>
        <coordinates>16.4439790000,-11.5474810000,0</coordinates>
      </Point>
    </Placemark>
    <Placemark>
      <name>Vermelho</name>
      <styleUrl>#style_Vermelho</styleUrl>
      <Point>
        <coordinates>16.4433270000,-11.5454500000,0</coordinates>
      </Point>
    </Placemark>
    <Placemark>
      <name>Vermelho</name>
      <styleUrl>#style_Vermelho</styleUrl>
      <Point>
        <coordinates>16.4423390000,-11.5458250000,0</coordinates>
      </Point>
    </Placemark>
    <Placemark>
      <name>Vermelho</name>
      <styleUrl>#style_Vermelho</styleUrl>
      <Point>
        <coordinates>16.4304530000,-11.6173170000,0</coordinates>
      </Point>
    </Placemark>
    <Placemark>
      <name>Vermelho</name>
      <styleUrl>#style_Vermelho</styleUrl>
      <Point>
        <coordinates>16.4311630000,-11.6163370000,0</coordinates>
      </Point>
    </Placemark>
    <Placemark>
      <name>Vermelho</name>
      <styleUrl>#style_Vermelho</styleUrl>
      <Point>
        <coordinates>16.4297590000,-11.6161090000,0</coordinates>
      </Point>
    </Placemark>
    <Placemark>
      <name>Vermelho</name>
      <styleUrl>#style_Vermelho</styleUrl>
      <Point>
        <coordinates>16.4293510000,-11.6169880000,0</coordinates>
      </Point>
    </Placemark>
    <Placemark>
      <name>Vermelho</name>
      <styleUrl>#style_Vermelho</styleUrl>
      <Point>
        <coordinates>16.4336860000,-11.6593600000,0</coordinates>
      </Point>
    </Placemark>
    <Placemark>
      <name>Vermelho</name>
      <styleUrl>#style_Vermelho</styleUrl>
      <Point>
        <coordinates>16.3901020000,-11.6913080000,0</coordinates>
      </Point>
    </Placemark>
    <Placemark>
      <name>Vermelho</name>
      <styleUrl>#style_Vermelho</styleUrl>
      <Point>
        <coordinates>16.3923560000,-11.6907010000,0</coordinates>
      </Point>
    </Placemark>
    <Placemark>
      <name>Vermelho</name>
      <styleUrl>#style_Vermelho</styleUrl>
      <Point>
        <coordinates>16.2893000000,-11.6906400000,0</coordinates>
      </Point>
    </Placemark>
    <Placemark>
      <name>Vermelho</name>
      <styleUrl>#style_Vermelho</styleUrl>
      <Point>
        <coordinates>16.2891500000,-11.6898450000,0</coordinates>
      </Point>
    </Placemark>
    <Placemark>
      <name>Vermelho</name>
      <styleUrl>#style_Vermelho</styleUrl>
      <Point>
        <coordinates>16.2901790000,-11.6902200000,0</coordinates>
      </Point>
    </Placemark>
    <Placemark>
      <name>Vermelho</name>
      <styleUrl>#style_Vermelho</styleUrl>
      <Point>
        <coordinates>16.2905200000,-11.6906980000,0</coordinates>
      </Point>
    </Placemark>
    <Placemark>
      <name>Vermelho</name>
      <styleUrl>#style_Vermelho</styleUrl>
      <Point>
        <coordinates>16.4406780000,-11.5383390000,0</coordinates>
      </Point>
    </Placemark>
    <Placemark>
      <name>Vermelho</name>
      <styleUrl>#style_Vermelho</styleUrl>
      <Point>
        <coordinates>16.4424190000,-11.5472350000,0</coordinates>
      </Point>
    </Placemark>
    <Placemark>
      <name>Vermelho</name>
      <styleUrl>#style_Vermelho</styleUrl>
      <Point>
        <coordinates>16.4414450000,-11.5556660000,0</coordinates>
      </Point>
    </Placemark>
    <Placemark>
      <name>Vermelho</name>
      <styleUrl>#style_Vermelho</styleUrl>
      <Point>
        <coordinates>16.4232390000,-11.6125700000,0</coordinates>
      </Point>
    </Placemark>
    <Placemark>
      <name>Vermelho</name>
      <styleUrl>#style_Vermelho</styleUrl>
      <Point>
        <coordinates>16.4306470000,-11.6176420000,0</coordinates>
      </Point>
    </Placemark>
    <Placemark>
      <name>Vermelho</name>
      <styleUrl>#style_Vermelho</styleUrl>
      <Point>
        <coordinates>16.4386480000,-11.6219240000,0</coordinates>
      </Point>
    </Placemark>
    <Placemark>
      <name>Vermelho</name>
      <styleUrl>#style_Vermelho</styleUrl>
      <Point>
        <coordinates>16.4532220000,-11.6328810000,0</coordinates>
      </Point>
    </Placemark>
    <Placemark>
      <name>Vermelho</name>
      <styleUrl>#style_Vermelho</styleUrl>
      <Point>
        <coordinates>16.4578490000,-11.6407950000,0</coordinates>
      </Point>
    </Placemark>
    <Placemark>
      <name>Vermelho</name>
      <styleUrl>#style_Vermelho</styleUrl>
      <Point>
        <coordinates>16.4519830000,-11.6468730000,0</coordinates>
      </Point>
    </Placemark>
    <Placemark>
      <name>Vermelho</name>
      <styleUrl>#style_Vermelho</styleUrl>
      <Point>
        <coordinates>16.4301790000,-11.6623610000,0</coordinates>
      </Point>
    </Placemark>
    <Placemark>
      <name>Vermelho</name>
      <styleUrl>#style_Vermelho</styleUrl>
      <Point>
        <coordinates>16.4231990000,-11.6679020000,0</coordinates>
      </Point>
    </Placemark>
    <Placemark>
      <name>Vermelho</name>
      <styleUrl>#style_Vermelho</styleUrl>
      <Point>
        <coordinates>16.4201330000,-11.6764610000,0</coordinates>
      </Point>
    </Placemark>
    <Placemark>
      <name>Vermelho</name>
      <styleUrl>#style_Vermelho</styleUrl>
      <Point>
        <coordinates>16.4047520000,-11.6949440000,0</coordinates>
      </Point>
    </Placemark>
    <Placemark>
      <name>Vermelho</name>
      <styleUrl>#style_Vermelho</styleUrl>
      <Point>
        <coordinates>16.3962140000,-11.6936110000,0</coordinates>
      </Point>
    </Placemark>
    <Placemark>
      <name>Vermelho</name>
      <styleUrl>#style_Vermelho</styleUrl>
      <Point>
        <coordinates>16.3877430000,-11.6910310000,0</coordinates>
      </Point>
    </Placemark>
    <Placemark>
      <name>Vermelho</name>
      <styleUrl>#style_Vermelho</styleUrl>
      <Point>
        <coordinates>16.3807230000,-11.6960010000,0</coordinates>
      </Point>
    </Placemark>
    <Placemark>
      <name>Vermelho</name>
      <styleUrl>#style_Vermelho</styleUrl>
      <Point>
        <coordinates>16.3673900000,-11.7084510000,0</coordinates>
      </Point>
    </Placemark>
    <Placemark>
      <name>Vermelho</name>
      <styleUrl>#style_Vermelho</styleUrl>
      <Point>
        <coordinates>16.3594090000,-11.7122230000,0</coordinates>
      </Point>
    </Placemark>
    <Placemark>
      <name>Vermelho</name>
      <styleUrl>#style_Vermelho</styleUrl>
      <Point>
        <coordinates>16.3516440000,-11.7115100000,0</coordinates>
      </Point>
    </Placemark>
    <Placemark>
      <name>Vermelho</name>
      <styleUrl>#style_Vermelho</styleUrl>
      <Point>
        <coordinates>16.3429870000,-11.7197150000,0</coordinates>
      </Point>
    </Placemark>
    <Placemark>
      <name>Vermelho</name>
      <styleUrl>#style_Vermelho</styleUrl>
      <Point>
        <coordinates>16.3271300000,-11.7113620000,0</coordinates>
      </Point>
    </Placemark>
    <Placemark>
      <name>Vermelho</name>
      <styleUrl>#style_Vermelho</styleUrl>
      <Point>
        <coordinates>16.3199590000,-11.7063230000,0</coordinates>
      </Point>
    </Placemark>
    <Placemark>
      <name>Vermelho</name>
      <styleUrl>#style_Vermelho</styleUrl>
      <Point>
        <coordinates>16.3124930000,-11.7027950000,0</coordinates>
      </Point>
    </Placemark>
    <Placemark>
      <name>Vermelho</name>
      <styleUrl>#style_Vermelho</styleUrl>
      <Point>
        <coordinates>16.3044470000,-11.6987540000,0</coordinates>
      </Point>
    </Placemark>
    <Placemark>
      <name>Vermelho</name>
      <styleUrl>#style_Vermelho</styleUrl>
      <Point>
        <coordinates>16.2890720000,-11.6909210000,0</coordinates>
      </Point>
    </Placemark>
    <Placemark>
      <name>Vermelho</name>
      <styleUrl>#style_Vermelho</styleUrl>
      <Point>
        <coordinates>16.2815330000,-11.6872930000,0</coordinates>
      </Point>
    </Placemark>
    <Placemark>
      <name>Vermelho</name>
      <styleUrl>#style_Vermelho</styleUrl>
      <Point>
        <coordinates>15.0427750000,-14.4716860000,0</coordinates>
      </Point>
    </Placemark>
    <Placemark>
      <name>Vermelho</name>
      <styleUrl>#style_Vermelho</styleUrl>
      <Point>
        <coordinates>15.0419310000,-14.4761080000,0</coordinates>
      </Point>
    </Placemark>
    <Placemark>
      <name>Vermelho</name>
      <styleUrl>#style_Vermelho</styleUrl>
      <Point>
        <coordinates>15.0402050000,-14.4849440000,0</coordinates>
      </Point>
    </Placemark>
    <Placemark>
      <name>Vermelho</name>
      <styleUrl>#style_Vermelho</styleUrl>
      <Point>
        <coordinates>15.0393310000,-14.4893610000,0</coordinates>
      </Point>
    </Placemark>
    <Placemark>
      <name>Vermelho</name>
      <styleUrl>#style_Vermelho</styleUrl>
      <Point>
        <coordinates>15.0379720000,-14.5026800000,0</coordinates>
      </Point>
    </Placemark>
    <Placemark>
      <name>Vermelho</name>
      <styleUrl>#style_Vermelho</styleUrl>
      <Point>
        <coordinates>15.0383540000,-14.5071620000,0</coordinates>
      </Point>
    </Placemark>
    <Placemark>
      <name>Vermelho</name>
      <styleUrl>#style_Vermelho</styleUrl>
      <Point>
        <coordinates>15.0387370000,-14.5116430000,0</coordinates>
      </Point>
    </Placemark>
    <Placemark>
      <name>Vermelho</name>
      <styleUrl>#style_Vermelho</styleUrl>
      <Point>
        <coordinates>15.0391480000,-14.5161220000,0</coordinates>
      </Point>
    </Placemark>
    <Placemark>
      <name>Vermelho</name>
      <styleUrl>#style_Vermelho</styleUrl>
      <Point>
        <coordinates>15.0394180000,-14.5206040000,0</coordinates>
      </Point>
    </Placemark>
    <Placemark>
      <name>Vermelho</name>
      <styleUrl>#style_Vermelho</styleUrl>
      <Point>
        <coordinates>15.0398120000,-14.5250840000,0</coordinates>
      </Point>
    </Placemark>
    <Placemark>
      <name>Vermelho</name>
      <styleUrl>#style_Vermelho</styleUrl>
      <Point>
        <coordinates>15.0402060000,-14.5295650000,0</coordinates>
      </Point>
    </Placemark>
    <Placemark>
      <name>Vermelho</name>
      <styleUrl>#style_Vermelho</styleUrl>
      <Point>
        <coordinates>15.0406110000,-14.5340440000,0</coordinates>
      </Point>
    </Placemark>
    <Placemark>
      <name>Vermelho</name>
      <styleUrl>#style_Vermelho</styleUrl>
      <Point>
        <coordinates>15.0550760000,-14.5997170000,0</coordinates>
      </Point>
    </Placemark>
    <Placemark>
      <name>Vermelho</name>
      <styleUrl>#style_Vermelho</styleUrl>
      <Point>
        <coordinates>15.0544650000,-14.6040410000,0</coordinates>
      </Point>
    </Placemark>
    <Placemark>
      <name>Vermelho</name>
      <styleUrl>#style_Vermelho</styleUrl>
      <Point>
        <coordinates>15.0276450000,-14.6660590000,0</coordinates>
      </Point>
    </Placemark>
    <Placemark>
      <name>Vermelho</name>
      <styleUrl>#style_Vermelho</styleUrl>
      <Point>
        <coordinates>15.0254510000,-14.6700230000,0</coordinates>
      </Point>
    </Placemark>
    <Placemark>
      <name>Vermelho</name>
      <styleUrl>#style_Vermelho</styleUrl>
      <Point>
        <coordinates>15.0228030000,-14.6736250000,0</coordinates>
      </Point>
    </Placemark>
    <Placemark>
      <name>Vermelho</name>
      <styleUrl>#style_Vermelho</styleUrl>
      <Point>
        <coordinates>15.0187470000,-14.6758210000,0</coordinates>
      </Point>
    </Placemark>
    <Placemark>
      <name>Vermelho</name>
      <styleUrl>#style_Vermelho</styleUrl>
      <Point>
        <coordinates>15.0146910000,-14.6780180000,0</coordinates>
      </Point>
    </Placemark>
    <Placemark>
      <name>Vermelho</name>
      <styleUrl>#style_Vermelho</styleUrl>
      <Point>
        <coordinates>15.0106350000,-14.6802140000,0</coordinates>
      </Point>
    </Placemark>
    <Placemark>
      <name>Vermelho</name>
      <styleUrl>#style_Vermelho</styleUrl>
      <Point>
        <coordinates>20.7923060000,-7.4383340000,0</coordinates>
      </Point>
    </Placemark>
    <Placemark>
      <name>Vermelho</name>
      <styleUrl>#style_Vermelho</styleUrl>
      <Point>
        <coordinates>20.7925770000,-7.4393380000,0</coordinates>
      </Point>
    </Placemark>
    <Placemark>
      <name>Vermelho</name>
      <styleUrl>#style_Vermelho</styleUrl>
      <Point>
        <coordinates>20.7925040000,-7.4408220000,0</coordinates>
      </Point>
    </Placemark>
    <Placemark>
      <name>Vermelho</name>
      <styleUrl>#style_Vermelho</styleUrl>
      <Point>
        <coordinates>20.8032330000,-7.4225180000,0</coordinates>
      </Point>
    </Placemark>
    <Placemark>
      <name>Vermelho</name>
      <styleUrl>#style_Vermelho</styleUrl>
      <Point>
        <coordinates>20.7404010000,-8.4145230000,0</coordinates>
      </Point>
    </Placemark>
    <Placemark>
      <name>Vermelho</name>
      <styleUrl>#style_Vermelho</styleUrl>
      <Point>
        <coordinates>20.7062410000,-8.4573470000,0</coordinates>
      </Point>
    </Placemark>
    <Placemark>
      <name>Vermelho</name>
      <styleUrl>#style_Vermelho</styleUrl>
      <Point>
        <coordinates>20.7384900000,-8.4209810000,0</coordinates>
      </Point>
    </Placemark>
    <Placemark>
      <name>Vermelho</name>
      <styleUrl>#style_Vermelho</styleUrl>
      <Point>
        <coordinates>16.9855410000,-9.4802560000,0</coordinates>
      </Point>
    </Placemark>
    <Placemark>
      <name>Vermelho</name>
      <styleUrl>#style_Vermelho</styleUrl>
      <Point>
        <coordinates>16.9856220000,-9.4804180000,0</coordinates>
      </Point>
    </Placemark>
    <Placemark>
      <name>Vermelho</name>
      <styleUrl>#style_Vermelho</styleUrl>
      <Point>
        <coordinates>16.9857020000,-9.4805800000,0</coordinates>
      </Point>
    </Placemark>
    <Placemark>
      <name>Vermelho</name>
      <styleUrl>#style_Vermelho</styleUrl>
      <Point>
        <coordinates>16.9857820000,-9.4807430000,0</coordinates>
      </Point>
    </Placemark>
    <Placemark>
      <name>Vermelho</name>
      <styleUrl>#style_Vermelho</styleUrl>
      <Point>
        <coordinates>16.9858630000,-9.4809050000,0</coordinates>
      </Point>
    </Placemark>
    <Placemark>
      <name>Vermelho</name>
      <styleUrl>#style_Vermelho</styleUrl>
      <Point>
        <coordinates>16.9859430000,-9.4810670000,0</coordinates>
      </Point>
    </Placemark>
    <Placemark>
      <name>Vermelho</name>
      <styleUrl>#style_Vermelho</styleUrl>
      <Point>
        <coordinates>16.9860230000,-9.4812290000,0</coordinates>
      </Point>
    </Placemark>
    <Placemark>
      <name>Vermelho</name>
      <styleUrl>#style_Vermelho</styleUrl>
      <Point>
        <coordinates>16.9861040000,-9.4813920000,0</coordinates>
      </Point>
    </Placemark>
    <Placemark>
      <name>Vermelho</name>
      <styleUrl>#style_Vermelho</styleUrl>
      <Point>
        <coordinates>16.9861840000,-9.4815540000,0</coordinates>
      </Point>
    </Placemark>
    <Placemark>
      <name>Vermelho</name>
      <styleUrl>#style_Vermelho</styleUrl>
      <Point>
        <coordinates>16.9862640000,-9.4817160000,0</coordinates>
      </Point>
    </Placemark>
    <Placemark>
      <name>Vermelho</name>
      <styleUrl>#style_Vermelho</styleUrl>
      <Point>
        <coordinates>16.9863450000,-9.4818780000,0</coordinates>
      </Point>
    </Placemark>
    <Placemark>
      <name>Vermelho</name>
      <styleUrl>#style_Vermelho</styleUrl>
      <Point>
        <coordinates>16.9864240000,-9.4820410000,0</coordinates>
      </Point>
    </Placemark>
    <Placemark>
      <name>Vermelho</name>
      <styleUrl>#style_Vermelho</styleUrl>
      <Point>
        <coordinates>16.9865020000,-9.4822040000,0</coordinates>
      </Point>
    </Placemark>
    <Placemark>
      <name>Vermelho</name>
      <styleUrl>#style_Vermelho</styleUrl>
      <Point>
        <coordinates>16.9865800000,-9.4823680000,0</coordinates>
      </Point>
    </Placemark>
    <Placemark>
      <name>Vermelho</name>
      <styleUrl>#style_Vermelho</styleUrl>
      <Point>
        <coordinates>16.9866590000,-9.4825310000,0</coordinates>
      </Point>
    </Placemark>
    <Placemark>
      <name>Vermelho</name>
      <styleUrl>#style_Vermelho</styleUrl>
      <Point>
        <coordinates>16.9867370000,-9.4826940000,0</coordinates>
      </Point>
    </Placemark>
    <Placemark>
      <name>Vermelho</name>
      <styleUrl>#style_Vermelho</styleUrl>
      <Point>
        <coordinates>16.9868160000,-9.4828570000,0</coordinates>
      </Point>
    </Placemark>
    <Placemark>
      <name>Vermelho</name>
      <styleUrl>#style_Vermelho</styleUrl>
      <Point>
        <coordinates>16.9868940000,-9.4830200000,0</coordinates>
      </Point>
    </Placemark>
    <Placemark>
      <name>Vermelho</name>
      <styleUrl>#style_Vermelho</styleUrl>
      <Point>
        <coordinates>16.9869720000,-9.4831840000,0</coordinates>
      </Point>
    </Placemark>
    <Placemark>
      <name>Vermelho</name>
      <styleUrl>#style_Vermelho</styleUrl>
      <Point>
        <coordinates>16.9870510000,-9.4833470000,0</coordinates>
      </Point>
    </Placemark>
    <Placemark>
      <name>Vermelho</name>
      <styleUrl>#style_Vermelho</styleUrl>
      <Point>
        <coordinates>16.9871290000,-9.4835100000,0</coordinates>
      </Point>
    </Placemark>
    <Placemark>
      <name>Vermelho</name>
      <styleUrl>#style_Vermelho</styleUrl>
      <Point>
        <coordinates>16.9872070000,-9.4836730000,0</coordinates>
      </Point>
    </Placemark>
    <Placemark>
      <name>Vermelho</name>
      <styleUrl>#style_Vermelho</styleUrl>
      <Point>
        <coordinates>16.9872860000,-9.4838360000,0</coordinates>
      </Point>
    </Placemark>
    <Placemark>
      <name>Vermelho</name>
      <styleUrl>#style_Vermelho</styleUrl>
      <Point>
        <coordinates>16.9873640000,-9.4840000000,0</coordinates>
      </Point>
    </Placemark>
    <Placemark>
      <name>Vermelho</name>
      <styleUrl>#style_Vermelho</styleUrl>
      <Point>
        <coordinates>16.9874420000,-9.4841630000,0</coordinates>
      </Point>
    </Placemark>
    <Placemark>
      <name>Vermelho</name>
      <styleUrl>#style_Vermelho</styleUrl>
      <Point>
        <coordinates>16.9875210000,-9.4843260000,0</coordinates>
      </Point>
    </Placemark>
    <Placemark>
      <name>Vermelho</name>
      <styleUrl>#style_Vermelho</styleUrl>
      <Point>
        <coordinates>16.9875990000,-9.4844890000,0</coordinates>
      </Point>
    </Placemark>
    <Placemark>
      <name>Vermelho</name>
      <styleUrl>#style_Vermelho</styleUrl>
      <Point>
        <coordinates>16.9876770000,-9.4846520000,0</coordinates>
      </Point>
    </Placemark>
    <Placemark>
      <name>Vermelho</name>
      <styleUrl>#style_Vermelho</styleUrl>
      <Point>
        <coordinates>16.9877730000,-9.4848060000,0</coordinates>
      </Point>
    </Placemark>
    <Placemark>
      <name>Vermelho</name>
      <styleUrl>#style_Vermelho</styleUrl>
      <Point>
        <coordinates>16.9878700000,-9.4849590000,0</coordinates>
      </Point>
    </Placemark>
    <Placemark>
      <name>Vermelho</name>
      <styleUrl>#style_Vermelho</styleUrl>
      <Point>
        <coordinates>16.9879680000,-9.4851120000,0</coordinates>
      </Point>
    </Placemark>
    <Placemark>
      <name>Vermelho</name>
      <styleUrl>#style_Vermelho</styleUrl>
      <Point>
        <coordinates>16.9880750000,-9.4852570000,0</coordinates>
      </Point>
    </Placemark>
    <Placemark>
      <name>Vermelho</name>
      <styleUrl>#style_Vermelho</styleUrl>
      <Point>
        <coordinates>16.9881970000,-9.4853910000,0</coordinates>
      </Point>
    </Placemark>
    <Placemark>
      <name>Vermelho</name>
      <styleUrl>#style_Vermelho</styleUrl>
      <Point>
        <coordinates>16.9883190000,-9.4855260000,0</coordinates>
      </Point>
    </Placemark>
    <Placemark>
      <name>Vermelho</name>
      <styleUrl>#style_Vermelho</styleUrl>
      <Point>
        <coordinates>16.9884410000,-9.4856600000,0</coordinates>
      </Point>
    </Placemark>
    <Placemark>
      <name>Vermelho</name>
      <styleUrl>#style_Vermelho</styleUrl>
      <Point>
        <coordinates>16.9885720000,-9.4857850000,0</coordinates>
      </Point>
    </Placemark>
    <Placemark>
      <name>Vermelho</name>
      <styleUrl>#style_Vermelho</styleUrl>
      <Point>
        <coordinates>16.9887060000,-9.4859070000,0</coordinates>
      </Point>
    </Placemark>
    <Placemark>
      <name>Vermelho</name>
      <styleUrl>#style_Vermelho</styleUrl>
      <Point>
        <coordinates>16.9888400000,-9.4860290000,0</coordinates>
      </Point>
    </Placemark>
    <Placemark>
      <name>Vermelho</name>
      <styleUrl>#style_Vermelho</styleUrl>
      <Point>
        <coordinates>16.9889750000,-9.4861520000,0</coordinates>
      </Point>
    </Placemark>
    <Placemark>
      <name>Vermelho</name>
      <styleUrl>#style_Vermelho</styleUrl>
      <Point>
        <coordinates>16.9891090000,-9.4862740000,0</coordinates>
      </Point>
    </Placemark>
    <Placemark>
      <name>Vermelho</name>
      <styleUrl>#style_Vermelho</styleUrl>
      <Point>
        <coordinates>16.9892430000,-9.4863960000,0</coordinates>
      </Point>
    </Placemark>
    <Placemark>
      <name>Vermelho</name>
      <styleUrl>#style_Vermelho</styleUrl>
      <Point>
        <coordinates>16.9893770000,-9.4865180000,0</coordinates>
      </Point>
    </Placemark>
    <Placemark>
      <name>Vermelho</name>
      <styleUrl>#style_Vermelho</styleUrl>
      <Point>
        <coordinates>16.9895110000,-9.4866410000,0</coordinates>
      </Point>
    </Placemark>
    <Placemark>
      <name>Vermelho</name>
      <styleUrl>#style_Vermelho</styleUrl>
      <Point>
        <coordinates>16.9896460000,-9.4867630000,0</coordinates>
      </Point>
    </Placemark>
    <Placemark>
      <name>Vermelho</name>
      <styleUrl>#style_Vermelho</styleUrl>
      <Point>
        <coordinates>16.9897800000,-9.4868850000,0</coordinates>
      </Point>
    </Placemark>
    <Placemark>
      <name>Vermelho</name>
      <styleUrl>#style_Vermelho</styleUrl>
      <Point>
        <coordinates>16.9899140000,-9.4870070000,0</coordinates>
      </Point>
    </Placemark>
    <Placemark>
      <name>Vermelho</name>
      <styleUrl>#style_Vermelho</styleUrl>
      <Point>
        <coordinates>16.9900480000,-9.4871290000,0</coordinates>
      </Point>
    </Placemark>
    <Placemark>
      <name>Vermelho</name>
      <styleUrl>#style_Vermelho</styleUrl>
      <Point>
        <coordinates>16.9901820000,-9.4872520000,0</coordinates>
      </Point>
    </Placemark>
    <Placemark>
      <name>Vermelho</name>
      <styleUrl>#style_Vermelho</styleUrl>
      <Point>
        <coordinates>16.9903160000,-9.4873740000,0</coordinates>
      </Point>
    </Placemark>
    <Placemark>
      <name>Vermelho</name>
      <styleUrl>#style_Vermelho</styleUrl>
      <Point>
        <coordinates>16.9904510000,-9.4874960000,0</coordinates>
      </Point>
    </Placemark>
    <Placemark>
      <name>Vermelho</name>
      <styleUrl>#style_Vermelho</styleUrl>
      <Point>
        <coordinates>16.9905850000,-9.4876180000,0</coordinates>
      </Point>
    </Placemark>
    <Placemark>
      <name>Vermelho</name>
      <styleUrl>#style_Vermelho</styleUrl>
      <Point>
        <coordinates>16.9907190000,-9.4877410000,0</coordinates>
      </Point>
    </Placemark>
    <Placemark>
      <name>Vermelho</name>
      <styleUrl>#style_Vermelho</styleUrl>
      <Point>
        <coordinates>16.9908530000,-9.4878630000,0</coordinates>
      </Point>
    </Placemark>
    <Placemark>
      <name>Vermelho</name>
      <styleUrl>#style_Vermelho</styleUrl>
      <Point>
        <coordinates>16.9909870000,-9.4879850000,0</coordinates>
      </Point>
    </Placemark>
    <Placemark>
      <name>Vermelho</name>
      <styleUrl>#style_Vermelho</styleUrl>
      <Point>
        <coordinates>16.9911210000,-9.4881070000,0</coordinates>
      </Point>
    </Placemark>
    <Placemark>
      <name>Vermelho</name>
      <styleUrl>#style_Vermelho</styleUrl>
      <Point>
        <coordinates>16.9912560000,-9.4882300000,0</coordinates>
      </Point>
    </Placemark>
    <Placemark>
      <name>Vermelho</name>
      <styleUrl>#style_Vermelho</styleUrl>
      <Point>
        <coordinates>16.9913900000,-9.4883520000,0</coordinates>
      </Point>
    </Placemark>
    <Placemark>
      <name>Vermelho</name>
      <styleUrl>#style_Vermelho</styleUrl>
      <Point>
        <coordinates>16.9915240000,-9.4884740000,0</coordinates>
      </Point>
    </Placemark>
    <Placemark>
      <name>Vermelho</name>
      <styleUrl>#style_Vermelho</styleUrl>
      <Point>
        <coordinates>16.9916580000,-9.4885960000,0</coordinates>
      </Point>
    </Placemark>
    <Placemark>
      <name>Vermelho</name>
      <styleUrl>#style_Vermelho</styleUrl>
      <Point>
        <coordinates>16.9917920000,-9.4887180000,0</coordinates>
      </Point>
    </Placemark>
    <Placemark>
      <name>Vermelho</name>
      <styleUrl>#style_Vermelho</styleUrl>
      <Point>
        <coordinates>16.9919260000,-9.4888410000,0</coordinates>
      </Point>
    </Placemark>
    <Placemark>
      <name>Vermelho</name>
      <styleUrl>#style_Vermelho</styleUrl>
      <Point>
        <coordinates>16.9920610000,-9.4889630000,0</coordinates>
      </Point>
    </Placemark>
    <Placemark>
      <name>Vermelho</name>
      <styleUrl>#style_Vermelho</styleUrl>
      <Point>
        <coordinates>16.9921960000,-9.4890840000,0</coordinates>
      </Point>
    </Placemark>
    <Placemark>
      <name>Vermelho</name>
      <styleUrl>#style_Vermelho</styleUrl>
      <Point>
        <coordinates>16.9923310000,-9.4892050000,0</coordinates>
      </Point>
    </Placemark>
    <Placemark>
      <name>Vermelho</name>
      <styleUrl>#style_Vermelho</styleUrl>
      <Point>
        <coordinates>16.9924660000,-9.4893270000,0</coordinates>
      </Point>
    </Placemark>
    <Placemark>
      <name>Vermelho</name>
      <styleUrl>#style_Vermelho</styleUrl>
      <Point>
        <coordinates>16.9926010000,-9.4894480000,0</coordinates>
      </Point>
    </Placemark>
    <Placemark>
      <name>Vermelho</name>
      <styleUrl>#style_Vermelho</styleUrl>
      <Point>
        <coordinates>16.9927360000,-9.4895700000,0</coordinates>
      </Point>
    </Placemark>
    <Placemark>
      <name>Vermelho</name>
      <styleUrl>#style_Vermelho</styleUrl>
      <Point>
        <coordinates>16.9928710000,-9.4896910000,0</coordinates>
      </Point>
    </Placemark>
    <Placemark>
      <name>Vermelho</name>
      <styleUrl>#style_Vermelho</styleUrl>
      <Point>
        <coordinates>16.9930050000,-9.4898130000,0</coordinates>
      </Point>
    </Placemark>
    <Placemark>
      <name>Vermelho</name>
      <styleUrl>#style_Vermelho</styleUrl>
      <Point>
        <coordinates>16.9931400000,-9.4899340000,0</coordinates>
      </Point>
    </Placemark>
    <Placemark>
      <name>Vermelho</name>
      <styleUrl>#style_Vermelho</styleUrl>
      <Point>
        <coordinates>16.9932750000,-9.4900550000,0</coordinates>
      </Point>
    </Placemark>
    <Placemark>
      <name>Vermelho</name>
      <styleUrl>#style_Vermelho</styleUrl>
      <Point>
        <coordinates>16.9934100000,-9.4901770000,0</coordinates>
      </Point>
    </Placemark>
    <Placemark>
      <name>Vermelho</name>
      <styleUrl>#style_Vermelho</styleUrl>
      <Point>
        <coordinates>16.9935450000,-9.4902980000,0</coordinates>
      </Point>
    </Placemark>
    <Placemark>
      <name>Vermelho</name>
      <styleUrl>#style_Vermelho</styleUrl>
      <Point>
        <coordinates>16.9936800000,-9.4904190000,0</coordinates>
      </Point>
    </Placemark>
    <Placemark>
      <name>Vermelho</name>
      <styleUrl>#style_Vermelho</styleUrl>
      <Point>
        <coordinates>16.9938150000,-9.4905410000,0</coordinates>
      </Point>
    </Placemark>
    <Placemark>
      <name>Vermelho</name>
      <styleUrl>#style_Vermelho</styleUrl>
      <Point>
        <coordinates>16.9939500000,-9.4906630000,0</coordinates>
      </Point>
    </Placemark>
    <Placemark>
      <name>Vermelho</name>
      <styleUrl>#style_Vermelho</styleUrl>
      <Point>
        <coordinates>16.9940840000,-9.4907840000,0</coordinates>
      </Point>
    </Placemark>
    <Placemark>
      <name>Vermelho</name>
      <styleUrl>#style_Vermelho</styleUrl>
      <Point>
        <coordinates>16.9942190000,-9.4909060000,0</coordinates>
      </Point>
    </Placemark>
    <Placemark>
      <name>Vermelho</name>
      <styleUrl>#style_Vermelho</styleUrl>
      <Point>
        <coordinates>16.9943540000,-9.4910280000,0</coordinates>
      </Point>
    </Placemark>
    <Placemark>
      <name>Vermelho</name>
      <styleUrl>#style_Vermelho</styleUrl>
      <Point>
        <coordinates>16.9944890000,-9.4911490000,0</coordinates>
      </Point>
    </Placemark>
    <Placemark>
      <name>Vermelho</name>
      <styleUrl>#style_Vermelho</styleUrl>
      <Point>
        <coordinates>16.9946230000,-9.4912710000,0</coordinates>
      </Point>
    </Placemark>
    <Placemark>
      <name>Vermelho</name>
      <styleUrl>#style_Vermelho</styleUrl>
      <Point>
        <coordinates>16.9947580000,-9.4913930000,0</coordinates>
      </Point>
    </Placemark>
    <Placemark>
      <name>Vermelho</name>
      <styleUrl>#style_Vermelho</styleUrl>
      <Point>
        <coordinates>16.9948930000,-9.4915140000,0</coordinates>
      </Point>
    </Placemark>
    <Placemark>
      <name>Vermelho</name>
      <styleUrl>#style_Vermelho</styleUrl>
      <Point>
        <coordinates>16.9950270000,-9.4916360000,0</coordinates>
      </Point>
    </Placemark>
    <Placemark>
      <name>Vermelho</name>
      <styleUrl>#style_Vermelho</styleUrl>
      <Point>
        <coordinates>16.9951620000,-9.4917580000,0</coordinates>
      </Point>
    </Placemark>
    <Placemark>
      <name>Vermelho</name>
      <styleUrl>#style_Vermelho</styleUrl>
      <Point>
        <coordinates>16.9952970000,-9.4918790000,0</coordinates>
      </Point>
    </Placemark>
    <Placemark>
      <name>Vermelho</name>
      <styleUrl>#style_Vermelho</styleUrl>
      <Point>
        <coordinates>16.9954310000,-9.4920010000,0</coordinates>
      </Point>
    </Placemark>
    <Placemark>
      <name>Vermelho</name>
      <styleUrl>#style_Vermelho</styleUrl>
      <Point>
        <coordinates>16.9955660000,-9.4921230000,0</coordinates>
      </Point>
    </Placemark>
    <Placemark>
      <name>Vermelho</name>
      <styleUrl>#style_Vermelho</styleUrl>
      <Point>
        <coordinates>16.9957010000,-9.4922450000,0</coordinates>
      </Point>
    </Placemark>
    <Placemark>
      <name>Vermelho</name>
      <styleUrl>#style_Vermelho</styleUrl>
      <Point>
        <coordinates>16.9958350000,-9.4923660000,0</coordinates>
      </Point>
    </Placemark>
    <Placemark>
      <name>Vermelho</name>
      <styleUrl>#style_Vermelho</styleUrl>
      <Point>
        <coordinates>16.9959700000,-9.4924880000,0</coordinates>
      </Point>
    </Placemark>
    <Placemark>
      <name>Vermelho</name>
      <styleUrl>#style_Vermelho</styleUrl>
      <Point>
        <coordinates>16.9961050000,-9.4926100000,0</coordinates>
      </Point>
    </Placemark>
    <Placemark>
      <name>Vermelho</name>
      <styleUrl>#style_Vermelho</styleUrl>
      <Point>
        <coordinates>16.9962390000,-9.4927310000,0</coordinates>
      </Point>
    </Placemark>
    <Placemark>
      <name>Vermelho</name>
      <styleUrl>#style_Vermelho</styleUrl>
      <Point>
        <coordinates>16.9963740000,-9.4928530000,0</coordinates>
      </Point>
    </Placemark>
    <Placemark>
      <name>Vermelho</name>
      <styleUrl>#style_Vermelho</styleUrl>
      <Point>
        <coordinates>16.9965090000,-9.4929750000,0</coordinates>
      </Point>
    </Placemark>
    <Placemark>
      <name>Vermelho</name>
      <styleUrl>#style_Vermelho</styleUrl>
      <Point>
        <coordinates>16.9966430000,-9.4930960000,0</coordinates>
      </Point>
    </Placemark>
    <Placemark>
      <name>Vermelho</name>
      <styleUrl>#style_Vermelho</styleUrl>
      <Point>
        <coordinates>16.9967780000,-9.4932180000,0</coordinates>
      </Point>
    </Placemark>
    <Placemark>
      <name>Vermelho</name>
      <styleUrl>#style_Vermelho</styleUrl>
      <Point>
        <coordinates>16.9969130000,-9.4933400000,0</coordinates>
      </Point>
    </Placemark>
    <Placemark>
      <name>Vermelho</name>
      <styleUrl>#style_Vermelho</styleUrl>
      <Point>
        <coordinates>16.9970470000,-9.4934610000,0</coordinates>
      </Point>
    </Placemark>
    <Placemark>
      <name>Vermelho</name>
      <styleUrl>#style_Vermelho</styleUrl>
      <Point>
        <coordinates>16.9971800000,-9.4935850000,0</coordinates>
      </Point>
    </Placemark>
    <Placemark>
      <name>Vermelho</name>
      <styleUrl>#style_Vermelho</styleUrl>
      <Point>
        <coordinates>16.9973110000,-9.4937110000,0</coordinates>
      </Point>
    </Placemark>
    <Placemark>
      <name>Vermelho</name>
      <styleUrl>#style_Vermelho</styleUrl>
      <Point>
        <coordinates>16.9974420000,-9.4938360000,0</coordinates>
      </Point>
    </Placemark>
    <Placemark>
      <name>Vermelho</name>
      <styleUrl>#style_Vermelho</styleUrl>
      <Point>
        <coordinates>16.9975720000,-9.4939630000,0</coordinates>
      </Point>
    </Placemark>
    <Placemark>
      <name>Vermelho</name>
      <styleUrl>#style_Vermelho</styleUrl>
      <Point>
        <coordinates>16.9976940000,-9.4940970000,0</coordinates>
      </Point>
    </Placemark>
    <Placemark>
      <name>Vermelho</name>
      <styleUrl>#style_Vermelho</styleUrl>
      <Point>
        <coordinates>16.9978150000,-9.4942320000,0</coordinates>
      </Point>
    </Placemark>
    <Placemark>
      <name>Vermelho</name>
      <styleUrl>#style_Vermelho</styleUrl>
      <Point>
        <coordinates>16.9979240000,-9.4943770000,0</coordinates>
      </Point>
    </Placemark>
    <Placemark>
      <name>Vermelho</name>
      <styleUrl>#style_Vermelho</styleUrl>
      <Point>
        <coordinates>16.9980250000,-9.4945270000,0</coordinates>
      </Point>
    </Placemark>
    <Placemark>
      <name>Vermelho</name>
      <styleUrl>#style_Vermelho</styleUrl>
      <Point>
        <coordinates>16.9981140000,-9.4946850000,0</coordinates>
      </Point>
    </Placemark>
    <Placemark>
      <name>Vermelho</name>
      <styleUrl>#style_Vermelho</styleUrl>
      <Point>
        <coordinates>16.9981980000,-9.4948450000,0</coordinates>
      </Point>
    </Placemark>
    <Placemark>
      <name>Vermelho</name>
      <styleUrl>#style_Vermelho</styleUrl>
      <Point>
        <coordinates>16.9982680000,-9.4950120000,0</coordinates>
      </Point>
    </Placemark>
    <Placemark>
      <name>Vermelho</name>
      <styleUrl>#style_Vermelho</styleUrl>
      <Point>
        <coordinates>16.9983330000,-9.4951810000,0</coordinates>
      </Point>
    </Placemark>
    <Placemark>
      <name>Vermelho</name>
      <styleUrl>#style_Vermelho</styleUrl>
      <Point>
        <coordinates>16.9983850000,-9.4953540000,0</coordinates>
      </Point>
    </Placemark>
    <Placemark>
      <name>Vermelho</name>
      <styleUrl>#style_Vermelho</styleUrl>
      <Point>
        <coordinates>16.9984380000,-9.4955270000,0</coordinates>
      </Point>
    </Placemark>
    <Placemark>
      <name>Vermelho</name>
      <styleUrl>#style_Vermelho</styleUrl>
      <Point>
        <coordinates>16.9984650000,-9.4957050000,0</coordinates>
      </Point>
    </Placemark>
    <Placemark>
      <name>Vermelho</name>
      <styleUrl>#style_Vermelho</styleUrl>
      <Point>
        <coordinates>16.9984890000,-9.4958850000,0</coordinates>
      </Point>
    </Placemark>
    <Placemark>
      <name>Vermelho</name>
      <styleUrl>#style_Vermelho</styleUrl>
      <Point>
        <coordinates>16.9985140000,-9.4960640000,0</coordinates>
      </Point>
    </Placemark>
    <Placemark>
      <name>Vermelho</name>
      <styleUrl>#style_Vermelho</styleUrl>
      <Point>
        <coordinates>16.9985290000,-9.4962440000,0</coordinates>
      </Point>
    </Placemark>
    <Placemark>
      <name>Vermelho</name>
      <styleUrl>#style_Vermelho</styleUrl>
      <Point>
        <coordinates>16.9985440000,-9.4964240000,0</coordinates>
      </Point>
    </Placemark>
    <Placemark>
      <name>Vermelho</name>
      <styleUrl>#style_Vermelho</styleUrl>
      <Point>
        <coordinates>16.9985600000,-9.4966040000,0</coordinates>
      </Point>
    </Placemark>
    <Placemark>
      <name>Vermelho</name>
      <styleUrl>#style_Vermelho</styleUrl>
      <Point>
        <coordinates>16.9985750000,-9.4967840000,0</coordinates>
      </Point>
    </Placemark>
    <Placemark>
      <name>Vermelho</name>
      <styleUrl>#style_Vermelho</styleUrl>
      <Point>
        <coordinates>16.9985900000,-9.4969640000,0</coordinates>
      </Point>
    </Placemark>
    <Placemark>
      <name>Vermelho</name>
      <styleUrl>#style_Vermelho</styleUrl>
      <Point>
        <coordinates>16.9986050000,-9.4971450000,0</coordinates>
      </Point>
    </Placemark>
    <Placemark>
      <name>Vermelho</name>
      <styleUrl>#style_Vermelho</styleUrl>
      <Point>
        <coordinates>16.9986200000,-9.4973250000,0</coordinates>
      </Point>
    </Placemark>
    <Placemark>
      <name>Vermelho</name>
      <styleUrl>#style_Vermelho</styleUrl>
      <Point>
        <coordinates>16.9986360000,-9.4975050000,0</coordinates>
      </Point>
    </Placemark>
    <Placemark>
      <name>Vermelho</name>
      <styleUrl>#style_Vermelho</styleUrl>
      <Point>
        <coordinates>16.9986510000,-9.4976850000,0</coordinates>
      </Point>
    </Placemark>
    <Placemark>
      <name>Vermelho</name>
      <styleUrl>#style_Vermelho</styleUrl>
      <Point>
        <coordinates>16.9986660000,-9.4978650000,0</coordinates>
      </Point>
    </Placemark>
    <Placemark>
      <name>Vermelho</name>
      <styleUrl>#style_Vermelho</styleUrl>
      <Point>
        <coordinates>16.9986820000,-9.4980450000,0</coordinates>
      </Point>
    </Placemark>
    <Placemark>
      <name>Vermelho</name>
      <styleUrl>#style_Vermelho</styleUrl>
      <Point>
        <coordinates>16.9986970000,-9.4982250000,0</coordinates>
      </Point>
    </Placemark>
    <Placemark>
      <name>Vermelho</name>
      <styleUrl>#style_Vermelho</styleUrl>
      <Point>
        <coordinates>16.9987130000,-9.4984060000,0</coordinates>
      </Point>
    </Placemark>
    <Placemark>
      <name>Vermelho</name>
      <styleUrl>#style_Vermelho</styleUrl>
      <Point>
        <coordinates>16.9987280000,-9.4985860000,0</coordinates>
      </Point>
    </Placemark>
    <Placemark>
      <name>Vermelho</name>
      <styleUrl>#style_Vermelho</styleUrl>
      <Point>
        <coordinates>16.9987440000,-9.4987660000,0</coordinates>
      </Point>
    </Placemark>
    <Placemark>
      <name>Vermelho</name>
      <styleUrl>#style_Vermelho</styleUrl>
      <Point>
        <coordinates>16.9987590000,-9.4989460000,0</coordinates>
      </Point>
    </Placemark>
    <Placemark>
      <name>Vermelho</name>
      <styleUrl>#style_Vermelho</styleUrl>
      <Point>
        <coordinates>16.9987740000,-9.4991260000,0</coordinates>
      </Point>
    </Placemark>
    <Placemark>
      <name>Vermelho</name>
      <styleUrl>#style_Vermelho</styleUrl>
      <Point>
        <coordinates>16.9987900000,-9.4993060000,0</coordinates>
      </Point>
    </Placemark>
    <Placemark>
      <name>Vermelho</name>
      <styleUrl>#style_Vermelho</styleUrl>
      <Point>
        <coordinates>16.9988050000,-9.4994860000,0</coordinates>
      </Point>
    </Placemark>
    <Placemark>
      <name>Vermelho</name>
      <styleUrl>#style_Vermelho</styleUrl>
      <Point>
        <coordinates>16.9988210000,-9.4996670000,0</coordinates>
      </Point>
    </Placemark>
    <Placemark>
      <name>Vermelho</name>
      <styleUrl>#style_Vermelho</styleUrl>
      <Point>
        <coordinates>16.9988360000,-9.4998470000,0</coordinates>
      </Point>
    </Placemark>
    <Placemark>
      <name>Vermelho</name>
      <styleUrl>#style_Vermelho</styleUrl>
      <Point>
        <coordinates>16.9988520000,-9.5000270000,0</coordinates>
      </Point>
    </Placemark>
    <Placemark>
      <name>Vermelho</name>
      <styleUrl>#style_Vermelho</styleUrl>
      <Point>
        <coordinates>16.9988670000,-9.5002070000,0</coordinates>
      </Point>
    </Placemark>
    <Placemark>
      <name>Vermelho</name>
      <styleUrl>#style_Vermelho</styleUrl>
      <Point>
        <coordinates>16.9988830000,-9.5003870000,0</coordinates>
      </Point>
    </Placemark>
    <Placemark>
      <name>Vermelho</name>
      <styleUrl>#style_Vermelho</styleUrl>
      <Point>
        <coordinates>16.9988980000,-9.5005670000,0</coordinates>
      </Point>
    </Placemark>
    <Placemark>
      <name>Vermelho</name>
      <styleUrl>#style_Vermelho</styleUrl>
      <Point>
        <coordinates>16.9989140000,-9.5007470000,0</coordinates>
      </Point>
    </Placemark>
    <Placemark>
      <name>Vermelho</name>
      <styleUrl>#style_Vermelho</styleUrl>
      <Point>
        <coordinates>16.9989290000,-9.5009270000,0</coordinates>
      </Point>
    </Placemark>
    <Placemark>
      <name>Vermelho</name>
      <styleUrl>#style_Vermelho</styleUrl>
      <Point>
        <coordinates>16.9989450000,-9.5011080000,0</coordinates>
      </Point>
    </Placemark>
    <Placemark>
      <name>Vermelho</name>
      <styleUrl>#style_Vermelho</styleUrl>
      <Point>
        <coordinates>16.9989610000,-9.5012880000,0</coordinates>
      </Point>
    </Placemark>
    <Placemark>
      <name>Vermelho</name>
      <styleUrl>#style_Vermelho</styleUrl>
      <Point>
        <coordinates>16.9989770000,-9.5014680000,0</coordinates>
      </Point>
    </Placemark>
    <Placemark>
      <name>Vermelho</name>
      <styleUrl>#style_Vermelho</styleUrl>
      <Point>
        <coordinates>16.9989930000,-9.5016480000,0</coordinates>
      </Point>
    </Placemark>
    <Placemark>
      <name>Vermelho</name>
      <styleUrl>#style_Vermelho</styleUrl>
      <Point>
        <coordinates>16.9990090000,-9.5018280000,0</coordinates>
      </Point>
    </Placemark>
    <Placemark>
      <name>Vermelho</name>
      <styleUrl>#style_Vermelho</styleUrl>
      <Point>
        <coordinates>16.9990260000,-9.5020080000,0</coordinates>
      </Point>
    </Placemark>
    <Placemark>
      <name>Vermelho</name>
      <styleUrl>#style_Vermelho</styleUrl>
      <Point>
        <coordinates>16.9990420000,-9.5021880000,0</coordinates>
      </Point>
    </Placemark>
    <Placemark>
      <name>Vermelho</name>
      <styleUrl>#style_Vermelho</styleUrl>
      <Point>
        <coordinates>16.9990580000,-9.5023680000,0</coordinates>
      </Point>
    </Placemark>
    <Placemark>
      <name>Vermelho</name>
      <styleUrl>#style_Vermelho</styleUrl>
      <Point>
        <coordinates>16.9990740000,-9.5025480000,0</coordinates>
      </Point>
    </Placemark>
    <Placemark>
      <name>Vermelho</name>
      <styleUrl>#style_Vermelho</styleUrl>
      <Point>
        <coordinates>16.9990900000,-9.5027280000,0</coordinates>
      </Point>
    </Placemark>
    <Placemark>
      <name>Vermelho</name>
      <styleUrl>#style_Vermelho</styleUrl>
      <Point>
        <coordinates>16.9991060000,-9.5029080000,0</coordinates>
      </Point>
    </Placemark>
    <Placemark>
      <name>Vermelho</name>
      <styleUrl>#style_Vermelho</styleUrl>
      <Point>
        <coordinates>16.9991230000,-9.5030880000,0</coordinates>
      </Point>
    </Placemark>
    <Placemark>
      <name>Vermelho</name>
      <styleUrl>#style_Vermelho</styleUrl>
      <Point>
        <coordinates>16.9991390000,-9.5032690000,0</coordinates>
      </Point>
    </Placemark>
    <Placemark>
      <name>Vermelho</name>
      <styleUrl>#style_Vermelho</styleUrl>
      <Point>
        <coordinates>16.9991550000,-9.5034490000,0</coordinates>
      </Point>
    </Placemark>
    <Placemark>
      <name>Vermelho</name>
      <styleUrl>#style_Vermelho</styleUrl>
      <Point>
        <coordinates>16.9991710000,-9.5036290000,0</coordinates>
      </Point>
    </Placemark>
    <Placemark>
      <name>Vermelho</name>
      <styleUrl>#style_Vermelho</styleUrl>
      <Point>
        <coordinates>16.9991870000,-9.5038090000,0</coordinates>
      </Point>
    </Placemark>
    <Placemark>
      <name>Vermelho</name>
      <styleUrl>#style_Vermelho</styleUrl>
      <Point>
        <coordinates>16.9992030000,-9.5039890000,0</coordinates>
      </Point>
    </Placemark>
    <Placemark>
      <name>Vermelho</name>
      <styleUrl>#style_Vermelho</styleUrl>
      <Point>
        <coordinates>16.9992200000,-9.5041690000,0</coordinates>
      </Point>
    </Placemark>
    <Placemark>
      <name>Vermelho</name>
      <styleUrl>#style_Vermelho</styleUrl>
      <Point>
        <coordinates>16.9992360000,-9.5043490000,0</coordinates>
      </Point>
    </Placemark>
    <Placemark>
      <name>Vermelho</name>
      <styleUrl>#style_Vermelho</styleUrl>
      <Point>
        <coordinates>16.9992510000,-9.5045290000,0</coordinates>
      </Point>
    </Placemark>
    <Placemark>
      <name>Vermelho</name>
      <styleUrl>#style_Vermelho</styleUrl>
      <Point>
        <coordinates>16.9992650000,-9.5047090000,0</coordinates>
      </Point>
    </Placemark>
    <Placemark>
      <name>Vermelho</name>
      <styleUrl>#style_Vermelho</styleUrl>
      <Point>
        <coordinates>16.9992800000,-9.5048900000,0</coordinates>
      </Point>
    </Placemark>
    <Placemark>
      <name>Vermelho</name>
      <styleUrl>#style_Vermelho</styleUrl>
      <Point>
        <coordinates>16.9992950000,-9.5050700000,0</coordinates>
      </Point>
    </Placemark>
    <Placemark>
      <name>Vermelho</name>
      <styleUrl>#style_Vermelho</styleUrl>
      <Point>
        <coordinates>16.9993100000,-9.5052500000,0</coordinates>
      </Point>
    </Placemark>
    <Placemark>
      <name>Vermelho</name>
      <styleUrl>#style_Vermelho</styleUrl>
      <Point>
        <coordinates>16.9993240000,-9.5054300000,0</coordinates>
      </Point>
    </Placemark>
    <Placemark>
      <name>Vermelho</name>
      <styleUrl>#style_Vermelho</styleUrl>
      <Point>
        <coordinates>16.9993390000,-9.5056100000,0</coordinates>
      </Point>
    </Placemark>
    <Placemark>
      <name>Vermelho</name>
      <styleUrl>#style_Vermelho</styleUrl>
      <Point>
        <coordinates>16.9993540000,-9.5057900000,0</coordinates>
      </Point>
    </Placemark>
    <Placemark>
      <name>Vermelho</name>
      <styleUrl>#style_Vermelho</styleUrl>
      <Point>
        <coordinates>16.9993690000,-9.5059710000,0</coordinates>
      </Point>
    </Placemark>
    <Placemark>
      <name>Vermelho</name>
      <styleUrl>#style_Vermelho</styleUrl>
      <Point>
        <coordinates>16.9993840000,-9.5061510000,0</coordinates>
      </Point>
    </Placemark>
    <Placemark>
      <name>Vermelho</name>
      <styleUrl>#style_Vermelho</styleUrl>
      <Point>
        <coordinates>16.9993980000,-9.5063310000,0</coordinates>
      </Point>
    </Placemark>
    <Placemark>
      <name>Vermelho</name>
      <styleUrl>#style_Vermelho</styleUrl>
      <Point>
        <coordinates>16.9994130000,-9.5065110000,0</coordinates>
      </Point>
    </Placemark>
    <Placemark>
      <name>Vermelho</name>
      <styleUrl>#style_Vermelho</styleUrl>
      <Point>
        <coordinates>16.9994280000,-9.5066920000,0</coordinates>
      </Point>
    </Placemark>
    <Placemark>
      <name>Vermelho</name>
      <styleUrl>#style_Vermelho</styleUrl>
      <Point>
        <coordinates>16.9994430000,-9.5068720000,0</coordinates>
      </Point>
    </Placemark>
    <Placemark>
      <name>Vermelho</name>
      <styleUrl>#style_Vermelho</styleUrl>
      <Point>
        <coordinates>16.9994570000,-9.5070520000,0</coordinates>
      </Point>
    </Placemark>
    <Placemark>
      <name>Vermelho</name>
      <styleUrl>#style_Vermelho</styleUrl>
      <Point>
        <coordinates>16.9994720000,-9.5072320000,0</coordinates>
      </Point>
    </Placemark>
    <Placemark>
      <name>Vermelho</name>
      <styleUrl>#style_Vermelho</styleUrl>
      <Point>
        <coordinates>16.9994870000,-9.5074120000,0</coordinates>
      </Point>
    </Placemark>
    <Placemark>
      <name>Vermelho</name>
      <styleUrl>#style_Vermelho</styleUrl>
      <Point>
        <coordinates>16.9995020000,-9.5075920000,0</coordinates>
      </Point>
    </Placemark>
    <Placemark>
      <name>Vermelho</name>
      <styleUrl>#style_Vermelho</styleUrl>
      <Point>
        <coordinates>16.9995170000,-9.5077730000,0</coordinates>
      </Point>
    </Placemark>
    <Placemark>
      <name>Vermelho</name>
      <styleUrl>#style_Vermelho</styleUrl>
      <Point>
        <coordinates>16.9995310000,-9.5079530000,0</coordinates>
      </Point>
    </Placemark>
    <Placemark>
      <name>Vermelho</name>
      <styleUrl>#style_Vermelho</styleUrl>
      <Point>
        <coordinates>16.9995460000,-9.5081330000,0</coordinates>
      </Point>
    </Placemark>
    <Placemark>
      <name>Vermelho</name>
      <styleUrl>#style_Vermelho</styleUrl>
      <Point>
        <coordinates>16.9995610000,-9.5083130000,0</coordinates>
      </Point>
    </Placemark>
    <Placemark>
      <name>Vermelho</name>
      <styleUrl>#style_Vermelho</styleUrl>
      <Point>
        <coordinates>16.9995760000,-9.5084930000,0</coordinates>
      </Point>
    </Placemark>
    <Placemark>
      <name>Vermelho</name>
      <styleUrl>#style_Vermelho</styleUrl>
      <Point>
        <coordinates>16.9995900000,-9.5086740000,0</coordinates>
      </Point>
    </Placemark>
    <Placemark>
      <name>Vermelho</name>
      <styleUrl>#style_Vermelho</styleUrl>
      <Point>
        <coordinates>16.9996050000,-9.5088540000,0</coordinates>
      </Point>
    </Placemark>
    <Placemark>
      <name>Vermelho</name>
      <styleUrl>#style_Vermelho</styleUrl>
      <Point>
        <coordinates>16.9996200000,-9.5090340000,0</coordinates>
      </Point>
    </Placemark>
    <Placemark>
      <name>Vermelho</name>
      <styleUrl>#style_Vermelho</styleUrl>
      <Point>
        <coordinates>16.9996350000,-9.5092140000,0</coordinates>
      </Point>
    </Placemark>
    <Placemark>
      <name>Vermelho</name>
      <styleUrl>#style_Vermelho</styleUrl>
      <Point>
        <coordinates>16.9996500000,-9.5093940000,0</coordinates>
      </Point>
    </Placemark>
    <Placemark>
      <name>Vermelho</name>
      <styleUrl>#style_Vermelho</styleUrl>
      <Point>
        <coordinates>16.9996640000,-9.5095750000,0</coordinates>
      </Point>
    </Placemark>
    <Placemark>
      <name>Vermelho</name>
      <styleUrl>#style_Vermelho</styleUrl>
      <Point>
        <coordinates>16.9996790000,-9.5097550000,0</coordinates>
      </Point>
    </Placemark>
    <Placemark>
      <name>Vermelho</name>
      <styleUrl>#style_Vermelho</styleUrl>
      <Point>
        <coordinates>16.9996940000,-9.5099350000,0</coordinates>
      </Point>
    </Placemark>
    <Placemark>
      <name>Vermelho</name>
      <styleUrl>#style_Vermelho</styleUrl>
      <Point>
        <coordinates>16.9997090000,-9.5101150000,0</coordinates>
      </Point>
    </Placemark>
    <Placemark>
      <name>Vermelho</name>
      <styleUrl>#style_Vermelho</styleUrl>
      <Point>
        <coordinates>16.9997230000,-9.5102950000,0</coordinates>
      </Point>
    </Placemark>
    <Placemark>
      <name>Vermelho</name>
      <styleUrl>#style_Vermelho</styleUrl>
      <Point>
        <coordinates>16.9997380000,-9.5104760000,0</coordinates>
      </Point>
    </Placemark>
    <Placemark>
      <name>Vermelho</name>
      <styleUrl>#style_Vermelho</styleUrl>
      <Point>
        <coordinates>16.9997530000,-9.5106560000,0</coordinates>
      </Point>
    </Placemark>
    <Placemark>
      <name>Vermelho</name>
      <styleUrl>#style_Vermelho</styleUrl>
      <Point>
        <coordinates>16.9997680000,-9.5108360000,0</coordinates>
      </Point>
    </Placemark>
    <Placemark>
      <name>Vermelho</name>
      <styleUrl>#style_Vermelho</styleUrl>
      <Point>
        <coordinates>16.9997830000,-9.5110160000,0</coordinates>
      </Point>
    </Placemark>
    <Placemark>
      <name>Vermelho</name>
      <styleUrl>#style_Vermelho</styleUrl>
      <Point>
        <coordinates>16.9997970000,-9.5111960000,0</coordinates>
      </Point>
    </Placemark>
    <Placemark>
      <name>Vermelho</name>
      <styleUrl>#style_Vermelho</styleUrl>
      <Point>
        <coordinates>16.9998120000,-9.5113770000,0</coordinates>
      </Point>
    </Placemark>
    <Placemark>
      <name>Vermelho</name>
      <styleUrl>#style_Vermelho</styleUrl>
      <Point>
        <coordinates>16.9998270000,-9.5115570000,0</coordinates>
      </Point>
    </Placemark>
    <Placemark>
      <name>Vermelho</name>
      <styleUrl>#style_Vermelho</styleUrl>
      <Point>
        <coordinates>16.9998420000,-9.5117370000,0</coordinates>
      </Point>
    </Placemark>
    <Placemark>
      <name>Vermelho</name>
      <styleUrl>#style_Vermelho</styleUrl>
      <Point>
        <coordinates>16.9998560000,-9.5119170000,0</coordinates>
      </Point>
    </Placemark>
    <Placemark>
      <name>Vermelho</name>
      <styleUrl>#style_Vermelho</styleUrl>
      <Point>
        <coordinates>16.9998710000,-9.5120970000,0</coordinates>
      </Point>
    </Placemark>
    <Placemark>
      <name>Vermelho</name>
      <styleUrl>#style_Vermelho</styleUrl>
      <Point>
        <coordinates>16.9998860000,-9.5122770000,0</coordinates>
      </Point>
    </Placemark>
    <Placemark>
      <name>Vermelho</name>
      <styleUrl>#style_Vermelho</styleUrl>
      <Point>
        <coordinates>16.9999010000,-9.5124580000,0</coordinates>
      </Point>
    </Placemark>
    <Placemark>
      <name>Vermelho</name>
      <styleUrl>#style_Vermelho</styleUrl>
      <Point>
        <coordinates>16.9999160000,-9.5126380000,0</coordinates>
      </Point>
    </Placemark>
    <Placemark>
      <name>Vermelho</name>
      <styleUrl>#style_Vermelho</styleUrl>
      <Point>
        <coordinates>16.9999300000,-9.5128180000,0</coordinates>
      </Point>
    </Placemark>
    <Placemark>
      <name>Vermelho</name>
      <styleUrl>#style_Vermelho</styleUrl>
      <Point>
        <coordinates>16.9999450000,-9.5129980000,0</coordinates>
      </Point>
    </Placemark>
    <Placemark>
      <name>Vermelho</name>
      <styleUrl>#style_Vermelho</styleUrl>
      <Point>
        <coordinates>16.9999600000,-9.5131780000,0</coordinates>
      </Point>
    </Placemark>
    <Placemark>
      <name>Vermelho</name>
      <styleUrl>#style_Vermelho</styleUrl>
      <Point>
        <coordinates>16.9999750000,-9.5133590000,0</coordinates>
      </Point>
    </Placemark>
    <Placemark>
      <name>Vermelho</name>
      <styleUrl>#style_Vermelho</styleUrl>
      <Point>
        <coordinates>16.9999890000,-9.5135390000,0</coordinates>
      </Point>
    </Placemark>
    <Placemark>
      <name>Vermelho</name>
      <styleUrl>#style_Vermelho</styleUrl>
      <Point>
        <coordinates>17.0000040000,-9.5137190000,0</coordinates>
      </Point>
    </Placemark>
    <Placemark>
      <name>Vermelho</name>
      <styleUrl>#style_Vermelho</styleUrl>
      <Point>
        <coordinates>17.0000190000,-9.5138990000,0</coordinates>
      </Point>
    </Placemark>
    <Placemark>
      <name>Vermelho</name>
      <styleUrl>#style_Vermelho</styleUrl>
      <Point>
        <coordinates>17.0000340000,-9.5140790000,0</coordinates>
      </Point>
    </Placemark>
    <Placemark>
      <name>Vermelho</name>
      <styleUrl>#style_Vermelho</styleUrl>
      <Point>
        <coordinates>17.0000490000,-9.5142600000,0</coordinates>
      </Point>
    </Placemark>
    <Placemark>
      <name>Vermelho</name>
      <styleUrl>#style_Vermelho</styleUrl>
      <Point>
        <coordinates>17.0000650000,-9.5144400000,0</coordinates>
      </Point>
    </Placemark>
    <Placemark>
      <name>Vermelho</name>
      <styleUrl>#style_Vermelho</styleUrl>
      <Point>
        <coordinates>17.0000960000,-9.5146180000,0</coordinates>
      </Point>
    </Placemark>
    <Placemark>
      <name>Vermelho</name>
      <styleUrl>#style_Vermelho</styleUrl>
      <Point>
        <coordinates>17.0001260000,-9.5147960000,0</coordinates>
      </Point>
    </Placemark>
    <Placemark>
      <name>Vermelho</name>
      <styleUrl>#style_Vermelho</styleUrl>
      <Point>
        <coordinates>17.0001570000,-9.5149740000,0</coordinates>
      </Point>
    </Placemark>
    <Placemark>
      <name>Vermelho</name>
      <styleUrl>#style_Vermelho</styleUrl>
      <Point>
        <coordinates>17.0001760000,-9.5151540000,0</coordinates>
      </Point>
    </Placemark>
    <Placemark>
      <name>Vermelho</name>
      <styleUrl>#style_Vermelho</styleUrl>
      <Point>
        <coordinates>17.0001960000,-9.5153340000,0</coordinates>
      </Point>
    </Placemark>
    <Placemark>
      <name>Vermelho</name>
      <styleUrl>#style_Vermelho</styleUrl>
      <Point>
        <coordinates>17.0002160000,-9.5155130000,0</coordinates>
      </Point>
    </Placemark>
    <Placemark>
      <name>Vermelho</name>
      <styleUrl>#style_Vermelho</styleUrl>
      <Point>
        <coordinates>17.0002730000,-9.5156850000,0</coordinates>
      </Point>
    </Placemark>
    <Placemark>
      <name>Vermelho</name>
      <styleUrl>#style_Vermelho</styleUrl>
      <Point>
        <coordinates>17.0003320000,-9.5158560000,0</coordinates>
      </Point>
    </Placemark>
    <Placemark>
      <name>Vermelho</name>
      <styleUrl>#style_Vermelho</styleUrl>
      <Point>
        <coordinates>17.0003910000,-9.5160270000,0</coordinates>
      </Point>
    </Placemark>
    <Placemark>
      <name>Vermelho</name>
      <styleUrl>#style_Vermelho</styleUrl>
      <Point>
        <coordinates>17.0004510000,-9.5161980000,0</coordinates>
      </Point>
    </Placemark>
    <Placemark>
      <name>Vermelho</name>
      <styleUrl>#style_Vermelho</styleUrl>
      <Point>
        <coordinates>17.0005320000,-9.5163590000,0</coordinates>
      </Point>
    </Placemark>
    <Placemark>
      <name>Vermelho</name>
      <styleUrl>#style_Vermelho</styleUrl>
      <Point>
        <coordinates>17.0006250000,-9.5165140000,0</coordinates>
      </Point>
    </Placemark>
    <Placemark>
      <name>Vermelho</name>
      <styleUrl>#style_Vermelho</styleUrl>
      <Point>
        <coordinates>17.0007170000,-9.5166700000,0</coordinates>
      </Point>
    </Placemark>
    <Placemark>
      <name>Vermelho</name>
      <styleUrl>#style_Vermelho</styleUrl>
      <Point>
        <coordinates>17.0008100000,-9.5168250000,0</coordinates>
      </Point>
    </Placemark>
    <Placemark>
      <name>Vermelho</name>
      <styleUrl>#style_Vermelho</styleUrl>
      <Point>
        <coordinates>17.0009030000,-9.5169810000,0</coordinates>
      </Point>
    </Placemark>
    <Placemark>
      <name>Vermelho</name>
      <styleUrl>#style_Vermelho</styleUrl>
      <Point>
        <coordinates>17.0009960000,-9.5171360000,0</coordinates>
      </Point>
    </Placemark>
    <Placemark>
      <name>Vermelho</name>
      <styleUrl>#style_Vermelho</styleUrl>
      <Point>
        <coordinates>17.0010890000,-9.5172920000,0</coordinates>
      </Point>
    </Placemark>
    <Placemark>
      <name>Vermelho</name>
      <styleUrl>#style_Vermelho</styleUrl>
      <Point>
        <coordinates>17.0011820000,-9.5174470000,0</coordinates>
      </Point>
    </Placemark>
    <Placemark>
      <name>Vermelho</name>
      <styleUrl>#style_Vermelho</styleUrl>
      <Point>
        <coordinates>17.0012750000,-9.5176030000,0</coordinates>
      </Point>
    </Placemark>
    <Placemark>
      <name>Vermelho</name>
      <styleUrl>#style_Vermelho</styleUrl>
      <Point>
        <coordinates>17.0013680000,-9.5177580000,0</coordinates>
      </Point>
    </Placemark>
    <Placemark>
      <name>Vermelho</name>
      <styleUrl>#style_Vermelho</styleUrl>
      <Point>
        <coordinates>17.0014610000,-9.5179140000,0</coordinates>
      </Point>
    </Placemark>
    <Placemark>
      <name>Vermelho</name>
      <styleUrl>#style_Vermelho</styleUrl>
      <Point>
        <coordinates>17.0015540000,-9.5180690000,0</coordinates>
      </Point>
    </Placemark>
    <Placemark>
      <name>Vermelho</name>
      <styleUrl>#style_Vermelho</styleUrl>
      <Point>
        <coordinates>17.0016470000,-9.5182250000,0</coordinates>
      </Point>
    </Placemark>
    <Placemark>
      <name>Vermelho</name>
      <styleUrl>#style_Vermelho</styleUrl>
      <Point>
        <coordinates>17.0017390000,-9.5183800000,0</coordinates>
      </Point>
    </Placemark>
    <Placemark>
      <name>Vermelho</name>
      <styleUrl>#style_Vermelho</styleUrl>
      <Point>
        <coordinates>17.0018320000,-9.5185360000,0</coordinates>
      </Point>
    </Placemark>
    <Placemark>
      <name>Vermelho</name>
      <styleUrl>#style_Vermelho</styleUrl>
      <Point>
        <coordinates>17.0019250000,-9.5186910000,0</coordinates>
      </Point>
    </Placemark>
    <Placemark>
      <name>Vermelho</name>
      <styleUrl>#style_Vermelho</styleUrl>
      <Point>
        <coordinates>17.0020180000,-9.5188470000,0</coordinates>
      </Point>
    </Placemark>
    <Placemark>
      <name>Vermelho</name>
      <styleUrl>#style_Vermelho</styleUrl>
      <Point>
        <coordinates>17.0021110000,-9.5190020000,0</coordinates>
      </Point>
    </Placemark>
    <Placemark>
      <name>Vermelho</name>
      <styleUrl>#style_Vermelho</styleUrl>
      <Point>
        <coordinates>17.0022040000,-9.5191580000,0</coordinates>
      </Point>
    </Placemark>
    <Placemark>
      <name>Vermelho</name>
      <styleUrl>#style_Vermelho</styleUrl>
      <Point>
        <coordinates>17.0022970000,-9.5193130000,0</coordinates>
      </Point>
    </Placemark>
    <Placemark>
      <name>Vermelho</name>
      <styleUrl>#style_Vermelho</styleUrl>
      <Point>
        <coordinates>17.0023900000,-9.5194690000,0</coordinates>
      </Point>
    </Placemark>
    <Placemark>
      <name>Vermelho</name>
      <styleUrl>#style_Vermelho</styleUrl>
      <Point>
        <coordinates>17.0024830000,-9.5196240000,0</coordinates>
      </Point>
    </Placemark>
    <Placemark>
      <name>Vermelho</name>
      <styleUrl>#style_Vermelho</styleUrl>
      <Point>
        <coordinates>17.0025760000,-9.5197800000,0</coordinates>
      </Point>
    </Placemark>
    <Placemark>
      <name>Vermelho</name>
      <styleUrl>#style_Vermelho</styleUrl>
      <Point>
        <coordinates>17.0026680000,-9.5199350000,0</coordinates>
      </Point>
    </Placemark>
    <Placemark>
      <name>Vermelho</name>
      <styleUrl>#style_Vermelho</styleUrl>
      <Point>
        <coordinates>17.0027610000,-9.5200900000,0</coordinates>
      </Point>
    </Placemark>
    <Placemark>
      <name>Vermelho</name>
      <styleUrl>#style_Vermelho</styleUrl>
      <Point>
        <coordinates>17.0028540000,-9.5202460000,0</coordinates>
      </Point>
    </Placemark>
    <Placemark>
      <name>Vermelho</name>
      <styleUrl>#style_Vermelho</styleUrl>
      <Point>
        <coordinates>17.0029470000,-9.5204010000,0</coordinates>
      </Point>
    </Placemark>
    <Placemark>
      <name>Vermelho</name>
      <styleUrl>#style_Vermelho</styleUrl>
      <Point>
        <coordinates>17.0030400000,-9.5205570000,0</coordinates>
      </Point>
    </Placemark>
    <Placemark>
      <name>Vermelho</name>
      <styleUrl>#style_Vermelho</styleUrl>
      <Point>
        <coordinates>17.0031330000,-9.5207120000,0</coordinates>
      </Point>
    </Placemark>
    <Placemark>
      <name>Vermelho</name>
      <styleUrl>#style_Vermelho</styleUrl>
      <Point>
        <coordinates>17.0032260000,-9.5208680000,0</coordinates>
      </Point>
    </Placemark>
    <Placemark>
      <name>Vermelho</name>
      <styleUrl>#style_Vermelho</styleUrl>
      <Point>
        <coordinates>17.0033190000,-9.5210230000,0</coordinates>
      </Point>
    </Placemark>
    <Placemark>
      <name>Vermelho</name>
      <styleUrl>#style_Vermelho</styleUrl>
      <Point>
        <coordinates>17.0034120000,-9.5211790000,0</coordinates>
      </Point>
    </Placemark>
    <Placemark>
      <name>Vermelho</name>
      <styleUrl>#style_Vermelho</styleUrl>
      <Point>
        <coordinates>17.0035050000,-9.5213340000,0</coordinates>
      </Point>
    </Placemark>
    <Placemark>
      <name>Vermelho</name>
      <styleUrl>#style_Vermelho</styleUrl>
      <Point>
        <coordinates>17.0035980000,-9.5214900000,0</coordinates>
      </Point>
    </Placemark>
    <Placemark>
      <name>Vermelho</name>
      <styleUrl>#style_Vermelho</styleUrl>
      <Point>
        <coordinates>17.0036910000,-9.5216450000,0</coordinates>
      </Point>
    </Placemark>
    <Placemark>
      <name>Vermelho</name>
      <styleUrl>#style_Vermelho</styleUrl>
      <Point>
        <coordinates>17.0037830000,-9.5218010000,0</coordinates>
      </Point>
    </Placemark>
    <Placemark>
      <name>Vermelho</name>
      <styleUrl>#style_Vermelho</styleUrl>
      <Point>
        <coordinates>17.0038760000,-9.5219560000,0</coordinates>
      </Point>
    </Placemark>
    <Placemark>
      <name>Vermelho</name>
      <styleUrl>#style_Vermelho</styleUrl>
      <Point>
        <coordinates>17.0039690000,-9.5221120000,0</coordinates>
      </Point>
    </Placemark>
    <Placemark>
      <name>Vermelho</name>
      <styleUrl>#style_Vermelho</styleUrl>
      <Point>
        <coordinates>17.0040620000,-9.5222670000,0</coordinates>
      </Point>
    </Placemark>
    <Placemark>
      <name>Vermelho</name>
      <styleUrl>#style_Vermelho</styleUrl>
      <Point>
        <coordinates>17.0041550000,-9.5224230000,0</coordinates>
      </Point>
    </Placemark>
    <Placemark>
      <name>Vermelho</name>
      <styleUrl>#style_Vermelho</styleUrl>
      <Point>
        <coordinates>17.0042480000,-9.5225780000,0</coordinates>
      </Point>
    </Placemark>
    <Placemark>
      <name>Vermelho</name>
      <styleUrl>#style_Vermelho</styleUrl>
      <Point>
        <coordinates>17.0043410000,-9.5227340000,0</coordinates>
      </Point>
    </Placemark>
    <Placemark>
      <name>Vermelho</name>
      <styleUrl>#style_Vermelho</styleUrl>
      <Point>
        <coordinates>17.0044340000,-9.5228890000,0</coordinates>
      </Point>
    </Placemark>
    <Placemark>
      <name>Vermelho</name>
      <styleUrl>#style_Vermelho</styleUrl>
      <Point>
        <coordinates>17.0045270000,-9.5230450000,0</coordinates>
      </Point>
    </Placemark>
    <Placemark>
      <name>Vermelho</name>
      <styleUrl>#style_Vermelho</styleUrl>
      <Point>
        <coordinates>17.0046200000,-9.5232000000,0</coordinates>
      </Point>
    </Placemark>
    <Placemark>
      <name>Vermelho</name>
      <styleUrl>#style_Vermelho</styleUrl>
      <Point>
        <coordinates>17.0047130000,-9.5233560000,0</coordinates>
      </Point>
    </Placemark>
    <Placemark>
      <name>Vermelho</name>
      <styleUrl>#style_Vermelho</styleUrl>
      <Point>
        <coordinates>17.0048050000,-9.5235110000,0</coordinates>
      </Point>
    </Placemark>
    <Placemark>
      <name>Vermelho</name>
      <styleUrl>#style_Vermelho</styleUrl>
      <Point>
        <coordinates>17.0048980000,-9.5236670000,0</coordinates>
      </Point>
    </Placemark>
    <Placemark>
      <name>Vermelho</name>
      <styleUrl>#style_Vermelho</styleUrl>
      <Point>
        <coordinates>17.0049910000,-9.5238220000,0</coordinates>
      </Point>
    </Placemark>
    <Placemark>
      <name>Vermelho</name>
      <styleUrl>#style_Vermelho</styleUrl>
      <Point>
        <coordinates>17.0050840000,-9.5239780000,0</coordinates>
      </Point>
    </Placemark>
    <Placemark>
      <name>Vermelho</name>
      <styleUrl>#style_Vermelho</styleUrl>
      <Point>
        <coordinates>17.0051770000,-9.5241330000,0</coordinates>
      </Point>
    </Placemark>
    <Placemark>
      <name>Vermelho</name>
      <styleUrl>#style_Vermelho</styleUrl>
      <Point>
        <coordinates>17.0052690000,-9.5242900000,0</coordinates>
      </Point>
    </Placemark>
    <Placemark>
      <name>Vermelho</name>
      <styleUrl>#style_Vermelho</styleUrl>
      <Point>
        <coordinates>17.0053610000,-9.5244460000,0</coordinates>
      </Point>
    </Placemark>
    <Placemark>
      <name>Vermelho</name>
      <styleUrl>#style_Vermelho</styleUrl>
      <Point>
        <coordinates>17.0054530000,-9.5246020000,0</coordinates>
      </Point>
    </Placemark>
    <Placemark>
      <name>Vermelho</name>
      <styleUrl>#style_Vermelho</styleUrl>
      <Point>
        <coordinates>17.0055450000,-9.5247580000,0</coordinates>
      </Point>
    </Placemark>
    <Placemark>
      <name>Vermelho</name>
      <styleUrl>#style_Vermelho</styleUrl>
      <Point>
        <coordinates>17.0056370000,-9.5249140000,0</coordinates>
      </Point>
    </Placemark>
    <Placemark>
      <name>Vermelho</name>
      <styleUrl>#style_Vermelho</styleUrl>
      <Point>
        <coordinates>17.0057290000,-9.5250700000,0</coordinates>
      </Point>
    </Placemark>
    <Placemark>
      <name>Vermelho</name>
      <styleUrl>#style_Vermelho</styleUrl>
      <Point>
        <coordinates>17.0058210000,-9.5252260000,0</coordinates>
      </Point>
    </Placemark>
    <Placemark>
      <name>Vermelho</name>
      <styleUrl>#style_Vermelho</styleUrl>
      <Point>
        <coordinates>17.0059130000,-9.5253820000,0</coordinates>
      </Point>
    </Placemark>
    <Placemark>
      <name>Vermelho</name>
      <styleUrl>#style_Vermelho</styleUrl>
      <Point>
        <coordinates>17.0060050000,-9.5255380000,0</coordinates>
      </Point>
    </Placemark>
    <Placemark>
      <name>Vermelho</name>
      <styleUrl>#style_Vermelho</styleUrl>
      <Point>
        <coordinates>17.0060970000,-9.5256940000,0</coordinates>
      </Point>
    </Placemark>
    <Placemark>
      <name>Vermelho</name>
      <styleUrl>#style_Vermelho</styleUrl>
      <Point>
        <coordinates>17.0061890000,-9.5258500000,0</coordinates>
      </Point>
    </Placemark>
    <Placemark>
      <name>Vermelho</name>
      <styleUrl>#style_Vermelho</styleUrl>
      <Point>
        <coordinates>17.0062810000,-9.5260060000,0</coordinates>
      </Point>
    </Placemark>
    <Placemark>
      <name>Vermelho</name>
      <styleUrl>#style_Vermelho</styleUrl>
      <Point>
        <coordinates>17.0063730000,-9.5261620000,0</coordinates>
      </Point>
    </Placemark>
    <Placemark>
      <name>Vermelho</name>
      <styleUrl>#style_Vermelho</styleUrl>
      <Point>
        <coordinates>17.0064640000,-9.5263180000,0</coordinates>
      </Point>
    </Placemark>
    <Placemark>
      <name>Vermelho</name>
      <styleUrl>#style_Vermelho</styleUrl>
      <Point>
        <coordinates>17.0065560000,-9.5264740000,0</coordinates>
      </Point>
    </Placemark>
    <Placemark>
      <name>Vermelho</name>
      <styleUrl>#style_Vermelho</styleUrl>
      <Point>
        <coordinates>17.0066480000,-9.5266300000,0</coordinates>
      </Point>
    </Placemark>
    <Placemark>
      <name>Vermelho</name>
      <styleUrl>#style_Vermelho</styleUrl>
      <Point>
        <coordinates>17.0067400000,-9.5267860000,0</coordinates>
      </Point>
    </Placemark>
    <Placemark>
      <name>Vermelho</name>
      <styleUrl>#style_Vermelho</styleUrl>
      <Point>
        <coordinates>17.0068320000,-9.5269420000,0</coordinates>
      </Point>
    </Placemark>
    <Placemark>
      <name>Vermelho</name>
      <styleUrl>#style_Vermelho</styleUrl>
      <Point>
        <coordinates>17.0069240000,-9.5270980000,0</coordinates>
      </Point>
    </Placemark>
    <Placemark>
      <name>Vermelho</name>
      <styleUrl>#style_Vermelho</styleUrl>
      <Point>
        <coordinates>17.0070160000,-9.5272540000,0</coordinates>
      </Point>
    </Placemark>
    <Placemark>
      <name>Vermelho</name>
      <styleUrl>#style_Vermelho</styleUrl>
      <Point>
        <coordinates>17.0071090000,-9.5274100000,0</coordinates>
      </Point>
    </Placemark>
    <Placemark>
      <name>Vermelho</name>
      <styleUrl>#style_Vermelho</styleUrl>
      <Point>
        <coordinates>17.0072020000,-9.5275650000,0</coordinates>
      </Point>
    </Placemark>
    <Placemark>
      <name>Vermelho</name>
      <styleUrl>#style_Vermelho</styleUrl>
      <Point>
        <coordinates>17.0072950000,-9.5277210000,0</coordinates>
      </Point>
    </Placemark>
    <Placemark>
      <name>Vermelho</name>
      <styleUrl>#style_Vermelho</styleUrl>
      <Point>
        <coordinates>17.0073880000,-9.5278760000,0</coordinates>
      </Point>
    </Placemark>
    <Placemark>
      <name>Vermelho</name>
      <styleUrl>#style_Vermelho</styleUrl>
      <Point>
        <coordinates>17.0074810000,-9.5280310000,0</coordinates>
      </Point>
    </Placemark>
    <Placemark>
      <name>Vermelho</name>
      <styleUrl>#style_Vermelho</styleUrl>
      <Point>
        <coordinates>17.0075750000,-9.5281870000,0</coordinates>
      </Point>
    </Placemark>
    <Placemark>
      <name>Vermelho</name>
      <styleUrl>#style_Vermelho</styleUrl>
      <Point>
        <coordinates>17.0076680000,-9.5283420000,0</coordinates>
      </Point>
    </Placemark>
    <Placemark>
      <name>Vermelho</name>
      <styleUrl>#style_Vermelho</styleUrl>
      <Point>
        <coordinates>17.0077610000,-9.5284980000,0</coordinates>
      </Point>
    </Placemark>
    <Placemark>
      <name>Vermelho</name>
      <styleUrl>#style_Vermelho</styleUrl>
      <Point>
        <coordinates>17.0078540000,-9.5286530000,0</coordinates>
      </Point>
    </Placemark>
    <Placemark>
      <name>Vermelho</name>
      <styleUrl>#style_Vermelho</styleUrl>
      <Point>
        <coordinates>17.0079470000,-9.5288080000,0</coordinates>
      </Point>
    </Placemark>
    <Placemark>
      <name>Vermelho</name>
      <styleUrl>#style_Vermelho</styleUrl>
      <Point>
        <coordinates>17.0080400000,-9.5289640000,0</coordinates>
      </Point>
    </Placemark>
    <Placemark>
      <name>Vermelho</name>
      <styleUrl>#style_Vermelho</styleUrl>
      <Point>
        <coordinates>17.0081330000,-9.5291190000,0</coordinates>
      </Point>
    </Placemark>
    <Placemark>
      <name>Vermelho</name>
      <styleUrl>#style_Vermelho</styleUrl>
      <Point>
        <coordinates>17.0082260000,-9.5292740000,0</coordinates>
      </Point>
    </Placemark>
    <Placemark>
      <name>Vermelho</name>
      <styleUrl>#style_Vermelho</styleUrl>
      <Point>
        <coordinates>17.0083190000,-9.5294300000,0</coordinates>
      </Point>
    </Placemark>
    <Placemark>
      <name>Vermelho</name>
      <styleUrl>#style_Vermelho</styleUrl>
      <Point>
        <coordinates>17.0084120000,-9.5295850000,0</coordinates>
      </Point>
    </Placemark>
    <Placemark>
      <name>Vermelho</name>
      <styleUrl>#style_Vermelho</styleUrl>
      <Point>
        <coordinates>17.0085050000,-9.5297410000,0</coordinates>
      </Point>
    </Placemark>
    <Placemark>
      <name>Vermelho</name>
      <styleUrl>#style_Vermelho</styleUrl>
      <Point>
        <coordinates>17.0085990000,-9.5298960000,0</coordinates>
      </Point>
    </Placemark>
    <Placemark>
      <name>Vermelho</name>
      <styleUrl>#style_Vermelho</styleUrl>
      <Point>
        <coordinates>17.0086920000,-9.5300510000,0</coordinates>
      </Point>
    </Placemark>
    <Placemark>
      <name>Vermelho</name>
      <styleUrl>#style_Vermelho</styleUrl>
      <Point>
        <coordinates>17.0087850000,-9.5302070000,0</coordinates>
      </Point>
    </Placemark>
    <Placemark>
      <name>Vermelho</name>
      <styleUrl>#style_Vermelho</styleUrl>
      <Point>
        <coordinates>17.0088780000,-9.5303620000,0</coordinates>
      </Point>
    </Placemark>
    <Placemark>
      <name>Vermelho</name>
      <styleUrl>#style_Vermelho</styleUrl>
      <Point>
        <coordinates>17.0089710000,-9.5305180000,0</coordinates>
      </Point>
    </Placemark>
    <Placemark>
      <name>Vermelho</name>
      <styleUrl>#style_Vermelho</styleUrl>
      <Point>
        <coordinates>17.0090640000,-9.5306730000,0</coordinates>
      </Point>
    </Placemark>
    <Placemark>
      <name>Vermelho</name>
      <styleUrl>#style_Vermelho</styleUrl>
      <Point>
        <coordinates>17.0091570000,-9.5308280000,0</coordinates>
      </Point>
    </Placemark>
    <Placemark>
      <name>Vermelho</name>
      <styleUrl>#style_Vermelho</styleUrl>
      <Point>
        <coordinates>17.0092500000,-9.5309840000,0</coordinates>
      </Point>
    </Placemark>
    <Placemark>
      <name>Vermelho</name>
      <styleUrl>#style_Vermelho</styleUrl>
      <Point>
        <coordinates>17.0093430000,-9.5311390000,0</coordinates>
      </Point>
    </Placemark>
    <Placemark>
      <name>Vermelho</name>
      <styleUrl>#style_Vermelho</styleUrl>
      <Point>
        <coordinates>17.0094360000,-9.5312950000,0</coordinates>
      </Point>
    </Placemark>
    <Placemark>
      <name>Vermelho</name>
      <styleUrl>#style_Vermelho</styleUrl>
      <Point>
        <coordinates>17.0095290000,-9.5314500000,0</coordinates>
      </Point>
    </Placemark>
    <Placemark>
      <name>Vermelho</name>
      <styleUrl>#style_Vermelho</styleUrl>
      <Point>
        <coordinates>17.0096220000,-9.5316050000,0</coordinates>
      </Point>
    </Placemark>
    <Placemark>
      <name>Vermelho</name>
      <styleUrl>#style_Vermelho</styleUrl>
      <Point>
        <coordinates>17.0097150000,-9.5317610000,0</coordinates>
      </Point>
    </Placemark>
    <Placemark>
      <name>Vermelho</name>
      <styleUrl>#style_Vermelho</styleUrl>
      <Point>
        <coordinates>17.0098090000,-9.5319160000,0</coordinates>
      </Point>
    </Placemark>
    <Placemark>
      <name>Vermelho</name>
      <styleUrl>#style_Vermelho</styleUrl>
      <Point>
        <coordinates>17.0099020000,-9.5320710000,0</coordinates>
      </Point>
    </Placemark>
    <Placemark>
      <name>Vermelho</name>
      <styleUrl>#style_Vermelho</styleUrl>
      <Point>
        <coordinates>17.0099950000,-9.5322270000,0</coordinates>
      </Point>
    </Placemark>
    <Placemark>
      <name>Vermelho</name>
      <styleUrl>#style_Vermelho</styleUrl>
      <Point>
        <coordinates>17.0100880000,-9.5323820000,0</coordinates>
      </Point>
    </Placemark>
    <Placemark>
      <name>Vermelho</name>
      <styleUrl>#style_Vermelho</styleUrl>
      <Point>
        <coordinates>17.0101810000,-9.5325380000,0</coordinates>
      </Point>
    </Placemark>
    <Placemark>
      <name>Vermelho</name>
      <styleUrl>#style_Vermelho</styleUrl>
      <Point>
        <coordinates>17.0102740000,-9.5326930000,0</coordinates>
      </Point>
    </Placemark>
    <Placemark>
      <name>Vermelho</name>
      <styleUrl>#style_Vermelho</styleUrl>
      <Point>
        <coordinates>17.0103670000,-9.5328480000,0</coordinates>
      </Point>
    </Placemark>
    <Placemark>
      <name>Vermelho</name>
      <styleUrl>#style_Vermelho</styleUrl>
      <Point>
        <coordinates>17.0104600000,-9.5330040000,0</coordinates>
      </Point>
    </Placemark>
    <Placemark>
      <name>Vermelho</name>
      <styleUrl>#style_Vermelho</styleUrl>
      <Point>
        <coordinates>17.0105530000,-9.5331590000,0</coordinates>
      </Point>
    </Placemark>
    <Placemark>
      <name>Vermelho</name>
      <styleUrl>#style_Vermelho</styleUrl>
      <Point>
        <coordinates>17.0106460000,-9.5333150000,0</coordinates>
      </Point>
    </Placemark>
    <Placemark>
      <name>Vermelho</name>
      <styleUrl>#style_Vermelho</styleUrl>
      <Point>
        <coordinates>17.0107390000,-9.5334700000,0</coordinates>
      </Point>
    </Placemark>
    <Placemark>
      <name>Vermelho</name>
      <styleUrl>#style_Vermelho</styleUrl>
      <Point>
        <coordinates>17.0108330000,-9.5336250000,0</coordinates>
      </Point>
    </Placemark>
    <Placemark>
      <name>Vermelho</name>
      <styleUrl>#style_Vermelho</styleUrl>
      <Point>
        <coordinates>17.0109260000,-9.5337810000,0</coordinates>
      </Point>
    </Placemark>
    <Placemark>
      <name>Vermelho</name>
      <styleUrl>#style_Vermelho</styleUrl>
      <Point>
        <coordinates>17.0110190000,-9.5339360000,0</coordinates>
      </Point>
    </Placemark>
    <Placemark>
      <name>Vermelho</name>
      <styleUrl>#style_Vermelho</styleUrl>
      <Point>
        <coordinates>17.0111120000,-9.5340920000,0</coordinates>
      </Point>
    </Placemark>
    <Placemark>
      <name>Vermelho</name>
      <styleUrl>#style_Vermelho</styleUrl>
      <Point>
        <coordinates>17.0112050000,-9.5342470000,0</coordinates>
      </Point>
    </Placemark>
    <Placemark>
      <name>Vermelho</name>
      <styleUrl>#style_Vermelho</styleUrl>
      <Point>
        <coordinates>17.0112980000,-9.5344020000,0</coordinates>
      </Point>
    </Placemark>
    <Placemark>
      <name>Vermelho</name>
      <styleUrl>#style_Vermelho</styleUrl>
      <Point>
        <coordinates>17.0113910000,-9.5345580000,0</coordinates>
      </Point>
    </Placemark>
    <Placemark>
      <name>Vermelho</name>
      <styleUrl>#style_Vermelho</styleUrl>
      <Point>
        <coordinates>17.0114840000,-9.5347130000,0</coordinates>
      </Point>
    </Placemark>
    <Placemark>
      <name>Vermelho</name>
      <styleUrl>#style_Vermelho</styleUrl>
      <Point>
        <coordinates>17.0115780000,-9.5348680000,0</coordinates>
      </Point>
    </Placemark>
    <Placemark>
      <name>Vermelho</name>
      <styleUrl>#style_Vermelho</styleUrl>
      <Point>
        <coordinates>17.0116730000,-9.5350220000,0</coordinates>
      </Point>
    </Placemark>
    <Placemark>
      <name>Vermelho</name>
      <styleUrl>#style_Vermelho</styleUrl>
      <Point>
        <coordinates>17.0117680000,-9.5351770000,0</coordinates>
      </Point>
    </Placemark>
    <Placemark>
      <name>Vermelho</name>
      <styleUrl>#style_Vermelho</styleUrl>
      <Point>
        <coordinates>17.0118630000,-9.5353310000,0</coordinates>
      </Point>
    </Placemark>
    <Placemark>
      <name>Vermelho</name>
      <styleUrl>#style_Vermelho</styleUrl>
      <Point>
        <coordinates>17.0119580000,-9.5354850000,0</coordinates>
      </Point>
    </Placemark>
    <Placemark>
      <name>Vermelho</name>
      <styleUrl>#style_Vermelho</styleUrl>
      <Point>
        <coordinates>17.0120530000,-9.5356390000,0</coordinates>
      </Point>
    </Placemark>
    <Placemark>
      <name>Vermelho</name>
      <styleUrl>#style_Vermelho</styleUrl>
      <Point>
        <coordinates>17.0121480000,-9.5357940000,0</coordinates>
      </Point>
    </Placemark>
    <Placemark>
      <name>Vermelho</name>
      <styleUrl>#style_Vermelho</styleUrl>
      <Point>
        <coordinates>17.0122430000,-9.5359480000,0</coordinates>
      </Point>
    </Placemark>
    <Placemark>
      <name>Vermelho</name>
      <styleUrl>#style_Vermelho</styleUrl>
      <Point>
        <coordinates>17.0123380000,-9.5361020000,0</coordinates>
      </Point>
    </Placemark>
    <Placemark>
      <name>Vermelho</name>
      <styleUrl>#style_Vermelho</styleUrl>
      <Point>
        <coordinates>17.0124330000,-9.5362570000,0</coordinates>
      </Point>
    </Placemark>
    <Placemark>
      <name>Vermelho</name>
      <styleUrl>#style_Vermelho</styleUrl>
      <Point>
        <coordinates>17.0125270000,-9.5364110000,0</coordinates>
      </Point>
    </Placemark>
    <Placemark>
      <name>Vermelho</name>
      <styleUrl>#style_Vermelho</styleUrl>
      <Point>
        <coordinates>17.0126220000,-9.5365650000,0</coordinates>
      </Point>
    </Placemark>
    <Placemark>
      <name>Vermelho</name>
      <styleUrl>#style_Vermelho</styleUrl>
      <Point>
        <coordinates>17.0127170000,-9.5367190000,0</coordinates>
      </Point>
    </Placemark>
    <Placemark>
      <name>Vermelho</name>
      <styleUrl>#style_Vermelho</styleUrl>
      <Point>
        <coordinates>17.0128120000,-9.5368740000,0</coordinates>
      </Point>
    </Placemark>
    <Placemark>
      <name>Vermelho</name>
      <styleUrl>#style_Vermelho</styleUrl>
      <Point>
        <coordinates>17.0129070000,-9.5370280000,0</coordinates>
      </Point>
    </Placemark>
    <Placemark>
      <name>Vermelho</name>
      <styleUrl>#style_Vermelho</styleUrl>
      <Point>
        <coordinates>17.0130030000,-9.5371820000,0</coordinates>
      </Point>
    </Placemark>
    <Placemark>
      <name>Vermelho</name>
      <styleUrl>#style_Vermelho</styleUrl>
      <Point>
        <coordinates>17.0130990000,-9.5373350000,0</coordinates>
      </Point>
    </Placemark>
    <Placemark>
      <name>Vermelho</name>
      <styleUrl>#style_Vermelho</styleUrl>
      <Point>
        <coordinates>17.0131950000,-9.5374890000,0</coordinates>
      </Point>
    </Placemark>
    <Placemark>
      <name>Vermelho</name>
      <styleUrl>#style_Vermelho</styleUrl>
      <Point>
        <coordinates>17.0132910000,-9.5376430000,0</coordinates>
      </Point>
    </Placemark>
    <Placemark>
      <name>Vermelho</name>
      <styleUrl>#style_Vermelho</styleUrl>
      <Point>
        <coordinates>17.0133910000,-9.5377940000,0</coordinates>
      </Point>
    </Placemark>
    <Placemark>
      <name>Vermelho</name>
      <styleUrl>#style_Vermelho</styleUrl>
      <Point>
        <coordinates>17.0134930000,-9.5379440000,0</coordinates>
      </Point>
    </Placemark>
    <Placemark>
      <name>Vermelho</name>
      <styleUrl>#style_Vermelho</styleUrl>
      <Point>
        <coordinates>17.0135950000,-9.5380930000,0</coordinates>
      </Point>
    </Placemark>
    <Placemark>
      <name>Vermelho</name>
      <styleUrl>#style_Vermelho</styleUrl>
      <Point>
        <coordinates>17.0136970000,-9.5382430000,0</coordinates>
      </Point>
    </Placemark>
    <Placemark>
      <name>Vermelho</name>
      <styleUrl>#style_Vermelho</styleUrl>
      <Point>
        <coordinates>17.0138020000,-9.5383900000,0</coordinates>
      </Point>
    </Placemark>
    <Placemark>
      <name>Vermelho</name>
      <styleUrl>#style_Vermelho</styleUrl>
      <Point>
        <coordinates>17.0139170000,-9.5385310000,0</coordinates>
      </Point>
    </Placemark>
    <Placemark>
      <name>Vermelho</name>
      <styleUrl>#style_Vermelho</styleUrl>
      <Point>
        <coordinates>17.0140320000,-9.5386710000,0</coordinates>
      </Point>
    </Placemark>
    <Placemark>
      <name>Vermelho</name>
      <styleUrl>#style_Vermelho</styleUrl>
      <Point>
        <coordinates>17.0141470000,-9.5388110000,0</coordinates>
      </Point>
    </Placemark>
    <Placemark>
      <name>Vermelho</name>
      <styleUrl>#style_Vermelho</styleUrl>
      <Point>
        <coordinates>17.0142670000,-9.5389470000,0</coordinates>
      </Point>
    </Placemark>
    <Placemark>
      <name>Vermelho</name>
      <styleUrl>#style_Vermelho</styleUrl>
      <Point>
        <coordinates>17.0143900000,-9.5390810000,0</coordinates>
      </Point>
    </Placemark>
    <Placemark>
      <name>Vermelho</name>
      <styleUrl>#style_Vermelho</styleUrl>
      <Point>
        <coordinates>17.0145140000,-9.5392130000,0</coordinates>
      </Point>
    </Placemark>
    <Placemark>
      <name>Vermelho</name>
      <styleUrl>#style_Vermelho</styleUrl>
      <Point>
        <coordinates>17.0146440000,-9.5393400000,0</coordinates>
      </Point>
    </Placemark>
    <Placemark>
      <name>Vermelho</name>
      <styleUrl>#style_Vermelho</styleUrl>
      <Point>
        <coordinates>17.0147750000,-9.5394650000,0</coordinates>
      </Point>
    </Placemark>
    <Placemark>
      <name>Vermelho</name>
      <styleUrl>#style_Vermelho</styleUrl>
      <Point>
        <coordinates>17.0149070000,-9.5395900000,0</coordinates>
      </Point>
    </Placemark>
    <Placemark>
      <name>Vermelho</name>
      <styleUrl>#style_Vermelho</styleUrl>
      <Point>
        <coordinates>17.0150420000,-9.5397110000,0</coordinates>
      </Point>
    </Placemark>
    <Placemark>
      <name>Vermelho</name>
      <styleUrl>#style_Vermelho</styleUrl>
      <Point>
        <coordinates>17.0151770000,-9.5398320000,0</coordinates>
      </Point>
    </Placemark>
    <Placemark>
      <name>Vermelho</name>
      <styleUrl>#style_Vermelho</styleUrl>
      <Point>
        <coordinates>17.0153120000,-9.5399540000,0</coordinates>
      </Point>
    </Placemark>
    <Placemark>
      <name>Vermelho</name>
      <styleUrl>#style_Vermelho</styleUrl>
      <Point>
        <coordinates>17.0154470000,-9.5400750000,0</coordinates>
      </Point>
    </Placemark>
    <Placemark>
      <name>Vermelho</name>
      <styleUrl>#style_Vermelho</styleUrl>
      <Point>
        <coordinates>17.0155820000,-9.5401960000,0</coordinates>
      </Point>
    </Placemark>
    <Placemark>
      <name>Vermelho</name>
      <styleUrl>#style_Vermelho</styleUrl>
      <Point>
        <coordinates>17.0157180000,-9.5403170000,0</coordinates>
      </Point>
    </Placemark>
    <Placemark>
      <name>Vermelho</name>
      <styleUrl>#style_Vermelho</styleUrl>
      <Point>
        <coordinates>17.0158530000,-9.5404380000,0</coordinates>
      </Point>
    </Placemark>
    <Placemark>
      <name>Vermelho</name>
      <styleUrl>#style_Vermelho</styleUrl>
      <Point>
        <coordinates>17.0159890000,-9.5405590000,0</coordinates>
      </Point>
    </Placemark>
    <Placemark>
      <name>Vermelho</name>
      <styleUrl>#style_Vermelho</styleUrl>
      <Point>
        <coordinates>17.0161240000,-9.5406790000,0</coordinates>
      </Point>
    </Placemark>
    <Placemark>
      <name>Vermelho</name>
      <styleUrl>#style_Vermelho</styleUrl>
      <Point>
        <coordinates>17.0162590000,-9.5408000000,0</coordinates>
      </Point>
    </Placemark>
    <Placemark>
      <name>Vermelho</name>
      <styleUrl>#style_Vermelho</styleUrl>
      <Point>
        <coordinates>17.0163950000,-9.5409220000,0</coordinates>
      </Point>
    </Placemark>
    <Placemark>
      <name>Vermelho</name>
      <styleUrl>#style_Vermelho</styleUrl>
      <Point>
        <coordinates>17.0165280000,-9.5410440000,0</coordinates>
      </Point>
    </Placemark>
    <Placemark>
      <name>Vermelho</name>
      <styleUrl>#style_Vermelho</styleUrl>
      <Point>
        <coordinates>17.0166620000,-9.5411670000,0</coordinates>
      </Point>
    </Placemark>
    <Placemark>
      <name>Vermelho</name>
      <styleUrl>#style_Vermelho</styleUrl>
      <Point>
        <coordinates>17.0167960000,-9.5412900000,0</coordinates>
      </Point>
    </Placemark>
    <Placemark>
      <name>Vermelho</name>
      <styleUrl>#style_Vermelho</styleUrl>
      <Point>
        <coordinates>17.0169290000,-9.5414130000,0</coordinates>
      </Point>
    </Placemark>
    <Placemark>
      <name>Vermelho</name>
      <styleUrl>#style_Vermelho</styleUrl>
      <Point>
        <coordinates>17.0170630000,-9.5415350000,0</coordinates>
      </Point>
    </Placemark>
    <Placemark>
      <name>Vermelho</name>
      <styleUrl>#style_Vermelho</styleUrl>
      <Point>
        <coordinates>17.0171980000,-9.5416560000,0</coordinates>
      </Point>
    </Placemark>
    <Placemark>
      <name>Vermelho</name>
      <styleUrl>#style_Vermelho</styleUrl>
      <Point>
        <coordinates>17.0173300000,-9.5417810000,0</coordinates>
      </Point>
    </Placemark>
    <Placemark>
      <name>Vermelho</name>
      <styleUrl>#style_Vermelho</styleUrl>
      <Point>
        <coordinates>17.0174610000,-9.5419070000,0</coordinates>
      </Point>
    </Placemark>
    <Placemark>
      <name>Vermelho</name>
      <styleUrl>#style_Vermelho</styleUrl>
      <Point>
        <coordinates>17.0175900000,-9.5420340000,0</coordinates>
      </Point>
    </Placemark>
    <Placemark>
      <name>Vermelho</name>
      <styleUrl>#style_Vermelho</styleUrl>
      <Point>
        <coordinates>17.0177160000,-9.5421650000,0</coordinates>
      </Point>
    </Placemark>
    <Placemark>
      <name>Vermelho</name>
      <styleUrl>#style_Vermelho</styleUrl>
      <Point>
        <coordinates>17.0178420000,-9.5422960000,0</coordinates>
      </Point>
    </Placemark>
    <Placemark>
      <name>Vermelho</name>
      <styleUrl>#style_Vermelho</styleUrl>
      <Point>
        <coordinates>17.0179680000,-9.5424260000,0</coordinates>
      </Point>
    </Placemark>
    <Placemark>
      <name>Vermelho</name>
      <styleUrl>#style_Vermelho</styleUrl>
      <Point>
        <coordinates>17.0180930000,-9.5425570000,0</coordinates>
      </Point>
    </Placemark>
    <Placemark>
      <name>Vermelho</name>
      <styleUrl>#style_Vermelho</styleUrl>
      <Point>
        <coordinates>17.0182190000,-9.5426880000,0</coordinates>
      </Point>
    </Placemark>
    <Placemark>
      <name>Vermelho</name>
      <styleUrl>#style_Vermelho</styleUrl>
      <Point>
        <coordinates>17.0183450000,-9.5428190000,0</coordinates>
      </Point>
    </Placemark>
    <Placemark>
      <name>Vermelho</name>
      <styleUrl>#style_Vermelho</styleUrl>
      <Point>
        <coordinates>17.0184710000,-9.5429490000,0</coordinates>
      </Point>
    </Placemark>
    <Placemark>
      <name>Vermelho</name>
      <styleUrl>#style_Vermelho</styleUrl>
      <Point>
        <coordinates>17.0185960000,-9.5430800000,0</coordinates>
      </Point>
    </Placemark>
    <Placemark>
      <name>Vermelho</name>
      <styleUrl>#style_Vermelho</styleUrl>
      <Point>
        <coordinates>17.0187220000,-9.5432110000,0</coordinates>
      </Point>
    </Placemark>
    <Placemark>
      <name>Vermelho</name>
      <styleUrl>#style_Vermelho</styleUrl>
      <Point>
        <coordinates>17.0188480000,-9.5433420000,0</coordinates>
      </Point>
    </Placemark>
    <Placemark>
      <name>Vermelho</name>
      <styleUrl>#style_Vermelho</styleUrl>
      <Point>
        <coordinates>17.0189730000,-9.5434730000,0</coordinates>
      </Point>
    </Placemark>
    <Placemark>
      <name>Vermelho</name>
      <styleUrl>#style_Vermelho</styleUrl>
      <Point>
        <coordinates>17.0190990000,-9.5436040000,0</coordinates>
      </Point>
    </Placemark>
    <Placemark>
      <name>Vermelho</name>
      <styleUrl>#style_Vermelho</styleUrl>
      <Point>
        <coordinates>17.0192250000,-9.5437350000,0</coordinates>
      </Point>
    </Placemark>
    <Placemark>
      <name>Vermelho</name>
      <styleUrl>#style_Vermelho</styleUrl>
      <Point>
        <coordinates>17.0193490000,-9.5438670000,0</coordinates>
      </Point>
    </Placemark>
    <Placemark>
      <name>Vermelho</name>
      <styleUrl>#style_Vermelho</styleUrl>
      <Point>
        <coordinates>17.0194730000,-9.5439990000,0</coordinates>
      </Point>
    </Placemark>
    <Placemark>
      <name>Vermelho</name>
      <styleUrl>#style_Vermelho</styleUrl>
      <Point>
        <coordinates>17.0195960000,-9.5441320000,0</coordinates>
      </Point>
    </Placemark>
    <Placemark>
      <name>Vermelho</name>
      <styleUrl>#style_Vermelho</styleUrl>
      <Point>
        <coordinates>17.0197200000,-9.5442650000,0</coordinates>
      </Point>
    </Placemark>
    <Placemark>
      <name>Vermelho</name>
      <styleUrl>#style_Vermelho</styleUrl>
      <Point>
        <coordinates>17.0198440000,-9.5443970000,0</coordinates>
      </Point>
    </Placemark>
    <Placemark>
      <name>Vermelho</name>
      <styleUrl>#style_Vermelho</styleUrl>
      <Point>
        <coordinates>17.0199680000,-9.5445300000,0</coordinates>
      </Point>
    </Placemark>
    <Placemark>
      <name>Vermelho</name>
      <styleUrl>#style_Vermelho</styleUrl>
      <Point>
        <coordinates>17.0200910000,-9.5446630000,0</coordinates>
      </Point>
    </Placemark>
    <Placemark>
      <name>Vermelho</name>
      <styleUrl>#style_Vermelho</styleUrl>
      <Point>
        <coordinates>17.0202150000,-9.5447960000,0</coordinates>
      </Point>
    </Placemark>
    <Placemark>
      <name>Vermelho</name>
      <styleUrl>#style_Vermelho</styleUrl>
      <Point>
        <coordinates>17.0203390000,-9.5449280000,0</coordinates>
      </Point>
    </Placemark>
    <Placemark>
      <name>Vermelho</name>
      <styleUrl>#style_Vermelho</styleUrl>
      <Point>
        <coordinates>17.0204620000,-9.5450610000,0</coordinates>
      </Point>
    </Placemark>
    <Placemark>
      <name>Vermelho</name>
      <styleUrl>#style_Vermelho</styleUrl>
      <Point>
        <coordinates>17.0205860000,-9.5451940000,0</coordinates>
      </Point>
    </Placemark>
    <Placemark>
      <name>Vermelho</name>
      <styleUrl>#style_Vermelho</styleUrl>
      <Point>
        <coordinates>17.0207100000,-9.5453260000,0</coordinates>
      </Point>
    </Placemark>
    <Placemark>
      <name>Vermelho</name>
      <styleUrl>#style_Vermelho</styleUrl>
      <Point>
        <coordinates>17.0208330000,-9.5454590000,0</coordinates>
      </Point>
    </Placemark>
    <Placemark>
      <name>Vermelho</name>
      <styleUrl>#style_Vermelho</styleUrl>
      <Point>
        <coordinates>17.0209570000,-9.5455920000,0</coordinates>
      </Point>
    </Placemark>
    <Placemark>
      <name>Vermelho</name>
      <styleUrl>#style_Vermelho</styleUrl>
      <Point>
        <coordinates>17.0210800000,-9.5457250000,0</coordinates>
      </Point>
    </Placemark>
    <Placemark>
      <name>Vermelho</name>
      <styleUrl>#style_Vermelho</styleUrl>
      <Point>
        <coordinates>17.0212040000,-9.5458580000,0</coordinates>
      </Point>
    </Placemark>
    <Placemark>
      <name>Vermelho</name>
      <styleUrl>#style_Vermelho</styleUrl>
      <Point>
        <coordinates>17.0213270000,-9.5459910000,0</coordinates>
      </Point>
    </Placemark>
    <Placemark>
      <name>Vermelho</name>
      <styleUrl>#style_Vermelho</styleUrl>
      <Point>
        <coordinates>17.0214500000,-9.5461240000,0</coordinates>
      </Point>
    </Placemark>
    <Placemark>
      <name>Vermelho</name>
      <styleUrl>#style_Vermelho</styleUrl>
      <Point>
        <coordinates>17.0215730000,-9.5462570000,0</coordinates>
      </Point>
    </Placemark>
    <Placemark>
      <name>Vermelho</name>
      <styleUrl>#style_Vermelho</styleUrl>
      <Point>
        <coordinates>17.0216970000,-9.5463900000,0</coordinates>
      </Point>
    </Placemark>
    <Placemark>
      <name>Vermelho</name>
      <styleUrl>#style_Vermelho</styleUrl>
      <Point>
        <coordinates>17.0218200000,-9.5465230000,0</coordinates>
      </Point>
    </Placemark>
    <Placemark>
      <name>Vermelho</name>
      <styleUrl>#style_Vermelho</styleUrl>
      <Point>
        <coordinates>17.0219430000,-9.5466560000,0</coordinates>
      </Point>
    </Placemark>
    <Placemark>
      <name>Vermelho</name>
      <styleUrl>#style_Vermelho</styleUrl>
      <Point>
        <coordinates>17.0220660000,-9.5467900000,0</coordinates>
      </Point>
    </Placemark>
    <Placemark>
      <name>Vermelho</name>
      <styleUrl>#style_Vermelho</styleUrl>
      <Point>
        <coordinates>17.0221900000,-9.5469230000,0</coordinates>
      </Point>
    </Placemark>
    <Placemark>
      <name>Vermelho</name>
      <styleUrl>#style_Vermelho</styleUrl>
      <Point>
        <coordinates>17.0223130000,-9.5470560000,0</coordinates>
      </Point>
    </Placemark>
    <Placemark>
      <name>Vermelho</name>
      <styleUrl>#style_Vermelho</styleUrl>
      <Point>
        <coordinates>17.0224360000,-9.5471890000,0</coordinates>
      </Point>
    </Placemark>
    <Placemark>
      <name>Vermelho</name>
      <styleUrl>#style_Vermelho</styleUrl>
      <Point>
        <coordinates>17.0225590000,-9.5473220000,0</coordinates>
      </Point>
    </Placemark>
    <Placemark>
      <name>Vermelho</name>
      <styleUrl>#style_Vermelho</styleUrl>
      <Point>
        <coordinates>17.0226830000,-9.5474550000,0</coordinates>
      </Point>
    </Placemark>
    <Placemark>
      <name>Vermelho</name>
      <styleUrl>#style_Vermelho</styleUrl>
      <Point>
        <coordinates>17.0228060000,-9.5475880000,0</coordinates>
      </Point>
    </Placemark>
    <Placemark>
      <name>Vermelho</name>
      <styleUrl>#style_Vermelho</styleUrl>
      <Point>
        <coordinates>17.0229290000,-9.5477210000,0</coordinates>
      </Point>
    </Placemark>
    <Placemark>
      <name>Vermelho</name>
      <styleUrl>#style_Vermelho</styleUrl>
      <Point>
        <coordinates>17.0230520000,-9.5478550000,0</coordinates>
      </Point>
    </Placemark>
    <Placemark>
      <name>Vermelho</name>
      <styleUrl>#style_Vermelho</styleUrl>
      <Point>
        <coordinates>17.0231760000,-9.5479880000,0</coordinates>
      </Point>
    </Placemark>
    <Placemark>
      <name>Vermelho</name>
      <styleUrl>#style_Vermelho</styleUrl>
      <Point>
        <coordinates>17.0233000000,-9.5481200000,0</coordinates>
      </Point>
    </Placemark>
    <Placemark>
      <name>Vermelho</name>
      <styleUrl>#style_Vermelho</styleUrl>
      <Point>
        <coordinates>17.0234240000,-9.5482520000,0</coordinates>
      </Point>
    </Placemark>
    <Placemark>
      <name>Vermelho</name>
      <styleUrl>#style_Vermelho</styleUrl>
      <Point>
        <coordinates>17.0235480000,-9.5483840000,0</coordinates>
      </Point>
    </Placemark>
    <Placemark>
      <name>Vermelho</name>
      <styleUrl>#style_Vermelho</styleUrl>
      <Point>
        <coordinates>17.0236720000,-9.5485160000,0</coordinates>
      </Point>
    </Placemark>
    <Placemark>
      <name>Vermelho</name>
      <styleUrl>#style_Vermelho</styleUrl>
      <Point>
        <coordinates>17.0237970000,-9.5486490000,0</coordinates>
      </Point>
    </Placemark>
    <Placemark>
      <name>Vermelho</name>
      <styleUrl>#style_Vermelho</styleUrl>
      <Point>
        <coordinates>17.0239200000,-9.5487810000,0</coordinates>
      </Point>
    </Placemark>
    <Placemark>
      <name>Vermelho</name>
      <styleUrl>#style_Vermelho</styleUrl>
      <Point>
        <coordinates>17.0240430000,-9.5489150000,0</coordinates>
      </Point>
    </Placemark>
    <Placemark>
      <name>Vermelho</name>
      <styleUrl>#style_Vermelho</styleUrl>
      <Point>
        <coordinates>17.0241660000,-9.5490480000,0</coordinates>
      </Point>
    </Placemark>
    <Placemark>
      <name>Vermelho</name>
      <styleUrl>#style_Vermelho</styleUrl>
      <Point>
        <coordinates>17.0242890000,-9.5491820000,0</coordinates>
      </Point>
    </Placemark>
    <Placemark>
      <name>Vermelho</name>
      <styleUrl>#style_Vermelho</styleUrl>
      <Point>
        <coordinates>17.0244120000,-9.5493150000,0</coordinates>
      </Point>
    </Placemark>
    <Placemark>
      <name>Vermelho</name>
      <styleUrl>#style_Vermelho</styleUrl>
      <Point>
        <coordinates>17.0245350000,-9.5494480000,0</coordinates>
      </Point>
    </Placemark>
    <Placemark>
      <name>Vermelho</name>
      <styleUrl>#style_Vermelho</styleUrl>
      <Point>
        <coordinates>17.0246580000,-9.5495820000,0</coordinates>
      </Point>
    </Placemark>
    <Placemark>
      <name>Vermelho</name>
      <styleUrl>#style_Vermelho</styleUrl>
      <Point>
        <coordinates>17.0247810000,-9.5497150000,0</coordinates>
      </Point>
    </Placemark>
    <Placemark>
      <name>Vermelho</name>
      <styleUrl>#style_Vermelho</styleUrl>
      <Point>
        <coordinates>17.0249040000,-9.5498490000,0</coordinates>
      </Point>
    </Placemark>
    <Placemark>
      <name>Vermelho</name>
      <styleUrl>#style_Vermelho</styleUrl>
      <Point>
        <coordinates>17.0250270000,-9.5499820000,0</coordinates>
      </Point>
    </Placemark>
    <Placemark>
      <name>Vermelho</name>
      <styleUrl>#style_Vermelho</styleUrl>
      <Point>
        <coordinates>17.0251500000,-9.5501150000,0</coordinates>
      </Point>
    </Placemark>
    <Placemark>
      <name>Vermelho</name>
      <styleUrl>#style_Vermelho</styleUrl>
      <Point>
        <coordinates>17.0252730000,-9.5502490000,0</coordinates>
      </Point>
    </Placemark>
    <Placemark>
      <name>Vermelho</name>
      <styleUrl>#style_Vermelho</styleUrl>
      <Point>
        <coordinates>17.0253960000,-9.5503820000,0</coordinates>
      </Point>
    </Placemark>
    <Placemark>
      <name>Vermelho</name>
      <styleUrl>#style_Vermelho</styleUrl>
      <Point>
        <coordinates>17.0255190000,-9.5505150000,0</coordinates>
      </Point>
    </Placemark>
    <Placemark>
      <name>Vermelho</name>
      <styleUrl>#style_Vermelho</styleUrl>
      <Point>
        <coordinates>17.0256420000,-9.5506490000,0</coordinates>
      </Point>
    </Placemark>
    <Placemark>
      <name>Vermelho</name>
      <styleUrl>#style_Vermelho</styleUrl>
      <Point>
        <coordinates>17.0257640000,-9.5507820000,0</coordinates>
      </Point>
    </Placemark>
    <Placemark>
      <name>Vermelho</name>
      <styleUrl>#style_Vermelho</styleUrl>
      <Point>
        <coordinates>17.0258870000,-9.5509160000,0</coordinates>
      </Point>
    </Placemark>
    <Placemark>
      <name>Vermelho</name>
      <styleUrl>#style_Vermelho</styleUrl>
      <Point>
        <coordinates>17.0260090000,-9.5510500000,0</coordinates>
      </Point>
    </Placemark>
    <Placemark>
      <name>Vermelho</name>
      <styleUrl>#style_Vermelho</styleUrl>
      <Point>
        <coordinates>17.0261320000,-9.5511830000,0</coordinates>
      </Point>
    </Placemark>
    <Placemark>
      <name>Vermelho</name>
      <styleUrl>#style_Vermelho</styleUrl>
      <Point>
        <coordinates>17.0262550000,-9.5513170000,0</coordinates>
      </Point>
    </Placemark>
    <Placemark>
      <name>Vermelho</name>
      <styleUrl>#style_Vermelho</styleUrl>
      <Point>
        <coordinates>17.0263770000,-9.5514510000,0</coordinates>
      </Point>
    </Placemark>
    <Placemark>
      <name>Vermelho</name>
      <styleUrl>#style_Vermelho</styleUrl>
      <Point>
        <coordinates>17.0265000000,-9.5515840000,0</coordinates>
      </Point>
    </Placemark>
    <Placemark>
      <name>Vermelho</name>
      <styleUrl>#style_Vermelho</styleUrl>
      <Point>
        <coordinates>17.0266230000,-9.5517180000,0</coordinates>
      </Point>
    </Placemark>
    <Placemark>
      <name>Vermelho</name>
      <styleUrl>#style_Vermelho</styleUrl>
      <Point>
        <coordinates>17.0267450000,-9.5518520000,0</coordinates>
      </Point>
    </Placemark>
    <Placemark>
      <name>Vermelho</name>
      <styleUrl>#style_Vermelho</styleUrl>
      <Point>
        <coordinates>17.0268680000,-9.5519850000,0</coordinates>
      </Point>
    </Placemark>
    <Placemark>
      <name>Vermelho</name>
      <styleUrl>#style_Vermelho</styleUrl>
      <Point>
        <coordinates>17.0269900000,-9.5521190000,0</coordinates>
      </Point>
    </Placemark>
    <Placemark>
      <name>Vermelho</name>
      <styleUrl>#style_Vermelho</styleUrl>
      <Point>
        <coordinates>17.0271130000,-9.5522530000,0</coordinates>
      </Point>
    </Placemark>
    <Placemark>
      <name>Vermelho</name>
      <styleUrl>#style_Vermelho</styleUrl>
      <Point>
        <coordinates>17.0272360000,-9.5523870000,0</coordinates>
      </Point>
    </Placemark>
    <Placemark>
      <name>Vermelho</name>
      <styleUrl>#style_Vermelho</styleUrl>
      <Point>
        <coordinates>17.0273580000,-9.5525200000,0</coordinates>
      </Point>
    </Placemark>
    <Placemark>
      <name>Vermelho</name>
      <styleUrl>#style_Vermelho</styleUrl>
      <Point>
        <coordinates>17.0274810000,-9.5526540000,0</coordinates>
      </Point>
    </Placemark>
    <Placemark>
      <name>Vermelho</name>
      <styleUrl>#style_Vermelho</styleUrl>
      <Point>
        <coordinates>17.0276030000,-9.5527880000,0</coordinates>
      </Point>
    </Placemark>
    <Placemark>
      <name>Vermelho</name>
      <styleUrl>#style_Vermelho</styleUrl>
      <Point>
        <coordinates>17.0277260000,-9.5529210000,0</coordinates>
      </Point>
    </Placemark>
    <Placemark>
      <name>Vermelho</name>
      <styleUrl>#style_Vermelho</styleUrl>
      <Point>
        <coordinates>17.0278490000,-9.5530550000,0</coordinates>
      </Point>
    </Placemark>
    <Placemark>
      <name>Vermelho</name>
      <styleUrl>#style_Vermelho</styleUrl>
      <Point>
        <coordinates>17.0279710000,-9.5531890000,0</coordinates>
      </Point>
    </Placemark>
    <Placemark>
      <name>Vermelho</name>
      <styleUrl>#style_Vermelho</styleUrl>
      <Point>
        <coordinates>17.0280940000,-9.5533220000,0</coordinates>
      </Point>
    </Placemark>
    <Placemark>
      <name>Vermelho</name>
      <styleUrl>#style_Vermelho</styleUrl>
      <Point>
        <coordinates>17.0282160000,-9.5534560000,0</coordinates>
      </Point>
    </Placemark>
    <Placemark>
      <name>Vermelho</name>
      <styleUrl>#style_Vermelho</styleUrl>
      <Point>
        <coordinates>17.0283390000,-9.5535900000,0</coordinates>
      </Point>
    </Placemark>
    <Placemark>
      <name>Vermelho</name>
      <styleUrl>#style_Vermelho</styleUrl>
      <Point>
        <coordinates>17.0284620000,-9.5537230000,0</coordinates>
      </Point>
    </Placemark>
    <Placemark>
      <name>Vermelho</name>
      <styleUrl>#style_Vermelho</styleUrl>
      <Point>
        <coordinates>17.0285840000,-9.5538570000,0</coordinates>
      </Point>
    </Placemark>
    <Placemark>
      <name>Vermelho</name>
      <styleUrl>#style_Vermelho</styleUrl>
      <Point>
        <coordinates>17.0287080000,-9.5539890000,0</coordinates>
      </Point>
    </Placemark>
    <Placemark>
      <name>Vermelho</name>
      <styleUrl>#style_Vermelho</styleUrl>
      <Point>
        <coordinates>17.0288320000,-9.5541220000,0</coordinates>
      </Point>
    </Placemark>
    <Placemark>
      <name>Vermelho</name>
      <styleUrl>#style_Vermelho</styleUrl>
      <Point>
        <coordinates>17.0289560000,-9.5542550000,0</coordinates>
      </Point>
    </Placemark>
    <Placemark>
      <name>Vermelho</name>
      <styleUrl>#style_Vermelho</styleUrl>
      <Point>
        <coordinates>17.0290800000,-9.5543870000,0</coordinates>
      </Point>
    </Placemark>
    <Placemark>
      <name>Vermelho</name>
      <styleUrl>#style_Vermelho</styleUrl>
      <Point>
        <coordinates>17.0292040000,-9.5545200000,0</coordinates>
      </Point>
    </Placemark>
    <Placemark>
      <name>Vermelho</name>
      <styleUrl>#style_Vermelho</styleUrl>
      <Point>
        <coordinates>17.0293280000,-9.5546520000,0</coordinates>
      </Point>
    </Placemark>
    <Placemark>
      <name>Vermelho</name>
      <styleUrl>#style_Vermelho</styleUrl>
      <Point>
        <coordinates>17.0294510000,-9.5547850000,0</coordinates>
      </Point>
    </Placemark>
    <Placemark>
      <name>Vermelho</name>
      <styleUrl>#style_Vermelho</styleUrl>
      <Point>
        <coordinates>17.0295750000,-9.5549170000,0</coordinates>
      </Point>
    </Placemark>
    <Placemark>
      <name>Vermelho</name>
      <styleUrl>#style_Vermelho</styleUrl>
      <Point>
        <coordinates>17.0296990000,-9.5550500000,0</coordinates>
      </Point>
    </Placemark>
    <Placemark>
      <name>Vermelho</name>
      <styleUrl>#style_Vermelho</styleUrl>
      <Point>
        <coordinates>17.0298230000,-9.5551830000,0</coordinates>
      </Point>
    </Placemark>
    <Placemark>
      <name>Vermelho</name>
      <styleUrl>#style_Vermelho</styleUrl>
      <Point>
        <coordinates>17.0299470000,-9.5553150000,0</coordinates>
      </Point>
    </Placemark>
    <Placemark>
      <name>Vermelho</name>
      <styleUrl>#style_Vermelho</styleUrl>
      <Point>
        <coordinates>17.0300710000,-9.5554480000,0</coordinates>
      </Point>
    </Placemark>
    <Placemark>
      <name>Vermelho</name>
      <styleUrl>#style_Vermelho</styleUrl>
      <Point>
        <coordinates>17.0301950000,-9.5555800000,0</coordinates>
      </Point>
    </Placemark>
    <Placemark>
      <name>Vermelho</name>
      <styleUrl>#style_Vermelho</styleUrl>
      <Point>
        <coordinates>17.0303190000,-9.5557130000,0</coordinates>
      </Point>
    </Placemark>
    <Placemark>
      <name>Vermelho</name>
      <styleUrl>#style_Vermelho</styleUrl>
      <Point>
        <coordinates>17.0304430000,-9.5558450000,0</coordinates>
      </Point>
    </Placemark>
    <Placemark>
      <name>Vermelho</name>
      <styleUrl>#style_Vermelho</styleUrl>
      <Point>
        <coordinates>17.0305670000,-9.5559770000,0</coordinates>
      </Point>
    </Placemark>
    <Placemark>
      <name>Vermelho</name>
      <styleUrl>#style_Vermelho</styleUrl>
      <Point>
        <coordinates>17.0306900000,-9.5561100000,0</coordinates>
      </Point>
    </Placemark>
    <Placemark>
      <name>Vermelho</name>
      <styleUrl>#style_Vermelho</styleUrl>
      <Point>
        <coordinates>17.0308140000,-9.5562420000,0</coordinates>
      </Point>
    </Placemark>
    <Placemark>
      <name>Vermelho</name>
      <styleUrl>#style_Vermelho</styleUrl>
      <Point>
        <coordinates>17.0309380000,-9.5563750000,0</coordinates>
      </Point>
    </Placemark>
    <Placemark>
      <name>Vermelho</name>
      <styleUrl>#style_Vermelho</styleUrl>
      <Point>
        <coordinates>17.0310620000,-9.5565070000,0</coordinates>
      </Point>
    </Placemark>
    <Placemark>
      <name>Vermelho</name>
      <styleUrl>#style_Vermelho</styleUrl>
      <Point>
        <coordinates>17.0311860000,-9.5566400000,0</coordinates>
      </Point>
    </Placemark>
    <Placemark>
      <name>Vermelho</name>
      <styleUrl>#style_Vermelho</styleUrl>
      <Point>
        <coordinates>17.0313100000,-9.5567720000,0</coordinates>
      </Point>
    </Placemark>
    <Placemark>
      <name>Vermelho</name>
      <styleUrl>#style_Vermelho</styleUrl>
      <Point>
        <coordinates>17.0314340000,-9.5569050000,0</coordinates>
      </Point>
    </Placemark>
    <Placemark>
      <name>Vermelho</name>
      <styleUrl>#style_Vermelho</styleUrl>
      <Point>
        <coordinates>17.0315580000,-9.5570370000,0</coordinates>
      </Point>
    </Placemark>
    <Placemark>
      <name>Vermelho</name>
      <styleUrl>#style_Vermelho</styleUrl>
      <Point>
        <coordinates>17.0316820000,-9.5571700000,0</coordinates>
      </Point>
    </Placemark>
    <Placemark>
      <name>Vermelho</name>
      <styleUrl>#style_Vermelho</styleUrl>
      <Point>
        <coordinates>17.0318060000,-9.5573020000,0</coordinates>
      </Point>
    </Placemark>
    <Placemark>
      <name>Vermelho</name>
      <styleUrl>#style_Vermelho</styleUrl>
      <Point>
        <coordinates>17.0319280000,-9.5574360000,0</coordinates>
      </Point>
    </Placemark>
    <Placemark>
      <name>Vermelho</name>
      <styleUrl>#style_Vermelho</styleUrl>
      <Point>
        <coordinates>17.0320510000,-9.5575700000,0</coordinates>
      </Point>
    </Placemark>
    <Placemark>
      <name>Vermelho</name>
      <styleUrl>#style_Vermelho</styleUrl>
      <Point>
        <coordinates>17.0321730000,-9.5577040000,0</coordinates>
      </Point>
    </Placemark>
    <Placemark>
      <name>Vermelho</name>
      <styleUrl>#style_Vermelho</styleUrl>
      <Point>
        <coordinates>17.0322960000,-9.5578380000,0</coordinates>
      </Point>
    </Placemark>
    <Placemark>
      <name>Vermelho</name>
      <styleUrl>#style_Vermelho</styleUrl>
      <Point>
        <coordinates>17.0324180000,-9.5579710000,0</coordinates>
      </Point>
    </Placemark>
    <Placemark>
      <name>Vermelho</name>
      <styleUrl>#style_Vermelho</styleUrl>
      <Point>
        <coordinates>17.0325400000,-9.5581050000,0</coordinates>
      </Point>
    </Placemark>
    <Placemark>
      <name>Vermelho</name>
      <styleUrl>#style_Vermelho</styleUrl>
      <Point>
        <coordinates>17.0326630000,-9.5582390000,0</coordinates>
      </Point>
    </Placemark>
    <Placemark>
      <name>Vermelho</name>
      <styleUrl>#style_Vermelho</styleUrl>
      <Point>
        <coordinates>17.0327850000,-9.5583730000,0</coordinates>
      </Point>
    </Placemark>
    <Placemark>
      <name>Vermelho</name>
      <styleUrl>#style_Vermelho</styleUrl>
      <Point>
        <coordinates>17.0329080000,-9.5585070000,0</coordinates>
      </Point>
    </Placemark>
    <Placemark>
      <name>Vermelho</name>
      <styleUrl>#style_Vermelho</styleUrl>
      <Point>
        <coordinates>17.0330300000,-9.5586410000,0</coordinates>
      </Point>
    </Placemark>
    <Placemark>
      <name>Vermelho</name>
      <styleUrl>#style_Vermelho</styleUrl>
      <Point>
        <coordinates>17.0331530000,-9.5587750000,0</coordinates>
      </Point>
    </Placemark>
    <Placemark>
      <name>Vermelho</name>
      <styleUrl>#style_Vermelho</styleUrl>
      <Point>
        <coordinates>17.0332750000,-9.5589080000,0</coordinates>
      </Point>
    </Placemark>
    <Placemark>
      <name>Vermelho</name>
      <styleUrl>#style_Vermelho</styleUrl>
      <Point>
        <coordinates>17.0333980000,-9.5590420000,0</coordinates>
      </Point>
    </Placemark>
    <Placemark>
      <name>Vermelho</name>
      <styleUrl>#style_Vermelho</styleUrl>
      <Point>
        <coordinates>17.0335200000,-9.5591760000,0</coordinates>
      </Point>
    </Placemark>
    <Placemark>
      <name>Vermelho</name>
      <styleUrl>#style_Vermelho</styleUrl>
      <Point>
        <coordinates>17.0336420000,-9.5593100000,0</coordinates>
      </Point>
    </Placemark>
    <Placemark>
      <name>Vermelho</name>
      <styleUrl>#style_Vermelho</styleUrl>
      <Point>
        <coordinates>17.0337650000,-9.5594440000,0</coordinates>
      </Point>
    </Placemark>
    <Placemark>
      <name>Vermelho</name>
      <styleUrl>#style_Vermelho</styleUrl>
      <Point>
        <coordinates>17.0338870000,-9.5595780000,0</coordinates>
      </Point>
    </Placemark>
    <Placemark>
      <name>Vermelho</name>
      <styleUrl>#style_Vermelho</styleUrl>
      <Point>
        <coordinates>17.0340100000,-9.5597110000,0</coordinates>
      </Point>
    </Placemark>
    <Placemark>
      <name>Vermelho</name>
      <styleUrl>#style_Vermelho</styleUrl>
      <Point>
        <coordinates>17.0341310000,-9.5598460000,0</coordinates>
      </Point>
    </Placemark>
    <Placemark>
      <name>Vermelho</name>
      <styleUrl>#style_Vermelho</styleUrl>
      <Point>
        <coordinates>17.0342520000,-9.5599810000,0</coordinates>
      </Point>
    </Placemark>
    <Placemark>
      <name>Vermelho</name>
      <styleUrl>#style_Vermelho</styleUrl>
      <Point>
        <coordinates>17.0343730000,-9.5601160000,0</coordinates>
      </Point>
    </Placemark>
    <Placemark>
      <name>Vermelho</name>
      <styleUrl>#style_Vermelho</styleUrl>
      <Point>
        <coordinates>17.0344940000,-9.5602510000,0</coordinates>
      </Point>
    </Placemark>
    <Placemark>
      <name>Vermelho</name>
      <styleUrl>#style_Vermelho</styleUrl>
      <Point>
        <coordinates>17.0346160000,-9.5603860000,0</coordinates>
      </Point>
    </Placemark>
    <Placemark>
      <name>Vermelho</name>
      <styleUrl>#style_Vermelho</styleUrl>
      <Point>
        <coordinates>17.0347370000,-9.5605210000,0</coordinates>
      </Point>
    </Placemark>
    <Placemark>
      <name>Vermelho</name>
      <styleUrl>#style_Vermelho</styleUrl>
      <Point>
        <coordinates>17.0348590000,-9.5606550000,0</coordinates>
      </Point>
    </Placemark>
    <Placemark>
      <name>Vermelho</name>
      <styleUrl>#style_Vermelho</styleUrl>
      <Point>
        <coordinates>17.0349830000,-9.5607870000,0</coordinates>
      </Point>
    </Placemark>
    <Placemark>
      <name>Vermelho</name>
      <styleUrl>#style_Vermelho</styleUrl>
      <Point>
        <coordinates>17.0351070000,-9.5609200000,0</coordinates>
      </Point>
    </Placemark>
    <Placemark>
      <name>Vermelho</name>
      <styleUrl>#style_Vermelho</styleUrl>
      <Point>
        <coordinates>17.0352310000,-9.5610530000,0</coordinates>
      </Point>
    </Placemark>
    <Placemark>
      <name>Vermelho</name>
      <styleUrl>#style_Vermelho</styleUrl>
      <Point>
        <coordinates>17.0353550000,-9.5611850000,0</coordinates>
      </Point>
    </Placemark>
    <Placemark>
      <name>Vermelho</name>
      <styleUrl>#style_Vermelho</styleUrl>
      <Point>
        <coordinates>17.0354820000,-9.5613140000,0</coordinates>
      </Point>
    </Placemark>
    <Placemark>
      <name>Vermelho</name>
      <styleUrl>#style_Vermelho</styleUrl>
      <Point>
        <coordinates>17.0356110000,-9.5614420000,0</coordinates>
      </Point>
    </Placemark>
    <Placemark>
      <name>Vermelho</name>
      <styleUrl>#style_Vermelho</styleUrl>
      <Point>
        <coordinates>17.0357400000,-9.5615700000,0</coordinates>
      </Point>
    </Placemark>
    <Placemark>
      <name>Vermelho</name>
      <styleUrl>#style_Vermelho</styleUrl>
      <Point>
        <coordinates>17.0358690000,-9.5616980000,0</coordinates>
      </Point>
    </Placemark>
    <Placemark>
      <name>Vermelho</name>
      <styleUrl>#style_Vermelho</styleUrl>
      <Point>
        <coordinates>17.0360050000,-9.5618160000,0</coordinates>
      </Point>
    </Placemark>
    <Placemark>
      <name>Vermelho</name>
      <styleUrl>#style_Vermelho</styleUrl>
      <Point>
        <coordinates>17.0361500000,-9.5619270000,0</coordinates>
      </Point>
    </Placemark>
    <Placemark>
      <name>Vermelho</name>
      <styleUrl>#style_Vermelho</styleUrl>
      <Point>
        <coordinates>17.0362930000,-9.5620380000,0</coordinates>
      </Point>
    </Placemark>
    <Placemark>
      <name>Vermelho</name>
      <styleUrl>#style_Vermelho</styleUrl>
      <Point>
        <coordinates>17.0364330000,-9.5621540000,0</coordinates>
      </Point>
    </Placemark>
    <Placemark>
      <name>Vermelho</name>
      <styleUrl>#style_Vermelho</styleUrl>
      <Point>
        <coordinates>17.0365740000,-9.5622690000,0</coordinates>
      </Point>
    </Placemark>
    <Placemark>
      <name>Vermelho</name>
      <styleUrl>#style_Vermelho</styleUrl>
      <Point>
        <coordinates>17.0367140000,-9.5623840000,0</coordinates>
      </Point>
    </Placemark>
    <Placemark>
      <name>Vermelho</name>
      <styleUrl>#style_Vermelho</styleUrl>
      <Point>
        <coordinates>17.0368540000,-9.5624990000,0</coordinates>
      </Point>
    </Placemark>
    <Placemark>
      <name>Vermelho</name>
      <styleUrl>#style_Vermelho</styleUrl>
      <Point>
        <coordinates>17.0369950000,-9.5626140000,0</coordinates>
      </Point>
    </Placemark>
    <Placemark>
      <name>Vermelho</name>
      <styleUrl>#style_Vermelho</styleUrl>
      <Point>
        <coordinates>17.0371350000,-9.5627300000,0</coordinates>
      </Point>
    </Placemark>
    <Placemark>
      <name>Vermelho</name>
      <styleUrl>#style_Vermelho</styleUrl>
      <Point>
        <coordinates>17.0372760000,-9.5628450000,0</coordinates>
      </Point>
    </Placemark>
    <Placemark>
      <name>Vermelho</name>
      <styleUrl>#style_Vermelho</styleUrl>
      <Point>
        <coordinates>17.0374160000,-9.5629600000,0</coordinates>
      </Point>
    </Placemark>
    <Placemark>
      <name>Vermelho</name>
      <styleUrl>#style_Vermelho</styleUrl>
      <Point>
        <coordinates>17.0375570000,-9.5630750000,0</coordinates>
      </Point>
    </Placemark>
    <Placemark>
      <name>Vermelho</name>
      <styleUrl>#style_Vermelho</styleUrl>
      <Point>
        <coordinates>17.0376970000,-9.5631900000,0</coordinates>
      </Point>
    </Placemark>
    <Placemark>
      <name>Vermelho</name>
      <styleUrl>#style_Vermelho</styleUrl>
      <Point>
        <coordinates>17.0378370000,-9.5633050000,0</coordinates>
      </Point>
    </Placemark>
    <Placemark>
      <name>Vermelho</name>
      <styleUrl>#style_Vermelho</styleUrl>
      <Point>
        <coordinates>17.0379780000,-9.5634200000,0</coordinates>
      </Point>
    </Placemark>
    <Placemark>
      <name>Vermelho</name>
      <styleUrl>#style_Vermelho</styleUrl>
      <Point>
        <coordinates>17.0381180000,-9.5635360000,0</coordinates>
      </Point>
    </Placemark>
    <Placemark>
      <name>Vermelho</name>
      <styleUrl>#style_Vermelho</styleUrl>
      <Point>
        <coordinates>17.0382580000,-9.5636510000,0</coordinates>
      </Point>
    </Placemark>
    <Placemark>
      <name>Vermelho</name>
      <styleUrl>#style_Vermelho</styleUrl>
      <Point>
        <coordinates>17.0384000000,-9.5637640000,0</coordinates>
      </Point>
    </Placemark>
    <Placemark>
      <name>Vermelho</name>
      <styleUrl>#style_Vermelho</styleUrl>
      <Point>
        <coordinates>17.0385430000,-9.5638770000,0</coordinates>
      </Point>
    </Placemark>
    <Placemark>
      <name>Vermelho</name>
      <styleUrl>#style_Vermelho</styleUrl>
      <Point>
        <coordinates>17.0386850000,-9.5639900000,0</coordinates>
      </Point>
    </Placemark>
    <Placemark>
      <name>Vermelho</name>
      <styleUrl>#style_Vermelho</styleUrl>
      <Point>
        <coordinates>17.0388270000,-9.5641030000,0</coordinates>
      </Point>
    </Placemark>
    <Placemark>
      <name>Vermelho</name>
      <styleUrl>#style_Vermelho</styleUrl>
      <Point>
        <coordinates>17.0389690000,-9.5642160000,0</coordinates>
      </Point>
    </Placemark>
    <Placemark>
      <name>Vermelho</name>
      <styleUrl>#style_Vermelho</styleUrl>
      <Point>
        <coordinates>17.0391110000,-9.5643290000,0</coordinates>
      </Point>
    </Placemark>
    <Placemark>
      <name>Vermelho</name>
      <styleUrl>#style_Vermelho</styleUrl>
      <Point>
        <coordinates>17.0392540000,-9.5644420000,0</coordinates>
      </Point>
    </Placemark>
    <Placemark>
      <name>Vermelho</name>
      <styleUrl>#style_Vermelho</styleUrl>
      <Point>
        <coordinates>17.0393960000,-9.5645550000,0</coordinates>
      </Point>
    </Placemark>
    <Placemark>
      <name>Vermelho</name>
      <styleUrl>#style_Vermelho</styleUrl>
      <Point>
        <coordinates>17.0395370000,-9.5646690000,0</coordinates>
      </Point>
    </Placemark>
    <Placemark>
      <name>Vermelho</name>
      <styleUrl>#style_Vermelho</styleUrl>
      <Point>
        <coordinates>17.0396790000,-9.5647820000,0</coordinates>
      </Point>
    </Placemark>
    <Placemark>
      <name>Vermelho</name>
      <styleUrl>#style_Vermelho</styleUrl>
      <Point>
        <coordinates>17.0398210000,-9.5648960000,0</coordinates>
      </Point>
    </Placemark>
    <Placemark>
      <name>Vermelho</name>
      <styleUrl>#style_Vermelho</styleUrl>
      <Point>
        <coordinates>17.0399620000,-9.5650100000,0</coordinates>
      </Point>
    </Placemark>
    <Placemark>
      <name>Vermelho</name>
      <styleUrl>#style_Vermelho</styleUrl>
      <Point>
        <coordinates>17.0401040000,-9.5651230000,0</coordinates>
      </Point>
    </Placemark>
    <Placemark>
      <name>Vermelho</name>
      <styleUrl>#style_Vermelho</styleUrl>
      <Point>
        <coordinates>17.0402450000,-9.5652370000,0</coordinates>
      </Point>
    </Placemark>
    <Placemark>
      <name>Vermelho</name>
      <styleUrl>#style_Vermelho</styleUrl>
      <Point>
        <coordinates>17.0403870000,-9.5653510000,0</coordinates>
      </Point>
    </Placemark>
    <Placemark>
      <name>Vermelho</name>
      <styleUrl>#style_Vermelho</styleUrl>
      <Point>
        <coordinates>17.0405290000,-9.5654650000,0</coordinates>
      </Point>
    </Placemark>
    <Placemark>
      <name>Vermelho</name>
      <styleUrl>#style_Vermelho</styleUrl>
      <Point>
        <coordinates>17.0406700000,-9.5655780000,0</coordinates>
      </Point>
    </Placemark>
    <Placemark>
      <name>Vermelho</name>
      <styleUrl>#style_Vermelho</styleUrl>
      <Point>
        <coordinates>17.0408120000,-9.5656920000,0</coordinates>
      </Point>
    </Placemark>
    <Placemark>
      <name>Vermelho</name>
      <styleUrl>#style_Vermelho</styleUrl>
      <Point>
        <coordinates>17.0409540000,-9.5658060000,0</coordinates>
      </Point>
    </Placemark>
    <Placemark>
      <name>Vermelho</name>
      <styleUrl>#style_Vermelho</styleUrl>
      <Point>
        <coordinates>17.0410950000,-9.5659190000,0</coordinates>
      </Point>
    </Placemark>
    <Placemark>
      <name>Vermelho</name>
      <styleUrl>#style_Vermelho</styleUrl>
      <Point>
        <coordinates>17.0412370000,-9.5660330000,0</coordinates>
      </Point>
    </Placemark>
    <Placemark>
      <name>Vermelho</name>
      <styleUrl>#style_Vermelho</styleUrl>
      <Point>
        <coordinates>17.0413780000,-9.5661470000,0</coordinates>
      </Point>
    </Placemark>
    <Placemark>
      <name>Vermelho</name>
      <styleUrl>#style_Vermelho</styleUrl>
      <Point>
        <coordinates>17.0415200000,-9.5662600000,0</coordinates>
      </Point>
    </Placemark>
    <Placemark>
      <name>Vermelho</name>
      <styleUrl>#style_Vermelho</styleUrl>
      <Point>
        <coordinates>17.0416620000,-9.5663740000,0</coordinates>
      </Point>
    </Placemark>
    <Placemark>
      <name>Vermelho</name>
      <styleUrl>#style_Vermelho</styleUrl>
      <Point>
        <coordinates>17.0418030000,-9.5664880000,0</coordinates>
      </Point>
    </Placemark>
    <Placemark>
      <name>Vermelho</name>
      <styleUrl>#style_Vermelho</styleUrl>
      <Point>
        <coordinates>17.0419450000,-9.5666010000,0</coordinates>
      </Point>
    </Placemark>
    <Placemark>
      <name>Vermelho</name>
      <styleUrl>#style_Vermelho</styleUrl>
      <Point>
        <coordinates>17.0420860000,-9.5667150000,0</coordinates>
      </Point>
    </Placemark>
    <Placemark>
      <name>Vermelho</name>
      <styleUrl>#style_Vermelho</styleUrl>
      <Point>
        <coordinates>17.0422280000,-9.5668290000,0</coordinates>
      </Point>
    </Placemark>
    <Placemark>
      <name>Vermelho</name>
      <styleUrl>#style_Vermelho</styleUrl>
      <Point>
        <coordinates>17.0423670000,-9.5669450000,0</coordinates>
      </Point>
    </Placemark>
    <Placemark>
      <name>Vermelho</name>
      <styleUrl>#style_Vermelho</styleUrl>
      <Point>
        <coordinates>17.0425060000,-9.5670620000,0</coordinates>
      </Point>
    </Placemark>
    <Placemark>
      <name>Vermelho</name>
      <styleUrl>#style_Vermelho</styleUrl>
      <Point>
        <coordinates>17.0426450000,-9.5671790000,0</coordinates>
      </Point>
    </Placemark>
    <Placemark>
      <name>Vermelho</name>
      <styleUrl>#style_Vermelho</styleUrl>
      <Point>
        <coordinates>17.0427840000,-9.5672960000,0</coordinates>
      </Point>
    </Placemark>
    <Placemark>
      <name>Vermelho</name>
      <styleUrl>#style_Vermelho</styleUrl>
      <Point>
        <coordinates>17.0429260000,-9.5674070000,0</coordinates>
      </Point>
    </Placemark>
    <Placemark>
      <name>Vermelho</name>
      <styleUrl>#style_Vermelho</styleUrl>
      <Point>
        <coordinates>17.0430720000,-9.5675150000,0</coordinates>
      </Point>
    </Placemark>
    <Placemark>
      <name>Vermelho</name>
      <styleUrl>#style_Vermelho</styleUrl>
      <Point>
        <coordinates>17.0432180000,-9.5676220000,0</coordinates>
      </Point>
    </Placemark>
    <Placemark>
      <name>Vermelho</name>
      <styleUrl>#style_Vermelho</styleUrl>
      <Point>
        <coordinates>17.0433770000,-9.5677080000,0</coordinates>
      </Point>
    </Placemark>
    <Placemark>
      <name>Vermelho</name>
      <styleUrl>#style_Vermelho</styleUrl>
      <Point>
        <coordinates>17.0435480000,-9.5677710000,0</coordinates>
      </Point>
    </Placemark>
    <Placemark>
      <name>Vermelho</name>
      <styleUrl>#style_Vermelho</styleUrl>
      <Point>
        <coordinates>17.0437190000,-9.5678340000,0</coordinates>
      </Point>
    </Placemark>
    <Placemark>
      <name>Vermelho</name>
      <styleUrl>#style_Vermelho</styleUrl>
      <Point>
        <coordinates>17.0438930000,-9.5678840000,0</coordinates>
      </Point>
    </Placemark>
    <Placemark>
      <name>Vermelho</name>
      <styleUrl>#style_Vermelho</styleUrl>
      <Point>
        <coordinates>17.0440700000,-9.5679280000,0</coordinates>
      </Point>
    </Placemark>
    <Placemark>
      <name>Vermelho</name>
      <styleUrl>#style_Vermelho</styleUrl>
      <Point>
        <coordinates>17.0442470000,-9.5679720000,0</coordinates>
      </Point>
    </Placemark>
    <Placemark>
      <name>Vermelho</name>
      <styleUrl>#style_Vermelho</styleUrl>
      <Point>
        <coordinates>17.0444230000,-9.5680160000,0</coordinates>
      </Point>
    </Placemark>
    <Placemark>
      <name>Vermelho</name>
      <styleUrl>#style_Vermelho</styleUrl>
      <Point>
        <coordinates>17.0446000000,-9.5680600000,0</coordinates>
      </Point>
    </Placemark>
    <Placemark>
      <name>Vermelho</name>
      <styleUrl>#style_Vermelho</styleUrl>
      <Point>
        <coordinates>17.0447770000,-9.5681030000,0</coordinates>
      </Point>
    </Placemark>
    <Placemark>
      <name>Vermelho</name>
      <styleUrl>#style_Vermelho</styleUrl>
      <Point>
        <coordinates>17.0449530000,-9.5681470000,0</coordinates>
      </Point>
    </Placemark>
    <Placemark>
      <name>Vermelho</name>
      <styleUrl>#style_Vermelho</styleUrl>
      <Point>
        <coordinates>17.0451300000,-9.5681910000,0</coordinates>
      </Point>
    </Placemark>
    <Placemark>
      <name>Vermelho</name>
      <styleUrl>#style_Vermelho</styleUrl>
      <Point>
        <coordinates>17.0453070000,-9.5682350000,0</coordinates>
      </Point>
    </Placemark>
    <Placemark>
      <name>Vermelho</name>
      <styleUrl>#style_Vermelho</styleUrl>
      <Point>
        <coordinates>17.0454830000,-9.5682790000,0</coordinates>
      </Point>
    </Placemark>
    <Placemark>
      <name>Vermelho</name>
      <styleUrl>#style_Vermelho</styleUrl>
      <Point>
        <coordinates>17.0456600000,-9.5683230000,0</coordinates>
      </Point>
    </Placemark>
    <Placemark>
      <name>Vermelho</name>
      <styleUrl>#style_Vermelho</styleUrl>
      <Point>
        <coordinates>17.0458370000,-9.5683670000,0</coordinates>
      </Point>
    </Placemark>
    <Placemark>
      <name>Vermelho</name>
      <styleUrl>#style_Vermelho</styleUrl>
      <Point>
        <coordinates>17.0460140000,-9.5684100000,0</coordinates>
      </Point>
    </Placemark>
    <Placemark>
      <name>Vermelho</name>
      <styleUrl>#style_Vermelho</styleUrl>
      <Point>
        <coordinates>17.0461900000,-9.5684540000,0</coordinates>
      </Point>
    </Placemark>
    <Placemark>
      <name>Vermelho</name>
      <styleUrl>#style_Vermelho</styleUrl>
      <Point>
        <coordinates>17.0463670000,-9.5684980000,0</coordinates>
      </Point>
    </Placemark>
    <Placemark>
      <name>Vermelho</name>
      <styleUrl>#style_Vermelho</styleUrl>
      <Point>
        <coordinates>17.0465440000,-9.5685420000,0</coordinates>
      </Point>
    </Placemark>
    <Placemark>
      <name>Vermelho</name>
      <styleUrl>#style_Vermelho</styleUrl>
      <Point>
        <coordinates>17.0467200000,-9.5685860000,0</coordinates>
      </Point>
    </Placemark>
    <Placemark>
      <name>Vermelho</name>
      <styleUrl>#style_Vermelho</styleUrl>
      <Point>
        <coordinates>17.0468970000,-9.5686300000,0</coordinates>
      </Point>
    </Placemark>
    <Placemark>
      <name>Vermelho</name>
      <styleUrl>#style_Vermelho</styleUrl>
      <Point>
        <coordinates>17.0470740000,-9.5686740000,0</coordinates>
      </Point>
    </Placemark>
    <Placemark>
      <name>Vermelho</name>
      <styleUrl>#style_Vermelho</styleUrl>
      <Point>
        <coordinates>17.0472500000,-9.5687180000,0</coordinates>
      </Point>
    </Placemark>
    <Placemark>
      <name>Vermelho</name>
      <styleUrl>#style_Vermelho</styleUrl>
      <Point>
        <coordinates>17.0474270000,-9.5687610000,0</coordinates>
      </Point>
    </Placemark>
    <Placemark>
      <name>Vermelho</name>
      <styleUrl>#style_Vermelho</styleUrl>
      <Point>
        <coordinates>17.0476040000,-9.5688050000,0</coordinates>
      </Point>
    </Placemark>
    <Placemark>
      <name>Vermelho</name>
      <styleUrl>#style_Vermelho</styleUrl>
      <Point>
        <coordinates>17.0477800000,-9.5688490000,0</coordinates>
      </Point>
    </Placemark>
    <Placemark>
      <name>Vermelho</name>
      <styleUrl>#style_Vermelho</styleUrl>
      <Point>
        <coordinates>17.0479570000,-9.5688930000,0</coordinates>
      </Point>
    </Placemark>
    <Placemark>
      <name>Vermelho</name>
      <styleUrl>#style_Vermelho</styleUrl>
      <Point>
        <coordinates>17.0481340000,-9.5689370000,0</coordinates>
      </Point>
    </Placemark>
    <Placemark>
      <name>Vermelho</name>
      <styleUrl>#style_Vermelho</styleUrl>
      <Point>
        <coordinates>17.0483110000,-9.5689810000,0</coordinates>
      </Point>
    </Placemark>
    <Placemark>
      <name>Vermelho</name>
      <styleUrl>#style_Vermelho</styleUrl>
      <Point>
        <coordinates>17.0484870000,-9.5690250000,0</coordinates>
      </Point>
    </Placemark>
    <Placemark>
      <name>Vermelho</name>
      <styleUrl>#style_Vermelho</styleUrl>
      <Point>
        <coordinates>17.0486640000,-9.5690680000,0</coordinates>
      </Point>
    </Placemark>
    <Placemark>
      <name>Vermelho</name>
      <styleUrl>#style_Vermelho</styleUrl>
      <Point>
        <coordinates>17.0488410000,-9.5691120000,0</coordinates>
      </Point>
    </Placemark>
    <Placemark>
      <name>Vermelho</name>
      <styleUrl>#style_Vermelho</styleUrl>
      <Point>
        <coordinates>17.0490170000,-9.5691560000,0</coordinates>
      </Point>
    </Placemark>
    <Placemark>
      <name>Vermelho</name>
      <styleUrl>#style_Vermelho</styleUrl>
      <Point>
        <coordinates>17.0491940000,-9.5692000000,0</coordinates>
      </Point>
    </Placemark>
    <Placemark>
      <name>Vermelho</name>
      <styleUrl>#style_Vermelho</styleUrl>
      <Point>
        <coordinates>17.0493710000,-9.5692440000,0</coordinates>
      </Point>
    </Placemark>
    <Placemark>
      <name>Vermelho</name>
      <styleUrl>#style_Vermelho</styleUrl>
      <Point>
        <coordinates>17.0495480000,-9.5692880000,0</coordinates>
      </Point>
    </Placemark>
    <Placemark>
      <name>Vermelho</name>
      <styleUrl>#style_Vermelho</styleUrl>
      <Point>
        <coordinates>17.0497240000,-9.5693320000,0</coordinates>
      </Point>
    </Placemark>
    <Placemark>
      <name>Vermelho</name>
      <styleUrl>#style_Vermelho</styleUrl>
      <Point>
        <coordinates>17.0499010000,-9.5693750000,0</coordinates>
      </Point>
    </Placemark>
    <Placemark>
      <name>Vermelho</name>
      <styleUrl>#style_Vermelho</styleUrl>
      <Point>
        <coordinates>17.0500780000,-9.5694190000,0</coordinates>
      </Point>
    </Placemark>
    <Placemark>
      <name>Vermelho</name>
      <styleUrl>#style_Vermelho</styleUrl>
      <Point>
        <coordinates>17.0502540000,-9.5694630000,0</coordinates>
      </Point>
    </Placemark>
    <Placemark>
      <name>Vermelho</name>
      <styleUrl>#style_Vermelho</styleUrl>
      <Point>
        <coordinates>17.0504310000,-9.5695070000,0</coordinates>
      </Point>
    </Placemark>
    <Placemark>
      <name>Vermelho</name>
      <styleUrl>#style_Vermelho</styleUrl>
      <Point>
        <coordinates>17.0506080000,-9.5695510000,0</coordinates>
      </Point>
    </Placemark>
    <Placemark>
      <name>Vermelho</name>
      <styleUrl>#style_Vermelho</styleUrl>
      <Point>
        <coordinates>17.0507840000,-9.5695950000,0</coordinates>
      </Point>
    </Placemark>
    <Placemark>
      <name>Vermelho</name>
      <styleUrl>#style_Vermelho</styleUrl>
      <Point>
        <coordinates>17.0509610000,-9.5696380000,0</coordinates>
      </Point>
    </Placemark>
    <Placemark>
      <name>Vermelho</name>
      <styleUrl>#style_Vermelho</styleUrl>
      <Point>
        <coordinates>17.0511380000,-9.5696820000,0</coordinates>
      </Point>
    </Placemark>
    <Placemark>
      <name>Vermelho</name>
      <styleUrl>#style_Vermelho</styleUrl>
      <Point>
        <coordinates>17.0513140000,-9.5697260000,0</coordinates>
      </Point>
    </Placemark>
    <Placemark>
      <name>Vermelho</name>
      <styleUrl>#style_Vermelho</styleUrl>
      <Point>
        <coordinates>17.0514910000,-9.5697700000,0</coordinates>
      </Point>
    </Placemark>
    <Placemark>
      <name>Vermelho</name>
      <styleUrl>#style_Vermelho</styleUrl>
      <Point>
        <coordinates>17.0516680000,-9.5698130000,0</coordinates>
      </Point>
    </Placemark>
    <Placemark>
      <name>Vermelho</name>
      <styleUrl>#style_Vermelho</styleUrl>
      <Point>
        <coordinates>17.0518450000,-9.5698560000,0</coordinates>
      </Point>
    </Placemark>
    <Placemark>
      <name>Vermelho</name>
      <styleUrl>#style_Vermelho</styleUrl>
      <Point>
        <coordinates>17.0520220000,-9.5699000000,0</coordinates>
      </Point>
    </Placemark>
    <Placemark>
      <name>Vermelho</name>
      <styleUrl>#style_Vermelho</styleUrl>
      <Point>
        <coordinates>17.0521990000,-9.5699430000,0</coordinates>
      </Point>
    </Placemark>
    <Placemark>
      <name>Vermelho</name>
      <styleUrl>#style_Vermelho</styleUrl>
      <Point>
        <coordinates>17.0523750000,-9.5699870000,0</coordinates>
      </Point>
    </Placemark>
    <Placemark>
      <name>Vermelho</name>
      <styleUrl>#style_Vermelho</styleUrl>
      <Point>
        <coordinates>17.0525520000,-9.5700300000,0</coordinates>
      </Point>
    </Placemark>
    <Placemark>
      <name>Vermelho</name>
      <styleUrl>#style_Vermelho</styleUrl>
      <Point>
        <coordinates>17.0527290000,-9.5700730000,0</coordinates>
      </Point>
    </Placemark>
    <Placemark>
      <name>Vermelho</name>
      <styleUrl>#style_Vermelho</styleUrl>
      <Point>
        <coordinates>17.0529060000,-9.5701170000,0</coordinates>
      </Point>
    </Placemark>
    <Placemark>
      <name>Vermelho</name>
      <styleUrl>#style_Vermelho</styleUrl>
      <Point>
        <coordinates>17.0530830000,-9.5701600000,0</coordinates>
      </Point>
    </Placemark>
    <Placemark>
      <name>Vermelho</name>
      <styleUrl>#style_Vermelho</styleUrl>
      <Point>
        <coordinates>17.0532590000,-9.5702040000,0</coordinates>
      </Point>
    </Placemark>
    <Placemark>
      <name>Vermelho</name>
      <styleUrl>#style_Vermelho</styleUrl>
      <Point>
        <coordinates>17.0534370000,-9.5702450000,0</coordinates>
      </Point>
    </Placemark>
    <Placemark>
      <name>Vermelho</name>
      <styleUrl>#style_Vermelho</styleUrl>
      <Point>
        <coordinates>17.0536140000,-9.5702870000,0</coordinates>
      </Point>
    </Placemark>
    <Placemark>
      <name>Vermelho</name>
      <styleUrl>#style_Vermelho</styleUrl>
      <Point>
        <coordinates>17.0537910000,-9.5703290000,0</coordinates>
      </Point>
    </Placemark>
    <Placemark>
      <name>Vermelho</name>
      <styleUrl>#style_Vermelho</styleUrl>
      <Point>
        <coordinates>17.0539680000,-9.5703710000,0</coordinates>
      </Point>
    </Placemark>
    <Placemark>
      <name>Vermelho</name>
      <styleUrl>#style_Vermelho</styleUrl>
      <Point>
        <coordinates>17.0541460000,-9.5704100000,0</coordinates>
      </Point>
    </Placemark>
    <Placemark>
      <name>Vermelho</name>
      <styleUrl>#style_Vermelho</styleUrl>
      <Point>
        <coordinates>17.0543250000,-9.5704410000,0</coordinates>
      </Point>
    </Placemark>
    <Placemark>
      <name>Vermelho</name>
      <styleUrl>#style_Vermelho</styleUrl>
      <Point>
        <coordinates>17.0545050000,-9.5704720000,0</coordinates>
      </Point>
    </Placemark>
    <Placemark>
      <name>Vermelho</name>
      <styleUrl>#style_Vermelho</styleUrl>
      <Point>
        <coordinates>17.0546860000,-9.5704910000,0</coordinates>
      </Point>
    </Placemark>
    <Placemark>
      <name>Vermelho</name>
      <styleUrl>#style_Vermelho</styleUrl>
      <Point>
        <coordinates>17.0548670000,-9.5705060000,0</coordinates>
      </Point>
    </Placemark>
    <Placemark>
      <name>Vermelho</name>
      <styleUrl>#style_Vermelho</styleUrl>
      <Point>
        <coordinates>17.0550490000,-9.5705130000,0</coordinates>
      </Point>
    </Placemark>
    <Placemark>
      <name>Vermelho</name>
      <styleUrl>#style_Vermelho</styleUrl>
      <Point>
        <coordinates>17.0552310000,-9.5705080000,0</coordinates>
      </Point>
    </Placemark>
    <Placemark>
      <name>Vermelho</name>
      <styleUrl>#style_Vermelho</styleUrl>
      <Point>
        <coordinates>17.0554130000,-9.5705020000,0</coordinates>
      </Point>
    </Placemark>
    <Placemark>
      <name>Vermelho</name>
      <styleUrl>#style_Vermelho</styleUrl>
      <Point>
        <coordinates>17.0555950000,-9.5704880000,0</coordinates>
      </Point>
    </Placemark>
    <Placemark>
      <name>Vermelho</name>
      <styleUrl>#style_Vermelho</styleUrl>
      <Point>
        <coordinates>17.0557760000,-9.5704710000,0</coordinates>
      </Point>
    </Placemark>
    <Placemark>
      <name>Vermelho</name>
      <styleUrl>#style_Vermelho</styleUrl>
      <Point>
        <coordinates>17.0559570000,-9.5704530000,0</coordinates>
      </Point>
    </Placemark>
    <Placemark>
      <name>Vermelho</name>
      <styleUrl>#style_Vermelho</styleUrl>
      <Point>
        <coordinates>17.0561380000,-9.5704340000,0</coordinates>
      </Point>
    </Placemark>
    <Placemark>
      <name>Vermelho</name>
      <styleUrl>#style_Vermelho</styleUrl>
      <Point>
        <coordinates>17.0563190000,-9.5704110000,0</coordinates>
      </Point>
    </Placemark>
    <Placemark>
      <name>Vermelho</name>
      <styleUrl>#style_Vermelho</styleUrl>
      <Point>
        <coordinates>17.0565000000,-9.5703890000,0</coordinates>
      </Point>
    </Placemark>
    <Placemark>
      <name>Vermelho</name>
      <styleUrl>#style_Vermelho</styleUrl>
      <Point>
        <coordinates>17.0566810000,-9.5703670000,0</coordinates>
      </Point>
    </Placemark>
    <Placemark>
      <name>Vermelho</name>
      <styleUrl>#style_Vermelho</styleUrl>
      <Point>
        <coordinates>17.0568610000,-9.5703440000,0</coordinates>
      </Point>
    </Placemark>
    <Placemark>
      <name>Vermelho</name>
      <styleUrl>#style_Vermelho</styleUrl>
      <Point>
        <coordinates>17.0570420000,-9.5703220000,0</coordinates>
      </Point>
    </Placemark>
    <Placemark>
      <name>Vermelho</name>
      <styleUrl>#style_Vermelho</styleUrl>
      <Point>
        <coordinates>17.0572230000,-9.5703000000,0</coordinates>
      </Point>
    </Placemark>
    <Placemark>
      <name>Vermelho</name>
      <styleUrl>#style_Vermelho</styleUrl>
      <Point>
        <coordinates>17.0574040000,-9.5702770000,0</coordinates>
      </Point>
    </Placemark>
    <Placemark>
      <name>Vermelho</name>
      <styleUrl>#style_Vermelho</styleUrl>
      <Point>
        <coordinates>17.0575840000,-9.5702550000,0</coordinates>
      </Point>
    </Placemark>
    <Placemark>
      <name>Vermelho</name>
      <styleUrl>#style_Vermelho</styleUrl>
      <Point>
        <coordinates>17.0577650000,-9.5702330000,0</coordinates>
      </Point>
    </Placemark>
    <Placemark>
      <name>Vermelho</name>
      <styleUrl>#style_Vermelho</styleUrl>
      <Point>
        <coordinates>17.0579460000,-9.5702110000,0</coordinates>
      </Point>
    </Placemark>
    <Placemark>
      <name>Vermelho</name>
      <styleUrl>#style_Vermelho</styleUrl>
      <Point>
        <coordinates>17.0581270000,-9.5701880000,0</coordinates>
      </Point>
    </Placemark>
    <Placemark>
      <name>Vermelho</name>
      <styleUrl>#style_Vermelho</styleUrl>
      <Point>
        <coordinates>17.0583070000,-9.5701660000,0</coordinates>
      </Point>
    </Placemark>
    <Placemark>
      <name>Vermelho</name>
      <styleUrl>#style_Vermelho</styleUrl>
      <Point>
        <coordinates>17.0584880000,-9.5701440000,0</coordinates>
      </Point>
    </Placemark>
    <Placemark>
      <name>Vermelho</name>
      <styleUrl>#style_Vermelho</styleUrl>
      <Point>
        <coordinates>17.0586690000,-9.5701220000,0</coordinates>
      </Point>
    </Placemark>
    <Placemark>
      <name>Vermelho</name>
      <styleUrl>#style_Vermelho</styleUrl>
      <Point>
        <coordinates>17.0588500000,-9.5701000000,0</coordinates>
      </Point>
    </Placemark>
    <Placemark>
      <name>Vermelho</name>
      <styleUrl>#style_Vermelho</styleUrl>
      <Point>
        <coordinates>17.0590300000,-9.5700780000,0</coordinates>
      </Point>
    </Placemark>
    <Placemark>
      <name>Vermelho</name>
      <styleUrl>#style_Vermelho</styleUrl>
      <Point>
        <coordinates>17.0592110000,-9.5700560000,0</coordinates>
      </Point>
    </Placemark>
    <Placemark>
      <name>Vermelho</name>
      <styleUrl>#style_Vermelho</styleUrl>
      <Point>
        <coordinates>17.0593920000,-9.5700340000,0</coordinates>
      </Point>
    </Placemark>
    <Placemark>
      <name>Vermelho</name>
      <styleUrl>#style_Vermelho</styleUrl>
      <Point>
        <coordinates>17.0595730000,-9.5700120000,0</coordinates>
      </Point>
    </Placemark>
    <Placemark>
      <name>Vermelho</name>
      <styleUrl>#style_Vermelho</styleUrl>
      <Point>
        <coordinates>17.0597540000,-9.5699900000,0</coordinates>
      </Point>
    </Placemark>
    <Placemark>
      <name>Vermelho</name>
      <styleUrl>#style_Vermelho</styleUrl>
      <Point>
        <coordinates>17.0599340000,-9.5699680000,0</coordinates>
      </Point>
    </Placemark>
    <Placemark>
      <name>Vermelho</name>
      <styleUrl>#style_Vermelho</styleUrl>
      <Point>
        <coordinates>17.0601150000,-9.5699460000,0</coordinates>
      </Point>
    </Placemark>
    <Placemark>
      <name>Vermelho</name>
      <styleUrl>#style_Vermelho</styleUrl>
      <Point>
        <coordinates>17.0602960000,-9.5699240000,0</coordinates>
      </Point>
    </Placemark>
    <Placemark>
      <name>Vermelho</name>
      <styleUrl>#style_Vermelho</styleUrl>
      <Point>
        <coordinates>17.0604770000,-9.5699010000,0</coordinates>
      </Point>
    </Placemark>
    <Placemark>
      <name>Vermelho</name>
      <styleUrl>#style_Vermelho</styleUrl>
      <Point>
        <coordinates>17.0606570000,-9.5698790000,0</coordinates>
      </Point>
    </Placemark>
    <Placemark>
      <name>Vermelho</name>
      <styleUrl>#style_Vermelho</styleUrl>
      <Point>
        <coordinates>17.0608380000,-9.5698570000,0</coordinates>
      </Point>
    </Placemark>
    <Placemark>
      <name>Vermelho</name>
      <styleUrl>#style_Vermelho</styleUrl>
      <Point>
        <coordinates>17.0610190000,-9.5698360000,0</coordinates>
      </Point>
    </Placemark>
    <Placemark>
      <name>Vermelho</name>
      <styleUrl>#style_Vermelho</styleUrl>
      <Point>
        <coordinates>17.0612000000,-9.5698150000,0</coordinates>
      </Point>
    </Placemark>
    <Placemark>
      <name>Vermelho</name>
      <styleUrl>#style_Vermelho</styleUrl>
      <Point>
        <coordinates>17.0613810000,-9.5697940000,0</coordinates>
      </Point>
    </Placemark>
    <Placemark>
      <name>Vermelho</name>
      <styleUrl>#style_Vermelho</styleUrl>
      <Point>
        <coordinates>17.0615620000,-9.5697790000,0</coordinates>
      </Point>
    </Placemark>
    <Placemark>
      <name>Vermelho</name>
      <styleUrl>#style_Vermelho</styleUrl>
      <Point>
        <coordinates>17.0617440000,-9.5697700000,0</coordinates>
      </Point>
    </Placemark>
    <Placemark>
      <name>Vermelho</name>
      <styleUrl>#style_Vermelho</styleUrl>
      <Point>
        <coordinates>17.0619260000,-9.5697670000,0</coordinates>
      </Point>
    </Placemark>
    <Placemark>
      <name>Vermelho</name>
      <styleUrl>#style_Vermelho</styleUrl>
      <Point>
        <coordinates>17.0621080000,-9.5697740000,0</coordinates>
      </Point>
    </Placemark>
    <Placemark>
      <name>Vermelho</name>
      <styleUrl>#style_Vermelho</styleUrl>
      <Point>
        <coordinates>17.0622900000,-9.5697890000,0</coordinates>
      </Point>
    </Placemark>
    <Placemark>
      <name>Vermelho</name>
      <styleUrl>#style_Vermelho</styleUrl>
      <Point>
        <coordinates>17.0624700000,-9.5698110000,0</coordinates>
      </Point>
    </Placemark>
    <Placemark>
      <name>Vermelho</name>
      <styleUrl>#style_Vermelho</styleUrl>
      <Point>
        <coordinates>17.0626490000,-9.5698470000,0</coordinates>
      </Point>
    </Placemark>
    <Placemark>
      <name>Vermelho</name>
      <styleUrl>#style_Vermelho</styleUrl>
      <Point>
        <coordinates>17.0628270000,-9.5698870000,0</coordinates>
      </Point>
    </Placemark>
    <Placemark>
      <name>Vermelho</name>
      <styleUrl>#style_Vermelho</styleUrl>
      <Point>
        <coordinates>17.0630030000,-9.5699330000,0</coordinates>
      </Point>
    </Placemark>
    <Placemark>
      <name>Vermelho</name>
      <styleUrl>#style_Vermelho</styleUrl>
      <Point>
        <coordinates>17.0631760000,-9.5699900000,0</coordinates>
      </Point>
    </Placemark>
    <Placemark>
      <name>Vermelho</name>
      <styleUrl>#style_Vermelho</styleUrl>
      <Point>
        <coordinates>17.0633460000,-9.5700520000,0</coordinates>
      </Point>
    </Placemark>
    <Placemark>
      <name>Vermelho</name>
      <styleUrl>#style_Vermelho</styleUrl>
      <Point>
        <coordinates>17.0635150000,-9.5701190000,0</coordinates>
      </Point>
    </Placemark>
    <Placemark>
      <name>Vermelho</name>
      <styleUrl>#style_Vermelho</styleUrl>
      <Point>
        <coordinates>17.0636840000,-9.5701870000,0</coordinates>
      </Point>
    </Placemark>
    <Placemark>
      <name>Vermelho</name>
      <styleUrl>#style_Vermelho</styleUrl>
      <Point>
        <coordinates>17.0638530000,-9.5702540000,0</coordinates>
      </Point>
    </Placemark>
    <Placemark>
      <name>Vermelho</name>
      <styleUrl>#style_Vermelho</styleUrl>
      <Point>
        <coordinates>17.0640230000,-9.5703210000,0</coordinates>
      </Point>
    </Placemark>
    <Placemark>
      <name>Vermelho</name>
      <styleUrl>#style_Vermelho</styleUrl>
      <Point>
        <coordinates>17.0641920000,-9.5703880000,0</coordinates>
      </Point>
    </Placemark>
    <Placemark>
      <name>Vermelho</name>
      <styleUrl>#style_Vermelho</styleUrl>
      <Point>
        <coordinates>17.0643610000,-9.5704550000,0</coordinates>
      </Point>
    </Placemark>
    <Placemark>
      <name>Vermelho</name>
      <styleUrl>#style_Vermelho</styleUrl>
      <Point>
        <coordinates>17.0645300000,-9.5705230000,0</coordinates>
      </Point>
    </Placemark>
    <Placemark>
      <name>Vermelho</name>
      <styleUrl>#style_Vermelho</styleUrl>
      <Point>
        <coordinates>17.0646990000,-9.5705900000,0</coordinates>
      </Point>
    </Placemark>
    <Placemark>
      <name>Vermelho</name>
      <styleUrl>#style_Vermelho</styleUrl>
      <Point>
        <coordinates>17.0648680000,-9.5706570000,0</coordinates>
      </Point>
    </Placemark>
    <Placemark>
      <name>Vermelho</name>
      <styleUrl>#style_Vermelho</styleUrl>
      <Point>
        <coordinates>17.0650370000,-9.5707240000,0</coordinates>
      </Point>
    </Placemark>
    <Placemark>
      <name>Vermelho</name>
      <styleUrl>#style_Vermelho</styleUrl>
      <Point>
        <coordinates>17.0652060000,-9.5707910000,0</coordinates>
      </Point>
    </Placemark>
    <Placemark>
      <name>Vermelho</name>
      <styleUrl>#style_Vermelho</styleUrl>
      <Point>
        <coordinates>17.0653750000,-9.5708580000,0</coordinates>
      </Point>
    </Placemark>
    <Placemark>
      <name>Vermelho</name>
      <styleUrl>#style_Vermelho</styleUrl>
      <Point>
        <coordinates>17.0655450000,-9.5709260000,0</coordinates>
      </Point>
    </Placemark>
    <Placemark>
      <name>Vermelho</name>
      <styleUrl>#style_Vermelho</styleUrl>
      <Point>
        <coordinates>17.0657140000,-9.5709930000,0</coordinates>
      </Point>
    </Placemark>
    <Placemark>
      <name>Vermelho</name>
      <styleUrl>#style_Vermelho</styleUrl>
      <Point>
        <coordinates>17.0658830000,-9.5710600000,0</coordinates>
      </Point>
    </Placemark>
    <Placemark>
      <name>Vermelho</name>
      <styleUrl>#style_Vermelho</styleUrl>
      <Point>
        <coordinates>17.0660520000,-9.5711270000,0</coordinates>
      </Point>
    </Placemark>
    <Placemark>
      <name>Vermelho</name>
      <styleUrl>#style_Vermelho</styleUrl>
      <Point>
        <coordinates>17.0662210000,-9.5711950000,0</coordinates>
      </Point>
    </Placemark>
    <Placemark>
      <name>Vermelho</name>
      <styleUrl>#style_Vermelho</styleUrl>
      <Point>
        <coordinates>17.0663890000,-9.5712630000,0</coordinates>
      </Point>
    </Placemark>
    <Placemark>
      <name>Vermelho</name>
      <styleUrl>#style_Vermelho</styleUrl>
      <Point>
        <coordinates>17.0665580000,-9.5713310000,0</coordinates>
      </Point>
    </Placemark>
    <Placemark>
      <name>Vermelho</name>
      <styleUrl>#style_Vermelho</styleUrl>
      <Point>
        <coordinates>17.0667270000,-9.5713990000,0</coordinates>
      </Point>
    </Placemark>
    <Placemark>
      <name>Vermelho</name>
      <styleUrl>#style_Vermelho</styleUrl>
      <Point>
        <coordinates>17.0668960000,-9.5714670000,0</coordinates>
      </Point>
    </Placemark>
    <Placemark>
      <name>Vermelho</name>
      <styleUrl>#style_Vermelho</styleUrl>
      <Point>
        <coordinates>17.0670650000,-9.5715350000,0</coordinates>
      </Point>
    </Placemark>
    <Placemark>
      <name>Vermelho</name>
      <styleUrl>#style_Vermelho</styleUrl>
      <Point>
        <coordinates>17.0672330000,-9.5716030000,0</coordinates>
      </Point>
    </Placemark>
    <Placemark>
      <name>Vermelho</name>
      <styleUrl>#style_Vermelho</styleUrl>
      <Point>
        <coordinates>17.0674030000,-9.5716680000,0</coordinates>
      </Point>
    </Placemark>
    <Placemark>
      <name>Vermelho</name>
      <styleUrl>#style_Vermelho</styleUrl>
      <Point>
        <coordinates>17.0675730000,-9.5717340000,0</coordinates>
      </Point>
    </Placemark>
    <Placemark>
      <name>Vermelho</name>
      <styleUrl>#style_Vermelho</styleUrl>
      <Point>
        <coordinates>17.0677430000,-9.5717990000,0</coordinates>
      </Point>
    </Placemark>
    <Placemark>
      <name>Vermelho</name>
      <styleUrl>#style_Vermelho</styleUrl>
      <Point>
        <coordinates>17.0679120000,-9.5718650000,0</coordinates>
      </Point>
    </Placemark>
    <Placemark>
      <name>Vermelho</name>
      <styleUrl>#style_Vermelho</styleUrl>
      <Point>
        <coordinates>17.0680820000,-9.5719310000,0</coordinates>
      </Point>
    </Placemark>
    <Placemark>
      <name>Vermelho</name>
      <styleUrl>#style_Vermelho</styleUrl>
      <Point>
        <coordinates>17.0682500000,-9.5720000000,0</coordinates>
      </Point>
    </Placemark>
    <Placemark>
      <name>Vermelho</name>
      <styleUrl>#style_Vermelho</styleUrl>
      <Point>
        <coordinates>17.0684190000,-9.5720690000,0</coordinates>
      </Point>
    </Placemark>
    <Placemark>
      <name>Vermelho</name>
      <styleUrl>#style_Vermelho</styleUrl>
      <Point>
        <coordinates>17.0685870000,-9.5721380000,0</coordinates>
      </Point>
    </Placemark>
    <Placemark>
      <name>Vermelho</name>
      <styleUrl>#style_Vermelho</styleUrl>
      <Point>
        <coordinates>17.0687550000,-9.5722070000,0</coordinates>
      </Point>
    </Placemark>
    <Placemark>
      <name>Vermelho</name>
      <styleUrl>#style_Vermelho</styleUrl>
      <Point>
        <coordinates>17.0689240000,-9.5722750000,0</coordinates>
      </Point>
    </Placemark>
    <Placemark>
      <name>Vermelho</name>
      <styleUrl>#style_Vermelho</styleUrl>
      <Point>
        <coordinates>17.0690930000,-9.5723420000,0</coordinates>
      </Point>
    </Placemark>
    <Placemark>
      <name>Vermelho</name>
      <styleUrl>#style_Vermelho</styleUrl>
      <Point>
        <coordinates>17.0692630000,-9.5724080000,0</coordinates>
      </Point>
    </Placemark>
    <Placemark>
      <name>Vermelho</name>
      <styleUrl>#style_Vermelho</styleUrl>
      <Point>
        <coordinates>17.0694320000,-9.5724750000,0</coordinates>
      </Point>
    </Placemark>
    <Placemark>
      <name>Vermelho</name>
      <styleUrl>#style_Vermelho</styleUrl>
      <Point>
        <coordinates>17.0696010000,-9.5725420000,0</coordinates>
      </Point>
    </Placemark>
    <Placemark>
      <name>Vermelho</name>
      <styleUrl>#style_Vermelho</styleUrl>
      <Point>
        <coordinates>17.0697700000,-9.5726090000,0</coordinates>
      </Point>
    </Placemark>
    <Placemark>
      <name>Vermelho</name>
      <styleUrl>#style_Vermelho</styleUrl>
      <Point>
        <coordinates>17.0699400000,-9.5726750000,0</coordinates>
      </Point>
    </Placemark>
    <Placemark>
      <name>Vermelho</name>
      <styleUrl>#style_Vermelho</styleUrl>
      <Point>
        <coordinates>17.0701090000,-9.5727420000,0</coordinates>
      </Point>
    </Placemark>
    <Placemark>
      <name>Vermelho</name>
      <styleUrl>#style_Vermelho</styleUrl>
      <Point>
        <coordinates>17.0702780000,-9.5728090000,0</coordinates>
      </Point>
    </Placemark>
    <Placemark>
      <name>Vermelho</name>
      <styleUrl>#style_Vermelho</styleUrl>
      <Point>
        <coordinates>17.0704470000,-9.5728760000,0</coordinates>
      </Point>
    </Placemark>
    <Placemark>
      <name>Vermelho</name>
      <styleUrl>#style_Vermelho</styleUrl>
      <Point>
        <coordinates>17.0706160000,-9.5729450000,0</coordinates>
      </Point>
    </Placemark>
    <Placemark>
      <name>Vermelho</name>
      <styleUrl>#style_Vermelho</styleUrl>
      <Point>
        <coordinates>17.0707840000,-9.5730130000,0</coordinates>
      </Point>
    </Placemark>
    <Placemark>
      <name>Vermelho</name>
      <styleUrl>#style_Vermelho</styleUrl>
      <Point>
        <coordinates>17.0709530000,-9.5730820000,0</coordinates>
      </Point>
    </Placemark>
    <Placemark>
      <name>Vermelho</name>
      <styleUrl>#style_Vermelho</styleUrl>
      <Point>
        <coordinates>17.0711210000,-9.5731510000,0</coordinates>
      </Point>
    </Placemark>
    <Placemark>
      <name>Vermelho</name>
      <styleUrl>#style_Vermelho</styleUrl>
      <Point>
        <coordinates>17.0712900000,-9.5732190000,0</coordinates>
      </Point>
    </Placemark>
    <Placemark>
      <name>Vermelho</name>
      <styleUrl>#style_Vermelho</styleUrl>
      <Point>
        <coordinates>17.0714580000,-9.5732880000,0</coordinates>
      </Point>
    </Placemark>
    <Placemark>
      <name>Vermelho</name>
      <styleUrl>#style_Vermelho</styleUrl>
      <Point>
        <coordinates>17.0716270000,-9.5733570000,0</coordinates>
      </Point>
    </Placemark>
    <Placemark>
      <name>Vermelho</name>
      <styleUrl>#style_Vermelho</styleUrl>
      <Point>
        <coordinates>17.0717950000,-9.5734260000,0</coordinates>
      </Point>
    </Placemark>
    <Placemark>
      <name>Vermelho</name>
      <styleUrl>#style_Vermelho</styleUrl>
      <Point>
        <coordinates>17.0719640000,-9.5734940000,0</coordinates>
      </Point>
    </Placemark>
    <Placemark>
      <name>Vermelho</name>
      <styleUrl>#style_Vermelho</styleUrl>
      <Point>
        <coordinates>17.0721320000,-9.5735630000,0</coordinates>
      </Point>
    </Placemark>
    <Placemark>
      <name>Vermelho</name>
      <styleUrl>#style_Vermelho</styleUrl>
      <Point>
        <coordinates>17.0723010000,-9.5736320000,0</coordinates>
      </Point>
    </Placemark>
    <Placemark>
      <name>Vermelho</name>
      <styleUrl>#style_Vermelho</styleUrl>
      <Point>
        <coordinates>17.0724690000,-9.5737000000,0</coordinates>
      </Point>
    </Placemark>
    <Placemark>
      <name>Vermelho</name>
      <styleUrl>#style_Vermelho</styleUrl>
      <Point>
        <coordinates>17.0726380000,-9.5737690000,0</coordinates>
      </Point>
    </Placemark>
    <Placemark>
      <name>Vermelho</name>
      <styleUrl>#style_Vermelho</styleUrl>
      <Point>
        <coordinates>17.0728060000,-9.5738380000,0</coordinates>
      </Point>
    </Placemark>
    <Placemark>
      <name>Vermelho</name>
      <styleUrl>#style_Vermelho</styleUrl>
      <Point>
        <coordinates>17.0729750000,-9.5739060000,0</coordinates>
      </Point>
    </Placemark>
    <Placemark>
      <name>Vermelho</name>
      <styleUrl>#style_Vermelho</styleUrl>
      <Point>
        <coordinates>17.0731430000,-9.5739750000,0</coordinates>
      </Point>
    </Placemark>
    <Placemark>
      <name>Vermelho</name>
      <styleUrl>#style_Vermelho</styleUrl>
      <Point>
        <coordinates>17.0733120000,-9.5740430000,0</coordinates>
      </Point>
    </Placemark>
    <Placemark>
      <name>Vermelho</name>
      <styleUrl>#style_Vermelho</styleUrl>
      <Point>
        <coordinates>17.0734800000,-9.5741120000,0</coordinates>
      </Point>
    </Placemark>
    <Placemark>
      <name>Vermelho</name>
      <styleUrl>#style_Vermelho</styleUrl>
      <Point>
        <coordinates>17.0736490000,-9.5741800000,0</coordinates>
      </Point>
    </Placemark>
    <Placemark>
      <name>Vermelho</name>
      <styleUrl>#style_Vermelho</styleUrl>
      <Point>
        <coordinates>17.0738170000,-9.5742490000,0</coordinates>
      </Point>
    </Placemark>
    <Placemark>
      <name>Vermelho</name>
      <styleUrl>#style_Vermelho</styleUrl>
      <Point>
        <coordinates>17.0739860000,-9.5743170000,0</coordinates>
      </Point>
    </Placemark>
    <Placemark>
      <name>Vermelho</name>
      <styleUrl>#style_Vermelho</styleUrl>
      <Point>
        <coordinates>17.0741550000,-9.5743850000,0</coordinates>
      </Point>
    </Placemark>
    <Placemark>
      <name>Vermelho</name>
      <styleUrl>#style_Vermelho</styleUrl>
      <Point>
        <coordinates>17.0743230000,-9.5744540000,0</coordinates>
      </Point>
    </Placemark>
    <Placemark>
      <name>Vermelho</name>
      <styleUrl>#style_Vermelho</styleUrl>
      <Point>
        <coordinates>17.0744920000,-9.5745220000,0</coordinates>
      </Point>
    </Placemark>
    <Placemark>
      <name>Vermelho</name>
      <styleUrl>#style_Vermelho</styleUrl>
      <Point>
        <coordinates>17.0746600000,-9.5745910000,0</coordinates>
      </Point>
    </Placemark>
    <Placemark>
      <name>Vermelho</name>
      <styleUrl>#style_Vermelho</styleUrl>
      <Point>
        <coordinates>17.0748290000,-9.5746590000,0</coordinates>
      </Point>
    </Placemark>
    <Placemark>
      <name>Vermelho</name>
      <styleUrl>#style_Vermelho</styleUrl>
      <Point>
        <coordinates>17.0749980000,-9.5747270000,0</coordinates>
      </Point>
    </Placemark>
    <Placemark>
      <name>Vermelho</name>
      <styleUrl>#style_Vermelho</styleUrl>
      <Point>
        <coordinates>17.0751660000,-9.5747960000,0</coordinates>
      </Point>
    </Placemark>
    <Placemark>
      <name>Vermelho</name>
      <styleUrl>#style_Vermelho</styleUrl>
      <Point>
        <coordinates>17.0753350000,-9.5748640000,0</coordinates>
      </Point>
    </Placemark>
    <Placemark>
      <name>Vermelho</name>
      <styleUrl>#style_Vermelho</styleUrl>
      <Point>
        <coordinates>17.0755030000,-9.5749330000,0</coordinates>
      </Point>
    </Placemark>
    <Placemark>
      <name>Vermelho</name>
      <styleUrl>#style_Vermelho</styleUrl>
      <Point>
        <coordinates>17.0756720000,-9.5750010000,0</coordinates>
      </Point>
    </Placemark>
    <Placemark>
      <name>Vermelho</name>
      <styleUrl>#style_Vermelho</styleUrl>
      <Point>
        <coordinates>17.0758410000,-9.5750690000,0</coordinates>
      </Point>
    </Placemark>
    <Placemark>
      <name>Vermelho</name>
      <styleUrl>#style_Vermelho</styleUrl>
      <Point>
        <coordinates>17.0760090000,-9.5751380000,0</coordinates>
      </Point>
    </Placemark>
    <Placemark>
      <name>Vermelho</name>
      <styleUrl>#style_Vermelho</styleUrl>
      <Point>
        <coordinates>17.0761780000,-9.5752060000,0</coordinates>
      </Point>
    </Placemark>
    <Placemark>
      <name>Vermelho</name>
      <styleUrl>#style_Vermelho</styleUrl>
      <Point>
        <coordinates>17.0763460000,-9.5752750000,0</coordinates>
      </Point>
    </Placemark>
    <Placemark>
      <name>Vermelho</name>
      <styleUrl>#style_Vermelho</styleUrl>
      <Point>
        <coordinates>17.0765150000,-9.5753430000,0</coordinates>
      </Point>
    </Placemark>
    <Placemark>
      <name>Vermelho</name>
      <styleUrl>#style_Vermelho</styleUrl>
      <Point>
        <coordinates>17.0766840000,-9.5754110000,0</coordinates>
      </Point>
    </Placemark>
    <Placemark>
      <name>Vermelho</name>
      <styleUrl>#style_Vermelho</styleUrl>
      <Point>
        <coordinates>17.0768520000,-9.5754800000,0</coordinates>
      </Point>
    </Placemark>
    <Placemark>
      <name>Vermelho</name>
      <styleUrl>#style_Vermelho</styleUrl>
      <Point>
        <coordinates>17.0770210000,-9.5755480000,0</coordinates>
      </Point>
    </Placemark>
    <Placemark>
      <name>Vermelho</name>
      <styleUrl>#style_Vermelho</styleUrl>
      <Point>
        <coordinates>17.0771890000,-9.5756170000,0</coordinates>
      </Point>
    </Placemark>
    <Placemark>
      <name>Vermelho</name>
      <styleUrl>#style_Vermelho</styleUrl>
      <Point>
        <coordinates>17.0773580000,-9.5756850000,0</coordinates>
      </Point>
    </Placemark>
    <Placemark>
      <name>Vermelho</name>
      <styleUrl>#style_Vermelho</styleUrl>
      <Point>
        <coordinates>17.0775270000,-9.5757520000,0</coordinates>
      </Point>
    </Placemark>
    <Placemark>
      <name>Vermelho</name>
      <styleUrl>#style_Vermelho</styleUrl>
      <Point>
        <coordinates>17.0776970000,-9.5758180000,0</coordinates>
      </Point>
    </Placemark>
    <Placemark>
      <name>Vermelho</name>
      <styleUrl>#style_Vermelho</styleUrl>
      <Point>
        <coordinates>17.0778660000,-9.5758850000,0</coordinates>
      </Point>
    </Placemark>
    <Placemark>
      <name>Vermelho</name>
      <styleUrl>#style_Vermelho</styleUrl>
      <Point>
        <coordinates>17.0780350000,-9.5759510000,0</coordinates>
      </Point>
    </Placemark>
    <Placemark>
      <name>Vermelho</name>
      <styleUrl>#style_Vermelho</styleUrl>
      <Point>
        <coordinates>17.0782050000,-9.5760170000,0</coordinates>
      </Point>
    </Placemark>
    <Placemark>
      <name>Vermelho</name>
      <styleUrl>#style_Vermelho</styleUrl>
      <Point>
        <coordinates>17.0783740000,-9.5760840000,0</coordinates>
      </Point>
    </Placemark>
    <Placemark>
      <name>Vermelho</name>
      <styleUrl>#style_Vermelho</styleUrl>
      <Point>
        <coordinates>17.0785430000,-9.5761510000,0</coordinates>
      </Point>
    </Placemark>
    <Placemark>
      <name>Vermelho</name>
      <styleUrl>#style_Vermelho</styleUrl>
      <Point>
        <coordinates>17.0787120000,-9.5762180000,0</coordinates>
      </Point>
    </Placemark>
    <Placemark>
      <name>Vermelho</name>
      <styleUrl>#style_Vermelho</styleUrl>
      <Point>
        <coordinates>17.0788820000,-9.5762860000,0</coordinates>
      </Point>
    </Placemark>
    <Placemark>
      <name>Vermelho</name>
      <styleUrl>#style_Vermelho</styleUrl>
      <Point>
        <coordinates>17.0790500000,-9.5763530000,0</coordinates>
      </Point>
    </Placemark>
    <Placemark>
      <name>Vermelho</name>
      <styleUrl>#style_Vermelho</styleUrl>
      <Point>
        <coordinates>17.0792190000,-9.5764210000,0</coordinates>
      </Point>
    </Placemark>
    <Placemark>
      <name>Vermelho</name>
      <styleUrl>#style_Vermelho</styleUrl>
      <Point>
        <coordinates>17.0793880000,-9.5764890000,0</coordinates>
      </Point>
    </Placemark>
    <Placemark>
      <name>Vermelho</name>
      <styleUrl>#style_Vermelho</styleUrl>
      <Point>
        <coordinates>17.0795570000,-9.5765570000,0</coordinates>
      </Point>
    </Placemark>
    <Placemark>
      <name>Vermelho</name>
      <styleUrl>#style_Vermelho</styleUrl>
      <Point>
        <coordinates>17.0797250000,-9.5766260000,0</coordinates>
      </Point>
    </Placemark>
    <Placemark>
      <name>Vermelho</name>
      <styleUrl>#style_Vermelho</styleUrl>
      <Point>
        <coordinates>17.0798940000,-9.5766940000,0</coordinates>
      </Point>
    </Placemark>
    <Placemark>
      <name>Vermelho</name>
      <styleUrl>#style_Vermelho</styleUrl>
      <Point>
        <coordinates>17.0800630000,-9.5767620000,0</coordinates>
      </Point>
    </Placemark>
    <Placemark>
      <name>Vermelho</name>
      <styleUrl>#style_Vermelho</styleUrl>
      <Point>
        <coordinates>17.0802310000,-9.5768300000,0</coordinates>
      </Point>
    </Placemark>
    <Placemark>
      <name>Vermelho</name>
      <styleUrl>#style_Vermelho</styleUrl>
      <Point>
        <coordinates>17.0804000000,-9.5768990000,0</coordinates>
      </Point>
    </Placemark>
    <Placemark>
      <name>Vermelho</name>
      <styleUrl>#style_Vermelho</styleUrl>
      <Point>
        <coordinates>17.0805680000,-9.5769670000,0</coordinates>
      </Point>
    </Placemark>
    <Placemark>
      <name>Vermelho</name>
      <styleUrl>#style_Vermelho</styleUrl>
      <Point>
        <coordinates>17.0807370000,-9.5770350000,0</coordinates>
      </Point>
    </Placemark>
    <Placemark>
      <name>Vermelho</name>
      <styleUrl>#style_Vermelho</styleUrl>
      <Point>
        <coordinates>17.0809060000,-9.5771040000,0</coordinates>
      </Point>
    </Placemark>
    <Placemark>
      <name>Vermelho</name>
      <styleUrl>#style_Vermelho</styleUrl>
      <Point>
        <coordinates>17.0810740000,-9.5771720000,0</coordinates>
      </Point>
    </Placemark>
    <Placemark>
      <name>Vermelho</name>
      <styleUrl>#style_Vermelho</styleUrl>
      <Point>
        <coordinates>17.0812430000,-9.5772400000,0</coordinates>
      </Point>
    </Placemark>
    <Placemark>
      <name>Vermelho</name>
      <styleUrl>#style_Vermelho</styleUrl>
      <Point>
        <coordinates>17.0814120000,-9.5773070000,0</coordinates>
      </Point>
    </Placemark>
    <Placemark>
      <name>Vermelho</name>
      <styleUrl>#style_Vermelho</styleUrl>
      <Point>
        <coordinates>17.0815820000,-9.5773740000,0</coordinates>
      </Point>
    </Placemark>
    <Placemark>
      <name>Vermelho</name>
      <styleUrl>#style_Vermelho</styleUrl>
      <Point>
        <coordinates>17.0817510000,-9.5774400000,0</coordinates>
      </Point>
    </Placemark>
    <Placemark>
      <name>Vermelho</name>
      <styleUrl>#style_Vermelho</styleUrl>
      <Point>
        <coordinates>17.0819200000,-9.5775080000,0</coordinates>
      </Point>
    </Placemark>
    <Placemark>
      <name>Vermelho</name>
      <styleUrl>#style_Vermelho</styleUrl>
      <Point>
        <coordinates>17.0820890000,-9.5775750000,0</coordinates>
      </Point>
    </Placemark>
    <Placemark>
      <name>Vermelho</name>
      <styleUrl>#style_Vermelho</styleUrl>
      <Point>
        <coordinates>17.0822580000,-9.5776420000,0</coordinates>
      </Point>
    </Placemark>
    <Placemark>
      <name>Vermelho</name>
      <styleUrl>#style_Vermelho</styleUrl>
      <Point>
        <coordinates>17.0824270000,-9.5777100000,0</coordinates>
      </Point>
    </Placemark>
    <Placemark>
      <name>Vermelho</name>
      <styleUrl>#style_Vermelho</styleUrl>
      <Point>
        <coordinates>17.0825960000,-9.5777770000,0</coordinates>
      </Point>
    </Placemark>
    <Placemark>
      <name>Vermelho</name>
      <styleUrl>#style_Vermelho</styleUrl>
      <Point>
        <coordinates>17.0827650000,-9.5778460000,0</coordinates>
      </Point>
    </Placemark>
    <Placemark>
      <name>Vermelho</name>
      <styleUrl>#style_Vermelho</styleUrl>
      <Point>
        <coordinates>17.0829330000,-9.5779140000,0</coordinates>
      </Point>
    </Placemark>
    <Placemark>
      <name>Vermelho</name>
      <styleUrl>#style_Vermelho</styleUrl>
      <Point>
        <coordinates>17.0831020000,-9.5779820000,0</coordinates>
      </Point>
    </Placemark>
    <Placemark>
      <name>Vermelho</name>
      <styleUrl>#style_Vermelho</styleUrl>
      <Point>
        <coordinates>17.0832710000,-9.5780500000,0</coordinates>
      </Point>
    </Placemark>
    <Placemark>
      <name>Vermelho</name>
      <styleUrl>#style_Vermelho</styleUrl>
      <Point>
        <coordinates>17.0834400000,-9.5781170000,0</coordinates>
      </Point>
    </Placemark>
    <Placemark>
      <name>Vermelho</name>
      <styleUrl>#style_Vermelho</styleUrl>
      <Point>
        <coordinates>17.0836090000,-9.5781850000,0</coordinates>
      </Point>
    </Placemark>
    <Placemark>
      <name>Vermelho</name>
      <styleUrl>#style_Vermelho</styleUrl>
      <Point>
        <coordinates>17.0837780000,-9.5782530000,0</coordinates>
      </Point>
    </Placemark>
    <Placemark>
      <name>Vermelho</name>
      <styleUrl>#style_Vermelho</styleUrl>
      <Point>
        <coordinates>17.0839470000,-9.5783200000,0</coordinates>
      </Point>
    </Placemark>
    <Placemark>
      <name>Vermelho</name>
      <styleUrl>#style_Vermelho</styleUrl>
      <Point>
        <coordinates>17.0841150000,-9.5783880000,0</coordinates>
      </Point>
    </Placemark>
    <Placemark>
      <name>Vermelho</name>
      <styleUrl>#style_Vermelho</styleUrl>
      <Point>
        <coordinates>17.0842840000,-9.5784550000,0</coordinates>
      </Point>
    </Placemark>
    <Placemark>
      <name>Vermelho</name>
      <styleUrl>#style_Vermelho</styleUrl>
      <Point>
        <coordinates>17.0844530000,-9.5785230000,0</coordinates>
      </Point>
    </Placemark>
    <Placemark>
      <name>Vermelho</name>
      <styleUrl>#style_Vermelho</styleUrl>
      <Point>
        <coordinates>17.0846220000,-9.5785910000,0</coordinates>
      </Point>
    </Placemark>
    <Placemark>
      <name>Vermelho</name>
      <styleUrl>#style_Vermelho</styleUrl>
      <Point>
        <coordinates>17.0847910000,-9.5786600000,0</coordinates>
      </Point>
    </Placemark>
    <Placemark>
      <name>Vermelho</name>
      <styleUrl>#style_Vermelho</styleUrl>
      <Point>
        <coordinates>17.0849590000,-9.5787280000,0</coordinates>
      </Point>
    </Placemark>
    <Placemark>
      <name>Vermelho</name>
      <styleUrl>#style_Vermelho</styleUrl>
      <Point>
        <coordinates>17.0851280000,-9.5787970000,0</coordinates>
      </Point>
    </Placemark>
    <Placemark>
      <name>Vermelho</name>
      <styleUrl>#style_Vermelho</styleUrl>
      <Point>
        <coordinates>17.0852960000,-9.5788650000,0</coordinates>
      </Point>
    </Placemark>
    <Placemark>
      <name>Vermelho</name>
      <styleUrl>#style_Vermelho</styleUrl>
      <Point>
        <coordinates>17.0854650000,-9.5789340000,0</coordinates>
      </Point>
    </Placemark>
    <Placemark>
      <name>Vermelho</name>
      <styleUrl>#style_Vermelho</styleUrl>
      <Point>
        <coordinates>17.0856330000,-9.5790020000,0</coordinates>
      </Point>
    </Placemark>
    <Placemark>
      <name>Vermelho</name>
      <styleUrl>#style_Vermelho</styleUrl>
      <Point>
        <coordinates>17.0858020000,-9.5790710000,0</coordinates>
      </Point>
    </Placemark>
    <Placemark>
      <name>Vermelho</name>
      <styleUrl>#style_Vermelho</styleUrl>
      <Point>
        <coordinates>17.0859710000,-9.5791390000,0</coordinates>
      </Point>
    </Placemark>
    <Placemark>
      <name>Vermelho</name>
      <styleUrl>#style_Vermelho</styleUrl>
      <Point>
        <coordinates>17.0861390000,-9.5792080000,0</coordinates>
      </Point>
    </Placemark>
    <Placemark>
      <name>Vermelho</name>
      <styleUrl>#style_Vermelho</styleUrl>
      <Point>
        <coordinates>17.0863080000,-9.5792760000,0</coordinates>
      </Point>
    </Placemark>
    <Placemark>
      <name>Vermelho</name>
      <styleUrl>#style_Vermelho</styleUrl>
      <Point>
        <coordinates>17.0864760000,-9.5793450000,0</coordinates>
      </Point>
    </Placemark>
    <Placemark>
      <name>Vermelho</name>
      <styleUrl>#style_Vermelho</styleUrl>
      <Point>
        <coordinates>17.0866450000,-9.5794130000,0</coordinates>
      </Point>
    </Placemark>
    <Placemark>
      <name>Vermelho</name>
      <styleUrl>#style_Vermelho</styleUrl>
      <Point>
        <coordinates>17.0868130000,-9.5794810000,0</coordinates>
      </Point>
    </Placemark>
    <Placemark>
      <name>Vermelho</name>
      <styleUrl>#style_Vermelho</styleUrl>
      <Point>
        <coordinates>17.0869820000,-9.5795500000,0</coordinates>
      </Point>
    </Placemark>
    <Placemark>
      <name>Vermelho</name>
      <styleUrl>#style_Vermelho</styleUrl>
      <Point>
        <coordinates>17.0871510000,-9.5796180000,0</coordinates>
      </Point>
    </Placemark>
    <Placemark>
      <name>Vermelho</name>
      <styleUrl>#style_Vermelho</styleUrl>
      <Point>
        <coordinates>17.0873190000,-9.5796870000,0</coordinates>
      </Point>
    </Placemark>
    <Placemark>
      <name>Vermelho</name>
      <styleUrl>#style_Vermelho</styleUrl>
      <Point>
        <coordinates>17.0874880000,-9.5797550000,0</coordinates>
      </Point>
    </Placemark>
    <Placemark>
      <name>Vermelho</name>
      <styleUrl>#style_Vermelho</styleUrl>
      <Point>
        <coordinates>17.0876560000,-9.5798230000,0</coordinates>
      </Point>
    </Placemark>
    <Placemark>
      <name>Vermelho</name>
      <styleUrl>#style_Vermelho</styleUrl>
      <Point>
        <coordinates>17.0878250000,-9.5798920000,0</coordinates>
      </Point>
    </Placemark>
    <Placemark>
      <name>Vermelho</name>
      <styleUrl>#style_Vermelho</styleUrl>
      <Point>
        <coordinates>17.0879940000,-9.5799600000,0</coordinates>
      </Point>
    </Placemark>
    <Placemark>
      <name>Vermelho</name>
      <styleUrl>#style_Vermelho</styleUrl>
      <Point>
        <coordinates>17.0881620000,-9.5800280000,0</coordinates>
      </Point>
    </Placemark>
    <Placemark>
      <name>Vermelho</name>
      <styleUrl>#style_Vermelho</styleUrl>
      <Point>
        <coordinates>17.0883310000,-9.5800960000,0</coordinates>
      </Point>
    </Placemark>
    <Placemark>
      <name>Vermelho</name>
      <styleUrl>#style_Vermelho</styleUrl>
      <Point>
        <coordinates>17.0885000000,-9.5801640000,0</coordinates>
      </Point>
    </Placemark>
    <Placemark>
      <name>Vermelho</name>
      <styleUrl>#style_Vermelho</styleUrl>
      <Point>
        <coordinates>17.0886690000,-9.5802330000,0</coordinates>
      </Point>
    </Placemark>
    <Placemark>
      <name>Vermelho</name>
      <styleUrl>#style_Vermelho</styleUrl>
      <Point>
        <coordinates>17.0888370000,-9.5803010000,0</coordinates>
      </Point>
    </Placemark>
    <Placemark>
      <name>Vermelho</name>
      <styleUrl>#style_Vermelho</styleUrl>
      <Point>
        <coordinates>17.0890060000,-9.5803690000,0</coordinates>
      </Point>
    </Placemark>
    <Placemark>
      <name>Vermelho</name>
      <styleUrl>#style_Vermelho</styleUrl>
      <Point>
        <coordinates>17.0891750000,-9.5804370000,0</coordinates>
      </Point>
    </Placemark>
    <Placemark>
      <name>Vermelho</name>
      <styleUrl>#style_Vermelho</styleUrl>
      <Point>
        <coordinates>17.0893430000,-9.5805050000,0</coordinates>
      </Point>
    </Placemark>
    <Placemark>
      <name>Vermelho</name>
      <styleUrl>#style_Vermelho</styleUrl>
      <Point>
        <coordinates>17.0895120000,-9.5805740000,0</coordinates>
      </Point>
    </Placemark>
    <Placemark>
      <name>Vermelho</name>
      <styleUrl>#style_Vermelho</styleUrl>
      <Point>
        <coordinates>17.0896810000,-9.5806420000,0</coordinates>
      </Point>
    </Placemark>
    <Placemark>
      <name>Vermelho</name>
      <styleUrl>#style_Vermelho</styleUrl>
      <Point>
        <coordinates>17.0898490000,-9.5807100000,0</coordinates>
      </Point>
    </Placemark>
    <Placemark>
      <name>Vermelho</name>
      <styleUrl>#style_Vermelho</styleUrl>
      <Point>
        <coordinates>17.0900180000,-9.5807780000,0</coordinates>
      </Point>
    </Placemark>
    <Placemark>
      <name>Vermelho</name>
      <styleUrl>#style_Vermelho</styleUrl>
      <Point>
        <coordinates>17.0901870000,-9.5808460000,0</coordinates>
      </Point>
    </Placemark>
    <Placemark>
      <name>Vermelho</name>
      <styleUrl>#style_Vermelho</styleUrl>
      <Point>
        <coordinates>17.0903550000,-9.5809150000,0</coordinates>
      </Point>
    </Placemark>
    <Placemark>
      <name>Vermelho</name>
      <styleUrl>#style_Vermelho</styleUrl>
      <Point>
        <coordinates>17.0905240000,-9.5809830000,0</coordinates>
      </Point>
    </Placemark>
    <Placemark>
      <name>Vermelho</name>
      <styleUrl>#style_Vermelho</styleUrl>
      <Point>
        <coordinates>17.0906930000,-9.5810510000,0</coordinates>
      </Point>
    </Placemark>
    <Placemark>
      <name>Vermelho</name>
      <styleUrl>#style_Vermelho</styleUrl>
      <Point>
        <coordinates>17.0908610000,-9.5811190000,0</coordinates>
      </Point>
    </Placemark>
    <Placemark>
      <name>Vermelho</name>
      <styleUrl>#style_Vermelho</styleUrl>
      <Point>
        <coordinates>17.0910300000,-9.5811870000,0</coordinates>
      </Point>
    </Placemark>
    <Placemark>
      <name>Vermelho</name>
      <styleUrl>#style_Vermelho</styleUrl>
      <Point>
        <coordinates>17.0911990000,-9.5812560000,0</coordinates>
      </Point>
    </Placemark>
    <Placemark>
      <name>Vermelho</name>
      <styleUrl>#style_Vermelho</styleUrl>
      <Point>
        <coordinates>17.0913680000,-9.5813240000,0</coordinates>
      </Point>
    </Placemark>
    <Placemark>
      <name>Vermelho</name>
      <styleUrl>#style_Vermelho</styleUrl>
      <Point>
        <coordinates>17.0915360000,-9.5813920000,0</coordinates>
      </Point>
    </Placemark>
    <Placemark>
      <name>Vermelho</name>
      <styleUrl>#style_Vermelho</styleUrl>
      <Point>
        <coordinates>17.0917050000,-9.5814600000,0</coordinates>
      </Point>
    </Placemark>
    <Placemark>
      <name>Vermelho</name>
      <styleUrl>#style_Vermelho</styleUrl>
      <Point>
        <coordinates>17.0918740000,-9.5815280000,0</coordinates>
      </Point>
    </Placemark>
    <Placemark>
      <name>Vermelho</name>
      <styleUrl>#style_Vermelho</styleUrl>
      <Point>
        <coordinates>17.0920420000,-9.5815960000,0</coordinates>
      </Point>
    </Placemark>
    <Placemark>
      <name>Vermelho</name>
      <styleUrl>#style_Vermelho</styleUrl>
      <Point>
        <coordinates>17.0922110000,-9.5816650000,0</coordinates>
      </Point>
    </Placemark>
    <Placemark>
      <name>Vermelho</name>
      <styleUrl>#style_Vermelho</styleUrl>
      <Point>
        <coordinates>17.0923790000,-9.5817340000,0</coordinates>
      </Point>
    </Placemark>
    <Placemark>
      <name>Vermelho</name>
      <styleUrl>#style_Vermelho</styleUrl>
      <Point>
        <coordinates>17.0925480000,-9.5818020000,0</coordinates>
      </Point>
    </Placemark>
    <Placemark>
      <name>Vermelho</name>
      <styleUrl>#style_Vermelho</styleUrl>
      <Point>
        <coordinates>17.0927160000,-9.5818710000,0</coordinates>
      </Point>
    </Placemark>
    <Placemark>
      <name>Vermelho</name>
      <styleUrl>#style_Vermelho</styleUrl>
      <Point>
        <coordinates>17.0928850000,-9.5819400000,0</coordinates>
      </Point>
    </Placemark>
    <Placemark>
      <name>Vermelho</name>
      <styleUrl>#style_Vermelho</styleUrl>
      <Point>
        <coordinates>17.0930530000,-9.5820090000,0</coordinates>
      </Point>
    </Placemark>
    <Placemark>
      <name>Vermelho</name>
      <styleUrl>#style_Vermelho</styleUrl>
      <Point>
        <coordinates>17.0932220000,-9.5820770000,0</coordinates>
      </Point>
    </Placemark>
    <Placemark>
      <name>Vermelho</name>
      <styleUrl>#style_Vermelho</styleUrl>
      <Point>
        <coordinates>17.0933910000,-9.5821440000,0</coordinates>
      </Point>
    </Placemark>
    <Placemark>
      <name>Vermelho</name>
      <styleUrl>#style_Vermelho</styleUrl>
      <Point>
        <coordinates>17.0935600000,-9.5822100000,0</coordinates>
      </Point>
    </Placemark>
    <Placemark>
      <name>Vermelho</name>
      <styleUrl>#style_Vermelho</styleUrl>
      <Point>
        <coordinates>17.0937300000,-9.5822770000,0</coordinates>
      </Point>
    </Placemark>
    <Placemark>
      <name>Vermelho</name>
      <styleUrl>#style_Vermelho</styleUrl>
      <Point>
        <coordinates>17.0938990000,-9.5823440000,0</coordinates>
      </Point>
    </Placemark>
    <Placemark>
      <name>Vermelho</name>
      <styleUrl>#style_Vermelho</styleUrl>
      <Point>
        <coordinates>17.0940680000,-9.5824110000,0</coordinates>
      </Point>
    </Placemark>
    <Placemark>
      <name>Vermelho</name>
      <styleUrl>#style_Vermelho</styleUrl>
      <Point>
        <coordinates>17.0942370000,-9.5824780000,0</coordinates>
      </Point>
    </Placemark>
    <Placemark>
      <name>Vermelho</name>
      <styleUrl>#style_Vermelho</styleUrl>
      <Point>
        <coordinates>17.0944070000,-9.5825440000,0</coordinates>
      </Point>
    </Placemark>
    <Placemark>
      <name>Vermelho</name>
      <styleUrl>#style_Vermelho</styleUrl>
      <Point>
        <coordinates>17.0945760000,-9.5826110000,0</coordinates>
      </Point>
    </Placemark>
    <Placemark>
      <name>Vermelho</name>
      <styleUrl>#style_Vermelho</styleUrl>
      <Point>
        <coordinates>17.0947450000,-9.5826780000,0</coordinates>
      </Point>
    </Placemark>
    <Placemark>
      <name>Vermelho</name>
      <styleUrl>#style_Vermelho</styleUrl>
      <Point>
        <coordinates>17.0949140000,-9.5827450000,0</coordinates>
      </Point>
    </Placemark>
    <Placemark>
      <name>Vermelho</name>
      <styleUrl>#style_Vermelho</styleUrl>
      <Point>
        <coordinates>17.0950830000,-9.5828130000,0</coordinates>
      </Point>
    </Placemark>
    <Placemark>
      <name>Vermelho</name>
      <styleUrl>#style_Vermelho</styleUrl>
      <Point>
        <coordinates>17.0952520000,-9.5828810000,0</coordinates>
      </Point>
    </Placemark>
    <Placemark>
      <name>Vermelho</name>
      <styleUrl>#style_Vermelho</styleUrl>
      <Point>
        <coordinates>17.0954210000,-9.5829490000,0</coordinates>
      </Point>
    </Placemark>
    <Placemark>
      <name>Vermelho</name>
      <styleUrl>#style_Vermelho</styleUrl>
      <Point>
        <coordinates>17.0955890000,-9.5830170000,0</coordinates>
      </Point>
    </Placemark>
    <Placemark>
      <name>Vermelho</name>
      <styleUrl>#style_Vermelho</styleUrl>
      <Point>
        <coordinates>17.0957580000,-9.5830850000,0</coordinates>
      </Point>
    </Placemark>
    <Placemark>
      <name>Vermelho</name>
      <styleUrl>#style_Vermelho</styleUrl>
      <Point>
        <coordinates>17.0959270000,-9.5831520000,0</coordinates>
      </Point>
    </Placemark>
    <Placemark>
      <name>Vermelho</name>
      <styleUrl>#style_Vermelho</styleUrl>
      <Point>
        <coordinates>17.0960960000,-9.5832200000,0</coordinates>
      </Point>
    </Placemark>
    <Placemark>
      <name>Vermelho</name>
      <styleUrl>#style_Vermelho</styleUrl>
      <Point>
        <coordinates>17.0962650000,-9.5832880000,0</coordinates>
      </Point>
    </Placemark>
    <Placemark>
      <name>Vermelho</name>
      <styleUrl>#style_Vermelho</styleUrl>
      <Point>
        <coordinates>17.0964340000,-9.5833560000,0</coordinates>
      </Point>
    </Placemark>
    <Placemark>
      <name>Vermelho</name>
      <styleUrl>#style_Vermelho</styleUrl>
      <Point>
        <coordinates>17.0966020000,-9.5834240000,0</coordinates>
      </Point>
    </Placemark>
    <Placemark>
      <name>Vermelho</name>
      <styleUrl>#style_Vermelho</styleUrl>
      <Point>
        <coordinates>17.0967710000,-9.5834920000,0</coordinates>
      </Point>
    </Placemark>
    <Placemark>
      <name>Vermelho</name>
      <styleUrl>#style_Vermelho</styleUrl>
      <Point>
        <coordinates>17.0969400000,-9.5835600000,0</coordinates>
      </Point>
    </Placemark>
    <Placemark>
      <name>Vermelho</name>
      <styleUrl>#style_Vermelho</styleUrl>
      <Point>
        <coordinates>17.0971090000,-9.5836280000,0</coordinates>
      </Point>
    </Placemark>
    <Placemark>
      <name>Vermelho</name>
      <styleUrl>#style_Vermelho</styleUrl>
      <Point>
        <coordinates>17.0972770000,-9.5836960000,0</coordinates>
      </Point>
    </Placemark>
    <Placemark>
      <name>Vermelho</name>
      <styleUrl>#style_Vermelho</styleUrl>
      <Point>
        <coordinates>17.0974460000,-9.5837640000,0</coordinates>
      </Point>
    </Placemark>
    <Placemark>
      <name>Vermelho</name>
      <styleUrl>#style_Vermelho</styleUrl>
      <Point>
        <coordinates>17.0976150000,-9.5838320000,0</coordinates>
      </Point>
    </Placemark>
    <Placemark>
      <name>Vermelho</name>
      <styleUrl>#style_Vermelho</styleUrl>
      <Point>
        <coordinates>17.0977840000,-9.5838990000,0</coordinates>
      </Point>
    </Placemark>
    <Placemark>
      <name>Vermelho</name>
      <styleUrl>#style_Vermelho</styleUrl>
      <Point>
        <coordinates>17.0979530000,-9.5839670000,0</coordinates>
      </Point>
    </Placemark>
    <Placemark>
      <name>Vermelho</name>
      <styleUrl>#style_Vermelho</styleUrl>
      <Point>
        <coordinates>17.0981220000,-9.5840350000,0</coordinates>
      </Point>
    </Placemark>
    <Placemark>
      <name>Vermelho</name>
      <styleUrl>#style_Vermelho</styleUrl>
      <Point>
        <coordinates>17.0982900000,-9.5841030000,0</coordinates>
      </Point>
    </Placemark>
    <Placemark>
      <name>Vermelho</name>
      <styleUrl>#style_Vermelho</styleUrl>
      <Point>
        <coordinates>17.0984590000,-9.5841710000,0</coordinates>
      </Point>
    </Placemark>
    <Placemark>
      <name>Vermelho</name>
      <styleUrl>#style_Vermelho</styleUrl>
      <Point>
        <coordinates>17.0986280000,-9.5842390000,0</coordinates>
      </Point>
    </Placemark>
    <Placemark>
      <name>Vermelho</name>
      <styleUrl>#style_Vermelho</styleUrl>
      <Point>
        <coordinates>17.0987970000,-9.5843070000,0</coordinates>
      </Point>
    </Placemark>
    <Placemark>
      <name>Vermelho</name>
      <styleUrl>#style_Vermelho</styleUrl>
      <Point>
        <coordinates>17.0989650000,-9.5843750000,0</coordinates>
      </Point>
    </Placemark>
    <Placemark>
      <name>Vermelho</name>
      <styleUrl>#style_Vermelho</styleUrl>
      <Point>
        <coordinates>17.0991340000,-9.5844430000,0</coordinates>
      </Point>
    </Placemark>
    <Placemark>
      <name>Vermelho</name>
      <styleUrl>#style_Vermelho</styleUrl>
      <Point>
        <coordinates>17.0993030000,-9.5845110000,0</coordinates>
      </Point>
    </Placemark>
    <Placemark>
      <name>Vermelho</name>
      <styleUrl>#style_Vermelho</styleUrl>
      <Point>
        <coordinates>17.0994720000,-9.5845790000,0</coordinates>
      </Point>
    </Placemark>
    <Placemark>
      <name>Vermelho</name>
      <styleUrl>#style_Vermelho</styleUrl>
      <Point>
        <coordinates>17.0996410000,-9.5846460000,0</coordinates>
      </Point>
    </Placemark>
    <Placemark>
      <name>Vermelho</name>
      <styleUrl>#style_Vermelho</styleUrl>
      <Point>
        <coordinates>17.0998100000,-9.5847140000,0</coordinates>
      </Point>
    </Placemark>
    <Placemark>
      <name>Vermelho</name>
      <styleUrl>#style_Vermelho</styleUrl>
      <Point>
        <coordinates>17.0999780000,-9.5847820000,0</coordinates>
      </Point>
    </Placemark>
    <Placemark>
      <name>Vermelho</name>
      <styleUrl>#style_Vermelho</styleUrl>
      <Point>
        <coordinates>17.1001470000,-9.5848500000,0</coordinates>
      </Point>
    </Placemark>
    <Placemark>
      <name>Vermelho</name>
      <styleUrl>#style_Vermelho</styleUrl>
      <Point>
        <coordinates>17.1003160000,-9.5849190000,0</coordinates>
      </Point>
    </Placemark>
    <Placemark>
      <name>Vermelho</name>
      <styleUrl>#style_Vermelho</styleUrl>
      <Point>
        <coordinates>17.1004840000,-9.5849880000,0</coordinates>
      </Point>
    </Placemark>
    <Placemark>
      <name>Vermelho</name>
      <styleUrl>#style_Vermelho</styleUrl>
      <Point>
        <coordinates>17.1006520000,-9.5850570000,0</coordinates>
      </Point>
    </Placemark>
    <Placemark>
      <name>Vermelho</name>
      <styleUrl>#style_Vermelho</styleUrl>
      <Point>
        <coordinates>17.1008210000,-9.5851260000,0</coordinates>
      </Point>
    </Placemark>
    <Placemark>
      <name>Vermelho</name>
      <styleUrl>#style_Vermelho</styleUrl>
      <Point>
        <coordinates>17.1009890000,-9.5851950000,0</coordinates>
      </Point>
    </Placemark>
    <Placemark>
      <name>Vermelho</name>
      <styleUrl>#style_Vermelho</styleUrl>
      <Point>
        <coordinates>17.1011570000,-9.5852640000,0</coordinates>
      </Point>
    </Placemark>
    <Placemark>
      <name>Vermelho</name>
      <styleUrl>#style_Vermelho</styleUrl>
      <Point>
        <coordinates>17.1013260000,-9.5853330000,0</coordinates>
      </Point>
    </Placemark>
    <Placemark>
      <name>Vermelho</name>
      <styleUrl>#style_Vermelho</styleUrl>
      <Point>
        <coordinates>17.1014940000,-9.5854020000,0</coordinates>
      </Point>
    </Placemark>
    <Placemark>
      <name>Vermelho</name>
      <styleUrl>#style_Vermelho</styleUrl>
      <Point>
        <coordinates>17.1016620000,-9.5854710000,0</coordinates>
      </Point>
    </Placemark>
    <Placemark>
      <name>Vermelho</name>
      <styleUrl>#style_Vermelho</styleUrl>
      <Point>
        <coordinates>17.1018310000,-9.5855400000,0</coordinates>
      </Point>
    </Placemark>
    <Placemark>
      <name>Vermelho</name>
      <styleUrl>#style_Vermelho</styleUrl>
      <Point>
        <coordinates>17.1019990000,-9.5856090000,0</coordinates>
      </Point>
    </Placemark>
    <Placemark>
      <name>Vermelho</name>
      <styleUrl>#style_Vermelho</styleUrl>
      <Point>
        <coordinates>17.1021670000,-9.5856780000,0</coordinates>
      </Point>
    </Placemark>
    <Placemark>
      <name>Vermelho</name>
      <styleUrl>#style_Vermelho</styleUrl>
      <Point>
        <coordinates>17.1023360000,-9.5857460000,0</coordinates>
      </Point>
    </Placemark>
    <Placemark>
      <name>Vermelho</name>
      <styleUrl>#style_Vermelho</styleUrl>
      <Point>
        <coordinates>17.1025050000,-9.5858130000,0</coordinates>
      </Point>
    </Placemark>
    <Placemark>
      <name>Vermelho</name>
      <styleUrl>#style_Vermelho</styleUrl>
      <Point>
        <coordinates>17.1026750000,-9.5858800000,0</coordinates>
      </Point>
    </Placemark>
    <Placemark>
      <name>Vermelho</name>
      <styleUrl>#style_Vermelho</styleUrl>
      <Point>
        <coordinates>17.1028440000,-9.5859460000,0</coordinates>
      </Point>
    </Placemark>
    <Placemark>
      <name>Vermelho</name>
      <styleUrl>#style_Vermelho</styleUrl>
      <Point>
        <coordinates>17.1030130000,-9.5860130000,0</coordinates>
      </Point>
    </Placemark>
    <Placemark>
      <name>Vermelho</name>
      <styleUrl>#style_Vermelho</styleUrl>
      <Point>
        <coordinates>17.1031830000,-9.5860800000,0</coordinates>
      </Point>
    </Placemark>
    <Placemark>
      <name>Vermelho</name>
      <styleUrl>#style_Vermelho</styleUrl>
      <Point>
        <coordinates>17.1033520000,-9.5861460000,0</coordinates>
      </Point>
    </Placemark>
    <Placemark>
      <name>Vermelho</name>
      <styleUrl>#style_Vermelho</styleUrl>
      <Point>
        <coordinates>17.1035210000,-9.5862130000,0</coordinates>
      </Point>
    </Placemark>
    <Placemark>
      <name>Vermelho</name>
      <styleUrl>#style_Vermelho</styleUrl>
      <Point>
        <coordinates>17.1036910000,-9.5862800000,0</coordinates>
      </Point>
    </Placemark>
    <Placemark>
      <name>Vermelho</name>
      <styleUrl>#style_Vermelho</styleUrl>
      <Point>
        <coordinates>17.1038600000,-9.5863460000,0</coordinates>
      </Point>
    </Placemark>
    <Placemark>
      <name>Vermelho</name>
      <styleUrl>#style_Vermelho</styleUrl>
      <Point>
        <coordinates>17.1040290000,-9.5864130000,0</coordinates>
      </Point>
    </Placemark>
    <Placemark>
      <name>Vermelho</name>
      <styleUrl>#style_Vermelho</styleUrl>
      <Point>
        <coordinates>17.1041990000,-9.5864780000,0</coordinates>
      </Point>
    </Placemark>
    <Placemark>
      <name>Vermelho</name>
      <styleUrl>#style_Vermelho</styleUrl>
      <Point>
        <coordinates>17.1043690000,-9.5865420000,0</coordinates>
      </Point>
    </Placemark>
    <Placemark>
      <name>Vermelho</name>
      <styleUrl>#style_Vermelho</styleUrl>
      <Point>
        <coordinates>17.1045390000,-9.5866070000,0</coordinates>
      </Point>
    </Placemark>
    <Placemark>
      <name>Vermelho</name>
      <styleUrl>#style_Vermelho</styleUrl>
      <Point>
        <coordinates>17.1047100000,-9.5866720000,0</coordinates>
      </Point>
    </Placemark>
    <Placemark>
      <name>Vermelho</name>
      <styleUrl>#style_Vermelho</styleUrl>
      <Point>
        <coordinates>17.1048800000,-9.5867360000,0</coordinates>
      </Point>
    </Placemark>
    <Placemark>
      <name>Vermelho</name>
      <styleUrl>#style_Vermelho</styleUrl>
      <Point>
        <coordinates>17.1050500000,-9.5867990000,0</coordinates>
      </Point>
    </Placemark>
    <Placemark>
      <name>Vermelho</name>
      <styleUrl>#style_Vermelho</styleUrl>
      <Point>
        <coordinates>17.1052230000,-9.5868570000,0</coordinates>
      </Point>
    </Placemark>
    <Placemark>
      <name>Vermelho</name>
      <styleUrl>#style_Vermelho</styleUrl>
      <Point>
        <coordinates>17.1053980000,-9.5869080000,0</coordinates>
      </Point>
    </Placemark>
    <Placemark>
      <name>Vermelho</name>
      <styleUrl>#style_Vermelho</styleUrl>
      <Point>
        <coordinates>17.1055720000,-9.5869600000,0</coordinates>
      </Point>
    </Placemark>
    <Placemark>
      <name>Vermelho</name>
      <styleUrl>#style_Vermelho</styleUrl>
      <Point>
        <coordinates>17.1057480000,-9.5870080000,0</coordinates>
      </Point>
    </Placemark>
    <Placemark>
      <name>Vermelho</name>
      <styleUrl>#style_Vermelho</styleUrl>
      <Point>
        <coordinates>17.1059230000,-9.5870550000,0</coordinates>
      </Point>
    </Placemark>
    <Placemark>
      <name>Vermelho</name>
      <styleUrl>#style_Vermelho</styleUrl>
      <Point>
        <coordinates>17.1060990000,-9.5871020000,0</coordinates>
      </Point>
    </Placemark>
    <Placemark>
      <name>Vermelho</name>
      <styleUrl>#style_Vermelho</styleUrl>
      <Point>
        <coordinates>17.1062750000,-9.5871490000,0</coordinates>
      </Point>
    </Placemark>
    <Placemark>
      <name>Vermelho</name>
      <styleUrl>#style_Vermelho</styleUrl>
      <Point>
        <coordinates>17.1064510000,-9.5871960000,0</coordinates>
      </Point>
    </Placemark>
    <Placemark>
      <name>Vermelho</name>
      <styleUrl>#style_Vermelho</styleUrl>
      <Point>
        <coordinates>17.1066270000,-9.5872430000,0</coordinates>
      </Point>
    </Placemark>
    <Placemark>
      <name>Vermelho</name>
      <styleUrl>#style_Vermelho</styleUrl>
      <Point>
        <coordinates>17.1068030000,-9.5872900000,0</coordinates>
      </Point>
    </Placemark>
    <Placemark>
      <name>Vermelho</name>
      <styleUrl>#style_Vermelho</styleUrl>
      <Point>
        <coordinates>17.1069790000,-9.5873380000,0</coordinates>
      </Point>
    </Placemark>
    <Placemark>
      <name>Vermelho</name>
      <styleUrl>#style_Vermelho</styleUrl>
      <Point>
        <coordinates>17.1071540000,-9.5873850000,0</coordinates>
      </Point>
    </Placemark>
    <Placemark>
      <name>Vermelho</name>
      <styleUrl>#style_Vermelho</styleUrl>
      <Point>
        <coordinates>17.1073300000,-9.5874320000,0</coordinates>
      </Point>
    </Placemark>
    <Placemark>
      <name>Vermelho</name>
      <styleUrl>#style_Vermelho</styleUrl>
      <Point>
        <coordinates>17.1075060000,-9.5874790000,0</coordinates>
      </Point>
    </Placemark>
    <Placemark>
      <name>Vermelho</name>
      <styleUrl>#style_Vermelho</styleUrl>
      <Point>
        <coordinates>17.1076820000,-9.5875260000,0</coordinates>
      </Point>
    </Placemark>
    <Placemark>
      <name>Vermelho</name>
      <styleUrl>#style_Vermelho</styleUrl>
      <Point>
        <coordinates>17.1078580000,-9.5875730000,0</coordinates>
      </Point>
    </Placemark>
    <Placemark>
      <name>Vermelho</name>
      <styleUrl>#style_Vermelho</styleUrl>
      <Point>
        <coordinates>17.1080340000,-9.5876200000,0</coordinates>
      </Point>
    </Placemark>
    <Placemark>
      <name>Vermelho</name>
      <styleUrl>#style_Vermelho</styleUrl>
      <Point>
        <coordinates>17.1082100000,-9.5876670000,0</coordinates>
      </Point>
    </Placemark>
    <Placemark>
      <name>Vermelho</name>
      <styleUrl>#style_Vermelho</styleUrl>
      <Point>
        <coordinates>17.1083860000,-9.5877140000,0</coordinates>
      </Point>
    </Placemark>
    <Placemark>
      <name>Vermelho</name>
      <styleUrl>#style_Vermelho</styleUrl>
      <Point>
        <coordinates>17.1085610000,-9.5877610000,0</coordinates>
      </Point>
    </Placemark>
    <Placemark>
      <name>Vermelho</name>
      <styleUrl>#style_Vermelho</styleUrl>
      <Point>
        <coordinates>17.1087370000,-9.5878080000,0</coordinates>
      </Point>
    </Placemark>
    <Placemark>
      <name>Vermelho</name>
      <styleUrl>#style_Vermelho</styleUrl>
      <Point>
        <coordinates>17.1089130000,-9.5878550000,0</coordinates>
      </Point>
    </Placemark>
    <Placemark>
      <name>Vermelho</name>
      <styleUrl>#style_Vermelho</styleUrl>
      <Point>
        <coordinates>17.1090890000,-9.5879010000,0</coordinates>
      </Point>
    </Placemark>
    <Placemark>
      <name>Vermelho</name>
      <styleUrl>#style_Vermelho</styleUrl>
      <Point>
        <coordinates>17.1092650000,-9.5879480000,0</coordinates>
      </Point>
    </Placemark>
    <Placemark>
      <name>Vermelho</name>
      <styleUrl>#style_Vermelho</styleUrl>
      <Point>
        <coordinates>17.1094410000,-9.5879950000,0</coordinates>
      </Point>
    </Placemark>
    <Placemark>
      <name>Vermelho</name>
      <styleUrl>#style_Vermelho</styleUrl>
      <Point>
        <coordinates>17.1096170000,-9.5880420000,0</coordinates>
      </Point>
    </Placemark>
    <Placemark>
      <name>Vermelho</name>
      <styleUrl>#style_Vermelho</styleUrl>
      <Point>
        <coordinates>17.1097930000,-9.5880890000,0</coordinates>
      </Point>
    </Placemark>
    <Placemark>
      <name>Vermelho</name>
      <styleUrl>#style_Vermelho</styleUrl>
      <Point>
        <coordinates>17.1099690000,-9.5881360000,0</coordinates>
      </Point>
    </Placemark>
    <Placemark>
      <name>Vermelho</name>
      <styleUrl>#style_Vermelho</styleUrl>
      <Point>
        <coordinates>17.1101440000,-9.5881840000,0</coordinates>
      </Point>
    </Placemark>
    <Placemark>
      <name>Vermelho</name>
      <styleUrl>#style_Vermelho</styleUrl>
      <Point>
        <coordinates>17.1103200000,-9.5882310000,0</coordinates>
      </Point>
    </Placemark>
    <Placemark>
      <name>Vermelho</name>
      <styleUrl>#style_Vermelho</styleUrl>
      <Point>
        <coordinates>17.1104960000,-9.5882780000,0</coordinates>
      </Point>
    </Placemark>
    <Placemark>
      <name>Vermelho</name>
      <styleUrl>#style_Vermelho</styleUrl>
      <Point>
        <coordinates>17.1106720000,-9.5883260000,0</coordinates>
      </Point>
    </Placemark>
    <Placemark>
      <name>Vermelho</name>
      <styleUrl>#style_Vermelho</styleUrl>
      <Point>
        <coordinates>17.1108480000,-9.5883730000,0</coordinates>
      </Point>
    </Placemark>
    <Placemark>
      <name>Vermelho</name>
      <styleUrl>#style_Vermelho</styleUrl>
      <Point>
        <coordinates>17.1110230000,-9.5884200000,0</coordinates>
      </Point>
    </Placemark>
    <Placemark>
      <name>Vermelho</name>
      <styleUrl>#style_Vermelho</styleUrl>
      <Point>
        <coordinates>17.1111990000,-9.5884670000,0</coordinates>
      </Point>
    </Placemark>
    <Placemark>
      <name>Vermelho</name>
      <styleUrl>#style_Vermelho</styleUrl>
      <Point>
        <coordinates>17.1113750000,-9.5885150000,0</coordinates>
      </Point>
    </Placemark>
    <Placemark>
      <name>Vermelho</name>
      <styleUrl>#style_Vermelho</styleUrl>
      <Point>
        <coordinates>17.1115510000,-9.5885620000,0</coordinates>
      </Point>
    </Placemark>
    <Placemark>
      <name>Vermelho</name>
      <styleUrl>#style_Vermelho</styleUrl>
      <Point>
        <coordinates>17.1117270000,-9.5886100000,0</coordinates>
      </Point>
    </Placemark>
    <Placemark>
      <name>Vermelho</name>
      <styleUrl>#style_Vermelho</styleUrl>
      <Point>
        <coordinates>17.1119020000,-9.5886570000,0</coordinates>
      </Point>
    </Placemark>
    <Placemark>
      <name>Vermelho</name>
      <styleUrl>#style_Vermelho</styleUrl>
      <Point>
        <coordinates>17.1120790000,-9.5887030000,0</coordinates>
      </Point>
    </Placemark>
    <Placemark>
      <name>Vermelho</name>
      <styleUrl>#style_Vermelho</styleUrl>
      <Point>
        <coordinates>17.1122550000,-9.5887490000,0</coordinates>
      </Point>
    </Placemark>
    <Placemark>
      <name>Vermelho</name>
      <styleUrl>#style_Vermelho</styleUrl>
      <Point>
        <coordinates>17.1124310000,-9.5887950000,0</coordinates>
      </Point>
    </Placemark>
    <Placemark>
      <name>Vermelho</name>
      <styleUrl>#style_Vermelho</styleUrl>
      <Point>
        <coordinates>17.1126070000,-9.5888410000,0</coordinates>
      </Point>
    </Placemark>
    <Placemark>
      <name>Vermelho</name>
      <styleUrl>#style_Vermelho</styleUrl>
      <Point>
        <coordinates>17.1127830000,-9.5888880000,0</coordinates>
      </Point>
    </Placemark>
    <Placemark>
      <name>Vermelho</name>
      <styleUrl>#style_Vermelho</styleUrl>
      <Point>
        <coordinates>17.1129580000,-9.5889360000,0</coordinates>
      </Point>
    </Placemark>
    <Placemark>
      <name>Vermelho</name>
      <styleUrl>#style_Vermelho</styleUrl>
      <Point>
        <coordinates>17.1131340000,-9.5889840000,0</coordinates>
      </Point>
    </Placemark>
    <Placemark>
      <name>Vermelho</name>
      <styleUrl>#style_Vermelho</styleUrl>
      <Point>
        <coordinates>17.1133100000,-9.5890320000,0</coordinates>
      </Point>
    </Placemark>
    <Placemark>
      <name>Vermelho</name>
      <styleUrl>#style_Vermelho</styleUrl>
      <Point>
        <coordinates>17.1134850000,-9.5890800000,0</coordinates>
      </Point>
    </Placemark>
    <Placemark>
      <name>Vermelho</name>
      <styleUrl>#style_Vermelho</styleUrl>
      <Point>
        <coordinates>17.1136610000,-9.5891270000,0</coordinates>
      </Point>
    </Placemark>
    <Placemark>
      <name>Vermelho</name>
      <styleUrl>#style_Vermelho</styleUrl>
      <Point>
        <coordinates>17.1138370000,-9.5891750000,0</coordinates>
      </Point>
    </Placemark>
    <Placemark>
      <name>Vermelho</name>
      <styleUrl>#style_Vermelho</styleUrl>
      <Point>
        <coordinates>17.1140120000,-9.5892230000,0</coordinates>
      </Point>
    </Placemark>
    <Placemark>
      <name>Vermelho</name>
      <styleUrl>#style_Vermelho</styleUrl>
      <Point>
        <coordinates>17.1141880000,-9.5892710000,0</coordinates>
      </Point>
    </Placemark>
    <Placemark>
      <name>Vermelho</name>
      <styleUrl>#style_Vermelho</styleUrl>
      <Point>
        <coordinates>17.1143640000,-9.5893190000,0</coordinates>
      </Point>
    </Placemark>
    <Placemark>
      <name>Vermelho</name>
      <styleUrl>#style_Vermelho</styleUrl>
      <Point>
        <coordinates>17.1145390000,-9.5893660000,0</coordinates>
      </Point>
    </Placemark>
    <Placemark>
      <name>Vermelho</name>
      <styleUrl>#style_Vermelho</styleUrl>
      <Point>
        <coordinates>17.1147150000,-9.5894130000,0</coordinates>
      </Point>
    </Placemark>
    <Placemark>
      <name>Vermelho</name>
      <styleUrl>#style_Vermelho</styleUrl>
      <Point>
        <coordinates>17.1148910000,-9.5894600000,0</coordinates>
      </Point>
    </Placemark>
    <Placemark>
      <name>Vermelho</name>
      <styleUrl>#style_Vermelho</styleUrl>
      <Point>
        <coordinates>17.1150670000,-9.5895070000,0</coordinates>
      </Point>
    </Placemark>
    <Placemark>
      <name>Vermelho</name>
      <styleUrl>#style_Vermelho</styleUrl>
      <Point>
        <coordinates>17.1152430000,-9.5895540000,0</coordinates>
      </Point>
    </Placemark>
    <Placemark>
      <name>Vermelho</name>
      <styleUrl>#style_Vermelho</styleUrl>
      <Point>
        <coordinates>17.1154190000,-9.5896010000,0</coordinates>
      </Point>
    </Placemark>
    <Placemark>
      <name>Vermelho</name>
      <styleUrl>#style_Vermelho</styleUrl>
      <Point>
        <coordinates>17.1155950000,-9.5896480000,0</coordinates>
      </Point>
    </Placemark>
    <Placemark>
      <name>Vermelho</name>
      <styleUrl>#style_Vermelho</styleUrl>
      <Point>
        <coordinates>17.1157700000,-9.5896960000,0</coordinates>
      </Point>
    </Placemark>
    <Placemark>
      <name>Vermelho</name>
      <styleUrl>#style_Vermelho</styleUrl>
      <Point>
        <coordinates>17.1159460000,-9.5897430000,0</coordinates>
      </Point>
    </Placemark>
    <Placemark>
      <name>Vermelho</name>
      <styleUrl>#style_Vermelho</styleUrl>
      <Point>
        <coordinates>17.1161220000,-9.5897900000,0</coordinates>
      </Point>
    </Placemark>
    <Placemark>
      <name>Vermelho</name>
      <styleUrl>#style_Vermelho</styleUrl>
      <Point>
        <coordinates>17.1162980000,-9.5898370000,0</coordinates>
      </Point>
    </Placemark>
    <Placemark>
      <name>Vermelho</name>
      <styleUrl>#style_Vermelho</styleUrl>
      <Point>
        <coordinates>17.1164740000,-9.5898840000,0</coordinates>
      </Point>
    </Placemark>
    <Placemark>
      <name>Vermelho</name>
      <styleUrl>#style_Vermelho</styleUrl>
      <Point>
        <coordinates>17.1166500000,-9.5899310000,0</coordinates>
      </Point>
    </Placemark>
    <Placemark>
      <name>Vermelho</name>
      <styleUrl>#style_Vermelho</styleUrl>
      <Point>
        <coordinates>17.1168260000,-9.5899780000,0</coordinates>
      </Point>
    </Placemark>
    <Placemark>
      <name>Vermelho</name>
      <styleUrl>#style_Vermelho</styleUrl>
      <Point>
        <coordinates>17.1170010000,-9.5900250000,0</coordinates>
      </Point>
    </Placemark>
    <Placemark>
      <name>Vermelho</name>
      <styleUrl>#style_Vermelho</styleUrl>
      <Point>
        <coordinates>17.1171770000,-9.5900730000,0</coordinates>
      </Point>
    </Placemark>
    <Placemark>
      <name>Vermelho</name>
      <styleUrl>#style_Vermelho</styleUrl>
      <Point>
        <coordinates>17.1173530000,-9.5901200000,0</coordinates>
      </Point>
    </Placemark>
    <Placemark>
      <name>Vermelho</name>
      <styleUrl>#style_Vermelho</styleUrl>
      <Point>
        <coordinates>17.1175290000,-9.5901670000,0</coordinates>
      </Point>
    </Placemark>
    <Placemark>
      <name>Vermelho</name>
      <styleUrl>#style_Vermelho</styleUrl>
      <Point>
        <coordinates>17.1177050000,-9.5902140000,0</coordinates>
      </Point>
    </Placemark>
    <Placemark>
      <name>Vermelho</name>
      <styleUrl>#style_Vermelho</styleUrl>
      <Point>
        <coordinates>17.1178810000,-9.5902610000,0</coordinates>
      </Point>
    </Placemark>
    <Placemark>
      <name>Vermelho</name>
      <styleUrl>#style_Vermelho</styleUrl>
      <Point>
        <coordinates>17.1180560000,-9.5903080000,0</coordinates>
      </Point>
    </Placemark>
    <Placemark>
      <name>Vermelho</name>
      <styleUrl>#style_Vermelho</styleUrl>
      <Point>
        <coordinates>17.1182320000,-9.5903550000,0</coordinates>
      </Point>
    </Placemark>
    <Placemark>
      <name>Vermelho</name>
      <styleUrl>#style_Vermelho</styleUrl>
      <Point>
        <coordinates>17.1184080000,-9.5904030000,0</coordinates>
      </Point>
    </Placemark>
    <Placemark>
      <name>Vermelho</name>
      <styleUrl>#style_Vermelho</styleUrl>
      <Point>
        <coordinates>17.1185840000,-9.5904500000,0</coordinates>
      </Point>
    </Placemark>
    <Placemark>
      <name>Vermelho</name>
      <styleUrl>#style_Vermelho</styleUrl>
      <Point>
        <coordinates>17.1187600000,-9.5904970000,0</coordinates>
      </Point>
    </Placemark>
    <Placemark>
      <name>Vermelho</name>
      <styleUrl>#style_Vermelho</styleUrl>
      <Point>
        <coordinates>17.1189350000,-9.5905440000,0</coordinates>
      </Point>
    </Placemark>
    <Placemark>
      <name>Vermelho</name>
      <styleUrl>#style_Vermelho</styleUrl>
      <Point>
        <coordinates>17.1191110000,-9.5905920000,0</coordinates>
      </Point>
    </Placemark>
    <Placemark>
      <name>Vermelho</name>
      <styleUrl>#style_Vermelho</styleUrl>
      <Point>
        <coordinates>17.1192870000,-9.5906390000,0</coordinates>
      </Point>
    </Placemark>
    <Placemark>
      <name>Vermelho</name>
      <styleUrl>#style_Vermelho</styleUrl>
      <Point>
        <coordinates>17.1194630000,-9.5906860000,0</coordinates>
      </Point>
    </Placemark>
    <Placemark>
      <name>Vermelho</name>
      <styleUrl>#style_Vermelho</styleUrl>
      <Point>
        <coordinates>17.1196390000,-9.5907340000,0</coordinates>
      </Point>
    </Placemark>
    <Placemark>
      <name>Vermelho</name>
      <styleUrl>#style_Vermelho</styleUrl>
      <Point>
        <coordinates>17.1198140000,-9.5907810000,0</coordinates>
      </Point>
    </Placemark>
    <Placemark>
      <name>Vermelho</name>
      <styleUrl>#style_Vermelho</styleUrl>
      <Point>
        <coordinates>17.1199900000,-9.5908280000,0</coordinates>
      </Point>
    </Placemark>
    <Placemark>
      <name>Vermelho</name>
      <styleUrl>#style_Vermelho</styleUrl>
      <Point>
        <coordinates>17.1201660000,-9.5908750000,0</coordinates>
      </Point>
    </Placemark>
    <Placemark>
      <name>Vermelho</name>
      <styleUrl>#style_Vermelho</styleUrl>
      <Point>
        <coordinates>17.1203420000,-9.5909230000,0</coordinates>
      </Point>
    </Placemark>
    <Placemark>
      <name>Vermelho</name>
      <styleUrl>#style_Vermelho</styleUrl>
      <Point>
        <coordinates>17.1205180000,-9.5909700000,0</coordinates>
      </Point>
    </Placemark>
    <Placemark>
      <name>Vermelho</name>
      <styleUrl>#style_Vermelho</styleUrl>
      <Point>
        <coordinates>17.1206940000,-9.5910170000,0</coordinates>
      </Point>
    </Placemark>
    <Placemark>
      <name>Vermelho</name>
      <styleUrl>#style_Vermelho</styleUrl>
      <Point>
        <coordinates>17.1208700000,-9.5910630000,0</coordinates>
      </Point>
    </Placemark>
    <Placemark>
      <name>Vermelho</name>
      <styleUrl>#style_Vermelho</styleUrl>
      <Point>
        <coordinates>17.1210460000,-9.5911100000,0</coordinates>
      </Point>
    </Placemark>
    <Placemark>
      <name>Vermelho</name>
      <styleUrl>#style_Vermelho</styleUrl>
      <Point>
        <coordinates>17.1212220000,-9.5911570000,0</coordinates>
      </Point>
    </Placemark>
    <Placemark>
      <name>Vermelho</name>
      <styleUrl>#style_Vermelho</styleUrl>
      <Point>
        <coordinates>17.1213980000,-9.5912030000,0</coordinates>
      </Point>
    </Placemark>
    <Placemark>
      <name>Vermelho</name>
      <styleUrl>#style_Vermelho</styleUrl>
      <Point>
        <coordinates>17.1215740000,-9.5912500000,0</coordinates>
      </Point>
    </Placemark>
    <Placemark>
      <name>Vermelho</name>
      <styleUrl>#style_Vermelho</styleUrl>
      <Point>
        <coordinates>17.1217500000,-9.5912960000,0</coordinates>
      </Point>
    </Placemark>
    <Placemark>
      <name>Vermelho</name>
      <styleUrl>#style_Vermelho</styleUrl>
      <Point>
        <coordinates>17.1219260000,-9.5913430000,0</coordinates>
      </Point>
    </Placemark>
    <Placemark>
      <name>Vermelho</name>
      <styleUrl>#style_Vermelho</styleUrl>
      <Point>
        <coordinates>17.1221010000,-9.5913900000,0</coordinates>
      </Point>
    </Placemark>
    <Placemark>
      <name>Vermelho</name>
      <styleUrl>#style_Vermelho</styleUrl>
      <Point>
        <coordinates>17.1222770000,-9.5914380000,0</coordinates>
      </Point>
    </Placemark>
    <Placemark>
      <name>Vermelho</name>
      <styleUrl>#style_Vermelho</styleUrl>
      <Point>
        <coordinates>17.1224530000,-9.5914850000,0</coordinates>
      </Point>
    </Placemark>
    <Placemark>
      <name>Vermelho</name>
      <styleUrl>#style_Vermelho</styleUrl>
      <Point>
        <coordinates>17.1226290000,-9.5915320000,0</coordinates>
      </Point>
    </Placemark>
    <Placemark>
      <name>Vermelho</name>
      <styleUrl>#style_Vermelho</styleUrl>
      <Point>
        <coordinates>17.1228050000,-9.5915790000,0</coordinates>
      </Point>
    </Placemark>
    <Placemark>
      <name>Vermelho</name>
      <styleUrl>#style_Vermelho</styleUrl>
      <Point>
        <coordinates>17.1229800000,-9.5916260000,0</coordinates>
      </Point>
    </Placemark>
    <Placemark>
      <name>Vermelho</name>
      <styleUrl>#style_Vermelho</styleUrl>
      <Point>
        <coordinates>17.1231560000,-9.5916730000,0</coordinates>
      </Point>
    </Placemark>
    <Placemark>
      <name>Vermelho</name>
      <styleUrl>#style_Vermelho</styleUrl>
      <Point>
        <coordinates>17.1233320000,-9.5917200000,0</coordinates>
      </Point>
    </Placemark>
    <Placemark>
      <name>Vermelho</name>
      <styleUrl>#style_Vermelho</styleUrl>
      <Point>
        <coordinates>17.1235080000,-9.5917670000,0</coordinates>
      </Point>
    </Placemark>
    <Placemark>
      <name>Vermelho</name>
      <styleUrl>#style_Vermelho</styleUrl>
      <Point>
        <coordinates>17.1236840000,-9.5918140000,0</coordinates>
      </Point>
    </Placemark>
    <Placemark>
      <name>Vermelho</name>
      <styleUrl>#style_Vermelho</styleUrl>
      <Point>
        <coordinates>17.1238600000,-9.5918610000,0</coordinates>
      </Point>
    </Placemark>
    <Placemark>
      <name>Vermelho</name>
      <styleUrl>#style_Vermelho</styleUrl>
      <Point>
        <coordinates>17.1240360000,-9.5919080000,0</coordinates>
      </Point>
    </Placemark>
    <Placemark>
      <name>Vermelho</name>
      <styleUrl>#style_Vermelho</styleUrl>
      <Point>
        <coordinates>17.1242120000,-9.5919550000,0</coordinates>
      </Point>
    </Placemark>
    <Placemark>
      <name>Vermelho</name>
      <styleUrl>#style_Vermelho</styleUrl>
      <Point>
        <coordinates>17.1243880000,-9.5920020000,0</coordinates>
      </Point>
    </Placemark>
    <Placemark>
      <name>Vermelho</name>
      <styleUrl>#style_Vermelho</styleUrl>
      <Point>
        <coordinates>17.1245630000,-9.5920490000,0</coordinates>
      </Point>
    </Placemark>
    <Placemark>
      <name>Vermelho</name>
      <styleUrl>#style_Vermelho</styleUrl>
      <Point>
        <coordinates>17.1247390000,-9.5920960000,0</coordinates>
      </Point>
    </Placemark>
    <Placemark>
      <name>Vermelho</name>
      <styleUrl>#style_Vermelho</styleUrl>
      <Point>
        <coordinates>17.1249150000,-9.5921430000,0</coordinates>
      </Point>
    </Placemark>
    <Placemark>
      <name>Vermelho</name>
      <styleUrl>#style_Vermelho</styleUrl>
      <Point>
        <coordinates>17.1250910000,-9.5921900000,0</coordinates>
      </Point>
    </Placemark>
    <Placemark>
      <name>Vermelho</name>
      <styleUrl>#style_Vermelho</styleUrl>
      <Point>
        <coordinates>17.1252670000,-9.5922370000,0</coordinates>
      </Point>
    </Placemark>
    <Placemark>
      <name>Vermelho</name>
      <styleUrl>#style_Vermelho</styleUrl>
      <Point>
        <coordinates>17.1254430000,-9.5922840000,0</coordinates>
      </Point>
    </Placemark>
    <Placemark>
      <name>Vermelho</name>
      <styleUrl>#style_Vermelho</styleUrl>
      <Point>
        <coordinates>17.1256190000,-9.5923310000,0</coordinates>
      </Point>
    </Placemark>
    <Placemark>
      <name>Vermelho</name>
      <styleUrl>#style_Vermelho</styleUrl>
      <Point>
        <coordinates>17.1257950000,-9.5923780000,0</coordinates>
      </Point>
    </Placemark>
    <Placemark>
      <name>Vermelho</name>
      <styleUrl>#style_Vermelho</styleUrl>
      <Point>
        <coordinates>17.1259700000,-9.5924250000,0</coordinates>
      </Point>
    </Placemark>
    <Placemark>
      <name>Vermelho</name>
      <styleUrl>#style_Vermelho</styleUrl>
      <Point>
        <coordinates>17.1261460000,-9.5924720000,0</coordinates>
      </Point>
    </Placemark>
    <Placemark>
      <name>Vermelho</name>
      <styleUrl>#style_Vermelho</styleUrl>
      <Point>
        <coordinates>17.1263220000,-9.5925200000,0</coordinates>
      </Point>
    </Placemark>
    <Placemark>
      <name>Vermelho</name>
      <styleUrl>#style_Vermelho</styleUrl>
      <Point>
        <coordinates>17.1264980000,-9.5925680000,0</coordinates>
      </Point>
    </Placemark>
    <Placemark>
      <name>Vermelho</name>
      <styleUrl>#style_Vermelho</styleUrl>
      <Point>
        <coordinates>17.1266730000,-9.5926160000,0</coordinates>
      </Point>
    </Placemark>
    <Placemark>
      <name>Vermelho</name>
      <styleUrl>#style_Vermelho</styleUrl>
      <Point>
        <coordinates>17.1268490000,-9.5926640000,0</coordinates>
      </Point>
    </Placemark>
    <Placemark>
      <name>Vermelho</name>
      <styleUrl>#style_Vermelho</styleUrl>
      <Point>
        <coordinates>17.1270240000,-9.5927120000,0</coordinates>
      </Point>
    </Placemark>
    <Placemark>
      <name>Vermelho</name>
      <styleUrl>#style_Vermelho</styleUrl>
      <Point>
        <coordinates>17.1272000000,-9.5927610000,0</coordinates>
      </Point>
    </Placemark>
    <Placemark>
      <name>Vermelho</name>
      <styleUrl>#style_Vermelho</styleUrl>
      <Point>
        <coordinates>17.1273750000,-9.5928090000,0</coordinates>
      </Point>
    </Placemark>
    <Placemark>
      <name>Vermelho</name>
      <styleUrl>#style_Vermelho</styleUrl>
      <Point>
        <coordinates>17.1275480000,-9.5928660000,0</coordinates>
      </Point>
    </Placemark>
    <Placemark>
      <name>Vermelho</name>
      <styleUrl>#style_Vermelho</styleUrl>
      <Point>
        <coordinates>17.1277200000,-9.5929250000,0</coordinates>
      </Point>
    </Placemark>
    <Placemark>
      <name>Vermelho</name>
      <styleUrl>#style_Vermelho</styleUrl>
      <Point>
        <coordinates>17.1278920000,-9.5929860000,0</coordinates>
      </Point>
    </Placemark>
    <Placemark>
      <name>Vermelho</name>
      <styleUrl>#style_Vermelho</styleUrl>
      <Point>
        <coordinates>17.1280590000,-9.5930580000,0</coordinates>
      </Point>
    </Placemark>
    <Placemark>
      <name>Vermelho</name>
      <styleUrl>#style_Vermelho</styleUrl>
      <Point>
        <coordinates>17.1282260000,-9.5931290000,0</coordinates>
      </Point>
    </Placemark>
    <Placemark>
      <name>Vermelho</name>
      <styleUrl>#style_Vermelho</styleUrl>
      <Point>
        <coordinates>17.1283920000,-9.5932050000,0</coordinates>
      </Point>
    </Placemark>
    <Placemark>
      <name>Vermelho</name>
      <styleUrl>#style_Vermelho</styleUrl>
      <Point>
        <coordinates>17.1285560000,-9.5932830000,0</coordinates>
      </Point>
    </Placemark>
    <Placemark>
      <name>Vermelho</name>
      <styleUrl>#style_Vermelho</styleUrl>
      <Point>
        <coordinates>17.1287200000,-9.5933610000,0</coordinates>
      </Point>
    </Placemark>
    <Placemark>
      <name>Vermelho</name>
      <styleUrl>#style_Vermelho</styleUrl>
      <Point>
        <coordinates>17.1288840000,-9.5934390000,0</coordinates>
      </Point>
    </Placemark>
    <Placemark>
      <name>Vermelho</name>
      <styleUrl>#style_Vermelho</styleUrl>
      <Point>
        <coordinates>17.1290490000,-9.5935170000,0</coordinates>
      </Point>
    </Placemark>
    <Placemark>
      <name>Vermelho</name>
      <styleUrl>#style_Vermelho</styleUrl>
      <Point>
        <coordinates>17.1292130000,-9.5935950000,0</coordinates>
      </Point>
    </Placemark>
    <Placemark>
      <name>Vermelho</name>
      <styleUrl>#style_Vermelho</styleUrl>
      <Point>
        <coordinates>17.1293780000,-9.5936730000,0</coordinates>
      </Point>
    </Placemark>
    <Placemark>
      <name>Vermelho</name>
      <styleUrl>#style_Vermelho</styleUrl>
      <Point>
        <coordinates>17.1295420000,-9.5937500000,0</coordinates>
      </Point>
    </Placemark>
    <Placemark>
      <name>Vermelho</name>
      <styleUrl>#style_Vermelho</styleUrl>
      <Point>
        <coordinates>17.1297060000,-9.5938280000,0</coordinates>
      </Point>
    </Placemark>
    <Placemark>
      <name>Vermelho</name>
      <styleUrl>#style_Vermelho</styleUrl>
      <Point>
        <coordinates>17.1298710000,-9.5939060000,0</coordinates>
      </Point>
    </Placemark>
    <Placemark>
      <name>Vermelho</name>
      <styleUrl>#style_Vermelho</styleUrl>
      <Point>
        <coordinates>17.1300350000,-9.5939840000,0</coordinates>
      </Point>
    </Placemark>
    <Placemark>
      <name>Vermelho</name>
      <styleUrl>#style_Vermelho</styleUrl>
      <Point>
        <coordinates>17.1302000000,-9.5940610000,0</coordinates>
      </Point>
    </Placemark>
    <Placemark>
      <name>Vermelho</name>
      <styleUrl>#style_Vermelho</styleUrl>
      <Point>
        <coordinates>17.1303640000,-9.5941400000,0</coordinates>
      </Point>
    </Placemark>
    <Placemark>
      <name>Vermelho</name>
      <styleUrl>#style_Vermelho</styleUrl>
      <Point>
        <coordinates>17.1305280000,-9.5942180000,0</coordinates>
      </Point>
    </Placemark>
    <Placemark>
      <name>Vermelho</name>
      <styleUrl>#style_Vermelho</styleUrl>
      <Point>
        <coordinates>17.1306920000,-9.5942970000,0</coordinates>
      </Point>
    </Placemark>
    <Placemark>
      <name>Vermelho</name>
      <styleUrl>#style_Vermelho</styleUrl>
      <Point>
        <coordinates>17.1308560000,-9.5943750000,0</coordinates>
      </Point>
    </Placemark>
    <Placemark>
      <name>Vermelho</name>
      <styleUrl>#style_Vermelho</styleUrl>
      <Point>
        <coordinates>17.1310200000,-9.5944540000,0</coordinates>
      </Point>
    </Placemark>
    <Placemark>
      <name>Vermelho</name>
      <styleUrl>#style_Vermelho</styleUrl>
      <Point>
        <coordinates>17.1311840000,-9.5945320000,0</coordinates>
      </Point>
    </Placemark>
    <Placemark>
      <name>Vermelho</name>
      <styleUrl>#style_Vermelho</styleUrl>
      <Point>
        <coordinates>17.1313480000,-9.5946100000,0</coordinates>
      </Point>
    </Placemark>
    <Placemark>
      <name>Vermelho</name>
      <styleUrl>#style_Vermelho</styleUrl>
      <Point>
        <coordinates>17.1315130000,-9.5946890000,0</coordinates>
      </Point>
    </Placemark>
    <Placemark>
      <name>Vermelho</name>
      <styleUrl>#style_Vermelho</styleUrl>
      <Point>
        <coordinates>17.1316770000,-9.5947670000,0</coordinates>
      </Point>
    </Placemark>
    <Placemark>
      <name>Vermelho</name>
      <styleUrl>#style_Vermelho</styleUrl>
      <Point>
        <coordinates>17.1318410000,-9.5948450000,0</coordinates>
      </Point>
    </Placemark>
    <Placemark>
      <name>Vermelho</name>
      <styleUrl>#style_Vermelho</styleUrl>
      <Point>
        <coordinates>17.1320060000,-9.5949230000,0</coordinates>
      </Point>
    </Placemark>
    <Placemark>
      <name>Vermelho</name>
      <styleUrl>#style_Vermelho</styleUrl>
      <Point>
        <coordinates>17.1321700000,-9.5950010000,0</coordinates>
      </Point>
    </Placemark>
    <Placemark>
      <name>Vermelho</name>
      <styleUrl>#style_Vermelho</styleUrl>
      <Point>
        <coordinates>17.1323340000,-9.5950780000,0</coordinates>
      </Point>
    </Placemark>
    <Placemark>
      <name>Vermelho</name>
      <styleUrl>#style_Vermelho</styleUrl>
      <Point>
        <coordinates>17.1324990000,-9.5951560000,0</coordinates>
      </Point>
    </Placemark>
    <Placemark>
      <name>Vermelho</name>
      <styleUrl>#style_Vermelho</styleUrl>
      <Point>
        <coordinates>17.1326630000,-9.5952340000,0</coordinates>
      </Point>
    </Placemark>
    <Placemark>
      <name>Vermelho</name>
      <styleUrl>#style_Vermelho</styleUrl>
      <Point>
        <coordinates>17.1328270000,-9.5953120000,0</coordinates>
      </Point>
    </Placemark>
    <Placemark>
      <name>Vermelho</name>
      <styleUrl>#style_Vermelho</styleUrl>
      <Point>
        <coordinates>17.1329910000,-9.5953920000,0</coordinates>
      </Point>
    </Placemark>
    <Placemark>
      <name>Vermelho</name>
      <styleUrl>#style_Vermelho</styleUrl>
      <Point>
        <coordinates>17.1331540000,-9.5954730000,0</coordinates>
      </Point>
    </Placemark>
    <Placemark>
      <name>Vermelho</name>
      <styleUrl>#style_Vermelho</styleUrl>
      <Point>
        <coordinates>17.1333170000,-9.5955530000,0</coordinates>
      </Point>
    </Placemark>
    <Placemark>
      <name>Vermelho</name>
      <styleUrl>#style_Vermelho</styleUrl>
      <Point>
        <coordinates>17.1334790000,-9.5956350000,0</coordinates>
      </Point>
    </Placemark>
    <Placemark>
      <name>Vermelho</name>
      <styleUrl>#style_Vermelho</styleUrl>
      <Point>
        <coordinates>17.1336410000,-9.5957190000,0</coordinates>
      </Point>
    </Placemark>
    <Placemark>
      <name>Vermelho</name>
      <styleUrl>#style_Vermelho</styleUrl>
      <Point>
        <coordinates>17.1337990000,-9.5958090000,0</coordinates>
      </Point>
    </Placemark>
    <Placemark>
      <name>Vermelho</name>
      <styleUrl>#style_Vermelho</styleUrl>
      <Point>
        <coordinates>17.1339550000,-9.5959020000,0</coordinates>
      </Point>
    </Placemark>
    <Placemark>
      <name>Vermelho</name>
      <styleUrl>#style_Vermelho</styleUrl>
      <Point>
        <coordinates>17.1341060000,-9.5960030000,0</coordinates>
      </Point>
    </Placemark>
    <Placemark>
      <name>Vermelho</name>
      <styleUrl>#style_Vermelho</styleUrl>
      <Point>
        <coordinates>17.1342540000,-9.5961080000,0</coordinates>
      </Point>
    </Placemark>
    <Placemark>
      <name>Vermelho</name>
      <styleUrl>#style_Vermelho</styleUrl>
      <Point>
        <coordinates>17.1344020000,-9.5962130000,0</coordinates>
      </Point>
    </Placemark>
    <Placemark>
      <name>Vermelho</name>
      <styleUrl>#style_Vermelho</styleUrl>
      <Point>
        <coordinates>17.1345480000,-9.5963220000,0</coordinates>
      </Point>
    </Placemark>
    <Placemark>
      <name>Vermelho</name>
      <styleUrl>#style_Vermelho</styleUrl>
      <Point>
        <coordinates>17.1346880000,-9.5964360000,0</coordinates>
      </Point>
    </Placemark>
    <Placemark>
      <name>Vermelho</name>
      <styleUrl>#style_Vermelho</styleUrl>
      <Point>
        <coordinates>17.1348290000,-9.5965510000,0</coordinates>
      </Point>
    </Placemark>
    <Placemark>
      <name>Vermelho</name>
      <styleUrl>#style_Vermelho</styleUrl>
      <Point>
        <coordinates>17.1349700000,-9.5966660000,0</coordinates>
      </Point>
    </Placemark>
    <Placemark>
      <name>Vermelho</name>
      <styleUrl>#style_Vermelho</styleUrl>
      <Point>
        <coordinates>17.1351100000,-9.5967820000,0</coordinates>
      </Point>
    </Placemark>
    <Placemark>
      <name>Vermelho</name>
      <styleUrl>#style_Vermelho</styleUrl>
      <Point>
        <coordinates>17.1352490000,-9.5968990000,0</coordinates>
      </Point>
    </Placemark>
    <Placemark>
      <name>Vermelho</name>
      <styleUrl>#style_Vermelho</styleUrl>
      <Point>
        <coordinates>17.1353860000,-9.5970170000,0</coordinates>
      </Point>
    </Placemark>
    <Placemark>
      <name>Vermelho</name>
      <styleUrl>#style_Vermelho</styleUrl>
      <Point>
        <coordinates>17.1355260000,-9.5971330000,0</coordinates>
      </Point>
    </Placemark>
    <Placemark>
      <name>Vermelho</name>
      <styleUrl>#style_Vermelho</styleUrl>
      <Point>
        <coordinates>17.1356670000,-9.5972480000,0</coordinates>
      </Point>
    </Placemark>
    <Placemark>
      <name>Vermelho</name>
      <styleUrl>#style_Vermelho</styleUrl>
      <Point>
        <coordinates>17.1358060000,-9.5973640000,0</coordinates>
      </Point>
    </Placemark>
    <Placemark>
      <name>Vermelho</name>
      <styleUrl>#style_Vermelho</styleUrl>
      <Point>
        <coordinates>17.1359450000,-9.5974810000,0</coordinates>
      </Point>
    </Placemark>
    <Placemark>
      <name>Vermelho</name>
      <styleUrl>#style_Vermelho</styleUrl>
      <Point>
        <coordinates>17.1360840000,-9.5975980000,0</coordinates>
      </Point>
    </Placemark>
    <Placemark>
      <name>Vermelho</name>
      <styleUrl>#style_Vermelho</styleUrl>
      <Point>
        <coordinates>17.1362240000,-9.5977140000,0</coordinates>
      </Point>
    </Placemark>
    <Placemark>
      <name>Vermelho</name>
      <styleUrl>#style_Vermelho</styleUrl>
      <Point>
        <coordinates>17.1363640000,-9.5978290000,0</coordinates>
      </Point>
    </Placemark>
    <Placemark>
      <name>Vermelho</name>
      <styleUrl>#style_Vermelho</styleUrl>
      <Point>
        <coordinates>17.1365040000,-9.5979450000,0</coordinates>
      </Point>
    </Placemark>
    <Placemark>
      <name>Vermelho</name>
      <styleUrl>#style_Vermelho</styleUrl>
      <Point>
        <coordinates>17.1366440000,-9.5980600000,0</coordinates>
      </Point>
    </Placemark>
    <Placemark>
      <name>Vermelho</name>
      <styleUrl>#style_Vermelho</styleUrl>
      <Point>
        <coordinates>17.1367850000,-9.5981750000,0</coordinates>
      </Point>
    </Placemark>
    <Placemark>
      <name>Vermelho</name>
      <styleUrl>#style_Vermelho</styleUrl>
      <Point>
        <coordinates>17.1369250000,-9.5982910000,0</coordinates>
      </Point>
    </Placemark>
    <Placemark>
      <name>Vermelho</name>
      <styleUrl>#style_Vermelho</styleUrl>
      <Point>
        <coordinates>17.1370660000,-9.5984050000,0</coordinates>
      </Point>
    </Placemark>
    <Placemark>
      <name>Vermelho</name>
      <styleUrl>#style_Vermelho</styleUrl>
      <Point>
        <coordinates>17.1372080000,-9.5985190000,0</coordinates>
      </Point>
    </Placemark>
    <Placemark>
      <name>Vermelho</name>
      <styleUrl>#style_Vermelho</styleUrl>
      <Point>
        <coordinates>17.1373500000,-9.5986320000,0</coordinates>
      </Point>
    </Placemark>
    <Placemark>
      <name>Vermelho</name>
      <styleUrl>#style_Vermelho</styleUrl>
      <Point>
        <coordinates>17.1374940000,-9.5987420000,0</coordinates>
      </Point>
    </Placemark>
    <Placemark>
      <name>Vermelho</name>
      <styleUrl>#style_Vermelho</styleUrl>
      <Point>
        <coordinates>17.1376390000,-9.5988510000,0</coordinates>
      </Point>
    </Placemark>
    <Placemark>
      <name>Vermelho</name>
      <styleUrl>#style_Vermelho</styleUrl>
      <Point>
        <coordinates>17.1377870000,-9.5989580000,0</coordinates>
      </Point>
    </Placemark>
    <Placemark>
      <name>Vermelho</name>
      <styleUrl>#style_Vermelho</styleUrl>
      <Point>
        <coordinates>17.1379340000,-9.5990640000,0</coordinates>
      </Point>
    </Placemark>
    <Placemark>
      <name>Vermelho</name>
      <styleUrl>#style_Vermelho</styleUrl>
      <Point>
        <coordinates>17.1380820000,-9.5991690000,0</coordinates>
      </Point>
    </Placemark>
    <Placemark>
      <name>Vermelho</name>
      <styleUrl>#style_Vermelho</styleUrl>
      <Point>
        <coordinates>17.1382300000,-9.5992740000,0</coordinates>
      </Point>
    </Placemark>
    <Placemark>
      <name>Vermelho</name>
      <styleUrl>#style_Vermelho</styleUrl>
      <Point>
        <coordinates>17.1383830000,-9.5993720000,0</coordinates>
      </Point>
    </Placemark>
    <Placemark>
      <name>Vermelho</name>
      <styleUrl>#style_Vermelho</styleUrl>
      <Point>
        <coordinates>17.1385370000,-9.5994700000,0</coordinates>
      </Point>
    </Placemark>
    <Placemark>
      <name>Vermelho</name>
      <styleUrl>#style_Vermelho</styleUrl>
      <Point>
        <coordinates>17.1386900000,-9.5995670000,0</coordinates>
      </Point>
    </Placemark>
    <Placemark>
      <name>Vermelho</name>
      <styleUrl>#style_Vermelho</styleUrl>
      <Point>
        <coordinates>17.1388420000,-9.5996670000,0</coordinates>
      </Point>
    </Placemark>
    <Placemark>
      <name>Vermelho</name>
      <styleUrl>#style_Vermelho</styleUrl>
      <Point>
        <coordinates>17.1389930000,-9.5997670000,0</coordinates>
      </Point>
    </Placemark>
    <Placemark>
      <name>Vermelho</name>
      <styleUrl>#style_Vermelho</styleUrl>
      <Point>
        <coordinates>17.1391460000,-9.5998660000,0</coordinates>
      </Point>
    </Placemark>
    <Placemark>
      <name>Vermelho</name>
      <styleUrl>#style_Vermelho</styleUrl>
      <Point>
        <coordinates>17.1392990000,-9.5999650000,0</coordinates>
      </Point>
    </Placemark>
    <Placemark>
      <name>Vermelho</name>
      <styleUrl>#style_Vermelho</styleUrl>
      <Point>
        <coordinates>17.1394510000,-9.6000630000,0</coordinates>
      </Point>
    </Placemark>
    <Placemark>
      <name>Vermelho</name>
      <styleUrl>#style_Vermelho</styleUrl>
      <Point>
        <coordinates>17.1396040000,-9.6001610000,0</coordinates>
      </Point>
    </Placemark>
    <Placemark>
      <name>Vermelho</name>
      <styleUrl>#style_Vermelho</styleUrl>
      <Point>
        <coordinates>17.1397570000,-9.6002600000,0</coordinates>
      </Point>
    </Placemark>
    <Placemark>
      <name>Vermelho</name>
      <styleUrl>#style_Vermelho</styleUrl>
      <Point>
        <coordinates>17.1399100000,-9.6003580000,0</coordinates>
      </Point>
    </Placemark>
    <Placemark>
      <name>Vermelho</name>
      <styleUrl>#style_Vermelho</styleUrl>
      <Point>
        <coordinates>17.1400620000,-9.6004570000,0</coordinates>
      </Point>
    </Placemark>
    <Placemark>
      <name>Vermelho</name>
      <styleUrl>#style_Vermelho</styleUrl>
      <Point>
        <coordinates>17.1402150000,-9.6005550000,0</coordinates>
      </Point>
    </Placemark>
    <Placemark>
      <name>Vermelho</name>
      <styleUrl>#style_Vermelho</styleUrl>
      <Point>
        <coordinates>17.1403680000,-9.6006540000,0</coordinates>
      </Point>
    </Placemark>
    <Placemark>
      <name>Vermelho</name>
      <styleUrl>#style_Vermelho</styleUrl>
      <Point>
        <coordinates>17.1405210000,-9.6007520000,0</coordinates>
      </Point>
    </Placemark>
    <Placemark>
      <name>Vermelho</name>
      <styleUrl>#style_Vermelho</styleUrl>
      <Point>
        <coordinates>17.1406740000,-9.6008510000,0</coordinates>
      </Point>
    </Placemark>
    <Placemark>
      <name>Vermelho</name>
      <styleUrl>#style_Vermelho</styleUrl>
      <Point>
        <coordinates>17.1408260000,-9.6009490000,0</coordinates>
      </Point>
    </Placemark>
    <Placemark>
      <name>Vermelho</name>
      <styleUrl>#style_Vermelho</styleUrl>
      <Point>
        <coordinates>17.1409780000,-9.6010490000,0</coordinates>
      </Point>
    </Placemark>
    <Placemark>
      <name>Vermelho</name>
      <styleUrl>#style_Vermelho</styleUrl>
      <Point>
        <coordinates>17.1411300000,-9.6011490000,0</coordinates>
      </Point>
    </Placemark>
    <Placemark>
      <name>Vermelho</name>
      <styleUrl>#style_Vermelho</styleUrl>
      <Point>
        <coordinates>17.1412820000,-9.6012480000,0</coordinates>
      </Point>
    </Placemark>
    <Placemark>
      <name>Vermelho</name>
      <styleUrl>#style_Vermelho</styleUrl>
      <Point>
        <coordinates>17.1414350000,-9.6013470000,0</coordinates>
      </Point>
    </Placemark>
    <Placemark>
      <name>Vermelho</name>
      <styleUrl>#style_Vermelho</styleUrl>
      <Point>
        <coordinates>17.1415880000,-9.6014450000,0</coordinates>
      </Point>
    </Placemark>
    <Placemark>
      <name>Vermelho</name>
      <styleUrl>#style_Vermelho</styleUrl>
      <Point>
        <coordinates>17.1417400000,-9.6015440000,0</coordinates>
      </Point>
    </Placemark>
    <Placemark>
      <name>Vermelho</name>
      <styleUrl>#style_Vermelho</styleUrl>
      <Point>
        <coordinates>17.1418920000,-9.6016430000,0</coordinates>
      </Point>
    </Placemark>
    <Placemark>
      <name>Vermelho</name>
      <styleUrl>#style_Vermelho</styleUrl>
      <Point>
        <coordinates>17.1420450000,-9.6017420000,0</coordinates>
      </Point>
    </Placemark>
    <Placemark>
      <name>Vermelho</name>
      <styleUrl>#style_Vermelho</styleUrl>
      <Point>
        <coordinates>17.1421970000,-9.6018410000,0</coordinates>
      </Point>
    </Placemark>
    <Placemark>
      <name>Vermelho</name>
      <styleUrl>#style_Vermelho</styleUrl>
      <Point>
        <coordinates>17.1423500000,-9.6019390000,0</coordinates>
      </Point>
    </Placemark>
    <Placemark>
      <name>Vermelho</name>
      <styleUrl>#style_Vermelho</styleUrl>
      <Point>
        <coordinates>17.1425030000,-9.6020370000,0</coordinates>
      </Point>
    </Placemark>
    <Placemark>
      <name>Vermelho</name>
      <styleUrl>#style_Vermelho</styleUrl>
      <Point>
        <coordinates>17.1426560000,-9.6021350000,0</coordinates>
      </Point>
    </Placemark>
    <Placemark>
      <name>Vermelho</name>
      <styleUrl>#style_Vermelho</styleUrl>
      <Point>
        <coordinates>17.1428080000,-9.6022350000,0</coordinates>
      </Point>
    </Placemark>
    <Placemark>
      <name>Vermelho</name>
      <styleUrl>#style_Vermelho</styleUrl>
      <Point>
        <coordinates>17.1429600000,-9.6023350000,0</coordinates>
      </Point>
    </Placemark>
    <Placemark>
      <name>Vermelho</name>
      <styleUrl>#style_Vermelho</styleUrl>
      <Point>
        <coordinates>17.1431120000,-9.6024350000,0</coordinates>
      </Point>
    </Placemark>
    <Placemark>
      <name>Vermelho</name>
      <styleUrl>#style_Vermelho</styleUrl>
      <Point>
        <coordinates>17.1432640000,-9.6025340000,0</coordinates>
      </Point>
    </Placemark>
    <Placemark>
      <name>Vermelho</name>
      <styleUrl>#style_Vermelho</styleUrl>
      <Point>
        <coordinates>17.1434180000,-9.6026310000,0</coordinates>
      </Point>
    </Placemark>
    <Placemark>
      <name>Vermelho</name>
      <styleUrl>#style_Vermelho</styleUrl>
      <Point>
        <coordinates>17.1435720000,-9.6027270000,0</coordinates>
      </Point>
    </Placemark>
    <Placemark>
      <name>Vermelho</name>
      <styleUrl>#style_Vermelho</styleUrl>
      <Point>
        <coordinates>17.1437260000,-9.6028230000,0</coordinates>
      </Point>
    </Placemark>
    <Placemark>
      <name>Vermelho</name>
      <styleUrl>#style_Vermelho</styleUrl>
      <Point>
        <coordinates>17.1438780000,-9.6029230000,0</coordinates>
      </Point>
    </Placemark>
    <Placemark>
      <name>Vermelho</name>
      <styleUrl>#style_Vermelho</styleUrl>
      <Point>
        <coordinates>17.1440310000,-9.6030220000,0</coordinates>
      </Point>
    </Placemark>
    <Placemark>
      <name>Vermelho</name>
      <styleUrl>#style_Vermelho</styleUrl>
      <Point>
        <coordinates>17.1441830000,-9.6031220000,0</coordinates>
      </Point>
    </Placemark>
    <Placemark>
      <name>Vermelho</name>
      <styleUrl>#style_Vermelho</styleUrl>
      <Point>
        <coordinates>17.1443350000,-9.6032210000,0</coordinates>
      </Point>
    </Placemark>
    <Placemark>
      <name>Vermelho</name>
      <styleUrl>#style_Vermelho</styleUrl>
      <Point>
        <coordinates>17.1444880000,-9.6033190000,0</coordinates>
      </Point>
    </Placemark>
    <Placemark>
      <name>Vermelho</name>
      <styleUrl>#style_Vermelho</styleUrl>
      <Point>
        <coordinates>17.1446440000,-9.6034120000,0</coordinates>
      </Point>
    </Placemark>
    <Placemark>
      <name>Vermelho</name>
      <styleUrl>#style_Vermelho</styleUrl>
      <Point>
        <coordinates>17.1448000000,-9.6035050000,0</coordinates>
      </Point>
    </Placemark>
    <Placemark>
      <name>Vermelho</name>
      <styleUrl>#style_Vermelho</styleUrl>
      <Point>
        <coordinates>17.1449570000,-9.6035970000,0</coordinates>
      </Point>
    </Placemark>
    <Placemark>
      <name>Vermelho</name>
      <styleUrl>#style_Vermelho</styleUrl>
      <Point>
        <coordinates>17.1451160000,-9.6036850000,0</coordinates>
      </Point>
    </Placemark>
    <Placemark>
      <name>Vermelho</name>
      <styleUrl>#style_Vermelho</styleUrl>
      <Point>
        <coordinates>17.1452750000,-9.6037740000,0</coordinates>
      </Point>
    </Placemark>
    <Placemark>
      <name>Vermelho</name>
      <styleUrl>#style_Vermelho</styleUrl>
      <Point>
        <coordinates>17.1454330000,-9.6038620000,0</coordinates>
      </Point>
    </Placemark>
    <Placemark>
      <name>Vermelho</name>
      <styleUrl>#style_Vermelho</styleUrl>
      <Point>
        <coordinates>17.1455930000,-9.6039490000,0</coordinates>
      </Point>
    </Placemark>
    <Placemark>
      <name>Vermelho</name>
      <styleUrl>#style_Vermelho</styleUrl>
      <Point>
        <coordinates>17.1457550000,-9.6040320000,0</coordinates>
      </Point>
    </Placemark>
    <Placemark>
      <name>Vermelho</name>
      <styleUrl>#style_Vermelho</styleUrl>
      <Point>
        <coordinates>17.1459170000,-9.6041150000,0</coordinates>
      </Point>
    </Placemark>
    <Placemark>
      <name>Vermelho</name>
      <styleUrl>#style_Vermelho</styleUrl>
      <Point>
        <coordinates>17.1460790000,-9.6041970000,0</coordinates>
      </Point>
    </Placemark>
    <Placemark>
      <name>Vermelho</name>
      <styleUrl>#style_Vermelho</styleUrl>
      <Point>
        <coordinates>17.1462410000,-9.6042800000,0</coordinates>
      </Point>
    </Placemark>
    <Placemark>
      <name>Vermelho</name>
      <styleUrl>#style_Vermelho</styleUrl>
      <Point>
        <coordinates>17.1464020000,-9.6043650000,0</coordinates>
      </Point>
    </Placemark>
    <Placemark>
      <name>Vermelho</name>
      <styleUrl>#style_Vermelho</styleUrl>
      <Point>
        <coordinates>17.1465630000,-9.6044490000,0</coordinates>
      </Point>
    </Placemark>
    <Placemark>
      <name>Vermelho</name>
      <styleUrl>#style_Vermelho</styleUrl>
      <Point>
        <coordinates>17.1467240000,-9.6045330000,0</coordinates>
      </Point>
    </Placemark>
    <Placemark>
      <name>Vermelho</name>
      <styleUrl>#style_Vermelho</styleUrl>
      <Point>
        <coordinates>17.1468880000,-9.6046130000,0</coordinates>
      </Point>
    </Placemark>
    <Placemark>
      <name>Vermelho</name>
      <styleUrl>#style_Vermelho</styleUrl>
      <Point>
        <coordinates>17.1470510000,-9.6046930000,0</coordinates>
      </Point>
    </Placemark>
    <Placemark>
      <name>Vermelho</name>
      <styleUrl>#style_Vermelho</styleUrl>
      <Point>
        <coordinates>17.1472160000,-9.6047710000,0</coordinates>
      </Point>
    </Placemark>
    <Placemark>
      <name>Vermelho</name>
      <styleUrl>#style_Vermelho</styleUrl>
      <Point>
        <coordinates>17.1473840000,-9.6048390000,0</coordinates>
      </Point>
    </Placemark>
    <Placemark>
      <name>Vermelho</name>
      <styleUrl>#style_Vermelho</styleUrl>
      <Point>
        <coordinates>17.1475530000,-9.6049070000,0</coordinates>
      </Point>
    </Placemark>
    <Placemark>
      <name>Vermelho</name>
      <styleUrl>#style_Vermelho</styleUrl>
      <Point>
        <coordinates>17.1477250000,-9.6049670000,0</coordinates>
      </Point>
    </Placemark>
    <Placemark>
      <name>Vermelho</name>
      <styleUrl>#style_Vermelho</styleUrl>
      <Point>
        <coordinates>17.1478970000,-9.6050270000,0</coordinates>
      </Point>
    </Placemark>
    <Placemark>
      <name>Vermelho</name>
      <styleUrl>#style_Vermelho</styleUrl>
      <Point>
        <coordinates>17.1480700000,-9.6050830000,0</coordinates>
      </Point>
    </Placemark>
    <Placemark>
      <name>Vermelho</name>
      <styleUrl>#style_Vermelho</styleUrl>
      <Point>
        <coordinates>17.1482440000,-9.6051360000,0</coordinates>
      </Point>
    </Placemark>
    <Placemark>
      <name>Vermelho</name>
      <styleUrl>#style_Vermelho</styleUrl>
      <Point>
        <coordinates>17.1484200000,-9.6051800000,0</coordinates>
      </Point>
    </Placemark>
    <Placemark>
      <name>Vermelho</name>
      <styleUrl>#style_Vermelho</styleUrl>
      <Point>
        <coordinates>17.1485970000,-9.6052240000,0</coordinates>
      </Point>
    </Placemark>
    <Placemark>
      <name>Vermelho</name>
      <styleUrl>#style_Vermelho</styleUrl>
      <Point>
        <coordinates>17.1487750000,-9.6052630000,0</coordinates>
      </Point>
    </Placemark>
    <Placemark>
      <name>Vermelho</name>
      <styleUrl>#style_Vermelho</styleUrl>
      <Point>
        <coordinates>17.1489540000,-9.6052980000,0</coordinates>
      </Point>
    </Placemark>
    <Placemark>
      <name>Vermelho</name>
      <styleUrl>#style_Vermelho</styleUrl>
      <Point>
        <coordinates>17.1491330000,-9.6053310000,0</coordinates>
      </Point>
    </Placemark>
    <Placemark>
      <name>Vermelho</name>
      <styleUrl>#style_Vermelho</styleUrl>
      <Point>
        <coordinates>17.1493120000,-9.6053610000,0</coordinates>
      </Point>
    </Placemark>
    <Placemark>
      <name>Vermelho</name>
      <styleUrl>#style_Vermelho</styleUrl>
      <Point>
        <coordinates>17.1494920000,-9.6053930000,0</coordinates>
      </Point>
    </Placemark>
    <Placemark>
      <name>Vermelho</name>
      <styleUrl>#style_Vermelho</styleUrl>
      <Point>
        <coordinates>17.1496710000,-9.6054270000,0</coordinates>
      </Point>
    </Placemark>
    <Placemark>
      <name>Vermelho</name>
      <styleUrl>#style_Vermelho</styleUrl>
      <Point>
        <coordinates>17.1498490000,-9.6054630000,0</coordinates>
      </Point>
    </Placemark>
    <Placemark>
      <name>Vermelho</name>
      <styleUrl>#style_Vermelho</styleUrl>
      <Point>
        <coordinates>17.1500260000,-9.6055040000,0</coordinates>
      </Point>
    </Placemark>
    <Placemark>
      <name>Vermelho</name>
      <styleUrl>#style_Vermelho</styleUrl>
      <Point>
        <coordinates>17.1502040000,-9.6055440000,0</coordinates>
      </Point>
    </Placemark>
    <Placemark>
      <name>Vermelho</name>
      <styleUrl>#style_Vermelho</styleUrl>
      <Point>
        <coordinates>17.1503820000,-9.6055830000,0</coordinates>
      </Point>
    </Placemark>
    <Placemark>
      <name>Vermelho</name>
      <styleUrl>#style_Vermelho</styleUrl>
      <Point>
        <coordinates>17.1505600000,-9.6056220000,0</coordinates>
      </Point>
    </Placemark>
    <Placemark>
      <name>Vermelho</name>
      <styleUrl>#style_Vermelho</styleUrl>
      <Point>
        <coordinates>17.1507360000,-9.6056660000,0</coordinates>
      </Point>
    </Placemark>
    <Placemark>
      <name>Vermelho</name>
      <styleUrl>#style_Vermelho</styleUrl>
      <Point>
        <coordinates>17.1509130000,-9.6057100000,0</coordinates>
      </Point>
    </Placemark>
    <Placemark>
      <name>Vermelho</name>
      <styleUrl>#style_Vermelho</styleUrl>
      <Point>
        <coordinates>17.1510890000,-9.6057550000,0</coordinates>
      </Point>
    </Placemark>
    <Placemark>
      <name>Vermelho</name>
      <styleUrl>#style_Vermelho</styleUrl>
      <Point>
        <coordinates>17.1512660000,-9.6058010000,0</coordinates>
      </Point>
    </Placemark>
    <Placemark>
      <name>Vermelho</name>
      <styleUrl>#style_Vermelho</styleUrl>
      <Point>
        <coordinates>17.1514420000,-9.6058470000,0</coordinates>
      </Point>
    </Placemark>
    <Placemark>
      <name>Vermelho</name>
      <styleUrl>#style_Vermelho</styleUrl>
      <Point>
        <coordinates>17.1516180000,-9.6058920000,0</coordinates>
      </Point>
    </Placemark>
    <Placemark>
      <name>Vermelho</name>
      <styleUrl>#style_Vermelho</styleUrl>
      <Point>
        <coordinates>17.1517950000,-9.6059370000,0</coordinates>
      </Point>
    </Placemark>
    <Placemark>
      <name>Vermelho</name>
      <styleUrl>#style_Vermelho</styleUrl>
      <Point>
        <coordinates>17.1519710000,-9.6059830000,0</coordinates>
      </Point>
    </Placemark>
    <Placemark>
      <name>Vermelho</name>
      <styleUrl>#style_Vermelho</styleUrl>
      <Point>
        <coordinates>17.1521470000,-9.6060280000,0</coordinates>
      </Point>
    </Placemark>
    <Placemark>
      <name>Vermelho</name>
      <styleUrl>#style_Vermelho</styleUrl>
      <Point>
        <coordinates>17.1523230000,-9.6060750000,0</coordinates>
      </Point>
    </Placemark>
    <Placemark>
      <name>Vermelho</name>
      <styleUrl>#style_Vermelho</styleUrl>
      <Point>
        <coordinates>17.1524990000,-9.6061210000,0</coordinates>
      </Point>
    </Placemark>
    <Placemark>
      <name>Vermelho</name>
      <styleUrl>#style_Vermelho</styleUrl>
      <Point>
        <coordinates>17.1526750000,-9.6061680000,0</coordinates>
      </Point>
    </Placemark>
    <Placemark>
      <name>Vermelho</name>
      <styleUrl>#style_Vermelho</styleUrl>
      <Point>
        <coordinates>17.1528510000,-9.6062150000,0</coordinates>
      </Point>
    </Placemark>
    <Placemark>
      <name>Vermelho</name>
      <styleUrl>#style_Vermelho</styleUrl>
      <Point>
        <coordinates>17.1530270000,-9.6062610000,0</coordinates>
      </Point>
    </Placemark>
    <Placemark>
      <name>Vermelho</name>
      <styleUrl>#style_Vermelho</styleUrl>
      <Point>
        <coordinates>17.1532030000,-9.6063060000,0</coordinates>
      </Point>
    </Placemark>
    <Placemark>
      <name>Vermelho</name>
      <styleUrl>#style_Vermelho</styleUrl>
      <Point>
        <coordinates>17.1533800000,-9.6063520000,0</coordinates>
      </Point>
    </Placemark>
    <Placemark>
      <name>Vermelho</name>
      <styleUrl>#style_Vermelho</styleUrl>
      <Point>
        <coordinates>17.1535560000,-9.6063980000,0</coordinates>
      </Point>
    </Placemark>
    <Placemark>
      <name>Vermelho</name>
      <styleUrl>#style_Vermelho</styleUrl>
      <Point>
        <coordinates>17.1537320000,-9.6064430000,0</coordinates>
      </Point>
    </Placemark>
    <Placemark>
      <name>Vermelho</name>
      <styleUrl>#style_Vermelho</styleUrl>
      <Point>
        <coordinates>17.1539080000,-9.6064910000,0</coordinates>
      </Point>
    </Placemark>
    <Placemark>
      <name>Vermelho</name>
      <styleUrl>#style_Vermelho</styleUrl>
      <Point>
        <coordinates>17.1540830000,-9.6065400000,0</coordinates>
      </Point>
    </Placemark>
    <Placemark>
      <name>Vermelho</name>
      <styleUrl>#style_Vermelho</styleUrl>
      <Point>
        <coordinates>17.1542570000,-9.6065950000,0</coordinates>
      </Point>
    </Placemark>
    <Placemark>
      <name>Vermelho</name>
      <styleUrl>#style_Vermelho</styleUrl>
      <Point>
        <coordinates>17.1544290000,-9.6066540000,0</coordinates>
      </Point>
    </Placemark>
    <Placemark>
      <name>Vermelho</name>
      <styleUrl>#style_Vermelho</styleUrl>
      <Point>
        <coordinates>17.1546010000,-9.6067140000,0</coordinates>
      </Point>
    </Placemark>
    <Placemark>
      <name>Vermelho</name>
      <styleUrl>#style_Vermelho</styleUrl>
      <Point>
        <coordinates>17.1547710000,-9.6067770000,0</coordinates>
      </Point>
    </Placemark>
    <Placemark>
      <name>Vermelho</name>
      <styleUrl>#style_Vermelho</styleUrl>
      <Point>
        <coordinates>17.1549420000,-9.6068400000,0</coordinates>
      </Point>
    </Placemark>
    <Placemark>
      <name>Vermelho</name>
      <styleUrl>#style_Vermelho</styleUrl>
      <Point>
        <coordinates>17.1551110000,-9.6069090000,0</coordinates>
      </Point>
    </Placemark>
    <Placemark>
      <name>Vermelho</name>
      <styleUrl>#style_Vermelho</styleUrl>
      <Point>
        <coordinates>17.1552780000,-9.6069790000,0</coordinates>
      </Point>
    </Placemark>
    <Placemark>
      <name>Vermelho</name>
      <styleUrl>#style_Vermelho</styleUrl>
      <Point>
        <coordinates>17.1554440000,-9.6070530000,0</coordinates>
      </Point>
    </Placemark>
    <Placemark>
      <name>Vermelho</name>
      <styleUrl>#style_Vermelho</styleUrl>
      <Point>
        <coordinates>17.1556070000,-9.6071340000,0</coordinates>
      </Point>
    </Placemark>
    <Placemark>
      <name>Vermelho</name>
      <styleUrl>#style_Vermelho</styleUrl>
      <Point>
        <coordinates>17.1557700000,-9.6072150000,0</coordinates>
      </Point>
    </Placemark>
    <Placemark>
      <name>Vermelho</name>
      <styleUrl>#style_Vermelho</styleUrl>
      <Point>
        <coordinates>17.1559320000,-9.6072970000,0</coordinates>
      </Point>
    </Placemark>
    <Placemark>
      <name>Vermelho</name>
      <styleUrl>#style_Vermelho</styleUrl>
      <Point>
        <coordinates>17.1560930000,-9.6073820000,0</coordinates>
      </Point>
    </Placemark>
    <Placemark>
      <name>Vermelho</name>
      <styleUrl>#style_Vermelho</styleUrl>
      <Point>
        <coordinates>17.1562540000,-9.6074670000,0</coordinates>
      </Point>
    </Placemark>
    <Placemark>
      <name>Vermelho</name>
      <styleUrl>#style_Vermelho</styleUrl>
      <Point>
        <coordinates>17.1564140000,-9.6075530000,0</coordinates>
      </Point>
    </Placemark>
    <Placemark>
      <name>Vermelho</name>
      <styleUrl>#style_Vermelho</styleUrl>
      <Point>
        <coordinates>17.1565740000,-9.6076410000,0</coordinates>
      </Point>
    </Placemark>
    <Placemark>
      <name>Vermelho</name>
      <styleUrl>#style_Vermelho</styleUrl>
      <Point>
        <coordinates>17.1567280000,-9.6077360000,0</coordinates>
      </Point>
    </Placemark>
    <Placemark>
      <name>Vermelho</name>
      <styleUrl>#style_Vermelho</styleUrl>
      <Point>
        <coordinates>17.1568760000,-9.6078410000,0</coordinates>
      </Point>
    </Placemark>
    <Placemark>
      <name>Vermelho</name>
      <styleUrl>#style_Vermelho</styleUrl>
      <Point>
        <coordinates>17.1570250000,-9.6079450000,0</coordinates>
      </Point>
    </Placemark>
    <Placemark>
      <name>Vermelho</name>
      <styleUrl>#style_Vermelho</styleUrl>
      <Point>
        <coordinates>17.1571660000,-9.6080590000,0</coordinates>
      </Point>
    </Placemark>
    <Placemark>
      <name>Vermelho</name>
      <styleUrl>#style_Vermelho</styleUrl>
      <Point>
        <coordinates>17.1572970000,-9.6081840000,0</coordinates>
      </Point>
    </Placemark>
    <Placemark>
      <name>Vermelho</name>
      <styleUrl>#style_Vermelho</styleUrl>
      <Point>
        <coordinates>17.1574290000,-9.6083090000,0</coordinates>
      </Point>
    </Placemark>
    <Placemark>
      <name>Vermelho</name>
      <styleUrl>#style_Vermelho</styleUrl>
      <Point>
        <coordinates>17.1575560000,-9.6084380000,0</coordinates>
      </Point>
    </Placemark>
    <Placemark>
      <name>Vermelho</name>
      <styleUrl>#style_Vermelho</styleUrl>
      <Point>
        <coordinates>17.1576770000,-9.6085730000,0</coordinates>
      </Point>
    </Placemark>
    <Placemark>
      <name>Vermelho</name>
      <styleUrl>#style_Vermelho</styleUrl>
      <Point>
        <coordinates>17.1577960000,-9.6087100000,0</coordinates>
      </Point>
    </Placemark>
    <Placemark>
      <name>Vermelho</name>
      <styleUrl>#style_Vermelho</styleUrl>
      <Point>
        <coordinates>17.1578990000,-9.6088600000,0</coordinates>
      </Point>
    </Placemark>
    <Placemark>
      <name>Vermelho</name>
      <styleUrl>#style_Vermelho</styleUrl>
      <Point>
        <coordinates>17.1580010000,-9.6090090000,0</coordinates>
      </Point>
    </Placemark>
    <Placemark>
      <name>Vermelho</name>
      <styleUrl>#style_Vermelho</styleUrl>
      <Point>
        <coordinates>17.1581030000,-9.6091590000,0</coordinates>
      </Point>
    </Placemark>
    <Placemark>
      <name>Vermelho</name>
      <styleUrl>#style_Vermelho</styleUrl>
      <Point>
        <coordinates>17.1582050000,-9.6093080000,0</coordinates>
      </Point>
    </Placemark>
    <Placemark>
      <name>Vermelho</name>
      <styleUrl>#style_Vermelho</styleUrl>
      <Point>
        <coordinates>17.1583070000,-9.6094580000,0</coordinates>
      </Point>
    </Placemark>
    <Placemark>
      <name>Vermelho</name>
      <styleUrl>#style_Vermelho</styleUrl>
      <Point>
        <coordinates>17.1584100000,-9.6096070000,0</coordinates>
      </Point>
    </Placemark>
    <Placemark>
      <name>Vermelho</name>
      <styleUrl>#style_Vermelho</styleUrl>
      <Point>
        <coordinates>17.1585130000,-9.6097560000,0</coordinates>
      </Point>
    </Placemark>
    <Placemark>
      <name>Vermelho</name>
      <styleUrl>#style_Vermelho</styleUrl>
      <Point>
        <coordinates>17.1586160000,-9.6099060000,0</coordinates>
      </Point>
    </Placemark>
    <Placemark>
      <name>Vermelho</name>
      <styleUrl>#style_Vermelho</styleUrl>
      <Point>
        <coordinates>17.1587190000,-9.6100550000,0</coordinates>
      </Point>
    </Placemark>
    <Placemark>
      <name>Vermelho</name>
      <styleUrl>#style_Vermelho</styleUrl>
      <Point>
        <coordinates>17.1588210000,-9.6102050000,0</coordinates>
      </Point>
    </Placemark>
    <Placemark>
      <name>Vermelho</name>
      <styleUrl>#style_Vermelho</styleUrl>
      <Point>
        <coordinates>17.1589230000,-9.6103540000,0</coordinates>
      </Point>
    </Placemark>
    <Placemark>
      <name>Vermelho</name>
      <styleUrl>#style_Vermelho</styleUrl>
      <Point>
        <coordinates>17.1590260000,-9.6105040000,0</coordinates>
      </Point>
    </Placemark>
    <Placemark>
      <name>Vermelho</name>
      <styleUrl>#style_Vermelho</styleUrl>
      <Point>
        <coordinates>17.1591280000,-9.6106530000,0</coordinates>
      </Point>
    </Placemark>
    <Placemark>
      <name>Vermelho</name>
      <styleUrl>#style_Vermelho</styleUrl>
      <Point>
        <coordinates>17.1592310000,-9.6108030000,0</coordinates>
      </Point>
    </Placemark>
    <Placemark>
      <name>Vermelho</name>
      <styleUrl>#style_Vermelho</styleUrl>
      <Point>
        <coordinates>17.1593330000,-9.6109520000,0</coordinates>
      </Point>
    </Placemark>
    <Placemark>
      <name>Vermelho</name>
      <styleUrl>#style_Vermelho</styleUrl>
      <Point>
        <coordinates>17.1594380000,-9.6111000000,0</coordinates>
      </Point>
    </Placemark>
    <Placemark>
      <name>Vermelho</name>
      <styleUrl>#style_Vermelho</styleUrl>
      <Point>
        <coordinates>17.1595450000,-9.6112460000,0</coordinates>
      </Point>
    </Placemark>
    <Placemark>
      <name>Vermelho</name>
      <styleUrl>#style_Vermelho</styleUrl>
      <Point>
        <coordinates>17.1596510000,-9.6113930000,0</coordinates>
      </Point>
    </Placemark>
    <Placemark>
      <name>Vermelho</name>
      <styleUrl>#style_Vermelho</styleUrl>
      <Point>
        <coordinates>17.1597650000,-9.6115340000,0</coordinates>
      </Point>
    </Placemark>
    <Placemark>
      <name>Vermelho</name>
      <styleUrl>#style_Vermelho</styleUrl>
      <Point>
        <coordinates>17.1598810000,-9.6116730000,0</coordinates>
      </Point>
    </Placemark>
    <Placemark>
      <name>Vermelho</name>
      <styleUrl>#style_Vermelho</styleUrl>
      <Point>
        <coordinates>17.1600040000,-9.6118070000,0</coordinates>
      </Point>
    </Placemark>
    <Placemark>
      <name>Vermelho</name>
      <styleUrl>#style_Vermelho</styleUrl>
      <Point>
        <coordinates>17.1601270000,-9.6119400000,0</coordinates>
      </Point>
    </Placemark>
    <Placemark>
      <name>Vermelho</name>
      <styleUrl>#style_Vermelho</styleUrl>
      <Point>
        <coordinates>17.1602550000,-9.6120690000,0</coordinates>
      </Point>
    </Placemark>
    <Placemark>
      <name>Vermelho</name>
      <styleUrl>#style_Vermelho</styleUrl>
      <Point>
        <coordinates>17.1603850000,-9.6121960000,0</coordinates>
      </Point>
    </Placemark>
    <Placemark>
      <name>Vermelho</name>
      <styleUrl>#style_Vermelho</styleUrl>
      <Point>
        <coordinates>17.1605200000,-9.6123160000,0</coordinates>
      </Point>
    </Placemark>
    <Placemark>
      <name>Vermelho</name>
      <styleUrl>#style_Vermelho</styleUrl>
      <Point>
        <coordinates>17.1606600000,-9.6124310000,0</coordinates>
      </Point>
    </Placemark>
    <Placemark>
      <name>Vermelho</name>
      <styleUrl>#style_Vermelho</styleUrl>
      <Point>
        <coordinates>17.1608070000,-9.6125390000,0</coordinates>
      </Point>
    </Placemark>
    <Placemark>
      <name>Vermelho</name>
      <styleUrl>#style_Vermelho</styleUrl>
      <Point>
        <coordinates>17.1609640000,-9.6126300000,0</coordinates>
      </Point>
    </Placemark>
    <Placemark>
      <name>Vermelho</name>
      <styleUrl>#style_Vermelho</styleUrl>
      <Point>
        <coordinates>17.1611260000,-9.6127120000,0</coordinates>
      </Point>
    </Placemark>
    <Placemark>
      <name>Vermelho</name>
      <styleUrl>#style_Vermelho</styleUrl>
      <Point>
        <coordinates>17.1612910000,-9.6127880000,0</coordinates>
      </Point>
    </Placemark>
    <Placemark>
      <name>Vermelho</name>
      <styleUrl>#style_Vermelho</styleUrl>
      <Point>
        <coordinates>17.1614580000,-9.6128600000,0</coordinates>
      </Point>
    </Placemark>
    <Placemark>
      <name>Vermelho</name>
      <styleUrl>#style_Vermelho</styleUrl>
      <Point>
        <coordinates>17.1616290000,-9.6129240000,0</coordinates>
      </Point>
    </Placemark>
    <Placemark>
      <name>Vermelho</name>
      <styleUrl>#style_Vermelho</styleUrl>
      <Point>
        <coordinates>17.1617960000,-9.6129870000,0</coordinates>
      </Point>
    </Placemark>
    <Placemark>
      <name>Vermelho</name>
      <styleUrl>#style_Vermelho</styleUrl>
      <Point>
        <coordinates>17.1619670000,-9.6130500000,0</coordinates>
      </Point>
    </Placemark>
    <Placemark>
      <name>Vermelho</name>
      <styleUrl>#style_Vermelho</styleUrl>
      <Point>
        <coordinates>17.1621370000,-9.6131150000,0</coordinates>
      </Point>
    </Placemark>
    <Placemark>
      <name>Vermelho</name>
      <styleUrl>#style_Vermelho</styleUrl>
      <Point>
        <coordinates>17.1623040000,-9.6131870000,0</coordinates>
      </Point>
    </Placemark>
    <Placemark>
      <name>Vermelho</name>
      <styleUrl>#style_Vermelho</styleUrl>
      <Point>
        <coordinates>17.1624680000,-9.6132660000,0</coordinates>
      </Point>
    </Placemark>
    <Placemark>
      <name>Vermelho</name>
      <styleUrl>#style_Vermelho</styleUrl>
      <Point>
        <coordinates>17.1626260000,-9.6133550000,0</coordinates>
      </Point>
    </Placemark>
    <Placemark>
      <name>Vermelho</name>
      <styleUrl>#style_Vermelho</styleUrl>
      <Point>
        <coordinates>17.1627810000,-9.6134500000,0</coordinates>
      </Point>
    </Placemark>
    <Placemark>
      <name>Vermelho</name>
      <styleUrl>#style_Vermelho</styleUrl>
      <Point>
        <coordinates>17.1629330000,-9.6135490000,0</coordinates>
      </Point>
    </Placemark>
    <Placemark>
      <name>Vermelho</name>
      <styleUrl>#style_Vermelho</styleUrl>
      <Point>
        <coordinates>17.1630790000,-9.6136570000,0</coordinates>
      </Point>
    </Placemark>
    <Placemark>
      <name>Vermelho</name>
      <styleUrl>#style_Vermelho</styleUrl>
      <Point>
        <coordinates>17.1632250000,-9.6137660000,0</coordinates>
      </Point>
    </Placemark>
    <Placemark>
      <name>Vermelho</name>
      <styleUrl>#style_Vermelho</styleUrl>
      <Point>
        <coordinates>17.1633650000,-9.6138810000,0</coordinates>
      </Point>
    </Placemark>
    <Placemark>
      <name>Vermelho</name>
      <styleUrl>#style_Vermelho</styleUrl>
      <Point>
        <coordinates>17.1635050000,-9.6139970000,0</coordinates>
      </Point>
    </Placemark>
    <Placemark>
      <name>Vermelho</name>
      <styleUrl>#style_Vermelho</styleUrl>
      <Point>
        <coordinates>17.1636430000,-9.6141150000,0</coordinates>
      </Point>
    </Placemark>
    <Placemark>
      <name>Vermelho</name>
      <styleUrl>#style_Vermelho</styleUrl>
      <Point>
        <coordinates>17.1637780000,-9.6142360000,0</coordinates>
      </Point>
    </Placemark>
    <Placemark>
      <name>Vermelho</name>
      <styleUrl>#style_Vermelho</styleUrl>
      <Point>
        <coordinates>17.1639140000,-9.6143570000,0</coordinates>
      </Point>
    </Placemark>
    <Placemark>
      <name>Vermelho</name>
      <styleUrl>#style_Vermelho</styleUrl>
      <Point>
        <coordinates>17.1640440000,-9.6144840000,0</coordinates>
      </Point>
    </Placemark>
    <Placemark>
      <name>Vermelho</name>
      <styleUrl>#style_Vermelho</styleUrl>
      <Point>
        <coordinates>17.1641690000,-9.6146150000,0</coordinates>
      </Point>
    </Placemark>
    <Placemark>
      <name>Vermelho</name>
      <styleUrl>#style_Vermelho</styleUrl>
      <Point>
        <coordinates>17.1642910000,-9.6147490000,0</coordinates>
      </Point>
    </Placemark>
    <Placemark>
      <name>Vermelho</name>
      <styleUrl>#style_Vermelho</styleUrl>
      <Point>
        <coordinates>17.1644080000,-9.6148880000,0</coordinates>
      </Point>
    </Placemark>
    <Placemark>
      <name>Vermelho</name>
      <styleUrl>#style_Vermelho</styleUrl>
      <Point>
        <coordinates>17.1645210000,-9.6150290000,0</coordinates>
      </Point>
    </Placemark>
    <Placemark>
      <name>Vermelho</name>
      <styleUrl>#style_Vermelho</styleUrl>
      <Point>
        <coordinates>17.1646290000,-9.6151740000,0</coordinates>
      </Point>
    </Placemark>
    <Placemark>
      <name>Vermelho</name>
      <styleUrl>#style_Vermelho</styleUrl>
      <Point>
        <coordinates>17.1647300000,-9.6153250000,0</coordinates>
      </Point>
    </Placemark>
    <Placemark>
      <name>Vermelho</name>
      <styleUrl>#style_Vermelho</styleUrl>
      <Point>
        <coordinates>17.1648310000,-9.6154760000,0</coordinates>
      </Point>
    </Placemark>
    <Placemark>
      <name>Vermelho</name>
      <styleUrl>#style_Vermelho</styleUrl>
      <Point>
        <coordinates>17.1649260000,-9.6156290000,0</coordinates>
      </Point>
    </Placemark>
    <Placemark>
      <name>Vermelho</name>
      <styleUrl>#style_Vermelho</styleUrl>
      <Point>
        <coordinates>17.1650150000,-9.6157870000,0</coordinates>
      </Point>
    </Placemark>
    <Placemark>
      <name>Vermelho</name>
      <styleUrl>#style_Vermelho</styleUrl>
      <Point>
        <coordinates>17.1650980000,-9.6159480000,0</coordinates>
      </Point>
    </Placemark>
    <Placemark>
      <name>Vermelho</name>
      <styleUrl>#style_Vermelho</styleUrl>
      <Point>
        <coordinates>17.1651810000,-9.6161090000,0</coordinates>
      </Point>
    </Placemark>
    <Placemark>
      <name>Vermelho</name>
      <styleUrl>#style_Vermelho</styleUrl>
      <Point>
        <coordinates>17.1652650000,-9.6162700000,0</coordinates>
      </Point>
    </Placemark>
    <Placemark>
      <name>Vermelho</name>
      <styleUrl>#style_Vermelho</styleUrl>
      <Point>
        <coordinates>17.1653520000,-9.6164280000,0</coordinates>
      </Point>
    </Placemark>
    <Placemark>
      <name>Vermelho</name>
      <styleUrl>#style_Vermelho</styleUrl>
      <Point>
        <coordinates>17.1654420000,-9.6165860000,0</coordinates>
      </Point>
    </Placemark>
    <Placemark>
      <name>Vermelho</name>
      <styleUrl>#style_Vermelho</styleUrl>
      <Point>
        <coordinates>17.1655330000,-9.6167420000,0</coordinates>
      </Point>
    </Placemark>
    <Placemark>
      <name>Vermelho</name>
      <styleUrl>#style_Vermelho</styleUrl>
      <Point>
        <coordinates>17.1656280000,-9.6168960000,0</coordinates>
      </Point>
    </Placemark>
    <Placemark>
      <name>Vermelho</name>
      <styleUrl>#style_Vermelho</styleUrl>
      <Point>
        <coordinates>17.1657240000,-9.6170500000,0</coordinates>
      </Point>
    </Placemark>
    <Placemark>
      <name>Vermelho</name>
      <styleUrl>#style_Vermelho</styleUrl>
      <Point>
        <coordinates>17.1658220000,-9.6172020000,0</coordinates>
      </Point>
    </Placemark>
    <Placemark>
      <name>Vermelho</name>
      <styleUrl>#style_Vermelho</styleUrl>
      <Point>
        <coordinates>17.1659230000,-9.6173520000,0</coordinates>
      </Point>
    </Placemark>
    <Placemark>
      <name>Vermelho</name>
      <styleUrl>#style_Vermelho</styleUrl>
      <Point>
        <coordinates>17.1660280000,-9.6175010000,0</coordinates>
      </Point>
    </Placemark>
    <Placemark>
      <name>Vermelho</name>
      <styleUrl>#style_Vermelho</styleUrl>
      <Point>
        <coordinates>17.1661350000,-9.6176470000,0</coordinates>
      </Point>
    </Placemark>
    <Placemark>
      <name>Vermelho</name>
      <styleUrl>#style_Vermelho</styleUrl>
      <Point>
        <coordinates>17.1662410000,-9.6177930000,0</coordinates>
      </Point>
    </Placemark>
    <Placemark>
      <name>Vermelho</name>
      <styleUrl>#style_Vermelho</styleUrl>
      <Point>
        <coordinates>17.1663490000,-9.6179390000,0</coordinates>
      </Point>
    </Placemark>
    <Placemark>
      <name>Vermelho</name>
      <styleUrl>#style_Vermelho</styleUrl>
      <Point>
        <coordinates>17.1664630000,-9.6180800000,0</coordinates>
      </Point>
    </Placemark>
    <Placemark>
      <name>Vermelho</name>
      <styleUrl>#style_Vermelho</styleUrl>
      <Point>
        <coordinates>17.1665760000,-9.6182220000,0</coordinates>
      </Point>
    </Placemark>
    <Placemark>
      <name>Vermelho</name>
      <styleUrl>#style_Vermelho</styleUrl>
      <Point>
        <coordinates>17.1666900000,-9.6183630000,0</coordinates>
      </Point>
    </Placemark>
    <Placemark>
      <name>Vermelho</name>
      <styleUrl>#style_Vermelho</styleUrl>
      <Point>
        <coordinates>17.1668040000,-9.6185040000,0</coordinates>
      </Point>
    </Placemark>
    <Placemark>
      <name>Vermelho</name>
      <styleUrl>#style_Vermelho</styleUrl>
      <Point>
        <coordinates>17.1669190000,-9.6186440000,0</coordinates>
      </Point>
    </Placemark>
    <Placemark>
      <name>Vermelho</name>
      <styleUrl>#style_Vermelho</styleUrl>
      <Point>
        <coordinates>17.1670340000,-9.6187850000,0</coordinates>
      </Point>
    </Placemark>
    <Placemark>
      <name>Vermelho</name>
      <styleUrl>#style_Vermelho</styleUrl>
      <Point>
        <coordinates>17.1671490000,-9.6189250000,0</coordinates>
      </Point>
    </Placemark>
    <Placemark>
      <name>Vermelho</name>
      <styleUrl>#style_Vermelho</styleUrl>
      <Point>
        <coordinates>17.1672640000,-9.6190650000,0</coordinates>
      </Point>
    </Placemark>
    <Placemark>
      <name>Vermelho</name>
      <styleUrl>#style_Vermelho</styleUrl>
      <Point>
        <coordinates>17.1673790000,-9.6192050000,0</coordinates>
      </Point>
    </Placemark>
    <Placemark>
      <name>Vermelho</name>
      <styleUrl>#style_Vermelho</styleUrl>
      <Point>
        <coordinates>17.1674950000,-9.6193440000,0</coordinates>
      </Point>
    </Placemark>
    <Placemark>
      <name>Vermelho</name>
      <styleUrl>#style_Vermelho</styleUrl>
      <Point>
        <coordinates>17.1676110000,-9.6194830000,0</coordinates>
      </Point>
    </Placemark>
    <Placemark>
      <name>Vermelho</name>
      <styleUrl>#style_Vermelho</styleUrl>
      <Point>
        <coordinates>17.1677270000,-9.6196230000,0</coordinates>
      </Point>
    </Placemark>
    <Placemark>
      <name>Vermelho</name>
      <styleUrl>#style_Vermelho</styleUrl>
      <Point>
        <coordinates>17.1678440000,-9.6197620000,0</coordinates>
      </Point>
    </Placemark>
    <Placemark>
      <name>Vermelho</name>
      <styleUrl>#style_Vermelho</styleUrl>
      <Point>
        <coordinates>17.1679610000,-9.6199000000,0</coordinates>
      </Point>
    </Placemark>
    <Placemark>
      <name>Vermelho</name>
      <styleUrl>#style_Vermelho</styleUrl>
      <Point>
        <coordinates>17.1680780000,-9.6200390000,0</coordinates>
      </Point>
    </Placemark>
    <Placemark>
      <name>Vermelho</name>
      <styleUrl>#style_Vermelho</styleUrl>
      <Point>
        <coordinates>17.1681970000,-9.6201750000,0</coordinates>
      </Point>
    </Placemark>
    <Placemark>
      <name>Vermelho</name>
      <styleUrl>#style_Vermelho</styleUrl>
      <Point>
        <coordinates>17.1683170000,-9.6203120000,0</coordinates>
      </Point>
    </Placemark>
    <Placemark>
      <name>Vermelho</name>
      <styleUrl>#style_Vermelho</styleUrl>
      <Point>
        <coordinates>17.1684370000,-9.6204480000,0</coordinates>
      </Point>
    </Placemark>
    <Placemark>
      <name>Vermelho</name>
      <styleUrl>#style_Vermelho</styleUrl>
      <Point>
        <coordinates>17.1685600000,-9.6205810000,0</coordinates>
      </Point>
    </Placemark>
    <Placemark>
      <name>Vermelho</name>
      <styleUrl>#style_Vermelho</styleUrl>
      <Point>
        <coordinates>17.1686830000,-9.6207140000,0</coordinates>
      </Point>
    </Placemark>
    <Placemark>
      <name>Vermelho</name>
      <styleUrl>#style_Vermelho</styleUrl>
      <Point>
        <coordinates>17.1688060000,-9.6208470000,0</coordinates>
      </Point>
    </Placemark>
    <Placemark>
      <name>Vermelho</name>
      <styleUrl>#style_Vermelho</styleUrl>
      <Point>
        <coordinates>17.1689320000,-9.6209780000,0</coordinates>
      </Point>
    </Placemark>
    <Placemark>
      <name>Vermelho</name>
      <styleUrl>#style_Vermelho</styleUrl>
      <Point>
        <coordinates>17.1690570000,-9.6211090000,0</coordinates>
      </Point>
    </Placemark>
    <Placemark>
      <name>Vermelho</name>
      <styleUrl>#style_Vermelho</styleUrl>
      <Point>
        <coordinates>17.1691830000,-9.6212400000,0</coordinates>
      </Point>
    </Placemark>
    <Placemark>
      <name>Vermelho</name>
      <styleUrl>#style_Vermelho</styleUrl>
      <Point>
        <coordinates>17.1693120000,-9.6213680000,0</coordinates>
      </Point>
    </Placemark>
    <Placemark>
      <name>Vermelho</name>
      <styleUrl>#style_Vermelho</styleUrl>
      <Point>
        <coordinates>17.1694410000,-9.6214950000,0</coordinates>
      </Point>
    </Placemark>
    <Placemark>
      <name>Vermelho</name>
      <styleUrl>#style_Vermelho</styleUrl>
      <Point>
        <coordinates>17.1695710000,-9.6216220000,0</coordinates>
      </Point>
    </Placemark>
    <Placemark>
      <name>Vermelho</name>
      <styleUrl>#style_Vermelho</styleUrl>
      <Point>
        <coordinates>17.1697010000,-9.6217490000,0</coordinates>
      </Point>
    </Placemark>
    <Placemark>
      <name>Vermelho</name>
      <styleUrl>#style_Vermelho</styleUrl>
      <Point>
        <coordinates>17.1698300000,-9.6218760000,0</coordinates>
      </Point>
    </Placemark>
    <Placemark>
      <name>Vermelho</name>
      <styleUrl>#style_Vermelho</styleUrl>
      <Point>
        <coordinates>17.1699590000,-9.6220040000,0</coordinates>
      </Point>
    </Placemark>
    <Placemark>
      <name>Vermelho</name>
      <styleUrl>#style_Vermelho</styleUrl>
      <Point>
        <coordinates>17.1700870000,-9.6221320000,0</coordinates>
      </Point>
    </Placemark>
    <Placemark>
      <name>Vermelho</name>
      <styleUrl>#style_Vermelho</styleUrl>
      <Point>
        <coordinates>17.1702160000,-9.6222600000,0</coordinates>
      </Point>
    </Placemark>
    <Placemark>
      <name>Vermelho</name>
      <styleUrl>#style_Vermelho</styleUrl>
      <Point>
        <coordinates>17.1703440000,-9.6223890000,0</coordinates>
      </Point>
    </Placemark>
    <Placemark>
      <name>Vermelho</name>
      <styleUrl>#style_Vermelho</styleUrl>
      <Point>
        <coordinates>17.1704720000,-9.6225170000,0</coordinates>
      </Point>
    </Placemark>
    <Placemark>
      <name>Vermelho</name>
      <styleUrl>#style_Vermelho</styleUrl>
      <Point>
        <coordinates>17.1706010000,-9.6226450000,0</coordinates>
      </Point>
    </Placemark>
    <Placemark>
      <name>Vermelho</name>
      <styleUrl>#style_Vermelho</styleUrl>
      <Point>
        <coordinates>17.1707300000,-9.6227730000,0</coordinates>
      </Point>
    </Placemark>
    <Placemark>
      <name>Vermelho</name>
      <styleUrl>#style_Vermelho</styleUrl>
      <Point>
        <coordinates>17.1708580000,-9.6229010000,0</coordinates>
      </Point>
    </Placemark>
    <Placemark>
      <name>Vermelho</name>
      <styleUrl>#style_Vermelho</styleUrl>
      <Point>
        <coordinates>17.1709870000,-9.6230290000,0</coordinates>
      </Point>
    </Placemark>
    <Placemark>
      <name>Vermelho</name>
      <styleUrl>#style_Vermelho</styleUrl>
      <Point>
        <coordinates>17.1711160000,-9.6231560000,0</coordinates>
      </Point>
    </Placemark>
    <Placemark>
      <name>Vermelho</name>
      <styleUrl>#style_Vermelho</styleUrl>
      <Point>
        <coordinates>17.1712470000,-9.6232820000,0</coordinates>
      </Point>
    </Placemark>
    <Placemark>
      <name>Vermelho</name>
      <styleUrl>#style_Vermelho</styleUrl>
      <Point>
        <coordinates>17.1713770000,-9.6234090000,0</coordinates>
      </Point>
    </Placemark>
    <Placemark>
      <name>Vermelho</name>
      <styleUrl>#style_Vermelho</styleUrl>
      <Point>
        <coordinates>17.1715070000,-9.6235350000,0</coordinates>
      </Point>
    </Placemark>
    <Placemark>
      <name>Vermelho</name>
      <styleUrl>#style_Vermelho</styleUrl>
      <Point>
        <coordinates>17.1716380000,-9.6236610000,0</coordinates>
      </Point>
    </Placemark>
    <Placemark>
      <name>Vermelho</name>
      <styleUrl>#style_Vermelho</styleUrl>
      <Point>
        <coordinates>17.1717680000,-9.6237880000,0</coordinates>
      </Point>
    </Placemark>
    <Placemark>
      <name>Vermelho</name>
      <styleUrl>#style_Vermelho</styleUrl>
      <Point>
        <coordinates>17.1718980000,-9.6239140000,0</coordinates>
      </Point>
    </Placemark>
    <Placemark>
      <name>Vermelho</name>
      <styleUrl>#style_Vermelho</styleUrl>
      <Point>
        <coordinates>17.1720290000,-9.6240400000,0</coordinates>
      </Point>
    </Placemark>
    <Placemark>
      <name>Vermelho</name>
      <styleUrl>#style_Vermelho</styleUrl>
      <Point>
        <coordinates>17.1721590000,-9.6241660000,0</coordinates>
      </Point>
    </Placemark>
    <Placemark>
      <name>Vermelho</name>
      <styleUrl>#style_Vermelho</styleUrl>
      <Point>
        <coordinates>17.1722890000,-9.6242930000,0</coordinates>
      </Point>
    </Placemark>
    <Placemark>
      <name>Vermelho</name>
      <styleUrl>#style_Vermelho</styleUrl>
      <Point>
        <coordinates>17.1724190000,-9.6244190000,0</coordinates>
      </Point>
    </Placemark>
    <Placemark>
      <name>Vermelho</name>
      <styleUrl>#style_Vermelho</styleUrl>
      <Point>
        <coordinates>17.1725500000,-9.6245450000,0</coordinates>
      </Point>
    </Placemark>
    <Placemark>
      <name>Vermelho</name>
      <styleUrl>#style_Vermelho</styleUrl>
      <Point>
        <coordinates>17.1726810000,-9.6246710000,0</coordinates>
      </Point>
    </Placemark>
    <Placemark>
      <name>Vermelho</name>
      <styleUrl>#style_Vermelho</styleUrl>
      <Point>
        <coordinates>17.1728130000,-9.6247950000,0</coordinates>
      </Point>
    </Placemark>
    <Placemark>
      <name>Vermelho</name>
      <styleUrl>#style_Vermelho</styleUrl>
      <Point>
        <coordinates>17.1729460000,-9.6249190000,0</coordinates>
      </Point>
    </Placemark>
    <Placemark>
      <name>Vermelho</name>
      <styleUrl>#style_Vermelho</styleUrl>
      <Point>
        <coordinates>17.1730780000,-9.6250430000,0</coordinates>
      </Point>
    </Placemark>
    <Placemark>
      <name>Vermelho</name>
      <styleUrl>#style_Vermelho</styleUrl>
      <Point>
        <coordinates>17.1732140000,-9.6251640000,0</coordinates>
      </Point>
    </Placemark>
    <Placemark>
      <name>Vermelho</name>
      <styleUrl>#style_Vermelho</styleUrl>
      <Point>
        <coordinates>17.1733510000,-9.6252830000,0</coordinates>
      </Point>
    </Placemark>
    <Placemark>
      <name>Vermelho</name>
      <styleUrl>#style_Vermelho</styleUrl>
      <Point>
        <coordinates>17.1734870000,-9.6254030000,0</coordinates>
      </Point>
    </Placemark>
    <Placemark>
      <name>Vermelho</name>
      <styleUrl>#style_Vermelho</styleUrl>
      <Point>
        <coordinates>17.1736240000,-9.6255230000,0</coordinates>
      </Point>
    </Placemark>
    <Placemark>
      <name>Vermelho</name>
      <styleUrl>#style_Vermelho</styleUrl>
      <Point>
        <coordinates>17.1737600000,-9.6256420000,0</coordinates>
      </Point>
    </Placemark>
    <Placemark>
      <name>Vermelho</name>
      <styleUrl>#style_Vermelho</styleUrl>
      <Point>
        <coordinates>17.1738970000,-9.6257620000,0</coordinates>
      </Point>
    </Placemark>
    <Placemark>
      <name>Vermelho</name>
      <styleUrl>#style_Vermelho</styleUrl>
      <Point>
        <coordinates>17.1740330000,-9.6258820000,0</coordinates>
      </Point>
    </Placemark>
    <Placemark>
      <name>Vermelho</name>
      <styleUrl>#style_Vermelho</styleUrl>
      <Point>
        <coordinates>17.1741680000,-9.6260030000,0</coordinates>
      </Point>
    </Placemark>
    <Placemark>
      <name>Vermelho</name>
      <styleUrl>#style_Vermelho</styleUrl>
      <Point>
        <coordinates>17.1743040000,-9.6261240000,0</coordinates>
      </Point>
    </Placemark>
    <Placemark>
      <name>Vermelho</name>
      <styleUrl>#style_Vermelho</styleUrl>
      <Point>
        <coordinates>17.1744390000,-9.6262450000,0</coordinates>
      </Point>
    </Placemark>
    <Placemark>
      <name>Vermelho</name>
      <styleUrl>#style_Vermelho</styleUrl>
      <Point>
        <coordinates>17.1745740000,-9.6263660000,0</coordinates>
      </Point>
    </Placemark>
    <Placemark>
      <name>Vermelho</name>
      <styleUrl>#style_Vermelho</styleUrl>
      <Point>
        <coordinates>17.1747090000,-9.6264880000,0</coordinates>
      </Point>
    </Placemark>
    <Placemark>
      <name>Vermelho</name>
      <styleUrl>#style_Vermelho</styleUrl>
      <Point>
        <coordinates>17.1748440000,-9.6266090000,0</coordinates>
      </Point>
    </Placemark>
    <Placemark>
      <name>Vermelho</name>
      <styleUrl>#style_Vermelho</styleUrl>
      <Point>
        <coordinates>17.1749790000,-9.6267300000,0</coordinates>
      </Point>
    </Placemark>
    <Placemark>
      <name>Vermelho</name>
      <styleUrl>#style_Vermelho</styleUrl>
      <Point>
        <coordinates>17.1751140000,-9.6268510000,0</coordinates>
      </Point>
    </Placemark>
    <Placemark>
      <name>Vermelho</name>
      <styleUrl>#style_Vermelho</styleUrl>
      <Point>
        <coordinates>17.1752500000,-9.6269720000,0</coordinates>
      </Point>
    </Placemark>
    <Placemark>
      <name>Vermelho</name>
      <styleUrl>#style_Vermelho</styleUrl>
      <Point>
        <coordinates>17.1753850000,-9.6270940000,0</coordinates>
      </Point>
    </Placemark>
    <Placemark>
      <name>Vermelho</name>
      <styleUrl>#style_Vermelho</styleUrl>
      <Point>
        <coordinates>17.1755200000,-9.6272150000,0</coordinates>
      </Point>
    </Placemark>
    <Placemark>
      <name>Vermelho</name>
      <styleUrl>#style_Vermelho</styleUrl>
      <Point>
        <coordinates>17.1756550000,-9.6273360000,0</coordinates>
      </Point>
    </Placemark>
    <Placemark>
      <name>Vermelho</name>
      <styleUrl>#style_Vermelho</styleUrl>
      <Point>
        <coordinates>17.1757880000,-9.6274600000,0</coordinates>
      </Point>
    </Placemark>
    <Placemark>
      <name>Vermelho</name>
      <styleUrl>#style_Vermelho</styleUrl>
      <Point>
        <coordinates>17.1759200000,-9.6275850000,0</coordinates>
      </Point>
    </Placemark>
    <Placemark>
      <name>Vermelho</name>
      <styleUrl>#style_Vermelho</styleUrl>
      <Point>
        <coordinates>17.1760510000,-9.6277090000,0</coordinates>
      </Point>
    </Placemark>
    <Placemark>
      <name>Vermelho</name>
      <styleUrl>#style_Vermelho</styleUrl>
      <Point>
        <coordinates>17.1761820000,-9.6278350000,0</coordinates>
      </Point>
    </Placemark>
    <Placemark>
      <name>Vermelho</name>
      <styleUrl>#style_Vermelho</styleUrl>
      <Point>
        <coordinates>17.1763120000,-9.6279620000,0</coordinates>
      </Point>
    </Placemark>
    <Placemark>
      <name>Vermelho</name>
      <styleUrl>#style_Vermelho</styleUrl>
      <Point>
        <coordinates>17.1764420000,-9.6280890000,0</coordinates>
      </Point>
    </Placemark>
    <Placemark>
      <name>Vermelho</name>
      <styleUrl>#style_Vermelho</styleUrl>
      <Point>
        <coordinates>17.1765720000,-9.6282150000,0</coordinates>
      </Point>
    </Placemark>
    <Placemark>
      <name>Vermelho</name>
      <styleUrl>#style_Vermelho</styleUrl>
      <Point>
        <coordinates>17.1767030000,-9.6283410000,0</coordinates>
      </Point>
    </Placemark>
    <Placemark>
      <name>Vermelho</name>
      <styleUrl>#style_Vermelho</styleUrl>
      <Point>
        <coordinates>17.1768330000,-9.6284680000,0</coordinates>
      </Point>
    </Placemark>
    <Placemark>
      <name>Vermelho</name>
      <styleUrl>#style_Vermelho</styleUrl>
      <Point>
        <coordinates>17.1769630000,-9.6285940000,0</coordinates>
      </Point>
    </Placemark>
    <Placemark>
      <name>Vermelho</name>
      <styleUrl>#style_Vermelho</styleUrl>
      <Point>
        <coordinates>17.1770930000,-9.6287200000,0</coordinates>
      </Point>
    </Placemark>
    <Placemark>
      <name>Vermelho</name>
      <styleUrl>#style_Vermelho</styleUrl>
      <Point>
        <coordinates>17.1772230000,-9.6288470000,0</coordinates>
      </Point>
    </Placemark>
    <Placemark>
      <name>Vermelho</name>
      <styleUrl>#style_Vermelho</styleUrl>
      <Point>
        <coordinates>17.1773540000,-9.6289730000,0</coordinates>
      </Point>
    </Placemark>
    <Placemark>
      <name>Vermelho</name>
      <styleUrl>#style_Vermelho</styleUrl>
      <Point>
        <coordinates>17.1774840000,-9.6291000000,0</coordinates>
      </Point>
    </Placemark>
    <Placemark>
      <name>Vermelho</name>
      <styleUrl>#style_Vermelho</styleUrl>
      <Point>
        <coordinates>17.1776140000,-9.6292260000,0</coordinates>
      </Point>
    </Placemark>
    <Placemark>
      <name>Vermelho</name>
      <styleUrl>#style_Vermelho</styleUrl>
      <Point>
        <coordinates>17.1777440000,-9.6293530000,0</coordinates>
      </Point>
    </Placemark>
    <Placemark>
      <name>Vermelho</name>
      <styleUrl>#style_Vermelho</styleUrl>
      <Point>
        <coordinates>17.1778740000,-9.6294800000,0</coordinates>
      </Point>
    </Placemark>
    <Placemark>
      <name>Vermelho</name>
      <styleUrl>#style_Vermelho</styleUrl>
      <Point>
        <coordinates>17.1780040000,-9.6296060000,0</coordinates>
      </Point>
    </Placemark>
    <Placemark>
      <name>Vermelho</name>
      <styleUrl>#style_Vermelho</styleUrl>
      <Point>
        <coordinates>17.1781330000,-9.6297330000,0</coordinates>
      </Point>
    </Placemark>
    <Placemark>
      <name>Vermelho</name>
      <styleUrl>#style_Vermelho</styleUrl>
      <Point>
        <coordinates>17.1782630000,-9.6298600000,0</coordinates>
      </Point>
    </Placemark>
    <Placemark>
      <name>Vermelho</name>
      <styleUrl>#style_Vermelho</styleUrl>
      <Point>
        <coordinates>17.1783940000,-9.6299860000,0</coordinates>
      </Point>
    </Placemark>
    <Placemark>
      <name>Vermelho</name>
      <styleUrl>#style_Vermelho</styleUrl>
      <Point>
        <coordinates>17.1785240000,-9.6301120000,0</coordinates>
      </Point>
    </Placemark>
    <Placemark>
      <name>Vermelho</name>
      <styleUrl>#style_Vermelho</styleUrl>
      <Point>
        <coordinates>17.1786550000,-9.6302380000,0</coordinates>
      </Point>
    </Placemark>
    <Placemark>
      <name>Vermelho</name>
      <styleUrl>#style_Vermelho</styleUrl>
      <Point>
        <coordinates>17.1787860000,-9.6303640000,0</coordinates>
      </Point>
    </Placemark>
    <Placemark>
      <name>Vermelho</name>
      <styleUrl>#style_Vermelho</styleUrl>
      <Point>
        <coordinates>17.1789160000,-9.6304900000,0</coordinates>
      </Point>
    </Placemark>
    <Placemark>
      <name>Vermelho</name>
      <styleUrl>#style_Vermelho</styleUrl>
      <Point>
        <coordinates>17.1790470000,-9.6306170000,0</coordinates>
      </Point>
    </Placemark>
    <Placemark>
      <name>Vermelho</name>
      <styleUrl>#style_Vermelho</styleUrl>
      <Point>
        <coordinates>17.1791770000,-9.6307430000,0</coordinates>
      </Point>
    </Placemark>
    <Placemark>
      <name>Vermelho</name>
      <styleUrl>#style_Vermelho</styleUrl>
      <Point>
        <coordinates>17.1793070000,-9.6308700000,0</coordinates>
      </Point>
    </Placemark>
    <Placemark>
      <name>Vermelho</name>
      <styleUrl>#style_Vermelho</styleUrl>
      <Point>
        <coordinates>17.1794370000,-9.6309960000,0</coordinates>
      </Point>
    </Placemark>
    <Placemark>
      <name>Vermelho</name>
      <styleUrl>#style_Vermelho</styleUrl>
      <Point>
        <coordinates>17.1795670000,-9.6311230000,0</coordinates>
      </Point>
    </Placemark>
    <Placemark>
      <name>Vermelho</name>
      <styleUrl>#style_Vermelho</styleUrl>
      <Point>
        <coordinates>17.1797010000,-9.6312450000,0</coordinates>
      </Point>
    </Placemark>
    <Placemark>
      <name>Vermelho</name>
      <styleUrl>#style_Vermelho</styleUrl>
      <Point>
        <coordinates>17.1798350000,-9.6313670000,0</coordinates>
      </Point>
    </Placemark>
    <Placemark>
      <name>Vermelho</name>
      <styleUrl>#style_Vermelho</styleUrl>
      <Point>
        <coordinates>17.1799700000,-9.6314890000,0</coordinates>
      </Point>
    </Placemark>
    <Placemark>
      <name>Vermelho</name>
      <styleUrl>#style_Vermelho</styleUrl>
      <Point>
        <coordinates>17.1801040000,-9.6316110000,0</coordinates>
      </Point>
    </Placemark>
    <Placemark>
      <name>Vermelho</name>
      <styleUrl>#style_Vermelho</styleUrl>
      <Point>
        <coordinates>17.1802400000,-9.6317310000,0</coordinates>
      </Point>
    </Placemark>
    <Placemark>
      <name>Vermelho</name>
      <styleUrl>#style_Vermelho</styleUrl>
      <Point>
        <coordinates>17.1803780000,-9.6318490000,0</coordinates>
      </Point>
    </Placemark>
    <Placemark>
      <name>Vermelho</name>
      <styleUrl>#style_Vermelho</styleUrl>
      <Point>
        <coordinates>17.1805170000,-9.6319670000,0</coordinates>
      </Point>
    </Placemark>
    <Placemark>
      <name>Vermelho</name>
      <styleUrl>#style_Vermelho</styleUrl>
      <Point>
        <coordinates>17.1806550000,-9.6320840000,0</coordinates>
      </Point>
    </Placemark>
    <Placemark>
      <name>Vermelho</name>
      <styleUrl>#style_Vermelho</styleUrl>
      <Point>
        <coordinates>17.1807940000,-9.6322010000,0</coordinates>
      </Point>
    </Placemark>
    <Placemark>
      <name>Vermelho</name>
      <styleUrl>#style_Vermelho</styleUrl>
      <Point>
        <coordinates>17.1809330000,-9.6323180000,0</coordinates>
      </Point>
    </Placemark>
    <Placemark>
      <name>Vermelho</name>
      <styleUrl>#style_Vermelho</styleUrl>
      <Point>
        <coordinates>17.1810720000,-9.6324350000,0</coordinates>
      </Point>
    </Placemark>
    <Placemark>
      <name>Vermelho</name>
      <styleUrl>#style_Vermelho</styleUrl>
      <Point>
        <coordinates>17.1812120000,-9.6325500000,0</coordinates>
      </Point>
    </Placemark>
    <Placemark>
      <name>Vermelho</name>
      <styleUrl>#style_Vermelho</styleUrl>
      <Point>
        <coordinates>17.1813530000,-9.6326650000,0</coordinates>
      </Point>
    </Placemark>
    <Placemark>
      <name>Vermelho</name>
      <styleUrl>#style_Vermelho</styleUrl>
      <Point>
        <coordinates>17.1814930000,-9.6327800000,0</coordinates>
      </Point>
    </Placemark>
    <Placemark>
      <name>Vermelho</name>
      <styleUrl>#style_Vermelho</styleUrl>
      <Point>
        <coordinates>17.1816330000,-9.6328970000,0</coordinates>
      </Point>
    </Placemark>
    <Placemark>
      <name>Vermelho</name>
      <styleUrl>#style_Vermelho</styleUrl>
      <Point>
        <coordinates>17.1817720000,-9.6330130000,0</coordinates>
      </Point>
    </Placemark>
    <Placemark>
      <name>Vermelho</name>
      <styleUrl>#style_Vermelho</styleUrl>
      <Point>
        <coordinates>17.1819110000,-9.6331300000,0</coordinates>
      </Point>
    </Placemark>
    <Placemark>
      <name>Vermelho</name>
      <styleUrl>#style_Vermelho</styleUrl>
      <Point>
        <coordinates>17.1820540000,-9.6332420000,0</coordinates>
      </Point>
    </Placemark>
    <Placemark>
      <name>Vermelho</name>
      <styleUrl>#style_Vermelho</styleUrl>
      <Point>
        <coordinates>17.1821970000,-9.6333540000,0</coordinates>
      </Point>
    </Placemark>
    <Placemark>
      <name>Vermelho</name>
      <styleUrl>#style_Vermelho</styleUrl>
      <Point>
        <coordinates>17.1823450000,-9.6334590000,0</coordinates>
      </Point>
    </Placemark>
    <Placemark>
      <name>Vermelho</name>
      <styleUrl>#style_Vermelho</styleUrl>
      <Point>
        <coordinates>17.1824960000,-9.6335610000,0</coordinates>
      </Point>
    </Placemark>
    <Placemark>
      <name>Vermelho</name>
      <styleUrl>#style_Vermelho</styleUrl>
      <Point>
        <coordinates>17.1826500000,-9.6336560000,0</coordinates>
      </Point>
    </Placemark>
    <Placemark>
      <name>Vermelho</name>
      <styleUrl>#style_Vermelho</styleUrl>
      <Point>
        <coordinates>17.1828080000,-9.6337470000,0</coordinates>
      </Point>
    </Placemark>
    <Placemark>
      <name>Vermelho</name>
      <styleUrl>#style_Vermelho</styleUrl>
      <Point>
        <coordinates>17.1829710000,-9.6338280000,0</coordinates>
      </Point>
    </Placemark>
    <Placemark>
      <name>Vermelho</name>
      <styleUrl>#style_Vermelho</styleUrl>
      <Point>
        <coordinates>17.1831350000,-9.6339050000,0</coordinates>
      </Point>
    </Placemark>
    <Placemark>
      <name>Vermelho</name>
      <styleUrl>#style_Vermelho</styleUrl>
      <Point>
        <coordinates>17.1833030000,-9.6339760000,0</coordinates>
      </Point>
    </Placemark>
    <Placemark>
      <name>Vermelho</name>
      <styleUrl>#style_Vermelho</styleUrl>
      <Point>
        <coordinates>17.1834730000,-9.6340400000,0</coordinates>
      </Point>
    </Placemark>
    <Placemark>
      <name>Vermelho</name>
      <styleUrl>#style_Vermelho</styleUrl>
      <Point>
        <coordinates>17.1836460000,-9.6340950000,0</coordinates>
      </Point>
    </Placemark>
    <Placemark>
      <name>Vermelho</name>
      <styleUrl>#style_Vermelho</styleUrl>
      <Point>
        <coordinates>17.1838220000,-9.6341440000,0</coordinates>
      </Point>
    </Placemark>
    <Placemark>
      <name>Vermelho</name>
      <styleUrl>#style_Vermelho</styleUrl>
      <Point>
        <coordinates>17.1839990000,-9.6341870000,0</coordinates>
      </Point>
    </Placemark>
    <Placemark>
      <name>Vermelho</name>
      <styleUrl>#style_Vermelho</styleUrl>
      <Point>
        <coordinates>17.1841770000,-9.6342210000,0</coordinates>
      </Point>
    </Placemark>
    <Placemark>
      <name>Vermelho</name>
      <styleUrl>#style_Vermelho</styleUrl>
      <Point>
        <coordinates>17.1843570000,-9.6342490000,0</coordinates>
      </Point>
    </Placemark>
    <Placemark>
      <name>Vermelho</name>
      <styleUrl>#style_Vermelho</styleUrl>
      <Point>
        <coordinates>17.1845380000,-9.6342710000,0</coordinates>
      </Point>
    </Placemark>
    <Placemark>
      <name>Vermelho</name>
      <styleUrl>#style_Vermelho</styleUrl>
      <Point>
        <coordinates>17.1847200000,-9.6342840000,0</coordinates>
      </Point>
    </Placemark>
    <Placemark>
      <name>Vermelho</name>
      <styleUrl>#style_Vermelho</styleUrl>
      <Point>
        <coordinates>17.1849020000,-9.6342890000,0</coordinates>
      </Point>
    </Placemark>
    <Placemark>
      <name>Vermelho</name>
      <styleUrl>#style_Vermelho</styleUrl>
      <Point>
        <coordinates>17.1850840000,-9.6342870000,0</coordinates>
      </Point>
    </Placemark>
    <Placemark>
      <name>Vermelho</name>
      <styleUrl>#style_Vermelho</styleUrl>
      <Point>
        <coordinates>17.1852660000,-9.6342830000,0</coordinates>
      </Point>
    </Placemark>
    <Placemark>
      <name>Vermelho</name>
      <styleUrl>#style_Vermelho</styleUrl>
      <Point>
        <coordinates>17.1854480000,-9.6342720000,0</coordinates>
      </Point>
    </Placemark>
    <Placemark>
      <name>Vermelho</name>
      <styleUrl>#style_Vermelho</styleUrl>
      <Point>
        <coordinates>17.1856300000,-9.6342600000,0</coordinates>
      </Point>
    </Placemark>
    <Placemark>
      <name>Vermelho</name>
      <styleUrl>#style_Vermelho</styleUrl>
      <Point>
        <coordinates>17.1858110000,-9.6342470000,0</coordinates>
      </Point>
    </Placemark>
    <Placemark>
      <name>Vermelho</name>
      <styleUrl>#style_Vermelho</styleUrl>
      <Point>
        <coordinates>17.1859930000,-9.6342340000,0</coordinates>
      </Point>
    </Placemark>
    <Placemark>
      <name>Vermelho</name>
      <styleUrl>#style_Vermelho</styleUrl>
      <Point>
        <coordinates>17.1861750000,-9.6342210000,0</coordinates>
      </Point>
    </Placemark>
    <Placemark>
      <name>Vermelho</name>
      <styleUrl>#style_Vermelho</styleUrl>
      <Point>
        <coordinates>17.1863570000,-9.6342090000,0</coordinates>
      </Point>
    </Placemark>
    <Placemark>
      <name>Vermelho</name>
      <styleUrl>#style_Vermelho</styleUrl>
      <Point>
        <coordinates>17.1865380000,-9.6341980000,0</coordinates>
      </Point>
    </Placemark>
    <Placemark>
      <name>Vermelho</name>
      <styleUrl>#style_Vermelho</styleUrl>
      <Point>
        <coordinates>17.1867200000,-9.6341950000,0</coordinates>
      </Point>
    </Placemark>
    <Placemark>
      <name>Vermelho</name>
      <styleUrl>#style_Vermelho</styleUrl>
      <Point>
        <coordinates>17.1869020000,-9.6342080000,0</coordinates>
      </Point>
    </Placemark>
    <Placemark>
      <name>Vermelho</name>
      <styleUrl>#style_Vermelho</styleUrl>
      <Point>
        <coordinates>17.1870800000,-9.6342430000,0</coordinates>
      </Point>
    </Placemark>
    <Placemark>
      <name>Vermelho</name>
      <styleUrl>#style_Vermelho</styleUrl>
      <Point>
        <coordinates>17.1872520000,-9.6343020000,0</coordinates>
      </Point>
    </Placemark>
    <Placemark>
      <name>Vermelho</name>
      <styleUrl>#style_Vermelho</styleUrl>
      <Point>
        <coordinates>17.1874170000,-9.6343790000,0</coordinates>
      </Point>
    </Placemark>
    <Placemark>
      <name>Vermelho</name>
      <styleUrl>#style_Vermelho</styleUrl>
      <Point>
        <coordinates>17.1875700000,-9.6344760000,0</coordinates>
      </Point>
    </Placemark>
    <Placemark>
      <name>Vermelho</name>
      <styleUrl>#style_Vermelho</styleUrl>
      <Point>
        <coordinates>17.1877110000,-9.6345910000,0</coordinates>
      </Point>
    </Placemark>
    <Placemark>
      <name>Vermelho</name>
      <styleUrl>#style_Vermelho</styleUrl>
      <Point>
        <coordinates>17.1878310000,-9.6347270000,0</coordinates>
      </Point>
    </Placemark>
    <Placemark>
      <name>Vermelho</name>
      <styleUrl>#style_Vermelho</styleUrl>
      <Point>
        <coordinates>17.1879380000,-9.6348720000,0</coordinates>
      </Point>
    </Placemark>
    <Placemark>
      <name>Vermelho</name>
      <styleUrl>#style_Vermelho</styleUrl>
      <Point>
        <coordinates>17.1880270000,-9.6350290000,0</coordinates>
      </Point>
    </Placemark>
    <Placemark>
      <name>Vermelho</name>
      <styleUrl>#style_Vermelho</styleUrl>
      <Point>
        <coordinates>17.1880910000,-9.6351980000,0</coordinates>
      </Point>
    </Placemark>
    <Placemark>
      <name>Vermelho</name>
      <styleUrl>#style_Vermelho</styleUrl>
      <Point>
        <coordinates>17.1881360000,-9.6353730000,0</coordinates>
      </Point>
    </Placemark>
    <Placemark>
      <name>Vermelho</name>
      <styleUrl>#style_Vermelho</styleUrl>
      <Point>
        <coordinates>17.1881680000,-9.6355510000,0</coordinates>
      </Point>
    </Placemark>
    <Placemark>
      <name>Vermelho</name>
      <styleUrl>#style_Vermelho</styleUrl>
      <Point>
        <coordinates>17.1881890000,-9.6357310000,0</coordinates>
      </Point>
    </Placemark>
    <Placemark>
      <name>Vermelho</name>
      <styleUrl>#style_Vermelho</styleUrl>
      <Point>
        <coordinates>17.1882090000,-9.6359100000,0</coordinates>
      </Point>
    </Placemark>
    <Placemark>
      <name>Vermelho</name>
      <styleUrl>#style_Vermelho</styleUrl>
      <Point>
        <coordinates>17.1882290000,-9.6360900000,0</coordinates>
      </Point>
    </Placemark>
    <Placemark>
      <name>Vermelho</name>
      <styleUrl>#style_Vermelho</styleUrl>
      <Point>
        <coordinates>17.1882490000,-9.6362700000,0</coordinates>
      </Point>
    </Placemark>
    <Placemark>
      <name>Vermelho</name>
      <styleUrl>#style_Vermelho</styleUrl>
      <Point>
        <coordinates>17.1882680000,-9.6364490000,0</coordinates>
      </Point>
    </Placemark>
    <Placemark>
      <name>Vermelho</name>
      <styleUrl>#style_Vermelho</styleUrl>
      <Point>
        <coordinates>17.1882900000,-9.6366290000,0</coordinates>
      </Point>
    </Placemark>
    <Placemark>
      <name>Vermelho</name>
      <styleUrl>#style_Vermelho</styleUrl>
      <Point>
        <coordinates>17.1883140000,-9.6368080000,0</coordinates>
      </Point>
    </Placemark>
    <Placemark>
      <name>Vermelho</name>
      <styleUrl>#style_Vermelho</styleUrl>
      <Point>
        <coordinates>17.1883380000,-9.6369870000,0</coordinates>
      </Point>
    </Placemark>
    <Placemark>
      <name>Vermelho</name>
      <styleUrl>#style_Vermelho</styleUrl>
      <Point>
        <coordinates>17.1883590000,-9.6371670000,0</coordinates>
      </Point>
    </Placemark>
    <Placemark>
      <name>Vermelho</name>
      <styleUrl>#style_Vermelho</styleUrl>
      <Point>
        <coordinates>17.1883780000,-9.6373470000,0</coordinates>
      </Point>
    </Placemark>
    <Placemark>
      <name>Vermelho</name>
      <styleUrl>#style_Vermelho</styleUrl>
      <Point>
        <coordinates>17.1883970000,-9.6375260000,0</coordinates>
      </Point>
    </Placemark>
    <Placemark>
      <name>Vermelho</name>
      <styleUrl>#style_Vermelho</styleUrl>
      <Point>
        <coordinates>17.1884180000,-9.6377060000,0</coordinates>
      </Point>
    </Placemark>
    <Placemark>
      <name>Vermelho</name>
      <styleUrl>#style_Vermelho</styleUrl>
      <Point>
        <coordinates>17.1884380000,-9.6378850000,0</coordinates>
      </Point>
    </Placemark>
    <Placemark>
      <name>Vermelho</name>
      <styleUrl>#style_Vermelho</styleUrl>
      <Point>
        <coordinates>17.1884590000,-9.6380650000,0</coordinates>
      </Point>
    </Placemark>
    <Placemark>
      <name>Vermelho</name>
      <styleUrl>#style_Vermelho</styleUrl>
      <Point>
        <coordinates>17.1884800000,-9.6382450000,0</coordinates>
      </Point>
    </Placemark>
    <Placemark>
      <name>Vermelho</name>
      <styleUrl>#style_Vermelho</styleUrl>
      <Point>
        <coordinates>17.1885060000,-9.6384240000,0</coordinates>
      </Point>
    </Placemark>
    <Placemark>
      <name>Vermelho</name>
      <styleUrl>#style_Vermelho</styleUrl>
      <Point>
        <coordinates>17.1885350000,-9.6386020000,0</coordinates>
      </Point>
    </Placemark>
    <Placemark>
      <name>Vermelho</name>
      <styleUrl>#style_Vermelho</styleUrl>
      <Point>
        <coordinates>17.1885650000,-9.6387800000,0</coordinates>
      </Point>
    </Placemark>
    <Placemark>
      <name>Vermelho</name>
      <styleUrl>#style_Vermelho</styleUrl>
      <Point>
        <coordinates>17.1886020000,-9.6389570000,0</coordinates>
      </Point>
    </Placemark>
    <Placemark>
      <name>Vermelho</name>
      <styleUrl>#style_Vermelho</styleUrl>
      <Point>
        <coordinates>17.1886410000,-9.6391340000,0</coordinates>
      </Point>
    </Placemark>
    <Placemark>
      <name>Vermelho</name>
      <styleUrl>#style_Vermelho</styleUrl>
      <Point>
        <coordinates>17.1886830000,-9.6393100000,0</coordinates>
      </Point>
    </Placemark>
    <Placemark>
      <name>Vermelho</name>
      <styleUrl>#style_Vermelho</styleUrl>
      <Point>
        <coordinates>17.1887270000,-9.6394850000,0</coordinates>
      </Point>
    </Placemark>
    <Placemark>
      <name>Vermelho</name>
      <styleUrl>#style_Vermelho</styleUrl>
      <Point>
        <coordinates>17.1887790000,-9.6396590000,0</coordinates>
      </Point>
    </Placemark>
    <Placemark>
      <name>Vermelho</name>
      <styleUrl>#style_Vermelho</styleUrl>
      <Point>
        <coordinates>17.1888330000,-9.6398310000,0</coordinates>
      </Point>
    </Placemark>
    <Placemark>
      <name>Vermelho</name>
      <styleUrl>#style_Vermelho</styleUrl>
      <Point>
        <coordinates>17.1888980000,-9.6400000000,0</coordinates>
      </Point>
    </Placemark>
    <Placemark>
      <name>Vermelho</name>
      <styleUrl>#style_Vermelho</styleUrl>
      <Point>
        <coordinates>17.1889690000,-9.6401660000,0</coordinates>
      </Point>
    </Placemark>
    <Placemark>
      <name>Vermelho</name>
      <styleUrl>#style_Vermelho</styleUrl>
      <Point>
        <coordinates>17.1890570000,-9.6403240000,0</coordinates>
      </Point>
    </Placemark>
    <Placemark>
      <name>Vermelho</name>
      <styleUrl>#style_Vermelho</styleUrl>
      <Point>
        <coordinates>17.1891520000,-9.6404790000,0</coordinates>
      </Point>
    </Placemark>
    <Placemark>
      <name>Vermelho</name>
      <styleUrl>#style_Vermelho</styleUrl>
      <Point>
        <coordinates>17.1892490000,-9.6406310000,0</coordinates>
      </Point>
    </Placemark>
    <Placemark>
      <name>Vermelho</name>
      <styleUrl>#style_Vermelho</styleUrl>
      <Point>
        <coordinates>17.1893590000,-9.6407750000,0</coordinates>
      </Point>
    </Placemark>
    <Placemark>
      <name>Vermelho</name>
      <styleUrl>#style_Vermelho</styleUrl>
      <Point>
        <coordinates>17.1894740000,-9.6409150000,0</coordinates>
      </Point>
    </Placemark>
    <Placemark>
      <name>Vermelho</name>
      <styleUrl>#style_Vermelho</styleUrl>
      <Point>
        <coordinates>17.1895950000,-9.6410500000,0</coordinates>
      </Point>
    </Placemark>
    <Placemark>
      <name>Vermelho</name>
      <styleUrl>#style_Vermelho</styleUrl>
      <Point>
        <coordinates>17.1897260000,-9.6411760000,0</coordinates>
      </Point>
    </Placemark>
    <Placemark>
      <name>Vermelho</name>
      <styleUrl>#style_Vermelho</styleUrl>
      <Point>
        <coordinates>17.1898620000,-9.6412960000,0</coordinates>
      </Point>
    </Placemark>
    <Placemark>
      <name>Vermelho</name>
      <styleUrl>#style_Vermelho</styleUrl>
      <Point>
        <coordinates>17.1900050000,-9.6414080000,0</coordinates>
      </Point>
    </Placemark>
    <Placemark>
      <name>Vermelho</name>
      <styleUrl>#style_Vermelho</styleUrl>
      <Point>
        <coordinates>17.1901500000,-9.6415170000,0</coordinates>
      </Point>
    </Placemark>
    <Placemark>
      <name>Vermelho</name>
      <styleUrl>#style_Vermelho</styleUrl>
      <Point>
        <coordinates>17.1903010000,-9.6416190000,0</coordinates>
      </Point>
    </Placemark>
    <Placemark>
      <name>Vermelho</name>
      <styleUrl>#style_Vermelho</styleUrl>
      <Point>
        <coordinates>17.1904540000,-9.6417170000,0</coordinates>
      </Point>
    </Placemark>
    <Placemark>
      <name>Vermelho</name>
      <styleUrl>#style_Vermelho</styleUrl>
      <Point>
        <coordinates>17.1906060000,-9.6418150000,0</coordinates>
      </Point>
    </Placemark>
    <Placemark>
      <name>Vermelho</name>
      <styleUrl>#style_Vermelho</styleUrl>
      <Point>
        <coordinates>17.1907590000,-9.6419140000,0</coordinates>
      </Point>
    </Placemark>
    <Placemark>
      <name>Vermelho</name>
      <styleUrl>#style_Vermelho</styleUrl>
      <Point>
        <coordinates>17.1909120000,-9.6420120000,0</coordinates>
      </Point>
    </Placemark>
    <Placemark>
      <name>Vermelho</name>
      <styleUrl>#style_Vermelho</styleUrl>
      <Point>
        <coordinates>17.1910650000,-9.6421100000,0</coordinates>
      </Point>
    </Placemark>
    <Placemark>
      <name>Vermelho</name>
      <styleUrl>#style_Vermelho</styleUrl>
      <Point>
        <coordinates>17.1912180000,-9.6422090000,0</coordinates>
      </Point>
    </Placemark>
    <Placemark>
      <name>Vermelho</name>
      <styleUrl>#style_Vermelho</styleUrl>
      <Point>
        <coordinates>17.1913700000,-9.6423080000,0</coordinates>
      </Point>
    </Placemark>
    <Placemark>
      <name>Vermelho</name>
      <styleUrl>#style_Vermelho</styleUrl>
      <Point>
        <coordinates>17.1915230000,-9.6424060000,0</coordinates>
      </Point>
    </Placemark>
    <Placemark>
      <name>Vermelho</name>
      <styleUrl>#style_Vermelho</styleUrl>
      <Point>
        <coordinates>17.1916760000,-9.6425050000,0</coordinates>
      </Point>
    </Placemark>
    <Placemark>
      <name>Vermelho</name>
      <styleUrl>#style_Vermelho</styleUrl>
      <Point>
        <coordinates>17.1918280000,-9.6426030000,0</coordinates>
      </Point>
    </Placemark>
    <Placemark>
      <name>Vermelho</name>
      <styleUrl>#style_Vermelho</styleUrl>
      <Point>
        <coordinates>17.1919810000,-9.6427020000,0</coordinates>
      </Point>
    </Placemark>
    <Placemark>
      <name>Vermelho</name>
      <styleUrl>#style_Vermelho</styleUrl>
      <Point>
        <coordinates>17.1921340000,-9.6428000000,0</coordinates>
      </Point>
    </Placemark>
    <Placemark>
      <name>Vermelho</name>
      <styleUrl>#style_Vermelho</styleUrl>
      <Point>
        <coordinates>17.1922870000,-9.6428990000,0</coordinates>
      </Point>
    </Placemark>
    <Placemark>
      <name>Vermelho</name>
      <styleUrl>#style_Vermelho</styleUrl>
      <Point>
        <coordinates>17.1924390000,-9.6429980000,0</coordinates>
      </Point>
    </Placemark>
    <Placemark>
      <name>Vermelho</name>
      <styleUrl>#style_Vermelho</styleUrl>
      <Point>
        <coordinates>17.1925920000,-9.6430960000,0</coordinates>
      </Point>
    </Placemark>
    <Placemark>
      <name>Vermelho</name>
      <styleUrl>#style_Vermelho</styleUrl>
      <Point>
        <coordinates>17.1927450000,-9.6431950000,0</coordinates>
      </Point>
    </Placemark>
    <Placemark>
      <name>Vermelho</name>
      <styleUrl>#style_Vermelho</styleUrl>
      <Point>
        <coordinates>17.1928970000,-9.6432930000,0</coordinates>
      </Point>
    </Placemark>
    <Placemark>
      <name>Vermelho</name>
      <styleUrl>#style_Vermelho</styleUrl>
      <Point>
        <coordinates>17.1930500000,-9.6433920000,0</coordinates>
      </Point>
    </Placemark>
    <Placemark>
      <name>Vermelho</name>
      <styleUrl>#style_Vermelho</styleUrl>
      <Point>
        <coordinates>17.1932030000,-9.6434910000,0</coordinates>
      </Point>
    </Placemark>
    <Placemark>
      <name>Vermelho</name>
      <styleUrl>#style_Vermelho</styleUrl>
      <Point>
        <coordinates>17.1933550000,-9.6435890000,0</coordinates>
      </Point>
    </Placemark>
    <Placemark>
      <name>Vermelho</name>
      <styleUrl>#style_Vermelho</styleUrl>
      <Point>
        <coordinates>17.1935080000,-9.6436880000,0</coordinates>
      </Point>
    </Placemark>
    <Placemark>
      <name>Vermelho</name>
      <styleUrl>#style_Vermelho</styleUrl>
      <Point>
        <coordinates>17.1936610000,-9.6437860000,0</coordinates>
      </Point>
    </Placemark>
    <Placemark>
      <name>Vermelho</name>
      <styleUrl>#style_Vermelho</styleUrl>
      <Point>
        <coordinates>17.1938130000,-9.6438850000,0</coordinates>
      </Point>
    </Placemark>
    <Placemark>
      <name>Vermelho</name>
      <styleUrl>#style_Vermelho</styleUrl>
      <Point>
        <coordinates>17.1939660000,-9.6439830000,0</coordinates>
      </Point>
    </Placemark>
    <Placemark>
      <name>Vermelho</name>
      <styleUrl>#style_Vermelho</styleUrl>
      <Point>
        <coordinates>17.1941190000,-9.6440820000,0</coordinates>
      </Point>
    </Placemark>
    <Placemark>
      <name>Vermelho</name>
      <styleUrl>#style_Vermelho</styleUrl>
      <Point>
        <coordinates>17.1942710000,-9.6441810000,0</coordinates>
      </Point>
    </Placemark>
    <Placemark>
      <name>Vermelho</name>
      <styleUrl>#style_Vermelho</styleUrl>
      <Point>
        <coordinates>17.1944240000,-9.6442790000,0</coordinates>
      </Point>
    </Placemark>
    <Placemark>
      <name>Vermelho</name>
      <styleUrl>#style_Vermelho</styleUrl>
      <Point>
        <coordinates>17.1945770000,-9.6443780000,0</coordinates>
      </Point>
    </Placemark>
    <Placemark>
      <name>Vermelho</name>
      <styleUrl>#style_Vermelho</styleUrl>
      <Point>
        <coordinates>17.1947310000,-9.6444750000,0</coordinates>
      </Point>
    </Placemark>
    <Placemark>
      <name>Vermelho</name>
      <styleUrl>#style_Vermelho</styleUrl>
      <Point>
        <coordinates>17.1948860000,-9.6445690000,0</coordinates>
      </Point>
    </Placemark>
    <Placemark>
      <name>Vermelho</name>
      <styleUrl>#style_Vermelho</styleUrl>
      <Point>
        <coordinates>17.1950450000,-9.6446570000,0</coordinates>
      </Point>
    </Placemark>
    <Placemark>
      <name>Vermelho</name>
      <styleUrl>#style_Vermelho</styleUrl>
      <Point>
        <coordinates>17.1952110000,-9.6447300000,0</coordinates>
      </Point>
    </Placemark>
    <Placemark>
      <name>Vermelho</name>
      <styleUrl>#style_Vermelho</styleUrl>
      <Point>
        <coordinates>17.1953800000,-9.6447990000,0</coordinates>
      </Point>
    </Placemark>
    <Placemark>
      <name>Vermelho</name>
      <styleUrl>#style_Vermelho</styleUrl>
      <Point>
        <coordinates>17.1955490000,-9.6448650000,0</coordinates>
      </Point>
    </Placemark>
    <Placemark>
      <name>Vermelho</name>
      <styleUrl>#style_Vermelho</styleUrl>
      <Point>
        <coordinates>17.1957240000,-9.6449170000,0</coordinates>
      </Point>
    </Placemark>
    <Placemark>
      <name>Vermelho</name>
      <styleUrl>#style_Vermelho</styleUrl>
      <Point>
        <coordinates>17.1959000000,-9.6449640000,0</coordinates>
      </Point>
    </Placemark>
    <Placemark>
      <name>Vermelho</name>
      <styleUrl>#style_Vermelho</styleUrl>
      <Point>
        <coordinates>17.1960770000,-9.6450060000,0</coordinates>
      </Point>
    </Placemark>
    <Placemark>
      <name>Vermelho</name>
      <styleUrl>#style_Vermelho</styleUrl>
      <Point>
        <coordinates>17.1962560000,-9.6450400000,0</coordinates>
      </Point>
    </Placemark>
    <Placemark>
      <name>Vermelho</name>
      <styleUrl>#style_Vermelho</styleUrl>
      <Point>
        <coordinates>17.1964360000,-9.6450640000,0</coordinates>
      </Point>
    </Placemark>
    <Placemark>
      <name>Vermelho</name>
      <styleUrl>#style_Vermelho</styleUrl>
      <Point>
        <coordinates>17.1966170000,-9.6450840000,0</coordinates>
      </Point>
    </Placemark>
    <Placemark>
      <name>Vermelho</name>
      <styleUrl>#style_Vermelho</styleUrl>
      <Point>
        <coordinates>17.1967980000,-9.6451020000,0</coordinates>
      </Point>
    </Placemark>
    <Placemark>
      <name>Vermelho</name>
      <styleUrl>#style_Vermelho</styleUrl>
      <Point>
        <coordinates>17.1969800000,-9.6451190000,0</coordinates>
      </Point>
    </Placemark>
    <Placemark>
      <name>Vermelho</name>
      <styleUrl>#style_Vermelho</styleUrl>
      <Point>
        <coordinates>17.1971610000,-9.6451350000,0</coordinates>
      </Point>
    </Placemark>
    <Placemark>
      <name>Vermelho</name>
      <styleUrl>#style_Vermelho</styleUrl>
      <Point>
        <coordinates>17.1973430000,-9.6451520000,0</coordinates>
      </Point>
    </Placemark>
    <Placemark>
      <name>Vermelho</name>
      <styleUrl>#style_Vermelho</styleUrl>
      <Point>
        <coordinates>17.1975240000,-9.6451680000,0</coordinates>
      </Point>
    </Placemark>
    <Placemark>
      <name>Vermelho</name>
      <styleUrl>#style_Vermelho</styleUrl>
      <Point>
        <coordinates>17.1977050000,-9.6451850000,0</coordinates>
      </Point>
    </Placemark>
    <Placemark>
      <name>Vermelho</name>
      <styleUrl>#style_Vermelho</styleUrl>
      <Point>
        <coordinates>17.1978870000,-9.6452030000,0</coordinates>
      </Point>
    </Placemark>
    <Placemark>
      <name>Vermelho</name>
      <styleUrl>#style_Vermelho</styleUrl>
      <Point>
        <coordinates>17.1980680000,-9.6452210000,0</coordinates>
      </Point>
    </Placemark>
    <Placemark>
      <name>Vermelho</name>
      <styleUrl>#style_Vermelho</styleUrl>
      <Point>
        <coordinates>17.1982490000,-9.6452390000,0</coordinates>
      </Point>
    </Placemark>
    <Placemark>
      <name>Vermelho</name>
      <styleUrl>#style_Vermelho</styleUrl>
      <Point>
        <coordinates>17.1984300000,-9.6452570000,0</coordinates>
      </Point>
    </Placemark>
    <Placemark>
      <name>Vermelho</name>
      <styleUrl>#style_Vermelho</styleUrl>
      <Point>
        <coordinates>17.1986120000,-9.6452760000,0</coordinates>
      </Point>
    </Placemark>
    <Placemark>
      <name>Vermelho</name>
      <styleUrl>#style_Vermelho</styleUrl>
      <Point>
        <coordinates>17.1987930000,-9.6452940000,0</coordinates>
      </Point>
    </Placemark>
    <Placemark>
      <name>Vermelho</name>
      <styleUrl>#style_Vermelho</styleUrl>
      <Point>
        <coordinates>17.1989740000,-9.6453100000,0</coordinates>
      </Point>
    </Placemark>
    <Placemark>
      <name>Vermelho</name>
      <styleUrl>#style_Vermelho</styleUrl>
      <Point>
        <coordinates>17.1991560000,-9.6453270000,0</coordinates>
      </Point>
    </Placemark>
    <Placemark>
      <name>Vermelho</name>
      <styleUrl>#style_Vermelho</styleUrl>
      <Point>
        <coordinates>17.1993370000,-9.6453430000,0</coordinates>
      </Point>
    </Placemark>
    <Placemark>
      <name>Vermelho</name>
      <styleUrl>#style_Vermelho</styleUrl>
      <Point>
        <coordinates>17.1995190000,-9.6453590000,0</coordinates>
      </Point>
    </Placemark>
    <Placemark>
      <name>Vermelho</name>
      <styleUrl>#style_Vermelho</styleUrl>
      <Point>
        <coordinates>17.1997000000,-9.6453720000,0</coordinates>
      </Point>
    </Placemark>
    <Placemark>
      <name>Vermelho</name>
      <styleUrl>#style_Vermelho</styleUrl>
      <Point>
        <coordinates>17.1998820000,-9.6453860000,0</coordinates>
      </Point>
    </Placemark>
    <Placemark>
      <name>Vermelho</name>
      <styleUrl>#style_Vermelho</styleUrl>
      <Point>
        <coordinates>17.2000630000,-9.6454000000,0</coordinates>
      </Point>
    </Placemark>
    <Placemark>
      <name>Vermelho</name>
      <styleUrl>#style_Vermelho</styleUrl>
      <Point>
        <coordinates>17.2002450000,-9.6454090000,0</coordinates>
      </Point>
    </Placemark>
    <Placemark>
      <name>Vermelho</name>
      <styleUrl>#style_Vermelho</styleUrl>
      <Point>
        <coordinates>17.2004270000,-9.6454180000,0</coordinates>
      </Point>
    </Placemark>
    <Placemark>
      <name>Vermelho</name>
      <styleUrl>#style_Vermelho</styleUrl>
      <Point>
        <coordinates>17.2006090000,-9.6454280000,0</coordinates>
      </Point>
    </Placemark>
    <Placemark>
      <name>Vermelho</name>
      <styleUrl>#style_Vermelho</styleUrl>
      <Point>
        <coordinates>17.2007910000,-9.6454370000,0</coordinates>
      </Point>
    </Placemark>
    <Placemark>
      <name>Vermelho</name>
      <styleUrl>#style_Vermelho</styleUrl>
      <Point>
        <coordinates>17.2009730000,-9.6454460000,0</coordinates>
      </Point>
    </Placemark>
    <Placemark>
      <name>Vermelho</name>
      <styleUrl>#style_Vermelho</styleUrl>
      <Point>
        <coordinates>17.2011550000,-9.6454550000,0</coordinates>
      </Point>
    </Placemark>
    <Placemark>
      <name>Vermelho</name>
      <styleUrl>#style_Vermelho</styleUrl>
      <Point>
        <coordinates>17.2013370000,-9.6454600000,0</coordinates>
      </Point>
    </Placemark>
    <Placemark>
      <name>Vermelho</name>
      <styleUrl>#style_Vermelho</styleUrl>
      <Point>
        <coordinates>17.2015190000,-9.6454650000,0</coordinates>
      </Point>
    </Placemark>
    <Placemark>
      <name>Vermelho</name>
      <styleUrl>#style_Vermelho</styleUrl>
      <Point>
        <coordinates>17.2017010000,-9.6454690000,0</coordinates>
      </Point>
    </Placemark>
    <Placemark>
      <name>Vermelho</name>
      <styleUrl>#style_Vermelho</styleUrl>
      <Point>
        <coordinates>17.2018830000,-9.6454740000,0</coordinates>
      </Point>
    </Placemark>
    <Placemark>
      <name>Vermelho</name>
      <styleUrl>#style_Vermelho</styleUrl>
      <Point>
        <coordinates>17.2020650000,-9.6454800000,0</coordinates>
      </Point>
    </Placemark>
    <Placemark>
      <name>Vermelho</name>
      <styleUrl>#style_Vermelho</styleUrl>
      <Point>
        <coordinates>17.2022480000,-9.6454850000,0</coordinates>
      </Point>
    </Placemark>
    <Placemark>
      <name>Vermelho</name>
      <styleUrl>#style_Vermelho</styleUrl>
      <Point>
        <coordinates>17.2024300000,-9.6454850000,0</coordinates>
      </Point>
    </Placemark>
    <Placemark>
      <name>Vermelho</name>
      <styleUrl>#style_Vermelho</styleUrl>
      <Point>
        <coordinates>17.2026110000,-9.6454730000,0</coordinates>
      </Point>
    </Placemark>
    <Placemark>
      <name>Vermelho</name>
      <styleUrl>#style_Vermelho</styleUrl>
      <Point>
        <coordinates>17.2027930000,-9.6454610000,0</coordinates>
      </Point>
    </Placemark>
    <Placemark>
      <name>Vermelho</name>
      <styleUrl>#style_Vermelho</styleUrl>
      <Point>
        <coordinates>17.2029670000,-9.6454520000,0</coordinates>
      </Point>
    </Placemark>
    <Placemark>
      <name>Vermelho</name>
      <styleUrl>#style_Vermelho</styleUrl>
      <Point>
        <coordinates>17.2031480000,-9.6454360000,0</coordinates>
      </Point>
    </Placemark>
    <Placemark>
      <name>Vermelho</name>
      <styleUrl>#style_Vermelho</styleUrl>
      <Point>
        <coordinates>17.2033290000,-9.6454200000,0</coordinates>
      </Point>
    </Placemark>
    <Placemark>
      <name>Vermelho</name>
      <styleUrl>#style_Vermelho</styleUrl>
      <Point>
        <coordinates>17.2035100000,-9.6454000000,0</coordinates>
      </Point>
    </Placemark>
    <Placemark>
      <name>Vermelho</name>
      <styleUrl>#style_Vermelho</styleUrl>
      <Point>
        <coordinates>17.2036900000,-9.6453700000,0</coordinates>
      </Point>
    </Placemark>
    <Placemark>
      <name>Vermelho</name>
      <styleUrl>#style_Vermelho</styleUrl>
      <Point>
        <coordinates>17.2038690000,-9.6453390000,0</coordinates>
      </Point>
    </Placemark>
    <Placemark>
      <name>Vermelho</name>
      <styleUrl>#style_Vermelho</styleUrl>
      <Point>
        <coordinates>17.2040490000,-9.6453090000,0</coordinates>
      </Point>
    </Placemark>
    <Placemark>
      <name>Vermelho</name>
      <styleUrl>#style_Vermelho</styleUrl>
      <Point>
        <coordinates>17.2042280000,-9.6452760000,0</coordinates>
      </Point>
    </Placemark>
    <Placemark>
      <name>Vermelho</name>
      <styleUrl>#style_Vermelho</styleUrl>
      <Point>
        <coordinates>17.2044070000,-9.6452440000,0</coordinates>
      </Point>
    </Placemark>
    <Placemark>
      <name>Vermelho</name>
      <styleUrl>#style_Vermelho</styleUrl>
      <Point>
        <coordinates>17.2045870000,-9.6452110000,0</coordinates>
      </Point>
    </Placemark>
    <Placemark>
      <name>Vermelho</name>
      <styleUrl>#style_Vermelho</styleUrl>
      <Point>
        <coordinates>17.2047660000,-9.6451790000,0</coordinates>
      </Point>
    </Placemark>
    <Placemark>
      <name>Vermelho</name>
      <styleUrl>#style_Vermelho</styleUrl>
      <Point>
        <coordinates>17.2049460000,-9.6451560000,0</coordinates>
      </Point>
    </Placemark>
    <Placemark>
      <name>Vermelho</name>
      <styleUrl>#style_Vermelho</styleUrl>
      <Point>
        <coordinates>17.2051280000,-9.6451410000,0</coordinates>
      </Point>
    </Placemark>
    <Placemark>
      <name>Vermelho</name>
      <styleUrl>#style_Vermelho</styleUrl>
      <Point>
        <coordinates>17.2053100000,-9.6451340000,0</coordinates>
      </Point>
    </Placemark>
    <Placemark>
      <name>Vermelho</name>
      <styleUrl>#style_Vermelho</styleUrl>
      <Point>
        <coordinates>17.2054920000,-9.6451400000,0</coordinates>
      </Point>
    </Placemark>
    <Placemark>
      <name>Vermelho</name>
      <styleUrl>#style_Vermelho</styleUrl>
      <Point>
        <coordinates>17.2056740000,-9.6451520000,0</coordinates>
      </Point>
    </Placemark>
    <Placemark>
      <name>Vermelho</name>
      <styleUrl>#style_Vermelho</styleUrl>
      <Point>
        <coordinates>17.2058550000,-9.6451680000,0</coordinates>
      </Point>
    </Placemark>
    <Placemark>
      <name>Vermelho</name>
      <styleUrl>#style_Vermelho</styleUrl>
      <Point>
        <coordinates>17.2060360000,-9.6451890000,0</coordinates>
      </Point>
    </Placemark>
    <Placemark>
      <name>Vermelho</name>
      <styleUrl>#style_Vermelho</styleUrl>
      <Point>
        <coordinates>17.2062160000,-9.6452150000,0</coordinates>
      </Point>
    </Placemark>
    <Placemark>
      <name>Vermelho</name>
      <styleUrl>#style_Vermelho</styleUrl>
      <Point>
        <coordinates>17.2063960000,-9.6452450000,0</coordinates>
      </Point>
    </Placemark>
    <Placemark>
      <name>Vermelho</name>
      <styleUrl>#style_Vermelho</styleUrl>
      <Point>
        <coordinates>17.2065760000,-9.6452690000,0</coordinates>
      </Point>
    </Placemark>
    <Placemark>
      <name>Vermelho</name>
      <styleUrl>#style_Vermelho</styleUrl>
      <Point>
        <coordinates>17.2067570000,-9.6452920000,0</coordinates>
      </Point>
    </Placemark>
    <Placemark>
      <name>Vermelho</name>
      <styleUrl>#style_Vermelho</styleUrl>
      <Point>
        <coordinates>17.2069380000,-9.6453160000,0</coordinates>
      </Point>
    </Placemark>
    <Placemark>
      <name>Vermelho</name>
      <styleUrl>#style_Vermelho</styleUrl>
      <Point>
        <coordinates>17.2071180000,-9.6453390000,0</coordinates>
      </Point>
    </Placemark>
    <Placemark>
      <name>Vermelho</name>
      <styleUrl>#style_Vermelho</styleUrl>
      <Point>
        <coordinates>17.2072990000,-9.6453630000,0</coordinates>
      </Point>
    </Placemark>
    <Placemark>
      <name>Vermelho</name>
      <styleUrl>#style_Vermelho</styleUrl>
      <Point>
        <coordinates>17.2074800000,-9.6453850000,0</coordinates>
      </Point>
    </Placemark>
    <Placemark>
      <name>Vermelho</name>
      <styleUrl>#style_Vermelho</styleUrl>
      <Point>
        <coordinates>17.2076600000,-9.6454070000,0</coordinates>
      </Point>
    </Placemark>
    <Placemark>
      <name>Vermelho</name>
      <styleUrl>#style_Vermelho</styleUrl>
      <Point>
        <coordinates>17.2078410000,-9.6454300000,0</coordinates>
      </Point>
    </Placemark>
    <Placemark>
      <name>Vermelho</name>
      <styleUrl>#style_Vermelho</styleUrl>
      <Point>
        <coordinates>17.2080220000,-9.6454520000,0</coordinates>
      </Point>
    </Placemark>
    <Placemark>
      <name>Vermelho</name>
      <styleUrl>#style_Vermelho</styleUrl>
      <Point>
        <coordinates>17.2082030000,-9.6454690000,0</coordinates>
      </Point>
    </Placemark>
    <Placemark>
      <name>Vermelho</name>
      <styleUrl>#style_Vermelho</styleUrl>
      <Point>
        <coordinates>17.2083850000,-9.6454840000,0</coordinates>
      </Point>
    </Placemark>
    <Placemark>
      <name>Vermelho</name>
      <styleUrl>#style_Vermelho</styleUrl>
      <Point>
        <coordinates>17.2085660000,-9.6454990000,0</coordinates>
      </Point>
    </Placemark>
    <Placemark>
      <name>Vermelho</name>
      <styleUrl>#style_Vermelho</styleUrl>
      <Point>
        <coordinates>17.2087480000,-9.6455130000,0</coordinates>
      </Point>
    </Placemark>
    <Placemark>
      <name>Vermelho</name>
      <styleUrl>#style_Vermelho</styleUrl>
      <Point>
        <coordinates>17.2089290000,-9.6455280000,0</coordinates>
      </Point>
    </Placemark>
    <Placemark>
      <name>Vermelho</name>
      <styleUrl>#style_Vermelho</styleUrl>
      <Point>
        <coordinates>17.2091110000,-9.6455420000,0</coordinates>
      </Point>
    </Placemark>
    <Placemark>
      <name>Vermelho</name>
      <styleUrl>#style_Vermelho</styleUrl>
      <Point>
        <coordinates>17.2092930000,-9.6455560000,0</coordinates>
      </Point>
    </Placemark>
    <Placemark>
      <name>Vermelho</name>
      <styleUrl>#style_Vermelho</styleUrl>
      <Point>
        <coordinates>17.2094740000,-9.6455690000,0</coordinates>
      </Point>
    </Placemark>
    <Placemark>
      <name>Vermelho</name>
      <styleUrl>#style_Vermelho</styleUrl>
      <Point>
        <coordinates>17.2096560000,-9.6455830000,0</coordinates>
      </Point>
    </Placemark>
    <Placemark>
      <name>Vermelho</name>
      <styleUrl>#style_Vermelho</styleUrl>
      <Point>
        <coordinates>17.2098380000,-9.6455970000,0</coordinates>
      </Point>
    </Placemark>
    <Placemark>
      <name>Vermelho</name>
      <styleUrl>#style_Vermelho</styleUrl>
      <Point>
        <coordinates>17.2100190000,-9.6456100000,0</coordinates>
      </Point>
    </Placemark>
    <Placemark>
      <name>Vermelho</name>
      <styleUrl>#style_Vermelho</styleUrl>
      <Point>
        <coordinates>17.2102010000,-9.6456260000,0</coordinates>
      </Point>
    </Placemark>
    <Placemark>
      <name>Vermelho</name>
      <styleUrl>#style_Vermelho</styleUrl>
      <Point>
        <coordinates>17.2103820000,-9.6456430000,0</coordinates>
      </Point>
    </Placemark>
    <Placemark>
      <name>Vermelho</name>
      <styleUrl>#style_Vermelho</styleUrl>
      <Point>
        <coordinates>17.2105630000,-9.6456600000,0</coordinates>
      </Point>
    </Placemark>
    <Placemark>
      <name>Vermelho</name>
      <styleUrl>#style_Vermelho</styleUrl>
      <Point>
        <coordinates>17.2107450000,-9.6456770000,0</coordinates>
      </Point>
    </Placemark>
    <Placemark>
      <name>Vermelho</name>
      <styleUrl>#style_Vermelho</styleUrl>
      <Point>
        <coordinates>17.2109260000,-9.6456940000,0</coordinates>
      </Point>
    </Placemark>
    <Placemark>
      <name>Vermelho</name>
      <styleUrl>#style_Vermelho</styleUrl>
      <Point>
        <coordinates>17.2111070000,-9.6457110000,0</coordinates>
      </Point>
    </Placemark>
    <Placemark>
      <name>Vermelho</name>
      <styleUrl>#style_Vermelho</styleUrl>
      <Point>
        <coordinates>17.2112890000,-9.6457280000,0</coordinates>
      </Point>
    </Placemark>
    <Placemark>
      <name>Vermelho</name>
      <styleUrl>#style_Vermelho</styleUrl>
      <Point>
        <coordinates>17.2114700000,-9.6457420000,0</coordinates>
      </Point>
    </Placemark>
    <Placemark>
      <name>Vermelho</name>
      <styleUrl>#style_Vermelho</styleUrl>
      <Point>
        <coordinates>17.2116520000,-9.6457560000,0</coordinates>
      </Point>
    </Placemark>
    <Placemark>
      <name>Vermelho</name>
      <styleUrl>#style_Vermelho</styleUrl>
      <Point>
        <coordinates>17.2118340000,-9.6457700000,0</coordinates>
      </Point>
    </Placemark>
    <Placemark>
      <name>Vermelho</name>
      <styleUrl>#style_Vermelho</styleUrl>
      <Point>
        <coordinates>17.2120150000,-9.6457860000,0</coordinates>
      </Point>
    </Placemark>
    <Placemark>
      <name>Vermelho</name>
      <styleUrl>#style_Vermelho</styleUrl>
      <Point>
        <coordinates>17.2121960000,-9.6458070000,0</coordinates>
      </Point>
    </Placemark>
    <Placemark>
      <name>Vermelho</name>
      <styleUrl>#style_Vermelho</styleUrl>
      <Point>
        <coordinates>17.2123770000,-9.6458280000,0</coordinates>
      </Point>
    </Placemark>
    <Placemark>
      <name>Vermelho</name>
      <styleUrl>#style_Vermelho</styleUrl>
      <Point>
        <coordinates>17.2125560000,-9.6458580000,0</coordinates>
      </Point>
    </Placemark>
    <Placemark>
      <name>Vermelho</name>
      <styleUrl>#style_Vermelho</styleUrl>
      <Point>
        <coordinates>17.2127350000,-9.6458950000,0</coordinates>
      </Point>
    </Placemark>
    <Placemark>
      <name>Vermelho</name>
      <styleUrl>#style_Vermelho</styleUrl>
      <Point>
        <coordinates>17.2129120000,-9.6459370000,0</coordinates>
      </Point>
    </Placemark>
    <Placemark>
      <name>Vermelho</name>
      <styleUrl>#style_Vermelho</styleUrl>
      <Point>
        <coordinates>17.2130880000,-9.6459810000,0</coordinates>
      </Point>
    </Placemark>
    <Placemark>
      <name>Vermelho</name>
      <styleUrl>#style_Vermelho</styleUrl>
      <Point>
        <coordinates>17.2132630000,-9.6460340000,0</coordinates>
      </Point>
    </Placemark>
    <Placemark>
      <name>Vermelho</name>
      <styleUrl>#style_Vermelho</styleUrl>
      <Point>
        <coordinates>17.2134380000,-9.6460850000,0</coordinates>
      </Point>
    </Placemark>
    <Placemark>
      <name>Vermelho</name>
      <styleUrl>#style_Vermelho</styleUrl>
      <Point>
        <coordinates>17.2136130000,-9.6461340000,0</coordinates>
      </Point>
    </Placemark>
    <Placemark>
      <name>Vermelho</name>
      <styleUrl>#style_Vermelho</styleUrl>
      <Point>
        <coordinates>17.2137870000,-9.6461860000,0</coordinates>
      </Point>
    </Placemark>
    <Placemark>
      <name>Vermelho</name>
      <styleUrl>#style_Vermelho</styleUrl>
      <Point>
        <coordinates>17.2139610000,-9.6462390000,0</coordinates>
      </Point>
    </Placemark>
    <Placemark>
      <name>Vermelho</name>
      <styleUrl>#style_Vermelho</styleUrl>
      <Point>
        <coordinates>17.2141350000,-9.6462930000,0</coordinates>
      </Point>
    </Placemark>
    <Placemark>
      <name>Vermelho</name>
      <styleUrl>#style_Vermelho</styleUrl>
      <Point>
        <coordinates>17.2143090000,-9.6463460000,0</coordinates>
      </Point>
    </Placemark>
    <Placemark>
      <name>Vermelho</name>
      <styleUrl>#style_Vermelho</styleUrl>
      <Point>
        <coordinates>17.2144850000,-9.6463960000,0</coordinates>
      </Point>
    </Placemark>
    <Placemark>
      <name>Vermelho</name>
      <styleUrl>#style_Vermelho</styleUrl>
      <Point>
        <coordinates>17.2146600000,-9.6464450000,0</coordinates>
      </Point>
    </Placemark>
    <Placemark>
      <name>Vermelho</name>
      <styleUrl>#style_Vermelho</styleUrl>
      <Point>
        <coordinates>17.2148360000,-9.6464930000,0</coordinates>
      </Point>
    </Placemark>
    <Placemark>
      <name>Vermelho</name>
      <styleUrl>#style_Vermelho</styleUrl>
      <Point>
        <coordinates>17.2150120000,-9.6465370000,0</coordinates>
      </Point>
    </Placemark>
    <Placemark>
      <name>Vermelho</name>
      <styleUrl>#style_Vermelho</styleUrl>
      <Point>
        <coordinates>17.2151890000,-9.6465800000,0</coordinates>
      </Point>
    </Placemark>
    <Placemark>
      <name>Vermelho</name>
      <styleUrl>#style_Vermelho</styleUrl>
      <Point>
        <coordinates>17.2153670000,-9.6466170000,0</coordinates>
      </Point>
    </Placemark>
    <Placemark>
      <name>Vermelho</name>
      <styleUrl>#style_Vermelho</styleUrl>
      <Point>
        <coordinates>17.2155460000,-9.6466510000,0</coordinates>
      </Point>
    </Placemark>
    <Placemark>
      <name>Vermelho</name>
      <styleUrl>#style_Vermelho</styleUrl>
      <Point>
        <coordinates>17.2157270000,-9.6466710000,0</coordinates>
      </Point>
    </Placemark>
    <Placemark>
      <name>Vermelho</name>
      <styleUrl>#style_Vermelho</styleUrl>
      <Point>
        <coordinates>17.2159090000,-9.6466830000,0</coordinates>
      </Point>
    </Placemark>
    <Placemark>
      <name>Vermelho</name>
      <styleUrl>#style_Vermelho</styleUrl>
      <Point>
        <coordinates>17.2160910000,-9.6466910000,0</coordinates>
      </Point>
    </Placemark>
    <Placemark>
      <name>Vermelho</name>
      <styleUrl>#style_Vermelho</styleUrl>
      <Point>
        <coordinates>17.2162730000,-9.6467000000,0</coordinates>
      </Point>
    </Placemark>
    <Placemark>
      <name>Vermelho</name>
      <styleUrl>#style_Vermelho</styleUrl>
      <Point>
        <coordinates>17.2164550000,-9.6467090000,0</coordinates>
      </Point>
    </Placemark>
    <Placemark>
      <name>Vermelho</name>
      <styleUrl>#style_Vermelho</styleUrl>
      <Point>
        <coordinates>17.2166370000,-9.6467130000,0</coordinates>
      </Point>
    </Placemark>
    <Placemark>
      <name>Vermelho</name>
      <styleUrl>#style_Vermelho</styleUrl>
      <Point>
        <coordinates>17.2168190000,-9.6467180000,0</coordinates>
      </Point>
    </Placemark>
    <Placemark>
      <name>Vermelho</name>
      <styleUrl>#style_Vermelho</styleUrl>
      <Point>
        <coordinates>17.2170010000,-9.6467250000,0</coordinates>
      </Point>
    </Placemark>
    <Placemark>
      <name>Vermelho</name>
      <styleUrl>#style_Vermelho</styleUrl>
      <Point>
        <coordinates>17.2171830000,-9.6467310000,0</coordinates>
      </Point>
    </Placemark>
    <Placemark>
      <name>Vermelho</name>
      <styleUrl>#style_Vermelho</styleUrl>
      <Point>
        <coordinates>17.2173650000,-9.6467350000,0</coordinates>
      </Point>
    </Placemark>
    <Placemark>
      <name>Vermelho</name>
      <styleUrl>#style_Vermelho</styleUrl>
      <Point>
        <coordinates>17.2175470000,-9.6467460000,0</coordinates>
      </Point>
    </Placemark>
    <Placemark>
      <name>Vermelho</name>
      <styleUrl>#style_Vermelho</styleUrl>
      <Point>
        <coordinates>17.2177290000,-9.6467570000,0</coordinates>
      </Point>
    </Placemark>
    <Placemark>
      <name>Vermelho</name>
      <styleUrl>#style_Vermelho</styleUrl>
      <Point>
        <coordinates>17.2179110000,-9.6467650000,0</coordinates>
      </Point>
    </Placemark>
    <Placemark>
      <name>Vermelho</name>
      <styleUrl>#style_Vermelho</styleUrl>
      <Point>
        <coordinates>17.2180930000,-9.6467730000,0</coordinates>
      </Point>
    </Placemark>
    <Placemark>
      <name>Vermelho</name>
      <styleUrl>#style_Vermelho</styleUrl>
      <Point>
        <coordinates>17.2182750000,-9.6467840000,0</coordinates>
      </Point>
    </Placemark>
    <Placemark>
      <name>Vermelho</name>
      <styleUrl>#style_Vermelho</styleUrl>
      <Point>
        <coordinates>17.2184560000,-9.6468000000,0</coordinates>
      </Point>
    </Placemark>
    <Placemark>
      <name>Vermelho</name>
      <styleUrl>#style_Vermelho</styleUrl>
      <Point>
        <coordinates>17.2186370000,-9.6468170000,0</coordinates>
      </Point>
    </Placemark>
    <Placemark>
      <name>Vermelho</name>
      <styleUrl>#style_Vermelho</styleUrl>
      <Point>
        <coordinates>17.2188190000,-9.6468350000,0</coordinates>
      </Point>
    </Placemark>
    <Placemark>
      <name>Vermelho</name>
      <styleUrl>#style_Vermelho</styleUrl>
      <Point>
        <coordinates>17.2190000000,-9.6468550000,0</coordinates>
      </Point>
    </Placemark>
    <Placemark>
      <name>Vermelho</name>
      <styleUrl>#style_Vermelho</styleUrl>
      <Point>
        <coordinates>17.2191810000,-9.6468730000,0</coordinates>
      </Point>
    </Placemark>
    <Placemark>
      <name>Vermelho</name>
      <styleUrl>#style_Vermelho</styleUrl>
      <Point>
        <coordinates>17.2193620000,-9.6468910000,0</coordinates>
      </Point>
    </Placemark>
    <Placemark>
      <name>Vermelho</name>
      <styleUrl>#style_Vermelho</styleUrl>
      <Point>
        <coordinates>17.2195440000,-9.6469080000,0</coordinates>
      </Point>
    </Placemark>
    <Placemark>
      <name>Vermelho</name>
      <styleUrl>#style_Vermelho</styleUrl>
      <Point>
        <coordinates>17.2197250000,-9.6469250000,0</coordinates>
      </Point>
    </Placemark>
    <Placemark>
      <name>Vermelho</name>
      <styleUrl>#style_Vermelho</styleUrl>
      <Point>
        <coordinates>17.2199060000,-9.6469430000,0</coordinates>
      </Point>
    </Placemark>
    <Placemark>
      <name>Vermelho</name>
      <styleUrl>#style_Vermelho</styleUrl>
      <Point>
        <coordinates>17.2200880000,-9.6469600000,0</coordinates>
      </Point>
    </Placemark>
    <Placemark>
      <name>Vermelho</name>
      <styleUrl>#style_Vermelho</styleUrl>
      <Point>
        <coordinates>17.2202690000,-9.6469770000,0</coordinates>
      </Point>
    </Placemark>
    <Placemark>
      <name>Vermelho</name>
      <styleUrl>#style_Vermelho</styleUrl>
      <Point>
        <coordinates>17.2204500000,-9.6469950000,0</coordinates>
      </Point>
    </Placemark>
    <Placemark>
      <name>Vermelho</name>
      <styleUrl>#style_Vermelho</styleUrl>
      <Point>
        <coordinates>17.2206310000,-9.6470170000,0</coordinates>
      </Point>
    </Placemark>
    <Placemark>
      <name>Vermelho</name>
      <styleUrl>#style_Vermelho</styleUrl>
      <Point>
        <coordinates>17.2208120000,-9.6470390000,0</coordinates>
      </Point>
    </Placemark>
    <Placemark>
      <name>Vermelho</name>
      <styleUrl>#style_Vermelho</styleUrl>
      <Point>
        <coordinates>17.2209920000,-9.6470610000,0</coordinates>
      </Point>
    </Placemark>
    <Placemark>
      <name>Vermelho</name>
      <styleUrl>#style_Vermelho</styleUrl>
      <Point>
        <coordinates>17.2211720000,-9.6470930000,0</coordinates>
      </Point>
    </Placemark>
    <Placemark>
      <name>Vermelho</name>
      <styleUrl>#style_Vermelho</styleUrl>
      <Point>
        <coordinates>17.2213480000,-9.6471390000,0</coordinates>
      </Point>
    </Placemark>
    <Placemark>
      <name>Vermelho</name>
      <styleUrl>#style_Vermelho</styleUrl>
      <Point>
        <coordinates>17.2215220000,-9.6471920000,0</coordinates>
      </Point>
    </Placemark>
    <Placemark>
      <name>Vermelho</name>
      <styleUrl>#style_Vermelho</styleUrl>
      <Point>
        <coordinates>17.2216950000,-9.6472480000,0</coordinates>
      </Point>
    </Placemark>
    <Placemark>
      <name>Vermelho</name>
      <styleUrl>#style_Vermelho</styleUrl>
      <Point>
        <coordinates>17.2218680000,-9.6473060000,0</coordinates>
      </Point>
    </Placemark>
    <Placemark>
      <name>Vermelho</name>
      <styleUrl>#style_Vermelho</styleUrl>
      <Point>
        <coordinates>17.2220410000,-9.6473630000,0</coordinates>
      </Point>
    </Placemark>
    <Placemark>
      <name>Vermelho</name>
      <styleUrl>#style_Vermelho</styleUrl>
      <Point>
        <coordinates>17.2222130000,-9.6474200000,0</coordinates>
      </Point>
    </Placemark>
    <Placemark>
      <name>Vermelho</name>
      <styleUrl>#style_Vermelho</styleUrl>
      <Point>
        <coordinates>17.2223800000,-9.6474930000,0</coordinates>
      </Point>
    </Placemark>
    <Placemark>
      <name>Vermelho</name>
      <styleUrl>#style_Vermelho</styleUrl>
      <Point>
        <coordinates>17.2225430000,-9.6475740000,0</coordinates>
      </Point>
    </Placemark>
    <Placemark>
      <name>Vermelho</name>
      <styleUrl>#style_Vermelho</styleUrl>
      <Point>
        <coordinates>17.2226920000,-9.6476760000,0</coordinates>
      </Point>
    </Placemark>
    <Placemark>
      <name>Vermelho</name>
      <styleUrl>#style_Vermelho</styleUrl>
      <Point>
        <coordinates>17.2228270000,-9.6477970000,0</coordinates>
      </Point>
    </Placemark>
    <Placemark>
      <name>Vermelho</name>
      <styleUrl>#style_Vermelho</styleUrl>
      <Point>
        <coordinates>17.2229470000,-9.6479330000,0</coordinates>
      </Point>
    </Placemark>
    <Placemark>
      <name>Vermelho</name>
      <styleUrl>#style_Vermelho</styleUrl>
      <Point>
        <coordinates>17.2230470000,-9.6480830000,0</coordinates>
      </Point>
    </Placemark>
    <Placemark>
      <name>Vermelho</name>
      <styleUrl>#style_Vermelho</styleUrl>
      <Point>
        <coordinates>17.2231170000,-9.6482500000,0</coordinates>
      </Point>
    </Placemark>
    <Placemark>
      <name>Vermelho</name>
      <styleUrl>#style_Vermelho</styleUrl>
      <Point>
        <coordinates>17.2231690000,-9.6484220000,0</coordinates>
      </Point>
    </Placemark>
    <Placemark>
      <name>Vermelho</name>
      <styleUrl>#style_Vermelho</styleUrl>
      <Point>
        <coordinates>17.2231920000,-9.6486010000,0</coordinates>
      </Point>
    </Placemark>
    <Placemark>
      <name>Vermelho</name>
      <styleUrl>#style_Vermelho</styleUrl>
      <Point>
        <coordinates>17.2231910000,-9.6487820000,0</coordinates>
      </Point>
    </Placemark>
    <Placemark>
      <name>Vermelho</name>
      <styleUrl>#style_Vermelho</styleUrl>
      <Point>
        <coordinates>17.2231740000,-9.6489620000,0</coordinates>
      </Point>
    </Placemark>
    <Placemark>
      <name>Vermelho</name>
      <styleUrl>#style_Vermelho</styleUrl>
      <Point>
        <coordinates>17.2231240000,-9.6491350000,0</coordinates>
      </Point>
    </Placemark>
    <Placemark>
      <name>Vermelho</name>
      <styleUrl>#style_Vermelho</styleUrl>
      <Point>
        <coordinates>17.2230630000,-9.6493050000,0</coordinates>
      </Point>
    </Placemark>
    <Placemark>
      <name>Vermelho</name>
      <styleUrl>#style_Vermelho</styleUrl>
      <Point>
        <coordinates>17.2229830000,-9.6494670000,0</coordinates>
      </Point>
    </Placemark>
    <Placemark>
      <name>Vermelho</name>
      <styleUrl>#style_Vermelho</styleUrl>
      <Point>
        <coordinates>17.2229030000,-9.6496300000,0</coordinates>
      </Point>
    </Placemark>
    <Placemark>
      <name>Vermelho</name>
      <styleUrl>#style_Vermelho</styleUrl>
      <Point>
        <coordinates>17.2228180000,-9.6497890000,0</coordinates>
      </Point>
    </Placemark>
    <Placemark>
      <name>Vermelho</name>
      <styleUrl>#style_Vermelho</styleUrl>
      <Point>
        <coordinates>17.2227320000,-9.6499490000,0</coordinates>
      </Point>
    </Placemark>
    <Placemark>
      <name>Vermelho</name>
      <styleUrl>#style_Vermelho</styleUrl>
      <Point>
        <coordinates>17.2226460000,-9.6501080000,0</coordinates>
      </Point>
    </Placemark>
    <Placemark>
      <name>Vermelho</name>
      <styleUrl>#style_Vermelho</styleUrl>
      <Point>
        <coordinates>17.2225600000,-9.6502680000,0</coordinates>
      </Point>
    </Placemark>
    <Placemark>
      <name>Vermelho</name>
      <styleUrl>#style_Vermelho</styleUrl>
      <Point>
        <coordinates>17.2224750000,-9.6504270000,0</coordinates>
      </Point>
    </Placemark>
    <Placemark>
      <name>Vermelho</name>
      <styleUrl>#style_Vermelho</styleUrl>
      <Point>
        <coordinates>17.2223890000,-9.6505870000,0</coordinates>
      </Point>
    </Placemark>
    <Placemark>
      <name>Vermelho</name>
      <styleUrl>#style_Vermelho</styleUrl>
      <Point>
        <coordinates>17.2223030000,-9.6507460000,0</coordinates>
      </Point>
    </Placemark>
    <Placemark>
      <name>Vermelho</name>
      <styleUrl>#style_Vermelho</styleUrl>
      <Point>
        <coordinates>17.2222180000,-9.6509060000,0</coordinates>
      </Point>
    </Placemark>
    <Placemark>
      <name>Vermelho</name>
      <styleUrl>#style_Vermelho</styleUrl>
      <Point>
        <coordinates>17.2221320000,-9.6510660000,0</coordinates>
      </Point>
    </Placemark>
    <Placemark>
      <name>Vermelho</name>
      <styleUrl>#style_Vermelho</styleUrl>
      <Point>
        <coordinates>17.2220460000,-9.6512250000,0</coordinates>
      </Point>
    </Placemark>
    <Placemark>
      <name>Vermelho</name>
      <styleUrl>#style_Vermelho</styleUrl>
      <Point>
        <coordinates>17.2219550000,-9.6513810000,0</coordinates>
      </Point>
    </Placemark>
    <Placemark>
      <name>Vermelho</name>
      <styleUrl>#style_Vermelho</styleUrl>
      <Point>
        <coordinates>17.2218570000,-9.6515340000,0</coordinates>
      </Point>
    </Placemark>
    <Placemark>
      <name>Vermelho</name>
      <styleUrl>#style_Vermelho</styleUrl>
      <Point>
        <coordinates>17.2217570000,-9.6516850000,0</coordinates>
      </Point>
    </Placemark>
    <Placemark>
      <name>Vermelho</name>
      <styleUrl>#style_Vermelho</styleUrl>
      <Point>
        <coordinates>17.2216580000,-9.6518360000,0</coordinates>
      </Point>
    </Placemark>
    <Placemark>
      <name>Vermelho</name>
      <styleUrl>#style_Vermelho</styleUrl>
      <Point>
        <coordinates>17.2215510000,-9.6519830000,0</coordinates>
      </Point>
    </Placemark>
    <Placemark>
      <name>Vermelho</name>
      <styleUrl>#style_Vermelho</styleUrl>
      <Point>
        <coordinates>17.2214390000,-9.6521250000,0</coordinates>
      </Point>
    </Placemark>
    <Placemark>
      <name>Vermelho</name>
      <styleUrl>#style_Vermelho</styleUrl>
      <Point>
        <coordinates>17.2213270000,-9.6522670000,0</coordinates>
      </Point>
    </Placemark>
    <Placemark>
      <name>Vermelho</name>
      <styleUrl>#style_Vermelho</styleUrl>
      <Point>
        <coordinates>17.2212150000,-9.6524100000,0</coordinates>
      </Point>
    </Placemark>
    <Placemark>
      <name>Vermelho</name>
      <styleUrl>#style_Vermelho</styleUrl>
      <Point>
        <coordinates>17.2211070000,-9.6525560000,0</coordinates>
      </Point>
    </Placemark>
    <Placemark>
      <name>Vermelho</name>
      <styleUrl>#style_Vermelho</styleUrl>
      <Point>
        <coordinates>17.2209980000,-9.6527010000,0</coordinates>
      </Point>
    </Placemark>
    <Placemark>
      <name>Vermelho</name>
      <styleUrl>#style_Vermelho</styleUrl>
      <Point>
        <coordinates>17.2208900000,-9.6528460000,0</coordinates>
      </Point>
    </Placemark>
    <Placemark>
      <name>Vermelho</name>
      <styleUrl>#style_Vermelho</styleUrl>
      <Point>
        <coordinates>17.2207810000,-9.6529920000,0</coordinates>
      </Point>
    </Placemark>
    <Placemark>
      <name>Vermelho</name>
      <styleUrl>#style_Vermelho</styleUrl>
      <Point>
        <coordinates>17.2206720000,-9.6531360000,0</coordinates>
      </Point>
    </Placemark>
    <Placemark>
      <name>Vermelho</name>
      <styleUrl>#style_Vermelho</styleUrl>
      <Point>
        <coordinates>17.2205690000,-9.6532850000,0</coordinates>
      </Point>
    </Placemark>
    <Placemark>
      <name>Vermelho</name>
      <styleUrl>#style_Vermelho</styleUrl>
      <Point>
        <coordinates>17.2204750000,-9.6534400000,0</coordinates>
      </Point>
    </Placemark>
    <Placemark>
      <name>Vermelho</name>
      <styleUrl>#style_Vermelho</styleUrl>
      <Point>
        <coordinates>17.2203920000,-9.6536000000,0</coordinates>
      </Point>
    </Placemark>
    <Placemark>
      <name>Vermelho</name>
      <styleUrl>#style_Vermelho</styleUrl>
      <Point>
        <coordinates>17.2203130000,-9.6537630000,0</coordinates>
      </Point>
    </Placemark>
    <Placemark>
      <name>Vermelho</name>
      <styleUrl>#style_Vermelho</styleUrl>
      <Point>
        <coordinates>17.2202480000,-9.6539320000,0</coordinates>
      </Point>
    </Placemark>
    <Placemark>
      <name>Vermelho</name>
      <styleUrl>#style_Vermelho</styleUrl>
      <Point>
        <coordinates>17.2201860000,-9.6541020000,0</coordinates>
      </Point>
    </Placemark>
    <Placemark>
      <name>Vermelho</name>
      <styleUrl>#style_Vermelho</styleUrl>
      <Point>
        <coordinates>17.2201390000,-9.6542770000,0</coordinates>
      </Point>
    </Placemark>
    <Placemark>
      <name>Vermelho</name>
      <styleUrl>#style_Vermelho</styleUrl>
      <Point>
        <coordinates>17.2200980000,-9.6544530000,0</coordinates>
      </Point>
    </Placemark>
    <Placemark>
      <name>Vermelho</name>
      <styleUrl>#style_Vermelho</styleUrl>
      <Point>
        <coordinates>17.2200650000,-9.6546300000,0</coordinates>
      </Point>
    </Placemark>
    <Placemark>
      <name>Vermelho</name>
      <styleUrl>#style_Vermelho</styleUrl>
      <Point>
        <coordinates>17.2200360000,-9.6548090000,0</coordinates>
      </Point>
    </Placemark>
    <Placemark>
      <name>Vermelho</name>
      <styleUrl>#style_Vermelho</styleUrl>
      <Point>
        <coordinates>17.2200120000,-9.6549880000,0</coordinates>
      </Point>
    </Placemark>
    <Placemark>
      <name>Vermelho</name>
      <styleUrl>#style_Vermelho</styleUrl>
      <Point>
        <coordinates>17.2199890000,-9.6551670000,0</coordinates>
      </Point>
    </Placemark>
    <Placemark>
      <name>Vermelho</name>
      <styleUrl>#style_Vermelho</styleUrl>
      <Point>
        <coordinates>17.2199660000,-9.6553470000,0</coordinates>
      </Point>
    </Placemark>
    <Placemark>
      <name>Vermelho</name>
      <styleUrl>#style_Vermelho</styleUrl>
      <Point>
        <coordinates>17.2199420000,-9.6555260000,0</coordinates>
      </Point>
    </Placemark>
    <Placemark>
      <name>Vermelho</name>
      <styleUrl>#style_Vermelho</styleUrl>
      <Point>
        <coordinates>17.2199190000,-9.6557050000,0</coordinates>
      </Point>
    </Placemark>
    <Placemark>
      <name>Vermelho</name>
      <styleUrl>#style_Vermelho</styleUrl>
      <Point>
        <coordinates>17.2198960000,-9.6558840000,0</coordinates>
      </Point>
    </Placemark>
    <Placemark>
      <name>Vermelho</name>
      <styleUrl>#style_Vermelho</styleUrl>
      <Point>
        <coordinates>17.2198720000,-9.6560640000,0</coordinates>
      </Point>
    </Placemark>
    <Placemark>
      <name>Vermelho</name>
      <styleUrl>#style_Vermelho</styleUrl>
      <Point>
        <coordinates>17.2198490000,-9.6562430000,0</coordinates>
      </Point>
    </Placemark>
    <Placemark>
      <name>Vermelho</name>
      <styleUrl>#style_Vermelho</styleUrl>
      <Point>
        <coordinates>17.2198260000,-9.6564220000,0</coordinates>
      </Point>
    </Placemark>
    <Placemark>
      <name>Vermelho</name>
      <styleUrl>#style_Vermelho</styleUrl>
      <Point>
        <coordinates>17.2198020000,-9.6566020000,0</coordinates>
      </Point>
    </Placemark>
    <Placemark>
      <name>Vermelho</name>
      <styleUrl>#style_Vermelho</styleUrl>
      <Point>
        <coordinates>17.2197790000,-9.6567810000,0</coordinates>
      </Point>
    </Placemark>
    <Placemark>
      <name>Vermelho</name>
      <styleUrl>#style_Vermelho</styleUrl>
      <Point>
        <coordinates>17.2197560000,-9.6569600000,0</coordinates>
      </Point>
    </Placemark>
    <Placemark>
      <name>Vermelho</name>
      <styleUrl>#style_Vermelho</styleUrl>
      <Point>
        <coordinates>17.2197320000,-9.6571390000,0</coordinates>
      </Point>
    </Placemark>
    <Placemark>
      <name>Vermelho</name>
      <styleUrl>#style_Vermelho</styleUrl>
      <Point>
        <coordinates>17.2197170000,-9.6573190000,0</coordinates>
      </Point>
    </Placemark>
    <Placemark>
      <name>Vermelho</name>
      <styleUrl>#style_Vermelho</styleUrl>
      <Point>
        <coordinates>17.2197060000,-9.6575000000,0</coordinates>
      </Point>
    </Placemark>
    <Placemark>
      <name>Vermelho</name>
      <styleUrl>#style_Vermelho</styleUrl>
      <Point>
        <coordinates>17.2197000000,-9.6576800000,0</coordinates>
      </Point>
    </Placemark>
    <Placemark>
      <name>Vermelho</name>
      <styleUrl>#style_Vermelho</styleUrl>
      <Point>
        <coordinates>17.2196940000,-9.6578610000,0</coordinates>
      </Point>
    </Placemark>
    <Placemark>
      <name>Vermelho</name>
      <styleUrl>#style_Vermelho</styleUrl>
      <Point>
        <coordinates>17.2196950000,-9.6580420000,0</coordinates>
      </Point>
    </Placemark>
    <Placemark>
      <name>Vermelho</name>
      <styleUrl>#style_Vermelho</styleUrl>
      <Point>
        <coordinates>17.2196980000,-9.6582230000,0</coordinates>
      </Point>
    </Placemark>
    <Placemark>
      <name>Vermelho</name>
      <styleUrl>#style_Vermelho</styleUrl>
      <Point>
        <coordinates>17.2197010000,-9.6584030000,0</coordinates>
      </Point>
    </Placemark>
    <Placemark>
      <name>Vermelho</name>
      <styleUrl>#style_Vermelho</styleUrl>
      <Point>
        <coordinates>17.2197060000,-9.6585840000,0</coordinates>
      </Point>
    </Placemark>
    <Placemark>
      <name>Vermelho</name>
      <styleUrl>#style_Vermelho</styleUrl>
      <Point>
        <coordinates>17.2197110000,-9.6587650000,0</coordinates>
      </Point>
    </Placemark>
    <Placemark>
      <name>Vermelho</name>
      <styleUrl>#style_Vermelho</styleUrl>
      <Point>
        <coordinates>17.2197170000,-9.6589450000,0</coordinates>
      </Point>
    </Placemark>
    <Placemark>
      <name>Vermelho</name>
      <styleUrl>#style_Vermelho</styleUrl>
      <Point>
        <coordinates>17.2197220000,-9.6591260000,0</coordinates>
      </Point>
    </Placemark>
    <Placemark>
      <name>Vermelho</name>
      <styleUrl>#style_Vermelho</styleUrl>
      <Point>
        <coordinates>17.2197270000,-9.6593070000,0</coordinates>
      </Point>
    </Placemark>
    <Placemark>
      <name>Vermelho</name>
      <styleUrl>#style_Vermelho</styleUrl>
      <Point>
        <coordinates>17.2197320000,-9.6594870000,0</coordinates>
      </Point>
    </Placemark>
    <Placemark>
      <name>Vermelho</name>
      <styleUrl>#style_Vermelho</styleUrl>
      <Point>
        <coordinates>17.2197370000,-9.6596680000,0</coordinates>
      </Point>
    </Placemark>
    <Placemark>
      <name>Vermelho</name>
      <styleUrl>#style_Vermelho</styleUrl>
      <Point>
        <coordinates>17.2197420000,-9.6598490000,0</coordinates>
      </Point>
    </Placemark>
    <Placemark>
      <name>Vermelho</name>
      <styleUrl>#style_Vermelho</styleUrl>
      <Point>
        <coordinates>17.2197480000,-9.6600300000,0</coordinates>
      </Point>
    </Placemark>
    <Placemark>
      <name>Vermelho</name>
      <styleUrl>#style_Vermelho</styleUrl>
      <Point>
        <coordinates>17.2197510000,-9.6602100000,0</coordinates>
      </Point>
    </Placemark>
    <Placemark>
      <name>Vermelho</name>
      <styleUrl>#style_Vermelho</styleUrl>
      <Point>
        <coordinates>17.2197500000,-9.6603910000,0</coordinates>
      </Point>
    </Placemark>
    <Placemark>
      <name>Vermelho</name>
      <styleUrl>#style_Vermelho</styleUrl>
      <Point>
        <coordinates>17.2197350000,-9.6605710000,0</coordinates>
      </Point>
    </Placemark>
    <Placemark>
      <name>Vermelho</name>
      <styleUrl>#style_Vermelho</styleUrl>
      <Point>
        <coordinates>17.2197170000,-9.6607510000,0</coordinates>
      </Point>
    </Placemark>
    <Placemark>
      <name>Vermelho</name>
      <styleUrl>#style_Vermelho</styleUrl>
      <Point>
        <coordinates>17.2196870000,-9.6609290000,0</coordinates>
      </Point>
    </Placemark>
    <Placemark>
      <name>Vermelho</name>
      <styleUrl>#style_Vermelho</styleUrl>
      <Point>
        <coordinates>17.2196490000,-9.6611060000,0</coordinates>
      </Point>
    </Placemark>
    <Placemark>
      <name>Vermelho</name>
      <styleUrl>#style_Vermelho</styleUrl>
      <Point>
        <coordinates>17.2196020000,-9.6612800000,0</coordinates>
      </Point>
    </Placemark>
    <Placemark>
      <name>Vermelho</name>
      <styleUrl>#style_Vermelho</styleUrl>
      <Point>
        <coordinates>17.2195520000,-9.6614540000,0</coordinates>
      </Point>
    </Placemark>
    <Placemark>
      <name>Vermelho</name>
      <styleUrl>#style_Vermelho</styleUrl>
      <Point>
        <coordinates>17.2195010000,-9.6616280000,0</coordinates>
      </Point>
    </Placemark>
    <Placemark>
      <name>Vermelho</name>
      <styleUrl>#style_Vermelho</styleUrl>
      <Point>
        <coordinates>17.2194490000,-9.6618010000,0</coordinates>
      </Point>
    </Placemark>
    <Placemark>
      <name>Vermelho</name>
      <styleUrl>#style_Vermelho</styleUrl>
      <Point>
        <coordinates>17.2193920000,-9.6619730000,0</coordinates>
      </Point>
    </Placemark>
    <Placemark>
      <name>Vermelho</name>
      <styleUrl>#style_Vermelho</styleUrl>
      <Point>
        <coordinates>17.2193360000,-9.6621450000,0</coordinates>
      </Point>
    </Placemark>
    <Placemark>
      <name>Vermelho</name>
      <styleUrl>#style_Vermelho</styleUrl>
      <Point>
        <coordinates>17.2192670000,-9.6623120000,0</coordinates>
      </Point>
    </Placemark>
    <Placemark>
      <name>Vermelho</name>
      <styleUrl>#style_Vermelho</styleUrl>
      <Point>
        <coordinates>17.2191880000,-9.6624750000,0</coordinates>
      </Point>
    </Placemark>
    <Placemark>
      <name>Vermelho</name>
      <styleUrl>#style_Vermelho</styleUrl>
      <Point>
        <coordinates>17.2191010000,-9.6626330000,0</coordinates>
      </Point>
    </Placemark>
    <Placemark>
      <name>Vermelho</name>
      <styleUrl>#style_Vermelho</styleUrl>
      <Point>
        <coordinates>17.2190130000,-9.6627910000,0</coordinates>
      </Point>
    </Placemark>
    <Placemark>
      <name>Vermelho</name>
      <styleUrl>#style_Vermelho</styleUrl>
      <Point>
        <coordinates>17.2189190000,-9.6629460000,0</coordinates>
      </Point>
    </Placemark>
    <Placemark>
      <name>Vermelho</name>
      <styleUrl>#style_Vermelho</styleUrl>
      <Point>
        <coordinates>17.2188220000,-9.6631000000,0</coordinates>
      </Point>
    </Placemark>
    <Placemark>
      <name>Vermelho</name>
      <styleUrl>#style_Vermelho</styleUrl>
      <Point>
        <coordinates>17.2187070000,-9.6632390000,0</coordinates>
      </Point>
    </Placemark>
    <Placemark>
      <name>Vermelho</name>
      <styleUrl>#style_Vermelho</styleUrl>
      <Point>
        <coordinates>17.2185910000,-9.6633790000,0</coordinates>
      </Point>
    </Placemark>
    <Placemark>
      <name>Vermelho</name>
      <styleUrl>#style_Vermelho</styleUrl>
      <Point>
        <coordinates>17.2184760000,-9.6635190000,0</coordinates>
      </Point>
    </Placemark>
    <Placemark>
      <name>Vermelho</name>
      <styleUrl>#style_Vermelho</styleUrl>
      <Point>
        <coordinates>17.2183600000,-9.6636590000,0</coordinates>
      </Point>
    </Placemark>
    <Placemark>
      <name>Vermelho</name>
      <styleUrl>#style_Vermelho</styleUrl>
      <Point>
        <coordinates>17.2182440000,-9.6637980000,0</coordinates>
      </Point>
    </Placemark>
    <Placemark>
      <name>Vermelho</name>
      <styleUrl>#style_Vermelho</styleUrl>
      <Point>
        <coordinates>17.2181260000,-9.6639350000,0</coordinates>
      </Point>
    </Placemark>
    <Placemark>
      <name>Vermelho</name>
      <styleUrl>#style_Vermelho</styleUrl>
      <Point>
        <coordinates>17.2180080000,-9.6640730000,0</coordinates>
      </Point>
    </Placemark>
    <Placemark>
      <name>Vermelho</name>
      <styleUrl>#style_Vermelho</styleUrl>
      <Point>
        <coordinates>17.2178900000,-9.6642110000,0</coordinates>
      </Point>
    </Placemark>
    <Placemark>
      <name>Vermelho</name>
      <styleUrl>#style_Vermelho</styleUrl>
      <Point>
        <coordinates>17.2177720000,-9.6643490000,0</coordinates>
      </Point>
    </Placemark>
    <Placemark>
      <name>Vermelho</name>
      <styleUrl>#style_Vermelho</styleUrl>
      <Point>
        <coordinates>17.2176540000,-9.6644870000,0</coordinates>
      </Point>
    </Placemark>
    <Placemark>
      <name>Vermelho</name>
      <styleUrl>#style_Vermelho</styleUrl>
      <Point>
        <coordinates>17.2175360000,-9.6646240000,0</coordinates>
      </Point>
    </Placemark>
    <Placemark>
      <name>Vermelho</name>
      <styleUrl>#style_Vermelho</styleUrl>
      <Point>
        <coordinates>17.2174140000,-9.6647580000,0</coordinates>
      </Point>
    </Placemark>
    <Placemark>
      <name>Vermelho</name>
      <styleUrl>#style_Vermelho</styleUrl>
      <Point>
        <coordinates>17.2172880000,-9.6648890000,0</coordinates>
      </Point>
    </Placemark>
    <Placemark>
      <name>Vermelho</name>
      <styleUrl>#style_Vermelho</styleUrl>
      <Point>
        <coordinates>17.2171620000,-9.6650190000,0</coordinates>
      </Point>
    </Placemark>
    <Placemark>
      <name>Vermelho</name>
      <styleUrl>#style_Vermelho</styleUrl>
      <Point>
        <coordinates>17.2170290000,-9.6651430000,0</coordinates>
      </Point>
    </Placemark>
    <Placemark>
      <name>Vermelho</name>
      <styleUrl>#style_Vermelho</styleUrl>
      <Point>
        <coordinates>17.2168960000,-9.6652670000,0</coordinates>
      </Point>
    </Placemark>
    <Placemark>
      <name>Vermelho</name>
      <styleUrl>#style_Vermelho</styleUrl>
      <Point>
        <coordinates>17.2167640000,-9.6653910000,0</coordinates>
      </Point>
    </Placemark>
    <Placemark>
      <name>Vermelho</name>
      <styleUrl>#style_Vermelho</styleUrl>
      <Point>
        <coordinates>17.2166320000,-9.6655150000,0</coordinates>
      </Point>
    </Placemark>
    <Placemark>
      <name>Vermelho</name>
      <styleUrl>#style_Vermelho</styleUrl>
      <Point>
        <coordinates>17.2165090000,-9.6656490000,0</coordinates>
      </Point>
    </Placemark>
    <Placemark>
      <name>Vermelho</name>
      <styleUrl>#style_Vermelho</styleUrl>
      <Point>
        <coordinates>17.2163890000,-9.6657850000,0</coordinates>
      </Point>
    </Placemark>
    <Placemark>
      <name>Vermelho</name>
      <styleUrl>#style_Vermelho</styleUrl>
      <Point>
        <coordinates>17.2162760000,-9.6659260000,0</coordinates>
      </Point>
    </Placemark>
    <Placemark>
      <name>Vermelho</name>
      <styleUrl>#style_Vermelho</styleUrl>
      <Point>
        <coordinates>17.2161780000,-9.6660780000,0</coordinates>
      </Point>
    </Placemark>
    <Placemark>
      <name>Vermelho</name>
      <styleUrl>#style_Vermelho</styleUrl>
      <Point>
        <coordinates>17.2160890000,-9.6662360000,0</coordinates>
      </Point>
    </Placemark>
    <Placemark>
      <name>Vermelho</name>
      <styleUrl>#style_Vermelho</styleUrl>
      <Point>
        <coordinates>17.2160090000,-9.6663980000,0</coordinates>
      </Point>
    </Placemark>
    <Placemark>
      <name>Vermelho</name>
      <styleUrl>#style_Vermelho</styleUrl>
      <Point>
        <coordinates>17.2159360000,-9.6665630000,0</coordinates>
      </Point>
    </Placemark>
    <Placemark>
      <name>Vermelho</name>
      <styleUrl>#style_Vermelho</styleUrl>
      <Point>
        <coordinates>17.2158850000,-9.6667370000,0</coordinates>
      </Point>
    </Placemark>
    <Placemark>
      <name>Vermelho</name>
      <styleUrl>#style_Vermelho</styleUrl>
      <Point>
        <coordinates>17.2158400000,-9.6669120000,0</coordinates>
      </Point>
    </Placemark>
    <Placemark>
      <name>Vermelho</name>
      <styleUrl>#style_Vermelho</styleUrl>
      <Point>
        <coordinates>17.2158000000,-9.6670880000,0</coordinates>
      </Point>
    </Placemark>
    <Placemark>
      <name>Vermelho</name>
      <styleUrl>#style_Vermelho</styleUrl>
      <Point>
        <coordinates>17.2157840000,-9.6672690000,0</coordinates>
      </Point>
    </Placemark>
    <Placemark>
      <name>Vermelho</name>
      <styleUrl>#style_Vermelho</styleUrl>
      <Point>
        <coordinates>17.2157790000,-9.6674490000,0</coordinates>
      </Point>
    </Placemark>
    <Placemark>
      <name>Vermelho</name>
      <styleUrl>#style_Vermelho</styleUrl>
      <Point>
        <coordinates>17.2157840000,-9.6676300000,0</coordinates>
      </Point>
    </Placemark>
    <Placemark>
      <name>Vermelho</name>
      <styleUrl>#style_Vermelho</styleUrl>
      <Point>
        <coordinates>17.2157980000,-9.6678100000,0</coordinates>
      </Point>
    </Placemark>
    <Placemark>
      <name>Vermelho</name>
      <styleUrl>#style_Vermelho</styleUrl>
      <Point>
        <coordinates>17.2158230000,-9.6679880000,0</coordinates>
      </Point>
    </Placemark>
    <Placemark>
      <name>Vermelho</name>
      <styleUrl>#style_Vermelho</styleUrl>
      <Point>
        <coordinates>17.2158650000,-9.6681640000,0</coordinates>
      </Point>
    </Placemark>
    <Placemark>
      <name>Vermelho</name>
      <styleUrl>#style_Vermelho</styleUrl>
      <Point>
        <coordinates>17.2159060000,-9.6683410000,0</coordinates>
      </Point>
    </Placemark>
    <Placemark>
      <name>Vermelho</name>
      <styleUrl>#style_Vermelho</styleUrl>
      <Point>
        <coordinates>17.2159430000,-9.6685170000,0</coordinates>
      </Point>
    </Placemark>
    <Placemark>
      <name>Vermelho</name>
      <styleUrl>#style_Vermelho</styleUrl>
      <Point>
        <coordinates>17.2159810000,-9.6686940000,0</coordinates>
      </Point>
    </Placemark>
    <Placemark>
      <name>Vermelho</name>
      <styleUrl>#style_Vermelho</styleUrl>
      <Point>
        <coordinates>17.2160190000,-9.6688710000,0</coordinates>
      </Point>
    </Placemark>
    <Placemark>
      <name>Vermelho</name>
      <styleUrl>#style_Vermelho</styleUrl>
      <Point>
        <coordinates>17.2160570000,-9.6690480000,0</coordinates>
      </Point>
    </Placemark>
    <Placemark>
      <name>Vermelho</name>
      <styleUrl>#style_Vermelho</styleUrl>
      <Point>
        <coordinates>17.2160950000,-9.6692250000,0</coordinates>
      </Point>
    </Placemark>
    <Placemark>
      <name>Vermelho</name>
      <styleUrl>#style_Vermelho</styleUrl>
      <Point>
        <coordinates>17.2161330000,-9.6694010000,0</coordinates>
      </Point>
    </Placemark>
    <Placemark>
      <name>Vermelho</name>
      <styleUrl>#style_Vermelho</styleUrl>
      <Point>
        <coordinates>17.2161700000,-9.6695780000,0</coordinates>
      </Point>
    </Placemark>
    <Placemark>
      <name>Vermelho</name>
      <styleUrl>#style_Vermelho</styleUrl>
      <Point>
        <coordinates>17.2162080000,-9.6697550000,0</coordinates>
      </Point>
    </Placemark>
    <Placemark>
      <name>Vermelho</name>
      <styleUrl>#style_Vermelho</styleUrl>
      <Point>
        <coordinates>17.2162450000,-9.6699320000,0</coordinates>
      </Point>
    </Placemark>
    <Placemark>
      <name>Vermelho</name>
      <styleUrl>#style_Vermelho</styleUrl>
      <Point>
        <coordinates>17.2162820000,-9.6701090000,0</coordinates>
      </Point>
    </Placemark>
    <Placemark>
      <name>Vermelho</name>
      <styleUrl>#style_Vermelho</styleUrl>
      <Point>
        <coordinates>17.2163200000,-9.6702860000,0</coordinates>
      </Point>
    </Placemark>
    <Placemark>
      <name>Vermelho</name>
      <styleUrl>#style_Vermelho</styleUrl>
      <Point>
        <coordinates>17.2163570000,-9.6704630000,0</coordinates>
      </Point>
    </Placemark>
    <Placemark>
      <name>Vermelho</name>
      <styleUrl>#style_Vermelho</styleUrl>
      <Point>
        <coordinates>17.2163940000,-9.6706400000,0</coordinates>
      </Point>
    </Placemark>
    <Placemark>
      <name>Vermelho</name>
      <styleUrl>#style_Vermelho</styleUrl>
      <Point>
        <coordinates>17.2164310000,-9.6708170000,0</coordinates>
      </Point>
    </Placemark>
    <Placemark>
      <name>Vermelho</name>
      <styleUrl>#style_Vermelho</styleUrl>
      <Point>
        <coordinates>17.2164630000,-9.6709950000,0</coordinates>
      </Point>
    </Placemark>
    <Placemark>
      <name>Vermelho</name>
      <styleUrl>#style_Vermelho</styleUrl>
      <Point>
        <coordinates>17.2164890000,-9.6711740000,0</coordinates>
      </Point>
    </Placemark>
    <Placemark>
      <name>Vermelho</name>
      <styleUrl>#style_Vermelho</styleUrl>
      <Point>
        <coordinates>17.2165120000,-9.6713530000,0</coordinates>
      </Point>
    </Placemark>
    <Placemark>
      <name>Vermelho</name>
      <styleUrl>#style_Vermelho</styleUrl>
      <Point>
        <coordinates>17.2165240000,-9.6715330000,0</coordinates>
      </Point>
    </Placemark>
    <Placemark>
      <name>Vermelho</name>
      <styleUrl>#style_Vermelho</styleUrl>
      <Point>
        <coordinates>17.2165250000,-9.6717140000,0</coordinates>
      </Point>
    </Placemark>
    <Placemark>
      <name>Vermelho</name>
      <styleUrl>#style_Vermelho</styleUrl>
      <Point>
        <coordinates>17.2165170000,-9.6718940000,0</coordinates>
      </Point>
    </Placemark>
    <Placemark>
      <name>Vermelho</name>
      <styleUrl>#style_Vermelho</styleUrl>
      <Point>
        <coordinates>17.2165070000,-9.6720750000,0</coordinates>
      </Point>
    </Placemark>
    <Placemark>
      <name>Vermelho</name>
      <styleUrl>#style_Vermelho</styleUrl>
      <Point>
        <coordinates>17.2164940000,-9.6722550000,0</coordinates>
      </Point>
    </Placemark>
    <Placemark>
      <name>Vermelho</name>
      <styleUrl>#style_Vermelho</styleUrl>
      <Point>
        <coordinates>17.2164820000,-9.6724360000,0</coordinates>
      </Point>
    </Placemark>
    <Placemark>
      <name>Vermelho</name>
      <styleUrl>#style_Vermelho</styleUrl>
      <Point>
        <coordinates>17.2164690000,-9.6726160000,0</coordinates>
      </Point>
    </Placemark>
    <Placemark>
      <name>Vermelho</name>
      <styleUrl>#style_Vermelho</styleUrl>
      <Point>
        <coordinates>17.2164570000,-9.6727960000,0</coordinates>
      </Point>
    </Placemark>
    <Placemark>
      <name>Vermelho</name>
      <styleUrl>#style_Vermelho</styleUrl>
      <Point>
        <coordinates>17.2164440000,-9.6729770000,0</coordinates>
      </Point>
    </Placemark>
    <Placemark>
      <name>Vermelho</name>
      <styleUrl>#style_Vermelho</styleUrl>
      <Point>
        <coordinates>17.2164310000,-9.6731570000,0</coordinates>
      </Point>
    </Placemark>
    <Placemark>
      <name>Vermelho</name>
      <styleUrl>#style_Vermelho</styleUrl>
      <Point>
        <coordinates>17.2164170000,-9.6733370000,0</coordinates>
      </Point>
    </Placemark>
    <Placemark>
      <name>Vermelho</name>
      <styleUrl>#style_Vermelho</styleUrl>
      <Point>
        <coordinates>17.2164030000,-9.6735170000,0</coordinates>
      </Point>
    </Placemark>
    <Placemark>
      <name>Vermelho</name>
      <styleUrl>#style_Vermelho</styleUrl>
      <Point>
        <coordinates>17.2163890000,-9.6736980000,0</coordinates>
      </Point>
    </Placemark>
    <Placemark>
      <name>Vermelho</name>
      <styleUrl>#style_Vermelho</styleUrl>
      <Point>
        <coordinates>17.2163750000,-9.6738780000,0</coordinates>
      </Point>
    </Placemark>
    <Placemark>
      <name>Vermelho</name>
      <styleUrl>#style_Vermelho</styleUrl>
      <Point>
        <coordinates>17.2163610000,-9.6740580000,0</coordinates>
      </Point>
    </Placemark>
    <Placemark>
      <name>Vermelho</name>
      <styleUrl>#style_Vermelho</styleUrl>
      <Point>
        <coordinates>17.2163470000,-9.6742380000,0</coordinates>
      </Point>
    </Placemark>
    <Placemark>
      <name>Vermelho</name>
      <styleUrl>#style_Vermelho</styleUrl>
      <Point>
        <coordinates>17.2163330000,-9.6744190000,0</coordinates>
      </Point>
    </Placemark>
    <Placemark>
      <name>Vermelho</name>
      <styleUrl>#style_Vermelho</styleUrl>
      <Point>
        <coordinates>17.2163190000,-9.6745990000,0</coordinates>
      </Point>
    </Placemark>
    <Placemark>
      <name>Vermelho</name>
      <styleUrl>#style_Vermelho</styleUrl>
      <Point>
        <coordinates>17.2163050000,-9.6747790000,0</coordinates>
      </Point>
    </Placemark>
    <Placemark>
      <name>Vermelho</name>
      <styleUrl>#style_Vermelho</styleUrl>
      <Point>
        <coordinates>17.2162850000,-9.6749590000,0</coordinates>
      </Point>
    </Placemark>
    <Placemark>
      <name>Vermelho</name>
      <styleUrl>#style_Vermelho</styleUrl>
      <Point>
        <coordinates>17.2162620000,-9.6751380000,0</coordinates>
      </Point>
    </Placemark>
    <Placemark>
      <name>Vermelho</name>
      <styleUrl>#style_Vermelho</styleUrl>
      <Point>
        <coordinates>17.2162390000,-9.6753170000,0</coordinates>
      </Point>
    </Placemark>
    <Placemark>
      <name>Vermelho</name>
      <styleUrl>#style_Vermelho</styleUrl>
      <Point>
        <coordinates>17.2162160000,-9.6754970000,0</coordinates>
      </Point>
    </Placemark>
    <Placemark>
      <name>Vermelho</name>
      <styleUrl>#style_Vermelho</styleUrl>
      <Point>
        <coordinates>17.2161940000,-9.6756760000,0</coordinates>
      </Point>
    </Placemark>
    <Placemark>
      <name>Vermelho</name>
      <styleUrl>#style_Vermelho</styleUrl>
      <Point>
        <coordinates>17.2161710000,-9.6758550000,0</coordinates>
      </Point>
    </Placemark>
    <Placemark>
      <name>Vermelho</name>
      <styleUrl>#style_Vermelho</styleUrl>
      <Point>
        <coordinates>17.2161480000,-9.6760350000,0</coordinates>
      </Point>
    </Placemark>
    <Placemark>
      <name>Vermelho</name>
      <styleUrl>#style_Vermelho</styleUrl>
      <Point>
        <coordinates>17.2161250000,-9.6762140000,0</coordinates>
      </Point>
    </Placemark>
    <Placemark>
      <name>Vermelho</name>
      <styleUrl>#style_Vermelho</styleUrl>
      <Point>
        <coordinates>17.2161020000,-9.6763930000,0</coordinates>
      </Point>
    </Placemark>
    <Placemark>
      <name>Vermelho</name>
      <styleUrl>#style_Vermelho</styleUrl>
      <Point>
        <coordinates>17.2160790000,-9.6765730000,0</coordinates>
      </Point>
    </Placemark>
    <Placemark>
      <name>Vermelho</name>
      <styleUrl>#style_Vermelho</styleUrl>
      <Point>
        <coordinates>17.2160560000,-9.6767520000,0</coordinates>
      </Point>
    </Placemark>
    <Placemark>
      <name>Vermelho</name>
      <styleUrl>#style_Vermelho</styleUrl>
      <Point>
        <coordinates>17.2160330000,-9.6769310000,0</coordinates>
      </Point>
    </Placemark>
    <Placemark>
      <name>Vermelho</name>
      <styleUrl>#style_Vermelho</styleUrl>
      <Point>
        <coordinates>17.2160090000,-9.6771100000,0</coordinates>
      </Point>
    </Placemark>
    <Placemark>
      <name>Vermelho</name>
      <styleUrl>#style_Vermelho</styleUrl>
      <Point>
        <coordinates>17.2159860000,-9.6772900000,0</coordinates>
      </Point>
    </Placemark>
    <Placemark>
      <name>Vermelho</name>
      <styleUrl>#style_Vermelho</styleUrl>
      <Point>
        <coordinates>17.2159500000,-9.6774670000,0</coordinates>
      </Point>
    </Placemark>
    <Placemark>
      <name>Vermelho</name>
      <styleUrl>#style_Vermelho</styleUrl>
      <Point>
        <coordinates>17.2159100000,-9.6776430000,0</coordinates>
      </Point>
    </Placemark>
    <Placemark>
      <name>Vermelho</name>
      <styleUrl>#style_Vermelho</styleUrl>
      <Point>
        <coordinates>17.2158600000,-9.6778170000,0</coordinates>
      </Point>
    </Placemark>
    <Placemark>
      <name>Vermelho</name>
      <styleUrl>#style_Vermelho</styleUrl>
      <Point>
        <coordinates>17.2158100000,-9.6779910000,0</coordinates>
      </Point>
    </Placemark>
    <Placemark>
      <name>Vermelho</name>
      <styleUrl>#style_Vermelho</styleUrl>
      <Point>
        <coordinates>17.2157500000,-9.6781610000,0</coordinates>
      </Point>
    </Placemark>
    <Placemark>
      <name>Vermelho</name>
      <styleUrl>#style_Vermelho</styleUrl>
      <Point>
        <coordinates>17.2156760000,-9.6783260000,0</coordinates>
      </Point>
    </Placemark>
    <Placemark>
      <name>Vermelho</name>
      <styleUrl>#style_Vermelho</styleUrl>
      <Point>
        <coordinates>17.2155990000,-9.6784900000,0</coordinates>
      </Point>
    </Placemark>
    <Placemark>
      <name>Vermelho</name>
      <styleUrl>#style_Vermelho</styleUrl>
      <Point>
        <coordinates>17.2155230000,-9.6786540000,0</coordinates>
      </Point>
    </Placemark>
    <Placemark>
      <name>Vermelho</name>
      <styleUrl>#style_Vermelho</styleUrl>
      <Point>
        <coordinates>17.2154540000,-9.6788220000,0</coordinates>
      </Point>
    </Placemark>
    <Placemark>
      <name>Vermelho</name>
      <styleUrl>#style_Vermelho</styleUrl>
      <Point>
        <coordinates>17.2153840000,-9.6789890000,0</coordinates>
      </Point>
    </Placemark>
    <Placemark>
      <name>Vermelho</name>
      <styleUrl>#style_Vermelho</styleUrl>
      <Point>
        <coordinates>17.2153220000,-9.6791580000,0</coordinates>
      </Point>
    </Placemark>
    <Placemark>
      <name>Vermelho</name>
      <styleUrl>#style_Vermelho</styleUrl>
      <Point>
        <coordinates>17.2152660000,-9.6793310000,0</coordinates>
      </Point>
    </Placemark>
    <Placemark>
      <name>Vermelho</name>
      <styleUrl>#style_Vermelho</styleUrl>
      <Point>
        <coordinates>17.2152200000,-9.6795050000,0</coordinates>
      </Point>
    </Placemark>
    <Placemark>
      <name>Vermelho</name>
      <styleUrl>#style_Vermelho</styleUrl>
      <Point>
        <coordinates>17.2151790000,-9.6796810000,0</coordinates>
      </Point>
    </Placemark>
    <Placemark>
      <name>Vermelho</name>
      <styleUrl>#style_Vermelho</styleUrl>
      <Point>
        <coordinates>17.2151480000,-9.6798600000,0</coordinates>
      </Point>
    </Placemark>
    <Placemark>
      <name>Vermelho</name>
      <styleUrl>#style_Vermelho</styleUrl>
      <Point>
        <coordinates>17.2151240000,-9.6800390000,0</coordinates>
      </Point>
    </Placemark>
    <Placemark>
      <name>Vermelho</name>
      <styleUrl>#style_Vermelho</styleUrl>
      <Point>
        <coordinates>17.2151120000,-9.6802190000,0</coordinates>
      </Point>
    </Placemark>
    <Placemark>
      <name>Vermelho</name>
      <styleUrl>#style_Vermelho</styleUrl>
      <Point>
        <coordinates>17.2151080000,-9.6803990000,0</coordinates>
      </Point>
    </Placemark>
    <Placemark>
      <name>Vermelho</name>
      <styleUrl>#style_Vermelho</styleUrl>
      <Point>
        <coordinates>17.2151120000,-9.6805800000,0</coordinates>
      </Point>
    </Placemark>
    <Placemark>
      <name>Vermelho</name>
      <styleUrl>#style_Vermelho</styleUrl>
      <Point>
        <coordinates>17.2151210000,-9.6807610000,0</coordinates>
      </Point>
    </Placemark>
    <Placemark>
      <name>Vermelho</name>
      <styleUrl>#style_Vermelho</styleUrl>
      <Point>
        <coordinates>17.2151320000,-9.6809410000,0</coordinates>
      </Point>
    </Placemark>
    <Placemark>
      <name>Vermelho</name>
      <styleUrl>#style_Vermelho</styleUrl>
      <Point>
        <coordinates>17.2151580000,-9.6811200000,0</coordinates>
      </Point>
    </Placemark>
    <Placemark>
      <name>Vermelho</name>
      <styleUrl>#style_Vermelho</styleUrl>
      <Point>
        <coordinates>17.2151880000,-9.6812980000,0</coordinates>
      </Point>
    </Placemark>
    <Placemark>
      <name>Vermelho</name>
      <styleUrl>#style_Vermelho</styleUrl>
      <Point>
        <coordinates>17.2152180000,-9.6814770000,0</coordinates>
      </Point>
    </Placemark>
    <Placemark>
      <name>Vermelho</name>
      <styleUrl>#style_Vermelho</styleUrl>
      <Point>
        <coordinates>17.2152490000,-9.6816550000,0</coordinates>
      </Point>
    </Placemark>
    <Placemark>
      <name>Vermelho</name>
      <styleUrl>#style_Vermelho</styleUrl>
      <Point>
        <coordinates>17.2152820000,-9.6818320000,0</coordinates>
      </Point>
    </Placemark>
    <Placemark>
      <name>Vermelho</name>
      <styleUrl>#style_Vermelho</styleUrl>
      <Point>
        <coordinates>17.2153270000,-9.6820080000,0</coordinates>
      </Point>
    </Placemark>
    <Placemark>
      <name>Vermelho</name>
      <styleUrl>#style_Vermelho</styleUrl>
      <Point>
        <coordinates>17.2153710000,-9.6821830000,0</coordinates>
      </Point>
    </Placemark>
    <Placemark>
      <name>Vermelho</name>
      <styleUrl>#style_Vermelho</styleUrl>
      <Point>
        <coordinates>17.2154160000,-9.6823580000,0</coordinates>
      </Point>
    </Placemark>
    <Placemark>
      <name>Vermelho</name>
      <styleUrl>#style_Vermelho</styleUrl>
      <Point>
        <coordinates>17.2154600000,-9.6825340000,0</coordinates>
      </Point>
    </Placemark>
    <Placemark>
      <name>Vermelho</name>
      <styleUrl>#style_Vermelho</styleUrl>
      <Point>
        <coordinates>17.2155100000,-9.6827070000,0</coordinates>
      </Point>
    </Placemark>
    <Placemark>
      <name>Vermelho</name>
      <styleUrl>#style_Vermelho</styleUrl>
      <Point>
        <coordinates>17.2155630000,-9.6828800000,0</coordinates>
      </Point>
    </Placemark>
    <Placemark>
      <name>Vermelho</name>
      <styleUrl>#style_Vermelho</styleUrl>
      <Point>
        <coordinates>17.2156150000,-9.6830530000,0</coordinates>
      </Point>
    </Placemark>
    <Placemark>
      <name>Vermelho</name>
      <styleUrl>#style_Vermelho</styleUrl>
      <Point>
        <coordinates>17.2156730000,-9.6832250000,0</coordinates>
      </Point>
    </Placemark>
    <Placemark>
      <name>Vermelho</name>
      <styleUrl>#style_Vermelho</styleUrl>
      <Point>
        <coordinates>17.2157340000,-9.6833950000,0</coordinates>
      </Point>
    </Placemark>
    <Placemark>
      <name>Vermelho</name>
      <styleUrl>#style_Vermelho</styleUrl>
      <Point>
        <coordinates>17.2157950000,-9.6835650000,0</coordinates>
      </Point>
    </Placemark>
    <Placemark>
      <name>Vermelho</name>
      <styleUrl>#style_Vermelho</styleUrl>
      <Point>
        <coordinates>17.2158560000,-9.6837360000,0</coordinates>
      </Point>
    </Placemark>
    <Placemark>
      <name>Vermelho</name>
      <styleUrl>#style_Vermelho</styleUrl>
      <Point>
        <coordinates>17.2159170000,-9.6839060000,0</coordinates>
      </Point>
    </Placemark>
    <Placemark>
      <name>Vermelho</name>
      <styleUrl>#style_Vermelho</styleUrl>
      <Point>
        <coordinates>17.2159860000,-9.6840730000,0</coordinates>
      </Point>
    </Placemark>
    <Placemark>
      <name>Vermelho</name>
      <styleUrl>#style_Vermelho</styleUrl>
      <Point>
        <coordinates>17.2160560000,-9.6842400000,0</coordinates>
      </Point>
    </Placemark>
    <Placemark>
      <name>Vermelho</name>
      <styleUrl>#style_Vermelho</styleUrl>
      <Point>
        <coordinates>17.2161260000,-9.6844070000,0</coordinates>
      </Point>
    </Placemark>
    <Placemark>
      <name>Vermelho</name>
      <styleUrl>#style_Vermelho</styleUrl>
      <Point>
        <coordinates>17.2162030000,-9.6845710000,0</coordinates>
      </Point>
    </Placemark>
    <Placemark>
      <name>Vermelho</name>
      <styleUrl>#style_Vermelho</styleUrl>
      <Point>
        <coordinates>17.2162820000,-9.6847340000,0</coordinates>
      </Point>
    </Placemark>
    <Placemark>
      <name>Vermelho</name>
      <styleUrl>#style_Vermelho</styleUrl>
      <Point>
        <coordinates>17.2163610000,-9.6848970000,0</coordinates>
      </Point>
    </Placemark>
    <Placemark>
      <name>Vermelho</name>
      <styleUrl>#style_Vermelho</styleUrl>
      <Point>
        <coordinates>17.2164410000,-9.6850590000,0</coordinates>
      </Point>
    </Placemark>
    <Placemark>
      <name>Vermelho</name>
      <styleUrl>#style_Vermelho</styleUrl>
      <Point>
        <coordinates>17.2165220000,-9.6852210000,0</coordinates>
      </Point>
    </Placemark>
    <Placemark>
      <name>Vermelho</name>
      <styleUrl>#style_Vermelho</styleUrl>
      <Point>
        <coordinates>17.2165950000,-9.6853860000,0</coordinates>
      </Point>
    </Placemark>
    <Placemark>
      <name>Vermelho</name>
      <styleUrl>#style_Vermelho</styleUrl>
      <Point>
        <coordinates>17.2166630000,-9.6855540000,0</coordinates>
      </Point>
    </Placemark>
    <Placemark>
      <name>Vermelho</name>
      <styleUrl>#style_Vermelho</styleUrl>
      <Point>
        <coordinates>17.2167320000,-9.6857220000,0</coordinates>
      </Point>
    </Placemark>
    <Placemark>
      <name>Vermelho</name>
      <styleUrl>#style_Vermelho</styleUrl>
      <Point>
        <coordinates>17.2167980000,-9.6858900000,0</coordinates>
      </Point>
    </Placemark>
    <Placemark>
      <name>Vermelho</name>
      <styleUrl>#style_Vermelho</styleUrl>
      <Point>
        <coordinates>17.2168650000,-9.6860580000,0</coordinates>
      </Point>
    </Placemark>
    <Placemark>
      <name>Vermelho</name>
      <styleUrl>#style_Vermelho</styleUrl>
      <Point>
        <coordinates>17.2169250000,-9.6862290000,0</coordinates>
      </Point>
    </Placemark>
    <Placemark>
      <name>Vermelho</name>
      <styleUrl>#style_Vermelho</styleUrl>
      <Point>
        <coordinates>17.2169850000,-9.6864000000,0</coordinates>
      </Point>
    </Placemark>
    <Placemark>
      <name>Vermelho</name>
      <styleUrl>#style_Vermelho</styleUrl>
      <Point>
        <coordinates>17.2170420000,-9.6865710000,0</coordinates>
      </Point>
    </Placemark>
    <Placemark>
      <name>Vermelho</name>
      <styleUrl>#style_Vermelho</styleUrl>
      <Point>
        <coordinates>17.2170920000,-9.6867450000,0</coordinates>
      </Point>
    </Placemark>
    <Placemark>
      <name>Vermelho</name>
      <styleUrl>#style_Vermelho</styleUrl>
      <Point>
        <coordinates>17.2171420000,-9.6869190000,0</coordinates>
      </Point>
    </Placemark>
    <Placemark>
      <name>Vermelho</name>
      <styleUrl>#style_Vermelho</styleUrl>
      <Point>
        <coordinates>17.2171920000,-9.6870920000,0</coordinates>
      </Point>
    </Placemark>
    <Placemark>
      <name>Vermelho</name>
      <styleUrl>#style_Vermelho</styleUrl>
      <Point>
        <coordinates>17.2172410000,-9.6872670000,0</coordinates>
      </Point>
    </Placemark>
    <Placemark>
      <name>Vermelho</name>
      <styleUrl>#style_Vermelho</styleUrl>
      <Point>
        <coordinates>17.2172910000,-9.6874410000,0</coordinates>
      </Point>
    </Placemark>
    <Placemark>
      <name>Vermelho</name>
      <styleUrl>#style_Vermelho</styleUrl>
      <Point>
        <coordinates>17.2173400000,-9.6876150000,0</coordinates>
      </Point>
    </Placemark>
    <Placemark>
      <name>Vermelho</name>
      <styleUrl>#style_Vermelho</styleUrl>
      <Point>
        <coordinates>17.2173890000,-9.6877890000,0</coordinates>
      </Point>
    </Placemark>
    <Placemark>
      <name>Vermelho</name>
      <styleUrl>#style_Vermelho</styleUrl>
      <Point>
        <coordinates>17.2174380000,-9.6879630000,0</coordinates>
      </Point>
    </Placemark>
    <Placemark>
      <name>Vermelho</name>
      <styleUrl>#style_Vermelho</styleUrl>
      <Point>
        <coordinates>17.2174870000,-9.6881370000,0</coordinates>
      </Point>
    </Placemark>
    <Placemark>
      <name>Vermelho</name>
      <styleUrl>#style_Vermelho</styleUrl>
      <Point>
        <coordinates>17.2175370000,-9.6883110000,0</coordinates>
      </Point>
    </Placemark>
    <Placemark>
      <name>Vermelho</name>
      <styleUrl>#style_Vermelho</styleUrl>
      <Point>
        <coordinates>17.2175860000,-9.6884850000,0</coordinates>
      </Point>
    </Placemark>
    <Placemark>
      <name>Vermelho</name>
      <styleUrl>#style_Vermelho</styleUrl>
      <Point>
        <coordinates>17.2176340000,-9.6886590000,0</coordinates>
      </Point>
    </Placemark>
    <Placemark>
      <name>Vermelho</name>
      <styleUrl>#style_Vermelho</styleUrl>
      <Point>
        <coordinates>17.2176820000,-9.6888340000,0</coordinates>
      </Point>
    </Placemark>
    <Placemark>
      <name>Vermelho</name>
      <styleUrl>#style_Vermelho</styleUrl>
      <Point>
        <coordinates>17.2177290000,-9.6890080000,0</coordinates>
      </Point>
    </Placemark>
    <Placemark>
      <name>Vermelho</name>
      <styleUrl>#style_Vermelho</styleUrl>
      <Point>
        <coordinates>17.2177770000,-9.6891830000,0</coordinates>
      </Point>
    </Placemark>
    <Placemark>
      <name>Vermelho</name>
      <styleUrl>#style_Vermelho</styleUrl>
      <Point>
        <coordinates>17.2178250000,-9.6893570000,0</coordinates>
      </Point>
    </Placemark>
    <Placemark>
      <name>Vermelho</name>
      <styleUrl>#style_Vermelho</styleUrl>
      <Point>
        <coordinates>17.2178730000,-9.6895310000,0</coordinates>
      </Point>
    </Placemark>
    <Placemark>
      <name>Vermelho</name>
      <styleUrl>#style_Vermelho</styleUrl>
      <Point>
        <coordinates>17.2179210000,-9.6897060000,0</coordinates>
      </Point>
    </Placemark>
    <Placemark>
      <name>Vermelho</name>
      <styleUrl>#style_Vermelho</styleUrl>
      <Point>
        <coordinates>17.2179690000,-9.6898800000,0</coordinates>
      </Point>
    </Placemark>
    <Placemark>
      <name>Vermelho</name>
      <styleUrl>#style_Vermelho</styleUrl>
      <Point>
        <coordinates>17.2180200000,-9.6900540000,0</coordinates>
      </Point>
    </Placemark>
    <Placemark>
      <name>Vermelho</name>
      <styleUrl>#style_Vermelho</styleUrl>
      <Point>
        <coordinates>17.2180720000,-9.6902270000,0</coordinates>
      </Point>
    </Placemark>
    <Placemark>
      <name>Vermelho</name>
      <styleUrl>#style_Vermelho</styleUrl>
      <Point>
        <coordinates>17.2181230000,-9.6904000000,0</coordinates>
      </Point>
    </Placemark>
    <Placemark>
      <name>Vermelho</name>
      <styleUrl>#style_Vermelho</styleUrl>
      <Point>
        <coordinates>17.2181730000,-9.6905740000,0</coordinates>
      </Point>
    </Placemark>
    <Placemark>
      <name>Vermelho</name>
      <styleUrl>#style_Vermelho</styleUrl>
      <Point>
        <coordinates>17.2182230000,-9.6907480000,0</coordinates>
      </Point>
    </Placemark>
    <Placemark>
      <name>Vermelho</name>
      <styleUrl>#style_Vermelho</styleUrl>
      <Point>
        <coordinates>17.2182820000,-9.6909190000,0</coordinates>
      </Point>
    </Placemark>
    <Placemark>
      <name>Vermelho</name>
      <styleUrl>#style_Vermelho</styleUrl>
      <Point>
        <coordinates>17.2183470000,-9.6910880000,0</coordinates>
      </Point>
    </Placemark>
    <Placemark>
      <name>Vermelho</name>
      <styleUrl>#style_Vermelho</styleUrl>
      <Point>
        <coordinates>17.2184160000,-9.6912550000,0</coordinates>
      </Point>
    </Placemark>
    <Placemark>
      <name>Vermelho</name>
      <styleUrl>#style_Vermelho</styleUrl>
      <Point>
        <coordinates>17.2184860000,-9.6914220000,0</coordinates>
      </Point>
    </Placemark>
    <Placemark>
      <name>Vermelho</name>
      <styleUrl>#style_Vermelho</styleUrl>
      <Point>
        <coordinates>17.2185560000,-9.6915890000,0</coordinates>
      </Point>
    </Placemark>
    <Placemark>
      <name>Vermelho</name>
      <styleUrl>#style_Vermelho</styleUrl>
      <Point>
        <coordinates>17.2186260000,-9.6917560000,0</coordinates>
      </Point>
    </Placemark>
    <Placemark>
      <name>Vermelho</name>
      <styleUrl>#style_Vermelho</styleUrl>
      <Point>
        <coordinates>17.2186960000,-9.6919230000,0</coordinates>
      </Point>
    </Placemark>
    <Placemark>
      <name>Vermelho</name>
      <styleUrl>#style_Vermelho</styleUrl>
      <Point>
        <coordinates>17.2187650000,-9.6920900000,0</coordinates>
      </Point>
    </Placemark>
    <Placemark>
      <name>Vermelho</name>
      <styleUrl>#style_Vermelho</styleUrl>
      <Point>
        <coordinates>17.2188350000,-9.6922570000,0</coordinates>
      </Point>
    </Placemark>
    <Placemark>
      <name>Vermelho</name>
      <styleUrl>#style_Vermelho</styleUrl>
      <Point>
        <coordinates>17.2189050000,-9.6924240000,0</coordinates>
      </Point>
    </Placemark>
    <Placemark>
      <name>Vermelho</name>
      <styleUrl>#style_Vermelho</styleUrl>
      <Point>
        <coordinates>17.2189750000,-9.6925910000,0</coordinates>
      </Point>
    </Placemark>
    <Placemark>
      <name>Vermelho</name>
      <styleUrl>#style_Vermelho</styleUrl>
      <Point>
        <coordinates>17.2190450000,-9.6927570000,0</coordinates>
      </Point>
    </Placemark>
    <Placemark>
      <name>Vermelho</name>
      <styleUrl>#style_Vermelho</styleUrl>
      <Point>
        <coordinates>17.2191150000,-9.6929240000,0</coordinates>
      </Point>
    </Placemark>
    <Placemark>
      <name>Vermelho</name>
      <styleUrl>#style_Vermelho</styleUrl>
      <Point>
        <coordinates>17.2191850000,-9.6930910000,0</coordinates>
      </Point>
    </Placemark>
    <Placemark>
      <name>Vermelho</name>
      <styleUrl>#style_Vermelho</styleUrl>
      <Point>
        <coordinates>17.2192540000,-9.6932580000,0</coordinates>
      </Point>
    </Placemark>
    <Placemark>
      <name>Vermelho</name>
      <styleUrl>#style_Vermelho</styleUrl>
      <Point>
        <coordinates>17.2193240000,-9.6934250000,0</coordinates>
      </Point>
    </Placemark>
    <Placemark>
      <name>Vermelho</name>
      <styleUrl>#style_Vermelho</styleUrl>
      <Point>
        <coordinates>17.2193940000,-9.6935920000,0</coordinates>
      </Point>
    </Placemark>
    <Placemark>
      <name>Vermelho</name>
      <styleUrl>#style_Vermelho</styleUrl>
      <Point>
        <coordinates>17.2194640000,-9.6937590000,0</coordinates>
      </Point>
    </Placemark>
    <Placemark>
      <name>Vermelho</name>
      <styleUrl>#style_Vermelho</styleUrl>
      <Point>
        <coordinates>17.2195340000,-9.6939260000,0</coordinates>
      </Point>
    </Placemark>
    <Placemark>
      <name>Vermelho</name>
      <styleUrl>#style_Vermelho</styleUrl>
      <Point>
        <coordinates>17.2196040000,-9.6940930000,0</coordinates>
      </Point>
    </Placemark>
    <Placemark>
      <name>Vermelho</name>
      <styleUrl>#style_Vermelho</styleUrl>
      <Point>
        <coordinates>17.2196740000,-9.6942600000,0</coordinates>
      </Point>
    </Placemark>
    <Placemark>
      <name>Vermelho</name>
      <styleUrl>#style_Vermelho</styleUrl>
      <Point>
        <coordinates>17.2197430000,-9.6944270000,0</coordinates>
      </Point>
    </Placemark>
    <Placemark>
      <name>Vermelho</name>
      <styleUrl>#style_Vermelho</styleUrl>
      <Point>
        <coordinates>17.2198130000,-9.6945940000,0</coordinates>
      </Point>
    </Placemark>
    <Placemark>
      <name>Vermelho</name>
      <styleUrl>#style_Vermelho</styleUrl>
      <Point>
        <coordinates>17.2198830000,-9.6947610000,0</coordinates>
      </Point>
    </Placemark>
    <Placemark>
      <name>Vermelho</name>
      <styleUrl>#style_Vermelho</styleUrl>
      <Point>
        <coordinates>17.2199530000,-9.6949280000,0</coordinates>
      </Point>
    </Placemark>
    <Placemark>
      <name>Vermelho</name>
      <styleUrl>#style_Vermelho</styleUrl>
      <Point>
        <coordinates>17.2200230000,-9.6950950000,0</coordinates>
      </Point>
    </Placemark>
    <Placemark>
      <name>Vermelho</name>
      <styleUrl>#style_Vermelho</styleUrl>
      <Point>
        <coordinates>17.2200930000,-9.6952620000,0</coordinates>
      </Point>
    </Placemark>
    <Placemark>
      <name>Vermelho</name>
      <styleUrl>#style_Vermelho</styleUrl>
      <Point>
        <coordinates>17.2201620000,-9.6954290000,0</coordinates>
      </Point>
    </Placemark>
    <Placemark>
      <name>Vermelho</name>
      <styleUrl>#style_Vermelho</styleUrl>
      <Point>
        <coordinates>17.2202320000,-9.6955960000,0</coordinates>
      </Point>
    </Placemark>
    <Placemark>
      <name>Vermelho</name>
      <styleUrl>#style_Vermelho</styleUrl>
      <Point>
        <coordinates>17.2203020000,-9.6957620000,0</coordinates>
      </Point>
    </Placemark>
    <Placemark>
      <name>Vermelho</name>
      <styleUrl>#style_Vermelho</styleUrl>
      <Point>
        <coordinates>17.2203720000,-9.6959290000,0</coordinates>
      </Point>
    </Placemark>
    <Placemark>
      <name>Vermelho</name>
      <styleUrl>#style_Vermelho</styleUrl>
      <Point>
        <coordinates>17.2204420000,-9.6960960000,0</coordinates>
      </Point>
    </Placemark>
    <Placemark>
      <name>Vermelho</name>
      <styleUrl>#style_Vermelho</styleUrl>
      <Point>
        <coordinates>17.2205120000,-9.6962630000,0</coordinates>
      </Point>
    </Placemark>
    <Placemark>
      <name>Vermelho</name>
      <styleUrl>#style_Vermelho</styleUrl>
      <Point>
        <coordinates>17.2205820000,-9.6964300000,0</coordinates>
      </Point>
    </Placemark>
    <Placemark>
      <name>Vermelho</name>
      <styleUrl>#style_Vermelho</styleUrl>
      <Point>
        <coordinates>17.2206510000,-9.6965970000,0</coordinates>
      </Point>
    </Placemark>
    <Placemark>
      <name>Vermelho</name>
      <styleUrl>#style_Vermelho</styleUrl>
      <Point>
        <coordinates>17.2207210000,-9.6967640000,0</coordinates>
      </Point>
    </Placemark>
    <Placemark>
      <name>Vermelho</name>
      <styleUrl>#style_Vermelho</styleUrl>
      <Point>
        <coordinates>17.2207910000,-9.6969310000,0</coordinates>
      </Point>
    </Placemark>
    <Placemark>
      <name>Vermelho</name>
      <styleUrl>#style_Vermelho</styleUrl>
      <Point>
        <coordinates>17.2208610000,-9.6970980000,0</coordinates>
      </Point>
    </Placemark>
    <Placemark>
      <name>Vermelho</name>
      <styleUrl>#style_Vermelho</styleUrl>
      <Point>
        <coordinates>17.2209310000,-9.6972650000,0</coordinates>
      </Point>
    </Placemark>
    <Placemark>
      <name>Vermelho</name>
      <styleUrl>#style_Vermelho</styleUrl>
      <Point>
        <coordinates>17.2210010000,-9.6974320000,0</coordinates>
      </Point>
    </Placemark>
    <Placemark>
      <name>Vermelho</name>
      <styleUrl>#style_Vermelho</styleUrl>
      <Point>
        <coordinates>17.2210710000,-9.6975990000,0</coordinates>
      </Point>
    </Placemark>
    <Placemark>
      <name>Vermelho</name>
      <styleUrl>#style_Vermelho</styleUrl>
      <Point>
        <coordinates>17.2211400000,-9.6977660000,0</coordinates>
      </Point>
    </Placemark>
    <Placemark>
      <name>Vermelho</name>
      <styleUrl>#style_Vermelho</styleUrl>
      <Point>
        <coordinates>17.2212100000,-9.6979330000,0</coordinates>
      </Point>
    </Placemark>
    <Placemark>
      <name>Vermelho</name>
      <styleUrl>#style_Vermelho</styleUrl>
      <Point>
        <coordinates>17.2212800000,-9.6981000000,0</coordinates>
      </Point>
    </Placemark>
    <Placemark>
      <name>Vermelho</name>
      <styleUrl>#style_Vermelho</styleUrl>
      <Point>
        <coordinates>17.2213500000,-9.6982670000,0</coordinates>
      </Point>
    </Placemark>
    <Placemark>
      <name>Vermelho</name>
      <styleUrl>#style_Vermelho</styleUrl>
      <Point>
        <coordinates>17.2214200000,-9.6984340000,0</coordinates>
      </Point>
    </Placemark>
    <Placemark>
      <name>Vermelho</name>
      <styleUrl>#style_Vermelho</styleUrl>
      <Point>
        <coordinates>17.2214900000,-9.6986010000,0</coordinates>
      </Point>
    </Placemark>
    <Placemark>
      <name>Vermelho</name>
      <styleUrl>#style_Vermelho</styleUrl>
      <Point>
        <coordinates>17.2215600000,-9.6987680000,0</coordinates>
      </Point>
    </Placemark>
    <Placemark>
      <name>Vermelho</name>
      <styleUrl>#style_Vermelho</styleUrl>
      <Point>
        <coordinates>17.2216290000,-9.6989350000,0</coordinates>
      </Point>
    </Placemark>
    <Placemark>
      <name>Vermelho</name>
      <styleUrl>#style_Vermelho</styleUrl>
      <Point>
        <coordinates>17.2216990000,-9.6991010000,0</coordinates>
      </Point>
    </Placemark>
    <Placemark>
      <name>Vermelho</name>
      <styleUrl>#style_Vermelho</styleUrl>
      <Point>
        <coordinates>17.2217690000,-9.6992680000,0</coordinates>
      </Point>
    </Placemark>
    <Placemark>
      <name>Vermelho</name>
      <styleUrl>#style_Vermelho</styleUrl>
      <Point>
        <coordinates>17.2218390000,-9.6994350000,0</coordinates>
      </Point>
    </Placemark>
    <Placemark>
      <name>Vermelho</name>
      <styleUrl>#style_Vermelho</styleUrl>
      <Point>
        <coordinates>17.2219090000,-9.6996020000,0</coordinates>
      </Point>
    </Placemark>
    <Placemark>
      <name>Vermelho</name>
      <styleUrl>#style_Vermelho</styleUrl>
      <Point>
        <coordinates>17.2219790000,-9.6997690000,0</coordinates>
      </Point>
    </Placemark>
    <Placemark>
      <name>Vermelho</name>
      <styleUrl>#style_Vermelho</styleUrl>
      <Point>
        <coordinates>17.2220490000,-9.6999360000,0</coordinates>
      </Point>
    </Placemark>
    <Placemark>
      <name>Vermelho</name>
      <styleUrl>#style_Vermelho</styleUrl>
      <Point>
        <coordinates>17.2221180000,-9.7001030000,0</coordinates>
      </Point>
    </Placemark>
    <Placemark>
      <name>Vermelho</name>
      <styleUrl>#style_Vermelho</styleUrl>
      <Point>
        <coordinates>17.2221880000,-9.7002700000,0</coordinates>
      </Point>
    </Placemark>
    <Placemark>
      <name>Vermelho</name>
      <styleUrl>#style_Vermelho</styleUrl>
      <Point>
        <coordinates>17.2222580000,-9.7004370000,0</coordinates>
      </Point>
    </Placemark>
    <Placemark>
      <name>Vermelho</name>
      <styleUrl>#style_Vermelho</styleUrl>
      <Point>
        <coordinates>17.2223280000,-9.7006040000,0</coordinates>
      </Point>
    </Placemark>
    <Placemark>
      <name>Vermelho</name>
      <styleUrl>#style_Vermelho</styleUrl>
      <Point>
        <coordinates>17.2223980000,-9.7007710000,0</coordinates>
      </Point>
    </Placemark>
    <Placemark>
      <name>Vermelho</name>
      <styleUrl>#style_Vermelho</styleUrl>
      <Point>
        <coordinates>17.2224680000,-9.7009380000,0</coordinates>
      </Point>
    </Placemark>
    <Placemark>
      <name>Vermelho</name>
      <styleUrl>#style_Vermelho</styleUrl>
      <Point>
        <coordinates>17.2225370000,-9.7011050000,0</coordinates>
      </Point>
    </Placemark>
    <Placemark>
      <name>Vermelho</name>
      <styleUrl>#style_Vermelho</styleUrl>
      <Point>
        <coordinates>17.2226070000,-9.7012720000,0</coordinates>
      </Point>
    </Placemark>
    <Placemark>
      <name>Vermelho</name>
      <styleUrl>#style_Vermelho</styleUrl>
      <Point>
        <coordinates>17.2226770000,-9.7014390000,0</coordinates>
      </Point>
    </Placemark>
    <Placemark>
      <name>Vermelho</name>
      <styleUrl>#style_Vermelho</styleUrl>
      <Point>
        <coordinates>17.2227470000,-9.7016060000,0</coordinates>
      </Point>
    </Placemark>
    <Placemark>
      <name>Vermelho</name>
      <styleUrl>#style_Vermelho</styleUrl>
      <Point>
        <coordinates>17.2228170000,-9.7017730000,0</coordinates>
      </Point>
    </Placemark>
    <Placemark>
      <name>Vermelho</name>
      <styleUrl>#style_Vermelho</styleUrl>
      <Point>
        <coordinates>17.2228870000,-9.7019400000,0</coordinates>
      </Point>
    </Placemark>
    <Placemark>
      <name>Vermelho</name>
      <styleUrl>#style_Vermelho</styleUrl>
      <Point>
        <coordinates>17.2229570000,-9.7021070000,0</coordinates>
      </Point>
    </Placemark>
    <Placemark>
      <name>Vermelho</name>
      <styleUrl>#style_Vermelho</styleUrl>
      <Point>
        <coordinates>17.2230260000,-9.7022730000,0</coordinates>
      </Point>
    </Placemark>
    <Placemark>
      <name>Vermelho</name>
      <styleUrl>#style_Vermelho</styleUrl>
      <Point>
        <coordinates>17.2230960000,-9.7024400000,0</coordinates>
      </Point>
    </Placemark>
    <Placemark>
      <name>Vermelho</name>
      <styleUrl>#style_Vermelho</styleUrl>
      <Point>
        <coordinates>17.2231660000,-9.7026070000,0</coordinates>
      </Point>
    </Placemark>
    <Placemark>
      <name>Vermelho</name>
      <styleUrl>#style_Vermelho</styleUrl>
      <Point>
        <coordinates>17.2232360000,-9.7027740000,0</coordinates>
      </Point>
    </Placemark>
    <Placemark>
      <name>Vermelho</name>
      <styleUrl>#style_Vermelho</styleUrl>
      <Point>
        <coordinates>17.2233060000,-9.7029410000,0</coordinates>
      </Point>
    </Placemark>
    <Placemark>
      <name>Vermelho</name>
      <styleUrl>#style_Vermelho</styleUrl>
      <Point>
        <coordinates>17.2233760000,-9.7031080000,0</coordinates>
      </Point>
    </Placemark>
    <Placemark>
      <name>Vermelho</name>
      <styleUrl>#style_Vermelho</styleUrl>
      <Point>
        <coordinates>17.2234460000,-9.7032750000,0</coordinates>
      </Point>
    </Placemark>
    <Placemark>
      <name>Vermelho</name>
      <styleUrl>#style_Vermelho</styleUrl>
      <Point>
        <coordinates>17.2235150000,-9.7034420000,0</coordinates>
      </Point>
    </Placemark>
    <Placemark>
      <name>Vermelho</name>
      <styleUrl>#style_Vermelho</styleUrl>
      <Point>
        <coordinates>17.2235850000,-9.7036090000,0</coordinates>
      </Point>
    </Placemark>
    <Placemark>
      <name>Vermelho</name>
      <styleUrl>#style_Vermelho</styleUrl>
      <Point>
        <coordinates>17.2236550000,-9.7037760000,0</coordinates>
      </Point>
    </Placemark>
    <Placemark>
      <name>Vermelho</name>
      <styleUrl>#style_Vermelho</styleUrl>
      <Point>
        <coordinates>17.2237250000,-9.7039430000,0</coordinates>
      </Point>
    </Placemark>
    <Placemark>
      <name>Vermelho</name>
      <styleUrl>#style_Vermelho</styleUrl>
      <Point>
        <coordinates>17.2237950000,-9.7041100000,0</coordinates>
      </Point>
    </Placemark>
    <Placemark>
      <name>Vermelho</name>
      <styleUrl>#style_Vermelho</styleUrl>
      <Point>
        <coordinates>17.2238650000,-9.7042770000,0</coordinates>
      </Point>
    </Placemark>
    <Placemark>
      <name>Vermelho</name>
      <styleUrl>#style_Vermelho</styleUrl>
      <Point>
        <coordinates>17.2239350000,-9.7044440000,0</coordinates>
      </Point>
    </Placemark>
    <Placemark>
      <name>Vermelho</name>
      <styleUrl>#style_Vermelho</styleUrl>
      <Point>
        <coordinates>17.2240050000,-9.7046110000,0</coordinates>
      </Point>
    </Placemark>
    <Placemark>
      <name>Vermelho</name>
      <styleUrl>#style_Vermelho</styleUrl>
      <Point>
        <coordinates>17.2240740000,-9.7047780000,0</coordinates>
      </Point>
    </Placemark>
    <Placemark>
      <name>Vermelho</name>
      <styleUrl>#style_Vermelho</styleUrl>
      <Point>
        <coordinates>17.2241440000,-9.7049450000,0</coordinates>
      </Point>
    </Placemark>
    <Placemark>
      <name>Vermelho</name>
      <styleUrl>#style_Vermelho</styleUrl>
      <Point>
        <coordinates>17.2242140000,-9.7051120000,0</coordinates>
      </Point>
    </Placemark>
    <Placemark>
      <name>Vermelho</name>
      <styleUrl>#style_Vermelho</styleUrl>
      <Point>
        <coordinates>17.2242840000,-9.7052780000,0</coordinates>
      </Point>
    </Placemark>
    <Placemark>
      <name>Vermelho</name>
      <styleUrl>#style_Vermelho</styleUrl>
      <Point>
        <coordinates>17.2243540000,-9.7054450000,0</coordinates>
      </Point>
    </Placemark>
    <Placemark>
      <name>Vermelho</name>
      <styleUrl>#style_Vermelho</styleUrl>
      <Point>
        <coordinates>17.2244240000,-9.7056120000,0</coordinates>
      </Point>
    </Placemark>
    <Placemark>
      <name>Vermelho</name>
      <styleUrl>#style_Vermelho</styleUrl>
      <Point>
        <coordinates>17.2244940000,-9.7057790000,0</coordinates>
      </Point>
    </Placemark>
    <Placemark>
      <name>Vermelho</name>
      <styleUrl>#style_Vermelho</styleUrl>
      <Point>
        <coordinates>17.2245630000,-9.7059460000,0</coordinates>
      </Point>
    </Placemark>
    <Placemark>
      <name>Vermelho</name>
      <styleUrl>#style_Vermelho</styleUrl>
      <Point>
        <coordinates>17.2246330000,-9.7061130000,0</coordinates>
      </Point>
    </Placemark>
    <Placemark>
      <name>Vermelho</name>
      <styleUrl>#style_Vermelho</styleUrl>
      <Point>
        <coordinates>17.2246890000,-9.7062850000,0</coordinates>
      </Point>
    </Placemark>
    <Placemark>
      <name>Vermelho</name>
      <styleUrl>#style_Vermelho</styleUrl>
      <Point>
        <coordinates>17.2247390000,-9.7064590000,0</coordinates>
      </Point>
    </Placemark>
    <Placemark>
      <name>Vermelho</name>
      <styleUrl>#style_Vermelho</styleUrl>
      <Point>
        <coordinates>17.2247880000,-9.7066330000,0</coordinates>
      </Point>
    </Placemark>
    <Placemark>
      <name>Vermelho</name>
      <styleUrl>#style_Vermelho</styleUrl>
      <Point>
        <coordinates>17.2248380000,-9.7068070000,0</coordinates>
      </Point>
    </Placemark>
    <Placemark>
      <name>Vermelho</name>
      <styleUrl>#style_Vermelho</styleUrl>
      <Point>
        <coordinates>17.2248870000,-9.7069810000,0</coordinates>
      </Point>
    </Placemark>
    <Placemark>
      <name>Vermelho</name>
      <styleUrl>#style_Vermelho</styleUrl>
      <Point>
        <coordinates>17.2249190000,-9.7071590000,0</coordinates>
      </Point>
    </Placemark>
    <Placemark>
      <name>Vermelho</name>
      <styleUrl>#style_Vermelho</styleUrl>
      <Point>
        <coordinates>17.2249510000,-9.7073370000,0</coordinates>
      </Point>
    </Placemark>
    <Placemark>
      <name>Vermelho</name>
      <styleUrl>#style_Vermelho</styleUrl>
      <Point>
        <coordinates>17.2249820000,-9.7075150000,0</coordinates>
      </Point>
    </Placemark>
    <Placemark>
      <name>Vermelho</name>
      <styleUrl>#style_Vermelho</styleUrl>
      <Point>
        <coordinates>17.2250130000,-9.7076930000,0</coordinates>
      </Point>
    </Placemark>
    <Placemark>
      <name>Vermelho</name>
      <styleUrl>#style_Vermelho</styleUrl>
      <Point>
        <coordinates>17.2250450000,-9.7078710000,0</coordinates>
      </Point>
    </Placemark>
    <Placemark>
      <name>Vermelho</name>
      <styleUrl>#style_Vermelho</styleUrl>
      <Point>
        <coordinates>17.2250760000,-9.7080490000,0</coordinates>
      </Point>
    </Placemark>
    <Placemark>
      <name>Vermelho</name>
      <styleUrl>#style_Vermelho</styleUrl>
      <Point>
        <coordinates>17.2251070000,-9.7082270000,0</coordinates>
      </Point>
    </Placemark>
    <Placemark>
      <name>Vermelho</name>
      <styleUrl>#style_Vermelho</styleUrl>
      <Point>
        <coordinates>17.2251380000,-9.7084050000,0</coordinates>
      </Point>
    </Placemark>
    <Placemark>
      <name>Vermelho</name>
      <styleUrl>#style_Vermelho</styleUrl>
      <Point>
        <coordinates>17.2251700000,-9.7085830000,0</coordinates>
      </Point>
    </Placemark>
    <Placemark>
      <name>Vermelho</name>
      <styleUrl>#style_Vermelho</styleUrl>
      <Point>
        <coordinates>17.2252010000,-9.7087610000,0</coordinates>
      </Point>
    </Placemark>
    <Placemark>
      <name>Vermelho</name>
      <styleUrl>#style_Vermelho</styleUrl>
      <Point>
        <coordinates>17.2252320000,-9.7089390000,0</coordinates>
      </Point>
    </Placemark>
    <Placemark>
      <name>Vermelho</name>
      <styleUrl>#style_Vermelho</styleUrl>
      <Point>
        <coordinates>17.2252630000,-9.7091180000,0</coordinates>
      </Point>
    </Placemark>
    <Placemark>
      <name>Vermelho</name>
      <styleUrl>#style_Vermelho</styleUrl>
      <Point>
        <coordinates>17.2253000000,-9.7092950000,0</coordinates>
      </Point>
    </Placemark>
    <Placemark>
      <name>Vermelho</name>
      <styleUrl>#style_Vermelho</styleUrl>
      <Point>
        <coordinates>17.2253390000,-9.7094710000,0</coordinates>
      </Point>
    </Placemark>
    <Placemark>
      <name>Vermelho</name>
      <styleUrl>#style_Vermelho</styleUrl>
      <Point>
        <coordinates>17.2253780000,-9.7096480000,0</coordinates>
      </Point>
    </Placemark>
    <Placemark>
      <name>Vermelho</name>
      <styleUrl>#style_Vermelho</styleUrl>
      <Point>
        <coordinates>17.2254170000,-9.7098240000,0</coordinates>
      </Point>
    </Placemark>
    <Placemark>
      <name>Vermelho</name>
      <styleUrl>#style_Vermelho</styleUrl>
      <Point>
        <coordinates>17.2254560000,-9.7100010000,0</coordinates>
      </Point>
    </Placemark>
    <Placemark>
      <name>Vermelho</name>
      <styleUrl>#style_Vermelho</styleUrl>
      <Point>
        <coordinates>17.2254940000,-9.7101780000,0</coordinates>
      </Point>
    </Placemark>
    <Placemark>
      <name>Vermelho</name>
      <styleUrl>#style_Vermelho</styleUrl>
      <Point>
        <coordinates>17.2255470000,-9.7103510000,0</coordinates>
      </Point>
    </Placemark>
    <Placemark>
      <name>Vermelho</name>
      <styleUrl>#style_Vermelho</styleUrl>
      <Point>
        <coordinates>17.2256000000,-9.7105240000,0</coordinates>
      </Point>
    </Placemark>
    <Placemark>
      <name>Vermelho</name>
      <styleUrl>#style_Vermelho</styleUrl>
      <Point>
        <coordinates>17.2256530000,-9.7106960000,0</coordinates>
      </Point>
    </Placemark>
    <Placemark>
      <name>Vermelho</name>
      <styleUrl>#style_Vermelho</styleUrl>
      <Point>
        <coordinates>17.2257060000,-9.7108690000,0</coordinates>
      </Point>
    </Placemark>
    <Placemark>
      <name>Vermelho</name>
      <styleUrl>#style_Vermelho</styleUrl>
      <Point>
        <coordinates>17.2257590000,-9.7110420000,0</coordinates>
      </Point>
    </Placemark>
    <Placemark>
      <name>Vermelho</name>
      <styleUrl>#style_Vermelho</styleUrl>
      <Point>
        <coordinates>17.2258110000,-9.7112160000,0</coordinates>
      </Point>
    </Placemark>
    <Placemark>
      <name>Vermelho</name>
      <styleUrl>#style_Vermelho</styleUrl>
      <Point>
        <coordinates>17.2258630000,-9.7113890000,0</coordinates>
      </Point>
    </Placemark>
    <Placemark>
      <name>Vermelho</name>
      <styleUrl>#style_Vermelho</styleUrl>
      <Point>
        <coordinates>17.2259140000,-9.7115620000,0</coordinates>
      </Point>
    </Placemark>
    <Placemark>
      <name>Vermelho</name>
      <styleUrl>#style_Vermelho</styleUrl>
      <Point>
        <coordinates>17.2259660000,-9.7117360000,0</coordinates>
      </Point>
    </Placemark>
    <Placemark>
      <name>Vermelho</name>
      <styleUrl>#style_Vermelho</styleUrl>
      <Point>
        <coordinates>17.2260170000,-9.7119090000,0</coordinates>
      </Point>
    </Placemark>
    <Placemark>
      <name>Vermelho</name>
      <styleUrl>#style_Vermelho</styleUrl>
      <Point>
        <coordinates>17.2260690000,-9.7120820000,0</coordinates>
      </Point>
    </Placemark>
    <Placemark>
      <name>Vermelho</name>
      <styleUrl>#style_Vermelho</styleUrl>
      <Point>
        <coordinates>17.2261210000,-9.7122560000,0</coordinates>
      </Point>
    </Placemark>
    <Placemark>
      <name>Vermelho</name>
      <styleUrl>#style_Vermelho</styleUrl>
      <Point>
        <coordinates>17.2261730000,-9.7124290000,0</coordinates>
      </Point>
    </Placemark>
    <Placemark>
      <name>Vermelho</name>
      <styleUrl>#style_Vermelho</styleUrl>
      <Point>
        <coordinates>17.2262250000,-9.7126020000,0</coordinates>
      </Point>
    </Placemark>
    <Placemark>
      <name>Vermelho</name>
      <styleUrl>#style_Vermelho</styleUrl>
      <Point>
        <coordinates>17.2262770000,-9.7127750000,0</coordinates>
      </Point>
    </Placemark>
    <Placemark>
      <name>Vermelho</name>
      <styleUrl>#style_Vermelho</styleUrl>
      <Point>
        <coordinates>17.2263210000,-9.7129130000,0</coordinates>
      </Point>
    </Placemark>
    <Placemark>
      <name>Vermelho</name>
      <styleUrl>#style_Vermelho</styleUrl>
      <Point>
        <coordinates>16.5048280000,-11.1118380000,0</coordinates>
      </Point>
    </Placemark>
    <Placemark>
      <name>Vermelho</name>
      <styleUrl>#style_Vermelho</styleUrl>
      <Point>
        <coordinates>16.5243350000,-11.0573660000,0</coordinates>
      </Point>
    </Placemark>
    <Placemark>
      <name>Vermelho</name>
      <styleUrl>#style_Vermelho</styleUrl>
      <Point>
        <coordinates>16.5356460000,-11.0500050000,0</coordinates>
      </Point>
    </Placemark>
    <Placemark>
      <name>Vermelho</name>
      <styleUrl>#style_Vermelho</styleUrl>
      <Point>
        <coordinates>16.5439560000,-11.0446510000,0</coordinates>
      </Point>
    </Placemark>
    <Placemark>
      <name>Vermelho</name>
      <styleUrl>#style_Vermelho</styleUrl>
      <Point>
        <coordinates>16.5576770000,-11.0429810000,0</coordinates>
      </Point>
    </Placemark>
    <Placemark>
      <name>Vermelho</name>
      <styleUrl>#style_Vermelho</styleUrl>
      <Point>
        <coordinates>16.5633100000,-11.0431500000,0</coordinates>
      </Point>
    </Placemark>
    <Placemark>
      <name>Vermelho</name>
      <styleUrl>#style_Vermelho</styleUrl>
      <Point>
        <coordinates>16.5792650000,-11.0459170000,0</coordinates>
      </Point>
    </Placemark>
    <Placemark>
      <name>Vermelho</name>
      <styleUrl>#style_Vermelho</styleUrl>
      <Point>
        <coordinates>21.3780310000,-13.5047700000,0</coordinates>
      </Point>
    </Placemark>
    <Placemark>
      <name>Vermelho</name>
      <styleUrl>#style_Vermelho</styleUrl>
      <Point>
        <coordinates>21.3769020000,-13.5041480000,0</coordinates>
      </Point>
    </Placemark>
    <Placemark>
      <name>Vermelho</name>
      <styleUrl>#style_Vermelho</styleUrl>
      <Point>
        <coordinates>21.3769120000,-13.5046180000,0</coordinates>
      </Point>
    </Placemark>
    <Placemark>
      <name>Vermelho</name>
      <styleUrl>#style_Vermelho</styleUrl>
      <Point>
        <coordinates>21.3772830000,-13.5050610000,0</coordinates>
      </Point>
    </Placemark>
    <Placemark>
      <name>Vermelho</name>
      <styleUrl>#style_Vermelho</styleUrl>
      <Point>
        <coordinates>21.4017930000,-13.5959960000,0</coordinates>
      </Point>
    </Placemark>
    <Placemark>
      <name>Vermelho</name>
      <styleUrl>#style_Vermelho</styleUrl>
      <Point>
        <coordinates>21.4025130000,-13.5955880000,0</coordinates>
      </Point>
    </Placemark>
    <Placemark>
      <name>Vermelho</name>
      <styleUrl>#style_Vermelho</styleUrl>
      <Point>
        <coordinates>21.4033560000,-13.5965090000,0</coordinates>
      </Point>
    </Placemark>
    <Placemark>
      <name>Vermelho</name>
      <styleUrl>#style_Vermelho</styleUrl>
      <Point>
        <coordinates>21.4026170000,-13.5968170000,0</coordinates>
      </Point>
    </Placemark>
    <Placemark>
      <name>Vermelho</name>
      <styleUrl>#style_Vermelho</styleUrl>
      <Point>
        <coordinates>21.4318610000,-13.6813020000,0</coordinates>
      </Point>
    </Placemark>
    <Placemark>
      <name>Vermelho</name>
      <styleUrl>#style_Vermelho</styleUrl>
      <Point>
        <coordinates>21.4311760000,-13.6807340000,0</coordinates>
      </Point>
    </Placemark>
    <Placemark>
      <name>Vermelho</name>
      <styleUrl>#style_Vermelho</styleUrl>
      <Point>
        <coordinates>21.4308260000,-13.6812050000,0</coordinates>
      </Point>
    </Placemark>
    <Placemark>
      <name>Vermelho</name>
      <styleUrl>#style_Vermelho</styleUrl>
      <Point>
        <coordinates>21.4315110000,-13.6818360000,0</coordinates>
      </Point>
    </Placemark>
    <Placemark>
      <name>Vermelho</name>
      <styleUrl>#style_Vermelho</styleUrl>
      <Point>
        <coordinates>21.4635450000,-13.7722340000,0</coordinates>
      </Point>
    </Placemark>
    <Placemark>
      <name>Vermelho</name>
      <styleUrl>#style_Vermelho</styleUrl>
      <Point>
        <coordinates>21.4636820000,-13.7711490000,0</coordinates>
      </Point>
    </Placemark>
    <Placemark>
      <name>Vermelho</name>
      <styleUrl>#style_Vermelho</styleUrl>
      <Point>
        <coordinates>21.4636310000,-13.7733190000,0</coordinates>
      </Point>
    </Placemark>
    <Placemark>
      <name>Vermelho</name>
      <styleUrl>#style_Vermelho</styleUrl>
      <Point>
        <coordinates>21.4640080000,-13.7721610000,0</coordinates>
      </Point>
    </Placemark>
    <Placemark>
      <name>Vermelho</name>
      <styleUrl>#style_Vermelho</styleUrl>
      <Point>
        <coordinates>21.4606170000,-13.8075570000,0</coordinates>
      </Point>
    </Placemark>
    <Placemark>
      <name>Vermelho</name>
      <styleUrl>#style_Vermelho</styleUrl>
      <Point>
        <coordinates>21.4598580000,-13.8072330000,0</coordinates>
      </Point>
    </Placemark>
    <Placemark>
      <name>Vermelho</name>
      <styleUrl>#style_Vermelho</styleUrl>
      <Point>
        <coordinates>21.4599610000,-13.8079470000,0</coordinates>
      </Point>
    </Placemark>
    <Placemark>
      <name>Vermelho</name>
      <styleUrl>#style_Vermelho</styleUrl>
      <Point>
        <coordinates>21.4605090000,-13.8088860000,0</coordinates>
      </Point>
    </Placemark>
    <Placemark>
      <name>Vermelho</name>
      <styleUrl>#style_Vermelho</styleUrl>
      <Point>
        <coordinates>21.4634850000,-13.9564520000,0</coordinates>
      </Point>
    </Placemark>
    <Placemark>
      <name>Vermelho</name>
      <styleUrl>#style_Vermelho</styleUrl>
      <Point>
        <coordinates>21.4636330000,-13.9562980000,0</coordinates>
      </Point>
    </Placemark>
    <Placemark>
      <name>Vermelho</name>
      <styleUrl>#style_Vermelho</styleUrl>
      <Point>
        <coordinates>21.4631230000,-13.9561640000,0</coordinates>
      </Point>
    </Placemark>
    <Placemark>
      <name>Vermelho</name>
      <styleUrl>#style_Vermelho</styleUrl>
      <Point>
        <coordinates>21.4634760000,-13.9567060000,0</coordinates>
      </Point>
    </Placemark>
    <Placemark>
      <name>Vermelho</name>
      <styleUrl>#style_Vermelho</styleUrl>
      <Point>
        <coordinates>21.4416310000,-14.0846780000,0</coordinates>
      </Point>
    </Placemark>
    <Placemark>
      <name>Vermelho</name>
      <styleUrl>#style_Vermelho</styleUrl>
      <Point>
        <coordinates>21.4411040000,-14.0848600000,0</coordinates>
      </Point>
    </Placemark>
    <Placemark>
      <name>Vermelho</name>
      <styleUrl>#style_Vermelho</styleUrl>
      <Point>
        <coordinates>21.4411680000,-14.0845250000,0</coordinates>
      </Point>
    </Placemark>
    <Placemark>
      <name>Vermelho</name>
      <styleUrl>#style_Vermelho</styleUrl>
      <Point>
        <coordinates>21.4415760000,-14.0849130000,0</coordinates>
      </Point>
    </Placemark>
  </Document>
</kml>