<?xml version="1.0" encoding="UTF-8"?>
<kml xmlns="http://www.opengis.net/kml/2.2"><Document>
<name>Mancha atual de solos vermelhos</name>
<Style id="poly"><LineStyle>
<color>ff0000ff</color><width>2</width></LineStyle><PolyStyle>
<color>550000ff</color></PolyStyle></Style>
<Placemark>
<name>Mancha atual</name><styleUrl>#poly</styleUrl>
<description><![CDATA[<b>tipo:</b> Mancha atual<br/>]]></description>
<MultiGeometry>
<Polygon><tessellate>1</tessellate><outerBoundaryIs><LinearRing><coordinates>12.25325560,-16.97085779,0 12.24412890,-16.97203499,0 12.23492630,-16.97234519,0 12.22573640,-16.97178549,0 12.21664800,-16.97036119,0 12.20774870,-16.96808609,0 12.19912430,-16.96498219,0 12.19085790,-16.96107949,0 12.18302920,-16.95641539,0 12.17571370,-16.95103519,0 12.16898180,-16.94499049,0 12.16289820,-16.93833969,0 12.15752170,-16.93114699,0 12.15290380,-16.92348159,0 12.14908910,-16.91541729,0 12.14611400,-16.90703199,0 12.14400730,-16.89840629,0 12.14278890,-16.88962329,0 12.14247070,-16.88076769,0 12.14305530,-16.87192459,0 12.14453730,-16.86317929,0 12.14690200,-16.85461589,0 12.15012670,-16.84631689,0 12.15418030,-16.83836199,0 12.15902360,-16.83082799,0 12.16460990,-16.82378709,0 12.17088550,-16.81730729,0 12.17778980,-16.81145079,0 12.18525660,-16.80627399,0 12.19321380,-16.80182669,0 12.20158500,-16.79815169,0 12.21028960,-16.79528429,0 12.21924390,-16.79325219,0 12.22836180,-16.79207489,0 12.23755570,-16.79176359,0 12.24673700,-16.79232159,0 12.25581750,-16.79374329,0 12.26470990,-16.79601519,0 12.27332850,-16.79911539,0 12.28159060,-16.80301409,0 12.28941660,-16.80767389,0 12.29673110,-16.81304979,0 12.30346380,-16.81909019,0 12.30954970,-16.82573699,0 12.31493030,-16.83292629,0 12.31955370,-16.84058869,0 12.32337520,-16.84865069,0 12.32635800,-16.85703449,0 12.32847320,-16.86565949,0 12.32970030,-16.87444259,0 12.33002740,-16.88329929,0 12.32945130,-16.89214409,0 12.32797720,-16.90089189,0 12.32561940,-16.90945849,0 12.32240040,-16.91776129,0 12.31835120,-16.92572019,0 12.31351060,-16.93325859,0 12.30792530,-16.94030369,0 12.30164900,-16.94678779,0 12.29474220,-16.95264819,0 12.28727140,-16.95782849,0 12.27930870,-16.96227879,0 12.27093080,-16.96595609,0 12.26221840,-16.96882499,0 12.25325560,-16.97085779,0</coordinates></LinearRing></outerBoundaryIs></Polygon>
<Polygon><tessellate>1</tessellate><outerBoundaryIs><LinearRing><coordinates>12.53952500,-15.84969899,0 12.53778080,-15.81948849,0 12.53182790,-15.76299479,0 12.51827050,-15.75290009,0 12.54273610,-15.76183509,0 12.57894610,-15.75104969,0 12.58288960,-15.74987509,0 12.59281310,-15.75175239,0 12.62894170,-15.75858699,0 12.63429870,-15.75960039,0 12.64611150,-15.76183509,0 12.69737150,-15.76183509,0 12.73154540,-15.74987509,0 12.72556500,-15.71570109,0 12.71480900,-15.70494519,0 12.69296080,-15.68309689,0 12.69139100,-15.68152709,0 12.65123750,-15.65845969,0 12.64438210,-15.65354169,0 12.61193750,-15.63026619,0 12.58546710,-15.61065859,0 12.56580350,-15.59609319,0 12.53162960,-15.56789969,0 12.52641950,-15.55904249,0 12.51454260,-15.53885169,0 12.51533170,-15.53563459,0 12.52564910,-15.49357129,0 12.55981450,-15.45942209,0 12.57912640,-15.46627039,0 12.61561970,-15.48476029,0 12.65305460,-15.49237419,0 12.69440170,-15.50078389,0 12.71443630,-15.50232519,0 12.74666690,-15.50480459,0 12.75302220,-15.51405909,0 12.75519750,-15.55340289,0 12.76080320,-15.59965419,0 12.75540830,-15.63085079,0 12.77057930,-15.67503169,0 12.77132590,-15.67915029,0 12.77664590,-15.70849819,0 12.77700420,-15.71047499,0 12.82196240,-15.72456739,0 12.86582570,-15.73407269,0 12.86934830,-15.73399839,0 12.88539880,-15.73365999,0 12.91883180,-15.73295499,0 12.94170560,-15.73275349,0 12.97480110,-15.73246189,0 13.01112170,-15.73210529,0 13.03446960,-15.72704719,0 13.05416580,-15.72278019,0 13.13955020,-15.70921899,0 13.17725180,-15.69862559,0 13.18708800,-15.71363349,0 13.19313140,-15.74051759,0 13.18838500,-15.77115919,0 13.18183230,-15.80290029,0 13.17718610,-15.80789989,0 13.16547680,-15.82050009,0 13.16055770,-15.82579329,0 13.16062620,-15.82714399,0 13.16229150,-15.85998149,0 13.15035150,-15.89274219,0 13.13849930,-15.92095089,0 13.13701800,-15.92872129,0 13.13320450,-15.94872569,0 13.13617330,-15.95954049,0 13.13933280,-15.97104929,0 13.15441700,-15.99242309,0 13.17145690,-16.00058039,0 13.17803760,-16.00373079,0 13.17402170,-16.02697749,0 13.15889260,-16.03917879,0 13.15049490,-16.04183609,0 13.13191220,-16.04771609,0 13.11397460,-16.05075259,0 13.07508750,-16.05846209,0 13.04467300,-16.05952259,0 13.01358320,-16.06454659,0 12.98394410,-16.07107289,0 12.97826770,-16.07232279,0 12.94347670,-16.08351899,0 12.90245440,-16.10823249,0 12.87767410,-16.12532809,0 12.82715030,-16.14754489,0 12.81121540,-16.15270249,0 12.80318260,-16.15530239,0 12.77614120,-16.16405489,0 12.76648430,-16.14051249,0 12.74797630,-16.14180759,0 12.73141000,-16.14947949,0 12.72570710,-16.15212059,0 12.70559790,-16.17329029,0 12.70315650,-16.17454419,0 12.67962740,-16.18662879,0 12.66111180,-16.19613839,0 12.65678310,-16.19836039,0 12.65352350,-16.19650829,0 12.64322850,-16.19065859,0 12.63279630,-16.17619899,0 12.62960520,-16.17083159,0 12.61839580,-16.15197749,0 12.61262080,-16.14069359,0 12.60808470,-16.13183019,0 12.60930900,-16.12273359,0 12.61090950,-16.11084179,0 12.60852250,-16.09813409,0 12.60661600,-16.08798409,0 12.60694720,-16.08650589,0 12.61384580,-16.05571559,0 12.60615920,-16.02424429,0 12.61154270,-15.99477389,0 12.59321020,-15.95964149,0 12.58049010,-15.94113829,0 12.55842490,-15.91388319,0 12.54518600,-15.89195059,0 12.54337110,-15.87840429,0 12.54213070,-15.86914649,0 12.53952500,-15.84969899,0</coordinates></LinearRing></outerBoundaryIs></Polygon>
<Polygon><tessellate>1</tessellate><outerBoundaryIs><LinearRing><coordinates>11.92310540,-15.73772139,0 11.92958260,-15.74384879,0 11.94041540,-15.75445369,0 11.95223620,-15.76324079,0 11.96632290,-15.77600479,0 11.98052500,-15.78414439,0 11.99600320,-15.77846339,0 12.00847240,-15.78010749,0 12.02200220,-15.79114819,0 12.03866100,-15.79111669,0 12.05378340,-15.79051019,0 12.06401160,-15.79718209,0 12.07682700,-15.80436989,0 12.08285670,-15.80765989,0 12.09218120,-15.82599259,0 12.09669880,-15.83691879,0 12.09688090,-15.85513969,0 12.09861950,-15.86136819,0 12.10184100,-15.87290759,0 12.09139780,-15.87570409,0 12.08625980,-15.87707999,0 12.07402900,-15.86482719,0 12.05494120,-15.83988089,0 12.02858350,-15.82044599,0 12.00145340,-15.80895999,0 11.97478870,-15.80317499,0 11.94984440,-15.80027869,0 11.92570500,-15.78836819,0 11.90527440,-15.77069849,0 11.89845140,-15.76385569,0 11.90453530,-15.75556759,0 11.90917110,-15.74966139,0 11.91197870,-15.74116609,0 11.91389160,-15.73175819,0 11.92310540,-15.73772139,0</coordinates></LinearRing></outerBoundaryIs></Polygon>
<Polygon><tessellate>1</tessellate><outerBoundaryIs><LinearRing><coordinates>12.06567570,-15.78682519,0 12.04977510,-15.78049469,0 12.02804960,-15.77545839,0 12.04151340,-15.77579019,0 12.05873300,-15.77792169,0 12.06891050,-15.78868989,0 12.06567570,-15.78682519,0</coordinates></LinearRing></outerBoundaryIs></Polygon>
<Polygon><tessellate>1</tessellate><outerBoundaryIs><LinearRing><coordinates>11.96340510,-15.76096729,0 11.96680640,-15.76198769,0 11.98271560,-15.76921459,0 12.00526430,-15.77261919,0 12.01859520,-15.77454659,0 12.00106430,-15.77418519,0 11.97572040,-15.76812169,0 11.96340510,-15.76096729,0</coordinates></LinearRing></outerBoundaryIs></Polygon>
<Polygon><tessellate>1</tessellate><outerBoundaryIs><LinearRing><coordinates>13.33511200,-15.05458479,0 13.34744170,-15.05053519,0 13.35816870,-15.03903569,0 13.36622050,-15.03040409,0 13.39903550,-15.02195449,0 13.40129380,-15.01717849,0 13.40724280,-15.02782059,0 13.41586020,-15.04395099,0 13.43229870,-15.05453969,0 13.44733810,-15.07706639,0 13.44933610,-15.09819029,0 13.46589090,-15.10251139,0 13.47110370,-15.11002249,0 13.46898750,-15.12878419,0 13.48050790,-15.14895819,0 13.49960520,-15.14421079,0 13.50437550,-15.14316649,0 13.50951000,-15.15523429,0 13.52767750,-15.16927149,0 13.55592820,-15.18464369,0 13.57445340,-15.19023609,0 13.57403280,-15.20266339,0 13.57181260,-15.22768689,0 13.57040600,-15.24019239,0 13.57186990,-15.25384809,0 13.56067090,-15.25310329,0 13.54428860,-15.27214809,0 13.54044440,-15.28802199,0 13.51465130,-15.30118179,0 13.49311080,-15.30704759,0 13.48844530,-15.30831809,0 13.47761820,-15.31126499,0 13.45707890,-15.32965179,0 13.44793990,-15.34199909,0 13.43467470,-15.35026779,0 13.41607280,-15.36186309,0 13.41290830,-15.36460749,0 13.40316010,-15.37306099,0 13.39192070,-15.38280779,0 13.38526630,-15.38857839,0 13.36813350,-15.38253399,0 13.34414960,-15.36096949,0 13.32255740,-15.33888049,0 13.30677320,-15.32431599,0 13.29824000,-15.31862209,0 13.28563210,-15.31020929,0 13.26472660,-15.28357219,0 13.26295510,-15.28203279,0 13.24659440,-15.26781559,0 13.25660800,-15.24067779,0 13.26943210,-15.22214319,0 13.27396970,-15.20172689,0 13.25697610,-15.18883989,0 13.26498320,-15.17362309,0 13.26501230,-15.17339339,0 13.26673310,-15.15980869,0 13.26707080,-15.15714259,0 13.25244620,-15.14487359,0 13.23248670,-15.13192459,0 13.23887020,-15.12475999,0 13.24644280,-15.11626049,0 13.25437070,-15.10743709,0 13.26403240,-15.09668249,0 13.27113760,-15.08973179,0 13.28399660,-15.07715229,0 13.30024720,-15.06552119,0 13.32294370,-15.05858139,0 13.33511200,-15.05458479,0</coordinates></LinearRing></outerBoundaryIs></Polygon>
<Polygon><tessellate>1</tessellate><outerBoundaryIs><LinearRing><coordinates>12.13919260,-15.12013439,0 12.12912560,-15.11763759,0 12.12397380,-15.12724109,0 12.11620230,-15.12628389,0 12.12186240,-15.10414789,0 12.14343990,-15.10317079,0 12.14949320,-15.10289669,0 12.16739270,-15.09934429,0 12.18832590,-15.09301279,0 12.22047620,-15.08980179,0 12.24476810,-15.09266569,0 12.24996930,-15.09315629,0 12.26056100,-15.09415529,0 12.26013090,-15.09919829,0 12.26008100,-15.09978219,0 12.25924780,-15.10953899,0 12.24837210,-15.11782649,0 12.22985170,-15.12250899,0 12.21250630,-15.12778849,0 12.19338990,-15.13245579,0 12.19158270,-15.13251779,0 12.17451380,-15.14072799,0 12.16853330,-15.15012549,0 12.16767880,-15.16123199,0 12.17109680,-15.16635889,0 12.17190360,-15.16756939,0 12.17280480,-15.16892149,0 12.18049430,-15.17319299,0 12.18818280,-15.17575649,0 12.19672010,-15.18347929,0 12.19878390,-15.18387029,0 12.21188150,-15.18468869,0 12.21362020,-15.18479729,0 12.23613830,-15.18761919,0 12.24380110,-15.18888759,0 12.25578590,-15.19087119,0 12.25188540,-15.20110319,0 12.24670580,-15.20336739,0 12.23141100,-15.21005339,0 12.21032430,-15.21062759,0 12.20294280,-15.21075059,0 12.19613860,-15.21040409,0 12.18157200,-15.20966239,0 12.15568070,-15.19820879,0 12.14103320,-15.19486899,0 12.14574530,-15.19383999,0 12.15138050,-15.18428799,0 12.15420250,-15.17500969,0 12.15627290,-15.16819479,0 12.15577180,-15.16610809,0 12.15234660,-15.15184499,0 12.14865300,-15.14404579,0 12.14625990,-15.13899189,0 12.14565660,-15.13690379,0 12.14140990,-15.12641619,0 12.13919260,-15.12013439,0</coordinates></LinearRing></outerBoundaryIs></Polygon>
<Polygon><tessellate>1</tessellate><outerBoundaryIs><LinearRing><coordinates>12.52052310,-14.98780059,0 12.51969730,-14.97525039,0 12.51625060,-14.92287059,0 12.54273610,-14.91176409,0 12.54786210,-14.87844469,0 12.55213360,-14.86392119,0 12.55488000,-14.85908239,0 12.56199530,-14.84654609,0 12.57007500,-14.83231069,0 12.57187910,-14.82365069,0 12.57434650,-14.81180669,0 12.57610790,-14.78729689,0 12.57803540,-14.76047709,0 12.56662850,-14.75711349,0 12.53614710,-14.73930739,0 12.53567600,-14.73920169,0 12.50780300,-14.73294929,0 12.48060800,-14.72832489,0 12.47928520,-14.72564219,0 12.46522430,-14.72404729,0 12.45559220,-14.72295479,0 12.44371530,-14.71878159,0 12.42398260,-14.71184829,0 12.41026370,-14.71047649,0 12.38126470,-14.70757679,0 12.38018810,-14.70743709,0 12.35350230,-14.70397659,0 12.35305210,-14.70080849,0 12.35310790,-14.70037859,0 12.35311870,-14.70029529,0 12.35518840,-14.68432429,0 12.35600980,-14.67169769,0 12.35696600,-14.65699959,0 12.36079530,-14.64668839,0 12.36288280,-14.64106749,0 12.36326310,-14.64004329,0 12.36581620,-14.62508959,0 12.36733530,-14.61619189,0 12.36218710,-14.61314539,0 12.35328200,-14.60787579,0 12.34421140,-14.59931689,0 12.34398370,-14.59910199,0 12.34206750,-14.59101379,0 12.34072300,-14.58533859,0 12.34182170,-14.56198599,0 12.33814140,-14.54022789,0 12.33682630,-14.52758119,0 12.33617880,-14.52136329,0 12.34104360,-14.51689289,0 12.35009190,-14.50857829,0 12.36164470,-14.49516579,0 12.36681330,-14.48160909,0 12.36918640,-14.47538469,0 12.37367630,-14.45952319,0 12.37767220,-14.43908599,0 12.38102630,-14.42091459,0 12.38915630,-14.40114589,0 12.40232180,-14.39518359,0 12.40711540,-14.39207409,0 12.41674420,-14.38582799,0 12.41547920,-14.37109159,0 12.41532140,-14.36925319,0 12.41135510,-14.35749009,0 12.41086290,-14.35603049,0 12.40881160,-14.34115309,0 12.40517220,-14.32807049,0 12.40386010,-14.32335379,0 12.40482430,-14.31328299,0 12.41059300,-14.31324579,0 12.42397790,-14.31035379,0 12.42743210,-14.30960749,0 12.42758130,-14.30972729,0 12.44534020,-14.32397649,0 12.45986460,-14.33508299,0 12.45999620,-14.33522229,0 12.47438810,-14.35046099,0 12.48172370,-14.35546259,0 12.49318410,-14.36327649,0 12.50429060,-14.37694549,0 12.51904010,-14.39748859,0 12.53883080,-14.38525769,0 12.54403750,-14.38152529,0 12.56349560,-14.36757659,0 12.56538860,-14.36623919,0 12.57913110,-14.35653019,0 12.58502910,-14.35075659,0 12.59848690,-14.33758259,0 12.60065650,-14.33458889,0 12.61190410,-14.31906889,0 12.61194730,-14.29925119,0 12.61197380,-14.28712839,0 12.60650160,-14.26532749,0 12.61069420,-14.25718729,0 12.61637400,-14.24615959,0 12.62764970,-14.23161979,0 12.62854390,-14.23046679,0 12.64121450,-14.22130969,0 12.65379430,-14.21221829,0 12.68420600,-14.20207209,0 12.69930550,-14.18758299,0 12.71218250,-14.16930499,0 12.71394160,-14.16680809,0 12.71430330,-14.14900989,0 12.71447470,-14.14057729,0 12.72619440,-14.11745259,0 12.74623010,-14.09280199,0 12.77077770,-14.07909109,0 12.78830240,-14.06122679,0 12.79054500,-14.03444459,0 12.79063890,-14.03332329,0 12.78101730,-14.01142599,0 12.77414800,-13.99784499,0 12.76963330,-13.98891929,0 12.76390370,-13.96153579,0 12.76315590,-13.95796199,0 12.75911520,-13.92363449,0 12.76473380,-13.90364049,0 12.76548860,-13.90095419,0 12.76688970,-13.88220899,0 12.76791570,-13.86848259,0 12.77875800,-13.82935139,0 12.77932000,-13.80137239,0 12.77968600,-13.78314779,0 12.77864650,-13.74660019,0 12.77917870,-13.73370459,0 12.77979950,-13.71866229,0 12.78612040,-13.69825739,0 12.79177280,-13.68972399,0 12.79608270,-13.68321679,0 12.79953000,-13.67801189,0 12.81767850,-13.65729999,0 12.84337900,-13.64303299,0 12.86025040,-13.64021309,0 12.86797620,-13.63892169,0 12.87955470,-13.63698669,0 12.92052080,-13.62761689,0 12.93349650,-13.62904449,0 12.93646720,-13.62924479,0 12.93215850,-13.63700489,0 12.92329500,-13.66706089,0 12.95309640,-13.68483539,0 12.95766450,-13.68620239,0 12.96688570,-13.68896189,0 12.97825530,-13.69236419,0 12.98601060,-13.69468499,0 12.99910870,-13.69936819,0 13.01830290,-13.70623109,0 13.03763960,-13.71520999,0 13.05851170,-13.73677539,0 13.06434900,-13.74467349,0 13.07522680,-13.75939179,0 13.08949280,-13.78651999,0 13.10979370,-13.80749799,0 13.12411980,-13.83177089,0 13.12459910,-13.83230209,0 13.14092060,-13.85038849,0 13.16091630,-13.85652069,0 13.18051240,-13.85236929,0 13.18757820,-13.84991459,0 13.20373150,-13.84430029,0 13.23090740,-13.84601309,0 13.25988960,-13.84604739,0 13.27413180,-13.84349159,0 13.28456020,-13.82316589,0 13.28436950,-13.82253119,0 13.27731420,-13.79904749,0 13.26491740,-13.76569079,0 13.25529190,-13.74266339,0 13.25694650,-13.72377029,0 13.25753690,-13.71702859,0 13.26164670,-13.69794119,0 13.26180890,-13.69718799,0 13.26206300,-13.69600769,0 13.26900480,-13.67218109,0 13.25760750,-13.64911559,0 13.25195950,-13.63277579,0 13.24806880,-13.62151999,0 13.24030560,-13.62555959,0 13.23194680,-13.62990919,0 13.21869340,-13.63680559,0 13.21643920,-13.63797859,0 13.19924690,-13.65045239,0 13.19427010,-13.65406319,0 13.19018200,-13.65443499,0 13.17801240,-13.65554179,0 13.16880990,-13.65637869,0 13.14849470,-13.63654229,0 13.13599110,-13.61002159,0 13.13574880,-13.60871689,0 13.13342950,-13.59622569,0 13.13862320,-13.59580799,0 13.13948840,-13.59559349,0 13.14696480,-13.59374009,0 13.16830920,-13.58844849,0 13.20100120,-13.57829479,0 13.23192980,-13.56753059,0 13.23399370,-13.56658539,0 13.25194560,-13.55836379,0 13.27006820,-13.55006409,0 13.29151730,-13.53588959,0 13.29937550,-13.53069589,0 13.32443050,-13.51751609,0 13.33767220,-13.50409029,0 13.34638500,-13.47972579,0 13.35925010,-13.45430559,0 13.36152360,-13.44332119,0 13.36442660,-13.42929359,0 13.36663060,-13.40536499,0 13.36621380,-13.38892459,0 13.36065770,-13.37786289,0 13.35435490,-13.36572269,0 13.34230900,-13.34606459,0 13.33028790,-13.32526489,0 13.32541180,-13.30118849,0 13.32850270,-13.29151339,0 13.31164360,-13.26971719,0 13.31164360,-13.25348569,0 13.31164360,-13.24665069,0 13.31164360,-13.23725319,0 13.30822660,-13.21333119,0 13.30822660,-13.20051569,0 13.32445910,-13.18684669,0 13.36461350,-13.20051569,0 13.40923980,-13.23257919,0 13.41523080,-13.23052879,0 13.43927960,-13.23901079,0 13.46047970,-13.24172589,0 13.51527120,-13.24065109,0 13.55452250,-13.24491789,0 13.60571960,-13.27136989,0 13.63985060,-13.29270169,0 13.66971590,-13.31830019,0 13.70469950,-13.33536619,0 13.73456480,-13.35243229,0 13.78576180,-13.36523149,0 13.81894870,-13.37323089,0 13.85100460,-13.39895729,0 13.85189540,-13.40005379,0 13.87879370,-13.43316269,0 13.89710430,-13.46946809,0 13.91021440,-13.49882509,0 13.92118640,-13.51444049,0 13.92917820,-13.52156719,0 13.95322130,-13.54300789,0 13.97583680,-13.56968209,0 13.98413750,-13.58065409,0 13.99204060,-13.59109969,0 14.00680450,-13.62903979,0 14.01114080,-13.65366079,0 14.01197350,-13.65672939,0 14.01960730,-13.68486139,0 14.02063470,-13.68864729,0 14.02244770,-13.69754639,0 14.02035010,-13.69475749,0 14.01549690,-13.68947899,0 14.01013810,-13.68469099,0 14.00432540,-13.68043939,0 13.99811470,-13.67676529,0 13.99156570,-13.67370399,0 13.98474170,-13.67128489,0 13.97770810,-13.66953139,0 13.97053270,-13.66846019,0 13.96328450,-13.66808169,0 13.95603330,-13.66839959,0 13.94884890,-13.66941069,0 13.94180030,-13.67110529,0 13.93495540,-13.67346719,0 13.92838010,-13.67647359,0 13.92213760,-13.68009549,0 13.91628800,-13.68429809,0 13.91088770,-13.68904099,0 13.90598860,-13.69427839,0 13.90163790,-13.69996009,0 13.89787750,-13.70603129,0 13.89474370,-13.71243359,0 13.89226670,-13.71910529,0 13.89047030,-13.72598219,0 13.88937200,-13.73299809,0 13.88899180,-13.73991379,0 13.88451900,-13.73879709,0 13.87734220,-13.73772309,0 13.87009230,-13.73734179,0 13.86283900,-13.73765669,0 13.85565230,-13.73866489,0 13.84860110,-13.74035669,0 13.84175340,-13.74271569,0 13.83517510,-13.74571939,0 13.82892950,-13.74933859,0 13.82307660,-13.75353879,0 13.81767290,-13.75827929,0 13.81277030,-13.76351459,0 13.80841600,-13.76919439,0 13.80465210,-13.77526379,0 13.80151480,-13.78166459,0 13.79903430,-13.78833509,0 13.79723460,-13.79521099,0 13.79613310,-13.80222619,0 13.79574040,-13.80931319,0 13.79606030,-13.81640359,0 13.79708990,-13.82342929,0 13.79881930,-13.83032249,0 13.80123200,-13.83701679,0 13.80430460,-13.84344779,0 13.80800770,-13.84955359,0 13.81230570,-13.85527509,0 13.81715720,-13.86055749,0 13.82251540,-13.86534969,0 13.82832880,-13.86960559,0 13.83454140,-13.87328409,0 13.84109330,-13.87634979,0 13.84792140,-13.87877309,0 13.85495990,-13.88053079,0 13.86214090,-13.88160569,0 13.86939520,-13.88198759,0 13.87665300,-13.88167279,0 13.88384410,-13.88066439,0 13.89089940,-13.87897189,0 13.89542130,-13.87741429,0 13.89559990,-13.87778759,0 13.89751960,-13.88094969,0 13.89767220,-13.88198769,0 13.89794180,-13.88306019,0 13.89797630,-13.88381909,0 13.89900920,-13.89084449,0 13.90074200,-13.89773719,0 13.90315820,-13.90443079,0 13.90361270,-13.90538089,0 13.90405350,-13.90837879,0 13.90578660,-13.91527149,0 13.90820300,-13.92196509,0 13.91127970,-13.92839499,0 13.91498690,-13.93449939,0 13.91565640,-13.93538959,0 13.91591860,-13.93593749,0 13.91962610,-13.94204179,0 13.92392850,-13.94776169,0 13.92878440,-13.95304209,0 13.93414710,-13.95783219,0 13.93658340,-13.95961339,0 13.93672140,-13.95979679,0 13.94157790,-13.96507699,0 13.94694110,-13.96986679,0 13.94851350,-13.97101619,0 13.94855840,-13.97106509,0 13.95392200,-13.97585479,0 13.95974070,-13.98010779,0 13.96551370,-13.98352049,0 13.96753250,-13.98499599,0 13.97174580,-13.98748629,0 13.97359550,-13.99260419,0 13.97445550,-13.99439979,0 13.97422670,-13.99857859,0 13.97455190,-14.00566909,0 13.97558740,-14.01269429,0 13.97570810,-14.01317359,0 13.97393470,-14.01996109,0 13.97283680,-14.02697729,0 13.97244850,-14.03406479,0 13.97277370,-14.04115529,0 13.97380920,-14.04818059,0 13.97435590,-14.05035139,0 13.97428730,-14.05160249,0 13.97461250,-14.05869299,0 13.97507740,-14.06184689,0 13.97474220,-14.06274899,0 13.97294490,-14.06962639,0 13.97184660,-14.07664249,0 13.97149190,-14.08311339,0 13.96875160,-14.08753199,0 13.96561380,-14.09393469,0 13.96313380,-14.10060679,0 13.96133570,-14.10748399,0 13.96023690,-14.11449999,0 13.95984790,-14.12158739,0 13.96017250,-14.12867789,0 13.96120780,-14.13570309,0 13.96294380,-14.14259549,0 13.96536390,-14.14928869,0 13.96844470,-14.15571809,0 13.97048520,-14.15907329,0 13.97022900,-14.16070929,0 13.96852980,-14.16527929,0 13.96673130,-14.17215639,0 13.96563210,-14.17917249,0 13.96524300,-14.18625979,0 13.96556780,-14.19335029,0 13.96660340,-14.20037549,0 13.96833990,-14.20726779,0 13.97076070,-14.21396099,0 13.97384240,-14.22039029,0 13.97755550,-14.22649399,0 13.98186430,-14.23221329,0 13.98672720,-14.23749289,0 13.99209740,-14.24228209,0 13.99792330,-14.24653469,0 14.00414860,-14.25020959,0 14.01071350,-14.25327159,0 14.01094290,-14.25335269,0 14.00899550,-14.25402319,0 14.00240390,-14.25703029,0 13.99614610,-14.26065299,0 13.99028230,-14.26485629,0 13.98486890,-14.26959969,0 13.97995810,-14.27483769,0 13.97559720,-14.28051979,0 13.97182810,-14.28659129,0 13.96868710,-14.29299379,0 13.96620470,-14.29966569,0 13.96440470,-14.30654259,0 13.96330450,-14.31355849,0 13.96291490,-14.32064579,0 13.96323950,-14.32773609,0 13.96427530,-14.33476129,0 13.96601250,-14.34165369,0 13.96697980,-14.34432719,0 13.96592840,-14.34834329,0 13.96482800,-14.35535909,0 13.96443820,-14.36244639,0 13.96476280,-14.36953669,0 13.96579880,-14.37656189,0 13.96753630,-14.38345419,0 13.96949230,-14.38885909,0 13.96796920,-14.39467529,0 13.96686850,-14.40169109,0 13.96647860,-14.40877829,0 13.96680330,-14.41586859,0 13.96783940,-14.42289379,0 13.96957720,-14.42978619,0 13.97199990,-14.43647929,0 13.97508430,-14.44290869,0 13.97880070,-14.44901259,0 13.98006380,-14.45068779,0 13.98010850,-14.45166319,0 13.98114520,-14.45868839,0 13.98288360,-14.46558059,0 13.98530710,-14.47227359,0 13.98589680,-14.47350269,0 13.95822800,-14.46895269,0 13.95044520,-14.46767329,0 13.88389020,-14.44378089,0 13.85771180,-14.43533709,0 13.80453400,-14.41818239,0 13.78320220,-14.41135689,0 13.76264100,-14.41040029,0 13.75005580,-14.40981479,0 13.74651150,-14.40964979,0 13.72010330,-14.40350819,0 13.73093410,-14.35866359,0 13.75928170,-14.31923289,0 13.76369290,-14.31309699,0 13.76740740,-14.26811119,0 13.75963680,-14.24612529,0 13.75806010,-14.24166449,0 13.75157550,-14.22331709,0 13.74613660,-14.20563259,0 13.73922250,-14.18315119,0 13.73861950,-14.18239379,0 13.71892930,-14.15765949,0 13.71663940,-14.15388969,0 13.70280080,-14.13110729,0 13.69541420,-14.11792659,0 13.69245820,-14.11265179,0 13.68713820,-14.10544279,0 13.67451950,-14.08834359,0 13.64411740,-14.10758779,0 13.62449040,-14.17396289,0 13.61637870,-14.20139519,0 13.61105990,-14.21938249,0 13.60554390,-14.23803679,0 13.59718700,-14.26629829,0 13.58720700,-14.27008399,0 13.54365070,-14.28660599,0 13.50969670,-14.29948559,0 13.50083540,-14.30284689,0 13.49046710,-14.32028199,0 13.48816830,-14.32293209,0 13.48122810,-14.33093289,0 13.46990530,-14.34398619,0 13.46566870,-14.34887029,0 13.44601150,-14.35474679,0 13.42725560,-14.36331979,0 13.41733740,-14.36785319,0 13.39568610,-14.38566209,0 13.38671750,-14.39229239,0 13.37166210,-14.40342239,0 13.34100340,-14.39480879,0 13.33271030,-14.39463709,0 13.31373410,-14.39538859,0 13.30379950,-14.40059369,0 13.29698090,-14.40416619,0 13.28396040,-14.41428209,0 13.27052690,-14.42471889,0 13.25683490,-14.44349389,0 13.25433250,-14.44692519,0 13.25569480,-14.44755419,0 13.26528260,-14.45198149,0 13.27628710,-14.46589759,0 13.27770830,-14.47867869,0 13.27933790,-14.49333289,0 13.28533080,-14.52196979,0 13.28297620,-14.55328269,0 13.28248700,-14.56060039,0 13.28133960,-14.57776639,0 13.29143140,-14.60933489,0 13.30609850,-14.63369119,0 13.30811980,-14.63704779,0 13.29814340,-14.66363809,0 13.29362060,-14.66958859,0 13.27382660,-14.69563099,0 13.25868610,-14.71242049,0 13.23799420,-14.74049279,0 13.20673940,-14.76207259,0 13.19530200,-14.75849059,0 13.18137650,-14.75412939,0 13.15393160,-14.73074719,0 13.14876980,-14.72744329,0 13.14103600,-14.72249319,0 13.11925600,-14.71347999,0 13.10515920,-14.70312829,0 13.10226840,-14.70100559,0 13.09527020,-14.69586659,0 13.08054450,-14.69042109,0 13.06002040,-14.67800809,0 13.03246210,-14.66145229,0 13.01922230,-14.64064219,0 13.02914810,-14.61804959,0 13.05107500,-14.61711709,0 13.05585670,-14.61691379,0 13.07802960,-14.60484409,0 13.08601860,-14.59019089,0 13.07861800,-14.57406709,0 13.05998040,-14.55656149,0 13.03306870,-14.53773589,0 13.00732330,-14.52007389,0 12.97590540,-14.51996329,0 12.95990390,-14.52280939,0 12.94734860,-14.52504249,0 12.91913930,-14.52608639,0 12.91827770,-14.52611829,0 12.89602950,-14.51194379,0 12.89369600,-14.50689929,0 12.88750170,-14.49350829,0 12.87305800,-14.47486769,0 12.87173740,-14.47316339,0 12.87131790,-14.47262189,0 12.84761710,-14.47209839,0 12.83855160,-14.47391689,0 12.82202630,-14.47723199,0 12.81558540,-14.47738339,0 12.79954860,-14.47776039,0 12.79711820,-14.47781749,0 12.79688460,-14.47560589,0 12.79313370,-14.44009109,0 12.77262400,-14.45788189,0 12.75316910,-14.48196699,0 12.74171930,-14.48280939,0 12.73535920,-14.48327729,0 12.72447300,-14.49386689,0 12.72469950,-14.49521489,0 12.72870450,-14.51905349,0 12.73713020,-14.54205319,0 12.73385520,-14.55737589,0 12.72973070,-14.56492109,0 12.72523400,-14.57314679,0 12.71067390,-14.57787659,0 12.70553490,-14.57954599,0 12.69732580,-14.57888079,0 12.68599890,-14.57796289,0 12.66347690,-14.57745169,0 12.65570700,-14.57727489,0 12.64213940,-14.57696629,0 12.64451600,-14.60552979,0 12.67512890,-14.61648939,0 12.69989630,-14.62418859,0 12.70282550,-14.62509919,0 12.71294190,-14.62973529,0 12.72024350,-14.63308139,0 12.73161790,-14.63829329,0 12.73595620,-14.64454169,0 12.75301070,-14.66557119,0 12.76165010,-14.67830749,0 12.77520180,-14.71224879,0 12.77030280,-14.74919609,0 12.76447200,-14.75756649,0 12.76820090,-14.76511189,0 12.79063320,-14.80038739,0 12.80941770,-14.84013649,0 12.81737340,-14.85273549,0 12.82840160,-14.87020019,0 12.86371710,-14.88523099,0 12.87352560,-14.86948679,0 12.87886140,-14.83996389,0 12.87700840,-14.81370259,0 12.86895850,-14.77077099,0 12.86435180,-14.74391349,0 12.86402010,-14.74197959,0 12.86257840,-14.73357389,0 12.86731820,-14.70403289,0 12.88284420,-14.68733719,0 12.88550110,-14.68447999,0 12.89277460,-14.67665859,0 12.90051270,-14.67610009,0 12.92306900,-14.67447189,0 12.95593740,-14.69229319,0 12.98587800,-14.70833589,0 13.01333050,-14.73059459,0 13.04251960,-14.75516699,0 13.07285690,-14.78203959,0 13.09264760,-14.80080029,0 13.09144690,-14.80295749,0 13.09917550,-14.83333489,0 13.10327360,-14.84195069,0 13.11287020,-14.86212639,0 13.11241530,-14.88605689,0 13.11362320,-14.89479269,0 13.11502360,-14.90492149,0 13.11640260,-14.92603869,0 13.13746360,-14.94244289,0 13.14702550,-14.95143789,0 13.15729710,-14.96110059,0 13.16110940,-14.96815709,0 13.16819760,-14.98127749,0 13.17013260,-15.00468249,0 13.16856860,-15.02459719,0 13.16723430,-15.02934589,0 13.16220190,-15.04725649,0 13.15954210,-15.05489159,0 13.15138720,-15.05386729,0 13.12012480,-15.07371999,0 13.10049530,-15.10635379,0 13.09663600,-15.11248359,0 13.08456520,-15.13165569,0 13.06621360,-15.15918449,0 13.06594290,-15.15974509,0 13.05603220,-15.18027019,0 13.05214790,-15.17996409,0 13.03083230,-15.17608739,0 12.99828820,-15.16911979,0 12.96321390,-15.17006969,0 12.93469430,-15.17001909,0 12.92748450,-15.17123959,0 12.90190410,-15.17556949,0 12.89554390,-15.17575649,0 12.87336890,-15.17640819,0 12.86861040,-15.17654799,0 12.85678680,-15.17675979,0 12.84007930,-15.17705919,0 12.80431840,-15.18253329,0 12.77564810,-15.18987179,0 12.73284820,-15.19062419,0 12.69667720,-15.18696119,0 12.67009070,-15.17952349,0 12.62712380,-15.15974329,0 12.58827210,-15.14232919,0 12.55546090,-15.13072969,0 12.55213360,-15.11595249,0 12.53614010,-15.06651869,0 12.53333760,-15.05785659,0 12.52707520,-15.02362029,0 12.52052310,-14.98780059,0</coordinates></LinearRing></outerBoundaryIs></Polygon>
<Polygon><tessellate>1</tessellate><outerBoundaryIs><LinearRing><coordinates>12.96474740,-12.93710709,0 12.96543690,-12.93296429,0 12.96647770,-12.93178969,0 12.97447590,-12.92276289,0 12.97267250,-12.91934109,0 12.96680550,-12.92191599,0 12.96279770,-12.92168349,0 12.95929430,-12.92148019,0 12.95592970,-12.91591519,0 12.95221420,-12.90976999,0 12.95148940,-12.90356059,0 12.95404050,-12.89526939,0 12.95290950,-12.89284989,0 12.97264670,-12.89055729,0 12.99929710,-12.88428689,0 13.02874090,-12.88606829,0 13.05293460,-12.88488099,0 13.07703110,-12.88882639,0 13.09984210,-12.89845469,0 13.11437030,-12.90961649,0 13.12762550,-12.92588999,0 13.12854040,-12.92845989,0 13.13462980,-12.94556349,0 13.13530450,-12.94745829,0 13.13068960,-12.95108219,0 13.12542360,-12.96349939,0 13.11811450,-12.98073389,0 13.10272600,-12.96418859,0 13.09016030,-12.94865209,0 13.08486460,-12.94210429,0 13.06509590,-12.92740149,0 13.05283020,-12.93002839,0 13.03845310,-12.93310739,0 13.01231100,-12.94338889,0 13.00783160,-12.94479109,0 12.98502160,-12.95193099,0 12.97744530,-12.95635919,0 12.97522350,-12.95765779,0 12.96474740,-12.93710709,0</coordinates></LinearRing></outerBoundaryIs></Polygon>
<Polygon><tessellate>1</tessellate><outerBoundaryIs><LinearRing><coordinates>13.30581000,-8.75433439,0 13.31019210,-8.75798609,0 13.31451070,-8.75865249,0 13.31665850,-8.75898399,0 13.31644980,-8.76034169,0 13.31617550,-8.76543199,0 13.31271770,-8.76490599,0 13.30559290,-8.76452579,0 13.30186100,-8.76469139,0 13.29868570,-8.76452189,0 13.29155770,-8.76483799,0 13.28449520,-8.76584749,0 13.28200930,-8.76645499,0 13.28226280,-8.76523689,0 13.28661920,-8.75786399,0 13.29145530,-8.75439449,0 13.29535200,-8.75460239,0 13.30039480,-8.75447319,0 13.30581000,-8.75433439,0</coordinates></LinearRing></outerBoundaryIs></Polygon>
<Polygon><tessellate>1</tessellate><outerBoundaryIs><LinearRing><coordinates>12.97311960,-7.45195609,0 12.96432170,-7.45321739,0 12.95544220,-7.45361179,0 12.94656680,-7.45313539,0 12.93778110,-7.45179279,0 12.92916960,-7.44959699,0 12.92081530,-7.44656909,0 12.91279880,-7.44273839,0 12.90519730,-7.43814169,0 12.89808390,-7.43282339,0 12.89152720,-7.42683469,0 12.88559030,-7.42023329,0 12.88033040,-7.41308279,0 12.87579810,-7.40545209,0 12.87203700,-7.39741469,0 12.86908330,-7.38904799,0 12.86696540,-7.38043249,0 12.86570360,-7.37165139,0 12.86531000,-7.36278899,0 12.86578830,-7.35393089,0 12.86713400,-7.34516209,0 12.86933400,-7.33656719,0 12.87236700,-7.32822899,0 12.87620390,-7.32022759,0 12.88080760,-7.31264019,0 12.88613390,-7.30553969,0 12.89213130,-7.29899459,0 12.89874230,-7.29306779,0 12.90590300,-7.28781629,0 12.91354470,-7.28329079,0 12.92159370,-7.27953479,0 12.92997250,-7.27658449,0 12.93860060,-7.27446819,0 12.94739480,-7.27320639,0 12.95627060,-7.27281119,0 12.96514250,-7.27328649,0 12.97392510,-7.27462759,0 12.98253390,-7.27682169,0 12.99088600,-7.27984769,0 12.99890110,-7.28367639,0 13.00650180,-7.28827109,0 13.01361510,-7.29358739,0 13.02017250,-7.29957429,0 13.02611070,-7.30617399,0 13.03137270,-7.31332309,0 13.03590760,-7.32095269,0 13.03967170,-7.32898939,0 13.04262890,-7.33735579,0 13.04475050,-7.34597129,0 13.04601600,-7.35475289,0 13.04641330,-7.36361609,0 13.04593840,-7.37247539,0 13.04459590,-7.38124559,0 13.04239860,-7.38984219,0 13.03936770,-7.39818239,0 13.03553230,-7.40618569,0 13.03092930,-7.41377519,0 13.02560320,-7.42087759,0 13.01960500,-7.42742459,0 13.01299270,-7.43335309,0 13.00582990,-7.43860589,0 12.99818570,-7.44313249,0 12.99013360,-7.44688919,0 12.98175140,-7.44983989,0 12.97311960,-7.45195609,0</coordinates></LinearRing></outerBoundaryIs></Polygon>
<Polygon><tessellate>1</tessellate><outerBoundaryIs><LinearRing><coordinates>12.27865960,-6.15054219,0 12.27371030,-6.14206599,0 12.27004240,-6.13010449,0 12.27143000,-6.11975859,0 12.27254240,-6.11779369,0 12.28759000,-6.10950899,0 12.29328840,-6.10650409,0 12.28637410,-6.11287739,0 12.28752140,-6.11540789,0 12.29441640,-6.11472609,0 12.29970650,-6.11059329,0 12.30476280,-6.10921909,0 12.30958840,-6.11014409,0 12.31303310,-6.11336709,0 12.31464100,-6.11659149,0 12.31492520,-6.11716129,0 12.31308750,-6.11973239,0 12.29708100,-6.12067079,0 12.28697490,-6.12559559,0 12.28690340,-6.13295269,0 12.29511070,-6.13513179,0 12.28059480,-6.14712379,0 12.27865960,-6.15054219,0</coordinates></LinearRing></outerBoundaryIs></Polygon>
<Polygon><tessellate>1</tessellate><outerBoundaryIs><LinearRing><coordinates>12.29948040,-6.10415409,0 12.29728650,-6.10439589,0 12.29907510,-6.10345269,0 12.30183960,-6.10195569,0 12.29948040,-6.10415409,0</coordinates></LinearRing></outerBoundaryIs></Polygon>
<Polygon><tessellate>1</tessellate><outerBoundaryIs><LinearRing><coordinates>12.32039550,-6.10279749,0 12.31373120,-6.10233069,0 12.30775740,-6.10002419,0 12.30414100,-6.10070949,0 12.31814480,-6.09312629,0 12.32312200,-6.09825039,0 12.32209250,-6.10160139,0 12.32039550,-6.10279749,0</coordinates></LinearRing></outerBoundaryIs></Polygon>
<Polygon><tessellate>1</tessellate><outerBoundaryIs><LinearRing><coordinates>12.65277200,-6.04534289,0 12.64652920,-6.05296039,0 12.64216230,-6.05387739,0 12.63189980,-6.05090759,0 12.62167750,-6.04579599,0 12.62457180,-6.04424859,0 12.63691430,-6.04647729,0 12.64906310,-6.04456139,0 12.65277200,-6.04534289,0</coordinates></LinearRing></outerBoundaryIs></Polygon>
<Polygon><tessellate>1</tessellate><outerBoundaryIs><LinearRing><coordinates>12.95125100,-5.96113159,0 12.94826410,-5.96320009,0 12.94800070,-5.96324389,0 12.94734510,-5.95852279,0 12.95079140,-5.95653099,0 12.95239930,-5.95906209,0 12.95125100,-5.96113159,0</coordinates></LinearRing></outerBoundaryIs></Polygon>
<Polygon><tessellate>1</tessellate><outerBoundaryIs><LinearRing><coordinates>12.19013690,-5.66581869,0 12.18417840,-5.64859529,0 12.15892220,-5.64568519,0 12.14284400,-5.64057259,0 12.15098670,-5.62540199,0 12.15731620,-5.60732219,0 12.16409020,-5.59016469,0 12.16717340,-5.57733059,0 12.18097500,-5.56577829,0 12.18919750,-5.56519129,0 12.20239830,-5.56949419,0 12.22030740,-5.55799099,0 12.22368800,-5.54173259,0 12.22435280,-5.54152109,0 12.22848990,-5.53715519,0 12.23056510,-5.52841469,0 12.22874640,-5.50449129,0 12.23059650,-5.49046089,0 12.22350790,-5.45640949,0 12.22167780,-5.44674489,0 12.21365550,-5.42948289,0 12.20770450,-5.40762229,0 12.19418910,-5.36987829,0 12.17561910,-5.34041119,0 12.17335470,-5.33681699,0 12.17199310,-5.33465569,0 12.16946460,-5.33064239,0 12.16819810,-5.31768829,0 12.17311860,-5.31234119,0 12.17336050,-5.31025519,0 12.17381190,-5.30636219,0 12.16854570,-5.29232219,0 12.16281510,-5.28081079,0 12.15249630,-5.26722529,0 12.13184640,-5.22975349,0 12.13118360,-5.22854999,0 12.13118740,-5.22348589,0 12.13376490,-5.21410409,0 12.13510420,-5.20922949,0 12.13350200,-5.20278499,0 12.13098340,-5.19794889,0 12.12846240,-5.19504739,0 12.12158110,-5.18712709,0 12.11654090,-5.17722699,0 12.09765620,-5.15022219,0 12.09109690,-5.14084239,0 12.08743190,-5.13117309,0 12.06721920,-5.10632289,0 12.06170460,-5.09954309,0 12.05701340,-5.09377329,0 12.05258940,-5.08833219,0 12.04754830,-5.07866289,0 12.03745750,-5.06967539,0 12.03058430,-5.05747269,0 12.02845050,-5.05479009,0 12.03665540,-5.05028629,0 12.03404810,-5.06243849,0 12.04889300,-5.05962609,0 12.06735040,-5.06122399,0 12.07041070,-5.07735009,0 12.07536220,-5.08522319,0 12.07981780,-5.08666739,0 12.08873460,-5.08955759,0 12.10038280,-5.09333229,0 12.10431720,-5.08467939,0 12.10817530,-5.07619429,0 12.12745480,-5.06032609,0 12.13046840,-5.03966569,0 12.13019090,-5.02597559,0 12.13014220,-5.02357049,0 12.11557010,-5.02064089,0 12.10300060,-5.02394289,0 12.10255980,-5.02656139,0 12.09940810,-5.04527899,0 12.09597870,-5.05746219,0 12.09283070,-5.06864879,0 12.08099560,-5.06598039,0 12.07361510,-5.04819489,0 12.05999470,-5.04045009,0 12.04879950,-5.04307699,0 12.03496650,-5.03394839,0 12.02486320,-5.04256299,0 12.02156710,-5.04613629,0 12.01715950,-5.04059509,0 12.01741310,-5.03720519,0 12.02200890,-5.03641129,0 12.02451420,-5.03214549,0 12.02818780,-5.03014559,0 12.02837660,-5.02578689,0 12.01477910,-5.02892109,0 12.01272870,-5.02831319,0 12.01087860,-5.02776379,0 12.01020530,-5.02722259,0 12.01235100,-5.02486939,0 12.01510810,-5.02169129,0 12.01772610,-5.01897379,0 12.01946250,-5.01790899,0 12.03422360,-5.00885769,0 12.04872990,-4.99754619,0 12.06268120,-4.98666379,0 12.07806020,-4.97419929,0 12.08426000,-4.96898409,0 12.10327150,-4.95862909,0 12.11038400,-4.95319459,0 12.11705020,-4.94660429,0 12.13245110,-4.93114809,0 12.14027500,-4.92226979,0 12.15305330,-4.89704519,0 12.16653630,-4.88521099,0 12.17812280,-4.84803079,0 12.18219720,-4.83495649,0 12.20109030,-4.77433009,0 12.20973400,-4.78509469,0 12.22307590,-4.80041889,0 12.23395160,-4.80996749,0 12.24825290,-4.81909469,0 12.25711630,-4.82333279,0 12.26715280,-4.82321359,0 12.29636100,-4.82146689,0 12.31789400,-4.80905439,0 12.32454680,-4.80383729,0 12.33141990,-4.79977269,0 12.34754750,-4.77763799,0 12.35308550,-4.76614379,0 12.35912420,-4.75361389,0 12.36078450,-4.74466089,0 12.35988110,-4.73994469,0 12.35875470,-4.73406419,0 12.35876460,-4.73405469,0 12.36109640,-4.73180579,0 12.37232780,-4.72759629,0 12.37159350,-4.71649929,0 12.37133880,-4.71048779,0 12.37245850,-4.70331429,0 12.37449360,-4.69590569,0 12.38067530,-4.69171709,0 12.38548090,-4.68799879,0 12.38635640,-4.67758889,0 12.38679220,-4.67180539,0 12.38690010,-4.66847259,0 12.38699440,-4.66556069,0 12.39569470,-4.66020579,0 12.39795400,-4.65117649,0 12.39851300,-4.64794099,0 12.40232090,-4.64366579,0 12.41484640,-4.63650849,0 12.42682080,-4.62966199,0 12.43418120,-4.62076709,0 12.44883820,-4.61194899,0 12.45457170,-4.60740799,0 12.45869830,-4.60423039,0 12.49066540,-4.59927079,0 12.51828100,-4.59702539,0 12.53564070,-4.59352299,0 12.54432680,-4.59062149,0 12.55346970,-4.58795399,0 12.55562460,-4.58743349,0 12.55895330,-4.58662939,0 12.56578730,-4.58808039,0 12.57127670,-4.58583549,0 12.57653620,-4.58404869,0 12.58726020,-4.58369779,0 12.59388730,-4.58192439,0 12.60075570,-4.57831289,0 12.60943130,-4.57725000,0 12.61582370,-4.57662530,0 12.63868710,-4.56880280,0 12.66455550,-4.55525540,0 12.68493560,-4.54349280,0 12.68505960,-4.54324420,0 12.69510270,-4.52311090,0 12.69811530,-4.51577660,0 12.70112040,-4.50936170,0 12.70777890,-4.50275330,0 12.71350380,-4.49935770,0 12.71875670,-4.49848890,0 12.72721580,-4.49558020,0 12.74082090,-4.50929450,0 12.75376990,-4.51839920,0 12.76411060,-4.51100210,0 12.77027130,-4.50659320,0 12.75125030,-4.48292730,0 12.72839070,-4.45301100,0 12.72478020,-4.44213210,0 12.72523880,-4.43976400,0 12.72589110,-4.43724680,0 12.72817040,-4.42842050,0 12.72768120,-4.42194750,0 12.73407750,-4.41544490,0 12.74368380,-4.40869280,0 12.75418850,-4.39754490,0 12.76366970,-4.39059840,0 12.76708980,-4.39147090,0 12.79046540,-4.41218330,0 12.80203530,-4.42311380,0 12.81616020,-4.42670300,0 12.82485490,-4.42264320,0 12.83470730,-4.41583200,0 12.84705540,-4.41111610,0 12.86716560,-4.40601350,0 12.87251950,-4.42678400,0 12.87581630,-4.44799660,0 12.88257790,-4.46233610,0 12.88731580,-4.47136020,0 12.89228250,-4.48061750,0 12.91768460,-4.50710960,0 12.94812680,-4.53088950,0 12.97580240,-4.55970910,0 13.00052260,-4.58688929,0 13.01844220,-4.60617639,0 13.02075100,-4.61717369,0 13.02818970,-4.61778549,0 13.03126530,-4.62227959,0 13.04230690,-4.62413979,0 13.05189130,-4.62492369,0 13.05383420,-4.62393199,0 13.05521390,-4.62452459,0 13.06465240,-4.63048699,0 13.06817060,-4.62983509,0 13.07556920,-4.63620759,0 13.08030130,-4.64661689,0 13.07683560,-4.65349249,0 13.07291510,-4.66013239,0 13.07072160,-4.66880319,0 13.07397940,-4.67303989,0 13.08326050,-4.68648669,0 13.08191350,-4.68818139,0 13.07530210,-4.68579629,0 13.06772640,-4.68306159,0 13.05704120,-4.67920449,0 13.05239390,-4.67752839,0 13.04573920,-4.68028739,0 13.03541950,-4.68971919,0 13.03163570,-4.69186189,0 13.03013990,-4.69270899,0 13.02233980,-4.69339799,0 13.01362320,-4.69822689,0 12.99710370,-4.69983339,0 12.98609450,-4.70305349,0 12.97530840,-4.70995239,0 12.97408870,-4.71054839,0 12.96587750,-4.71455529,0 12.95534800,-4.71937939,0 12.94318960,-4.72213599,0 12.92345710,-4.73225499,0 12.91427900,-4.73455099,0 12.89844890,-4.73431539,0 12.89202500,-4.73178239,0 12.87986370,-4.73223639,0 12.87665080,-4.73338649,0 12.87275120,-4.73844619,0 12.86747260,-4.73913529,0 12.86311240,-4.73913289,0 12.86059000,-4.74120279,0 12.85716110,-4.75128349,0 12.85247270,-4.75428999,0 12.84705160,-4.75362209,0 12.84408200,-4.75425209,0 12.83947940,-4.75522849,0 12.83649730,-4.75982949,0 12.83672520,-4.76466039,0 12.83622570,-4.76574519,0 12.83206180,-4.76871009,0 12.82107450,-4.77343179,0 12.81506060,-4.78534029,0 12.80907150,-4.79356579,0 12.79874900,-4.80128569,0 12.79597570,-4.80632159,0 12.78838060,-4.81568049,0 12.78580300,-4.81916679,0 12.78331380,-4.82253359,0 12.78073690,-4.83240369,0 12.77701950,-4.84203149,0 12.77493760,-4.84615229,0 12.77512450,-4.85236839,0 12.77665420,-4.86251019,0 12.76201250,-4.86719129,0 12.75098900,-4.87697219,0 12.74614330,-4.88451579,0 12.72805500,-4.89238069,0 12.71174810,-4.90670679,0 12.70272540,-4.92410039,0 12.69784360,-4.93670419,0 12.70370010,-4.94804239,0 12.69746860,-4.95433329,0 12.69355110,-4.95439199,0 12.67175960,-4.95903919,0 12.66723160,-4.95757779,0 12.66580870,-4.95711849,0 12.66136460,-4.95691109,0 12.64966200,-4.95092009,0 12.64484210,-4.95045709,0 12.63956550,-4.95091339,0 12.63428400,-4.95505289,0 12.63267520,-4.96149299,0 12.63519860,-4.96747679,0 12.63542470,-4.96791099,0 12.62800410,-4.96702189,0 12.61701580,-4.97150469,0 12.62103750,-4.98374319,0 12.63285450,-4.99123329,0 12.63327220,-4.99675989,0 12.62956330,-5.00454279,0 12.62265300,-5.01321079,0 12.61762900,-5.02234349,0 12.61498170,-5.02175899,0 12.60648630,-5.02681589,0 12.60360680,-5.03270669,0 12.60271050,-5.03454039,0 12.59438040,-5.03982259,0 12.59387970,-5.04030059,0 12.58674240,-5.04014349,0 12.58054160,-5.04750059,0 12.57480240,-5.05094909,0 12.56906320,-5.05117459,0 12.56771690,-5.05098419,0 12.55598260,-5.04932399,0 12.55253220,-5.05039979,0 12.55230900,-5.05046939,0 12.55015600,-5.05254889,0 12.54443390,-5.05807539,0 12.54425240,-5.05813649,0 12.53351120,-5.05985829,0 12.52195620,-5.06972409,0 12.51901630,-5.07045789,0 12.51052470,-5.07022049,0 12.49859050,-5.06629939,0 12.49216750,-5.06514449,0 12.48803140,-5.06582929,0 12.47930910,-5.06927249,0 12.47494410,-5.07571079,0 12.47317000,-5.08132919,0 12.46828750,-5.08236649,0 12.46156690,-5.09586189,0 12.45166300,-5.10720349,0 12.45990750,-5.11505509,0 12.46662240,-5.12145139,0 12.47529700,-5.13162949,0 12.49644280,-5.13236899,0 12.51191140,-5.13967319,0 12.51912590,-5.15171619,0 12.51514240,-5.16524459,0 12.51479630,-5.18065399,0 12.52223110,-5.19362019,0 12.52092840,-5.21476939,0 12.51903250,-5.22371909,0 12.51772980,-5.24463989,0 12.51849170,-5.26420069,0 12.51761530,-5.26997059,0 12.51608470,-5.28004739,0 12.51670070,-5.28879589,0 12.51732830,-5.29616449,0 12.51470180,-5.31085629,0 12.51805970,-5.31940699,0 12.51709180,-5.32629729,0 12.51854520,-5.34471749,0 12.51428600,-5.36486859,0 12.51744460,-5.36839959,0 12.51727390,-5.41831679,0 12.51629390,-5.44669519,0 12.51608280,-5.45280889,0 12.51578710,-5.48915239,0 12.51934150,-5.52945229,0 12.51624680,-5.57220359,0 12.51841640,-5.61340709,0 12.51696970,-5.64973689,0 12.51741700,-5.67803759,0 12.51970670,-5.70428989,0 12.51994710,-5.72982789,0 12.52070640,-5.73460449,0 12.51717470,-5.73478889,0 12.47946960,-5.73675199,0 12.47854440,-5.73680009,0 12.39102270,-5.74135679,0 12.35531290,-5.74321059,0 12.34529020,-5.74247689,0 12.30711840,-5.74237299,0 12.29698290,-5.74394319,0 12.28107450,-5.74280069,0 12.26568510,-5.74328469,0 12.26492600,-5.74351069,0 12.25994200,-5.74499789,0 12.24708840,-5.74883319,0 12.24121160,-5.75128229,0 12.23286440,-5.73974319,0 12.22056290,-5.72292999,0 12.21282670,-5.70793679,0 12.20347600,-5.68778129,0 12.19013690,-5.66581869,0</coordinates></LinearRing></outerBoundaryIs></Polygon>
<Polygon><tessellate>1</tessellate><outerBoundaryIs><LinearRing><coordinates>23.37713400,-17.57825289,0 23.39510220,-17.58558539,0 23.40456770,-17.59411619,0 23.42017360,-17.60969539,0 23.42401310,-17.61244199,0 23.42621420,-17.62919619,0 23.42732810,-17.63499069,0 23.42815400,-17.63928029,0 23.37896020,-17.64918869,0 23.37831500,-17.64931869,0 23.37528610,-17.64500999,0 23.36273000,-17.62715719,0 23.32936720,-17.60588619,0 23.29371070,-17.58315279,0 23.26219370,-17.56025699,0 23.25087360,-17.54982759,0 23.25236410,-17.54957589,0 23.25595280,-17.55231289,0 23.27280430,-17.55754089,0 23.29752920,-17.55558969,0 23.30778160,-17.55719559,0 23.31327060,-17.56191639,0 23.31614110,-17.56122209,0 23.31944920,-17.55902319,0 23.32206540,-17.55943299,0 23.34192660,-17.56618689,0 23.35310150,-17.56966449,0 23.35758970,-17.57492449,0 23.36430360,-17.57927509,0 23.37713400,-17.57825289,0</coordinates></LinearRing></outerBoundaryIs></Polygon>
<Polygon><tessellate>1</tessellate><outerBoundaryIs><LinearRing><coordinates>22.75260110,-17.59288479,0 22.74359140,-17.59453199,0 22.73445640,-17.59532399,0 22.72528430,-17.59525299,0 22.71616360,-17.59431959,0 22.70718210,-17.59253289,0 22.69842650,-17.58990999,0 22.68998140,-17.58647609,0 22.68192810,-17.58226439,0 22.67434440,-17.57731539,0 22.66730330,-17.57167689,0 22.66087270,-17.56540319,0 22.65511470,-17.55855469,0 22.65008470,-17.55119749,0 22.64583120,-17.54340259,0 22.64239500,-17.53524509,0 22.63980930,-17.52680349,0 22.63809870,-17.51815939,0 22.63727980,-17.50939599,0 22.63736020,-17.50059779,0 22.63833910,-17.49184949,0 22.64020690,-17.48323549,0 22.64294550,-17.47483869,0 22.64652830,-17.46673999,0 22.65092070,-17.45901729,0 22.65608030,-17.45174509,0 22.66195740,-17.44499329,0 22.66849510,-17.43882689,0 22.67563060,-17.43330519,0 22.68329510,-17.42848139,0 22.69141480,-17.42440169,0 22.69991150,-17.42110549,0 22.70870340,-17.41862429,0 22.71770600,-17.41698199,0 22.72683260,-17.41619429,0 22.73599550,-17.41626879,0 22.74510660,-17.41720469,0 22.75407820,-17.41899299,0 22.76282410,-17.42161629,0 22.77126030,-17.42504949,0 22.77930550,-17.42925939,0 22.78688240,-17.43420559,0 22.79391820,-17.43984049,0 22.80034520,-17.44610979,0 22.80610150,-17.45295329,0 22.81113180,-17.46030499,0 22.81538750,-17.46809429,0 22.81882760,-17.47624619,0 22.82141910,-17.48468239,0 22.82313670,-17.49332159,0 22.82396400,-17.50208069,0 22.82389280,-17.51087549,0 22.82292360,-17.51962119,0 22.82106570,-17.52823369,0 22.81833670,-17.53663009,0 22.81476290,-17.54472949,0 22.81037860,-17.55245389,0 22.80522570,-17.55972889,0 22.79935400,-17.56648429,0 22.79281980,-17.57265519,0 22.78568590,-17.57818189,0 22.77802120,-17.58301119,0 22.76989940,-17.58709649,0 22.76139870,-17.59039829,0 22.75260110,-17.59288479,0</coordinates></LinearRing></outerBoundaryIs></Polygon>
<Polygon><tessellate>1</tessellate><outerBoundaryIs><LinearRing><coordinates>14.39479160,-17.38809199,0 14.42391680,-17.37581059,0 14.45353220,-17.35888669,0 14.48737720,-17.34196659,0 14.52333640,-17.31869699,0 14.54541460,-17.30844129,0 14.55205440,-17.30535699,0 14.55361520,-17.30450569,0 14.56120600,-17.30036589,0 14.57334230,-17.29374689,0 14.58903340,-17.29517429,0 14.60150150,-17.29630849,0 14.60576730,-17.31508059,0 14.58016970,-17.34238429,0 14.56225010,-17.35859679,0 14.53450490,-17.38873099,0 14.48920230,-17.38852389,0 14.46314530,-17.38840479,0 14.39479160,-17.38809199,0</coordinates></LinearRing></outerBoundaryIs></Polygon>
<Polygon><tessellate>1</tessellate><outerBoundaryIs><LinearRing><coordinates>14.20400050,-14.14726829,0 14.21191000,-14.16076409,0 14.21785070,-14.17090029,0 14.22418880,-14.18242069,0 14.23247240,-14.22192479,0 14.22929190,-14.27548119,0 14.22009750,-14.29585269,0 14.19256020,-14.31475349,0 14.16548820,-14.34164619,0 14.14077380,-14.36914829,0 14.12080960,-14.39559169,0 14.11633160,-14.40139319,0 14.11531190,-14.40004219,0 14.11401390,-14.39863539,0 14.11351460,-14.39526579,0 14.11177260,-14.38837429,0 14.10981310,-14.38297039,0 14.11133240,-14.37715299,0 14.11242850,-14.37013619,0 14.11281360,-14.36304849,0 14.11248430,-14.35595799,0 14.11144380,-14.34893319,0 14.10970200,-14.34204159,0 14.10873300,-14.33936869,0 14.10978190,-14.33535179,0 14.11087770,-14.32833489,0 14.11126280,-14.32124709,0 14.11093350,-14.31415669,0 14.10989310,-14.30713179,0 14.10815160,-14.30024019,0 14.10572600,-14.29354829,0 14.10263950,-14.28712029,0 14.09892200,-14.28101829,0 14.09460940,-14.27530099,0 14.08974310,-14.27002339,0 14.08437000,-14.26523619,0 14.07854190,-14.26098559,0 14.07231490,-14.25731249,0 14.06574900,-14.25425219,0 14.06551960,-14.25417119,0 14.06746690,-14.25350019,0 14.07405760,-14.25049119,0 14.08031400,-14.24686639,0 14.08617580,-14.24266079,0 14.09158650,-14.23791479,0 14.09649410,-14.23267429,0 14.10085120,-14.22698969,0 14.10461580,-14.22091589,0 14.10775190,-14.21451119,0 14.10928630,-14.21037769,0 14.11327150,-14.20612089,0 14.11727470,-14.20089649,0 14.11977600,-14.19870159,0 14.12468200,-14.19346039,0 14.12903760,-14.18777519,0 14.13280080,-14.18170079,0 14.13593550,-14.17529569,0 14.13841150,-14.16862159,0 14.14020490,-14.16174279,0 14.14129870,-14.15472569,0 14.14168220,-14.14763769,0 14.14135190,-14.14054709,0 14.14114670,-14.13916229,0 14.14117890,-14.13856779,0 14.14084860,-14.13147719,0 14.13980770,-14.12445239,0 14.13887110,-14.12074559,0 14.13980800,-14.11883059,0 14.14016510,-14.11786769,0 14.14029730,-14.11765429,0 14.14343070,-14.11124899,0 14.14590570,-14.10457479,0 14.14769830,-14.09769589,0 14.14879140,-14.09067859,0 14.14917450,-14.08359059,0 14.14884390,-14.07649999,0 14.14780300,-14.06947509,0 14.14750170,-14.06828279,0 14.14646260,-14.06127019,0 14.14472150,-14.05437879,0 14.14229690,-14.04768709,0 14.13921230,-14.04125959,0 14.13549740,-14.03515829,0 14.13118800,-14.02944169,0 14.12634500,-14.02418579,0 14.12627260,-14.02408979,0 14.12574040,-14.02351229,0 14.12536910,-14.02301969,0 14.12362480,-14.02112649,0 14.12368590,-14.01999749,0 14.13881870,-14.03600409,0 14.15797520,-14.06030849,0 14.17125130,-14.08222479,0 14.18386080,-14.10926059,0 14.20054640,-14.14074979,0 14.20400050,-14.14726829,0</coordinates></LinearRing></outerBoundaryIs></Polygon>
<Polygon><tessellate>1</tessellate><outerBoundaryIs><LinearRing><coordinates>14.05507920,-13.86182769,0 14.04824900,-13.85941009,0 14.04803810,-13.85935759,0 14.04724410,-13.85397979,0 14.04550710,-13.84708779,0 14.04308720,-13.84039529,0 14.04000780,-13.83396679,0 14.03629860,-13.82786419,0 14.03599810,-13.82746499,0 14.03543150,-13.82589749,0 14.03543450,-13.82587809,0 14.03582010,-13.81879029,0 14.03549280,-13.81169959,0 14.03497310,-13.80817789,0 14.03541060,-13.80649939,0 14.03650510,-13.79948259,0 14.03689060,-13.79239469,0 14.03668860,-13.78801969,0 14.03693640,-13.78346239,0 14.03678810,-13.78024769,0 14.03703940,-13.77928329,0 14.03813370,-13.77226649,0 14.03851900,-13.76517859,0 14.03819170,-13.75808789,0 14.03724160,-13.75165009,0 14.03745250,-13.74777039,0 14.03740260,-13.74668969,0 14.04028320,-13.75463489,0 14.04180160,-13.77240149,0 14.04477690,-13.80721569,0 14.05534550,-13.84963419,0 14.05964600,-13.86395969,0 14.05507920,-13.86182769,0</coordinates></LinearRing></outerBoundaryIs></Polygon>
<Polygon><tessellate>1</tessellate><outerBoundaryIs><LinearRing><coordinates>21.23074910,-13.09849449,0 21.22875140,-13.11029339,0 21.22794340,-13.11506559,0 21.21997540,-13.12985439,0 21.21807480,-13.13338179,0 21.20512360,-13.14290609,0 21.20400430,-13.14372919,0 21.18869780,-13.14780239,0 21.16982080,-13.14789489,0 21.15810780,-13.15822789,0 21.14925960,-13.15827079,0 21.12920380,-13.15893839,0 21.11208530,-13.15787789,0 21.10697830,-13.15337439,0 21.09663200,-13.14425089,0 21.09627630,-13.13793819,0 21.09534250,-13.12136769,0 21.09524920,-13.11971089,0 21.10221290,-13.10597799,0 21.11509130,-13.09392929,0 21.13626860,-13.08697799,0 21.15815540,-13.09429359,0 21.18057630,-13.09475329,0 21.20652960,-13.09462359,0 21.21892550,-13.09570219,0 21.23074910,-13.09849449,0</coordinates></LinearRing></outerBoundaryIs></Polygon>
<Polygon><tessellate>1</tessellate><outerBoundaryIs><LinearRing><coordinates>20.80096660,-12.73937559,0 20.80466270,-12.74926469,0 20.80841990,-12.76242919,0 20.80889510,-12.76409439,0 20.81020280,-12.77435919,0 20.81202130,-12.78863429,0 20.81799510,-12.79946139,0 20.82162860,-12.81314949,0 20.82410810,-12.82969859,0 20.83074190,-12.85022829,0 20.83077530,-12.85464269,0 20.83080670,-12.85879139,0 20.80730820,-12.86972899,0 20.78663830,-12.86409569,0 20.77238080,-12.84654819,0 20.76998710,-12.84360219,0 20.75210380,-12.81511779,0 20.74490740,-12.79744429,0 20.73007200,-12.78265089,0 20.71469500,-12.77471069,0 20.70281410,-12.76104739,0 20.70393470,-12.75974389,0 20.71216770,-12.75016779,0 20.71368590,-12.74935699,0 20.73153880,-12.73982139,0 20.73688400,-12.73557009,0 20.75028610,-12.72491069,0 20.77083590,-12.71512889,0 20.78439520,-12.71622279,0 20.79805560,-12.73158739,0 20.80096660,-12.73937559,0</coordinates></LinearRing></outerBoundaryIs></Polygon>
<Polygon><tessellate>1</tessellate><outerBoundaryIs><LinearRing><coordinates>13.41300300,-12.59547999,0 13.39639570,-12.60199549,0 13.38397310,-12.60237289,0 13.38885500,-12.59834669,0 13.39508530,-12.58845899,0 13.40744880,-12.57538989,0 13.42283540,-12.56397339,0 13.43277260,-12.55689909,0 13.44345090,-12.54705329,0 13.44842450,-12.54415939,0 13.45116470,-12.54662819,0 13.45431570,-12.54895229,0 13.43836980,-12.56001569,0 13.42389580,-12.57913969,0 13.41300300,-12.59547999,0</coordinates></LinearRing></outerBoundaryIs></Polygon>
<Polygon><tessellate>1</tessellate><outerBoundaryIs><LinearRing><coordinates>20.76699640,-12.50728799,0 20.75623700,-12.48448369,0 20.75551030,-12.46506879,0 20.77364920,-12.45015619,0 20.80603030,-12.45117859,0 20.82903480,-12.45794489,0 20.84933140,-12.46370909,0 20.85085870,-12.46414279,0 20.85756500,-12.46615639,0 20.87150760,-12.47034259,0 20.88748930,-12.48227209,0 20.89700430,-12.48365189,0 20.90281300,-12.48449419,0 20.90288730,-12.49420259,0 20.89946750,-12.50906369,0 20.89542390,-12.51935859,0 20.88304640,-12.52664349,0 20.87490840,-12.53143309,0 20.87026410,-12.54001809,0 20.87216190,-12.55771449,0 20.87759020,-12.57482239,0 20.89183810,-12.59018419,0 20.90258600,-12.60955519,0 20.90861700,-12.62837509,0 20.90272940,-12.63925529,0 20.89932630,-12.64554409,0 20.88525530,-12.65438609,0 20.87646290,-12.65991119,0 20.85418700,-12.67427249,0 20.83519890,-12.66491499,0 20.83349610,-12.66407589,0 20.83254210,-12.66280539,0 20.81981470,-12.64585589,0 20.81818880,-12.64167679,0 20.80961040,-12.61962699,0 20.79996110,-12.58825589,0 20.79771150,-12.58295919,0 20.78857990,-12.56145859,0 20.78825140,-12.56070119,0 20.78299550,-12.54858579,0 20.77720260,-12.53523249,0 20.77481750,-12.52870219,0 20.77007050,-12.51570479,0 20.76699640,-12.50728799,0</coordinates></LinearRing></outerBoundaryIs></Polygon>
<Polygon><tessellate>1</tessellate><outerBoundaryIs><LinearRing><coordinates>13.56062270,-12.44929999,0 13.57847210,-12.46060089,0 13.57094820,-12.47405419,0 13.56944830,-12.46803259,0 13.56705190,-12.46133719,0 13.56399930,-12.45490489,0 13.56062270,-12.44929999,0</coordinates></LinearRing></outerBoundaryIs></Polygon>
<Polygon><tessellate>1</tessellate><outerBoundaryIs><LinearRing><coordinates>13.54277740,-12.35961739,0 13.54345890,-12.36142829,0 13.54603200,-12.36072249,0 13.54850790,-12.35346319,0 13.54903980,-12.35289189,0 13.55007370,-12.35203769,0 13.55426980,-12.35596559,0 13.54894220,-12.36898219,0 13.54789260,-12.37048149,0 13.54844760,-12.37086659,0 13.54315760,-12.39249129,0 13.53927040,-12.41297719,0 13.54019070,-12.41694259,0 13.54350540,-12.43122539,0 13.54012810,-12.42873539,0 13.53395480,-12.42505319,0 13.52744410,-12.42198329,0 13.52065880,-12.41955529,0 13.51366410,-12.41779249,0 13.50652740,-12.41671189,0 13.49931740,-12.41632379,0 13.49831940,-12.41636639,0 13.50623230,-12.40435029,0 13.51460360,-12.39053729,0 13.52132890,-12.37693879,0 13.53222370,-12.36754989,0 13.54262920,-12.35977649,0 13.54277740,-12.35961739,0</coordinates></LinearRing></outerBoundaryIs></Polygon>
<Polygon><tessellate>1</tessellate><outerBoundaryIs><LinearRing><coordinates>22.80050470,-12.63764289,0 22.79932020,-12.59539699,0 22.79883960,-12.56113719,0 22.81744000,-12.54381279,0 22.84918210,-12.54005719,0 22.88678740,-12.53452209,0 22.91912460,-12.53132339,0 22.95545770,-12.51951219,0 23.00815390,-12.49952129,0 23.00858290,-12.49927939,0 23.01280980,-12.49689669,0 23.00628470,-12.49268909,0 23.01200620,-12.48063689,0 23.01827620,-12.46742919,0 23.02283600,-12.46215319,0 23.03621670,-12.44667049,0 23.06294060,-12.42295929,0 23.08447460,-12.40672679,0 23.10758210,-12.37791059,0 23.11235060,-12.36729259,0 23.11372670,-12.36422839,0 23.12124630,-12.34748459,0 23.12495040,-12.32002739,0 23.13498500,-12.28335949,0 23.14609720,-12.24653819,0 23.14674760,-12.24438669,0 23.14612290,-12.24115279,0 23.14036180,-12.21133039,0 23.12746050,-12.17492099,0 23.11914250,-12.13046259,0 23.10048100,-12.10154249,0 23.07730480,-12.04582409,0 23.06908610,-12.00707339,0 23.06042480,-11.97803689,0 23.07107120,-11.94753969,0 23.07563970,-11.93445299,0 23.10270500,-11.89758869,0 23.11010170,-11.89134929,0 23.14389230,-11.86284539,0 23.18270490,-11.82698149,0 23.20923810,-11.79525379,0 23.24257090,-11.74801829,0 23.26920510,-11.72371009,0 23.27053310,-11.72240869,0 23.27583170,-11.71721619,0 23.29812050,-11.69537349,0 23.30020940,-11.69219309,0 23.31589510,-11.66831019,0 23.32463070,-11.62650009,0 23.33109470,-11.58985899,0 23.32421880,-11.56309029,0 23.31925490,-11.55142879,0 23.30776600,-11.52443789,0 23.29905890,-11.49312019,0 23.28627590,-11.46356389,0 23.26914020,-11.41806219,0 23.26341820,-11.38956359,0 23.25169180,-11.35199549,0 23.23811150,-11.30816169,0 23.21792980,-11.25412079,0 23.21498680,-11.21530439,0 23.21858980,-11.18269539,0 23.23563390,-11.14764399,0 23.26982880,-11.12324329,0 23.29239460,-11.10469059,0 23.31083680,-11.08504299,0 23.32581710,-11.06886479,0 23.34827420,-11.04402539,0 23.36194990,-11.01986309,0 23.36420980,-10.98586349,0 23.37748340,-10.97875209,0 23.40625950,-10.95672799,0 23.43347550,-10.94770339,0 23.46771620,-10.94103809,0 23.47593720,-10.94133079,0 23.50556950,-10.94626519,0 23.53416630,-10.95785999,0 23.53459300,-10.95797069,0 23.54260440,-10.96291919,0 23.56548350,-10.97925849,0 23.57620620,-10.98950289,0 23.58467820,-10.99296649,0 23.58634760,-10.99415869,0 23.58912120,-10.99345629,0 23.60040660,-10.99417689,0 23.62905690,-10.99057959,0 23.63649750,-10.99359129,0 23.65067480,-11.00306129,0 23.66440200,-11.00723929,0 23.67208290,-11.00818249,0 23.68140030,-11.00682639,0 23.68514820,-11.00617029,0 23.69304850,-11.00478739,0 23.70212750,-11.00663379,0 23.70794110,-11.00781629,0 23.71749690,-11.00485039,0 23.73055270,-10.99775409,0 23.73731800,-10.99294089,0 23.74546810,-10.99227049,0 23.76338390,-10.99737359,0 23.78082660,-11.00615599,0 23.80152940,-11.02067509,0 23.80466270,-11.02558419,0 23.81707380,-11.03864669,0 23.84057620,-11.03977869,0 23.85472110,-11.03842639,0 23.88862990,-11.01886179,0 23.91235540,-10.98246859,0 23.91635170,-10.97322779,0 23.91663740,-10.97308729,0 23.92572780,-10.96666429,0 23.94460680,-10.95496649,0 23.96046450,-10.93843359,0 23.97027020,-10.92119979,0 23.97308920,-10.90533449,0 23.97962000,-10.89683439,0 23.98707580,-10.89224619,0 23.98852200,-10.89213359,0 23.99294320,-10.89525389,0 23.98659130,-10.90374569,0 23.98657610,-10.91340639,0 23.99098780,-10.92054269,0 24.00098420,-10.92837909,0 24.00282100,-10.92952729,0 24.01168250,-10.93506529,0 24.01563450,-10.93898109,0 24.01798060,-10.94340319,0 24.02027700,-10.94772909,0 24.01513670,-10.96060089,0 24.02118490,-10.96452049,0 24.02560040,-10.96935649,0 24.02559280,-10.97554489,0 24.02558710,-10.97901629,0 24.02020070,-11.00109099,0 24.01645090,-11.01787569,0 24.01387020,-11.03098299,0 24.01151280,-11.04961009,0 24.01358800,-11.06502529,0 24.01456830,-11.06811239,0 24.01765240,-11.07780279,0 24.01677890,-11.08331489,0 24.01895320,-11.08786529,0 24.01866530,-11.09562399,0 24.01306720,-11.10136699,0 24.00769810,-11.10986799,0 24.00617980,-11.11812779,0 24.00558470,-11.12136749,0 24.00650980,-11.12596889,0 24.00922410,-11.12780789,0 24.00755880,-11.13222889,0 24.02074050,-11.13934419,0 24.03184650,-11.13884439,0 24.03512760,-11.14970209,0 24.03710180,-11.16645739,0 24.03393360,-11.18777559,0 24.03628800,-11.20903499,0 24.03596120,-11.22077939,0 24.03473850,-11.26287269,0 24.03705020,-11.27552699,0 24.04007150,-11.28220179,0 24.04194990,-11.28487249,0 24.04165460,-11.29733939,0 24.05117420,-11.30758379,0 24.05657390,-11.31283469,0 24.06770900,-11.34307289,0 24.07216640,-11.36545469,0 24.07465930,-11.38181689,0 24.08135630,-11.40044609,0 24.08110620,-11.40133669,0 24.05444530,-11.40944579,0 24.02121160,-11.42078019,0 23.99688910,-11.43826769,0 23.96728520,-11.45582869,0 23.94651790,-11.47554779,0 23.91834070,-11.47480109,0 23.91115190,-11.49946779,0 23.90757220,-11.52559819,0 23.90699580,-11.52980609,0 23.91190910,-11.53049649,0 23.92087550,-11.53175639,0 23.93288040,-11.53344349,0 23.95506290,-11.52684689,0 23.97897340,-11.51850989,0 23.99751850,-11.50567719,0 24.01663970,-11.49226279,0 24.02536600,-11.48598939,0 24.02511600,-11.48813249,0 24.02676960,-11.50694469,0 24.03431130,-11.51403809,0 24.03647730,-11.52033919,0 24.03647230,-11.52395629,0 24.02740030,-11.54538389,0 24.02516750,-11.54742529,0 24.01711460,-11.56003859,0 24.01345180,-11.56818089,0 24.01307680,-11.56877799,0 24.00348850,-11.58394529,0 24.00199540,-11.58921379,0 23.99823760,-11.59527209,0 23.99444200,-11.60157009,0 23.98904610,-11.61809349,0 23.99070740,-11.63489719,0 23.97570800,-11.64321519,0 23.97545030,-11.65017999,0 23.97117040,-11.65566249,0 23.97228620,-11.65919879,0 23.97500030,-11.66233739,0 23.97399900,-11.68939399,0 23.97968290,-11.70435619,0 23.98321530,-11.71472549,0 23.99226190,-11.72200679,0 23.99189380,-11.71334739,0 23.99609530,-11.71799109,0 23.99725510,-11.73528769,0 23.99652860,-11.73959059,0 24.00119780,-11.77843859,0 24.00640300,-11.79040529,0 24.01562310,-11.80440809,0 24.00840380,-11.81565669,0 24.01398850,-11.83317469,0 24.01322960,-11.83655359,0 23.98084260,-11.85098459,0 23.92341800,-11.89235309,0 23.91464610,-11.89845369,0 23.91536710,-11.90217779,0 23.92516520,-11.92432019,0 23.93108370,-11.95965669,0 23.93316460,-12.01046749,0 23.93254090,-12.04132369,0 23.92122270,-12.06604479,0 23.90711780,-12.09937379,0 23.88195990,-12.13970949,0 23.87001800,-12.16272159,0 23.85937880,-12.19314189,0 23.86657180,-12.23150029,0 23.86781880,-12.23815059,0 23.88770110,-12.25245159,0 23.88807680,-12.25272179,0 23.90664480,-12.27131269,0 23.91597560,-12.29974169,0 23.92305560,-12.33391379,0 23.92996790,-12.35837749,0 23.93208890,-12.37833879,0 23.93222780,-12.38217049,0 23.93324850,-12.41030689,0 23.93206600,-12.44287869,0 23.92839430,-12.46805949,0 23.90972330,-12.47745799,0 23.89209750,-12.47941589,0 23.88340190,-12.45383449,0 23.87528610,-12.42767619,0 23.86837960,-12.40321159,0 23.85064130,-12.36518759,0 23.84078600,-12.34019279,0 23.81097220,-12.31775279,0 23.78027340,-12.31188579,0 23.74914740,-12.31515979,0 23.72280120,-12.32293699,0 23.72145840,-12.34751419,0 23.73258020,-12.37820909,0 23.74819180,-12.39627739,0 23.77174760,-12.39710329,0 23.78903960,-12.41000749,0 23.80361180,-12.43551059,0 23.80232430,-12.46294119,0 23.81171040,-12.49479769,0 23.84526250,-12.49433989,0 23.84856610,-12.51485439,0 23.82910160,-12.54653169,0 23.80138400,-12.57774729,0 23.77908330,-12.61631199,0 23.75490570,-12.64861769,0 23.75029540,-12.66188349,0 23.74414240,-12.67958799,0 23.73975180,-12.69222159,0 23.72274970,-12.73127839,0 23.69200520,-12.75966639,0 23.67319450,-12.76591239,0 23.66668050,-12.76807529,0 23.65977670,-12.77036759,0 23.65602530,-12.77010099,0 23.64634060,-12.76941259,0 23.63263510,-12.76843829,0 23.62779620,-12.76107789,0 23.60764150,-12.74729599,0 23.60156820,-12.74314309,0 23.59225220,-12.73457099,0 23.57463840,-12.71836379,0 23.54817960,-12.72155669,0 23.52493100,-12.70529169,0 23.49554250,-12.67368319,0 23.47052760,-12.65686319,0 23.44595340,-12.63090039,0 23.46428680,-12.59926319,0 23.49464230,-12.58289429,0 23.52203370,-12.56541629,0 23.55074120,-12.55648519,0 23.58502960,-12.52920529,0 23.61594960,-12.51224419,0 23.64206500,-12.48963169,0 23.63514520,-12.46345039,0 23.60762210,-12.43696399,0 23.58554270,-12.41897199,0 23.57785880,-12.40840869,0 23.56084630,-12.38502119,0 23.56896020,-12.34208009,0 23.57608980,-12.31413419,0 23.57623620,-12.31356039,0 23.57890130,-12.30311389,0 23.57839970,-12.29862979,0 23.55366520,-12.30686469,0 23.52427670,-12.34436319,0 23.49269680,-12.39216609,0 23.47387310,-12.42895509,0 23.45285220,-12.47547719,0 23.43519590,-12.51224709,0 23.40773200,-12.56170079,0 23.37904360,-12.60887809,0 23.35312840,-12.64574149,0 23.32020760,-12.68725299,0 23.28077510,-12.72712519,0 23.23653600,-12.76190759,0 23.19375420,-12.77725029,0 23.16946520,-12.78637209,0 23.14043240,-12.79727549,0 23.11995700,-12.80721569,0 23.08322910,-12.83389469,0 23.07121240,-12.85271109,0 23.05788800,-12.87357519,0 23.05105390,-12.87813479,0 23.03214840,-12.89074799,0 23.01098930,-12.90486049,0 23.01002120,-12.90550609,0 22.98378750,-12.92577549,0 22.92983630,-12.94576929,0 22.89757730,-12.95753099,0 22.86709980,-12.97041229,0 22.83753780,-12.96501159,0 22.82081220,-12.94976899,0 22.81453510,-12.93608759,0 22.81168750,-12.92988009,0 22.80872760,-12.89420409,0 22.80813790,-12.88709549,0 22.80482860,-12.86143489,0 22.79514900,-12.83568489,0 22.79135890,-12.82560249,0 22.79274180,-12.79818059,0 22.78930660,-12.76338389,0 22.79165580,-12.74043429,0 22.79293440,-12.72794339,0 22.79740610,-12.70464499,0 22.80171970,-12.68217089,0 22.80050470,-12.63764289,0</coordinates></LinearRing></outerBoundaryIs></Polygon>
<Polygon><tessellate>1</tessellate><outerBoundaryIs><LinearRing><coordinates>12.84703250,-7.12846329,0 12.84719110,-7.12162599,0 12.84819410,-7.11893609,0 12.84842490,-7.10836739,0 12.84750560,-7.10055539,0 12.84112640,-7.08080009,0 12.83830550,-7.07206109,0 12.83669570,-7.05735589,0 12.83232500,-7.04632469,0 12.82999660,-7.02750699,0 12.83624740,-7.01637549,0 12.83274750,-7.00808289,0 12.82987750,-7.00317099,0 12.82673250,-6.99263399,0 12.82129000,-6.97439959,0 12.81740570,-6.96490529,0 12.81416030,-6.96152729,0 12.81373500,-6.96110979,0 12.81026650,-6.95457409,0 12.80639860,-6.95390839,0 12.80127910,-6.94888309,0 12.79805950,-6.94658369,0 12.79593180,-6.94127609,0 12.79529950,-6.93509239,0 12.79138950,-6.93417169,0 12.78673220,-6.92851969,0 12.78494830,-6.92635489,0 12.77598090,-6.90635819,0 12.76080040,-6.88842539,0 12.74953460,-6.86313959,0 12.74148650,-6.85141519,0 12.72584820,-6.83623839,0 12.72313310,-6.83463429,0 12.72078800,-6.83324809,0 12.71434880,-6.82589009,0 12.70032410,-6.80450819,0 12.68743250,-6.79169549,0 12.68715100,-6.79200299,0 12.68054740,-6.79792829,0 12.67339450,-6.80317789,0 12.66576100,-6.80770129,0 12.65772070,-6.81145489,0 12.64935090,-6.81440239,0 12.64073240,-6.81651559,0 12.63194810,-6.81777409,0 12.62308270,-6.81816579,0 12.61422170,-6.81768679,0 12.60545040,-6.81634189,0 12.59685340,-6.81414399,0 12.58851350,-6.81111429,0 12.58051090,-6.80728209,0 12.57292290,-6.80268409,0 12.56582240,-6.79736489,0 12.55927790,-6.79137549,0 12.55335240,-6.78477379,0 12.54810300,-6.77762329,0 12.54358000,-6.76999289,0 12.53982720,-6.76195609,0 12.53688050,-6.75359029,0 12.53476820,-6.74497609,0 12.53351080,-6.73619639,0 12.53312030,-6.72733579,0 12.53360030,-6.71847959,0 12.53494610,-6.70971299,0 12.53714490,-6.70112049,0 12.54017540,-6.69278479,0 12.54400830,-6.68478609,0 12.54860680,-6.67720139,0 12.55392650,-6.67010379,0 12.55991630,-6.66356159,0 12.56585120,-6.65823639,0 12.56357720,-6.65472329,0 12.55735380,-6.64510879,0 12.55617620,-6.64328959,0 12.55348610,-6.62801049,0 12.55342390,-6.62765689,0 12.55043700,-6.62052919,0 12.54479310,-6.61342759,0 12.54239270,-6.61040879,0 12.53719810,-6.59833189,0 12.53527160,-6.59385299,0 12.52447130,-6.58074189,0 12.50815870,-6.55130479,0 12.49805160,-6.53129719,0 12.49139400,-6.51129289,0 12.48682120,-6.50197029,0 12.47210220,-6.47196479,0 12.45452020,-6.43888469,0 12.42846580,-6.38985299,0 12.41238780,-6.36592719,0 12.39861580,-6.33326769,0 12.37496660,-6.28956029,0 12.36810490,-6.27917669,0 12.36371420,-6.27253439,0 12.35613540,-6.26401999,0 12.34167190,-6.23848299,0 12.31319520,-6.20350269,0 12.31004710,-6.19815589,0 12.30493160,-6.18946789,0 12.30483730,-6.18933469,0 12.29550550,-6.17615559,0 12.29541010,-6.17602089,0 12.30042650,-6.17590089,0 12.30927750,-6.18245839,0 12.30622860,-6.16700979,0 12.30530670,-6.15972689,0 12.30771260,-6.15934939,0 12.31349110,-6.15221629,0 12.31865880,-6.15797659,0 12.32750610,-6.16499279,0 12.33500290,-6.16969159,0 12.32969570,-6.15122599,0 12.32156160,-6.14225379,0 12.32385260,-6.13942579,0 12.32937340,-6.13742349,0 12.33059830,-6.13736989,0 12.33875560,-6.13822889,0 12.34289070,-6.14053249,0 12.34610940,-6.13892649,0 12.34569510,-6.13740209,0 12.35427860,-6.13844159,0 12.36063190,-6.14335539,0 12.37538340,-6.15435649,0 12.37506480,-6.16378209,0 12.36694050,-6.17655179,0 12.37682670,-6.18404159,0 12.37844280,-6.18526599,0 12.37636900,-6.19392829,0 12.37558940,-6.19718459,0 12.37762590,-6.19864889,0 12.38536740,-6.20421549,0 12.38702580,-6.21809819,0 12.39513870,-6.21193409,0 12.38953880,-6.19852159,0 12.38461110,-6.18672609,0 12.38597850,-6.18095919,0 12.38841630,-6.17067809,0 12.38473510,-6.15654899,0 12.38301090,-6.14571619,0 12.37003990,-6.13956929,0 12.36119170,-6.13255359,0 12.37079330,-6.13244959,0 12.38561920,-6.13586379,0 12.40366740,-6.13701819,0 12.41803170,-6.13473269,0 12.41737840,-6.12393379,0 12.43529130,-6.12392139,0 12.44783780,-6.12868549,0 12.45415880,-6.13865899,0 12.46531770,-6.14478489,0 12.47495650,-6.14215369,0 12.46247580,-6.12956859,0 12.45706650,-6.12006569,0 12.47134690,-6.10990329,0 12.48254390,-6.11165809,0 12.48981570,-6.11773399,0 12.50127890,-6.14203739,0 12.52252960,-6.14645809,0 12.52411640,-6.14669659,0 12.54264930,-6.14948129,0 12.55887410,-6.15314529,0 12.57285020,-6.15171769,0 12.58661460,-6.14867689,0 12.59597020,-6.15248159,0 12.61515430,-6.15848349,0 12.63302710,-6.15733669,0 12.64680390,-6.15291309,0 12.63426020,-6.14653589,0 12.60910220,-6.14298819,0 12.58783910,-6.13948869,0 12.56810090,-6.14498329,0 12.54680110,-6.14090969,0 12.54615780,-6.14078659,0 12.53251360,-6.13703819,0 12.51896670,-6.13490769,0 12.50619130,-6.13013939,0 12.50784870,-6.12372209,0 12.50926110,-6.11913919,0 12.49902060,-6.11210349,0 12.49958420,-6.09968999,0 12.50959400,-6.10695079,0 12.50999530,-6.10705849,0 12.51206020,-6.11402229,0 12.51665500,-6.11862519,0 12.52492710,-6.12093159,0 12.51620010,-6.10873749,0 12.51619510,-6.10872269,0 12.52580930,-6.11130329,0 12.53977110,-6.11125469,0 12.52336790,-6.10207079,0 12.52024360,-6.09282729,0 12.53857520,-6.09030579,0 12.55307010,-6.08152059,0 12.55968190,-6.08482689,0 12.55660340,-6.09720949,0 12.57345960,-6.10686209,0 12.59125520,-6.11399409,0 12.60223390,-6.11551759,0 12.60709950,-6.10844759,0 12.58428480,-6.09917969,0 12.56945040,-6.09346529,0 12.58507820,-6.08630509,0 12.58704670,-6.08366299,0 12.58929440,-6.08419179,0 12.58814250,-6.08219219,0 12.59017090,-6.07946969,0 12.59618760,-6.07172389,0 12.60392860,-6.07688669,0 12.61280630,-6.08298109,0 12.62632080,-6.08223579,0 12.64230350,-6.08750389,0 12.65328980,-6.08787629,0 12.66222290,-6.08752919,0 12.67643360,-6.08587309,0 12.68277550,-6.07973379,0 12.67947010,-6.07602689,0 12.67427060,-6.07019619,0 12.66193290,-6.06681489,0 12.65729810,-6.07365939,0 12.64630320,-6.07420869,0 12.62728500,-6.07626719,0 12.61318210,-6.06526949,0 12.60266780,-6.06329389,0 12.61238380,-6.05076459,0 12.61339350,-6.05022479,0 12.62055970,-6.05501129,0 12.63067250,-6.05616859,0 12.63761040,-6.06159449,0 12.64009090,-6.06353379,0 12.64422700,-6.06353659,0 12.65112400,-6.05687239,0 12.65710160,-6.04698939,0 12.65786020,-6.04641499,0 12.66300580,-6.04749919,0 12.67515850,-6.04512359,0 12.68012810,-6.05347159,0 12.69518090,-6.06102749,0 12.70616720,-6.06139709,0 12.71600150,-6.06313469,0 12.72541900,-6.05934189,0 12.73730850,-6.06179519,0 12.75153260,-6.05852409,0 12.75773720,-6.05561109,0 12.77212050,-6.06131599,0 12.78308110,-6.06536959,0 12.79475400,-6.06643869,0 12.80880260,-6.05648799,0 12.83064460,-6.04571439,0 12.83935450,-6.04490329,0 12.85361580,-6.03679699,0 12.86655430,-6.02222489,0 12.87372020,-6.01356549,0 12.87801720,-6.00967309,0 12.87817760,-6.00962689,0 12.88914380,-6.00448759,0 12.89234920,-6.00320769,0 12.89274650,-6.00330499,0 12.89829440,-6.00466349,0 12.91002460,-5.99813459,0 12.91487150,-5.99356699,0 12.91862200,-5.99239539,0 12.92505650,-5.98618889,0 12.92508810,-5.98609219,0 12.93352130,-5.98000569,0 12.94406600,-5.97898579,0 12.94872380,-5.96845009,0 12.94862900,-5.96776769,0 12.95216940,-5.96550079,0 12.95632930,-5.95836589,0 12.95837310,-5.94687559,0 12.95707610,-5.93931389,0 12.95599770,-5.93467289,0 12.96044450,-5.93060299,0 12.96850680,-5.92425439,0 12.98710060,-5.91849419,0 13.00297740,-5.90832469,0 13.01142980,-5.91188239,0 13.02149960,-5.91315649,0 13.03546140,-5.91470859,0 13.04395200,-5.91273829,0 13.04872470,-5.91047359,0 13.05199620,-5.90892119,0 13.06872750,-5.90796999,0 13.09095570,-5.90731759,0 13.09914680,-5.91593979,0 13.11540030,-5.91797879,0 13.12822820,-5.91882559,0 13.13128280,-5.90711399,0 13.14185430,-5.90240339,0 13.15427020,-5.89587209,0 13.16507240,-5.89116379,0 13.17763420,-5.89010719,0 13.19256970,-5.89126249,0 13.20567230,-5.88496919,0 13.22131350,-5.87593889,0 13.22996620,-5.88479659,0 13.24649050,-5.88130659,0 13.25629430,-5.88971609,0 13.26772790,-5.89376969,0 13.27802660,-5.89642669,0 13.28580860,-5.89859289,0 13.29284380,-5.91019579,0 13.30266190,-5.91630459,0 13.31087970,-5.91702129,0 13.32741930,-5.91682669,0 13.32898620,-5.92329739,0 13.33978460,-5.91927769,0 13.34800240,-5.92536689,0 13.36181160,-5.91654209,0 13.36416910,-5.90550759,0 13.37456230,-5.89295629,0 13.37873840,-5.88447809,0 13.39018630,-5.88737769,0 13.40234090,-5.88682889,0 13.40969090,-5.88461019,0 13.42130280,-5.87746239,0 13.43166730,-5.86974619,0 13.43179600,-5.86969979,0 13.43682480,-5.86959169,0 13.44036560,-5.86951519,0 13.44536400,-5.86940719,0 13.45616630,-5.87075519,0 13.46144290,-5.86866949,0 13.50538990,-5.86875839,0 13.50693040,-5.86876149,0 13.53177360,-5.87834449,0 13.54854680,-5.87898249,0 13.55795290,-5.87527369,0 13.56018350,-5.87509539,0 13.56583470,-5.87464479,0 13.56590480,-5.87463919,0 13.57297520,-5.87407539,0 13.59172730,-5.87631699,0 13.67728840,-5.87587599,0 13.68635370,-5.87582919,0 13.72392230,-5.87563059,0 13.77275290,-5.87537239,0 13.79788240,-5.87523949,0 13.81269840,-5.87516119,0 13.81845350,-5.87513019,0 13.82926850,-5.87507199,0 13.84368790,-5.87092979,0 13.85519980,-5.86762289,0 13.85909370,-5.86461929,0 13.86586730,-5.86227279,0 13.87227060,-5.86183069,0 13.89730360,-5.86003019,0 13.91017150,-5.85740229,0 13.91591840,-5.85562039,0 13.91737300,-5.85552239,0 13.93554310,-5.85751059,0 13.94315150,-5.85834259,0 13.95141890,-5.85785289,0 13.95416550,-5.85531229,0 13.95668170,-5.85423979,0 13.96067520,-5.85253759,0 13.98229480,-5.84332309,0 13.98627280,-5.84162759,0 13.98840670,-5.84337989,0 13.98852730,-5.84100739,0 13.98984360,-5.83222949,0 13.99201260,-5.82362309,0 13.99501340,-5.81527099,0 13.99881700,-5.80725359,0 14.00338690,-5.79964819,0 14.00867890,-5.79252789,0 14.01464220,-5.78596129,0 14.02121930,-5.78001159,0 14.02834690,-5.77473619,0 14.03595630,-5.77018569,0 14.04397430,-5.76640399,0 14.05232370,-5.76342759,0 14.06092410,-5.76128499,0 14.06969280,-5.75999689,0 14.07854530,-5.75957579,0 14.08739640,-5.76002549,0 14.09616090,-5.76134199,0 14.10475450,-5.76351239,0 14.11309440,-5.76651589,0 14.12110030,-5.77032359,0 14.12869510,-5.77489879,0 14.13580580,-5.78019749,0 14.14236390,-5.78616869,0 14.14830610,-5.79275489,0 14.15357520,-5.79989259,0 14.15812060,-5.80751329,0 14.16189830,-5.81554339,0 14.16487200,-5.82390569,0 14.16701300,-5.83251959,0 14.16830060,-5.84130219,0 14.16872250,-5.85016889,0 14.16827440,-5.85903429,0 14.16706310,-5.86712929,0 14.17725750,-5.86160799,0 14.19162120,-5.86795019,0 14.19251530,-5.86834499,0 14.19261740,-5.86850689,0 14.19727040,-5.87558129,0 14.20446180,-5.87445299,0 14.22350930,-5.88482229,0 14.23159310,-5.88922309,0 14.24331000,-5.88917639,0 14.26168960,-5.88674129,0 14.28151420,-5.88411469,0 14.29520030,-5.88230089,0 14.30966030,-5.88510649,0 14.31502440,-5.88731999,0 14.32466220,-5.89157439,0 14.33040520,-5.89209409,0 14.33753110,-5.89193679,0 14.35602700,-5.89410299,0 14.36312480,-5.89548019,0 14.36602020,-5.89604139,0 14.40636160,-5.89827869,0 14.45862960,-5.90117549,0 14.47562410,-5.89972399,0 14.48732760,-5.89691449,0 14.48825980,-5.89652309,0 14.50255200,-5.89660219,0 14.53121870,-5.89548569,0 14.55498410,-5.90097429,0 14.59513850,-5.91024729,0 14.61075970,-5.90971899,0 14.64401250,-5.89738369,0 14.65257640,-5.89566229,0 14.65571880,-5.89503099,0 14.69378740,-5.88274339,0 14.70629690,-5.88264369,0 14.72584780,-5.88109089,0 14.77666280,-5.88119169,0 14.79297920,-5.88122369,0 14.80452350,-5.88124509,0 14.90006830,-5.87642719,0 14.90288260,-5.87659689,0 14.91063980,-5.87706609,0 14.96136860,-5.87348029,0 15.00000000,-5.87330059,0 15.02908330,-5.87324949,0 15.08410450,-5.87314869,0 15.11002920,-5.87310119,0 15.11726090,-5.87172989,0 15.12090990,-5.87234379,0 15.12496090,-5.87302539,0 15.15507600,-5.87312079,0 15.19550610,-5.87324329,0 15.23998210,-5.87337809,0 15.26879380,-5.87346539,0 15.28142070,-5.87350369,0 15.34700770,-5.87369509,0 15.35040690,-5.87372249,0 15.38252190,-5.87487209,0 15.40772910,-5.87577439,0 15.41697310,-5.87610439,0 15.51749450,-5.87683019,0 15.52587220,-5.87689069,0 15.53403850,-5.87624219,0 15.55388740,-5.87466529,0 15.66024110,-5.87048959,0 15.67010590,-5.87010149,0 15.67308900,-5.87022739,0 15.70848270,-5.87172219,0 15.70858740,-5.87173189,0 15.76039390,-5.87654669,0 15.78112410,-5.87847329,0 15.78621010,-5.87894539,0 15.79317870,-5.87959239,0 15.79468350,-5.87973209,0 15.83900840,-5.87947129,0 15.84614180,-5.87942929,0 15.85694790,-5.88074539,0 15.86268040,-5.87910179,0 15.91220760,-5.87870689,0 15.97731490,-5.87818339,0 15.99994180,-5.87712719,0 16.02145020,-5.87612239,0 16.03848460,-5.87532659,0 16.07358970,-5.87368479,0 16.07928660,-5.87341829,0 16.11788560,-5.87386849,0 16.13831900,-5.87190059,0 16.16014670,-5.87222389,0 16.16467860,-5.87196109,0 16.23421030,-5.86791989,0 16.24901960,-5.86705919,0 16.29087260,-5.86621479,0 16.36594010,-5.86469319,0 16.38433650,-5.86756179,0 16.39127540,-5.87418599,0 16.39638520,-5.88243149,0 16.40446850,-5.88835809,0 16.40759090,-5.88954209,0 16.41460420,-5.89220089,0 16.44334980,-5.89615009,0 16.45460700,-5.89630509,0 16.46262550,-5.89303299,0 16.47817610,-5.88280919,0 16.49517250,-5.88200519,0 16.50433350,-5.87803459,0 16.51168820,-5.87844469,0 16.51668930,-5.88258219,0 16.52023700,-5.88551709,0 16.52559660,-5.88786979,0 16.53106880,-5.89027309,0 16.54648400,-5.89315889,0 16.56287770,-5.90477709,0 16.56932830,-5.90726329,0 16.57284640,-5.90784449,0 16.57102200,-5.92318529,0 16.56785390,-5.94097329,0 16.56879430,-5.94860889,0 16.58167270,-5.95214409,0 16.59063910,-5.95473429,0 16.58217620,-5.96925739,0 16.58794780,-5.97853659,0 16.59247210,-5.98346229,0 16.59650040,-5.99800399,0 16.59882930,-6.00957679,0 16.59954260,-6.01906059,0 16.59543610,-6.03129339,0 16.59362030,-6.03984019,0 16.60580250,-6.04036569,0 16.60736960,-6.03979229,0 16.60767360,-6.04063219,0 16.60631560,-6.04546689,0 16.60015110,-6.05446049,0 16.59902190,-6.05883499,0 16.60018920,-6.06273889,0 16.60044540,-6.06304389,0 16.59933660,-6.06487849,0 16.61713220,-6.06840179,0 16.63069730,-6.06985859,0 16.63191600,-6.06994479,0 16.63034250,-6.07342199,0 16.62529370,-6.07528209,0 16.60805890,-6.07535409,0 16.60532760,-6.08134459,0 16.60672570,-6.08570719,0 16.60810980,-6.08740679,0 16.61157800,-6.09166569,0 16.61917110,-6.09370419,0 16.62270790,-6.09380549,0 16.63319210,-6.09410569,0 16.63903210,-6.09560389,0 16.63857460,-6.09625769,0 16.64411170,-6.09706119,0 16.64792630,-6.09979299,0 16.64840320,-6.10370019,0 16.64910700,-6.10691549,0 16.64884540,-6.10853369,0 16.64821430,-6.11243869,0 16.64295010,-6.11728949,0 16.64251330,-6.12258009,0 16.64552310,-6.12739559,0 16.64782330,-6.12784669,0 16.65195080,-6.12576009,0 16.65585880,-6.12503219,0 16.65952870,-6.12434859,0 16.66266350,-6.12654219,0 16.66344830,-6.12709139,0 16.66739460,-6.13535259,0 16.67062380,-6.13786839,0 16.68705820,-6.13927419,0 16.68855670,-6.13940239,0 16.69778060,-6.14603139,0 16.70264050,-6.15336939,0 16.70724870,-6.15564869,0 16.71370700,-6.16091009,0 16.71878050,-6.16456749,0 16.72154430,-6.16593549,0 16.72202680,-6.17053129,0 16.71998410,-6.17628859,0 16.72114940,-6.17996309,0 16.72919870,-6.18794259,0 16.72430420,-6.19218019,0 16.71121790,-6.19997599,0 16.70825000,-6.20874689,0 16.71263500,-6.21686079,0 16.71530340,-6.22459529,0 16.71332550,-6.22759249,0 16.71037480,-6.23565239,0 16.71108630,-6.24070789,0 16.71459480,-6.24686809,0 16.71087270,-6.25407459,0 16.70790480,-6.26400139,0 16.70885090,-6.27718349,0 16.71088260,-6.28150849,0 16.70947840,-6.29083779,0 16.71064570,-6.29474159,0 16.71712300,-6.30345059,0 16.71876910,-6.31172079,0 16.71814730,-6.32620809,0 16.72085850,-6.33129409,0 16.72090720,-6.33226679,0 16.71009830,-6.32966899,0 16.69653130,-6.33052439,0 16.69216540,-6.33281419,0 16.68228530,-6.33761879,0 16.68437190,-6.34803149,0 16.69188430,-6.35560969,0 16.69000630,-6.35552599,0 16.68750190,-6.36105489,0 16.68820570,-6.36426969,0 16.69051360,-6.36609889,0 16.69451450,-6.36672729,0 16.69131090,-6.37257189,0 16.68810460,-6.38180159,0 16.68420790,-6.39172219,0 16.69115110,-6.39657109,0 16.68998150,-6.40058709,0 16.69069480,-6.40564199,0 16.69347380,-6.41022829,0 16.70037460,-6.41111849,0 16.71323390,-6.40761519,0 16.71767910,-6.40970809,0 16.71138000,-6.41497799,0 16.70471950,-6.42118499,0 16.70013810,-6.43456889,0 16.71164890,-6.44294979,0 16.71196560,-6.44355129,0 16.71111300,-6.44624659,0 16.71367450,-6.45336199,0 16.71831760,-6.45704229,0 16.71995740,-6.46541399,0 16.71720700,-6.47372249,0 16.71676060,-6.48596999,0 16.72275540,-6.49732729,0 16.72707920,-6.50052669,0 16.72723010,-6.50089069,0 16.73369980,-6.50752969,0 16.73946000,-6.51026339,0 16.74251580,-6.51183849,0 16.74716380,-6.52079629,0 16.75153730,-6.52359289,0 16.75522990,-6.53539939,0 16.74949070,-6.54669619,0 16.74512860,-6.55545759,0 16.74191860,-6.56792309,0 16.73824690,-6.57784409,0 16.74170680,-6.59011079,0 16.75321770,-6.59825849,0 16.76035500,-6.60430429,0 16.76220510,-6.61956829,0 16.76106640,-6.63504739,0 16.75831410,-6.64959479,0 16.75624660,-6.65767339,0 16.76200680,-6.67041399,0 16.76592450,-6.68245219,0 16.76615910,-6.69516419,0 16.76869580,-6.70765689,0 16.77261160,-6.71923259,0 16.78504180,-6.72900099,0 16.79309650,-6.73089119,0 16.80529590,-6.73788399,0 16.80944250,-6.75315809,0 16.81082730,-6.76795529,0 16.81221200,-6.78113559,0 16.81198310,-6.79546209,0 16.81382560,-6.80818179,0 16.82119180,-6.82000399,0 16.83039860,-6.82351639,0 16.84397700,-6.82520059,0 16.84673880,-6.83491989,0 16.84904100,-6.84972099,0 16.85019110,-6.85504149,0 16.85157200,-6.86822029,0 16.85203170,-6.88347479,0 16.85755540,-6.88743019,0 16.86975290,-6.88587189,0 16.87504770,-6.88474269,0 16.88379100,-6.88386109,0 16.89161680,-6.89152479,0 16.90220260,-6.89897109,0 16.90979580,-6.90547799,0 16.91393850,-6.91682049,0 16.91830830,-6.93278649,0 16.91661460,-6.93570259,0 16.91255380,-6.94269469,0 16.91116910,-6.95308729,0 16.91531180,-6.96165659,0 16.92405320,-6.97232819,0 16.92175100,-6.97855569,0 16.91323090,-6.98637099,0 16.90954400,-6.99420929,0 16.91138080,-7.00692699,0 16.91252710,-7.02010249,0 16.91283210,-7.02143439,0 16.89678000,-7.03540039,0 16.89446400,-7.03790119,0 16.88107490,-7.05235859,0 16.87580680,-7.06314129,0 16.87047770,-7.08475689,0 16.86684420,-7.11208959,0 16.86791610,-7.12635369,0 16.86662860,-7.14800789,0 16.86941720,-7.16514019,0 16.87386130,-7.19540119,0 16.87550930,-7.21024179,0 16.87195970,-7.22332379,0 16.86316870,-7.24262999,0 16.85499380,-7.25566859,0 16.83757210,-7.26691009,0 16.81735420,-7.26272769,0 16.79831310,-7.25513319,0 16.77063560,-7.24175309,0 16.74580000,-7.23638009,0 16.71457860,-7.23493479,0 16.69720270,-7.23875569,0 16.67750930,-7.24312209,0 16.65260310,-7.24857569,0 16.62767220,-7.25744819,0 16.60508540,-7.26178169,0 16.57907870,-7.25866409,0 16.55226780,-7.25290989,0 16.54558370,-7.25147529,0 16.52393990,-7.24840109,0 16.51958270,-7.24778219,0 16.48887060,-7.25544259,0 16.48307550,-7.25645779,0 16.47907150,-7.25715919,0 16.46869010,-7.25897779,0 16.45817760,-7.26081939,0 16.44736020,-7.26370539,0 16.43557550,-7.26684949,0 16.41230200,-7.28484729,0 16.40400750,-7.29499049,0 16.40120890,-7.29841279,0 16.39162920,-7.30868819,0 16.37962910,-7.32155989,0 16.36795430,-7.33511919,0 16.35449030,-7.35550169,0 16.34564020,-7.37764739,0 16.34696910,-7.38832619,0 16.35054400,-7.41705369,0 16.35258870,-7.45186899,0 16.36322820,-7.46690139,0 16.36804960,-7.47371339,0 16.38879640,-7.49151739,0 16.39565280,-7.49740119,0 16.40901980,-7.49990129,0 16.42399590,-7.50270219,0 16.42802430,-7.50345559,0 16.43143000,-7.50423909,0 16.45923040,-7.51063439,0 16.49157910,-7.52010439,0 16.52739520,-7.53074789,0 16.53852500,-7.53669079,0 16.54612020,-7.54074639,0 16.54700470,-7.54121879,0 16.59551810,-7.55825999,0 16.62498660,-7.56711669,0 16.64984320,-7.57307149,0 16.66834450,-7.57724949,0 16.68568990,-7.58084389,0 16.70067600,-7.59126039,0 16.72256090,-7.60972979,0 16.72535440,-7.61169939,0 16.74389080,-7.62476919,0 16.75941850,-7.64146419,0 16.76355930,-7.65590499,0 16.76565170,-7.66320229,0 16.78807070,-7.69022989,0 16.79382930,-7.70930839,0 16.79601480,-7.71654889,0 16.79721680,-7.72001439,0 16.79968330,-7.72712579,0 16.80455210,-7.74116329,0 16.80336580,-7.74581399,0 16.79801940,-7.76677469,0 16.79902250,-7.76882479,0 16.80327050,-7.77750689,0 16.81232260,-7.79600759,0 16.81313860,-7.79750509,0 16.82263570,-7.81493429,0 16.82284440,-7.81512999,0 16.83597830,-7.82744699,0 16.84107400,-7.83222579,0 16.84274630,-7.83342259,0 16.86126900,-7.84667869,0 16.89080620,-7.84980489,0 16.89097700,-7.84986419,0 16.91104890,-7.85683819,0 16.92161010,-7.86140169,0 16.93937680,-7.86907859,0 16.95668790,-7.88235759,0 16.97689630,-7.89623399,0 16.98960300,-7.90433549,0 17.00422640,-7.91994489,0 17.00631330,-7.92217249,0 17.01839260,-7.93939779,0 17.01702350,-7.94685279,0 17.01420780,-7.96218539,0 17.02220150,-7.98451189,0 17.02849770,-7.99940349,0 17.03878110,-8.01246319,0 17.04116630,-8.01549239,0 17.06081960,-8.02707579,0 17.06273650,-8.03653019,0 17.06422950,-8.04389399,0 17.06534000,-8.04937169,0 17.07555880,-8.06109529,0 17.07686810,-8.06259729,0 17.07602500,-8.06399939,0 17.07004740,-8.07394179,0 17.06048390,-8.08984849,0 17.05017000,-8.10236009,0 17.04647060,-8.10684779,0 17.07191280,-8.12190629,0 17.08841720,-8.12680719,0 17.09565930,-8.12895769,0 17.10031520,-8.13633299,0 17.10544010,-8.14445109,0 17.10626270,-8.18025899,0 17.10638430,-8.18555259,0 17.10560230,-8.22435569,0 17.11713980,-8.23758129,0 17.13845440,-8.26801199,0 17.14767650,-8.28064539,0 17.15861890,-8.29728979,0 17.17709350,-8.31742099,0 17.18515400,-8.33061699,0 17.21880530,-8.33374499,0 17.24722860,-8.33797069,0 17.27574160,-8.32335569,0 17.29091260,-8.30578229,0 17.29738040,-8.28756709,0 17.30734630,-8.26595589,0 17.32136540,-8.24551869,0 17.33358960,-8.23705199,0 17.35454560,-8.22180269,0 17.37666130,-8.20656109,0 17.39238360,-8.19355389,0 17.39648630,-8.18388179,0 17.38083460,-8.18090919,0 17.36992070,-8.15571589,0 17.37466620,-8.13121029,0 17.37826920,-8.10270309,0 17.37951850,-8.08216669,0 17.38019370,-8.05991549,0 17.38026050,-8.04450799,0 17.38902470,-8.02916619,0 17.40007590,-8.02126029,0 17.42560390,-8.01745699,0 17.44241490,-8.01014989,0 17.44884110,-8.00735659,0 17.46745110,-7.99322699,0 17.47487140,-7.98455819,0 17.47618870,-7.98301939,0 17.48995210,-7.95395609,0 17.49090000,-7.95854189,0 17.48849300,-7.98127889,0 17.48881400,-7.98643489,0 17.48768810,-7.98854969,0 17.48671530,-7.99753519,0 17.48743090,-7.99932479,0 17.48376460,-7.99999999,0 17.48564150,-8.00169089,0 17.48869010,-8.00247419,0 17.49013520,-8.00608829,0 17.49728970,-8.00843999,0 17.50174470,-8.00885539,0 17.50753970,-8.01320079,0 17.51328280,-8.01945779,0 17.52804180,-8.03553099,0 17.53259280,-8.04393859,0 17.53179920,-8.04647859,0 17.52922060,-8.04646209,0 17.52808620,-8.04712429,0 17.52431490,-8.04502109,0 17.51719860,-8.04654119,0 17.51397130,-8.05808929,0 17.50473400,-8.06883809,0 17.50348470,-8.07552239,0 17.50547600,-8.08283329,0 17.51234440,-8.08516789,0 17.52335170,-8.08891009,0 17.52826500,-8.09248829,0 17.52937700,-8.10188289,0 17.54302410,-8.11539269,0 17.56033330,-8.12745089,0 17.56694980,-8.12792299,0 17.58296590,-8.12906459,0 17.58537350,-8.12901599,0 17.59206580,-8.13054179,0 17.60086060,-8.12898159,0 17.62026790,-8.13163659,0 17.62905690,-8.13122939,0 17.64410400,-8.12763119,0 17.65894320,-8.11965179,0 17.67028430,-8.11718369,0 17.68743900,-8.10829349,0 17.69762420,-8.10581779,0 17.71173860,-8.10382649,0 17.72492790,-8.10159869,0 17.73693660,-8.10466579,0 17.74526790,-8.10286999,0 17.75728990,-8.10317039,0 17.76774070,-8.10592439,0 17.77926810,-8.11087579,0 17.78659820,-8.11463829,0 17.79860690,-8.11793609,0 17.80831910,-8.11799139,0 17.81806370,-8.11066819,0 17.82386970,-8.10516739,0 17.82839780,-8.10303019,0 17.83545680,-8.09969899,0 17.84426880,-8.09421439,0 17.86465260,-8.08602709,0 17.88270000,-8.08313079,0 17.90743260,-8.08488179,0 17.92015080,-8.08449079,0 17.94441410,-8.08831209,0 17.95434700,-8.08899579,0 17.95876880,-8.09101389,0 17.97247510,-8.10927489,0 17.98196410,-8.11271569,0 18.00000000,-8.09760089,0 18.10036090,-8.09905719,0 18.10178570,-8.09368519,0 18.10346980,-8.08732889,0 18.09536830,-8.07752429,0 18.09179500,-8.06649489,0 18.09181810,-8.06047059,0 18.09504890,-8.05485339,0 18.09819790,-8.04018399,0 18.11447140,-8.03745649,0 18.13517190,-8.03478619,0 18.13941090,-8.02862629,0 18.14373780,-8.02732179,0 18.15301510,-8.01952739,0 18.16304940,-8.00556409,0 18.18138310,-7.99999999,0 18.20901110,-7.99364809,0 18.21697620,-7.98945379,0 18.22652820,-7.98923159,0 18.23545840,-7.99120329,0 18.24205970,-7.99306769,0 18.25239750,-7.99373819,0 18.26130680,-7.99390789,0 18.26445770,-7.99301859,0 18.27305970,-7.98994609,0 18.28142550,-7.99363329,0 18.29665570,-8.00224019,0 18.30191020,-8.00605269,0 18.30196950,-8.01170829,0 18.30424120,-8.01381019,0 18.31270220,-8.01761629,0 18.31937980,-8.01772209,0 18.32233700,-8.01470809,0 18.33063280,-8.01773379,0 18.33087540,-8.01904959,0 18.35402110,-8.02652929,0 18.35932730,-8.02592369,0 18.36347080,-8.02259059,0 18.36433790,-8.02262499,0 18.36596650,-8.02199319,0 18.37565990,-8.02732559,0 18.38617520,-8.01761819,0 18.38986210,-8.01744649,0 18.39844890,-8.01321889,0 18.39676990,-8.01020969,0 18.40346720,-8.00573439,0 18.41272540,-8.00254819,0 18.41883500,-7.99999999,0 18.50000000,-7.99999999,0 18.52732470,-7.99999999,0 18.52845570,-7.99550389,0 18.53115270,-7.99380399,0 18.53261950,-7.97244789,0 18.53575900,-7.96003289,0 18.53195000,-7.94192309,0 18.53511240,-7.93272069,0 18.53068920,-7.92586279,0 18.53232000,-7.92037629,0 18.56764310,-7.92055499,0 18.57566580,-7.92059559,0 18.59964650,-7.92071689,0 18.59998320,-7.92077299,0 18.60120900,-7.92072479,0 18.61073390,-7.92077299,0 18.61266360,-7.92078279,0 18.63534160,-7.92552849,0 18.65614700,-7.92514939,0 18.66655140,-7.92456089,0 18.68666460,-7.92342329,0 18.70724110,-7.92257879,0 18.72411540,-7.92310379,0 18.74214740,-7.92178679,0 18.74400540,-7.92141439,0 18.76406590,-7.92150759,0 18.76779170,-7.92880109,0 18.76683040,-7.94678969,0 18.76727290,-7.95717139,0 18.77279850,-7.96803329,0 18.77599910,-7.98649929,0 18.78569790,-7.99114699,0 18.79008100,-7.99623779,0 18.80671500,-8.00275419,0 18.82798580,-8.00190449,0 18.85793930,-7.99999999,0 18.89999960,-7.99999999,0 18.99310870,-7.99999999,0 19.01152420,-8.00130649,0 19.03763960,-8.00137329,0 19.05913350,-8.00119589,0 19.07463110,-7.99999999,0 19.10000040,-7.99999999,0 19.13469940,-7.99999999,0 19.14023970,-8.00045009,0 19.14337310,-7.99999999,0 19.16318520,-7.99999999,0 19.16496090,-8.00026609,0 19.16981320,-8.00073909,0 19.17974850,-8.00006479,0 19.19291500,-8.00170139,0 19.20608520,-8.00241369,0 19.22826770,-8.00106809,0 19.25438120,-8.00156969,0 19.28164860,-8.00276469,0 19.30591580,-8.00233939,0 19.32695200,-8.00052639,0 19.34243580,-8.00100799,0 19.34912270,-7.99999999,0 19.37440300,-7.99999999,0 19.37435150,-7.99027969,0 19.35792160,-7.93845269,0 19.35742380,-7.92836949,0 19.35665130,-7.91270689,0 19.35389330,-7.90826609,0 19.34585760,-7.90435549,0 19.34415050,-7.90263819,0 19.34385660,-7.89830819,0 19.34645840,-7.89467099,0 19.34756270,-7.88658949,0 19.35055040,-7.88253279,0 19.35597040,-7.87921289,0 19.35557170,-7.87449479,0 19.35870930,-7.86938329,0 19.36040320,-7.86356939,0 19.36438560,-7.86125849,0 19.36472130,-7.84852699,0 19.36173060,-7.83439679,0 19.36158560,-7.82045319,0 19.36163140,-7.81190249,0 19.36489110,-7.80595539,0 19.36998180,-7.80208539,0 19.38043020,-7.78815029,0 19.38435750,-7.78610989,0 19.38668250,-7.78268149,0 19.38627620,-7.77395489,0 19.38997080,-7.77214239,0 19.39137460,-7.76870779,0 19.38982770,-7.75813669,0 19.39360620,-7.74277969,0 19.39733510,-7.73568679,0 19.39802930,-7.73064709,0 19.39926340,-7.72169449,0 19.40135190,-7.71895269,0 19.40092280,-7.71389909,0 19.40233420,-7.70885659,0 19.40811920,-7.70430279,0 19.40929220,-7.70086619,0 19.40687560,-7.68202399,0 19.40139390,-7.67464109,0 19.39891820,-7.66566989,0 19.39863440,-7.66173609,0 19.39785770,-7.65096809,0 19.39512440,-7.64589929,0 19.38689230,-7.63688989,0 19.38464550,-7.62792109,0 19.37768940,-7.61686129,0 19.37430380,-7.60831879,0 19.37026790,-7.59022989,0 19.37441640,-7.58145089,0 19.38481140,-7.57385919,0 19.40212820,-7.57319549,0 19.42590520,-7.57530589,0 19.44114300,-7.57509849,0 19.45338060,-7.57557679,0 19.46631050,-7.57375239,0 19.47509000,-7.56661799,0 19.47555360,-7.56525949,0 19.48023990,-7.56144479,0 19.48373410,-7.55645659,0 19.48452000,-7.55338099,0 19.48221400,-7.55106209,0 19.48236300,-7.54897459,0 19.48618700,-7.54196789,0 19.48626420,-7.54132029,0 19.49386980,-7.53302379,0 19.48705480,-7.51726559,0 19.48646570,-7.51579319,0 19.49151990,-7.50370839,0 19.50444980,-7.49911589,0 19.51368330,-7.49590209,0 19.52384760,-7.48346759,0 19.53115520,-7.47051719,0 19.53659060,-7.46854539,0 19.54160690,-7.46856639,0 19.54930110,-7.47360229,0 19.54982760,-7.47039409,0 19.54474260,-7.45703319,0 19.53744700,-7.44930459,0 19.53106180,-7.44745499,0 19.52644070,-7.44140039,0 19.52670100,-7.43617199,0 19.53172110,-7.43503809,0 19.53289410,-7.43157959,0 19.52904130,-7.43040849,0 19.52096560,-7.42460059,0 19.51486780,-7.40763809,0 19.49651910,-7.37222149,0 19.49442480,-7.36797859,0 19.49836730,-7.36317969,0 19.50046920,-7.35791109,0 19.50347710,-7.35540389,0 19.50055120,-7.34458969,0 19.50102810,-7.34160659,0 19.49824710,-7.34060619,0 19.49532510,-7.33330149,0 19.49649050,-7.33078239,0 19.49009130,-7.32339139,0 19.48715970,-7.31349559,0 19.49202540,-7.30801439,0 19.48837850,-7.30224849,0 19.48932460,-7.29811949,0 19.49256520,-7.29492469,0 19.49213600,-7.28986879,0 19.49514580,-7.28690199,0 19.49269290,-7.27402259,0 19.49412160,-7.26599219,0 19.49692340,-7.25934889,0 19.49970050,-7.25661039,0 19.50087930,-7.25202319,0 19.50023650,-7.24420979,0 19.50283050,-7.23365879,0 19.50019870,-7.23023749,0 19.49998050,-7.22874779,0 19.50059130,-7.22741699,0 19.50383190,-7.22034169,0 19.50317960,-7.21390529,0 19.50505070,-7.20909359,0 19.50096510,-7.19964839,0 19.50307460,-7.19322969,0 19.50240520,-7.18977979,0 19.49783900,-7.18377779,0 19.49557500,-7.17779059,0 19.49743840,-7.17412659,0 19.50344470,-7.17003009,0 19.50612350,-7.15243459,0 19.50634830,-7.15095769,0 19.51461980,-7.13446329,0 19.51681370,-7.12238499,0 19.52217290,-7.11300329,0 19.52627250,-7.10376979,0 19.53333090,-7.09761289,0 19.53472140,-7.08678149,0 19.54764180,-7.07712169,0 19.55295180,-7.06929299,0 19.55267770,-7.06827729,0 19.55910110,-7.05912489,0 19.56278800,-7.05744459,0 19.54733850,-7.03024719,0 19.54373740,-7.01242589,0 19.54376000,-7.00701309,0 19.55323030,-7.00521519,0 19.55830190,-7.00476259,0 19.57836150,-7.00456519,0 19.59474070,-7.00577919,0 19.60694690,-7.00668379,0 19.62792590,-7.00786779,0 19.64452360,-7.00973649,0 19.65675160,-7.01091959,0 19.66643330,-7.00978139,0 19.67842290,-7.00680159,0 19.68672180,-7.00543019,0 19.69225500,-7.00428579,0 19.70101550,-7.00406739,0 19.71115880,-7.00592519,0 19.71738240,-7.00547269,0 19.72614480,-7.00479359,0 19.75012020,-7.00528669,0 19.76471730,-7.00517279,0 19.77548030,-7.00508879,0 19.80037690,-7.00650359,0 19.82942390,-7.00722839,0 19.85086250,-7.00656179,0 19.86815070,-7.00588849,0 19.88728330,-7.00429869,0 19.89604380,-7.00338459,0 19.90687560,-7.00270319,0 19.90717700,-7.00273359,0 19.92531390,-7.00456239,0 19.94029620,-7.00526569,0 19.94721030,-7.00388909,0 19.95343210,-7.00412369,0 19.96011540,-7.00412889,0 19.97071840,-7.00413659,0 19.98016550,-7.00414369,0 19.98500630,-7.00414659,0 19.99099730,-7.00253769,0 19.99210440,-7.00249269,0 20.01888280,-7.00140329,0 20.04054450,-7.00049349,0 20.05990220,-7.00165559,0 20.07419010,-7.00373649,0 20.08271600,-7.00258869,0 20.08939930,-7.00236129,0 20.09861560,-7.00236509,0 20.12281230,-7.00352759,0 20.13848300,-7.00422289,0 20.14654730,-7.00399589,0 20.15345950,-7.00238469,0 20.16152380,-7.00169609,0 20.16889760,-7.00192879,0 20.18479730,-7.00262359,0 20.20968440,-7.00424289,0 20.22927280,-7.00608919,0 20.24632450,-7.00540109,0 20.26181600,-7.00521659,0 20.27604870,-7.00402119,0 20.28526310,-7.00287009,0 20.29779430,-7.00574969,0 20.30033500,-6.99811959,0 20.30171010,-6.99803259,0 20.30370140,-6.99521259,0 20.30371870,-6.99008259,0 20.30998990,-6.97718999,0 20.31412890,-6.96475169,0 20.31665990,-6.95645999,0 20.31665230,-6.94402219,0 20.31987000,-6.92928169,0 20.32147790,-6.92052939,0 20.32700540,-6.91868729,0 20.33184240,-6.91799589,0 20.34843060,-6.91937829,0 20.36916350,-6.91868729,0 20.38782310,-6.91960809,0 20.40256690,-6.92029809,0 20.41938210,-6.92006489,0 20.42974850,-6.92029379,0 20.43596840,-6.92029289,0 20.44264790,-6.91798829,0 20.46061130,-6.91591169,0 20.47212980,-6.91613909,0 20.48410990,-6.91866969,0 20.48894690,-6.91820809,0 20.50069430,-6.91774319,0 20.53455540,-6.92049549,0 20.55321120,-6.91864589,0 20.57693670,-6.91932579,0 20.59421350,-6.92023849,0 20.59804850,-6.91950219,0 20.60503390,-6.91816089,0 20.61540030,-6.91769359,0 20.62548210,-6.91784869,0 20.62144280,-6.92864419,0 20.62050250,-6.95832009,0 20.61847110,-6.97555589,0 20.61365130,-6.97836829,0 20.61135670,-6.98853679,0 20.60851670,-6.99163769,0 20.59799040,-6.99662739,0 20.59632870,-6.99741509,0 20.58951000,-7.00599669,0 20.58867040,-7.00863629,0 20.58436210,-7.02218229,0 20.58008000,-7.03564549,0 20.57536700,-7.05992789,0 20.57525630,-7.06957669,0 20.57291240,-7.07528109,0 20.57046380,-7.08123999,0 20.56734280,-7.08883519,0 20.55669210,-7.10279609,0 20.55158420,-7.11264799,0 20.54874990,-7.12802649,0 20.54361150,-7.14408159,0 20.54510310,-7.16054919,0 20.54067230,-7.18674089,0 20.54067610,-7.18693349,0 20.54100610,-7.20372009,0 20.54104800,-7.20585389,0 20.53622060,-7.21930409,0 20.53794350,-7.23319569,0 20.53961560,-7.24667739,0 20.53922150,-7.25811859,0 20.53913690,-7.26057429,0 20.54016840,-7.26902319,0 20.54168320,-7.28142979,0 20.54552650,-7.28141589,0 20.55669800,-7.28137619,0 20.55711170,-7.28683809,0 20.56979750,-7.29143519,0 20.58086200,-7.29234789,0 20.58543980,-7.29288169,0 20.58870120,-7.29326199,0 20.59446330,-7.29371689,0 20.60114480,-7.29209849,0 20.62096410,-7.29023789,0 20.63986210,-7.28952839,0 20.66429520,-7.28977679,0 20.68619540,-7.29159779,0 20.71108630,-7.28996039,0 20.74058340,-7.28739549,0 20.76201440,-7.28460739,0 20.78113940,-7.28274299,0 20.79283770,-7.28224829,0 20.79796410,-7.28203149,0 20.81041340,-7.28431889,0 20.81848340,-7.28684039,0 20.83139610,-7.29004759,0 20.84315490,-7.29256439,0 20.85122110,-7.29232259,0 20.86199950,-7.29346799,0 20.87909210,-7.29206009,0 20.88486670,-7.29158449,0 20.90790750,-7.28993889,0 20.92979810,-7.28875539,0 20.95007320,-7.28688189,0 20.97173310,-7.28592629,0 20.99777220,-7.28657339,0 21.01712610,-7.28515959,0 21.03786850,-7.28673409,0 21.05791470,-7.28669829,0 21.07796290,-7.28804159,0 21.09639930,-7.28892799,0 21.11114310,-7.28797819,0 21.12819480,-7.28840589,0 21.13974570,-7.28908589,0 21.14709090,-7.28951839,0 21.15837860,-7.28926559,0 21.17727280,-7.28945679,0 21.18348880,-7.28806299,0 21.19224550,-7.28896469,0 21.20721820,-7.28755139,0 21.21006270,-7.28786819,0 21.21735760,-7.28868059,0 21.22473530,-7.29096599,0 21.23579410,-7.29071189,0 21.24523740,-7.29023029,0 21.25675200,-7.28859279,0 21.26251220,-7.28881029,0 21.26890100,-7.28911499,0 21.27173040,-7.28924989,0 21.27817920,-7.28923459,0 21.28555110,-7.28921699,0 21.29130740,-7.28828329,0 21.30628590,-7.28985929,0 21.31526370,-7.28776689,0 21.32516480,-7.28613189,0 21.34120760,-7.28739219,0 21.34221460,-7.28747129,0 21.35833930,-7.28720089,0 21.36916160,-7.28579329,0 21.38114170,-7.28861329,0 21.38504790,-7.28345109,0 21.39196210,-7.28481529,0 21.39818760,-7.28640989,0 21.40417860,-7.28708459,0 21.41154860,-7.28706499,0 21.41897960,-7.28457979,0 21.43296050,-7.28401759,0 21.44309430,-7.28353019,0 21.45069500,-7.28374049,0 21.45944600,-7.28302569,0 21.47188190,-7.28299189,0 21.48501210,-7.28341669,0 21.49698640,-7.28315259,0 21.50688930,-7.28220509,0 21.51357270,-7.28356699,0 21.52254870,-7.28193039,0 21.53175660,-7.28190409,0 21.53406330,-7.28189749,0 21.54880910,-7.28346589,0 21.55963130,-7.28251309,0 21.56699940,-7.28226179,0 21.57529070,-7.28269769,0 21.59095190,-7.28288079,0 21.60199930,-7.28100679,0 21.60902910,-7.28222469,0 21.60983280,-7.28236389,0 21.61819760,-7.28075649,0 21.61833930,-7.28075729,0 21.61859690,-7.28075869,0 21.63078880,-7.28229899,0 21.63838390,-7.28089569,0 21.64160900,-7.28088559,0 21.64782270,-7.28091989,0 21.64828030,-7.28092239,0 21.66233830,-7.28266049,0 21.67247390,-7.28331899,0 21.68399430,-7.28489209,0 21.69043730,-7.28418109,0 21.70771600,-7.28596589,0 21.73027990,-7.28543089,0 21.74145520,-7.28557699,0 21.74432560,-7.28561449,0 21.76043700,-7.28395029,0 21.76321760,-7.28347759,0 21.78058820,-7.28389309,0 21.78433990,-7.28764869,0 21.78432850,-7.29515079,0 21.78713420,-7.30289029,0 21.79182430,-7.30735159,0 21.79382900,-7.30846209,0 21.80285450,-7.31346229,0 21.80848120,-7.32073739,0 21.81974410,-7.32755139,0 21.82512860,-7.33974839,0 21.82778170,-7.35007289,0 21.82795330,-7.35835219,0 21.82923320,-7.36552949,0 21.83475300,-7.37252859,0 21.83751300,-7.38125419,0 21.83823590,-7.38577939,0 21.83472250,-7.39258149,0 21.83020780,-7.39601089,0 21.82844160,-7.39993099,0 21.82880590,-7.40287489,0 21.82972530,-7.40508369,0 21.83966260,-7.41742369,0 21.84610750,-7.42258409,0 21.84976710,-7.42324169,0 21.85083010,-7.42393489,0 21.85332220,-7.42722399,0 21.85291860,-7.42921639,0 21.85566520,-7.44246579,0 21.85325810,-7.44890019,0 21.84698100,-7.45404239,0 21.84329030,-7.45661309,0 21.84303090,-7.45907779,0 21.84364890,-7.46305129,0 21.84641080,-7.46526289,0 21.85157200,-7.46600629,0 21.85672950,-7.47024389,0 21.85690690,-7.47502709,0 21.85190960,-7.48642539,0 21.85181830,-7.48666899,0 21.84839250,-7.49580189,0 21.84060790,-7.50565509,0 21.84026340,-7.50609109,0 21.83635900,-7.52000329,0 21.83892630,-7.53172489,0 21.84877010,-7.54767419,0 21.85030370,-7.54973909,0 21.85328290,-7.55375049,0 21.85327720,-7.55706119,0 21.85216520,-7.56184199,0 21.85233690,-7.57011889,0 21.85159300,-7.57306099,0 21.85011480,-7.57508229,0 21.84531780,-7.57709879,0 21.84260750,-7.58305219,0 21.84841730,-7.59991069,0 21.84767340,-7.60487559,0 21.84453200,-7.60873369,0 21.83677290,-7.61755079,0 21.82821270,-7.62216569,0 21.82936480,-7.63721989,0 21.82380680,-7.65302899,0 21.81291960,-7.65650749,0 21.81032940,-7.66183659,0 21.81234170,-7.67250729,0 21.81103520,-7.68225239,0 21.80733110,-7.69254589,0 21.79659840,-7.71386339,0 21.79583930,-7.72747089,0 21.79546550,-7.73078059,0 21.79361340,-7.73482319,0 21.79047390,-7.73720929,0 21.78604320,-7.74051279,0 21.78437420,-7.74547579,0 21.78439780,-7.74562419,0 21.78583530,-7.75467249,0 21.78361320,-7.76000209,0 21.78065490,-7.76441139,0 21.76804350,-7.77742429,0 21.76944540,-7.78234669,0 21.76942060,-7.79562809,0 21.77669530,-7.80414629,0 21.77784920,-7.81726739,0 21.77666470,-7.82241959,0 21.77478220,-7.82452539,0 21.76419450,-7.83106899,0 21.76205640,-7.84535649,0 21.76438500,-7.85414799,0 21.77093320,-7.87886949,0 21.77067380,-7.89362719,0 21.76806640,-7.90744499,0 21.76545520,-7.90963649,0 21.74829480,-7.92404649,0 21.74546620,-7.92802379,0 21.74475290,-7.93294189,0 21.74544910,-7.93879939,0 21.74755860,-7.94278479,0 21.75397170,-7.95178619,0 21.75759100,-7.95686609,0 21.75975420,-7.95990229,0 21.75974660,-7.96458719,0 21.76417470,-7.97841649,0 21.76910970,-7.99382849,0 21.76914600,-8.00134469,0 21.77206500,-8.00155659,0 21.77415470,-8.00433919,0 21.78145410,-8.01175399,0 21.78639220,-8.02511599,0 21.78794670,-8.03109839,0 21.79637530,-8.04104999,0 21.81396870,-8.05613799,0 21.81916050,-8.06743529,0 21.82710650,-8.07990649,0 21.83177700,-8.09399239,0 21.83244250,-8.09599939,0 21.83382610,-8.10017199,0 21.84405710,-8.11473079,0 21.84873200,-8.13222219,0 21.85484500,-8.14398769,0 21.86624530,-8.15694899,0 21.87266160,-8.16091159,0 21.88658910,-8.17504499,0 21.88851570,-8.17980919,0 21.88403130,-8.18414309,0 21.88308130,-8.18951549,0 21.88091470,-8.19060419,0 21.87918820,-8.19434799,0 21.87785720,-8.19723419,0 21.88232230,-8.21288779,0 21.88689770,-8.22814239,0 21.88659670,-8.23219779,0 21.88960050,-8.23673109,0 21.89239310,-8.24558449,0 21.89597320,-8.25732609,0 21.89612580,-8.29108049,0 21.90022660,-8.29639909,0 21.91148660,-8.30337419,0 21.91489980,-8.30548859,0 21.92271230,-8.30831529,0 21.93095020,-8.31527809,0 21.93617060,-8.32450959,0 21.93689800,-8.32910929,0 21.93598750,-8.33115099,0 21.92933650,-8.33740039,0 21.92385100,-8.34502319,0 21.92481880,-8.34749469,0 21.92233090,-8.35033229,0 21.91927720,-8.35650439,0 21.92004590,-8.37350459,0 21.91810800,-8.38359169,0 21.92011260,-8.39141749,0 21.92443660,-8.39788629,0 21.93222430,-8.40392779,0 21.94286160,-8.42652889,0 21.95071790,-8.45071219,0 21.95134350,-8.45806689,0 21.95098670,-8.46181379,0 21.94981380,-8.47412869,0 21.95434570,-8.48335649,0 21.95464810,-8.48372439,0 21.95891000,-8.48890879,0 21.95964350,-8.49584599,0 21.95715520,-8.50152779,0 21.95050810,-8.50823969,0 21.94571110,-8.51540089,0 21.94551090,-8.52000429,0 21.94616550,-8.52150129,0 21.94499210,-8.52300449,0 21.94238470,-8.53055949,0 21.94251050,-8.53103969,0 21.94684600,-8.54759599,0 21.94721600,-8.55793479,0 21.94595410,-8.56224939,0 21.93773460,-8.56492039,0 21.93284310,-8.57676679,0 21.93273540,-8.57686809,0 21.93269850,-8.57711709,0 21.93182950,-8.57922169,0 21.93217410,-8.58065039,0 21.93052290,-8.59177679,0 21.92402080,-8.59608269,0 21.92260170,-8.59997369,0 21.93340680,-8.60466479,0 21.93514020,-8.60730299,0 21.92927360,-8.61076349,0 21.92468450,-8.61470219,0 21.92244720,-8.62484259,0 21.91741180,-8.63108539,0 21.91538810,-8.63892269,0 21.91606320,-8.64153879,0 21.91362760,-8.64743899,0 21.91355510,-8.64794519,0 21.91214940,-8.65776159,0 21.91520590,-8.66896529,0 21.91444970,-8.67022609,0 21.90623860,-8.68454549,0 21.90376470,-8.69376659,0 21.89573480,-8.70071979,0 21.89902880,-8.70967579,0 21.90057680,-8.71217309,0 21.89865880,-8.71897129,0 21.89912440,-8.73502529,0 21.89918520,-8.73712249,0 21.90296550,-8.75300789,0 21.90378930,-8.76050059,0 21.90355870,-8.76281639,0 21.90128710,-8.76789469,0 21.89832500,-8.77320669,0 21.89929010,-8.77895549,0 21.89926180,-8.77985389,0 21.89854620,-8.78168299,0 21.89417080,-8.80530449,0 21.89164480,-8.81034569,0 21.88087080,-8.81797119,0 21.88413050,-8.82163429,0 21.88407070,-8.82546159,0 21.88099290,-8.83160399,0 21.88146590,-8.83366399,0 21.87846180,-8.83594229,0 21.87228390,-8.84357829,0 21.86954500,-8.84796999,0 21.86962130,-8.85832789,0 21.87078400,-8.86057349,0 21.86840820,-8.86824509,0 21.87031950,-8.88130919,0 21.86979480,-8.88180919,0 21.86432270,-8.89128299,0 21.86414330,-8.89591329,0 21.86375620,-8.89646239,0 21.86155510,-8.90953729,0 21.86540620,-8.92371599,0 21.86140820,-8.93389509,0 21.86012080,-8.94679639,0 21.85428430,-8.96870799,0 21.85251620,-8.97908119,0 21.85399440,-8.99127479,0 21.85429490,-8.99619269,0 21.85353280,-9.00136759,0 21.85370060,-9.00826259,0 21.85055920,-9.02270979,0 21.85230260,-9.03421399,0 21.85556880,-9.04000059,0 21.85028270,-9.04886529,0 21.84386060,-9.05466559,0 21.84139820,-9.06286999,0 21.84336460,-9.06959129,0 21.84284400,-9.08123109,0 21.84296770,-9.08708859,0 21.84249110,-9.08792969,0 21.84302010,-9.08956659,0 21.84364510,-9.11915399,0 21.84783550,-9.14079379,0 21.85390660,-9.15923399,0 21.85746440,-9.16576189,0 21.86095620,-9.17216869,0 21.86003250,-9.17899859,0 21.85971450,-9.18134979,0 21.86317440,-9.20711989,0 21.86299130,-9.22688289,0 21.86294870,-9.22713089,0 21.85457610,-9.23813719,0 21.84863660,-9.24623969,0 21.84548380,-9.25616649,0 21.84461980,-9.26354219,0 21.83914380,-9.27164269,0 21.83573340,-9.27834609,0 21.83395200,-9.28642079,0 21.83358460,-9.29191609,0 21.83182140,-9.29392909,0 21.82965090,-9.30310149,0 21.82968950,-9.30759729,0 21.82813070,-9.30880449,0 21.82127380,-9.31783679,0 21.81486510,-9.32502269,0 21.81432520,-9.32620069,0 21.81168750,-9.33195589,0 21.81127170,-9.33748719,0 21.81239020,-9.34555689,0 21.80902860,-9.35461999,0 21.81180310,-9.36360529,0 21.80811120,-9.37367439,0 21.80878420,-9.37711979,0 21.80833440,-9.37897589,0 21.80429270,-9.39020059,0 21.80425310,-9.39048399,0 21.80204200,-9.39398959,0 21.80331670,-9.39718249,0 21.80230330,-9.40443229,0 21.80010490,-9.40782709,0 21.79830930,-9.41059969,0 21.79364010,-9.41469289,0 21.79341160,-9.41644279,0 21.79289050,-9.42043209,0 21.79606440,-9.42758659,0 21.79861610,-9.43000869,0 21.82199100,-9.45219609,0 21.82935520,-9.45709229,0 21.83483700,-9.46495819,0 21.83500860,-9.47139639,0 21.83307080,-9.48034289,0 21.83000760,-9.48606109,0 21.82990070,-9.49732209,0 21.83574100,-9.51645759,0 21.84781840,-9.53748609,0 21.86320110,-9.55188079,0 21.86816790,-9.56571869,0 21.86803440,-9.57996939,0 21.86607930,-9.59098529,0 21.86647800,-9.59788609,0 21.87174420,-9.60459999,0 21.87535480,-9.61497879,0 21.87110900,-9.62298579,0 21.87080570,-9.63079739,0 21.87789150,-9.64120769,0 21.87712480,-9.64878749,0 21.87592700,-9.65314389,0 21.88052560,-9.65686419,0 21.89345550,-9.66181179,0 21.89803500,-9.66782859,0 21.90255170,-9.67082599,0 21.91208460,-9.67715259,0 21.91713710,-9.68202589,0 21.92891880,-9.68603989,0 21.93424220,-9.68677899,0 21.93753430,-9.69050119,0 21.93909260,-9.69991209,0 21.93823620,-9.70635409,0 21.93980220,-9.71257499,0 21.94174390,-9.71589469,0 21.94837000,-9.75241469,0 21.97652050,-9.76591299,0 21.97910690,-9.76558879,0 21.98637200,-9.76609609,0 21.98815350,-9.76445479,0 22.00639920,-9.76216599,0 22.00654790,-9.76512239,0 22.00342180,-9.77796939,0 22.00220300,-9.78462699,0 22.00378800,-9.78900809,0 22.00770000,-9.79226109,0 22.00993540,-9.80170629,0 22.01236150,-9.81575109,0 22.02540590,-9.83517739,0 22.03489490,-9.83709999,0 22.04187970,-9.83393859,0 22.04463960,-9.83649249,0 22.05515860,-9.85336589,0 22.06413840,-9.86080069,0 22.06820680,-9.87301919,0 22.07326890,-9.87766169,0 22.08230780,-9.87819769,0 22.08922200,-9.88331409,0 22.09569170,-9.88589759,0 22.10573770,-9.87724489,0 22.11085510,-9.87521929,0 22.11665340,-9.87526799,0 22.12219620,-9.87784189,0 22.13017460,-9.89423269,0 22.13342290,-9.89426039,0 22.14136710,-9.89244479,0 22.14361190,-9.89290999,0 22.14783330,-9.89174889,0 22.15269090,-9.89165879,0 22.15615270,-9.89375779,0 22.16718480,-9.90580269,0 22.18587490,-9.91744999,0 22.19136430,-9.92692089,0 22.19197460,-9.93750379,0 22.18914220,-9.94345759,0 22.18934250,-9.94736669,0 22.19644360,-9.95846079,0 22.20050430,-9.97251989,0 22.20874020,-9.98684119,0 22.20336150,-9.99208549,0 22.19820210,-9.99894329,0 22.20139120,-10.00609589,0 22.20991330,-10.01398179,0 22.21316150,-10.01400659,0 22.21777530,-10.01726339,0 22.21866420,-10.02209849,0 22.21536830,-10.02805139,0 22.21251490,-10.03653619,0 22.21316340,-10.04251959,0 22.21931650,-10.05636499,0 22.22122730,-10.06124969,0 22.22500040,-10.07089519,0 22.22215080,-10.07915119,0 22.22064020,-10.09385589,0 22.22582050,-10.11344149,0 22.22506520,-10.12079329,0 22.22012330,-10.12926289,0 22.22423740,-10.13711359,0 22.22302820,-10.14331339,0 22.22267150,-10.15871619,0 22.22783080,-10.16742689,0 22.23320770,-10.17650509,0 22.23570630,-10.18342209,0 22.23860170,-10.19885249,0 22.23619460,-10.20941159,0 22.23893740,-10.21495249,0 22.24492450,-10.22120669,0 22.24565630,-10.22143799,0 22.24640080,-10.22560979,0 22.25290300,-10.22761729,0 22.25696740,-10.23247489,0 22.25826070,-10.23763939,0 22.26034610,-10.24164939,0 22.26286130,-10.25030329,0 22.27192690,-10.25412079,0 22.27636150,-10.25775809,0 22.28061490,-10.26599979,0 22.28233970,-10.26889349,0 22.28352550,-10.27324959,0 22.28599170,-10.28453729,0 22.28214070,-10.30175399,0 22.28512190,-10.30660629,0 22.29067230,-10.30963799,0 22.29875370,-10.31567959,0 22.30679130,-10.32769969,0 22.31250190,-10.34016129,0 22.31445770,-10.35234869,0 22.31437680,-10.35284609,0 22.31457180,-10.35305959,0 22.31538390,-10.35811999,0 22.32795330,-10.38512039,0 22.32919170,-10.39886639,0 22.32759090,-10.40008829,0 22.32649900,-10.40828219,0 22.32580540,-10.41053299,0 22.32152180,-10.41717819,0 22.31529620,-10.41931719,0 22.31212230,-10.42556379,0 22.31352280,-10.43153229,0 22.31036380,-10.43673319,0 22.30956510,-10.44736879,0 22.30380630,-10.44934839,0 22.29689790,-10.45241639,0 22.29657570,-10.46621379,0 22.29595380,-10.46697899,0 22.29497220,-10.48062799,0 22.29282380,-10.48420239,0 22.28992650,-10.49504569,0 22.28488920,-10.50039289,0 22.28040880,-10.50713929,0 22.27796750,-10.50846769,0 22.27767370,-10.51628489,0 22.28879740,-10.52050969,0 22.31125860,-10.53572839,0 22.31400300,-10.54191589,0 22.31509660,-10.55355369,0 22.31479260,-10.55566689,0 22.31828680,-10.57625179,0 22.31714630,-10.57843879,0 22.31144520,-10.58678339,0 22.31621960,-10.59743099,0 22.31607820,-10.60006519,0 22.31678370,-10.61094139,0 22.31898880,-10.64493469,0 22.31890490,-10.65574459,0 22.31409650,-10.67617699,0 22.32422260,-10.69005389,0 22.32713130,-10.70232389,0 22.32782750,-10.70526029,0 22.32811480,-10.71641429,0 22.32777400,-10.71738719,0 22.32816370,-10.71831279,0 22.32854460,-10.73309609,0 22.33430290,-10.74073029,0 22.33462140,-10.74786659,0 22.33489800,-10.75407409,0 22.33394050,-10.75774769,0 22.32983580,-10.76752409,0 22.32965090,-10.76792049,0 22.32405510,-10.77473399,0 22.31094740,-10.78287409,0 22.30976680,-10.78405229,0 22.30620570,-10.78498169,0 22.28814700,-10.78496839,0 22.27756310,-10.79198839,0 22.26993600,-10.79515539,0 22.26664160,-10.79564289,0 22.26483240,-10.79640959,0 22.25631330,-10.79752539,0 22.24480060,-10.80478569,0 22.24462110,-10.80497499,0 22.24212650,-10.80603219,0 22.23160360,-10.81261919,0 22.22066200,-10.82147179,0 22.21508030,-10.82190509,0 22.20952220,-10.82196809,0 22.20517350,-10.82776259,0 22.20242880,-10.83170129,0 22.20214350,-10.83606309,0 22.19204140,-10.84174539,0 22.18368680,-10.84936219,0 22.18057820,-10.84918499,0 22.17626190,-10.85865399,0 22.17333790,-10.86856939,0 22.17431090,-10.87202579,0 22.17369460,-10.87492079,0 22.17889980,-10.89137549,0 22.18071560,-10.89712139,0 22.18187330,-10.89954569,0 22.18196300,-10.90744779,0 22.18703270,-10.91369919,0 22.19154360,-10.91980169,0 22.19900510,-10.92989639,0 22.20609660,-10.94513419,0 22.20788760,-10.95411869,0 22.20769690,-10.96203419,0 22.20683290,-10.99804309,0 22.20974160,-11.01255799,0 22.21685600,-11.02549739,0 22.22003560,-11.03541179,0 22.22063830,-11.04737759,0 22.22010640,-11.05085759,0 22.20421980,-11.08219149,0 22.21013830,-11.09271049,0 22.21281240,-11.10348989,0 22.21294590,-11.11517239,0 22.22430420,-11.12308979,0 22.23022460,-11.12727259,0 22.23820690,-11.13398169,0 22.24992940,-11.14383129,0 22.25498770,-11.15786169,0 22.25580600,-11.16384219,0 22.25821110,-11.17010399,0 22.26186370,-11.17960739,0 22.26375770,-11.18870639,0 22.25974460,-11.20299719,0 22.25383000,-11.21339699,0 22.25470160,-11.22902009,0 22.25473290,-11.22987499,0 22.22559170,-11.22069069,0 22.20060540,-11.19004919,0 22.19901480,-11.18726289,0 22.18145370,-11.15650079,0 22.16116520,-11.12581629,0 22.14059070,-11.12027069,0 22.11127280,-11.11879539,0 22.08595470,-11.10814379,0 22.04891970,-11.09758089,0 22.02326390,-11.10863689,0 22.02654460,-11.13946339,0 22.04253200,-11.15875629,0 22.02683070,-11.16459849,0 22.00621600,-11.15561769,0 21.97917180,-11.14782619,0 21.92908670,-11.12306589,0 21.90955730,-11.10549929,0 21.90223440,-11.10015659,0 21.90347610,-11.09841979,0 21.90700220,-11.09228969,0 21.90990300,-11.08584779,0 21.91215050,-11.07915619,0 21.91372310,-11.07227919,0 21.91460580,-11.06528309,0 21.91479000,-11.05823519,0 21.91427420,-11.05120349,0 21.91306320,-11.04425549,0 21.91116890,-11.03745809,0 21.90860940,-11.03087679,0 21.90540950,-11.02457499,0 21.90159990,-11.01861319,0 21.89721740,-11.01304879,0 21.89230400,-11.00793539,0 21.88690720,-11.00332229,0 21.88107890,-10.99925379,0 21.87487510,-10.99576909,0 21.86835550,-10.99290169,0 21.86158290,-10.99067929,0 21.85462250,-10.98912329,0 21.84754110,-10.98824869,0 21.84040700,-10.98806389,0 21.83328880,-10.98857069,0 21.82625500,-10.98976429,0 21.82606690,-10.98981539,0 21.82495420,-10.98989459,0 21.82292320,-10.99023919,0 21.82022360,-10.99043129,0 21.81876840,-10.99067819,0 21.81703940,-10.99080119,0 21.81000530,-10.99199449,0 21.80670560,-10.99289039,0 21.80487360,-10.99320119,0 21.79799140,-10.99506979,0 21.79132750,-10.99759579,0 21.79090740,-10.99780369,0 21.78658150,-10.99944339,0 21.78602300,-10.99971989,0 21.78108570,-11.00159119,0 21.77470400,-11.00475019,0 21.76904550,-11.00827569,0 21.76779410,-11.00874989,0 21.76141200,-11.01190879,0 21.75537380,-11.01567049,0 21.74973770,-11.01999879,0 21.74455800,-11.02485199,0 21.73988450,-11.03018339,0 21.73871440,-11.03181809,0 21.73650510,-11.03351449,0 21.73132490,-11.03836779,0 21.72665110,-11.04369929,0 21.72252860,-11.04945769,0 21.71899720,-11.05558759,0 21.71609100,-11.06202989,0 21.71549700,-11.06379449,0 21.70934940,-11.06612319,0 21.70296500,-11.06928199,0 21.69692460,-11.07304359,0 21.69128630,-11.07737189,0 21.68610460,-11.08222529,0 21.68142920,-11.08755689,0 21.67846970,-11.09168969,0 21.67398510,-11.09390799,0 21.67141820,-11.09550629,0 21.66767440,-11.09735809,0 21.66163270,-11.10111959,0 21.65599330,-11.10544779,0 21.65081040,-11.11030119,0 21.64613390,-11.11563289,0 21.64200900,-11.12139169,0 21.64175690,-11.12182899,0 21.63886190,-11.12405059,0 21.63367840,-11.12890399,0 21.62900130,-11.13423579,0 21.62487590,-11.13999469,0 21.62134180,-11.14612529,0 21.62098390,-11.14691799,0 21.62010670,-11.14746399,0 21.61446570,-11.15179229,0 21.60928120,-11.15664579,0 21.60460340,-11.16197769,0 21.60047710,-11.16773679,0 21.59694230,-11.17386749,0 21.59403310,-11.18031089,0 21.59177740,-11.18700479,0 21.59019710,-11.19388489,0 21.58930750,-11.20088479,0 21.58911710,-11.20793699,0 21.58962790,-11.21497379,0 21.59083500,-11.22192709,0 21.59272680,-11.22873019,0 21.59528510,-11.23531729,0 21.59848540,-11.24162509,0 21.60229670,-11.24759259,0 21.60668240,-11.25316259,0 21.61160020,-11.25828109,0 21.61700270,-11.26289909,0 21.62283790,-11.26697179,0 21.62904960,-11.27046019,0 21.63557780,-11.27333049,0 21.63558090,-11.27333159,0 21.63178060,-11.27653789,0 21.60496710,-11.29213619,0 21.56877710,-11.30836109,0 21.51903340,-11.31838129,0 21.51824360,-11.31838609,0 21.48385620,-11.31859399,0 21.45932770,-11.32902239,0 21.43699650,-11.32401279,0 21.41411590,-11.33697609,0 21.36633110,-11.33953569,0 21.31627660,-11.33154959,0 21.28053470,-11.33459759,0 21.24244880,-11.33822539,0 21.20864300,-11.36182309,0 21.18064120,-11.37910369,0 21.15088650,-11.39753059,0 21.11638830,-11.41026689,0 21.11178280,-11.41069679,0 21.09691780,-11.41208429,0 21.08415410,-11.41327569,0 21.07074440,-11.42363929,0 21.06258770,-11.42994309,0 21.03789660,-11.43717809,0 21.03684040,-11.43748759,0 21.02587700,-11.46038819,0 21.00852390,-11.49131489,0 21.00007720,-11.49327659,0 20.94585990,-11.50586799,0 20.91886900,-11.50540829,0 20.88657190,-11.50154109,0 20.86250500,-11.49992369,0 20.83904460,-11.50115779,0 20.81906890,-11.49723429,0 20.80032920,-11.50187589,0 20.80808640,-11.52012729,0 20.83516120,-11.53144929,0 20.84673190,-11.54452099,0 20.84876820,-11.54682159,0 20.82960320,-11.57374569,0 20.81684880,-11.59550189,0 20.80548140,-11.59782649,0 20.79692650,-11.59957599,0 20.79237400,-11.58236039,0 20.79209710,-11.58131309,0 20.78676800,-11.57447719,0 20.78307370,-11.57498169,0 20.77387050,-11.57623859,0 20.75223540,-11.57394979,0 20.75274850,-11.57688709,0 20.75754260,-11.59636569,0 20.75878910,-11.60142989,0 20.76283970,-11.60477449,0 20.77945330,-11.61849209,0 20.81123920,-11.63094139,0 20.84068680,-11.64453979,0 20.89897730,-11.66830159,0 20.92270660,-11.70076659,0 20.94344330,-11.72524359,0 20.94358650,-11.74376829,0 20.94369510,-11.75780299,0 20.94036100,-11.78238009,0 20.91634940,-11.79104899,0 20.89039040,-11.77515979,0 20.87498090,-11.75637049,0 20.87304530,-11.75584709,0 20.84791560,-11.74905109,0 20.84171540,-11.74949089,0 20.83089640,-11.75025839,0 20.80550960,-11.73150249,0 20.79212950,-11.74869349,0 20.77239090,-11.75570709,0 20.75640110,-11.76138879,0 20.75300220,-11.77910999,0 20.74649210,-11.79197349,0 20.74030860,-11.80419189,0 20.73678400,-11.81115629,0 20.72110370,-11.83634569,0 20.70831110,-11.85524079,0 20.70736990,-11.85647529,0 20.69433980,-11.87356569,0 20.68878080,-11.88711359,0 20.68682860,-11.89187149,0 20.68686090,-11.89658829,0 20.68700030,-11.91696239,0 20.68706700,-11.92671389,0 20.71477700,-11.94032859,0 20.72543910,-11.95285889,0 20.72524900,-11.95475799,0 20.72269440,-11.98028559,0 20.70910120,-12.01803479,0 20.70827870,-12.02031899,0 20.70084760,-12.05061719,0 20.69057850,-12.09577559,0 20.69669150,-12.13002489,0 20.71039580,-12.15625189,0 20.72053150,-12.17620749,0 20.72945980,-12.19159699,0 20.74200250,-12.21896839,0 20.74981510,-12.23868659,0 20.75397870,-12.24919509,0 20.75441280,-12.25043219,0 20.76778790,-12.28855419,0 20.76717000,-12.34364989,0 20.74114040,-12.34690479,0 20.72426410,-12.34049609,0 20.71282200,-12.33615209,0 20.68633080,-12.33395669,0 20.67523740,-12.32945919,0 20.65978240,-12.32319359,0 20.65059040,-12.31709709,0 20.62550540,-12.30045989,0 20.60544780,-12.29195499,0 20.56020360,-12.30008699,0 20.52621080,-12.32017329,0 20.50679580,-12.33737459,0 20.50163650,-12.34194559,0 20.48619230,-12.35902679,0 20.48290230,-12.36266549,0 20.46540260,-12.38201999,0 20.45034790,-12.42260649,0 20.43821140,-12.45918659,0 20.39376260,-12.50783729,0 20.37572100,-12.54385569,0 20.36879490,-12.58220499,0 20.36602210,-12.59755799,0 20.36451650,-12.61175949,0 20.36200850,-12.63541579,0 20.36099620,-12.64496419,0 20.36313460,-12.64940489,0 20.37980650,-12.68402669,0 20.38544080,-12.69572729,0 20.39087020,-12.70219319,0 20.39952310,-12.71249809,0 20.41264100,-12.72812039,0 20.42993930,-12.74872109,0 20.47924680,-12.78387149,0 20.48260880,-12.78626819,0 20.52278710,-12.80385879,0 20.57954790,-12.83281329,0 20.59965810,-12.84502119,0 20.61978720,-12.85724069,0 20.67773820,-12.88502979,0 20.72622110,-12.90599059,0 20.75759890,-12.92472079,0 20.79954910,-12.93769839,0 20.82455700,-12.95240899,0 20.83330150,-12.95755289,0 20.85751370,-12.97656279,0 20.86948010,-12.98595809,0 20.89502140,-13.01040459,0 20.91470530,-13.03944019,0 20.92149320,-13.06529469,0 20.92163170,-13.06582239,0 20.92455590,-13.07696009,0 20.93487100,-13.11624929,0 20.93536570,-13.11813349,0 20.93587100,-13.13333379,0 20.93590870,-13.13446779,0 20.93659400,-13.15508269,0 20.94372800,-13.16584229,0 20.94877240,-13.17345049,0 20.95218090,-13.18088949,0 20.95289810,-13.18245489,0 20.96077920,-13.19965549,0 20.97878650,-13.23839469,0 20.98479630,-13.26537949,0 20.98551750,-13.26861759,0 20.98997130,-13.28612469,0 20.99160960,-13.29256439,0 21.00958440,-13.32616139,0 21.02986450,-13.36126429,0 21.03293610,-13.36658099,0 21.03538560,-13.37108229,0 21.04636170,-13.39125299,0 21.05289380,-13.40325689,0 21.06050870,-13.41725059,0 21.08021930,-13.44455529,0 21.10641100,-13.46897219,0 21.12135340,-13.47912049,0 21.13895080,-13.49107179,0 21.14145850,-13.49277499,0 21.17834280,-13.52341179,0 21.20431420,-13.54636779,0 21.21108440,-13.55235199,0 21.22166880,-13.56294589,0 21.24625400,-13.58755299,0 21.27725600,-13.61877539,0 21.30946540,-13.65169999,0 21.32921600,-13.67898269,0 21.36156080,-13.72559259,0 21.36486400,-13.74719959,0 21.36722560,-13.76264759,0 21.36947600,-13.78413919,0 21.36995910,-13.78875399,0 21.37116470,-13.78345589,0 21.37397820,-13.77507399,0 21.37761860,-13.76700199,0 21.38205080,-13.75931769,0 21.38723200,-13.75209509,0 21.39311210,-13.74540369,0 21.39963450,-13.73930779,0 21.40673640,-13.73386629,0 21.41434930,-13.72913129,0 21.42239990,-13.72514849,0 21.43081070,-13.72195609,0 21.43950080,-13.71958479,0 21.44838650,-13.71805739,0 21.45738230,-13.71738859,0 21.46640170,-13.71758459,0 21.47535800,-13.71864369,0 21.48416490,-13.72055559,0 21.49273780,-13.72330179,0 21.49347270,-13.72361819,0 21.49349680,-13.72362589,0 21.50175320,-13.72717989,0 21.50961370,-13.73150759,0 21.51700280,-13.73656729,0 21.52384920,-13.74231039,0 21.53008720,-13.74868139,0 21.53565670,-13.75561919,0 21.54050410,-13.76305699,0 21.54458270,-13.77092319,0 21.54785310,-13.77914199,0 21.55028400,-13.78763459,0 21.55185170,-13.79631899,0 21.55254120,-13.80511179,0 21.55234560,-13.81392819,0 21.55225000,-13.81470399,0 21.55223770,-13.81525739,0 21.55115890,-13.82401269,0 21.54920720,-13.83262259,0 21.54640110,-13.84100409,0 21.54276770,-13.84907649,0 21.53834190,-13.85676219,0 21.53316610,-13.86398699,0 21.52729010,-13.87068129,0 21.52077040,-13.87678069,0 21.51366990,-13.88222629,0 21.50605690,-13.88696569,0 21.49800460,-13.89095309,0 21.48959070,-13.89414999,0 21.48089620,-13.89652569,0 21.47200490,-13.89805719,0 21.46300260,-13.89872959,0 21.45397600,-13.89853639,0 21.44501220,-13.89747959,0 21.43619760,-13.89556909,0 21.42761710,-13.89282339,0 21.41935360,-13.88926889,0 21.41148670,-13.88493989,0 21.40409230,-13.87987799,0 21.39724170,-13.87413209,0 21.39100090,-13.86775749,0 21.38543000,-13.86081569,0 21.38058270,-13.85337359,0 21.38033280,-13.85289119,0 21.38003500,-13.85243399,0 21.37595810,-13.84456329,0 21.37409530,-13.83987509,0 21.37517740,-13.85559939,0 21.37561990,-13.85882889,0 21.38025470,-13.89265349,0 21.37941930,-13.93031019,0 21.37144850,-13.96401019,0 21.36348150,-13.99828049,0 21.35973360,-14.04108239,0 21.36034760,-14.04313689,0 21.36590560,-14.06173319,0 21.37011530,-14.07581809,0 21.38689850,-14.07292029,0 21.40084270,-14.07051279,0 21.44092940,-14.05374239,0 21.45603940,-14.02456379,0 21.46399120,-13.98972129,0 21.46720310,-13.95433519,0 21.47223660,-13.92407229,0 21.50101660,-13.90279389,0 21.52906230,-13.92772579,0 21.54492950,-13.97725769,0 21.53918840,-14.05543989,0 21.52894970,-14.09771059,0 21.51340100,-14.14229109,0 21.50657220,-14.15591149,0 21.49479910,-14.17939339,0 21.49016950,-14.18862719,0 21.48860660,-14.19846189,0 21.48825040,-14.20070309,0 21.48512750,-14.22035379,0 21.48291210,-14.23429389,0 21.49043660,-14.27759079,0 21.48861310,-14.33405589,0 21.49476990,-14.36858239,0 21.49676160,-14.37975129,0 21.49975530,-14.39653929,0 21.49988750,-14.39728069,0 21.50276480,-14.40385369,0 21.51382830,-14.42912769,0 21.51743300,-14.44503489,0 21.52621460,-14.48378659,0 21.52421190,-14.52142719,0 21.52989010,-14.54580239,0 21.53234140,-14.55632529,0 21.53349490,-14.56127739,0 21.53331600,-14.56815699,0 21.53302400,-14.57938279,0 21.53263470,-14.59434599,0 21.53595920,-14.63080879,0 21.53434260,-14.65223739,0 21.53333470,-14.66559599,0 21.53199550,-14.67887889,0 21.53063200,-14.69240279,0 21.52354120,-14.69768479,0 21.47586630,-14.73319819,0 21.44219210,-14.74764349,0 21.39417840,-14.75190639,0 21.34905820,-14.74816609,0 21.32058530,-14.74832149,0 21.28666500,-14.73653219,0 21.25510980,-14.72358699,0 21.21951290,-14.72262949,0 21.19588470,-14.73414799,0 21.17711830,-14.75931839,0 21.16493990,-14.79186339,0 21.17649270,-14.82429219,0 21.20277790,-14.84467789,0 21.24107930,-14.88095569,0 21.27096560,-14.90473459,0 21.27842730,-14.90986049,0 21.30142400,-14.92565819,0 21.30549410,-14.92776589,0 21.32647320,-14.93863009,0 21.35114290,-14.97439289,0 21.37471390,-15.01927569,0 21.38534930,-15.07732869,0 21.39645580,-15.12170309,0 21.39537240,-15.13424489,0 21.39391720,-15.15109559,0 21.39250080,-15.16749679,0 21.39163210,-15.17755599,0 21.38313100,-15.22146419,0 21.36864280,-15.26084519,0 21.35756300,-15.28368849,0 21.34541890,-15.32020569,0 21.33994290,-15.32914729,0 21.34556010,-15.33558179,0 21.38642690,-15.38319299,0 21.40641780,-15.42294309,0 21.43053820,-15.45811179,0 21.44924550,-15.48647399,0 21.46138950,-15.51259419,0 21.47959710,-15.55006409,0 21.49840350,-15.58752819,0 21.50395590,-15.59976319,0 21.51360510,-15.62102599,0 21.53351020,-15.64823249,0 21.54450230,-15.67662619,0 21.58488850,-15.72760679,0 21.61968040,-15.75413989,0 21.64243510,-15.76708509,0 21.67723270,-15.79304119,0 21.71200560,-15.81614779,0 21.72231070,-15.82352699,0 21.73720360,-15.83419129,0 21.74730670,-15.85035619,0 21.76022530,-15.87102599,0 21.78376770,-15.90045549,0 21.79603960,-15.93394369,0 21.81534580,-15.95657059,0 21.82524870,-15.99063869,0 21.83565710,-16.01616859,0 21.85268210,-16.04734039,0 21.89314080,-16.09540559,0 21.91908840,-16.12365909,0 21.93833160,-16.13887789,0 21.97738840,-16.16589159,0 21.99972340,-16.16737559,0 21.99966430,-16.19787409,0 22.00316430,-16.20798489,0 22.01212500,-16.21812819,0 22.02204900,-16.22598459,0 22.03172490,-16.23613169,0 22.04615780,-16.24492839,0 22.05723000,-16.26012799,0 22.06504060,-16.26475909,0 22.07500270,-16.26710699,0 22.07541280,-16.27857589,0 22.07321740,-16.28865619,0 22.06937980,-16.29505729,0 22.07762150,-16.30794529,0 22.08659930,-16.31693839,0 22.09576800,-16.33419229,0 22.10599250,-16.34140179,0 22.10939440,-16.34675359,0 22.11040880,-16.35101319,0 22.11628910,-16.36205289,0 22.12096410,-16.37652779,0 22.12769700,-16.40638159,0 22.12781670,-16.40673429,0 22.13031390,-16.42925069,0 22.13044780,-16.44890559,0 22.12888720,-16.45065879,0 22.13004110,-16.45708849,0 22.13217590,-16.46151229,0 22.13419150,-16.47378159,0 22.13896830,-16.48310009,0 22.13725280,-16.48717499,0 22.12516020,-16.49801829,0 22.13123320,-16.50113679,0 22.13979530,-16.50118059,0 22.14765360,-16.49938579,0 22.15431020,-16.50010679,0 22.15918070,-16.50583569,0 22.16923710,-16.52173999,0 22.17395530,-16.52626859,0 22.17863460,-16.53418159,0 22.19046780,-16.54662509,0 22.21125890,-16.55717519,0 22.21336170,-16.55874439,0 22.21483370,-16.55954269,0 22.22152900,-16.56879619,0 22.22577290,-16.57684709,0 22.25146100,-16.57925799,0 22.26118710,-16.58513019,0 22.26572800,-16.59100909,0 22.26807820,-16.59502249,0 22.26989170,-16.60847469,0 22.28315160,-16.62413409,0 22.28990380,-16.62557869,0 22.29522900,-16.63166999,0 22.31868930,-16.65381049,0 22.33800890,-16.67026899,0 22.33833280,-16.67050599,0 22.33936880,-16.67208859,0 22.35360910,-16.68361659,0 22.35643580,-16.69142719,0 22.35521320,-16.69922449,0 22.36281780,-16.70338249,0 22.37708850,-16.70802499,0 22.38020940,-16.71027429,0 22.38597680,-16.71818919,0 22.40855790,-16.74285319,0 22.42844770,-16.76342579,0 22.44683270,-16.77965739,0 22.47116660,-16.80795859,0 22.48234560,-16.82017329,0 22.49221800,-16.82643509,0 22.49767870,-16.82895379,0 22.49695780,-16.83647159,0 22.51596450,-16.85717959,0 22.52737430,-16.86822699,0 22.54402920,-16.87951849,0 22.54558570,-16.88019799,0 22.55737500,-16.89244079,0 22.59189030,-16.92927169,0 22.61908480,-16.95308899,0 22.62108800,-16.95934869,0 22.63751980,-16.97017099,0 22.64632990,-16.97799489,0 22.65680120,-16.98972129,0 22.67730210,-17.00769689,0 22.68636700,-17.01700399,0 22.69410090,-17.02550439,0 22.69418910,-17.02582929,0 22.68868640,-17.03339199,0 22.69273190,-17.03936579,0 22.70799640,-17.04444499,0 22.71203230,-17.04521309,0 22.71271130,-17.04595949,0 22.72320410,-17.05693539,0 22.72442820,-17.06467059,0 22.73588980,-17.07020519,0 22.73615650,-17.07048419,0 22.73629330,-17.07068509,0 22.73491100,-17.07662389,0 22.73705290,-17.08121679,0 22.74896010,-17.08961229,0 22.75519370,-17.09950639,0 22.77452280,-17.11183549,0 22.78588870,-17.12252239,0 22.79843520,-17.14364049,0 22.80536420,-17.15907569,0 22.80283550,-17.16348269,0 22.80378530,-17.16876409,0 22.80643840,-17.17241289,0 22.81020930,-17.17457959,0 22.81573060,-17.17676859,0 22.81578830,-17.17686459,0 22.83687970,-17.18781849,0 22.85507970,-17.19365879,0 22.87640190,-17.20326229,0 22.89581870,-17.21493909,0 22.90661620,-17.22390559,0 22.92340090,-17.23534969,0 22.94211390,-17.25093079,0 22.96471020,-17.26617999,0 22.98097420,-17.27499959,0 22.99730980,-17.28299239,0 22.99795530,-17.28436469,0 23.00181880,-17.28578629,0 23.01095480,-17.29297779,0 23.01157950,-17.29997629,0 23.01062390,-17.30571559,0 23.02658840,-17.31843379,0 23.03464470,-17.33020509,0 23.03565030,-17.33282089,0 23.03794880,-17.33503279,0 23.04003520,-17.33808139,0 23.04326530,-17.34014889,0 23.05876920,-17.35506819,0 23.06719470,-17.36713079,0 23.07281110,-17.38490679,0 23.08478360,-17.41015619,0 23.09268190,-17.41841699,0 23.10464670,-17.42438129,0 23.11373520,-17.42548249,0 23.12527080,-17.43345639,0 23.12852620,-17.43625329,0 23.12834170,-17.44112779,0 23.12954140,-17.44571879,0 23.13600730,-17.45306209,0 23.14726070,-17.46040149,0 23.14176370,-17.46797939,0 23.14679150,-17.47165109,0 23.17144200,-17.47530559,0 23.18365100,-17.47988699,0 23.18724250,-17.48286819,0 23.19707870,-17.50214389,0 23.20785900,-17.51016809,0 23.21595570,-17.52158159,0 23.17671590,-17.49598499,0 23.13016700,-17.46813579,0 23.07811930,-17.43239209,0 23.06351470,-17.42096139,0 23.04236220,-17.40440749,0 23.02140810,-17.36490629,0 22.97779460,-17.33075139,0 22.92912480,-17.31821059,0 22.90533220,-17.31568449,0 22.89015960,-17.31407359,0 22.83443070,-17.30953789,0 22.78528590,-17.30492399,0 22.71945760,-17.30557439,0 22.68186830,-17.30726139,0 22.67100720,-17.30774879,0 22.62723920,-17.31153679,0 22.60598180,-17.32312579,0 22.56523130,-17.31953429,0 22.54028840,-17.32633059,0 22.53720280,-17.32717129,0 22.53000320,-17.32471029,0 22.49030300,-17.31114009,0 22.46203970,-17.30685259,0 22.45851710,-17.30631829,0 22.45026520,-17.30307559,0 22.42603110,-17.29355239,0 22.38136100,-17.27421189,0 22.38013080,-17.27203749,0 22.33892250,-17.26763149,0 22.30912880,-17.26267929,0 22.29994200,-17.26115229,0 22.24113460,-17.24802019,0 22.19682310,-17.24554439,0 22.14514920,-17.22779459,0 22.09771730,-17.21397589,0 22.08899250,-17.20856449,0 22.05744930,-17.18900019,0 22.05251500,-17.18593979,0 22.02613560,-17.17436719,0 22.01944160,-17.17143059,0 21.99779700,-17.16194149,0 21.98443100,-17.15557089,0 21.98062300,-17.15375599,0 21.97433850,-17.15076069,0 21.96587120,-17.14516209,0 21.93696980,-17.12605289,0 21.90629200,-17.11037639,0 21.87038230,-17.10836219,0 21.83208470,-17.10635949,0 21.80268100,-17.09747699,0 21.75963210,-17.09833909,0 21.72735020,-17.09968949,0 21.69218440,-17.11127659,0 21.67467450,-17.12289679,0 21.66367340,-17.13019749,0 21.63133240,-17.12586019,0 21.60177430,-17.11580599,0 21.58871650,-17.11136439,0 21.55503270,-17.09226419,0 21.51959990,-17.07714649,0 21.47954560,-17.07851599,0 21.44974140,-17.08834269,0 21.40496640,-17.09654619,0 21.36439510,-17.10699079,0 21.31544690,-17.11690519,0 21.27484270,-17.12302069,0 21.26467700,-17.12455179,0 21.21342850,-17.14581869,0 21.18830130,-17.15900949,0 21.16805930,-17.16963579,0 21.16757970,-17.16988749,0 21.14834150,-17.17473799,0 21.13773540,-17.17741199,0 21.08266260,-17.17312429,0 21.05672140,-17.16248449,0 21.03884700,-17.15515329,0 21.00034140,-17.12750049,0 21.00908090,-17.09907339,0 21.04010200,-17.08985139,0 21.06940840,-17.09028819,0 21.10597990,-17.10091019,0 21.14784050,-17.10071369,0 21.19087600,-17.09766769,0 21.22543910,-17.08386799,0 21.25684870,-17.07493859,0 21.27017590,-17.07114979,0 21.30801210,-17.05116439,0 21.35705570,-17.02525899,0 21.39751240,-17.00402449,0 21.43813510,-17.00095559,0 21.48560710,-17.02566909,0 21.53901670,-17.04522899,0 21.58822820,-17.06310079,0 21.62246890,-17.07822039,0 21.71143530,-17.06515499,0 21.73079870,-17.03038599,0 21.75511170,-17.01148409,0 21.78969960,-17.00329969,0 21.81851960,-17.01445959,0 21.85270880,-17.02444459,0 21.86019400,-17.02792769,0 21.88877110,-17.04122539,0 21.90889550,-17.02290919,0 21.89778900,-16.99232099,0 21.89484450,-16.98651319,0 21.88372990,-16.96459009,0 21.86963080,-16.93288419,0 21.85326580,-16.91254999,0 21.84642870,-16.90574309,0 21.83921550,-16.89856179,0 21.83513640,-16.89450069,0 21.81811900,-16.86848829,0 21.78678320,-16.84427639,0 21.76562120,-16.82112689,0 21.74444390,-16.79627229,0 21.70161060,-16.75678249,0 21.64641760,-16.73384279,0 21.60093880,-16.72560499,0 21.57156560,-16.71499059,0 21.53425980,-16.68737219,0 21.50656320,-16.66423989,0 21.48183630,-16.63937949,0 21.44218830,-16.61460299,0 21.40194700,-16.58925439,0 21.37843510,-16.56494519,0 21.32385060,-16.53625299,0 21.28606800,-16.51655769,0 21.23281290,-16.50148389,0 21.19691660,-16.49143029,0 21.15029530,-16.48312949,0 21.12643700,-16.46222299,0 21.12384030,-16.45994759,0 21.10210230,-16.42934989,0 21.09793420,-16.42392979,0 21.07857510,-16.39875599,0 21.05866240,-16.37155529,0 21.00952150,-16.34391019,0 20.98440170,-16.33548929,0 20.95217700,-16.33335109,0 20.90254780,-16.31763079,0 20.85419460,-16.31213379,0 20.85882760,-16.29392049,0 20.88315770,-16.27790259,0 20.91108890,-16.26528169,0 20.93664360,-16.25437159,0 20.99035450,-16.25983429,0 21.03935050,-16.27156259,0 21.08126830,-16.29241559,0 21.11604310,-16.31443209,0 21.15276150,-16.35349269,0 21.18458940,-16.37778659,0 21.21465110,-16.40436169,0 21.21031950,-16.38675689,0 21.20412830,-16.36120219,0 21.20203970,-16.32709689,0 21.20192320,-16.31371839,0 21.20178220,-16.29752729,0 21.20095780,-16.29172269,0 21.19669720,-16.26172639,0 21.19753650,-16.22134399,0 21.21656610,-16.21556279,0 21.24060440,-16.23705289,0 21.25217250,-16.26372339,0 21.25249670,-16.30011559,0 21.25499650,-16.32406009,0 21.25576020,-16.33137509,0 21.25688950,-16.35572629,0 21.25723650,-16.36320879,0 21.26347350,-16.39331049,0 21.26919760,-16.42109789,0 21.27283290,-16.43874549,0 21.28253050,-16.44785629,0 21.29870990,-16.46305659,0 21.34354780,-16.47191239,0 21.35465680,-16.47342109,0 21.36197960,-16.47441559,0 21.38883210,-16.47806239,0 21.40389630,-16.48010829,0 21.43918230,-16.48786539,0 21.44878840,-16.49422789,0 21.46981430,-16.50815389,0 21.51376910,-16.54711719,0 21.56305500,-16.58092309,0 21.57392500,-16.59716499,0 21.59033010,-16.62167739,0 21.63897710,-16.64921949,0 21.65164130,-16.65457969,0 21.69055750,-16.67105099,0 21.73749800,-16.68276929,0 21.75043490,-16.68599889,0 21.79595950,-16.69876099,0 21.82971380,-16.72693819,0 21.85996060,-16.76138689,0 21.89333530,-16.80773929,0 21.91903310,-16.86152459,0 21.93916890,-16.89830209,0 21.96061710,-16.94472309,0 21.96809580,-16.97136119,0 21.97986980,-17.00762369,0 22.00676540,-17.05853269,0 22.02710720,-17.11062049,0 22.07161140,-17.13128849,0 22.12067220,-17.13261029,0 22.18061450,-17.14291949,0 22.23295590,-17.16747469,0 22.27284050,-17.19950289,0 22.33387370,-17.20012279,0 22.36675260,-17.19813729,0 22.37414360,-17.19990349,0 22.41716580,-17.21018409,0 22.46471020,-17.23133469,0 22.51942630,-17.25127409,0 22.57209590,-17.25192259,0 22.58010670,-17.25077439,0 22.62285800,-17.24463459,0 22.67549510,-17.24299429,0 22.73334500,-17.22937389,0 22.79748650,-17.24543489,0 22.83363340,-17.25448609,0 22.86640170,-17.24450109,0 22.84763150,-17.23487089,0 22.82629970,-17.21865839,0 22.78704830,-17.19050029,0 22.76144980,-17.17343519,0 22.72789380,-17.13972469,0 22.70597080,-17.11211779,0 22.69425960,-17.08724589,0 22.67170720,-17.05680079,0 22.64376640,-17.02526659,0 22.61192320,-16.97047809,0 22.59836200,-16.94050409,0 22.56472400,-16.92832179,0 22.52929690,-16.91615299,0 22.48655510,-16.89325329,0 22.45173840,-16.88163759,0 22.41070010,-16.86238729,0 22.40063100,-16.85766409,0 22.39020750,-16.85038909,0 22.35239410,-16.82399749,0 22.35609450,-16.80563229,0 22.35754120,-16.79845229,0 22.35801320,-16.79611019,0 22.32411810,-16.74841689,0 22.31908230,-16.74133109,0 22.31785780,-16.73821889,0 22.30303960,-16.70055389,0 22.28534890,-16.67115399,0 22.26755140,-16.63265799,0 22.23419380,-16.59087749,0 22.20581250,-16.56439779,0 22.16618160,-16.54539109,0 22.15049930,-16.53773879,0 22.13855360,-16.52579309,0 22.11636730,-16.50787349,0 22.10100940,-16.48483469,0 22.09759520,-16.47118189,0 22.08906360,-16.44985009,0 22.08381080,-16.42500109,0 22.07140350,-16.40458679,0 22.05319790,-16.37857439,0 22.01644630,-16.35907249,0 22.00037770,-16.35054589,0 21.99907680,-16.34798239,0 21.98572920,-16.32165719,0 21.98299410,-16.29096979,0 21.97899580,-16.27607269,0 21.97613910,-16.26542849,0 21.95426750,-16.22976299,0 21.92907910,-16.21686739,0 21.91466980,-16.21001549,0 21.89491270,-16.20062069,0 21.87621500,-16.18141749,0 21.86633780,-16.15853059,0 21.86275480,-16.15022849,0 21.85173800,-16.12414169,0 21.83113860,-16.09357069,0 21.79502110,-16.06025699,0 21.76553150,-16.03314969,0 21.73840330,-16.00374979,0 21.70002560,-15.98010829,0 21.69156240,-15.96017449,0 21.68557170,-15.94606399,0 21.67107770,-15.94615839,0 21.65832900,-15.92291159,0 21.63607790,-15.90200039,0 21.62224770,-15.88900089,0 21.58569530,-15.86703679,0 21.55105970,-15.85757539,0 21.53076930,-15.85314559,0 21.49856190,-15.84764769,0 21.46400830,-15.84614279,0 21.42468830,-15.84409239,0 21.39729690,-15.84424689,0 21.36584660,-15.82159899,0 21.38627620,-15.81187059,0 21.39713100,-15.76343439,0 21.39616780,-15.72416689,0 21.39269830,-15.67181969,0 21.38382530,-15.61380479,0 21.38282430,-15.61130179,0 21.37808030,-15.59943929,0 21.37042240,-15.58029079,0 21.36841970,-15.57631769,0 21.35513610,-15.54996369,0 21.34981730,-15.53941149,0 21.32852170,-15.49415399,0 21.32885550,-15.49193099,0 21.30568310,-15.46107669,0 21.26969340,-15.42653179,0 21.23878480,-15.42782969,0 21.22812630,-15.44051749,0 21.21524620,-15.45584959,0 21.21562580,-15.49912169,0 21.23147200,-15.54231259,0 21.25073810,-15.56840319,0 21.26803670,-15.59643929,0 21.26824570,-15.59677789,0 21.25227910,-15.61909229,0 21.24003600,-15.63620279,0 21.21161080,-15.65171619,0 21.16939930,-15.65647789,0 21.13841060,-15.65093519,0 21.11924740,-15.63679499,0 21.10206080,-15.62868649,0 21.09774210,-15.62664889,0 21.09453730,-15.62925669,0 21.08296780,-15.63867089,0 21.07370950,-15.67059139,0 21.06441120,-15.69738579,0 21.04432870,-15.71625899,0 21.01000400,-15.74031729,0 20.98220830,-15.76320269,0 20.92755510,-15.77765849,0 20.90238000,-15.78571699,0 20.87753300,-15.77558229,0 20.85298350,-15.75689599,0 20.81235310,-15.73655989,0 20.76878930,-15.72134969,0 20.70970730,-15.69878769,0 20.66731830,-15.67957499,0 20.62798310,-15.67116259,0 20.56843760,-15.66565039,0 20.52619930,-15.66747759,0 20.46017270,-15.67220779,0 20.40542030,-15.67177489,0 20.34770010,-15.67247869,0 20.31853680,-15.67197129,0 20.27802470,-15.66351599,0 20.25778880,-15.64470669,0 20.24991230,-15.63738539,0 20.23830870,-15.62840419,0 20.22864810,-15.62092689,0 20.20808980,-15.60501479,0 20.16989330,-15.58230779,0 20.10660170,-15.53572079,0 20.06546020,-15.51528069,0 20.02379040,-15.50736049,0 19.96550370,-15.50742339,0 19.92504120,-15.50290489,0 19.88994980,-15.50293249,0 19.83223340,-15.49613669,0 19.80528800,-15.49390839,0 19.80486680,-15.49387359,0 19.78462410,-15.48818779,0 19.77727050,-15.48462889,0 19.75934600,-15.47595409,0 19.76548960,-15.46086499,0 19.76642700,-15.45741499,0 19.77663040,-15.41986269,0 19.79067100,-15.39937909,0 19.79732320,-15.38967419,0 19.81511880,-15.37941649,0 19.85546680,-15.36060049,0 19.89168550,-15.35032559,0 19.92551610,-15.33833979,0 19.95518680,-15.32692239,0 20.00089650,-15.31434729,0 20.03174400,-15.30178259,0 20.03264920,-15.30017199,0 20.04248330,-15.28267349,0 20.04647830,-15.27556509,0 20.04158210,-15.24538519,0 20.03669930,-15.21805099,0 20.02052120,-15.18902109,0 20.00434300,-15.15941909,0 19.98645400,-15.14405629,0 19.95669560,-15.13155459,0 19.92458150,-15.12246799,0 19.89254660,-15.11215699,0 19.86807820,-15.10428139,0 19.85794260,-15.09460349,0 19.83824350,-15.06954859,0 19.83324380,-15.04518159,0 19.83158110,-15.03707789,0 19.83210370,-15.01941589,0 19.86705970,-15.00116249,0 19.88666920,-15.00513739,0 19.90510180,-15.01139159,0 19.92535210,-15.02618789,0 19.94312100,-15.01591679,0 19.94189070,-15.00623229,0 19.94359210,-14.98799799,0 19.93459320,-14.96635529,0 19.92205050,-14.94870189,0 19.90713120,-14.93047999,0 19.88749290,-14.90379839,0 19.88743020,-14.90371319,0 19.87464030,-14.88646559,0 19.85997770,-14.86669249,0 19.77841760,-14.79948809,0 19.75344470,-14.78524879,0 19.72075460,-14.76872829,0 19.70258120,-14.75865649,0 19.68368690,-14.74818519,0 19.68271450,-14.74764629,0 19.65417290,-14.72826859,0 19.62860300,-14.70831779,0 19.61846350,-14.69121649,0 19.62311550,-14.66328809,0 19.63307570,-14.62680819,0 19.63950350,-14.59830759,0 19.63646700,-14.57664489,0 19.61508940,-14.56638149,0 19.58129310,-14.56466389,0 19.55168910,-14.57662579,0 19.53452490,-14.58687969,0 19.51616860,-14.59485239,0 19.49901960,-14.61023519,0 19.49264600,-14.61663239,0 19.48482890,-14.62447829,0 19.46769140,-14.64498899,0 19.45352550,-14.66948799,0 19.44292450,-14.69741059,0 19.43353460,-14.73559189,0 19.43420030,-14.76294899,0 19.44142340,-14.80170819,0 19.44686320,-14.83932499,0 19.45291900,-14.88434789,0 19.45540810,-14.92708779,0 19.45846180,-14.95785899,0 19.45819800,-14.96056319,0 19.45557210,-14.98748489,0 19.45448110,-15.02224059,0 19.45393050,-15.02754959,0 19.45346050,-15.03208009,0 19.45259180,-15.04045579,0 19.45158580,-15.05015469,0 19.43143840,-15.06552219,0 19.39469610,-15.07038999,0 19.38869480,-15.07118509,0 19.35898590,-15.06488989,0 19.33877370,-15.05575369,0 19.33561260,-15.05474019,0 19.32340620,-15.05082669,0 19.31916240,-15.04946609,0 19.31353950,-15.04655649,0 19.31145210,-15.05005899,0 19.30587520,-15.05941639,0 19.30434610,-15.06198219,0 19.27709390,-15.09271339,0 19.26351740,-15.13314249,0 19.28204350,-15.18671229,0 19.29802610,-15.22430129,0 19.29876330,-15.22603509,0 19.31315280,-15.25185979,0 19.31845280,-15.26137159,0 19.33160590,-15.29669759,0 19.32574650,-15.33370879,0 19.31957690,-15.36252539,0 19.31530710,-15.38246839,0 19.31237020,-15.39618579,0 19.31221580,-15.39690689,0 19.30855220,-15.41170689,0 19.29925160,-15.44927879,0 19.30646710,-15.48515889,0 19.30801630,-15.52307559,0 19.30835150,-15.53127859,0 19.30841520,-15.53210639,0 19.30969240,-15.54871869,0 19.31019020,-15.55519289,0 19.31023210,-15.55645659,0 19.31274030,-15.63204959,0 19.31041720,-15.65709399,0 19.30218320,-15.70148279,0 19.28978540,-15.74814029,0 19.27684590,-15.82211109,0 19.27095990,-15.85453989,0 19.27165990,-15.86615469,0 19.27190860,-15.87028459,0 19.27342800,-15.89551349,0 19.27220110,-15.91074579,0 19.26994510,-15.93875409,0 19.26404000,-15.96321199,0 19.27668190,-16.02581019,0 19.27741790,-16.02751569,0 19.28506610,-16.04523889,0 19.28595730,-16.04730419,0 19.29584310,-16.07020759,0 19.31323620,-16.11971469,0 19.32707790,-16.17774769,0 19.32582550,-16.18512039,0 19.32431500,-16.19401219,0 19.32237900,-16.20540929,0 19.32060620,-16.21584509,0 19.30996130,-16.25507349,0 19.29811670,-16.29202459,0 19.27735710,-16.34544939,0 19.26313210,-16.38921359,0 19.24709890,-16.42614559,0 19.21919250,-16.49716759,0 19.19063950,-16.54771419,0 19.16745000,-16.59883119,0 19.14306450,-16.65448759,0 19.14135930,-16.70562739,0 19.14799880,-16.74825479,0 19.15184940,-16.76357749,0 19.15942570,-16.79372599,0 19.16889990,-16.80616119,0 19.21272660,-16.86368559,0 19.29355620,-16.93706699,0 19.29622080,-16.93967819,0 19.34987070,-16.99221989,0 19.41873550,-17.03714559,0 19.49899860,-17.08660129,0 19.55532650,-17.12410159,0 19.62846180,-17.17464639,0 19.68781280,-17.21154979,0 19.68968940,-17.21262749,0 19.74378030,-17.24369309,0 19.75796320,-17.25183869,0 19.79925560,-17.29177309,0 19.80841830,-17.30063439,0 19.84203910,-17.32672309,0 19.87265590,-17.34883879,0 19.90213580,-17.38400269,0 19.94456870,-17.42540319,0 19.97128300,-17.45146749,0 20.03738020,-17.50019069,0 20.07168300,-17.53345319,0 20.07769580,-17.53928379,0 20.08569540,-17.54116509,0 20.09900860,-17.54429629,0 20.10028240,-17.54459559,0 20.12087250,-17.54943469,0 20.17798610,-17.58962249,0 20.25845720,-17.62521359,0 20.32147600,-17.64437099,0 20.36477090,-17.67036629,0 20.43510440,-17.70649719,0 20.44421960,-17.70874599,0 20.50113110,-17.72277259,0 20.57811930,-17.76395029,0 20.68441200,-17.79140659,0 20.74581910,-17.82748599,0 20.80533790,-17.84938619,0 20.86677170,-17.88487049,0 20.92204280,-17.89769169,0 21.00524140,-17.87807269,0 21.04894640,-17.86937899,0 21.15091130,-17.87231249,0 21.21763800,-17.89069559,0 21.29450610,-17.90220829,0 21.35220340,-17.91550829,0 21.37833790,-17.92883869,0 21.41488460,-17.94747159,0 21.47755050,-17.97658919,0 21.49962040,-17.99304959,0 21.51539890,-18.00481769,0 21.42472200,-18.02196629,0 21.42442470,-18.02166899,0 21.41667560,-18.01391979,0 21.40643500,-18.01050569,0 21.38528680,-18.00839089,0 21.37678340,-17.99897379,0 21.37535700,-17.99819979,0 21.36803820,-17.99088099,0 21.35694500,-17.98661419,0 21.34670640,-17.98575969,0 21.33447900,-17.98575969,0 21.32196040,-17.98575969,0 21.30916210,-17.97637369,0 21.30081500,-17.97533129,0 21.28855160,-17.96945039,0 21.28526880,-17.96698759,0 21.28100400,-17.96528239,0 21.27503010,-17.96869469,0 21.26735120,-17.96613499,0 21.26137730,-17.96186829,0 21.24175260,-17.95504189,0 21.22895240,-17.93968389,0 21.21956630,-17.93371009,0 21.18543620,-17.93541719,0 21.17860980,-17.93797679,0 21.15727810,-17.93456269,0 21.15130420,-17.93797679,0 21.14191820,-17.93797679,0 21.13850400,-17.94138909,0 21.12997060,-17.94138909,0 21.12229350,-17.93797679,0 21.11802480,-17.93797679,0 21.10693360,-17.94906999,0 21.10096170,-17.95077509,0 21.07109450,-17.94651029,0 21.06597520,-17.94736289,0 21.06075540,-17.95258419,0 21.05010410,-17.95161629,0 21.03432080,-17.95340349,0 21.01639370,-17.95613289,0 21.00947000,-17.95781899,0 21.00505850,-17.95883359,0 20.99856570,-17.95930859,0 20.99778720,-17.95912319,0 20.98064800,-17.95504189,0 20.94395640,-17.96698759,0 20.93542480,-17.97978779,0 20.92774390,-17.98490719,0 20.89787860,-17.99429319,0 20.89446640,-17.99344059,0 20.89310140,-17.99821929,0 20.88299800,-18.00538639,0 20.87825390,-18.00538639,0 20.86972240,-18.00879859,0 20.86886790,-18.01391979,0 20.86752980,-18.01692929,0 20.85177040,-18.02759549,0 20.83578680,-18.03351019,0 20.81686780,-18.03462219,0 20.79567150,-18.02608869,0 20.77791600,-18.02442359,0 20.77176880,-18.02345559,0 20.76988600,-18.02245139,0 20.76871050,-18.02297409,0 20.76278690,-18.02204129,0 20.75646780,-18.01473999,0 20.75263420,-18.01340949,0 20.75282100,-18.01135829,0 20.75026130,-18.00879859,0 20.74258040,-18.00794599,0 20.74043100,-18.00917429,0 20.74034310,-18.00914379,0 20.71905900,-18.01279829,0 20.70193860,-18.00398829,0 20.67585560,-17.98674199,0 20.65418530,-17.98363599,0 20.64616010,-17.97808069,0 20.63808270,-17.98077359,0 20.61581990,-17.97555539,0 20.59161190,-17.97508049,0 20.56555370,-17.98060229,0 20.54865750,-17.98316319,0 20.54759630,-17.98318969,0 20.54218250,-17.98111809,0 20.53146330,-17.97665249,0 20.51935580,-17.96327779,0 20.50043500,-17.95784459,0 20.49342350,-17.95333669,0 20.49204440,-17.95284409,0 20.47745700,-17.94383619,0 20.46866800,-17.92825699,0 20.45820240,-17.91246219,0 20.43494030,-17.91011809,0 20.41382790,-17.90706439,0 20.41048020,-17.90585019,0 20.40126800,-17.90043259,0 20.39273640,-17.90043259,0 20.39017490,-17.89787289,0 20.37737660,-17.89701839,0 20.37613150,-17.89776529,0 20.35955970,-17.89235219,0 20.35442900,-17.88961619,0 20.34528920,-17.88020129,0 20.33547380,-17.87629639,0 20.32617950,-17.86886019,0 20.31679150,-17.86459349,0 20.29972840,-17.86886019,0 20.29503340,-17.87590339,0 20.28537410,-17.87657929,0 20.27668760,-17.87056729,0 20.26730350,-17.87056729,0 20.25962450,-17.87398149,0 20.25621030,-17.88080599,0 20.25279620,-17.88336749,0 20.25279620,-17.88933939,0 20.25023840,-17.89275359,0 20.24085040,-17.89616579,0 20.23402400,-17.88933939,0 20.22634510,-17.88933939,0 20.22460200,-17.88983749,0 20.22031590,-17.88800619,0 20.19870190,-17.88193889,0 20.18644840,-17.88517739,0 20.18282700,-17.88336749,0 20.17002870,-17.88080599,0 20.16576190,-17.88933939,0 20.15296360,-17.89104649,0 20.12907030,-17.90725899,0 20.12139130,-17.90811159,0 20.11371230,-17.91237829,0 20.10859110,-17.91152569,0 20.09497520,-17.90290169,0 20.08299450,-17.89531329,0 20.05910300,-17.89189909,0 20.03862380,-17.90043259,0 20.03026500,-17.90236129,0 20.01845740,-17.90126229,0 20.01370770,-17.89919529,0 19.99681280,-17.88933939,0 19.98324350,-17.89098469,0 19.97763630,-17.89021489,0 19.95909690,-17.87811659,0 19.93911360,-17.86487389,0 19.92357950,-17.86729199,0 19.92086980,-17.86630059,0 19.91318890,-17.86630059,0 19.89866250,-17.87667759,0 19.89536670,-17.87822909,0 19.86709790,-17.87860489,0 19.83904460,-17.87575149,0 19.82236830,-17.87665389,0 19.81591610,-17.87483409,0 19.79884910,-17.87654109,0 19.79117010,-17.88080599,0 19.78263850,-17.88933939,0 19.77154540,-17.89531329,0 19.76874450,-17.90315509,0 19.76282310,-17.90857509,0 19.74148370,-17.90682789,0 19.73012350,-17.89168169,0 19.72726840,-17.89066079,0 19.72717480,-17.89019199,0 19.72120090,-17.88251299,0 19.71693610,-17.88080599,0 19.71266750,-17.87995339,0 19.70925520,-17.87910079,0 19.70413590,-17.87824629,0 19.70499040,-17.88166049,0 19.70840260,-17.88422009,0 19.71176100,-17.88673929,0 19.70492940,-17.88626479,0 19.68491740,-17.86562539,0 19.68411540,-17.86532739,0 19.68365670,-17.86459349,0 19.67768480,-17.85862159,0 19.66317750,-17.85350229,0 19.64952660,-17.85350229,0 19.62392810,-17.86032869,0 19.61368750,-17.86630059,0 19.60515590,-17.86544799,0 19.59576800,-17.86459349,0 19.58955770,-17.86552569,0 19.58715440,-17.86485099,0 19.58168940,-17.86670679,0 19.57870290,-17.86715509,0 19.57713290,-17.86825409,0 19.57687000,-17.86834339,0 19.56879640,-17.87306969,0 19.54969220,-17.87227439,0 19.53029250,-17.86742469,0 19.52628900,-17.86414149,0 19.52044660,-17.86496339,0 19.51214600,-17.86288829,0 19.50617220,-17.86374089,0 19.50446700,-17.86715509,0 19.50365110,-17.87205409,0 19.50318100,-17.87236099,0 19.49984950,-17.87302669,0 19.49919120,-17.87297049,0 19.49422840,-17.86800769,0 19.49337390,-17.86971469,0 19.48621540,-17.87186189,0 19.48336550,-17.87161849,0 19.47716330,-17.86886019,0 19.46692280,-17.86715509,0 19.45839120,-17.86288829,0 19.45327000,-17.86544799,0 19.44985770,-17.86630059,0 19.44473650,-17.86715509,0 19.43961910,-17.86800769,0 19.43623790,-17.86868389,0 19.42893200,-17.86928419,0 19.42255210,-17.86800769,0 19.42006130,-17.86900419,0 19.40745540,-17.86795229,0 19.40617900,-17.86770299,0 19.40619470,-17.86768559,0 19.41045560,-17.86190319,0 19.41410390,-17.85574869,0 19.41710450,-17.84928129,0 19.41942860,-17.84256349,0 19.42105380,-17.83565979,0 19.42196470,-17.82863679,0 19.42215240,-17.82156219,0 19.42161540,-17.81450389,0 19.42035890,-17.80753009,0 19.41839500,-17.80070769,0 19.41574270,-17.79410249,0 19.41242760,-17.78777809,0 19.40848170,-17.78179529,0 19.40394300,-17.77621159,0 19.39885510,-17.77108089,0 19.39326720,-17.76645239,0 19.38723290,-17.76237079,0 19.38202170,-17.75953459,0 19.38946340,-17.76006509,0 19.46740530,-17.76692769,0 19.52735520,-17.76979449,0 19.57892420,-17.77491569,0 19.64787480,-17.77946279,0 19.71142960,-17.78342819,0 19.76118280,-17.78285029,0 19.81453320,-17.78282739,0 19.87870030,-17.78846169,0 19.93567090,-17.79351999,0 19.99385450,-17.80083469,0 20.05207630,-17.81550979,0 20.08864210,-17.81432719,0 20.13060000,-17.81256679,0 20.18033600,-17.80795289,0 20.22826580,-17.80220029,0 20.26542470,-17.80043029,0 20.29178810,-17.79811099,0 20.35425570,-17.81838989,0 20.41979220,-17.84885219,0 20.46791650,-17.87367629,0 20.51244540,-17.89793399,0 20.54913900,-17.91483879,0 20.58338360,-17.92380909,0 20.62177470,-17.92482759,0 20.66494940,-17.92355919,0 20.66370180,-17.92218809,0 20.64077570,-17.89699359,0 20.58728220,-17.87901689,0 20.53857230,-17.85818099,0 20.49469380,-17.84129329,0 20.44445330,-17.81849329,0 20.42848970,-17.81124879,0 20.37080380,-17.77809719,0 20.32868770,-17.75153919,0 20.28900340,-17.72950739,0 20.26443650,-17.71771729,0 20.23871840,-17.70537449,0 20.20307540,-17.68826869,0 20.16207470,-17.67017379,0 20.15442470,-17.66679759,0 20.10276990,-17.64248659,0 20.05110550,-17.61419489,0 20.01023480,-17.58588219,0 19.96874620,-17.55188939,0 19.93747330,-17.52355379,0 19.90439410,-17.49124149,0 19.87071800,-17.45779229,0 19.83825490,-17.42660519,0 19.80823520,-17.40505599,0 19.77220920,-17.37726589,0 19.74038310,-17.35116959,0 19.69236950,-17.31485559,0 19.66059300,-17.29839709,0 19.61322020,-17.26944539,0 19.57247350,-17.25127219,0 19.53052330,-17.22911829,0 19.48919300,-17.21263499,0 19.43704990,-17.17740439,0 19.42948480,-17.17226199,0 19.41116950,-17.15981219,0 19.40109440,-17.15296359,0 19.36685090,-17.13190579,0 19.35856440,-17.12681009,0 19.33281140,-17.11202049,0 19.29778860,-17.06658169,0 19.29673960,-17.06437869,0 19.29514500,-17.06102939,0 19.25188450,-17.01936529,0 19.19980050,-16.98124119,0 19.17286110,-16.95904919,0 19.15488820,-16.93516729,0 19.13391710,-16.90403679,0 19.13152120,-16.90048029,0 19.11173250,-16.85784149,0 19.09999470,-16.81916239,0 19.09552000,-16.80441089,0 19.08532140,-16.77484889,0 19.07928280,-16.72994999,0 19.08274720,-16.69615929,0 19.08458330,-16.67825129,0 19.09110450,-16.64644049,0 19.09458720,-16.62773269,0 19.09998890,-16.59871669,0 19.11604690,-16.55895999,0 19.13567350,-16.51579479,0 19.16065790,-16.46808619,0 19.17610740,-16.43002319,0 19.19390110,-16.37319559,0 19.17000010,-16.34984589,0 19.12882230,-16.33726879,0 19.09304620,-16.34459689,0 19.06441310,-16.34283829,0 19.05445820,-16.33679549,0 19.04767190,-16.33267609,0 19.02995870,-16.32192379,0 19.02024080,-16.31602479,0 18.99548770,-16.30086339,0 18.98204420,-16.29262919,0 18.97996060,-16.29063949,0 18.94563290,-16.25785829,0 18.92056850,-16.23448179,0 18.88536450,-16.20141029,0 18.86684990,-16.15472409,0 18.85507540,-16.13165839,0 18.84417150,-16.11029819,0 18.82270050,-16.08350559,0 18.80301860,-16.04533769,0 18.78392980,-15.99635789,0 18.75948910,-15.95134069,0 18.74558110,-15.92970729,0 18.73258210,-15.90948769,0 18.72969630,-15.91312979,0 18.69932560,-15.93977929,0 18.68145500,-15.93162469,0 18.66180230,-15.92265699,0 18.66001320,-15.93510249,0 18.65648070,-15.93800909,0 18.63797380,-15.95323749,0 18.62844090,-15.97539619,0 18.62479970,-16.00452419,0 18.60281940,-16.00034329,0 18.57720180,-16.00196079,0 18.54145620,-16.00126459,0 18.51588440,-16.01373289,0 18.51939960,-16.02792169,0 18.51700020,-16.05977249,0 18.51340870,-16.09161379,0 18.50922200,-16.11947249,0 18.49192050,-16.14727779,0 18.47819140,-16.17794039,0 18.46743970,-16.20804209,0 18.45788380,-16.23416709,0 18.44712830,-16.26483539,0 18.43935780,-16.28925699,0 18.43456650,-16.31539539,0 18.43454170,-16.34496309,0 18.43631170,-16.36885069,0 18.43178370,-16.38862419,0 18.43032650,-16.39498139,0 18.42314530,-16.42224309,0 18.42249750,-16.42475749,0 18.41934140,-16.43700779,0 18.41656110,-16.44779969,0 18.40460970,-16.46594239,0 18.39027210,-16.48237229,0 18.36221310,-16.49419209,0 18.35404010,-16.49569699,0 18.34194180,-16.47818949,0 18.33654810,-16.47435129,0 18.32345770,-16.46503639,0 18.31231850,-16.46125209,0 18.29124830,-16.45409389,0 18.25546260,-16.44313239,0 18.22506710,-16.42082019,0 18.19524960,-16.41158489,0 18.16187100,-16.39380069,0 18.12197690,-16.35323519,0 18.09696960,-16.32979769,0 18.08031460,-16.30696679,0 18.06368450,-16.27389909,0 18.04588320,-16.23286059,0 18.03108790,-16.18159679,0 18.00909230,-16.15474889,0 18.00724790,-16.14426609,0 18.00601920,-16.13728099,0 18.00438500,-16.12799069,0 17.98295380,-16.09600599,0 17.98181530,-16.09430689,0 17.96286010,-16.04641909,0 17.93795390,-15.99792289,0 17.91660500,-15.95968339,0 17.88632770,-15.92138959,0 17.88159510,-15.91579089,0 17.86255780,-15.89327029,0 17.85249140,-15.88136199,0 17.82212640,-15.87890619,0 17.79407880,-15.89865489,0 17.76244740,-15.92008589,0 17.72248650,-15.93747619,0 17.68370440,-15.95657729,0 17.65472900,-15.97758789,0 17.65026280,-15.98082639,0 17.62616650,-15.99092019,0 17.61148260,-15.99707129,0 17.57274250,-16.00079539,0 17.53688350,-16.00785169,0 17.52903750,-16.00939559,0 17.52856870,-16.04428289,0 17.52845380,-16.05283359,0 17.52589990,-16.09605219,0 17.53641510,-16.15073009,0 17.53614470,-16.16136069,0 17.53430370,-16.23375509,0 17.53280190,-16.28284809,0 17.53225140,-16.30084609,0 17.53226630,-16.30301019,0 17.53253430,-16.34176389,0 17.53263280,-16.35600659,0 17.52946470,-16.40317539,0 17.53004750,-16.41714889,0 17.53164670,-16.45549579,0 17.53383830,-16.50553699,0 17.53963850,-16.54877659,0 17.55797960,-16.59153179,0 17.58763500,-16.64344789,0 17.62041660,-16.65957829,0 17.65078160,-16.68478009,0 17.68057060,-16.70486069,0 17.71150210,-16.74255939,0 17.70243840,-16.77432059,0 17.70048520,-16.77522469,0 17.78402330,-16.82576749,0 17.89803160,-16.89860659,0 17.93634410,-16.92308429,0 18.08231930,-17.03097719,0 18.19444270,-17.11137009,0 18.22912220,-17.13623809,0 18.21623420,-17.11565019,0 18.19120030,-17.06385989,0 18.16675190,-17.02456089,0 18.16567880,-17.02219049,0 18.13995550,-16.96536639,0 18.12373220,-16.94232609,0 18.09942050,-16.90779879,0 18.06186100,-16.86330029,0 18.02612300,-16.81198499,0 18.02066810,-16.80528839,0 18.01938730,-16.81055319,0 18.01642070,-16.81893959,0 18.01261480,-16.82700559,0 18.00800590,-16.83467339,0 18.00263850,-16.84186919,0 17.99656420,-16.84852349,0 17.98984140,-16.85457239,0 17.98253480,-16.85995729,0 17.97471480,-16.86462649,0 17.96645680,-16.86853479,0 17.95784040,-16.87164459,0 17.94894870,-16.87392589,0 17.93986720,-16.87535669,0 17.93068370,-16.87592309,0 17.92148680,-16.87561969,0 17.91236500,-16.87444939,0 17.90340640,-16.87242339,0 17.89469730,-16.86956129,0 17.88632180,-16.86589059,0 17.87836060,-16.86144669,0 17.87089050,-16.85627249,0 17.86398350,-16.85041789,0 17.85770610,-16.84393919,0 17.85211870,-16.83689899,0 17.84727520,-16.82936509,0 17.84680580,-16.82844369,0 17.84171350,-16.82202579,0 17.84104840,-16.82099119,0 17.83609190,-16.81474369,0 17.83124970,-16.80720919,0 17.82841560,-16.80164459,0 17.82683680,-16.79918769,0 17.82278550,-16.79123199,0 17.82177910,-16.78863959,0 17.81891420,-16.78301309,0 17.81569260,-16.77471309,0 17.81342440,-16.76648619,0 17.81326900,-16.76608579,0 17.81090800,-16.75752139,0 17.81054180,-16.75535489,0 17.80692850,-16.74972859,0 17.80287930,-16.74177229,0 17.79965940,-16.73347169,0 17.79729960,-16.72490699,0 17.79582260,-16.71616049,0 17.79524250,-16.70731669,0 17.79556470,-16.69846059,0 17.79678610,-16.68967759,0 17.79889480,-16.68105229,0 17.80187020,-16.67266779,0 17.80568380,-16.66460469,0 17.81029850,-16.65694069,0 17.81567000,-16.64974949,0 17.82174640,-16.64310029,0 17.82846910,-16.63705729,0 17.83577350,-16.63167829,0 17.84358920,-16.62701529,0 17.85184090,-16.62311309,0 17.86044930,-16.62000909,0 17.86933150,-16.61773319,0 17.87840200,-16.61630729,0 17.88757370,-16.61574519,0 17.89675830,-16.61605209,0 17.90233680,-16.61677039,0 17.89940260,-16.61070439,0 17.89684760,-16.60606689,0 17.87752490,-16.57099529,0 17.87207410,-16.56110189,0 17.86969550,-16.55289579,0 17.86541030,-16.55675059,0 17.85810940,-16.56212999,0 17.85029660,-16.56679319,0 17.84204700,-16.57069499,0 17.83344030,-16.57379789,0 17.82455940,-16.57607199,0 17.81548990,-16.57749529,0 17.80631920,-16.57805409,0 17.79713590,-16.57774289,0 17.78802850,-16.57656469,0 17.77908470,-16.57453089,0 17.77039090,-16.57166109,0 17.76203100,-16.56798289,0 17.75408540,-16.56353179,0 17.74663080,-16.55835079,0 17.73973910,-16.55248959,0 17.73347660,-16.54600489,0 17.72790370,-16.53895919,0 17.72307410,-16.53142029,0 17.71903420,-16.52346099,0 17.71582280,-16.51515789,0 17.71347080,-16.50659109,0 17.71223320,-16.49922639,0 17.71181130,-16.49768959,0 17.71177810,-16.49749159,0 17.70549760,-16.49214629,0 17.69923840,-16.48565999,0 17.69366870,-16.47861289,0 17.68884210,-16.47107279,0 17.68782420,-16.46906549,0 17.68430200,-16.46356259,0 17.68026540,-16.45560199,0 17.67705710,-16.44729789,0 17.67470810,-16.43873019,0 17.67324080,-16.42998149,0 17.67266920,-16.42113619,0 17.67299870,-16.41227929,0 17.67422600,-16.40349629,0 17.67633920,-16.39487169,0 17.67931790,-16.38648849,0 17.68313320,-16.37842749,0 17.68774820,-16.37076629,0 17.69311850,-16.36357869,0 17.69919230,-16.35693369,0 17.70591110,-16.35089529,0 17.71321010,-16.34552159,0 17.72101910,-16.34086439,0 17.72926280,-16.33696839,0 17.73786210,-16.33387099,0 17.74673410,-16.33160209,0 17.75579340,-16.33018339,0 17.76495300,-16.32962859,0 17.77412470,-16.32994299,0 17.78322040,-16.33112359,0 17.79215260,-16.33315899,0 17.80083530,-16.33602949,0 17.80615770,-16.33837409,0 17.80233960,-16.32532879,0 17.78929900,-16.29852289,0 17.77270700,-16.26430319,0 17.76753340,-16.24957799,0 17.76551610,-16.25526559,0 17.76170610,-16.26332729,0 17.75709600,-16.27098939,0 17.75173030,-16.27817799,0 17.74566050,-16.28482389,0 17.73894510,-16.29086309,0 17.73164870,-16.29623719,0 17.72384170,-16.30089459,0 17.71559920,-16.30479019,0 17.70700060,-16.30788649,0 17.69812890,-16.31015369,0 17.68906970,-16.31156979,0 17.67991020,-16.31212119,0 17.67073870,-16.31180249,0 17.66164380,-16.31061679,0 17.65271320,-16.30857559,0 17.64403290,-16.30569839,0 17.63568670,-16.30201309,0 17.62775510,-16.29755509,0 17.62031440,-16.29236739,0 17.61343650,-16.28649999,0 17.60718750,-16.28000949,0 17.60162780,-16.27295849,0 17.59681070,-16.26541479,0 17.59278270,-16.25745139,0 17.58958250,-16.24914469,0 17.58724090,-16.24057499,0 17.58578020,-16.23182479,0 17.58521440,-16.22297839,0 17.58554900,-16.21412099,0 17.58678050,-16.20533799,0 17.58889690,-16.19671379,0 17.59187780,-16.18833169,0 17.59569430,-16.18027219,0 17.60030960,-16.17261299,0 17.60567920,-16.16542769,0 17.61175140,-16.15878559,0 17.61846740,-16.15275049,0 17.62576290,-16.14738049,0 17.63356730,-16.14272729,0 17.64180570,-16.13883549,0 17.65039880,-16.13574279,0 17.65926380,-16.13347869,0 17.66831560,-16.13206499,0 17.67746690,-16.13151539,0 17.68662990,-16.13183499,0 17.69571640,-16.13302079,0 17.70463900,-16.13506139,0 17.71331180,-16.13793709,0 17.72165160,-16.14162029,0 17.72957800,-16.14607539,0 17.73701480,-16.15125979,0 17.74389040,-16.15712329,0 17.74867400,-16.16208929,0 17.76473050,-16.14424899,0 17.80399320,-16.17065049,0 17.82594490,-16.20661349,0 17.85558320,-16.26763919,0 17.87217710,-16.30583569,0 17.88933180,-16.35767939,0 17.89994430,-16.40550039,0 17.91232490,-16.46242139,0 17.92474370,-16.50626369,0 17.93780710,-16.53248409,0 17.95619580,-16.57919499,0 17.97581480,-16.61283489,0 17.99305730,-16.64361569,0 18.01864050,-16.68466949,0 18.03947830,-16.71432879,0 18.05971150,-16.74852559,0 18.08593180,-16.77990909,0 18.10858350,-16.80445289,0 18.12466810,-16.82839579,0 18.14255140,-16.85177609,0 18.15187210,-16.86782089,0 18.15446470,-16.87228389,0 18.16697500,-16.89449879,0 18.17099920,-16.89978829,0 18.18605800,-16.91958239,0 18.20457650,-16.92478179,0 18.22551160,-16.91408539,0 18.25662040,-16.89207459,0 18.28115270,-16.86832809,0 18.30329130,-16.84570119,0 18.32840160,-16.83217619,0 18.35407830,-16.84591869,0 18.35284420,-16.88227079,0 18.32949830,-16.91625399,0 18.30735970,-16.93887709,0 18.28222470,-16.96091839,0 18.26069070,-16.97274969,0 18.24094580,-16.98515509,0 18.23074720,-17.01009749,0 18.24742890,-17.04992489,0 18.26294140,-17.07327649,0 18.29338070,-17.11826899,0 18.31965260,-17.15585709,0 18.34832380,-17.19004249,0 18.38418200,-17.22765919,0 18.40928080,-17.26181979,0 18.43976970,-17.29599759,0 18.46249200,-17.32048989,0 18.46966930,-17.32959939,0 18.49373260,-17.36792109,0 18.49717520,-17.37340349,0 18.52771750,-17.40990179,0 18.54623600,-17.43203159,0 18.56240090,-17.44613599,0 18.56778340,-17.45083239,0 18.58373640,-17.46516989,0 18.58933450,-17.47019769,0 18.59515900,-17.47573609,0 18.64501950,-17.52314759,0 18.66777800,-17.55612559,0 18.69473460,-17.58116909,0 18.73607640,-17.61249159,0 18.75884820,-17.63241199,0 18.78701590,-17.65290829,0 18.82178310,-17.67909239,0 18.86374280,-17.69905279,0 18.89970970,-17.70935059,0 18.94766430,-17.72137259,0 18.98123550,-17.72995379,0 19.00461390,-17.73340609,0 19.05615620,-17.73124309,0 19.07774540,-17.74149129,0 19.11250500,-17.73871799,0 19.14248090,-17.73758889,0 19.19880680,-17.73545649,0 19.26176260,-17.74631689,0 19.32300690,-17.75466529,0 19.31615820,-17.75718529,0 19.30955490,-17.76035779,0 19.30943430,-17.76043069,0 19.30930850,-17.76049119,0 19.30306120,-17.76426849,0 19.29723010,-17.76861409,0 19.29187140,-17.77348639,0 19.28703670,-17.77883839,0 19.28277250,-17.78461859,0 19.27912000,-17.79077129,0 19.27611440,-17.79723739,0 19.27378470,-17.80395459,0 19.27215350,-17.81085829,0 19.27123650,-17.81788179,0 19.27104260,-17.82495759,0 19.27108640,-17.82553929,0 19.27066800,-17.82534409,0 19.26655190,-17.82688749,0 19.25920680,-17.82546229,0 19.25356550,-17.82400109,0 19.24762920,-17.82022289,0 19.24403160,-17.82153149,0 19.23978230,-17.82043079,0 19.22854610,-17.82712939,0 19.20720670,-17.82255939,0 19.19474600,-17.82188989,0 19.17817880,-17.81039999,0 19.16860960,-17.81479069,0 19.15254780,-17.81181909,0 19.12883000,-17.81184959,0 19.11783790,-17.82176779,0 19.11595340,-17.83305359,0 19.10662460,-17.83928299,0 19.09974830,-17.83953489,0 19.08937640,-17.83916409,0 19.09102490,-17.83442679,0 19.09266350,-17.82752329,0 19.09358770,-17.82049909,0 19.09378860,-17.81342199,0 19.09326450,-17.80636019,0 19.09202040,-17.79938149,0 19.09006850,-17.79255309,0 19.08742750,-17.78594089,0 19.08699270,-17.78510769,0 19.08676360,-17.78453409,0 19.08345920,-17.77820159,0 19.07952300,-17.77220979,0 19.07499310,-17.76661619,0 19.06991310,-17.76147489,0 19.06433190,-17.75683509,0 19.05830310,-17.75274169,0 19.05188490,-17.74923389,0 19.04513900,-17.74634549,0 19.03813020,-17.74410439,0 19.03092610,-17.74253199,0 19.02359580,-17.74164359,0 19.01620990,-17.74144759,0 19.00883950,-17.74194609,0 19.00155540,-17.74313419,0 18.99442770,-17.74500049,0 18.98752500,-17.74752709,0 18.98091370,-17.75068959,0 18.97465740,-17.75445779,0 18.96881650,-17.75879519,0 18.96344700,-17.76366019,0 18.95860080,-17.76900599,0 18.95432460,-17.77478109,0 18.95065950,-17.78092999,0 18.94764100,-17.78739339,0 18.94747810,-17.78786039,0 18.94730120,-17.78823909,0 18.94495840,-17.79495489,0 18.94331380,-17.80185829,0 18.94238350,-17.80888289,0 18.94217650,-17.81596109,0 18.94264200,-17.82230549,0 18.94101520,-17.82166859,0 18.92184830,-17.82236289,0 18.89979550,-17.81706999,0 18.88996120,-17.81085209,0 18.88714940,-17.80967009,0 18.88327600,-17.80657199,0 18.87977920,-17.80657199,0 18.87845420,-17.80601499,0 18.86398780,-17.80514419,0 18.85682490,-17.79718589,0 18.84934630,-17.79718589,0 18.84899440,-17.79698389,0 18.84402660,-17.79035949,0 18.84317210,-17.78353309,0 18.83634570,-17.77841189,0 18.82852840,-17.77797789,0 18.82523160,-17.77537349,0 18.79719730,-17.76960559,0 18.79109610,-17.76729429,0 18.78514860,-17.76134679,0 18.78173640,-17.75110819,0 18.77661710,-17.74257469,0 18.77077980,-17.74184559,0 18.76914790,-17.74079899,0 18.74950980,-17.74193759,0 18.74265390,-17.73562379,0 18.73992540,-17.72977639,0 18.73053930,-17.71782879,0 18.72749360,-17.71595499,0 18.72649960,-17.71451189,0 18.71236610,-17.70505709,0 18.71106790,-17.70430049,0 18.71091460,-17.70417789,0 18.71024210,-17.70381919,0 18.69515290,-17.69502469,0 18.68721420,-17.68878759,0 18.67452430,-17.67783929,0 18.66982360,-17.67499599,0 18.65118410,-17.65980719,0 18.63019830,-17.64469779,0 18.62812420,-17.64194299,0 18.62065320,-17.63723369,0 18.61707420,-17.63256519,0 18.61534690,-17.62738229,0 18.61534690,-17.61116979,0 18.60937310,-17.60604859,0 18.59998700,-17.59239769,0 18.59786890,-17.59211899,0 18.59720040,-17.59090229,0 18.57973100,-17.58603859,0 18.56417290,-17.58304579,0 18.56244280,-17.58045009,0 18.55902860,-17.57618519,0 18.54793740,-17.56679919,0 18.54452320,-17.55570599,0 18.54025650,-17.54887959,0 18.53769680,-17.53522679,0 18.53513720,-17.52925489,0 18.53108410,-17.52639199,0 18.52062990,-17.51901439,0 18.51209830,-17.50280189,0 18.50867540,-17.50128089,0 18.49500900,-17.49253899,0 18.49247360,-17.49000359,0 18.49016790,-17.48979369,0 18.47806850,-17.48413169,0 18.47711370,-17.48317719,0 18.47370150,-17.47549629,0 18.47284890,-17.45587159,0 18.47028730,-17.45245929,0 18.46252110,-17.44673609,0 18.46116640,-17.44023899,0 18.45145150,-17.43226539,0 18.44810300,-17.42173959,0 18.43772670,-17.41441639,0 18.43561170,-17.41138839,0 18.43252340,-17.40989249,0 18.42164990,-17.39358139,0 18.41219240,-17.39361659,0 18.40861890,-17.39059259,0 18.38639260,-17.38685039,0 18.38122930,-17.38767789,0 18.37084960,-17.38934139,0 18.35376360,-17.38610269,0 17.55844200,-17.39096729,0 16.97982980,-17.39450649,0 16.97957220,-17.39585639,0 16.97858430,-17.39585489,0 16.97215650,-17.39584539,0 16.61428170,-17.39530559,0 16.56449560,-17.39523049,0 16.55660630,-17.39444539,0 16.54791080,-17.39520549,0 16.46112830,-17.39507459,0 16.22993090,-17.39472579,0 16.18105510,-17.39457699,0 16.12461660,-17.39440729,0 16.04535100,-17.39416689,0 15.76837920,-17.39312169,0 15.76639750,-17.36601639,0 15.75486180,-17.32273669,0 15.73793890,-17.27995299,0 15.72409340,-17.22925569,0 15.72574810,-17.18442539,0 15.68394090,-17.11973189,0 15.66341780,-17.08028789,0 15.63038160,-17.03727149,0 15.58765130,-17.00718119,0 15.52695470,-16.98082349,0 15.45109650,-16.92130089,0 15.41203310,-16.88725279,0 15.41606520,-16.84753989,0 15.45107170,-16.81619829,0 15.49021340,-16.78831669,0 15.52887540,-16.74905779,0 15.56292440,-16.74893759,0 15.59295650,-16.73342319,0 15.60172080,-16.69546319,0 15.60344410,-16.64547349,0 15.60683820,-16.60686869,0 15.61197850,-16.57226369,0 15.58866600,-16.51909259,0 15.57374950,-16.46261409,0 15.54287620,-16.39284129,0 15.53919890,-16.38249399,0 15.52724460,-16.34884829,0 15.51351740,-16.29464149,0 15.49387740,-16.23636819,0 15.45942590,-16.17049219,0 15.44684310,-16.12253949,0 15.42537690,-16.06990809,0 15.39800070,-16.06668849,0 15.38871000,-16.09784889,0 15.37346270,-16.12835879,0 15.35617450,-16.12868879,0 15.32774350,-16.11293219,0 15.32105060,-16.12478449,0 15.32134440,-16.15095709,0 15.31567860,-16.17704389,0 15.31551460,-16.19126129,0 15.31104560,-16.21679499,0 15.30454920,-16.23047449,0 15.31226920,-16.26572419,0 15.31349730,-16.27425319,0 15.31834130,-16.30789569,0 15.31970630,-16.31955749,0 15.32214160,-16.34036249,0 15.31818200,-16.37328909,0 15.29982470,-16.41283419,0 15.26888850,-16.45617869,0 15.23098370,-16.48236079,0 15.19678020,-16.49778939,0 15.19597550,-16.49782569,0 15.18095870,-16.49850269,0 15.16811750,-16.49908069,0 15.14360430,-16.50270649,0 15.11112880,-16.52269739,0 15.08884430,-16.53885649,0 15.07118420,-16.56701849,0 15.04810520,-16.59850879,0 15.03162380,-16.62725259,0 15.01333520,-16.65710259,0 14.99508380,-16.68354029,0 14.96367170,-16.71148299,0 14.95848370,-16.71398659,0 14.95225330,-16.71699329,0 14.94197650,-16.72649769,0 14.93312770,-16.73399519,0 14.91298680,-16.75106049,0 14.88947690,-16.77558899,0 14.88936900,-16.77570149,0 14.86690240,-16.80319979,0 14.85544860,-16.81787729,0 14.84806350,-16.82734109,0 14.82910860,-16.86595169,0 14.82841010,-16.86737439,0 14.80866910,-16.91365239,0 14.79627610,-16.94640729,0 14.77765850,-16.99723819,0 14.76517390,-17.03623199,0 14.74708270,-17.09160229,0 14.73225980,-17.12601089,0 14.70657440,-17.16705509,0 14.67356300,-17.21819499,0 14.65882080,-17.22532349,0 14.62356280,-17.24237249,0 14.62225530,-17.24077419,0 14.61269000,-17.24957659,0 14.59334560,-17.26345629,0 14.58092580,-17.26695979,0 14.56690860,-17.27091389,0 14.55909820,-17.27311709,0 14.54570200,-17.27580069,0 14.53028960,-17.27888869,0 14.51718450,-17.27758959,0 14.48905470,-17.27480129,0 14.43627260,-17.24213029,0 14.40649410,-17.23254589,0 14.37732510,-17.22240069,0 14.37706070,-17.22226049,0 14.36751530,-17.21719909,0 14.32864860,-17.19659039,0 14.30045030,-17.20178599,0 14.27042100,-17.20921519,0 14.23411850,-17.19666289,0 14.23933410,-17.20754239,0 14.21104620,-17.21840289,0 14.19931600,-17.20093349,0 14.19291590,-17.19140049,0 14.19742010,-17.17103769,0 14.21923070,-17.15324969,0 14.23852540,-17.14336399,0 14.24385100,-17.13619429,0 14.25684740,-17.11869809,0 14.25707120,-17.10406159,0 14.25717740,-17.09712219,0 14.25828400,-17.08796329,0 14.25985580,-17.07495429,0 14.26060100,-17.06878659,0 14.25377200,-17.04112119,0 14.25310800,-17.03843119,0 14.25348910,-17.03832999,0 14.25869560,-17.03694729,0 14.27084060,-17.02466389,0 14.29864030,-17.00526239,0 14.31869030,-16.98402399,0 14.33272740,-16.96495059,0 14.33354240,-16.96101339,0 14.33693270,-16.94463529,0 14.33788300,-16.94004439,0 14.32923510,-16.91887659,0 14.32965500,-16.89090899,0 14.32967850,-16.88934329,0 14.32330160,-16.87164209,0 14.32164670,-16.86704829,0 14.31138800,-16.83391759,0 14.30535700,-16.79801749,0 14.29940510,-16.75700189,0 14.29451180,-16.72509189,0 14.28180410,-16.69645689,0 14.26414200,-16.67967029,0 14.23582270,-16.65700909,0 14.22429180,-16.63009449,0 14.22944160,-16.60574339,0 14.23927120,-16.58772469,0 14.25748920,-16.56757739,0 14.26250550,-16.55174829,0 14.25995360,-16.54712439,0 14.25357210,-16.53556169,0 14.25205040,-16.53280449,0 14.23261740,-16.51541139,0 14.22031310,-16.50041389,0 14.21774100,-16.47364809,0 14.21283440,-16.44342609,0 14.21249290,-16.42200579,0 14.21238650,-16.41533389,0 14.21222690,-16.40531729,0 14.21134470,-16.39847949,0 14.21650700,-16.39856909,0 14.24712750,-16.38602639,0 14.27184100,-16.36939619,0 14.28875640,-16.35547259,0 14.31650640,-16.33491129,0 14.33002660,-16.32003779,0 14.31418830,-16.31067789,0 14.30679510,-16.30630869,0 14.28149990,-16.28312109,0 14.25515270,-16.25081249,0 14.24374580,-16.23956879,0 14.22754190,-16.22359659,0 14.22608670,-16.22130369,0 14.20600130,-16.18965719,0 14.20551970,-16.18225479,0 14.17637440,-16.17775729,0 14.15105530,-16.15739819,0 14.14851230,-16.15222009,0 14.13949970,-16.13386919,0 14.13675980,-16.12269399,0 14.13550490,-16.12123769,0 14.12490330,-16.10893439,0 14.11285190,-16.09494849,0 14.10566900,-16.08661269,0 14.09962460,-16.05407329,0 14.09007170,-16.01748659,0 14.08052920,-15.98032859,0 14.07153030,-15.94659229,0 14.07112740,-15.94530429,0 14.06132410,-15.91396899,0 14.05109410,-15.88305089,0 14.05017060,-15.87963719,0 14.04490570,-15.86017419,0 14.03759290,-15.83329009,0 14.03110300,-15.80814189,0 14.02918050,-15.80069259,0 14.02526610,-15.78853499,0 14.02180670,-15.77779099,0 14.01799580,-15.75551989,0 14.02355100,-15.74309829,0 14.03263080,-15.73414779,0 14.04169560,-15.72521209,0 14.04660610,-15.71945139,0 14.05746560,-15.70671179,0 14.08383850,-15.69523239,0 14.09820750,-15.68979929,0 14.10069700,-15.69121649,0 14.10167030,-15.69177059,0 14.10170040,-15.68952659,0 14.10200600,-15.66673949,0 14.10545730,-15.64816759,0 14.10758660,-15.64466329,0 14.10846140,-15.64322379,0 14.10747750,-15.64365049,0 14.09947300,-15.64712239,0 14.07639600,-15.63873669,0 14.07458310,-15.60283369,0 14.06673240,-15.57251359,0 14.05367470,-15.53298759,0 14.04053210,-15.49915119,0 14.03017080,-15.47891549,0 14.03001690,-15.47861479,0 14.03179870,-15.47783829,0 14.06548690,-15.46315669,0 14.09190850,-15.44711879,0 14.11708260,-15.43447209,0 14.13033960,-15.42331979,0 14.14431950,-15.42255399,0 14.14552880,-15.40251829,0 14.14585200,-15.40173829,0 14.15232370,-15.38612369,0 14.15597120,-15.38189899,0 14.16685390,-15.36929419,0 14.18680000,-15.34800529,0 14.19364360,-15.32819079,0 14.19515710,-15.32481769,0 14.17285030,-15.32237179,0 14.16514300,-15.32152669,0 14.15156460,-15.32003779,0 14.10441210,-15.33229449,0 14.07338240,-15.33970929,0 14.03193570,-15.32927229,0 13.98936650,-15.31482319,0 13.94733740,-15.30996669,0 13.93656160,-15.30872149,0 13.92934890,-15.30772969,0 13.91998390,-15.29433059,0 13.91959670,-15.29188819,0 13.90228180,-15.29669189,0 13.89194110,-15.27485179,0 13.89147430,-15.27015229,0 13.88887980,-15.24403289,0 13.88847950,-15.24279559,0 13.87756920,-15.20907119,0 13.86668590,-15.18436909,0 13.83677960,-15.16044619,0 13.80851750,-15.14509769,0 13.77907090,-15.12972549,0 13.76229000,-15.10319419,0 13.76290040,-15.09436039,0 13.74821190,-15.09266759,0 13.73109720,-15.08607199,0 13.71411040,-15.07206819,0 13.69185830,-15.05340479,0 13.67503170,-15.03028489,0 13.66198640,-15.00733569,0 13.65751460,-15.01284889,0 13.63666920,-15.01643179,0 13.60881810,-15.01303579,0 13.57974050,-15.01189419,0 13.57097240,-15.01473899,0 13.57086560,-15.01000979,0 13.56269650,-15.00186919,0 13.54958020,-14.98542599,0 13.54955120,-14.98538959,0 13.54468350,-14.97928709,0 13.54290310,-14.97921459,0 13.51739030,-14.97817519,0 13.48866650,-14.99070929,0 13.46882060,-14.97150419,0 13.46528430,-14.94956929,0 13.46347430,-14.93834209,0 13.46218200,-14.91095919,0 13.46500300,-14.88593669,0 13.47389890,-14.85305789,0 13.48995020,-14.81803889,0 13.52100940,-14.80669019,0 13.54555030,-14.79463769,0 13.57582280,-14.79409789,0 13.60913940,-14.78905299,0 13.61420460,-14.78683069,0 13.61615180,-14.78597629,0 13.64022920,-14.77541259,0 13.65557000,-14.76932429,0 13.66228110,-14.76666029,0 13.67308620,-14.76237109,0 13.70238210,-14.74925899,0 13.71828460,-14.72106269,0 13.73809530,-14.70570239,0 13.74052520,-14.70381829,0 13.76246070,-14.67862049,0 13.76834770,-14.67185779,0 13.76925720,-14.67087659,0 13.79794310,-14.63992599,0 13.83006290,-14.63426489,0 13.83218140,-14.63341819,0 13.82931100,-14.63924919,0 13.82681990,-14.64591879,0 13.82501210,-14.65279399,0 13.82390510,-14.65980859,0 13.82350950,-14.66689509,0 13.82373320,-14.67185319,0 13.82362090,-14.67386539,0 13.82368280,-14.67523779,0 13.82221330,-14.67917109,0 13.82040500,-14.68604619,0 13.82000340,-14.68858989,0 13.81931980,-14.68947739,0 13.81922000,-14.68956459,0 13.81429550,-14.69479799,0 13.81358430,-14.69572119,0 13.81298970,-14.69624029,0 13.80806500,-14.70147349,0 13.80654430,-14.70344739,0 13.80199120,-14.70828529,0 13.80131690,-14.70916049,0 13.80075990,-14.70964659,0 13.79583460,-14.71487949,0 13.79393980,-14.71733849,0 13.78974090,-14.72179929,0 13.78937280,-14.72227689,0 13.78825820,-14.72324949,0 13.78333230,-14.72848219,0 13.77895680,-14.73415939,0 13.77517400,-14.74022659,0 13.77202020,-14.74662529,0 13.76952590,-14.75329399,0 13.76771520,-14.76016849,0 13.76660550,-14.76718259,0 13.76620770,-14.77426879,0 13.76652560,-14.78135869,0 13.76755610,-14.78838419,0 13.76928960,-14.79527759,0 13.77170920,-14.80197249,0 13.77479190,-14.80840429,0 13.77850790,-14.81451119,0 13.78282150,-14.82023429,0 13.78769110,-14.82551839,0 13.79307000,-14.83031259,0 13.79890630,-14.83457069,0 13.80514370,-14.83825169,0 13.81172230,-14.84132009,0 13.81857850,-14.84374629,0 13.82564630,-14.84550689,0 13.83285760,-14.84658499,0 13.84014280,-14.84697009,0 13.84743180,-14.84665849,0 13.85465430,-14.84565329,0 13.86174060,-14.84396409,0 13.86862240,-14.84160709,0 13.87523340,-14.83860519,0 13.88150990,-14.83498719,0 13.88739150,-14.83078799,0 13.89282130,-14.82604809,0 13.89774720,-14.82081319,0 13.89811520,-14.82033539,0 13.89922990,-14.81936219,0 13.90415540,-14.81412709,0 13.90605000,-14.81166719,0 13.91024860,-14.80720429,0 13.91092280,-14.80632879,0 13.91147980,-14.80584249,0 13.91640470,-14.80060699,0 13.91792520,-14.79863239,0 13.92247800,-14.79379219,0 13.92318910,-14.79286869,0 13.92378380,-14.79234929,0 13.92870810,-14.78711359,0 13.92984960,-14.78563089,0 13.92994940,-14.78554369,0 13.93487340,-14.78030789,0 13.93924610,-14.77462749,0 13.93955480,-14.77413169,0 13.94218710,-14.77183219,0 13.94711050,-14.76659599,0 13.95148260,-14.76091529,0 13.95526120,-14.75484499,0 13.95840990,-14.74844329,0 13.96089850,-14.74177219,0 13.96270310,-14.73489569,0 13.96279400,-14.73431749,0 13.96324320,-14.73311319,0 13.96504760,-14.72623669,0 13.96529940,-14.72463529,0 13.96542120,-14.72430879,0 13.96722550,-14.71743229,0 13.96753450,-14.71546659,0 13.96933820,-14.70859129,0 13.97026950,-14.70266729,0 13.97408390,-14.69770849,0 13.97727850,-14.69257339,0 13.97869500,-14.69073169,0 13.97877580,-14.69060179,0 13.98227690,-14.68754079,0 13.98496320,-14.68468159,0 13.98497140,-14.68467689,0 13.98834550,-14.68226369,0 13.99274870,-14.67972059,0 13.99564330,-14.67765009,0 14.00128980,-14.67740449,0 14.00850620,-14.67639399,0 14.00957420,-14.67613839,0 14.01250250,-14.67629089,0 14.01978590,-14.67597349,0 14.02160580,-14.67571859,0 14.02190310,-14.67573399,0 14.02918650,-14.67541629,0 14.03640280,-14.67440499,0 14.04348240,-14.67270969,0 14.05035720,-14.67034679,0 14.05696070,-14.66733919,0 14.06322950,-14.66371569,0 14.06910300,-14.65951129,0 14.07452470,-14.65476659,0 14.07944240,-14.64952709,0 14.08380860,-14.64384359,0 14.08758150,-14.63777059,0 14.09072460,-14.63136679,0 14.09320770,-14.62469379,0 14.09500700,-14.61781599,0 14.09610520,-14.61079949,0 14.09649180,-14.60371189,0 14.09616310,-14.59662159,0 14.09512240,-14.58959679,0 14.09337980,-14.58270519,0 14.09095200,-14.57601309,0 14.08786260,-14.56958489,0 14.08414130,-14.56348259,0 14.08038150,-14.55850309,0 14.08636140,-14.55600549,0 14.08689590,-14.55578229,0 14.08710280,-14.55567689,0 14.11498360,-14.54146579,0 14.13454470,-14.52468219,0 14.13841720,-14.52135939,0 14.15368180,-14.49255279,0 14.16765210,-14.47056479,0 14.19245340,-14.43793389,0 14.19270250,-14.43720539,0 14.19865700,-14.41979599,0 14.21220300,-14.38638969,0 14.22515390,-14.35297199,0 14.23520090,-14.31550879,0 14.26215170,-14.29602339,0 14.28198530,-14.27697939,0 14.29488750,-14.24583529,0 14.29878140,-14.22308919,0 14.31113050,-14.18908119,0 14.32042500,-14.16129399,0 14.34131720,-14.10974599,0 14.33347890,-14.07937719,0 14.32850930,-14.05533119,0 14.31530570,-14.02771849,0 14.29139710,-14.00391099,0 14.26678940,-13.98750589,0 14.25891130,-13.98225179,0 14.24707250,-13.97435619,0 14.23764750,-13.96807029,0 14.23515610,-13.96640869,0 14.22655330,-13.95427859,0 14.22511930,-13.95225669,0 14.21835610,-13.94272039,0 14.20922090,-13.91673469,0 14.21109200,-13.91463379,0 14.22518210,-13.91447199,0 14.23061750,-13.91440959,0 14.24728970,-13.90728659,0 14.25286290,-13.90410509,0 14.27055930,-13.89400289,0 14.30035020,-13.87969019,0 14.33007720,-13.86936759,0 14.36514190,-13.85799309,0 14.39066790,-13.85158539,0 14.43334100,-13.84546949,0 14.43581060,-13.84526859,0 14.45460400,-13.84373969,0 14.46235470,-13.84310909,0 14.46898550,-13.84218179,0 14.48783780,-13.83954519,0 14.49634270,-13.82371229,0 14.48658470,-13.80300619,0 14.48324010,-13.78868479,0 14.48049640,-13.77380179,0 14.47481350,-13.75772949,0 14.46217630,-13.73183539,0 14.45735750,-13.71566459,0 14.45653630,-13.71290869,0 14.45318270,-13.72129619,0 14.44611170,-13.73898119,0 14.43342690,-13.75759599,0 14.42901780,-13.76603909,0 14.42762710,-13.76870219,0 14.42639460,-13.77106239,0 14.42308900,-13.77739239,0 14.41353950,-13.78350459,0 14.40398880,-13.78961749,0 14.39970460,-13.79159759,0 14.38374810,-13.79897209,0 14.35180660,-13.79956249,0 14.33060070,-13.79405689,0 14.30603980,-13.79134849,0 14.31003670,-13.78513999,0 14.30929810,-13.77987589,0 14.30843160,-13.77369979,0 14.28962610,-13.76595209,0 14.26838740,-13.76334759,0 14.26247690,-13.76262279,0 14.23665050,-13.75018309,0 14.23293590,-13.74687319,0 14.22031500,-13.73562719,0 14.20696350,-13.71941279,0 14.18600940,-13.69792369,0 14.16227820,-13.66497039,0 14.14387040,-13.63211059,0 14.11390500,-13.62072469,0 14.10357470,-13.62371499,0 14.09906290,-13.62502099,0 14.10699840,-13.64685149,0 14.11242460,-13.65462679,0 14.12434390,-13.67170619,0 14.13461110,-13.69585989,0 14.14130690,-13.72166059,0 14.15511420,-13.74644759,0 14.15532560,-13.76535499,0 14.15536310,-13.76870629,0 14.13635920,-13.77407169,0 14.12534430,-13.76500669,0 14.11650750,-13.75773429,0 14.11443830,-13.75513289,0 14.10085010,-13.73805049,0 14.09981020,-13.73650879,0 14.08409310,-13.71320719,0 14.08085230,-13.69817849,0 14.07692720,-13.67997649,0 14.07637870,-13.67893879,0 14.06200220,-13.65174099,0 14.03797720,-13.60107799,0 14.02130590,-13.56213269,0 14.01803110,-13.55448249,0 14.01773700,-13.55391619,0 13.99108700,-13.50261589,0 13.98638710,-13.49090639,0 13.97631450,-13.46581079,0 13.96489810,-13.44105529,0 13.96497730,-13.43609269,0 13.96522220,-13.42074299,0 13.96528050,-13.41708759,0 13.98623660,-13.39920999,0 14.00562860,-13.40527819,0 14.02402970,-13.39933869,0 14.01781560,-13.38152789,0 14.02101140,-13.36617469,0 14.04300500,-13.35687539,0 14.06089310,-13.34578609,0 14.05195160,-13.32615959,0 14.05118940,-13.32448669,0 14.02918240,-13.32408269,0 14.02344990,-13.32397749,0 13.99212170,-13.32625289,0 13.95488260,-13.32898519,0 13.90768340,-13.32695959,0 13.87681100,-13.30125999,0 13.86893460,-13.28732869,0 13.86017130,-13.27182959,0 13.84698300,-13.24817279,0 13.85512070,-13.22577759,0 13.85872550,-13.21585459,0 13.87388610,-13.19102099,0 13.87733750,-13.16025729,0 13.86177440,-13.13769529,0 13.86751170,-13.11154079,0 13.87001800,-13.10661599,0 13.87787250,-13.09118179,0 13.89655300,-13.06698419,0 13.92217730,-13.05090709,0 13.94191070,-13.03414819,0 13.96831990,-13.00552079,0 13.98297880,-12.97381689,0 13.98324510,-12.97305609,0 13.98881110,-12.95715239,0 13.99409770,-12.94204709,0 14.00481660,-12.91813769,0 14.01052140,-12.90541269,0 14.01060010,-12.90523719,0 14.02646540,-12.87126729,0 14.04773620,-12.83054449,0 14.05941950,-12.79906309,0 14.06373410,-12.78743739,0 14.06413070,-12.78598459,0 14.06572440,-12.78014739,0 14.06676060,-12.77635239,0 14.07778180,-12.73598559,0 14.08623030,-12.70504189,0 14.08955570,-12.69417759,0 14.11342140,-12.69925499,0 14.12886620,-12.69096949,0 14.12851520,-12.67554189,0 14.12934110,-12.66013719,0 14.14879320,-12.65934659,0 14.16877940,-12.66199109,0 14.18874170,-12.66634849,0 14.21746060,-12.67599869,0 14.24287990,-12.67016889,0 14.24636750,-12.66810609,0 14.25925830,-12.67788409,0 14.27792450,-12.69020649,0 14.30158760,-12.71221729,0 14.30233190,-12.71290969,0 14.30722820,-12.71929839,0 14.32140730,-12.73779959,0 14.32395550,-12.76468369,0 14.33111190,-12.79907319,0 14.33871360,-12.84317679,0 14.33475780,-12.87165929,0 14.35668470,-12.90401839,0 14.36409090,-12.90414619,0 14.37377640,-12.90431499,0 14.39282890,-12.89150999,0 14.41123100,-12.88269139,0 14.43614010,-12.87226869,0 14.44563380,-12.86964269,0 14.46336360,-12.86473849,0 14.48461060,-12.86281589,0 14.50817580,-12.86378379,0 14.51789000,-12.86575509,0 14.52174550,-12.89023129,0 14.52193360,-12.89142509,0 14.52685170,-12.91891669,0 14.52659510,-12.93718429,0 14.52710420,-12.93955599,0 14.53102300,-12.95781419,0 14.53494930,-12.97215559,0 14.54249950,-12.98027519,0 14.55598830,-12.98564049,0 14.57909200,-12.97803119,0 14.59634020,-12.96746919,0 14.60658930,-12.95108029,0 14.61155030,-12.93346119,0 14.61223230,-12.93156659,0 14.61829280,-12.91472909,0 14.61680700,-12.89414879,0 14.61260510,-12.88037009,0 14.62409210,-12.87885089,0 14.63057780,-12.87683709,0 14.65901950,-12.86800579,0 14.69565770,-12.86117939,0 14.71470070,-12.84831049,0 14.72123620,-12.84389309,0 14.72611050,-12.83197979,0 14.72792520,-12.81736739,0 14.72809220,-12.81602289,0 14.72869010,-12.79657169,0 14.72451020,-12.77542019,0 14.72069640,-12.76382049,0 14.71771530,-12.75475309,0 14.70189480,-12.74821379,0 14.68449970,-12.72737309,0 14.67360760,-12.71910369,0 14.66758820,-12.71453379,0 14.66664980,-12.69681449,0 14.69550990,-12.69728569,0 14.70346640,-12.67514229,0 14.68759540,-12.67259979,0 14.66346450,-12.67106439,0 14.63628010,-12.67747019,0 14.60927490,-12.67074299,0 14.60156350,-12.67461299,0 14.60598370,-12.69581699,0 14.59995270,-12.70599459,0 14.58444020,-12.72001549,0 14.55447140,-12.71594059,0 14.55092140,-12.71545789,0 14.53210350,-12.71285819,0 14.53070470,-12.71217399,0 14.51396660,-12.70398709,0 14.49767590,-12.68943499,0 14.48084500,-12.68162159,0 14.47491070,-12.67886669,0 14.47231900,-12.67766349,0 14.46958540,-12.67639449,0 14.45753570,-12.65391539,0 14.47239590,-12.64446069,0 14.48993600,-12.63537869,0 14.49057130,-12.63504969,0 14.49909690,-12.63063529,0 14.52219870,-12.62131689,0 14.53474040,-12.60896399,0 14.54851440,-12.59263129,0 14.54956800,-12.58719639,0 14.55359080,-12.56644629,0 14.55453010,-12.54133029,0 14.53714280,-12.52162169,0 14.52328010,-12.50254059,0 14.49822810,-12.48383999,0 14.47438240,-12.46344569,0 14.45352080,-12.44024279,0 14.45084860,-12.42134859,0 14.46112920,-12.40210439,0 14.48428630,-12.38764759,0 14.51280980,-12.36813929,0 14.53699490,-12.36397739,0 14.56591890,-12.35760779,0 14.59421160,-12.35408209,0 14.62067700,-12.35509009,0 14.64581970,-12.36692999,0 14.67198560,-12.39020539,0 14.68112390,-12.39792409,0 14.69060520,-12.40593239,0 14.69566980,-12.41046529,0 14.71270470,-12.42571159,0 14.74241920,-12.44846629,0 14.77941230,-12.45534419,0 14.81811140,-12.46681309,0 14.86044880,-12.47033789,0 14.91115090,-12.46427819,0 14.94708160,-12.46255109,0 14.96614270,-12.44456859,0 14.96047310,-12.42734719,0 14.95306680,-12.40781309,0 14.94678970,-12.39229389,0 14.93468570,-12.37211609,0 14.92737830,-12.37231119,0 14.92114730,-12.37247749,0 14.89702510,-12.37210179,0 14.88216310,-12.37219589,0 14.87113000,-12.37226579,0 14.86246680,-12.35956379,0 14.85505490,-12.34116939,0 14.86987210,-12.33283619,0 14.88886550,-12.31999589,0 14.91146470,-12.30092909,0 14.91241090,-12.29772119,0 14.91515450,-12.28841969,0 14.89117720,-12.27719209,0 14.87120910,-12.27459529,0 14.84536080,-12.27190299,0 14.83435660,-12.27138359,0 14.82713600,-12.27104279,0 14.79712490,-12.27170749,0 14.77476790,-12.27192119,0 14.77470340,-12.27194289,0 14.77259740,-12.27265389,0 14.75054070,-12.28009989,0 14.74082090,-12.28972179,0 14.73861790,-12.29190249,0 14.73626460,-12.29210059,0 14.72082610,-12.29339959,0 14.70445730,-12.29477689,0 14.67573740,-12.28688239,0 14.65180780,-12.27278139,0 14.63362980,-12.26848319,0 14.61593910,-12.27161789,0 14.59933760,-12.28105349,0 14.58750440,-12.28599739,0 14.58251500,-12.26959579,0 14.58243940,-12.26934719,0 14.57103250,-12.24345299,0 14.56713870,-12.22739319,0 14.57094480,-12.20746419,0 14.56783680,-12.17713739,0 14.57344530,-12.15438179,0 14.58089450,-12.12594409,0 14.59494300,-12.08790399,0 14.59820370,-12.06453699,0 14.59138870,-12.04728599,0 14.57088280,-12.04237369,0 14.54573920,-12.03281119,0 14.52111340,-12.02839949,0 14.47946450,-12.02255059,0 14.44835280,-12.01973439,0 14.42086410,-12.01012229,0 14.41977900,-12.00959909,0 14.39822010,-11.99920409,0 14.39751720,-11.99886509,0 14.39286600,-11.99357589,0 14.38017180,-11.97914029,0 14.38018860,-11.97884309,0 14.38124810,-11.96010419,0 14.38175300,-11.95117469,0 14.38856220,-11.92729849,0 14.38164520,-11.91803839,0 14.36471840,-11.91031739,0 14.35032630,-11.91191129,0 14.33352760,-11.91377159,0 14.31234650,-11.91568569,0 14.29870890,-11.92401499,0 14.28760860,-11.92932989,0 14.27799610,-11.93393229,0 14.26084900,-11.94105629,0 14.24479870,-11.95333959,0 14.24453350,-11.97104449,0 14.25853250,-11.97814939,0 14.27794740,-11.97677989,0 14.29501060,-11.97536749,0 14.31082440,-11.97907259,0 14.31527130,-11.98805359,0 14.31767270,-11.99290369,0 14.31117160,-12.00096719,0 14.30450150,-12.00924019,0 14.28675460,-12.01692489,0 14.26259520,-12.02106759,0 14.24857450,-12.02237349,0 14.24199390,-12.02298639,0 14.22778800,-12.02958969,0 14.20180130,-12.03769299,0 14.18390940,-12.04471779,0 14.15246490,-12.03509039,0 14.14288340,-12.03161919,0 14.12546440,-12.02530859,0 14.14926050,-12.00765709,0 14.14492780,-11.98936199,0 14.14434780,-11.98691289,0 14.14158150,-11.97523209,0 14.12707520,-11.94622139,0 14.12192630,-11.92219309,0 14.11427590,-11.88649079,0 14.11928110,-11.86546929,0 14.12707520,-11.83273409,0 14.13876560,-11.80233979,0 14.14414120,-11.78836349,0 14.14839130,-11.77886349,0 14.15864750,-11.75593849,0 14.16482160,-11.72383129,0 14.17144580,-11.68938259,0 14.20215620,-11.65266409,0 14.21069720,-11.64245219,0 14.21809440,-11.63622289,0 14.22956880,-11.62656009,0 14.24312210,-11.61514659,0 14.23959220,-11.60501759,0 14.23396660,-11.58887459,0 14.22349640,-11.55883029,0 14.22758400,-11.55522349,0 14.23800180,-11.54603099,0 14.24475690,-11.52051319,0 14.24568180,-11.51701929,0 14.24312210,-11.48203469,0 14.24166480,-11.47821789,0 14.23836640,-11.46957899,0 14.23321560,-11.45608869,0 14.22520350,-11.43510439,0 14.21240060,-11.41141949,0 14.20813750,-11.40353299,0 14.20813750,-11.37622739,0 14.20876330,-11.36892619,0 14.20970450,-11.35794479,0 14.21069720,-11.34636309,0 14.21613440,-11.34148829,0 14.21752030,-11.34024569,0 14.23544220,-11.32417769,0 14.26078770,-11.33018019,0 14.26786710,-11.33185669,0 14.27725320,-11.35404209,0 14.31650450,-11.37110809,0 14.33310990,-11.36968489,0 14.34636970,-11.36854839,0 14.34770680,-11.36074849,0 14.35127950,-11.33990549,0 14.35148910,-11.33868309,0 14.34763280,-11.32839999,0 14.34539350,-11.32242859,0 14.33868980,-11.30455209,0 14.33678820,-11.30258919,0 14.33086100,-11.29647059,0 14.31223770,-11.27724649,0 14.27213380,-11.26018049,0 14.26975180,-11.25845359,0 14.25642710,-11.24879389,0 14.25638800,-11.24876549,0 14.23800180,-11.23543639,0 14.20574470,-11.19273849,0 14.19902230,-11.17204759,0 14.19468880,-11.14854149,0 14.19345220,-11.14278479,0 14.18976020,-11.12559699,0 14.19422580,-11.11843829,0 14.20597460,-11.09960369,0 14.22270210,-11.07150859,0 14.21998530,-11.07082899,0 14.21153410,-11.06781729,0 14.20342260,-11.06400169,0 14.19572900,-11.05941889,0 14.18852750,-11.05411309,0 14.18361220,-11.04968819,0 14.17912580,-11.05368609,0 14.15011410,-11.12792209,0 14.14499470,-11.20130439,0 14.14499470,-11.24567509,0 14.15548990,-11.29811099,0 14.14466000,-11.31619929,0 14.14673420,-11.33394999,0 14.14701560,-11.35395339,0 14.14611760,-11.35522109,0 14.13862420,-11.36579989,0 14.14544960,-11.37963769,0 14.15058800,-11.38887209,0 14.13957980,-11.41838459,0 14.13166710,-11.43709659,0 14.13970280,-11.44867039,0 14.14739730,-11.45099589,0 14.15780540,-11.45414159,0 14.16598990,-11.45600319,0 14.17322990,-11.46106759,0 14.18108370,-11.46656129,0 14.18306140,-11.47219339,0 14.18895820,-11.48898599,0 14.19004520,-11.49076849,0 14.19303630,-11.49567339,0 14.19353870,-11.49649719,0 14.20036130,-11.51090339,0 14.17261880,-11.52219969,0 14.16139320,-11.52677059,0 14.15096560,-11.54368339,0 14.14815520,-11.54824159,0 14.14937670,-11.55271589,0 14.14971420,-11.55395199,0 14.15426920,-11.57063669,0 14.15689750,-11.59068199,0 14.14799210,-11.59737679,0 14.14073850,-11.61788509,0 14.13694860,-11.62860009,0 14.13592200,-11.63015799,0 14.12132260,-11.65231319,0 14.12024000,-11.65394899,0 14.10749820,-11.67320159,0 14.10183760,-11.68150969,0 14.09788610,-11.68730929,0 14.09689150,-11.68943029,0 14.08513550,-11.71450039,0 14.08312800,-11.73046109,0 14.07447430,-11.75829789,0 14.07038770,-11.77756109,0 14.06940360,-11.78219989,0 14.06553360,-11.80441189,0 14.06616900,-11.81371219,0 14.06669710,-11.82144069,0 14.06744860,-11.83244129,0 14.07240390,-11.85367109,0 14.06672860,-11.87870599,0 14.05969720,-11.87743279,0 14.04141810,-11.88166709,0 14.01720240,-11.88978859,0 14.01165190,-11.89300499,0 14.00000760,-11.89975259,0 13.99328420,-11.91619489,0 13.99641890,-11.92273569,0 14.00206700,-11.93452099,0 14.00295350,-11.93637079,0 14.01021000,-11.94999269,0 14.01094530,-11.95137309,0 14.02196310,-11.96071819,0 14.01513180,-11.96847349,0 14.01376340,-11.97002699,0 14.00760170,-11.97701929,0 13.99726720,-11.98672399,0 13.98373890,-11.99942779,0 13.97264450,-12.01182989,0 13.97117330,-12.01347449,0 13.97414350,-12.02113249,0 13.97492030,-12.02313519,0 13.97340610,-12.02218589,0 13.96291070,-12.01560589,0 13.96101990,-12.01328039,0 13.96058050,-12.01273989,0 13.95253470,-12.00284389,0 13.94305450,-11.99567119,0 13.93720280,-11.99124379,0 13.93627450,-11.99054149,0 13.92354870,-11.97773269,0 13.90850350,-11.96316619,0 13.89753440,-11.95096109,0 13.88775060,-11.93820669,0 13.87684820,-11.92200369,0 13.86585240,-11.91740889,0 13.86482910,-11.92678749,0 13.86257630,-11.94743479,0 13.85952760,-11.97537609,0 13.85719090,-11.98512249,0 13.84943770,-12.01746079,0 13.83707810,-12.05435749,0 13.82481100,-12.08554459,0 13.81379030,-12.11218259,0 13.79100130,-12.13916399,0 13.78320430,-12.14789809,0 13.76643560,-12.16668219,0 13.76201630,-12.17090699,0 13.76615520,-12.12318989,0 13.77893780,-12.05927439,0 13.78324130,-12.03775599,0 13.80200240,-11.97725129,0 13.81741520,-11.92754459,0 13.84219070,-11.83014969,0 13.84219070,-11.78743359,0 13.84644710,-11.67761459,0 13.84646220,-11.67722319,0 13.84550290,-11.65247129,0 13.84348560,-11.60042229,0 13.84219070,-11.56701179,0 13.84308090,-11.55597409,0 13.84842490,-11.48971409,0 13.85073470,-11.46107389,0 13.85167010,-11.45452649,0 13.85540510,-11.42838159,0 13.86586540,-11.35515989,0 13.86782170,-11.34146599,0 13.88490770,-11.27397249,0 13.88515090,-11.27043459,0 13.88853680,-11.22117929,0 13.89320090,-11.15332979,0 13.90061190,-11.14081669,0 13.90135480,-11.13111589,0 13.89887780,-11.12153909,0 13.89749340,-11.11618609,0 13.89539720,-11.10071749,0 13.89167400,-11.07721899,0 13.89144610,-11.07525199,0 13.88961700,-11.05946539,0 13.88878630,-11.03830809,0 13.89203640,-11.01837059,0 13.89767210,-11.00781489,0 13.90351300,-10.99687479,0 13.90945910,-10.99015239,0 13.90316490,-10.98201079,0 13.89922290,-10.97720309,0 13.88650700,-10.96169469,0 13.88268470,-10.94447899,0 13.87306400,-10.92372509,0 13.85800080,-10.91582409,0 13.85157870,-10.91245559,0 13.83584790,-10.90758229,0 13.82953360,-10.90807629,0 13.82262400,-10.89917459,0 13.81942870,-10.89505809,0 13.81725410,-10.89195729,0 13.81225200,-10.88450429,0 13.80791660,-10.87913419,0 13.80632330,-10.87817429,0 13.79725270,-10.86648849,0 13.79294200,-10.85980269,0 13.78666880,-10.85007289,0 13.78624710,-10.84941859,0 13.76667120,-10.81904979,0 13.76430220,-10.81601459,0 13.75469680,-10.80370809,0 13.74891860,-10.79782729,0 13.73829170,-10.78701209,0 13.72805080,-10.76918379,0 13.72722820,-10.76775169,0 13.72344110,-10.75788119,0 13.72410390,-10.75235559,0 13.72665120,-10.75026889,0 13.73432450,-10.74884129,0 13.73872850,-10.74582389,0 13.74129640,-10.74056729,0 13.74308400,-10.73937699,0 13.74752800,-10.73101659,0 13.75511650,-10.72409529,0 13.75870690,-10.72234079,0 13.76370140,-10.71990009,0 13.76995280,-10.71456999,0 13.77297320,-10.70785009,0 13.77565100,-10.70370009,0 13.77950950,-10.69318489,0 13.77829300,-10.68938029,0 13.77839370,-10.68828679,0 13.77477840,-10.66921329,0 13.76681520,-10.65749649,0 13.76138690,-10.64950939,0 13.75772450,-10.64507889,0 13.75656510,-10.64235879,0 13.74151420,-10.62391569,0 13.73642330,-10.61930999,0 13.72854900,-10.60978409,0 13.71238040,-10.59021849,0 13.65357780,-10.52315619,0 13.64702990,-10.51064969,0 13.64204880,-10.50113679,0 13.62984750,-10.48626799,0 13.62307360,-10.47800919,0 13.59196570,-10.44758699,0 13.55785660,-10.42144109,0 13.54402290,-10.40796579,0 13.54150390,-10.40434739,0 13.53706360,-10.39091299,0 13.53465270,-10.38143059,0 13.54211040,-10.37639709,0 13.54883100,-10.36323549,0 13.54876330,-10.35194779,0 13.54687370,-10.34527839,0 13.54673190,-10.34362029,0 13.54652330,-10.34299789,0 13.54868790,-10.33850099,0 13.54053020,-10.31242469,0 13.53407960,-10.29366299,0 13.53218120,-10.28771569,0 13.52986620,-10.28046319,0 13.51665880,-10.26435569,0 13.50179200,-10.25075239,0 13.49499950,-10.24507799,0 13.49505620,-10.24497699,0 13.49854280,-10.24518869,0 13.52145200,-10.26811219,0 13.52607060,-10.26987929,0 13.52261330,-10.26336869,0 13.52292540,-10.26376719,0 13.53536800,-10.26880649,0 13.52353860,-10.25341219,0 13.51304440,-10.24195379,0 13.50413130,-10.23328499,0 13.49701020,-10.22902299,0 13.49218460,-10.22433889,0 13.47987170,-10.21238709,0 13.47197910,-10.19751739,0 13.46268840,-10.18308539,0 13.45941670,-10.17578979,0 13.46029280,-10.17453669,0 13.46158310,-10.16942409,0 13.45848940,-10.16598219,0 13.45572900,-10.15993149,0 13.45594220,-10.15303419,0 13.44965170,-10.13957209,0 13.44683810,-10.13171959,0 13.44657990,-10.12929059,0 13.44523930,-10.12725779,0 13.44475460,-10.12590499,0 13.44299220,-10.12385049,0 13.43932250,-10.11828609,0 13.43079050,-10.10981549,0 13.42994400,-10.10884669,0 13.42839720,-10.10375599,0 13.41538240,-10.09087369,0 13.41070560,-10.07790089,0 13.39776420,-10.07859089,0 13.39009090,-10.07367519,0 13.37696080,-10.06054969,0 13.36581990,-10.04941079,0 13.36164310,-10.04388069,0 13.36173630,-10.03747839,0 13.36022090,-10.03031439,0 13.35954860,-10.02966099,0 13.35757060,-10.02460959,0 13.35393530,-10.02073909,0 13.34660050,-10.01292989,0 13.34182550,-10.00890859,0 13.33564660,-10.00066089,0 13.32238390,-9.98938559,0 13.31377980,-9.97829059,0 13.31415940,-9.97719959,0 13.33016780,-9.97217459,0 13.33918570,-9.96811289,0 13.34426690,-9.96302889,0 13.34547710,-9.95688059,0 13.34698490,-9.94921589,0 13.34461210,-9.93864629,0 13.32372650,-9.90668559,0 13.32259430,-9.90052049,0 13.32123470,-9.89311699,0 13.31810180,-9.87476999,0 13.31921480,-9.86999509,0 13.31894680,-9.86240769,0 13.30826660,-9.84509939,0 13.27812830,-9.79624109,0 13.26985170,-9.78282359,0 13.25258260,-9.76013179,0 13.23887030,-9.74466109,0 13.23212340,-9.73460289,0 13.22440550,-9.72833829,0 13.22111230,-9.72462179,0 13.20828440,-9.70811839,0 13.20520030,-9.70139989,0 13.20485880,-9.70053289,0 13.20217320,-9.69427299,0 13.20166560,-9.69295579,0 13.19935890,-9.68216989,0 13.20161670,-9.67764239,0 13.20188710,-9.67710019,0 13.21623800,-9.67129039,0 13.22014900,-9.66891459,0 13.23034380,-9.66272159,0 13.23588180,-9.65694709,0 13.24048230,-9.64864919,0 13.24128700,-9.64403779,0 13.24302200,-9.64149569,0 13.24209380,-9.63941389,0 13.24228950,-9.63829229,0 13.24155520,-9.62955859,0 13.23640350,-9.61785219,0 13.22921050,-9.60515969,0 13.22778790,-9.60264929,0 13.21794320,-9.58527759,0 13.20365360,-9.56640669,0 13.20335420,-9.56546769,0 13.19845290,-9.55009459,0 13.19851770,-9.54991779,0 13.20132920,-9.54947569,0 13.20317270,-9.54693889,0 13.20268340,-9.54119299,0 13.20212850,-9.53938579,0 13.20220020,-9.53847099,0 13.20657540,-9.53013899,0 13.20724960,-9.52530569,0 13.20420270,-9.51750179,0 13.20324060,-9.51604459,0 13.20262240,-9.51461509,0 13.19593520,-9.49916359,0 13.18527410,-9.48471259,0 13.18293740,-9.48173809,0 13.18179130,-9.47942349,0 13.17945000,-9.47337719,0 13.17663670,-9.46611019,0 13.17667230,-9.45064889,0 13.17954640,-9.44823839,0 13.18019870,-9.43466279,0 13.17977240,-9.41554449,0 13.17310670,-9.40153639,0 13.17287830,-9.39967729,0 13.16932200,-9.38128659,0 13.16207500,-9.36477279,0 13.16198330,-9.36448419,0 13.15878870,-9.35443969,0 13.15900230,-9.35006999,0 13.15595250,-9.34065719,0 13.14811520,-9.32991599,0 13.13897660,-9.31739139,0 13.13818450,-9.31562899,0 13.12573580,-9.29682179,0 13.10303880,-9.25534059,0 13.08944040,-9.22759529,0 13.08133320,-9.21105379,0 13.07560060,-9.20308969,0 13.07042940,-9.19590489,0 13.06318090,-9.18583389,0 13.04385280,-9.15510079,0 13.00395770,-9.09871669,0 13.00869850,-9.09437149,0 13.01329710,-9.09015659,0 13.01839730,-9.09312729,0 13.02039710,-9.09205889,0 13.02186200,-9.09127619,0 13.02461910,-9.08597849,0 13.02597080,-9.08061309,0 13.02803900,-9.07240389,0 13.03429900,-9.06633109,0 13.03807770,-9.06266549,0 13.04302220,-9.05786899,0 13.04355450,-9.05748469,0 13.05223750,-9.05121659,0 13.05294230,-9.05070779,0 13.05306680,-9.05051619,0 13.05938240,-9.04079909,0 13.06355200,-9.03168119,0 13.06640370,-9.02544509,0 13.07865050,-8.99866389,0 13.08034130,-8.99713989,0 13.08873840,-8.97633079,0 13.09976010,-8.95629219,0 13.10436440,-8.95121769,0 13.11545940,-8.94979569,0 13.12332530,-8.95045379,0 13.12845390,-8.95292739,0 13.13514330,-8.95615389,0 13.14185140,-8.95658679,0 13.14470880,-8.95506889,0 13.14590850,-8.95616109,0 13.15162050,-8.96041769,0 13.15772480,-8.96409709,0 13.16049950,-8.96541889,0 13.16145020,-8.96647229,0 13.16671540,-8.97126499,0 13.17242790,-8.97552139,0 13.17853270,-8.97920049,0 13.18497090,-8.98226689,0 13.19168050,-8.98469099,0 13.19859680,-8.98644949,0 13.20565330,-8.98752529,0 13.21278200,-8.98790819,0 13.21991410,-8.98759439,0 13.21991620,-8.98759409,0 13.22328800,-8.99324909,0 13.22751300,-8.99897049,0 13.22763910,-8.99911019,0 13.22796950,-8.99955759,0 13.23273840,-9.00483969,0 13.23800520,-9.00963159,0 13.24371930,-9.01388719,0 13.24982560,-9.01756539,0 13.25626520,-9.02063079,0 13.26297620,-9.02305379,0 13.26378370,-9.02325899,0 13.26407830,-9.02336529,0 13.27099600,-9.02512269,0 13.27805370,-9.02619729,0 13.28518350,-9.02657899,0 13.29231650,-9.02626389,0 13.29938420,-9.02525519,0 13.30631830,-9.02356249,0 13.31305210,-9.02120219,0 13.31952060,-9.01819699,0 13.32566160,-9.01457579,0 13.33141580,-9.01037349,0 13.33672790,-9.00563059,0 13.34154670,-9.00039289,0 13.34582570,-8.99471069,0 13.34952380,-8.98863879,0 13.35260530,-8.98223579,0 13.35504060,-8.97556329,0 13.35680630,-8.96868549,0 13.35696250,-8.96766979,0 13.35703650,-8.96738149,0 13.35811560,-8.96036479,0 13.35849770,-8.95327669,0 13.35817920,-8.94618539,0 13.35716320,-8.93915939,0 13.35545950,-8.93226619,0 13.35308470,-8.92557229,0 13.35006150,-8.91914199,0 13.34700180,-8.91401389,0 13.35156350,-8.91189319,0 13.35770230,-8.90827109,0 13.36345430,-8.90406789,0 13.36876430,-8.89932419,0 13.37358100,-8.89408569,0 13.37785800,-8.88840279,0 13.38155430,-8.88233029,0 13.38463400,-8.87592669,0 13.38706770,-8.86925369,0 13.38883200,-8.86237549,0 13.38990980,-8.85535849,0 13.39029080,-8.84827019,0 13.38997140,-8.84117879,0 13.38980370,-8.84001979,0 13.39559250,-8.83976179,0 13.40265650,-8.83875039,0 13.40293310,-8.83868279,0 13.40295680,-8.83867939,0 13.40988710,-8.83698399,0 13.41661690,-8.83462109,0 13.42308140,-8.83161319,0 13.42921820,-8.82798959,0 13.43496820,-8.82378489,0 13.44027610,-8.81903979,0 13.44027910,-8.81903659,0 13.44028480,-8.81903149,0 13.44509940,-8.81379159,0 13.44937440,-8.80810749,0 13.45306850,-8.80203399,0 13.45614620,-8.79562939,0 13.45857800,-8.78895559,0 13.46034030,-8.78207679,0 13.46141630,-8.77505919,0 13.46179560,-8.76797049,0 13.46147460,-8.76087899,0 13.46045650,-8.75385289,0 13.45875110,-8.74695989,0 13.45637480,-8.74026649,0 13.45335070,-8.73383689,0 13.44970770,-8.72773319,0 13.44548110,-8.72201419,0 13.44529580,-8.72180909,0 13.44525930,-8.72175969,0 13.44048970,-8.71648029,0 13.43522320,-8.71169139,0 13.42951040,-8.70743919,0 13.42340640,-8.70376449,0 13.41696980,-8.70070269,0 13.41026280,-8.69828329,0 13.40922450,-8.69801989,0 13.40928750,-8.69771289,0 13.41376400,-8.67591289,0 13.41512680,-8.66010569,0 13.41572570,-8.65315439,0 13.41419370,-8.64044849,0 13.41403680,-8.63914679,0 13.41382300,-8.63864019,0 13.41123100,-8.63249679,0 13.40485230,-8.62737299,0 13.40241810,-8.62541769,0 13.40084130,-8.62326279,0 13.39823060,-8.61969469,0 13.39670370,-8.61902269,0 13.39151760,-8.61674019,0 13.38826370,-8.61285019,0 13.38590340,-8.60275169,0 13.37355800,-8.58190249,0 13.37054280,-8.56860319,0 13.37048820,-8.56836219,0 13.37191200,-8.54957959,0 13.36557200,-8.52471829,0 13.36235810,-8.51211069,0 13.35745910,-8.50202559,0 13.35788820,-8.49629079,0 13.35854240,-8.48754689,0 13.35267560,-8.47637769,0 13.34758850,-8.46669289,0 13.35195260,-8.46184729,0 13.35633750,-8.46159739,0 13.36373330,-8.46339989,0 13.37801080,-8.47069259,0 13.38155460,-8.47250269,0 13.38307000,-8.46960159,0 13.39771750,-8.47543049,0 13.41268470,-8.48129739,0 13.42079160,-8.48447509,0 13.42408570,-8.48912579,0 13.42514770,-8.49062509,0 13.43269440,-8.50127979,0 13.44042590,-8.52427859,0 13.45333730,-8.54615559,0 13.45509530,-8.54913429,0 13.46204110,-8.55359109,0 13.47807880,-8.56388189,0 13.50520800,-8.57414439,0 13.50876750,-8.57462149,0 13.53535180,-8.57818509,0 13.54830600,-8.57867949,0 13.56728740,-8.57940389,0 13.59745220,-8.58229729,0 13.62534240,-8.58228679,0 13.64336780,-8.58150579,0 13.65089510,-8.58056159,0 13.65908720,-8.57953549,0 13.68737790,-8.59037489,0 13.71741100,-8.60124869,0 13.74786850,-8.62183379,0 13.75382060,-8.62987769,0 13.75774840,-8.63518599,0 13.77402110,-8.65717789,0 13.80166720,-8.67256449,0 13.81999970,-8.68890949,0 13.81586740,-8.69282629,0 13.79895210,-8.69649409,0 13.77854920,-8.70009419,0 13.75239180,-8.70015239,0 13.74110980,-8.67937369,0 13.73574530,-8.67116289,0 13.73090550,-8.66375539,0 13.71641830,-8.66118619,0 13.68506340,-8.65942289,0 13.67311030,-8.65985639,0 13.66471000,-8.66016099,0 13.65160560,-8.64448169,0 13.63253120,-8.63838959,0 13.61797900,-8.63981149,0 13.61523110,-8.63896189,0 13.59427550,-8.63248249,0 13.56743620,-8.63303949,0 13.56531240,-8.66102029,0 13.56792670,-8.66811119,0 13.57697870,-8.69266319,0 13.58241920,-8.70131329,0 13.58716490,-8.70885849,0 13.59786610,-8.72906109,0 13.60562420,-8.75148769,0 13.61984540,-8.77004909,0 13.63817410,-8.78640559,0 13.65657230,-8.79876519,0 13.66996390,-8.80588059,0 13.67259540,-8.80727879,0 13.67443850,-8.80825809,0 13.69809060,-8.81957819,0 13.71335360,-8.82232709,0 13.72302060,-8.82406809,0 13.74786570,-8.83369349,0 13.77002210,-8.84030609,0 13.77448650,-8.84163859,0 13.80269340,-8.85932159,0 13.81586070,-8.87214179,0 13.83766750,-8.89026829,0 13.85021110,-8.90593049,0 13.86040610,-8.93400479,0 13.86190700,-8.93813799,0 13.86719560,-8.94553939,0 13.87556170,-8.95724769,0 13.88648920,-8.97605919,0 13.89367870,-8.98843569,0 13.90382960,-9.00861929,0 13.91856290,-9.03346059,0 13.93212410,-9.05884839,0 13.94801410,-9.08583899,0 13.94788020,-9.08577559,0 13.94116160,-9.08336429,0 13.94090790,-9.08330039,0 13.94009100,-9.08291339,0 13.93337250,-9.08050189,0 13.92644870,-9.07875649,0 13.91938610,-9.07769389,0 13.91225280,-9.07732439,0 13.90511750,-9.07765139,0 13.89874430,-9.07857149,0 13.89612510,-9.07869149,0 13.89285490,-9.07916349,0 13.89271430,-9.07914239,0 13.88558110,-9.07877229,0 13.87844570,-9.07909889,0 13.87222900,-9.07999589,0 13.86950800,-9.08012029,0 13.86243910,-9.08114009,0 13.85916520,-9.08194439,0 13.85809430,-9.08188879,0 13.85095890,-9.08221469,0 13.84423080,-9.08318499,0 13.83854130,-9.07977089,0 13.83684790,-9.07896819,0 13.83510820,-9.07792419,0 13.83011230,-9.07555599,0 13.82811420,-9.07435689,0 13.82166720,-9.07130069,0 13.81495000,-9.06888709,0 13.81022320,-9.06769389,0 13.80883270,-9.06719429,0 13.80276590,-9.06566269,0 13.80273200,-9.06563189,0 13.79700930,-9.06138389,0 13.79089530,-9.05771379,0 13.78444900,-9.05465699,0 13.77773240,-9.05224289,0 13.77081020,-9.05049469,0 13.76374910,-9.04942919,0 13.75661690,-9.04905669,0 13.75640150,-9.04906649,0 13.75094240,-9.04768739,0 13.74388140,-9.04662159,0 13.73674940,-9.04624869,0 13.72961490,-9.04657239,0 13.72699960,-9.04694879,0 13.72277510,-9.04588119,0 13.71571430,-9.04481489,0 13.71550080,-9.04480369,0 13.71242930,-9.04402739,0 13.70536860,-9.04296089,0 13.69823670,-9.04258729,0 13.69110240,-9.04291019,0 13.68403420,-9.04392659,0 13.67710030,-9.04562659,0 13.67036730,-9.04799399,0 13.66390010,-9.05100579,0 13.65776090,-9.05463309,0 13.65200880,-9.05884099,0 13.64669920,-9.06358889,0 13.64188320,-9.06883119,0 13.63760720,-9.07451749,0 13.63391230,-9.08059279,0 13.63083430,-9.08699889,0 13.62840260,-9.09367389,0 13.62664090,-9.10055369,0 13.62556600,-9.10757199,0 13.62518840,-9.11466109,0 13.62551180,-9.12175289,0 13.62653300,-9.12877909,0 13.62824230,-9.13567199,0 13.63062330,-9.14236509,0 13.63365310,-9.14879409,0 13.63730240,-9.15489699,0 13.64153630,-9.16061499,0 13.64631390,-9.16589309,0 13.65158930,-9.17068029,0 13.65731150,-9.17493059,0 13.66342570,-9.17860299,0 13.66987270,-9.18166209,0 13.67659060,-9.18407839,0 13.68351460,-9.18582869,0 13.69057790,-9.18689609,0 13.69079140,-9.18690719,0 13.69386410,-9.18768389,0 13.70092750,-9.18875099,0 13.70806220,-9.18912499,0 13.71519950,-9.18880209,0 13.71781580,-9.18842599,0 13.72127840,-9.18930089,0 13.72681640,-9.19341239,0 13.73293170,-9.19708379,0 13.73937980,-9.20014179,0 13.74609870,-9.20255689,0 13.75302350,-9.20430599,0 13.76008760,-9.20537199,0 13.76637740,-9.20570069,0 13.77146070,-9.20811089,0 13.77167370,-9.20818739,0 13.77467270,-9.20960919,0 13.77625000,-9.21103939,0 13.78197460,-9.21528799,0 13.78809090,-9.21895859,0 13.79454000,-9.22201569,0 13.80125980,-9.22442989,0 13.80818550,-9.22617799,0 13.81525030,-9.22724299,0 13.82238620,-9.22761479,0 13.82487630,-9.22750149,0 13.82551960,-9.22766379,0 13.83258460,-9.22872859,0 13.83972060,-9.22909999,0 13.84685890,-9.22877459,0 13.85393080,-9.22775549,0 13.85896690,-9.22651919,0 13.86477080,-9.22625429,0 13.87184260,-9.22523479,0 13.87511780,-9.22443059,0 13.87618910,-9.22448619,0 13.88332740,-9.22416009,0 13.88719730,-9.22360199,0 13.88732240,-9.22362079,0 13.89102930,-9.22381319,0 13.89257530,-9.22495989,0 13.89396830,-9.22579519,0 13.89403270,-9.22585359,0 13.89975920,-9.23010049,0 13.90583290,-9.23374259,0 13.90752650,-9.23499859,0 13.91364470,-9.23866719,0 13.92009550,-9.24172219,0 13.92681680,-9.24413419,0 13.93374370,-9.24587999,0 13.94080960,-9.24694269,0 13.94794640,-9.24731199,0 13.95508520,-9.24698449,0 13.96215730,-9.24596329,0 13.96909460,-9.24425809,0 13.97435480,-9.24240519,0 13.98121070,-9.26825999,0 13.98785690,-9.29009149,0 13.99600390,-9.31178909,0 13.99736120,-9.31540389,0 14.00917820,-9.34190179,0 14.01867770,-9.36778549,0 14.03068540,-9.38229079,0 14.04088500,-9.40076159,0 14.05757240,-9.41420939,0 14.06593670,-9.42128709,0 14.07482720,-9.42881009,0 14.07660840,-9.43016819,0 14.07713130,-9.43056679,0 14.07895020,-9.44117859,0 14.08194450,-9.45864679,0 14.08510400,-9.48041339,0 14.08661560,-9.49586679,0 14.08669030,-9.50198249,0 14.08687400,-9.51700779,0 14.07614710,-9.53223509,0 14.09016130,-9.54105999,0 14.09577470,-9.54459479,0 14.11375470,-9.55629479,0 14.11655330,-9.55811599,0 14.12843160,-9.56402039,0 14.13564490,-9.56760599,0 14.14683330,-9.57378679,0 14.15703580,-9.57942299,0 14.17367740,-9.59686369,0 14.18160530,-9.61243249,0 14.18580300,-9.61466479,0 14.19407680,-9.61906469,0 14.19606490,-9.62012199,0 14.21263020,-9.61503519,0 14.21715260,-9.61364649,0 14.22257250,-9.60614189,0 14.22489070,-9.60293199,0 14.23856830,-9.58489609,0 14.25100230,-9.57197949,0 14.26564890,-9.55953419,0 14.26812270,-9.55743219,0 14.28810500,-9.54636479,0 14.30615700,-9.54237429,0 14.30705260,-9.53646289,0 14.30924240,-9.52785769,0 14.31227130,-9.51950699,0 14.31611000,-9.51149109,0 14.32072140,-9.50388719,0 14.32606120,-9.49676859,0 14.32771490,-9.49496419,0 14.32592640,-9.49559569,0 14.31724980,-9.49773539,0 14.30840360,-9.49902039,0 14.29947320,-9.49943809,0 14.29054460,-9.49898459,0 14.28170380,-9.49766419,0 14.27303610,-9.49548969,0 14.26462490,-9.49248209,0 14.25655140,-9.48867029,0 14.24889330,-9.48409099,0 14.24172440,-9.47878849,0 14.23511370,-9.47281369,0 14.22912500,-9.46622439,0 14.22381580,-9.45908379,0 14.21923740,-9.45146099,0 14.21623440,-9.44511999,0 14.21583810,-9.44476169,0 14.20985020,-9.43817209,0 14.20454180,-9.43103129,0 14.19996420,-9.42340829,0 14.19952590,-9.42248259,0 14.19651390,-9.41916749,0 14.19120610,-9.41202659,0 14.18662890,-9.40440339,0 14.18282640,-9.39637139,0 14.17983520,-9.38800789,0 14.17768390,-9.37939349,0 14.17639330,-9.37061119,0 14.17597570,-9.36174549,0 14.17643500,-9.35288189,0 14.17776690,-9.34410569,0 14.17995830,-9.33550129,0 14.18298810,-9.32715169,0 14.18682720,-9.31913719,0 14.19143840,-9.31153499,0 14.19677740,-9.30441829,0 14.20279280,-9.29785549,0 14.20942650,-9.29190979,0 14.21661480,-9.28663849,0 14.22428830,-9.28209229,0 14.23237340,-9.27831499,0 14.24079200,-9.27534289,0 14.24946330,-9.27320459,0 14.25830380,-9.27192069,0 14.26007130,-9.27183809,0 14.24335290,-9.26280019,0 14.23865020,-9.25707989,0 14.23517040,-9.25284729,0 14.22496480,-9.24043349,0 14.22324450,-9.23834089,0 14.22047330,-9.23497009,0 14.20974250,-9.22297559,0 14.19813920,-9.21000579,0 14.18377080,-9.18068749,0 14.17780300,-9.16851039,0 14.17725750,-9.12737659,0 14.17088400,-9.10066059,0 14.16959520,-9.09525829,0 14.16812670,-9.08910259,0 14.16685680,-9.08377929,0 14.15830680,-9.04154229,0 14.15548420,-9.02759839,0 14.14916860,-9.01684009,0 14.13988550,-9.00102689,0 14.12769320,-8.98025799,0 14.10251140,-8.95295139,0 14.09442920,-8.94692999,0 14.07892990,-8.93538279,0 14.06828970,-8.92426659,0 14.05889320,-8.91444969,0 14.04390460,-8.89874849,0 14.04057790,-8.89526369,0 14.03555260,-8.88897889,0 14.02574250,-8.87670989,0 14.00978760,-8.85750869,0 14.00405030,-8.85060409,0 13.98348900,-8.82680419,0 13.98062150,-8.82433479,0 13.96111390,-8.80753609,0 13.95316360,-8.80092399,0 13.93042040,-8.78200889,0 13.92668250,-8.77890009,0 13.90941430,-8.76789859,0 13.90966320,-8.75230689,0 13.90948430,-8.74988419,0 13.90822790,-8.73286439,0 13.90055850,-8.70359329,0 13.89289670,-8.67375369,0 13.88466830,-8.64961369,0 13.88290500,-8.64444069,0 13.87692640,-8.61862949,0 13.87200930,-8.59912109,0 13.86960380,-8.56874379,0 13.86911110,-8.56252099,0 13.86673700,-8.55155389,0 13.86661820,-8.55100519,0 13.86178700,-8.52868759,0 13.86153980,-8.52754589,0 13.84998230,-8.49450269,0 13.84987830,-8.49420549,0 13.84103110,-8.46662809,0 13.83117870,-8.42932699,0 13.82234510,-8.40696179,0 13.82597040,-8.40606909,0 13.83269080,-8.40369719,0 13.83914520,-8.40068059,0 13.84527150,-8.39704849,0 13.85101060,-8.39283579,0 13.85630740,-8.38808319,0 13.86111070,-8.38283629,0 13.86537440,-8.37714579,0 13.86905720,-8.37106639,0 13.87212390,-8.36465679,0 13.87454490,-8.35797869,0 13.87629690,-8.35109639,0 13.87736300,-8.34407619,0 13.87773300,-8.33698569,0 13.87740340,-8.32989329,0 13.87637750,-8.32286709,0 13.87466500,-8.31597499,0 13.87228260,-8.30928319,0 13.86925330,-8.30285619,0 13.86560610,-8.29675589,0 13.86137640,-8.29104109,0 13.85660470,-8.28576659,0 13.85133720,-8.28098339,0 13.84562450,-8.27673749,0 13.83952160,-8.27306959,0 13.83308720,-8.27001529,0 13.82638350,-8.26760369,0 13.81947480,-8.26585829,0 13.81242770,-8.26479559,0 13.80531000,-8.26442609,0 13.79819020,-8.26475309,0 13.79818370,-8.26475399,0 13.79794270,-8.26476509,0 13.79088940,-8.26578559,0 13.78397040,-8.26748979,0 13.77725230,-8.26986119,0 13.77079990,-8.27287689,0 13.76467520,-8.27650809,0 13.76414490,-8.27689729,0 13.75155930,-8.25650409,0 13.74436090,-8.24194459,0 13.73246380,-8.21788119,0 13.72023460,-8.19220769,0 13.71956250,-8.19079689,0 13.69015030,-8.14511969,0 13.67103100,-8.10877899,0 13.64284990,-8.05969909,0 13.61353870,-8.00945469,0 13.59871100,-7.98701659,0 13.58639910,-7.96838569,0 13.57210990,-7.94496259,0 13.55819700,-7.92215629,0 13.51448630,-7.86819119,0 13.50076030,-7.84557149,0 13.48377740,-7.81758439,0 13.48292730,-7.81618359,0 13.46007060,-7.79745149,0 13.43937490,-7.78789329,0 13.41296770,-7.77364969,0 13.39543250,-7.74931759,0 13.37102000,-7.72266849,0 13.36985210,-7.72139359,0 13.35963060,-7.70976689,0 13.34391280,-7.70037869,0 13.32695580,-7.69025039,0 13.30916690,-7.68074459,0 13.27139090,-7.65540889,0 13.23529430,-7.63352729,0 13.21118830,-7.58964779,0 13.21218400,-7.56684829,0 13.20946760,-7.55846609,0 13.20231630,-7.53639889,0 13.20102690,-7.51183839,0 13.19458200,-7.48431539,0 13.17942710,-7.45831729,0 13.15904810,-7.43334669,0 13.14215280,-7.40787979,0 13.12994190,-7.37966389,0 13.11969550,-7.35705979,0 13.11270620,-7.34164089,0 13.09272040,-7.30533949,0 13.08695980,-7.29487609,0 13.08229400,-7.28756859,0 13.06110480,-7.25438309,0 13.05305000,-7.22112559,0 13.04560000,-7.19966899,0 13.04113800,-7.18681819,0 13.03987980,-7.18319459,0 13.04082250,-7.15787409,0 13.04096960,-7.15392389,0 13.04221340,-7.12051339,0 13.04864500,-7.08587029,0 13.04862010,-7.08360819,0 13.04858620,-7.08053319,0 13.04843140,-7.06647679,0 13.01909920,-7.05841539,0 13.01659830,-7.06196129,0 13.01078320,-7.07020619,0 13.00586990,-7.07342769,0 13.00989530,-7.05593059,0 13.00084400,-7.04546639,0 12.99532510,-7.03165819,0 12.98990150,-7.01272149,0 12.98557280,-6.99722909,0 12.98072910,-6.97830489,0 12.97539620,-6.95480819,0 12.97264740,-6.94910979,0 12.96872430,-6.94097659,0 12.97019200,-6.92846539,0 12.95567700,-6.92814109,0 12.94991560,-6.92959629,0 12.94116120,-6.93180749,0 12.93675210,-6.93069989,0 12.92509270,-6.92777109,0 12.94256880,-7.01934579,0 12.93950910,-7.06523299,0 12.93829630,-7.08342169,0 12.93813060,-7.08690149,0 12.93402480,-7.17312859,0 12.93101680,-7.17914429,0 12.91570020,-7.20977619,0 12.90959430,-7.22198729,0 12.90839390,-7.22438809,0 12.89783040,-7.23706519,0 12.88703630,-7.25001909,0 12.86932050,-7.27094869,0 12.86157420,-7.28010029,0 12.85945510,-7.27814669,0 12.85508350,-7.27079389,0 12.85071280,-7.24758959,0 12.85095800,-7.24674839,0 12.85449030,-7.23953439,0 12.85420650,-7.23560659,0 12.85439590,-7.23495719,0 12.85386740,-7.23091199,0 12.85376110,-7.22944109,0 12.85508730,-7.22393039,0 12.85341040,-7.21799849,0 12.85336590,-7.21281339,0 12.85161500,-7.20334819,0 12.85225200,-7.18471189,0 12.84898380,-7.16555689,0 12.84527110,-7.14478249,0 12.84703250,-7.12846329,0</coordinates></LinearRing></outerBoundaryIs><innerBoundaryIs><LinearRing><coordinates>20.85300630,-7.48002469,0 20.85656410,-7.47391689,0 20.85945020,-7.46761029,0 20.85959100,-7.46745099,0 20.86373140,-7.46172079,0 20.86728910,-7.45561309,0 20.87022980,-7.44918689,0 20.87252530,-7.44250389,0 20.87415350,-7.43562859,0 20.87509870,-7.42862709,0 20.87535200,-7.42156679,0 20.87491080,-7.41451579,0 20.87377950,-7.40754179,0 20.87196900,-7.40071209,0 20.86949680,-7.39409229,0 20.86638660,-7.38774629,0 20.86266840,-7.38173499,0 20.85837800,-7.37611629,0 20.85355680,-7.37094439,0 20.84825110,-7.36626899,0 20.84251190,-7.36213509,0 20.83639460,-7.35858249,0 20.82995800,-7.35564549,0 20.82326400,-7.35335239,0 20.81637710,-7.35172509,0 20.80936360,-7.35077949,0 20.80229090,-7.35052469,0 20.79522720,-7.35096299,0 20.78824040,-7.35209039,0 20.78139780,-7.35389599,0 20.77476520,-7.35636249,0 20.76840670,-7.35946599,0 20.76238330,-7.36317689,0 20.75675310,-7.36745919,0 20.75157040,-7.37227199,0 20.74688500,-7.37756869,0 20.74274210,-7.38329839,0 20.73918180,-7.38940589,0 20.73886850,-7.39008989,0 20.73595450,-7.39338399,0 20.73181140,-7.39911379,0 20.72825090,-7.40522149,0 20.72530710,-7.41164819,0 20.72300860,-7.41833199,0 20.72137740,-7.42520849,0 20.72042940,-7.43221159,0 20.72017380,-7.43927369,0 20.72061290,-7.44632669,0 20.72068260,-7.44675749,0 20.72081070,-7.44881479,0 20.72194050,-7.45579089,0 20.72375000,-7.46262279,0 20.72622190,-7.46924479,0 20.72933230,-7.47559299,0 20.73305130,-7.48160619,0 20.73734310,-7.48722649,0 20.74216630,-7.49239979,0 20.74747440,-7.49707619,0 20.75321640,-7.50121059,0 20.75933680,-7.50476329,0 20.76577670,-7.50769999,0 20.77247400,-7.50999239,0 20.77936420,-7.51161859,0 20.78638090,-7.51256269,0 20.79345650,-7.51281579,0 20.80052270,-7.51237549,0 20.80751160,-7.51124599,0 20.81435570,-7.50943819,0 20.82098920,-7.50696949,0 20.82734820,-7.50386379,0 20.83337130,-7.50015109,0 20.83900070,-7.49586699,0 20.84418210,-7.49105289,0 20.84886570,-7.48575509,0 20.85300630,-7.48002469,0</coordinates></LinearRing></innerBoundaryIs></Polygon>
<Polygon><tessellate>1</tessellate><outerBoundaryIs><LinearRing><coordinates>13.51086330,-10.24836729,0 13.51396390,-10.25232589,0 13.49533210,-10.23822979,0 13.49713990,-10.23593429,0 13.51086330,-10.24836729,0</coordinates></LinearRing></outerBoundaryIs></Polygon>
<Polygon><tessellate>1</tessellate><outerBoundaryIs><LinearRing><coordinates>16.59647310,-7.33944499,0 16.60453990,-7.34104439,0 16.62529370,-7.35208989,0 16.63616980,-7.36070929,0 16.63622860,-7.36075589,0 16.64944270,-7.37457559,0 16.66662470,-7.38537689,0 16.67249110,-7.38906479,0 16.68685340,-7.40460589,0 16.68732810,-7.40521719,0 16.70292090,-7.42529769,0 16.71722600,-7.45053289,0 16.72754290,-7.46603389,0 16.74155790,-7.48368559,0 16.74534230,-7.48845199,0 16.75444980,-7.51249789,0 16.75901440,-7.52525429,0 16.76469040,-7.54111669,0 16.77956200,-7.56978029,0 16.79274180,-7.59158329,0 16.80595970,-7.60768179,0 16.82554630,-7.62441109,0 16.84516530,-7.63600399,0 16.87359810,-7.62657259,0 16.89852140,-7.62280939,0 16.91766170,-7.61785079,0 16.92191610,-7.61606689,0 16.94030000,-7.60835889,0 16.95247650,-7.60561749,0 16.95834340,-7.60163989,0 16.96991540,-7.59379429,0 16.97924610,-7.58189919,0 16.97946250,-7.58151859,0 16.98860360,-7.56543969,0 16.99154850,-7.55633929,0 16.99743650,-7.53870919,0 16.99751660,-7.52444889,0 16.99993520,-7.50621799,0 17.00159400,-7.50022479,0 17.00465970,-7.48914909,0 17.01056480,-7.46809669,0 17.01935770,-7.44764179,0 17.02469580,-7.43998459,0 17.03160860,-7.43006849,0 17.04903790,-7.41767259,0 17.07108120,-7.40759709,0 17.08860020,-7.39803599,0 17.07615510,-7.38464339,0 17.07526020,-7.38368029,0 17.07057930,-7.38248479,0 17.05908010,-7.37954759,0 17.03826140,-7.37708569,0 17.02441220,-7.37011999,0 17.01056100,-7.36372469,0 16.99615100,-7.35390189,0 16.98754690,-7.34070919,0 16.97843740,-7.31439349,0 16.98147480,-7.30440299,0 16.98776260,-7.28372149,0 16.98734660,-7.29540919,0 16.99333000,-7.30052089,0 17.00437550,-7.30496409,0 17.00611880,-7.30392649,0 17.00647360,-7.29989959,0 17.01309970,-7.29886629,0 17.03054810,-7.29786919,0 17.03678700,-7.30126909,0 17.04057120,-7.31433489,0 17.04522710,-7.32119129,0 17.05192950,-7.32504799,0 17.06022070,-7.32567499,0 17.06483650,-7.32747939,0 17.07646370,-7.34278389,0 17.08558600,-7.34407399,0 17.08718110,-7.34534929,0 17.10148620,-7.34545039,0 17.10804220,-7.34549599,0 17.10963060,-7.34621329,0 17.11318210,-7.35221719,0 17.11610180,-7.35715129,0 17.11590960,-7.36352589,0 17.11370950,-7.37169519,0 17.11170770,-7.37651819,0 17.11459160,-7.39188619,0 17.10839270,-7.41759439,0 17.11016850,-7.42267889,0 17.11363410,-7.42541889,0 17.12791060,-7.42626949,0 17.13296890,-7.42486759,0 17.13470290,-7.42330339,0 17.13664050,-7.42308859,0 17.14119910,-7.42011399,0 17.14815330,-7.40984299,0 17.14916130,-7.40990579,0 17.15296550,-7.41925949,0 17.16082380,-7.42519379,0 17.17118260,-7.42537359,0 17.17901610,-7.42671389,0 17.18526080,-7.43219609,0 17.18790060,-7.43665829,0 17.18209840,-7.44395689,0 17.17537070,-7.44796229,0 17.17016600,-7.44755029,0 17.16508100,-7.44908569,0 17.14549060,-7.45499899,0 17.13892020,-7.45703519,0 17.12578200,-7.46110679,0 17.10091780,-7.45633319,0 17.08124160,-7.45616479,0 17.06668470,-7.47257949,0 17.05849270,-7.48904939,0 17.04565050,-7.50890109,0 17.03569790,-7.52934929,0 17.02976230,-7.55610559,0 17.01924130,-7.57426789,0 17.01044080,-7.59529539,0 17.00571440,-7.61236759,0 16.98826220,-7.62647389,0 16.96558190,-7.64338539,0 16.94406130,-7.65916439,0 16.94251800,-7.65960159,0 16.92259600,-7.66524459,0 16.90986650,-7.66818239,0 16.89881900,-7.67073199,0 16.89062110,-7.67138989,0 16.87332150,-7.67277809,0 16.86832970,-7.67194859,0 16.85688780,-7.67004709,0 16.84786220,-7.66854719,0 16.83450760,-7.66629739,0 16.82992550,-7.66552539,0 16.79867740,-7.66123629,0 16.78252600,-7.65081309,0 16.77535740,-7.64560799,0 16.76580620,-7.63867279,0 16.75372890,-7.62543579,0 16.74111560,-7.60591789,0 16.73955240,-7.60257239,0 16.73254780,-7.58758019,0 16.72743990,-7.57155799,0 16.71654320,-7.55547859,0 16.70741840,-7.53428409,0 16.69903740,-7.52371679,0 16.69191550,-7.51473709,0 16.68825190,-7.50176819,0 16.68512920,-7.49071359,0 16.68480440,-7.48947129,0 16.68129650,-7.47605289,0 16.68004610,-7.47127009,0 16.65936090,-7.44882009,0 16.64907840,-7.42875429,0 16.63986970,-7.42124699,0 16.60817530,-7.40153409,0 16.58281900,-7.38644739,0 16.56377160,-7.37209719,0 16.55979350,-7.36910009,0 16.56140160,-7.35189199,0 16.56229590,-7.34232229,0 16.56801800,-7.34038429,0 16.58027460,-7.33623309,0 16.59647310,-7.33944499,0</coordinates></LinearRing></outerBoundaryIs></Polygon>
</MultiGeometry>
</Placemark>
</Document></kml>