<?xml version="1.0" encoding="UTF-8"?>
<kml xmlns="http://www.opengis.net/kml/2.2">
<Document>
<name>Pontos Novos de Controle Fora da Mancha - Não Vermelhos</name>
<description>Pontos de controle cartográfico novos, sistemáticos, fora da mancha de solos vermelhos, derivados de unidades pedológicas conservadoramente não vermelhas. Não representam novas observações de campo.</description>
<Style id="style_Amarelo">
<IconStyle>
<color>ff00ffff</color>
<scale>1.05</scale>
<Icon><href>http://maps.google.com/mapfiles/kml/shapes/placemark_circle.png</href></Icon>
</IconStyle>
</Style>
<Style id="style_Bege">
<IconStyle>
<color>ff99ccff</color>
<scale>1.05</scale>
<Icon><href>http://maps.google.com/mapfiles/kml/shapes/placemark_circle.png</href></Icon>
</IconStyle>
</Style>
<Style id="style_Cinza">
<IconStyle>
<color>ff888888</color>
<scale>1.05</scale>
<Icon><href>http://maps.google.com/mapfiles/kml/shapes/placemark_circle.png</href></Icon>
</IconStyle>
</Style>
<Style id="style_Verde">
<IconStyle>
<color>ff00aa00</color>
<scale>1.05</scale>
<Icon><href>http://maps.google.com/mapfiles/kml/shapes/placemark_circle.png</href></Icon>
</IconStyle>
</Style>
<Style id="style_Azul">
<IconStyle>
<color>ffff6600</color>
<scale>1.05</scale>
<Icon><href>http://maps.google.com/mapfiles/kml/shapes/placemark_circle.png</href></Icon>
</IconStyle>
</Style>
<Style id="style_Roxo">
<IconStyle>
<color>ff993399</color>
<scale>1.05</scale>
<Icon><href>http://maps.google.com/mapfiles/kml/shapes/placemark_circle.png</href></Icon>
</IconStyle>
</Style>
<Style id="style_Marrom">
<IconStyle>
<color>ff336699</color>
<scale>1.05</scale>
<Icon><href>http://maps.google.com/mapfiles/kml/shapes/placemark_circle.png</href></Icon>
</IconStyle>
</Style>
<Placemark>
<name>Amarelo | Protic Arenosols</name>
<styleUrl>#style_Amarelo</styleUrl>
<description><![CDATA[<b>ID:</b> CTRL_NV_0001<br/><b>Classificação:</b> NÃO VERMELHO – controle cartográfico<br/><b>Classe WRB:</b> Protic Arenosols<br/><b>Código de solo:</b> DU<br/><b>Província:</b> 24<br/><b>Cor cartográfica do ponto:</b> Amarelo<br/><b>Fonte:</b> Derivado da camada Solos_Angola; posição sistemática nova; fora da mancha vermelha<br/><b>Longitude:</b> 11.711510<br/><b>Latitude:</b> -16.608377]]></description>
<Point>
<coordinates>11.71150963,-16.60837736,0</coordinates>
</Point>
</Placemark>
<Placemark>
<name>Bege | Lepti-Petric Calcisols (Arenic)</name>
<styleUrl>#style_Bege</styleUrl>
<description><![CDATA[<b>ID:</b> CTRL_NV_0002<br/><b>Classificação:</b> NÃO VERMELHO – controle cartográfico<br/><b>Classe WRB:</b> Lepti-Petric Calcisols (Arenic)<br/><b>Código de solo:</b> CLp<br/><b>Província:</b> 24<br/><b>Cor cartográfica do ponto:</b> Bege<br/><b>Fonte:</b> Derivado da camada Solos_Angola; posição sistemática nova; fora da mancha vermelha<br/><b>Longitude:</b> 11.918793<br/><b>Latitude:</b> -17.099252]]></description>
<Point>
<coordinates>11.91879298,-17.09925172,0</coordinates>
</Point>
</Placemark>
<Placemark>
<name>Cinza | Lithic Leptosols</name>
<styleUrl>#style_Cinza</styleUrl>
<description><![CDATA[<b>ID:</b> CTRL_NV_0003<br/><b>Classificação:</b> NÃO VERMELHO – controle cartográfico<br/><b>Classe WRB:</b> Lithic Leptosols<br/><b>Código de solo:</b> LPq<br/><b>Província:</b> 24<br/><b>Cor cartográfica do ponto:</b> Cinza<br/><b>Fonte:</b> Derivado da camada Solos_Angola; posição sistemática nova; fora da mancha vermelha<br/><b>Longitude:</b> 11.918793<br/><b>Latitude:</b> -16.935489]]></description>
<Point>
<coordinates>11.91879298,-16.93548857,0</coordinates>
</Point>
</Placemark>
<Placemark>
<name>Cinza | Lithic Leptosols</name>
<styleUrl>#style_Cinza</styleUrl>
<description><![CDATA[<b>ID:</b> CTRL_NV_0004<br/><b>Classificação:</b> NÃO VERMELHO – controle cartográfico<br/><b>Classe WRB:</b> Lithic Leptosols<br/><b>Código de solo:</b> LPq<br/><b>Província:</b> 24<br/><b>Cor cartográfica do ponto:</b> Cinza<br/><b>Fonte:</b> Derivado da camada Solos_Angola; posição sistemática nova; fora da mancha vermelha<br/><b>Longitude:</b> 11.918793<br/><b>Latitude:</b> -16.771864]]></description>
<Point>
<coordinates>11.91879298,-16.77186434,0</coordinates>
</Point>
</Placemark>
<Placemark>
<name>Amarelo | Protic Arenosols</name>
<styleUrl>#style_Amarelo</styleUrl>
<description><![CDATA[<b>ID:</b> CTRL_NV_0005<br/><b>Classificação:</b> NÃO VERMELHO – controle cartográfico<br/><b>Classe WRB:</b> Protic Arenosols<br/><b>Código de solo:</b> DU<br/><b>Província:</b> 24<br/><b>Cor cartográfica do ponto:</b> Amarelo<br/><b>Fonte:</b> Derivado da camada Solos_Angola; posição sistemática nova; fora da mancha vermelha<br/><b>Longitude:</b> 11.918793<br/><b>Latitude:</b> -16.608377]]></description>
<Point>
<coordinates>11.91879298,-16.60837736,0</coordinates>
</Point>
</Placemark>
<Placemark>
<name>Amarelo | Protic Arenosols</name>
<styleUrl>#style_Amarelo</styleUrl>
<description><![CDATA[<b>ID:</b> CTRL_NV_0006<br/><b>Classificação:</b> NÃO VERMELHO – controle cartográfico<br/><b>Classe WRB:</b> Protic Arenosols<br/><b>Código de solo:</b> DU<br/><b>Província:</b> 24<br/><b>Cor cartográfica do ponto:</b> Amarelo<br/><b>Fonte:</b> Derivado da camada Solos_Angola; posição sistemática nova; fora da mancha vermelha<br/><b>Longitude:</b> 11.918793<br/><b>Latitude:</b> -16.445026]]></description>
<Point>
<coordinates>11.91879298,-16.44502599,0</coordinates>
</Point>
</Placemark>
<Placemark>
<name>Amarelo | Protic Arenosols</name>
<styleUrl>#style_Amarelo</styleUrl>
<description><![CDATA[<b>ID:</b> CTRL_NV_0007<br/><b>Classificação:</b> NÃO VERMELHO – controle cartográfico<br/><b>Classe WRB:</b> Protic Arenosols<br/><b>Código de solo:</b> DU<br/><b>Província:</b> 24<br/><b>Cor cartográfica do ponto:</b> Amarelo<br/><b>Fonte:</b> Derivado da camada Solos_Angola; posição sistemática nova; fora da mancha vermelha<br/><b>Longitude:</b> 11.918793<br/><b>Latitude:</b> -16.281809]]></description>
<Point>
<coordinates>11.91879298,-16.28180859,0</coordinates>
</Point>
</Placemark>
<Placemark>
<name>Amarelo | Protic Arenosols</name>
<styleUrl>#style_Amarelo</styleUrl>
<description><![CDATA[<b>ID:</b> CTRL_NV_0008<br/><b>Classificação:</b> NÃO VERMELHO – controle cartográfico<br/><b>Classe WRB:</b> Protic Arenosols<br/><b>Código de solo:</b> DU<br/><b>Província:</b> 24<br/><b>Cor cartográfica do ponto:</b> Amarelo<br/><b>Fonte:</b> Derivado da camada Solos_Angola; posição sistemática nova; fora da mancha vermelha<br/><b>Longitude:</b> 11.918793<br/><b>Latitude:</b> -16.118724]]></description>
<Point>
<coordinates>11.91879298,-16.11872353,0</coordinates>
</Point>
</Placemark>
<Placemark>
<name>Amarelo | Protic Arenosols</name>
<styleUrl>#style_Amarelo</styleUrl>
<description><![CDATA[<b>ID:</b> CTRL_NV_0009<br/><b>Classificação:</b> NÃO VERMELHO – controle cartográfico<br/><b>Classe WRB:</b> Protic Arenosols<br/><b>Código de solo:</b> DU<br/><b>Província:</b> 24<br/><b>Cor cartográfica do ponto:</b> Amarelo<br/><b>Fonte:</b> Derivado da camada Solos_Angola; posição sistemática nova; fora da mancha vermelha<br/><b>Longitude:</b> 11.918793<br/><b>Latitude:</b> -15.955769]]></description>
<Point>
<coordinates>11.91879298,-15.95576919,0</coordinates>
</Point>
</Placemark>
<Placemark>
<name>Bege | Areni-Endoskeletic Calcisols</name>
<styleUrl>#style_Bege</styleUrl>
<description><![CDATA[<b>ID:</b> CTRL_NV_0010<br/><b>Classificação:</b> NÃO VERMELHO – controle cartográfico<br/><b>Classe WRB:</b> Areni-Endoskeletic Calcisols<br/><b>Código de solo:</b> CLh<br/><b>Província:</b> 24<br/><b>Cor cartográfica do ponto:</b> Bege<br/><b>Fonte:</b> Derivado da camada Solos_Angola; posição sistemática nova; fora da mancha vermelha<br/><b>Longitude:</b> 11.918793<br/><b>Latitude:</b> -15.792944]]></description>
<Point>
<coordinates>11.91879298,-15.79294398,0</coordinates>
</Point>
</Placemark>
<Placemark>
<name>Bege | Lepti-Petric Calcisols (Arenic)</name>
<styleUrl>#style_Bege</styleUrl>
<description><![CDATA[<b>ID:</b> CTRL_NV_0011<br/><b>Classificação:</b> NÃO VERMELHO – controle cartográfico<br/><b>Classe WRB:</b> Lepti-Petric Calcisols (Arenic)<br/><b>Código de solo:</b> CLp<br/><b>Província:</b> 24<br/><b>Cor cartográfica do ponto:</b> Bege<br/><b>Fonte:</b> Derivado da camada Solos_Angola; posição sistemática nova; fora da mancha vermelha<br/><b>Longitude:</b> 12.126076<br/><b>Latitude:</b> -17.099252]]></description>
<Point>
<coordinates>12.12607634,-17.09925172,0</coordinates>
</Point>
</Placemark>
<Placemark>
<name>Bege | Lepti-Petric Calcisols (Arenic)</name>
<styleUrl>#style_Bege</styleUrl>
<description><![CDATA[<b>ID:</b> CTRL_NV_0012<br/><b>Classificação:</b> NÃO VERMELHO – controle cartográfico<br/><b>Classe WRB:</b> Lepti-Petric Calcisols (Arenic)<br/><b>Código de solo:</b> CLp<br/><b>Província:</b> 24<br/><b>Cor cartográfica do ponto:</b> Bege<br/><b>Fonte:</b> Derivado da camada Solos_Angola; posição sistemática nova; fora da mancha vermelha<br/><b>Longitude:</b> 12.126076<br/><b>Latitude:</b> -16.935489]]></description>
<Point>
<coordinates>12.12607634,-16.93548857,0</coordinates>
</Point>
</Placemark>
<Placemark>
<name>Bege | Lepti-Petric Calcisols (Arenic)</name>
<styleUrl>#style_Bege</styleUrl>
<description><![CDATA[<b>ID:</b> CTRL_NV_0013<br/><b>Classificação:</b> NÃO VERMELHO – controle cartográfico<br/><b>Classe WRB:</b> Lepti-Petric Calcisols (Arenic)<br/><b>Código de solo:</b> CLp<br/><b>Província:</b> 24<br/><b>Cor cartográfica do ponto:</b> Bege<br/><b>Fonte:</b> Derivado da camada Solos_Angola; posição sistemática nova; fora da mancha vermelha<br/><b>Longitude:</b> 12.126076<br/><b>Latitude:</b> -16.771864]]></description>
<Point>
<coordinates>12.12607634,-16.77186434,0</coordinates>
</Point>
</Placemark>
<Placemark>
<name>Cinza | Lithic Leptosols</name>
<styleUrl>#style_Cinza</styleUrl>
<description><![CDATA[<b>ID:</b> CTRL_NV_0014<br/><b>Classificação:</b> NÃO VERMELHO – controle cartográfico<br/><b>Classe WRB:</b> Lithic Leptosols<br/><b>Código de solo:</b> LPq<br/><b>Província:</b> 24<br/><b>Cor cartográfica do ponto:</b> Cinza<br/><b>Fonte:</b> Derivado da camada Solos_Angola; posição sistemática nova; fora da mancha vermelha<br/><b>Longitude:</b> 12.126076<br/><b>Latitude:</b> -16.608377]]></description>
<Point>
<coordinates>12.12607634,-16.60837736,0</coordinates>
</Point>
</Placemark>
<Placemark>
<name>Cinza | Lithic Leptosols</name>
<styleUrl>#style_Cinza</styleUrl>
<description><![CDATA[<b>ID:</b> CTRL_NV_0015<br/><b>Classificação:</b> NÃO VERMELHO – controle cartográfico<br/><b>Classe WRB:</b> Lithic Leptosols<br/><b>Código de solo:</b> LPq<br/><b>Província:</b> 24<br/><b>Cor cartográfica do ponto:</b> Cinza<br/><b>Fonte:</b> Derivado da camada Solos_Angola; posição sistemática nova; fora da mancha vermelha<br/><b>Longitude:</b> 12.126076<br/><b>Latitude:</b> -16.445026]]></description>
<Point>
<coordinates>12.12607634,-16.44502599,0</coordinates>
</Point>
</Placemark>
<Placemark>
<name>Amarelo | Protic Arenosols</name>
<styleUrl>#style_Amarelo</styleUrl>
<description><![CDATA[<b>ID:</b> CTRL_NV_0016<br/><b>Classificação:</b> NÃO VERMELHO – controle cartográfico<br/><b>Classe WRB:</b> Protic Arenosols<br/><b>Código de solo:</b> DU<br/><b>Província:</b> 24<br/><b>Cor cartográfica do ponto:</b> Amarelo<br/><b>Fonte:</b> Derivado da camada Solos_Angola; posição sistemática nova; fora da mancha vermelha<br/><b>Longitude:</b> 12.126076<br/><b>Latitude:</b> -16.281809]]></description>
<Point>
<coordinates>12.12607634,-16.28180859,0</coordinates>
</Point>
</Placemark>
<Placemark>
<name>Amarelo | Protic Arenosols</name>
<styleUrl>#style_Amarelo</styleUrl>
<description><![CDATA[<b>ID:</b> CTRL_NV_0017<br/><b>Classificação:</b> NÃO VERMELHO – controle cartográfico<br/><b>Classe WRB:</b> Protic Arenosols<br/><b>Código de solo:</b> DU<br/><b>Província:</b> 24<br/><b>Cor cartográfica do ponto:</b> Amarelo<br/><b>Fonte:</b> Derivado da camada Solos_Angola; posição sistemática nova; fora da mancha vermelha<br/><b>Longitude:</b> 12.126076<br/><b>Latitude:</b> -16.118724]]></description>
<Point>
<coordinates>12.12607634,-16.11872353,0</coordinates>
</Point>
</Placemark>
<Placemark>
<name>Amarelo | Protic Arenosols</name>
<styleUrl>#style_Amarelo</styleUrl>
<description><![CDATA[<b>ID:</b> CTRL_NV_0018<br/><b>Classificação:</b> NÃO VERMELHO – controle cartográfico<br/><b>Classe WRB:</b> Protic Arenosols<br/><b>Código de solo:</b> DU<br/><b>Província:</b> 24<br/><b>Cor cartográfica do ponto:</b> Amarelo<br/><b>Fonte:</b> Derivado da camada Solos_Angola; posição sistemática nova; fora da mancha vermelha<br/><b>Longitude:</b> 12.126076<br/><b>Latitude:</b> -15.955769]]></description>
<Point>
<coordinates>12.12607634,-15.95576919,0</coordinates>
</Point>
</Placemark>
<Placemark>
<name>Bege | Sodi-Endosalic Calcisols</name>
<styleUrl>#style_Bege</styleUrl>
<description><![CDATA[<b>ID:</b> CTRL_NV_0019<br/><b>Classificação:</b> NÃO VERMELHO – controle cartográfico<br/><b>Classe WRB:</b> Sodi-Endosalic Calcisols<br/><b>Código de solo:</b> CLh<br/><b>Província:</b> 24<br/><b>Cor cartográfica do ponto:</b> Bege<br/><b>Fonte:</b> Derivado da camada Solos_Angola; posição sistemática nova; fora da mancha vermelha<br/><b>Longitude:</b> 12.126076<br/><b>Latitude:</b> -15.792944]]></description>
<Point>
<coordinates>12.12607634,-15.79294398,0</coordinates>
</Point>
</Placemark>
<Placemark>
<name>Bege | Sodi-Endosalic Calcisols</name>
<styleUrl>#style_Bege</styleUrl>
<description><![CDATA[<b>ID:</b> CTRL_NV_0020<br/><b>Classificação:</b> NÃO VERMELHO – controle cartográfico<br/><b>Classe WRB:</b> Sodi-Endosalic Calcisols<br/><b>Código de solo:</b> CLh<br/><b>Província:</b> 24<br/><b>Cor cartográfica do ponto:</b> Bege<br/><b>Fonte:</b> Derivado da camada Solos_Angola; posição sistemática nova; fora da mancha vermelha<br/><b>Longitude:</b> 12.126076<br/><b>Latitude:</b> -15.630246]]></description>
<Point>
<coordinates>12.12607634,-15.63024630,0</coordinates>
</Point>
</Placemark>
<Placemark>
<name>Bege | Petric Calcisols</name>
<styleUrl>#style_Bege</styleUrl>
<description><![CDATA[<b>ID:</b> CTRL_NV_0021<br/><b>Classificação:</b> NÃO VERMELHO – controle cartográfico<br/><b>Classe WRB:</b> Petric Calcisols<br/><b>Código de solo:</b> CLp<br/><b>Província:</b> 24<br/><b>Cor cartográfica do ponto:</b> Bege<br/><b>Fonte:</b> Derivado da camada Solos_Angola; posição sistemática nova; fora da mancha vermelha<br/><b>Longitude:</b> 12.126076<br/><b>Latitude:</b> -15.467675]]></description>
<Point>
<coordinates>12.12607634,-15.46767457,0</coordinates>
</Point>
</Placemark>
<Placemark>
<name>Verde | Eutri-Aridic Cambisols</name>
<styleUrl>#style_Verde</styleUrl>
<description><![CDATA[<b>ID:</b> CTRL_NV_0022<br/><b>Classificação:</b> NÃO VERMELHO – controle cartográfico<br/><b>Classe WRB:</b> Eutri-Aridic Cambisols<br/><b>Código de solo:</b> CLh<br/><b>Província:</b> 24<br/><b>Cor cartográfica do ponto:</b> Verde<br/><b>Fonte:</b> Derivado da camada Solos_Angola; posição sistemática nova; fora da mancha vermelha<br/><b>Longitude:</b> 12.126076<br/><b>Latitude:</b> -15.305227]]></description>
<Point>
<coordinates>12.12607634,-15.30522721,0</coordinates>
</Point>
</Placemark>
<Placemark>
<name>Cinza | ROCK</name>
<styleUrl>#style_Cinza</styleUrl>
<description><![CDATA[<b>ID:</b> CTRL_NV_0023<br/><b>Classificação:</b> NÃO VERMELHO – controle cartográfico<br/><b>Classe WRB:</b> ROCK<br/><b>Código de solo:</b> RO<br/><b>Província:</b> 24<br/><b>Cor cartográfica do ponto:</b> Cinza<br/><b>Fonte:</b> Derivado da camada Solos_Angola; posição sistemática nova; fora da mancha vermelha<br/><b>Longitude:</b> 12.333360<br/><b>Latitude:</b> -17.099252]]></description>
<Point>
<coordinates>12.33335970,-17.09925172,0</coordinates>
</Point>
</Placemark>
<Placemark>
<name>Cinza | ROCK</name>
<styleUrl>#style_Cinza</styleUrl>
<description><![CDATA[<b>ID:</b> CTRL_NV_0024<br/><b>Classificação:</b> NÃO VERMELHO – controle cartográfico<br/><b>Classe WRB:</b> ROCK<br/><b>Código de solo:</b> RO<br/><b>Província:</b> 24<br/><b>Cor cartográfica do ponto:</b> Cinza<br/><b>Fonte:</b> Derivado da camada Solos_Angola; posição sistemática nova; fora da mancha vermelha<br/><b>Longitude:</b> 12.333360<br/><b>Latitude:</b> -16.935489]]></description>
<Point>
<coordinates>12.33335970,-16.93548857,0</coordinates>
</Point>
</Placemark>
<Placemark>
<name>Cinza | ROCK</name>
<styleUrl>#style_Cinza</styleUrl>
<description><![CDATA[<b>ID:</b> CTRL_NV_0025<br/><b>Classificação:</b> NÃO VERMELHO – controle cartográfico<br/><b>Classe WRB:</b> ROCK<br/><b>Código de solo:</b> RO<br/><b>Província:</b> 24<br/><b>Cor cartográfica do ponto:</b> Cinza<br/><b>Fonte:</b> Derivado da camada Solos_Angola; posição sistemática nova; fora da mancha vermelha<br/><b>Longitude:</b> 12.333360<br/><b>Latitude:</b> -16.771864]]></description>
<Point>
<coordinates>12.33335970,-16.77186434,0</coordinates>
</Point>
</Placemark>
<Placemark>
<name>Cinza | ROCK</name>
<styleUrl>#style_Cinza</styleUrl>
<description><![CDATA[<b>ID:</b> CTRL_NV_0026<br/><b>Classificação:</b> NÃO VERMELHO – controle cartográfico<br/><b>Classe WRB:</b> ROCK<br/><b>Código de solo:</b> RO<br/><b>Província:</b> 24<br/><b>Cor cartográfica do ponto:</b> Cinza<br/><b>Fonte:</b> Derivado da camada Solos_Angola; posição sistemática nova; fora da mancha vermelha<br/><b>Longitude:</b> 12.333360<br/><b>Latitude:</b> -16.608377]]></description>
<Point>
<coordinates>12.33335970,-16.60837736,0</coordinates>
</Point>
</Placemark>
<Placemark>
<name>Cinza | ROCK</name>
<styleUrl>#style_Cinza</styleUrl>
<description><![CDATA[<b>ID:</b> CTRL_NV_0027<br/><b>Classificação:</b> NÃO VERMELHO – controle cartográfico<br/><b>Classe WRB:</b> ROCK<br/><b>Código de solo:</b> RO<br/><b>Província:</b> 24<br/><b>Cor cartográfica do ponto:</b> Cinza<br/><b>Fonte:</b> Derivado da camada Solos_Angola; posição sistemática nova; fora da mancha vermelha<br/><b>Longitude:</b> 12.333360<br/><b>Latitude:</b> -16.445026]]></description>
<Point>
<coordinates>12.33335970,-16.44502599,0</coordinates>
</Point>
</Placemark>
<Placemark>
<name>Cinza | ROCK</name>
<styleUrl>#style_Cinza</styleUrl>
<description><![CDATA[<b>ID:</b> CTRL_NV_0028<br/><b>Classificação:</b> NÃO VERMELHO – controle cartográfico<br/><b>Classe WRB:</b> ROCK<br/><b>Código de solo:</b> RO<br/><b>Província:</b> 24<br/><b>Cor cartográfica do ponto:</b> Cinza<br/><b>Fonte:</b> Derivado da camada Solos_Angola; posição sistemática nova; fora da mancha vermelha<br/><b>Longitude:</b> 12.333360<br/><b>Latitude:</b> -16.281809]]></description>
<Point>
<coordinates>12.33335970,-16.28180859,0</coordinates>
</Point>
</Placemark>
<Placemark>
<name>Cinza | ROCK</name>
<styleUrl>#style_Cinza</styleUrl>
<description><![CDATA[<b>ID:</b> CTRL_NV_0029<br/><b>Classificação:</b> NÃO VERMELHO – controle cartográfico<br/><b>Classe WRB:</b> ROCK<br/><b>Código de solo:</b> RO<br/><b>Província:</b> 24<br/><b>Cor cartográfica do ponto:</b> Cinza<br/><b>Fonte:</b> Derivado da camada Solos_Angola; posição sistemática nova; fora da mancha vermelha<br/><b>Longitude:</b> 12.333360<br/><b>Latitude:</b> -16.118724]]></description>
<Point>
<coordinates>12.33335970,-16.11872353,0</coordinates>
</Point>
</Placemark>
<Placemark>
<name>Cinza | ROCK</name>
<styleUrl>#style_Cinza</styleUrl>
<description><![CDATA[<b>ID:</b> CTRL_NV_0030<br/><b>Classificação:</b> NÃO VERMELHO – controle cartográfico<br/><b>Classe WRB:</b> ROCK<br/><b>Código de solo:</b> RO<br/><b>Província:</b> 24<br/><b>Cor cartográfica do ponto:</b> Cinza<br/><b>Fonte:</b> Derivado da camada Solos_Angola; posição sistemática nova; fora da mancha vermelha<br/><b>Longitude:</b> 12.333360<br/><b>Latitude:</b> -15.955769]]></description>
<Point>
<coordinates>12.33335970,-15.95576919,0</coordinates>
</Point>
</Placemark>
<Placemark>
<name>Cinza | ROCK</name>
<styleUrl>#style_Cinza</styleUrl>
<description><![CDATA[<b>ID:</b> CTRL_NV_0031<br/><b>Classificação:</b> NÃO VERMELHO – controle cartográfico<br/><b>Classe WRB:</b> ROCK<br/><b>Código de solo:</b> RO<br/><b>Província:</b> 24<br/><b>Cor cartográfica do ponto:</b> Cinza<br/><b>Fonte:</b> Derivado da camada Solos_Angola; posição sistemática nova; fora da mancha vermelha<br/><b>Longitude:</b> 12.333360<br/><b>Latitude:</b> -15.792944]]></description>
<Point>
<coordinates>12.33335970,-15.79294398,0</coordinates>
</Point>
</Placemark>
<Placemark>
<name>Cinza | Lithic Leptosols</name>
<styleUrl>#style_Cinza</styleUrl>
<description><![CDATA[<b>ID:</b> CTRL_NV_0032<br/><b>Classificação:</b> NÃO VERMELHO – controle cartográfico<br/><b>Classe WRB:</b> Lithic Leptosols<br/><b>Código de solo:</b> LPq<br/><b>Província:</b> 24<br/><b>Cor cartográfica do ponto:</b> Cinza<br/><b>Fonte:</b> Derivado da camada Solos_Angola; posição sistemática nova; fora da mancha vermelha<br/><b>Longitude:</b> 12.333360<br/><b>Latitude:</b> -15.630246]]></description>
<Point>
<coordinates>12.33335970,-15.63024630,0</coordinates>
</Point>
</Placemark>
<Placemark>
<name>Bege | Petric Calcisols</name>
<styleUrl>#style_Bege</styleUrl>
<description><![CDATA[<b>ID:</b> CTRL_NV_0033<br/><b>Classificação:</b> NÃO VERMELHO – controle cartográfico<br/><b>Classe WRB:</b> Petric Calcisols<br/><b>Código de solo:</b> CLp<br/><b>Província:</b> 24<br/><b>Cor cartográfica do ponto:</b> Bege<br/><b>Fonte:</b> Derivado da camada Solos_Angola; posição sistemática nova; fora da mancha vermelha<br/><b>Longitude:</b> 12.333360<br/><b>Latitude:</b> -15.467675]]></description>
<Point>
<coordinates>12.33335970,-15.46767457,0</coordinates>
</Point>
</Placemark>
<Placemark>
<name>Cinza | ROCK</name>
<styleUrl>#style_Cinza</styleUrl>
<description><![CDATA[<b>ID:</b> CTRL_NV_0034<br/><b>Classificação:</b> NÃO VERMELHO – controle cartográfico<br/><b>Classe WRB:</b> ROCK<br/><b>Código de solo:</b> RO<br/><b>Província:</b> 24<br/><b>Cor cartográfica do ponto:</b> Cinza<br/><b>Fonte:</b> Derivado da camada Solos_Angola; posição sistemática nova; fora da mancha vermelha<br/><b>Longitude:</b> 12.333360<br/><b>Latitude:</b> -15.305227]]></description>
<Point>
<coordinates>12.33335970,-15.30522721,0</coordinates>
</Point>
</Placemark>
<Placemark>
<name>Cinza | ROCK</name>
<styleUrl>#style_Cinza</styleUrl>
<description><![CDATA[<b>ID:</b> CTRL_NV_0035<br/><b>Classificação:</b> NÃO VERMELHO – controle cartográfico<br/><b>Classe WRB:</b> ROCK<br/><b>Código de solo:</b> RO<br/><b>Província:</b> 24<br/><b>Cor cartográfica do ponto:</b> Cinza<br/><b>Fonte:</b> Derivado da camada Solos_Angola; posição sistemática nova; fora da mancha vermelha<br/><b>Longitude:</b> 12.333360<br/><b>Latitude:</b> -15.142903]]></description>
<Point>
<coordinates>12.33335970,-15.14290266,0</coordinates>
</Point>
</Placemark>
<Placemark>
<name>Cinza | Lithic Leptosols</name>
<styleUrl>#style_Cinza</styleUrl>
<description><![CDATA[<b>ID:</b> CTRL_NV_0036<br/><b>Classificação:</b> NÃO VERMELHO – controle cartográfico<br/><b>Classe WRB:</b> Lithic Leptosols<br/><b>Código de solo:</b> LPq<br/><b>Província:</b> 24<br/><b>Cor cartográfica do ponto:</b> Cinza<br/><b>Fonte:</b> Derivado da camada Solos_Angola; posição sistemática nova; fora da mancha vermelha<br/><b>Longitude:</b> 12.333360<br/><b>Latitude:</b> -14.980699]]></description>
<Point>
<coordinates>12.33335970,-14.98069937,0</coordinates>
</Point>
</Placemark>
<Placemark>
<name>Cinza | Lithic Leptosols</name>
<styleUrl>#style_Cinza</styleUrl>
<description><![CDATA[<b>ID:</b> CTRL_NV_0037<br/><b>Classificação:</b> NÃO VERMELHO – controle cartográfico<br/><b>Classe WRB:</b> Lithic Leptosols<br/><b>Código de solo:</b> LPq<br/><b>Província:</b> 24<br/><b>Cor cartográfica do ponto:</b> Cinza<br/><b>Fonte:</b> Derivado da camada Solos_Angola; posição sistemática nova; fora da mancha vermelha<br/><b>Longitude:</b> 12.333360<br/><b>Latitude:</b> -14.818616]]></description>
<Point>
<coordinates>12.33335970,-14.81861580,0</coordinates>
</Point>
</Placemark>
<Placemark>
<name>Bege | Sodi-Endosalic Calcisols</name>
<styleUrl>#style_Bege</styleUrl>
<description><![CDATA[<b>ID:</b> CTRL_NV_0038<br/><b>Classificação:</b> NÃO VERMELHO – controle cartográfico<br/><b>Classe WRB:</b> Sodi-Endosalic Calcisols<br/><b>Código de solo:</b> CLh<br/><b>Província:</b> 24<br/><b>Cor cartográfica do ponto:</b> Bege<br/><b>Fonte:</b> Derivado da camada Solos_Angola; posição sistemática nova; fora da mancha vermelha<br/><b>Longitude:</b> 12.333360<br/><b>Latitude:</b> -14.656650]]></description>
<Point>
<coordinates>12.33335970,-14.65665041,0</coordinates>
</Point>
</Placemark>
<Placemark>
<name>Bege | Sodi-Endosalic Calcisols</name>
<styleUrl>#style_Bege</styleUrl>
<description><![CDATA[<b>ID:</b> CTRL_NV_0039<br/><b>Classificação:</b> NÃO VERMELHO – controle cartográfico<br/><b>Classe WRB:</b> Sodi-Endosalic Calcisols<br/><b>Código de solo:</b> CLh<br/><b>Província:</b> 24<br/><b>Cor cartográfica do ponto:</b> Bege<br/><b>Fonte:</b> Derivado da camada Solos_Angola; posição sistemática nova; fora da mancha vermelha<br/><b>Longitude:</b> 12.333360<br/><b>Latitude:</b> -14.494802]]></description>
<Point>
<coordinates>12.33335970,-14.49480167,0</coordinates>
</Point>
</Placemark>
<Placemark>
<name>Cinza | ROCK</name>
<styleUrl>#style_Cinza</styleUrl>
<description><![CDATA[<b>ID:</b> CTRL_NV_0040<br/><b>Classificação:</b> NÃO VERMELHO – controle cartográfico<br/><b>Classe WRB:</b> ROCK<br/><b>Código de solo:</b> RO<br/><b>Província:</b> 24<br/><b>Cor cartográfica do ponto:</b> Cinza<br/><b>Fonte:</b> Derivado da camada Solos_Angola; posição sistemática nova; fora da mancha vermelha<br/><b>Longitude:</b> 12.540643<br/><b>Latitude:</b> -17.099252]]></description>
<Point>
<coordinates>12.54064305,-17.09925172,0</coordinates>
</Point>
</Placemark>
<Placemark>
<name>Cinza | ROCK</name>
<styleUrl>#style_Cinza</styleUrl>
<description><![CDATA[<b>ID:</b> CTRL_NV_0041<br/><b>Classificação:</b> NÃO VERMELHO – controle cartográfico<br/><b>Classe WRB:</b> ROCK<br/><b>Código de solo:</b> RO<br/><b>Província:</b> 24<br/><b>Cor cartográfica do ponto:</b> Cinza<br/><b>Fonte:</b> Derivado da camada Solos_Angola; posição sistemática nova; fora da mancha vermelha<br/><b>Longitude:</b> 12.540643<br/><b>Latitude:</b> -16.935489]]></description>
<Point>
<coordinates>12.54064305,-16.93548857,0</coordinates>
</Point>
</Placemark>
<Placemark>
<name>Cinza | ROCK</name>
<styleUrl>#style_Cinza</styleUrl>
<description><![CDATA[<b>ID:</b> CTRL_NV_0042<br/><b>Classificação:</b> NÃO VERMELHO – controle cartográfico<br/><b>Classe WRB:</b> ROCK<br/><b>Código de solo:</b> RO<br/><b>Província:</b> 24<br/><b>Cor cartográfica do ponto:</b> Cinza<br/><b>Fonte:</b> Derivado da camada Solos_Angola; posição sistemática nova; fora da mancha vermelha<br/><b>Longitude:</b> 12.540643<br/><b>Latitude:</b> -16.771864]]></description>
<Point>
<coordinates>12.54064305,-16.77186434,0</coordinates>
</Point>
</Placemark>
<Placemark>
<name>Cinza | ROCK</name>
<styleUrl>#style_Cinza</styleUrl>
<description><![CDATA[<b>ID:</b> CTRL_NV_0043<br/><b>Classificação:</b> NÃO VERMELHO – controle cartográfico<br/><b>Classe WRB:</b> ROCK<br/><b>Código de solo:</b> RO<br/><b>Província:</b> 24<br/><b>Cor cartográfica do ponto:</b> Cinza<br/><b>Fonte:</b> Derivado da camada Solos_Angola; posição sistemática nova; fora da mancha vermelha<br/><b>Longitude:</b> 12.540643<br/><b>Latitude:</b> -16.608377]]></description>
<Point>
<coordinates>12.54064305,-16.60837736,0</coordinates>
</Point>
</Placemark>
<Placemark>
<name>Cinza | ROCK</name>
<styleUrl>#style_Cinza</styleUrl>
<description><![CDATA[<b>ID:</b> CTRL_NV_0044<br/><b>Classificação:</b> NÃO VERMELHO – controle cartográfico<br/><b>Classe WRB:</b> ROCK<br/><b>Código de solo:</b> RO<br/><b>Província:</b> 24<br/><b>Cor cartográfica do ponto:</b> Cinza<br/><b>Fonte:</b> Derivado da camada Solos_Angola; posição sistemática nova; fora da mancha vermelha<br/><b>Longitude:</b> 12.540643<br/><b>Latitude:</b> -16.445026]]></description>
<Point>
<coordinates>12.54064305,-16.44502599,0</coordinates>
</Point>
</Placemark>
<Placemark>
<name>Cinza | ROCK</name>
<styleUrl>#style_Cinza</styleUrl>
<description><![CDATA[<b>ID:</b> CTRL_NV_0045<br/><b>Classificação:</b> NÃO VERMELHO – controle cartográfico<br/><b>Classe WRB:</b> ROCK<br/><b>Código de solo:</b> RO<br/><b>Província:</b> 24<br/><b>Cor cartográfica do ponto:</b> Cinza<br/><b>Fonte:</b> Derivado da camada Solos_Angola; posição sistemática nova; fora da mancha vermelha<br/><b>Longitude:</b> 12.540643<br/><b>Latitude:</b> -16.281809]]></description>
<Point>
<coordinates>12.54064305,-16.28180859,0</coordinates>
</Point>
</Placemark>
<Placemark>
<name>Cinza | ROCK</name>
<styleUrl>#style_Cinza</styleUrl>
<description><![CDATA[<b>ID:</b> CTRL_NV_0046<br/><b>Classificação:</b> NÃO VERMELHO – controle cartográfico<br/><b>Classe WRB:</b> ROCK<br/><b>Código de solo:</b> RO<br/><b>Província:</b> 24<br/><b>Cor cartográfica do ponto:</b> Cinza<br/><b>Fonte:</b> Derivado da camada Solos_Angola; posição sistemática nova; fora da mancha vermelha<br/><b>Longitude:</b> 12.540643<br/><b>Latitude:</b> -16.118724]]></description>
<Point>
<coordinates>12.54064305,-16.11872353,0</coordinates>
</Point>
</Placemark>
<Placemark>
<name>Cinza | ROCK</name>
<styleUrl>#style_Cinza</styleUrl>
<description><![CDATA[<b>ID:</b> CTRL_NV_0047<br/><b>Classificação:</b> NÃO VERMELHO – controle cartográfico<br/><b>Classe WRB:</b> ROCK<br/><b>Código de solo:</b> RO<br/><b>Província:</b> 24<br/><b>Cor cartográfica do ponto:</b> Cinza<br/><b>Fonte:</b> Derivado da camada Solos_Angola; posição sistemática nova; fora da mancha vermelha<br/><b>Longitude:</b> 12.540643<br/><b>Latitude:</b> -15.955769]]></description>
<Point>
<coordinates>12.54064305,-15.95576919,0</coordinates>
</Point>
</Placemark>
<Placemark>
<name>Cinza | Lithic Leptosols</name>
<styleUrl>#style_Cinza</styleUrl>
<description><![CDATA[<b>ID:</b> CTRL_NV_0048<br/><b>Classificação:</b> NÃO VERMELHO – controle cartográfico<br/><b>Classe WRB:</b> Lithic Leptosols<br/><b>Código de solo:</b> LPq<br/><b>Província:</b> 24<br/><b>Cor cartográfica do ponto:</b> Cinza<br/><b>Fonte:</b> Derivado da camada Solos_Angola; posição sistemática nova; fora da mancha vermelha<br/><b>Longitude:</b> 12.540643<br/><b>Latitude:</b> -15.630246]]></description>
<Point>
<coordinates>12.54064305,-15.63024630,0</coordinates>
</Point>
</Placemark>
<Placemark>
<name>Cinza | Lithic Leptosols</name>
<styleUrl>#style_Cinza</styleUrl>
<description><![CDATA[<b>ID:</b> CTRL_NV_0049<br/><b>Classificação:</b> NÃO VERMELHO – controle cartográfico<br/><b>Classe WRB:</b> Lithic Leptosols<br/><b>Código de solo:</b> LPq<br/><b>Província:</b> 24<br/><b>Cor cartográfica do ponto:</b> Cinza<br/><b>Fonte:</b> Derivado da camada Solos_Angola; posição sistemática nova; fora da mancha vermelha<br/><b>Longitude:</b> 12.540643<br/><b>Latitude:</b> -15.467675]]></description>
<Point>
<coordinates>12.54064305,-15.46767457,0</coordinates>
</Point>
</Placemark>
<Placemark>
<name>Cinza | ROCK</name>
<styleUrl>#style_Cinza</styleUrl>
<description><![CDATA[<b>ID:</b> CTRL_NV_0050<br/><b>Classificação:</b> NÃO VERMELHO – controle cartográfico<br/><b>Classe WRB:</b> ROCK<br/><b>Código de solo:</b> RO<br/><b>Província:</b> 24<br/><b>Cor cartográfica do ponto:</b> Cinza<br/><b>Fonte:</b> Derivado da camada Solos_Angola; posição sistemática nova; fora da mancha vermelha<br/><b>Longitude:</b> 12.540643<br/><b>Latitude:</b> -15.305227]]></description>
<Point>
<coordinates>12.54064305,-15.30522721,0</coordinates>
</Point>
</Placemark>
<Placemark>
<name>Cinza | ROCK</name>
<styleUrl>#style_Cinza</styleUrl>
<description><![CDATA[<b>ID:</b> CTRL_NV_0051<br/><b>Classificação:</b> NÃO VERMELHO – controle cartográfico<br/><b>Classe WRB:</b> ROCK<br/><b>Código de solo:</b> RO<br/><b>Província:</b> 24<br/><b>Cor cartográfica do ponto:</b> Cinza<br/><b>Fonte:</b> Derivado da camada Solos_Angola; posição sistemática nova; fora da mancha vermelha<br/><b>Longitude:</b> 12.540643<br/><b>Latitude:</b> -15.142903]]></description>
<Point>
<coordinates>12.54064305,-15.14290266,0</coordinates>
</Point>
</Placemark>
<Placemark>
<name>Cinza | Lithic Leptosols</name>
<styleUrl>#style_Cinza</styleUrl>
<description><![CDATA[<b>ID:</b> CTRL_NV_0052<br/><b>Classificação:</b> NÃO VERMELHO – controle cartográfico<br/><b>Classe WRB:</b> Lithic Leptosols<br/><b>Código de solo:</b> LPq<br/><b>Província:</b> 24<br/><b>Cor cartográfica do ponto:</b> Cinza<br/><b>Fonte:</b> Derivado da camada Solos_Angola; posição sistemática nova; fora da mancha vermelha<br/><b>Longitude:</b> 12.540643<br/><b>Latitude:</b> -14.818616]]></description>
<Point>
<coordinates>12.54064305,-14.81861580,0</coordinates>
</Point>
</Placemark>
<Placemark>
<name>Cinza | Lithic Leptosols</name>
<styleUrl>#style_Cinza</styleUrl>
<description><![CDATA[<b>ID:</b> CTRL_NV_0053<br/><b>Classificação:</b> NÃO VERMELHO – controle cartográfico<br/><b>Classe WRB:</b> Lithic Leptosols<br/><b>Código de solo:</b> LPq<br/><b>Província:</b> 24<br/><b>Cor cartográfica do ponto:</b> Cinza<br/><b>Fonte:</b> Derivado da camada Solos_Angola; posição sistemática nova; fora da mancha vermelha<br/><b>Longitude:</b> 12.540643<br/><b>Latitude:</b> -14.333068]]></description>
<Point>
<coordinates>12.54064305,-14.33306808,0</coordinates>
</Point>
</Placemark>
<Placemark>
<name>Cinza | Lithic Leptosols</name>
<styleUrl>#style_Cinza</styleUrl>
<description><![CDATA[<b>ID:</b> CTRL_NV_0054<br/><b>Classificação:</b> NÃO VERMELHO – controle cartográfico<br/><b>Classe WRB:</b> Lithic Leptosols<br/><b>Código de solo:</b> LPq<br/><b>Província:</b> 24<br/><b>Cor cartográfica do ponto:</b> Cinza<br/><b>Fonte:</b> Derivado da camada Solos_Angola; posição sistemática nova; fora da mancha vermelha<br/><b>Longitude:</b> 12.540643<br/><b>Latitude:</b> -14.171448]]></description>
<Point>
<coordinates>12.54064305,-14.17144813,0</coordinates>
</Point>
</Placemark>
<Placemark>
<name>Cinza | Lithic Leptosols</name>
<styleUrl>#style_Cinza</styleUrl>
<description><![CDATA[<b>ID:</b> CTRL_NV_0055<br/><b>Classificação:</b> NÃO VERMELHO – controle cartográfico<br/><b>Classe WRB:</b> Lithic Leptosols<br/><b>Código de solo:</b> LPq<br/><b>Província:</b> 24<br/><b>Cor cartográfica do ponto:</b> Cinza<br/><b>Fonte:</b> Derivado da camada Solos_Angola; posição sistemática nova; fora da mancha vermelha<br/><b>Longitude:</b> 12.540643<br/><b>Latitude:</b> -14.009940]]></description>
<Point>
<coordinates>12.54064305,-14.00994031,0</coordinates>
</Point>
</Placemark>
<Placemark>
<name>Cinza | Eutric Leptosols</name>
<styleUrl>#style_Cinza</styleUrl>
<description><![CDATA[<b>ID:</b> CTRL_NV_0056<br/><b>Classificação:</b> NÃO VERMELHO – controle cartográfico<br/><b>Classe WRB:</b> Eutric Leptosols<br/><b>Código de solo:</b> LPe<br/><b>Província:</b> 24<br/><b>Cor cartográfica do ponto:</b> Cinza<br/><b>Fonte:</b> Derivado da camada Solos_Angola; posição sistemática nova; fora da mancha vermelha<br/><b>Longitude:</b> 12.540643<br/><b>Latitude:</b> -13.848543]]></description>
<Point>
<coordinates>12.54064305,-13.84854316,0</coordinates>
</Point>
</Placemark>
<Placemark>
<name>Cinza | Eutric Leptosols</name>
<styleUrl>#style_Cinza</styleUrl>
<description><![CDATA[<b>ID:</b> CTRL_NV_0057<br/><b>Classificação:</b> NÃO VERMELHO – controle cartográfico<br/><b>Classe WRB:</b> Eutric Leptosols<br/><b>Código de solo:</b> LPe<br/><b>Província:</b> 24<br/><b>Cor cartográfica do ponto:</b> Cinza<br/><b>Fonte:</b> Derivado da camada Solos_Angola; posição sistemática nova; fora da mancha vermelha<br/><b>Longitude:</b> 12.540643<br/><b>Latitude:</b> -13.687255]]></description>
<Point>
<coordinates>12.54064305,-13.68725517,0</coordinates>
</Point>
</Placemark>
<Placemark>
<name>Cinza | ROCK</name>
<styleUrl>#style_Cinza</styleUrl>
<description><![CDATA[<b>ID:</b> CTRL_NV_0058<br/><b>Classificação:</b> NÃO VERMELHO – controle cartográfico<br/><b>Classe WRB:</b> ROCK<br/><b>Código de solo:</b> RO<br/><b>Província:</b> 24<br/><b>Cor cartográfica do ponto:</b> Cinza<br/><b>Fonte:</b> Derivado da camada Solos_Angola; posição sistemática nova; fora da mancha vermelha<br/><b>Longitude:</b> 12.747926<br/><b>Latitude:</b> -17.099252]]></description>
<Point>
<coordinates>12.74792641,-17.09925172,0</coordinates>
</Point>
</Placemark>
<Placemark>
<name>Cinza | ROCK</name>
<styleUrl>#style_Cinza</styleUrl>
<description><![CDATA[<b>ID:</b> CTRL_NV_0059<br/><b>Classificação:</b> NÃO VERMELHO – controle cartográfico<br/><b>Classe WRB:</b> ROCK<br/><b>Código de solo:</b> RO<br/><b>Província:</b> 24<br/><b>Cor cartográfica do ponto:</b> Cinza<br/><b>Fonte:</b> Derivado da camada Solos_Angola; posição sistemática nova; fora da mancha vermelha<br/><b>Longitude:</b> 12.747926<br/><b>Latitude:</b> -16.935489]]></description>
<Point>
<coordinates>12.74792641,-16.93548857,0</coordinates>
</Point>
</Placemark>
<Placemark>
<name>Cinza | ROCK</name>
<styleUrl>#style_Cinza</styleUrl>
<description><![CDATA[<b>ID:</b> CTRL_NV_0060<br/><b>Classificação:</b> NÃO VERMELHO – controle cartográfico<br/><b>Classe WRB:</b> ROCK<br/><b>Código de solo:</b> RO<br/><b>Província:</b> 24<br/><b>Cor cartográfica do ponto:</b> Cinza<br/><b>Fonte:</b> Derivado da camada Solos_Angola; posição sistemática nova; fora da mancha vermelha<br/><b>Longitude:</b> 12.747926<br/><b>Latitude:</b> -16.771864]]></description>
<Point>
<coordinates>12.74792641,-16.77186434,0</coordinates>
</Point>
</Placemark>
<Placemark>
<name>Cinza | ROCK</name>
<styleUrl>#style_Cinza</styleUrl>
<description><![CDATA[<b>ID:</b> CTRL_NV_0061<br/><b>Classificação:</b> NÃO VERMELHO – controle cartográfico<br/><b>Classe WRB:</b> ROCK<br/><b>Código de solo:</b> RO<br/><b>Província:</b> 24<br/><b>Cor cartográfica do ponto:</b> Cinza<br/><b>Fonte:</b> Derivado da camada Solos_Angola; posição sistemática nova; fora da mancha vermelha<br/><b>Longitude:</b> 12.747926<br/><b>Latitude:</b> -16.608377]]></description>
<Point>
<coordinates>12.74792641,-16.60837736,0</coordinates>
</Point>
</Placemark>
<Placemark>
<name>Cinza | ROCK</name>
<styleUrl>#style_Cinza</styleUrl>
<description><![CDATA[<b>ID:</b> CTRL_NV_0062<br/><b>Classificação:</b> NÃO VERMELHO – controle cartográfico<br/><b>Classe WRB:</b> ROCK<br/><b>Código de solo:</b> RO<br/><b>Província:</b> 24<br/><b>Cor cartográfica do ponto:</b> Cinza<br/><b>Fonte:</b> Derivado da camada Solos_Angola; posição sistemática nova; fora da mancha vermelha<br/><b>Longitude:</b> 12.747926<br/><b>Latitude:</b> -16.445026]]></description>
<Point>
<coordinates>12.74792641,-16.44502599,0</coordinates>
</Point>
</Placemark>
<Placemark>
<name>Cinza | ROCK</name>
<styleUrl>#style_Cinza</styleUrl>
<description><![CDATA[<b>ID:</b> CTRL_NV_0063<br/><b>Classificação:</b> NÃO VERMELHO – controle cartográfico<br/><b>Classe WRB:</b> ROCK<br/><b>Código de solo:</b> RO<br/><b>Província:</b> 24<br/><b>Cor cartográfica do ponto:</b> Cinza<br/><b>Fonte:</b> Derivado da camada Solos_Angola; posição sistemática nova; fora da mancha vermelha<br/><b>Longitude:</b> 12.747926<br/><b>Latitude:</b> -16.281809]]></description>
<Point>
<coordinates>12.74792641,-16.28180859,0</coordinates>
</Point>
</Placemark>
<Placemark>
<name>Cinza | ROCK</name>
<styleUrl>#style_Cinza</styleUrl>
<description><![CDATA[<b>ID:</b> CTRL_NV_0064<br/><b>Classificação:</b> NÃO VERMELHO – controle cartográfico<br/><b>Classe WRB:</b> ROCK<br/><b>Código de solo:</b> RO<br/><b>Província:</b> 24<br/><b>Cor cartográfica do ponto:</b> Cinza<br/><b>Fonte:</b> Derivado da camada Solos_Angola; posição sistemática nova; fora da mancha vermelha<br/><b>Longitude:</b> 12.747926<br/><b>Latitude:</b> -15.467675]]></description>
<Point>
<coordinates>12.74792641,-15.46767457,0</coordinates>
</Point>
</Placemark>
<Placemark>
<name>Cinza | ROCK</name>
<styleUrl>#style_Cinza</styleUrl>
<description><![CDATA[<b>ID:</b> CTRL_NV_0065<br/><b>Classificação:</b> NÃO VERMELHO – controle cartográfico<br/><b>Classe WRB:</b> ROCK<br/><b>Código de solo:</b> RO<br/><b>Província:</b> 24<br/><b>Cor cartográfica do ponto:</b> Cinza<br/><b>Fonte:</b> Derivado da camada Solos_Angola; posição sistemática nova; fora da mancha vermelha<br/><b>Longitude:</b> 12.747926<br/><b>Latitude:</b> -15.305227]]></description>
<Point>
<coordinates>12.74792641,-15.30522721,0</coordinates>
</Point>
</Placemark>
<Placemark>
<name>Cinza | Lithic Leptosols</name>
<styleUrl>#style_Cinza</styleUrl>
<description><![CDATA[<b>ID:</b> CTRL_NV_0066<br/><b>Classificação:</b> NÃO VERMELHO – controle cartográfico<br/><b>Classe WRB:</b> Lithic Leptosols<br/><b>Código de solo:</b> LPq<br/><b>Província:</b> 24<br/><b>Cor cartográfica do ponto:</b> Cinza<br/><b>Fonte:</b> Derivado da camada Solos_Angola; posição sistemática nova; fora da mancha vermelha<br/><b>Longitude:</b> 12.747926<br/><b>Latitude:</b> -14.656650]]></description>
<Point>
<coordinates>12.74792641,-14.65665041,0</coordinates>
</Point>
</Placemark>
<Placemark>
<name>Cinza | Lithic Leptosols</name>
<styleUrl>#style_Cinza</styleUrl>
<description><![CDATA[<b>ID:</b> CTRL_NV_0067<br/><b>Classificação:</b> NÃO VERMELHO – controle cartográfico<br/><b>Classe WRB:</b> Lithic Leptosols<br/><b>Código de solo:</b> LPq<br/><b>Província:</b> 24<br/><b>Cor cartográfica do ponto:</b> Cinza<br/><b>Fonte:</b> Derivado da camada Solos_Angola; posição sistemática nova; fora da mancha vermelha<br/><b>Longitude:</b> 12.747926<br/><b>Latitude:</b> -14.494802]]></description>
<Point>
<coordinates>12.74792641,-14.49480167,0</coordinates>
</Point>
</Placemark>
<Placemark>
<name>Cinza | Lithic Leptosols</name>
<styleUrl>#style_Cinza</styleUrl>
<description><![CDATA[<b>ID:</b> CTRL_NV_0068<br/><b>Classificação:</b> NÃO VERMELHO – controle cartográfico<br/><b>Classe WRB:</b> Lithic Leptosols<br/><b>Código de solo:</b> LPq<br/><b>Província:</b> 24<br/><b>Cor cartográfica do ponto:</b> Cinza<br/><b>Fonte:</b> Derivado da camada Solos_Angola; posição sistemática nova; fora da mancha vermelha<br/><b>Longitude:</b> 12.747926<br/><b>Latitude:</b> -14.009940]]></description>
<Point>
<coordinates>12.74792641,-14.00994031,0</coordinates>
</Point>
</Placemark>
<Placemark>
<name>Cinza | Lithic Leptosols</name>
<styleUrl>#style_Cinza</styleUrl>
<description><![CDATA[<b>ID:</b> CTRL_NV_0069<br/><b>Classificação:</b> NÃO VERMELHO – controle cartográfico<br/><b>Classe WRB:</b> Lithic Leptosols<br/><b>Código de solo:</b> LPq<br/><b>Província:</b> 24<br/><b>Cor cartográfica do ponto:</b> Cinza<br/><b>Fonte:</b> Derivado da camada Solos_Angola; posição sistemática nova; fora da mancha vermelha<br/><b>Longitude:</b> 12.747926<br/><b>Latitude:</b> -13.848543]]></description>
<Point>
<coordinates>12.74792641,-13.84854316,0</coordinates>
</Point>
</Placemark>
<Placemark>
<name>Cinza | Lithic Leptosols</name>
<styleUrl>#style_Cinza</styleUrl>
<description><![CDATA[<b>ID:</b> CTRL_NV_0070<br/><b>Classificação:</b> NÃO VERMELHO – controle cartográfico<br/><b>Classe WRB:</b> Lithic Leptosols<br/><b>Código de solo:</b> LPq<br/><b>Província:</b> 24<br/><b>Cor cartográfica do ponto:</b> Cinza<br/><b>Fonte:</b> Derivado da camada Solos_Angola; posição sistemática nova; fora da mancha vermelha<br/><b>Longitude:</b> 12.747926<br/><b>Latitude:</b> -13.687255]]></description>
<Point>
<coordinates>12.74792641,-13.68725517,0</coordinates>
</Point>
</Placemark>
<Placemark>
<name>Cinza | Lithic Leptosols</name>
<styleUrl>#style_Cinza</styleUrl>
<description><![CDATA[<b>ID:</b> CTRL_NV_0071<br/><b>Classificação:</b> NÃO VERMELHO – controle cartográfico<br/><b>Classe WRB:</b> Lithic Leptosols<br/><b>Código de solo:</b> LPq<br/><b>Província:</b> 23<br/><b>Cor cartográfica do ponto:</b> Cinza<br/><b>Fonte:</b> Derivado da camada Solos_Angola; posição sistemática nova; fora da mancha vermelha<br/><b>Longitude:</b> 12.747926<br/><b>Latitude:</b> -13.526075]]></description>
<Point>
<coordinates>12.74792641,-13.52607490,0</coordinates>
</Point>
</Placemark>
<Placemark>
<name>Azul | Hyposodi-Salic Fluvisols</name>
<styleUrl>#style_Azul</styleUrl>
<description><![CDATA[<b>ID:</b> CTRL_NV_0072<br/><b>Classificação:</b> NÃO VERMELHO – controle cartográfico<br/><b>Classe WRB:</b> Hyposodi-Salic Fluvisols<br/><b>Código de solo:</b> FLs<br/><b>Província:</b> 11<br/><b>Cor cartográfica do ponto:</b> Azul<br/><b>Fonte:</b> Derivado da camada Solos_Angola; posição sistemática nova; fora da mancha vermelha<br/><b>Longitude:</b> 12.747926<br/><b>Latitude:</b> -6.046665]]></description>
<Point>
<coordinates>12.74792641,-6.04666520,0</coordinates>
</Point>
</Placemark>
<Placemark>
<name>Cinza | ROCK</name>
<styleUrl>#style_Cinza</styleUrl>
<description><![CDATA[<b>ID:</b> CTRL_NV_0073<br/><b>Classificação:</b> NÃO VERMELHO – controle cartográfico<br/><b>Classe WRB:</b> ROCK<br/><b>Código de solo:</b> RO<br/><b>Província:</b> 24<br/><b>Cor cartográfica do ponto:</b> Cinza<br/><b>Fonte:</b> Derivado da camada Solos_Angola; posição sistemática nova; fora da mancha vermelha<br/><b>Longitude:</b> 12.955210<br/><b>Latitude:</b> -16.935489]]></description>
<Point>
<coordinates>12.95520976,-16.93548857,0</coordinates>
</Point>
</Placemark>
<Placemark>
<name>Cinza | ROCK</name>
<styleUrl>#style_Cinza</styleUrl>
<description><![CDATA[<b>ID:</b> CTRL_NV_0074<br/><b>Classificação:</b> NÃO VERMELHO – controle cartográfico<br/><b>Classe WRB:</b> ROCK<br/><b>Código de solo:</b> RO<br/><b>Província:</b> 24<br/><b>Cor cartográfica do ponto:</b> Cinza<br/><b>Fonte:</b> Derivado da camada Solos_Angola; posição sistemática nova; fora da mancha vermelha<br/><b>Longitude:</b> 12.955210<br/><b>Latitude:</b> -16.771864]]></description>
<Point>
<coordinates>12.95520976,-16.77186434,0</coordinates>
</Point>
</Placemark>
<Placemark>
<name>Cinza | ROCK</name>
<styleUrl>#style_Cinza</styleUrl>
<description><![CDATA[<b>ID:</b> CTRL_NV_0075<br/><b>Classificação:</b> NÃO VERMELHO – controle cartográfico<br/><b>Classe WRB:</b> ROCK<br/><b>Código de solo:</b> RO<br/><b>Província:</b> 24<br/><b>Cor cartográfica do ponto:</b> Cinza<br/><b>Fonte:</b> Derivado da camada Solos_Angola; posição sistemática nova; fora da mancha vermelha<br/><b>Longitude:</b> 12.955210<br/><b>Latitude:</b> -16.608377]]></description>
<Point>
<coordinates>12.95520976,-16.60837736,0</coordinates>
</Point>
</Placemark>
<Placemark>
<name>Cinza | ROCK</name>
<styleUrl>#style_Cinza</styleUrl>
<description><![CDATA[<b>ID:</b> CTRL_NV_0076<br/><b>Classificação:</b> NÃO VERMELHO – controle cartográfico<br/><b>Classe WRB:</b> ROCK<br/><b>Código de solo:</b> RO<br/><b>Província:</b> 24<br/><b>Cor cartográfica do ponto:</b> Cinza<br/><b>Fonte:</b> Derivado da camada Solos_Angola; posição sistemática nova; fora da mancha vermelha<br/><b>Longitude:</b> 12.955210<br/><b>Latitude:</b> -16.445026]]></description>
<Point>
<coordinates>12.95520976,-16.44502599,0</coordinates>
</Point>
</Placemark>
<Placemark>
<name>Cinza | ROCK</name>
<styleUrl>#style_Cinza</styleUrl>
<description><![CDATA[<b>ID:</b> CTRL_NV_0077<br/><b>Classificação:</b> NÃO VERMELHO – controle cartográfico<br/><b>Classe WRB:</b> ROCK<br/><b>Código de solo:</b> RO<br/><b>Província:</b> 24<br/><b>Cor cartográfica do ponto:</b> Cinza<br/><b>Fonte:</b> Derivado da camada Solos_Angola; posição sistemática nova; fora da mancha vermelha<br/><b>Longitude:</b> 12.955210<br/><b>Latitude:</b> -16.281809]]></description>
<Point>
<coordinates>12.95520976,-16.28180859,0</coordinates>
</Point>
</Placemark>
<Placemark>
<name>Cinza | ROCK</name>
<styleUrl>#style_Cinza</styleUrl>
<description><![CDATA[<b>ID:</b> CTRL_NV_0078<br/><b>Classificação:</b> NÃO VERMELHO – controle cartográfico<br/><b>Classe WRB:</b> ROCK<br/><b>Código de solo:</b> RO<br/><b>Província:</b> 24<br/><b>Cor cartográfica do ponto:</b> Cinza<br/><b>Fonte:</b> Derivado da camada Solos_Angola; posição sistemática nova; fora da mancha vermelha<br/><b>Longitude:</b> 12.955210<br/><b>Latitude:</b> -16.118724]]></description>
<Point>
<coordinates>12.95520976,-16.11872353,0</coordinates>
</Point>
</Placemark>
<Placemark>
<name>Cinza | ROCK</name>
<styleUrl>#style_Cinza</styleUrl>
<description><![CDATA[<b>ID:</b> CTRL_NV_0079<br/><b>Classificação:</b> NÃO VERMELHO – controle cartográfico<br/><b>Classe WRB:</b> ROCK<br/><b>Código de solo:</b> RO<br/><b>Província:</b> 24<br/><b>Cor cartográfica do ponto:</b> Cinza<br/><b>Fonte:</b> Derivado da camada Solos_Angola; posição sistemática nova; fora da mancha vermelha<br/><b>Longitude:</b> 12.955210<br/><b>Latitude:</b> -15.630246]]></description>
<Point>
<coordinates>12.95520976,-15.63024630,0</coordinates>
</Point>
</Placemark>
<Placemark>
<name>Cinza | ROCK</name>
<styleUrl>#style_Cinza</styleUrl>
<description><![CDATA[<b>ID:</b> CTRL_NV_0080<br/><b>Classificação:</b> NÃO VERMELHO – controle cartográfico<br/><b>Classe WRB:</b> ROCK<br/><b>Código de solo:</b> RO<br/><b>Província:</b> 24<br/><b>Cor cartográfica do ponto:</b> Cinza<br/><b>Fonte:</b> Derivado da camada Solos_Angola; posição sistemática nova; fora da mancha vermelha<br/><b>Longitude:</b> 12.955210<br/><b>Latitude:</b> -15.467675]]></description>
<Point>
<coordinates>12.95520976,-15.46767457,0</coordinates>
</Point>
</Placemark>
<Placemark>
<name>Cinza | ROCK</name>
<styleUrl>#style_Cinza</styleUrl>
<description><![CDATA[<b>ID:</b> CTRL_NV_0081<br/><b>Classificação:</b> NÃO VERMELHO – controle cartográfico<br/><b>Classe WRB:</b> ROCK<br/><b>Código de solo:</b> RO<br/><b>Província:</b> 24<br/><b>Cor cartográfica do ponto:</b> Cinza<br/><b>Fonte:</b> Derivado da camada Solos_Angola; posição sistemática nova; fora da mancha vermelha<br/><b>Longitude:</b> 12.955210<br/><b>Latitude:</b> -15.305227]]></description>
<Point>
<coordinates>12.95520976,-15.30522721,0</coordinates>
</Point>
</Placemark>
<Placemark>
<name>Cinza | Lithic Leptosols</name>
<styleUrl>#style_Cinza</styleUrl>
<description><![CDATA[<b>ID:</b> CTRL_NV_0082<br/><b>Classificação:</b> NÃO VERMELHO – controle cartográfico<br/><b>Classe WRB:</b> Lithic Leptosols<br/><b>Código de solo:</b> LPq<br/><b>Província:</b> 24<br/><b>Cor cartográfica do ponto:</b> Cinza<br/><b>Fonte:</b> Derivado da camada Solos_Angola; posição sistemática nova; fora da mancha vermelha<br/><b>Longitude:</b> 12.955210<br/><b>Latitude:</b> -14.656650]]></description>
<Point>
<coordinates>12.95520976,-14.65665041,0</coordinates>
</Point>
</Placemark>
<Placemark>
<name>Cinza | Lithic Leptosols</name>
<styleUrl>#style_Cinza</styleUrl>
<description><![CDATA[<b>ID:</b> CTRL_NV_0083<br/><b>Classificação:</b> NÃO VERMELHO – controle cartográfico<br/><b>Classe WRB:</b> Lithic Leptosols<br/><b>Código de solo:</b> LPq<br/><b>Província:</b> 23<br/><b>Cor cartográfica do ponto:</b> Cinza<br/><b>Fonte:</b> Derivado da camada Solos_Angola; posição sistemática nova; fora da mancha vermelha<br/><b>Longitude:</b> 12.955210<br/><b>Latitude:</b> -13.526075]]></description>
<Point>
<coordinates>12.95520976,-13.52607490,0</coordinates>
</Point>
</Placemark>
<Placemark>
<name>Cinza | Lithic Leptosols</name>
<styleUrl>#style_Cinza</styleUrl>
<description><![CDATA[<b>ID:</b> CTRL_NV_0084<br/><b>Classificação:</b> NÃO VERMELHO – controle cartográfico<br/><b>Classe WRB:</b> Lithic Leptosols<br/><b>Código de solo:</b> LPq<br/><b>Província:</b> 23<br/><b>Cor cartográfica do ponto:</b> Cinza<br/><b>Fonte:</b> Derivado da camada Solos_Angola; posição sistemática nova; fora da mancha vermelha<br/><b>Longitude:</b> 12.955210<br/><b>Latitude:</b> -13.365001]]></description>
<Point>
<coordinates>12.95520976,-13.36500086,0</coordinates>
</Point>
</Placemark>
<Placemark>
<name>Cinza | Lithic Leptosols</name>
<styleUrl>#style_Cinza</styleUrl>
<description><![CDATA[<b>ID:</b> CTRL_NV_0085<br/><b>Classificação:</b> NÃO VERMELHO – controle cartográfico<br/><b>Classe WRB:</b> Lithic Leptosols<br/><b>Código de solo:</b> LPq<br/><b>Província:</b> 23<br/><b>Cor cartográfica do ponto:</b> Cinza<br/><b>Fonte:</b> Derivado da camada Solos_Angola; posição sistemática nova; fora da mancha vermelha<br/><b>Longitude:</b> 12.955210<br/><b>Latitude:</b> -13.204032]]></description>
<Point>
<coordinates>12.95520976,-13.20403162,0</coordinates>
</Point>
</Placemark>
<Placemark>
<name>Cinza | Eutric Leptosols</name>
<styleUrl>#style_Cinza</styleUrl>
<description><![CDATA[<b>ID:</b> CTRL_NV_0086<br/><b>Classificação:</b> NÃO VERMELHO – controle cartográfico<br/><b>Classe WRB:</b> Eutric Leptosols<br/><b>Código de solo:</b> LPe<br/><b>Província:</b> 23<br/><b>Cor cartográfica do ponto:</b> Cinza<br/><b>Fonte:</b> Derivado da camada Solos_Angola; posição sistemática nova; fora da mancha vermelha<br/><b>Longitude:</b> 12.955210<br/><b>Latitude:</b> -13.043166]]></description>
<Point>
<coordinates>12.95520976,-13.04316572,0</coordinates>
</Point>
</Placemark>
<Placemark>
<name>Cinza | ROCK</name>
<styleUrl>#style_Cinza</styleUrl>
<description><![CDATA[<b>ID:</b> CTRL_NV_0087<br/><b>Classificação:</b> NÃO VERMELHO – controle cartográfico<br/><b>Classe WRB:</b> ROCK<br/><b>Código de solo:</b> RO<br/><b>Província:</b> 24<br/><b>Cor cartográfica do ponto:</b> Cinza<br/><b>Fonte:</b> Derivado da camada Solos_Angola; posição sistemática nova; fora da mancha vermelha<br/><b>Longitude:</b> 13.162493<br/><b>Latitude:</b> -16.935489]]></description>
<Point>
<coordinates>13.16249312,-16.93548857,0</coordinates>
</Point>
</Placemark>
<Placemark>
<name>Cinza | ROCK</name>
<styleUrl>#style_Cinza</styleUrl>
<description><![CDATA[<b>ID:</b> CTRL_NV_0088<br/><b>Classificação:</b> NÃO VERMELHO – controle cartográfico<br/><b>Classe WRB:</b> ROCK<br/><b>Código de solo:</b> RO<br/><b>Província:</b> 24<br/><b>Cor cartográfica do ponto:</b> Cinza<br/><b>Fonte:</b> Derivado da camada Solos_Angola; posição sistemática nova; fora da mancha vermelha<br/><b>Longitude:</b> 13.162493<br/><b>Latitude:</b> -16.771864]]></description>
<Point>
<coordinates>13.16249312,-16.77186434,0</coordinates>
</Point>
</Placemark>
<Placemark>
<name>Cinza | ROCK</name>
<styleUrl>#style_Cinza</styleUrl>
<description><![CDATA[<b>ID:</b> CTRL_NV_0089<br/><b>Classificação:</b> NÃO VERMELHO – controle cartográfico<br/><b>Classe WRB:</b> ROCK<br/><b>Código de solo:</b> RO<br/><b>Província:</b> 24<br/><b>Cor cartográfica do ponto:</b> Cinza<br/><b>Fonte:</b> Derivado da camada Solos_Angola; posição sistemática nova; fora da mancha vermelha<br/><b>Longitude:</b> 13.162493<br/><b>Latitude:</b> -16.608377]]></description>
<Point>
<coordinates>13.16249312,-16.60837736,0</coordinates>
</Point>
</Placemark>
<Placemark>
<name>Cinza | ROCK</name>
<styleUrl>#style_Cinza</styleUrl>
<description><![CDATA[<b>ID:</b> CTRL_NV_0090<br/><b>Classificação:</b> NÃO VERMELHO – controle cartográfico<br/><b>Classe WRB:</b> ROCK<br/><b>Código de solo:</b> RO<br/><b>Província:</b> 24<br/><b>Cor cartográfica do ponto:</b> Cinza<br/><b>Fonte:</b> Derivado da camada Solos_Angola; posição sistemática nova; fora da mancha vermelha<br/><b>Longitude:</b> 13.162493<br/><b>Latitude:</b> -16.445026]]></description>
<Point>
<coordinates>13.16249312,-16.44502599,0</coordinates>
</Point>
</Placemark>
<Placemark>
<name>Cinza | ROCK</name>
<styleUrl>#style_Cinza</styleUrl>
<description><![CDATA[<b>ID:</b> CTRL_NV_0091<br/><b>Classificação:</b> NÃO VERMELHO – controle cartográfico<br/><b>Classe WRB:</b> ROCK<br/><b>Código de solo:</b> RO<br/><b>Província:</b> 24<br/><b>Cor cartográfica do ponto:</b> Cinza<br/><b>Fonte:</b> Derivado da camada Solos_Angola; posição sistemática nova; fora da mancha vermelha<br/><b>Longitude:</b> 13.162493<br/><b>Latitude:</b> -16.281809]]></description>
<Point>
<coordinates>13.16249312,-16.28180859,0</coordinates>
</Point>
</Placemark>
<Placemark>
<name>Cinza | ROCK</name>
<styleUrl>#style_Cinza</styleUrl>
<description><![CDATA[<b>ID:</b> CTRL_NV_0092<br/><b>Classificação:</b> NÃO VERMELHO – controle cartográfico<br/><b>Classe WRB:</b> ROCK<br/><b>Código de solo:</b> RO<br/><b>Província:</b> 24<br/><b>Cor cartográfica do ponto:</b> Cinza<br/><b>Fonte:</b> Derivado da camada Solos_Angola; posição sistemática nova; fora da mancha vermelha<br/><b>Longitude:</b> 13.162493<br/><b>Latitude:</b> -16.118724]]></description>
<Point>
<coordinates>13.16249312,-16.11872353,0</coordinates>
</Point>
</Placemark>
<Placemark>
<name>Cinza | ROCK</name>
<styleUrl>#style_Cinza</styleUrl>
<description><![CDATA[<b>ID:</b> CTRL_NV_0093<br/><b>Classificação:</b> NÃO VERMELHO – controle cartográfico<br/><b>Classe WRB:</b> ROCK<br/><b>Código de solo:</b> RO<br/><b>Província:</b> 24<br/><b>Cor cartográfica do ponto:</b> Cinza<br/><b>Fonte:</b> Derivado da camada Solos_Angola; posição sistemática nova; fora da mancha vermelha<br/><b>Longitude:</b> 13.162493<br/><b>Latitude:</b> -15.955769]]></description>
<Point>
<coordinates>13.16249312,-15.95576919,0</coordinates>
</Point>
</Placemark>
<Placemark>
<name>Cinza | ROCK</name>
<styleUrl>#style_Cinza</styleUrl>
<description><![CDATA[<b>ID:</b> CTRL_NV_0094<br/><b>Classificação:</b> NÃO VERMELHO – controle cartográfico<br/><b>Classe WRB:</b> ROCK<br/><b>Código de solo:</b> RO<br/><b>Província:</b> 24<br/><b>Cor cartográfica do ponto:</b> Cinza<br/><b>Fonte:</b> Derivado da camada Solos_Angola; posição sistemática nova; fora da mancha vermelha<br/><b>Longitude:</b> 13.162493<br/><b>Latitude:</b> -15.630246]]></description>
<Point>
<coordinates>13.16249312,-15.63024630,0</coordinates>
</Point>
</Placemark>
<Placemark>
<name>Cinza | ROCK</name>
<styleUrl>#style_Cinza</styleUrl>
<description><![CDATA[<b>ID:</b> CTRL_NV_0095<br/><b>Classificação:</b> NÃO VERMELHO – controle cartográfico<br/><b>Classe WRB:</b> ROCK<br/><b>Código de solo:</b> RO<br/><b>Província:</b> 24<br/><b>Cor cartográfica do ponto:</b> Cinza<br/><b>Fonte:</b> Derivado da camada Solos_Angola; posição sistemática nova; fora da mancha vermelha<br/><b>Longitude:</b> 13.162493<br/><b>Latitude:</b> -15.467675]]></description>
<Point>
<coordinates>13.16249312,-15.46767457,0</coordinates>
</Point>
</Placemark>
<Placemark>
<name>Verde | Eutric Cambisols</name>
<styleUrl>#style_Verde</styleUrl>
<description><![CDATA[<b>ID:</b> CTRL_NV_0096<br/><b>Classificação:</b> NÃO VERMELHO – controle cartográfico<br/><b>Classe WRB:</b> Eutric Cambisols<br/><b>Código de solo:</b> CMe<br/><b>Província:</b> 24<br/><b>Cor cartográfica do ponto:</b> Verde<br/><b>Fonte:</b> Derivado da camada Solos_Angola; posição sistemática nova; fora da mancha vermelha<br/><b>Longitude:</b> 13.162493<br/><b>Latitude:</b> -15.305227]]></description>
<Point>
<coordinates>13.16249312,-15.30522721,0</coordinates>
</Point>
</Placemark>
<Placemark>
<name>Verde | Eutric Cambisols</name>
<styleUrl>#style_Verde</styleUrl>
<description><![CDATA[<b>ID:</b> CTRL_NV_0097<br/><b>Classificação:</b> NÃO VERMELHO – controle cartográfico<br/><b>Classe WRB:</b> Eutric Cambisols<br/><b>Código de solo:</b> CMe<br/><b>Província:</b> 24<br/><b>Cor cartográfica do ponto:</b> Verde<br/><b>Fonte:</b> Derivado da camada Solos_Angola; posição sistemática nova; fora da mancha vermelha<br/><b>Longitude:</b> 13.162493<br/><b>Latitude:</b> -15.142903]]></description>
<Point>
<coordinates>13.16249312,-15.14290266,0</coordinates>
</Point>
</Placemark>
<Placemark>
<name>Cinza | Lithic Leptosols</name>
<styleUrl>#style_Cinza</styleUrl>
<description><![CDATA[<b>ID:</b> CTRL_NV_0098<br/><b>Classificação:</b> NÃO VERMELHO – controle cartográfico<br/><b>Classe WRB:</b> Lithic Leptosols<br/><b>Código de solo:</b> LPq<br/><b>Província:</b> 24<br/><b>Cor cartográfica do ponto:</b> Cinza<br/><b>Fonte:</b> Derivado da camada Solos_Angola; posição sistemática nova; fora da mancha vermelha<br/><b>Longitude:</b> 13.162493<br/><b>Latitude:</b> -14.818616]]></description>
<Point>
<coordinates>13.16249312,-14.81861580,0</coordinates>
</Point>
</Placemark>
<Placemark>
<name>Cinza | Lithic Leptosols</name>
<styleUrl>#style_Cinza</styleUrl>
<description><![CDATA[<b>ID:</b> CTRL_NV_0099<br/><b>Classificação:</b> NÃO VERMELHO – controle cartográfico<br/><b>Classe WRB:</b> Lithic Leptosols<br/><b>Código de solo:</b> LPq<br/><b>Província:</b> 24<br/><b>Cor cartográfica do ponto:</b> Cinza<br/><b>Fonte:</b> Derivado da camada Solos_Angola; posição sistemática nova; fora da mancha vermelha<br/><b>Longitude:</b> 13.162493<br/><b>Latitude:</b> -13.848543]]></description>
<Point>
<coordinates>13.16249312,-13.84854316,0</coordinates>
</Point>
</Placemark>
<Placemark>
<name>Cinza | Lithic Leptosols</name>
<styleUrl>#style_Cinza</styleUrl>
<description><![CDATA[<b>ID:</b> CTRL_NV_0100<br/><b>Classificação:</b> NÃO VERMELHO – controle cartográfico<br/><b>Classe WRB:</b> Lithic Leptosols<br/><b>Código de solo:</b> LPq<br/><b>Província:</b> 24<br/><b>Cor cartográfica do ponto:</b> Cinza<br/><b>Fonte:</b> Derivado da camada Solos_Angola; posição sistemática nova; fora da mancha vermelha<br/><b>Longitude:</b> 13.162493<br/><b>Latitude:</b> -13.687255]]></description>
<Point>
<coordinates>13.16249312,-13.68725517,0</coordinates>
</Point>
</Placemark>
<Placemark>
<name>Cinza | Lithic Leptosols</name>
<styleUrl>#style_Cinza</styleUrl>
<description><![CDATA[<b>ID:</b> CTRL_NV_0101<br/><b>Classificação:</b> NÃO VERMELHO – controle cartográfico<br/><b>Classe WRB:</b> Lithic Leptosols<br/><b>Código de solo:</b> LPq<br/><b>Província:</b> 23<br/><b>Cor cartográfica do ponto:</b> Cinza<br/><b>Fonte:</b> Derivado da camada Solos_Angola; posição sistemática nova; fora da mancha vermelha<br/><b>Longitude:</b> 13.162493<br/><b>Latitude:</b> -13.526075]]></description>
<Point>
<coordinates>13.16249312,-13.52607490,0</coordinates>
</Point>
</Placemark>
<Placemark>
<name>Cinza | Lithic Leptosols</name>
<styleUrl>#style_Cinza</styleUrl>
<description><![CDATA[<b>ID:</b> CTRL_NV_0102<br/><b>Classificação:</b> NÃO VERMELHO – controle cartográfico<br/><b>Classe WRB:</b> Lithic Leptosols<br/><b>Código de solo:</b> LPq<br/><b>Província:</b> 23<br/><b>Cor cartográfica do ponto:</b> Cinza<br/><b>Fonte:</b> Derivado da camada Solos_Angola; posição sistemática nova; fora da mancha vermelha<br/><b>Longitude:</b> 13.162493<br/><b>Latitude:</b> -13.365001]]></description>
<Point>
<coordinates>13.16249312,-13.36500086,0</coordinates>
</Point>
</Placemark>
<Placemark>
<name>Cinza | Lithic Leptosols</name>
<styleUrl>#style_Cinza</styleUrl>
<description><![CDATA[<b>ID:</b> CTRL_NV_0103<br/><b>Classificação:</b> NÃO VERMELHO – controle cartográfico<br/><b>Classe WRB:</b> Lithic Leptosols<br/><b>Código de solo:</b> LPq<br/><b>Província:</b> 23<br/><b>Cor cartográfica do ponto:</b> Cinza<br/><b>Fonte:</b> Derivado da camada Solos_Angola; posição sistemática nova; fora da mancha vermelha<br/><b>Longitude:</b> 13.162493<br/><b>Latitude:</b> -13.204032]]></description>
<Point>
<coordinates>13.16249312,-13.20403162,0</coordinates>
</Point>
</Placemark>
<Placemark>
<name>Cinza | Lithic Leptosols</name>
<styleUrl>#style_Cinza</styleUrl>
<description><![CDATA[<b>ID:</b> CTRL_NV_0104<br/><b>Classificação:</b> NÃO VERMELHO – controle cartográfico<br/><b>Classe WRB:</b> Lithic Leptosols<br/><b>Código de solo:</b> LPq<br/><b>Província:</b> 23<br/><b>Cor cartográfica do ponto:</b> Cinza<br/><b>Fonte:</b> Derivado da camada Solos_Angola; posição sistemática nova; fora da mancha vermelha<br/><b>Longitude:</b> 13.162493<br/><b>Latitude:</b> -13.043166]]></description>
<Point>
<coordinates>13.16249312,-13.04316572,0</coordinates>
</Point>
</Placemark>
<Placemark>
<name>Cinza | Eutric Leptosols</name>
<styleUrl>#style_Cinza</styleUrl>
<description><![CDATA[<b>ID:</b> CTRL_NV_0105<br/><b>Classificação:</b> NÃO VERMELHO – controle cartográfico<br/><b>Classe WRB:</b> Eutric Leptosols<br/><b>Código de solo:</b> LPe<br/><b>Província:</b> 23<br/><b>Cor cartográfica do ponto:</b> Cinza<br/><b>Fonte:</b> Derivado da camada Solos_Angola; posição sistemática nova; fora da mancha vermelha<br/><b>Longitude:</b> 13.162493<br/><b>Latitude:</b> -12.882402]]></description>
<Point>
<coordinates>13.16249312,-12.88240173,0</coordinates>
</Point>
</Placemark>
<Placemark>
<name>Bege | Hypercalci-Endoskeletic Calcisols</name>
<styleUrl>#style_Bege</styleUrl>
<description><![CDATA[<b>ID:</b> CTRL_NV_0106<br/><b>Classificação:</b> NÃO VERMELHO – controle cartográfico<br/><b>Classe WRB:</b> Hypercalci-Endoskeletic Calcisols<br/><b>Código de solo:</b> CLh<br/><b>Província:</b> 23<br/><b>Cor cartográfica do ponto:</b> Bege<br/><b>Fonte:</b> Derivado da camada Solos_Angola; posição sistemática nova; fora da mancha vermelha<br/><b>Longitude:</b> 13.162493<br/><b>Latitude:</b> -12.721738]]></description>
<Point>
<coordinates>13.16249312,-12.72173821,0</coordinates>
</Point>
</Placemark>
<Placemark>
<name>Cinza | ROCK</name>
<styleUrl>#style_Cinza</styleUrl>
<description><![CDATA[<b>ID:</b> CTRL_NV_0107<br/><b>Classificação:</b> NÃO VERMELHO – controle cartográfico<br/><b>Classe WRB:</b> ROCK<br/><b>Código de solo:</b> RO<br/><b>Província:</b> 26<br/><b>Cor cartográfica do ponto:</b> Cinza<br/><b>Fonte:</b> Derivado da camada Solos_Angola; posição sistemática nova; fora da mancha vermelha<br/><b>Longitude:</b> 13.369776<br/><b>Latitude:</b> -16.935489]]></description>
<Point>
<coordinates>13.36977648,-16.93548857,0</coordinates>
</Point>
</Placemark>
<Placemark>
<name>Cinza | ROCK</name>
<styleUrl>#style_Cinza</styleUrl>
<description><![CDATA[<b>ID:</b> CTRL_NV_0108<br/><b>Classificação:</b> NÃO VERMELHO – controle cartográfico<br/><b>Classe WRB:</b> ROCK<br/><b>Código de solo:</b> RO<br/><b>Província:</b> 26<br/><b>Cor cartográfica do ponto:</b> Cinza<br/><b>Fonte:</b> Derivado da camada Solos_Angola; posição sistemática nova; fora da mancha vermelha<br/><b>Longitude:</b> 13.369776<br/><b>Latitude:</b> -16.771864]]></description>
<Point>
<coordinates>13.36977648,-16.77186434,0</coordinates>
</Point>
</Placemark>
<Placemark>
<name>Roxo | Pelli-Calcic Vertisols</name>
<styleUrl>#style_Roxo</styleUrl>
<description><![CDATA[<b>ID:</b> CTRL_NV_0109<br/><b>Classificação:</b> NÃO VERMELHO – controle cartográfico<br/><b>Classe WRB:</b> Pelli-Calcic Vertisols<br/><b>Código de solo:</b> VRk<br/><b>Província:</b> 26<br/><b>Cor cartográfica do ponto:</b> Roxo<br/><b>Fonte:</b> Derivado da camada Solos_Angola; posição sistemática nova; fora da mancha vermelha<br/><b>Longitude:</b> 13.369776<br/><b>Latitude:</b> -16.608377]]></description>
<Point>
<coordinates>13.36977648,-16.60837736,0</coordinates>
</Point>
</Placemark>
<Placemark>
<name>Cinza | ROCK</name>
<styleUrl>#style_Cinza</styleUrl>
<description><![CDATA[<b>ID:</b> CTRL_NV_0110<br/><b>Classificação:</b> NÃO VERMELHO – controle cartográfico<br/><b>Classe WRB:</b> ROCK<br/><b>Código de solo:</b> RO<br/><b>Província:</b> 26<br/><b>Cor cartográfica do ponto:</b> Cinza<br/><b>Fonte:</b> Derivado da camada Solos_Angola; posição sistemática nova; fora da mancha vermelha<br/><b>Longitude:</b> 13.369776<br/><b>Latitude:</b> -16.445026]]></description>
<Point>
<coordinates>13.36977648,-16.44502599,0</coordinates>
</Point>
</Placemark>
<Placemark>
<name>Cinza | ROCK</name>
<styleUrl>#style_Cinza</styleUrl>
<description><![CDATA[<b>ID:</b> CTRL_NV_0111<br/><b>Classificação:</b> NÃO VERMELHO – controle cartográfico<br/><b>Classe WRB:</b> ROCK<br/><b>Código de solo:</b> RO<br/><b>Província:</b> 24<br/><b>Cor cartográfica do ponto:</b> Cinza<br/><b>Fonte:</b> Derivado da camada Solos_Angola; posição sistemática nova; fora da mancha vermelha<br/><b>Longitude:</b> 13.369776<br/><b>Latitude:</b> -16.281809]]></description>
<Point>
<coordinates>13.36977648,-16.28180859,0</coordinates>
</Point>
</Placemark>
<Placemark>
<name>Cinza | ROCK</name>
<styleUrl>#style_Cinza</styleUrl>
<description><![CDATA[<b>ID:</b> CTRL_NV_0112<br/><b>Classificação:</b> NÃO VERMELHO – controle cartográfico<br/><b>Classe WRB:</b> ROCK<br/><b>Código de solo:</b> RO<br/><b>Província:</b> 24<br/><b>Cor cartográfica do ponto:</b> Cinza<br/><b>Fonte:</b> Derivado da camada Solos_Angola; posição sistemática nova; fora da mancha vermelha<br/><b>Longitude:</b> 13.369776<br/><b>Latitude:</b> -16.118724]]></description>
<Point>
<coordinates>13.36977648,-16.11872353,0</coordinates>
</Point>
</Placemark>
<Placemark>
<name>Cinza | ROCK</name>
<styleUrl>#style_Cinza</styleUrl>
<description><![CDATA[<b>ID:</b> CTRL_NV_0113<br/><b>Classificação:</b> NÃO VERMELHO – controle cartográfico<br/><b>Classe WRB:</b> ROCK<br/><b>Código de solo:</b> RO<br/><b>Província:</b> 24<br/><b>Cor cartográfica do ponto:</b> Cinza<br/><b>Fonte:</b> Derivado da camada Solos_Angola; posição sistemática nova; fora da mancha vermelha<br/><b>Longitude:</b> 13.369776<br/><b>Latitude:</b> -15.955769]]></description>
<Point>
<coordinates>13.36977648,-15.95576919,0</coordinates>
</Point>
</Placemark>
<Placemark>
<name>Cinza | ROCK</name>
<styleUrl>#style_Cinza</styleUrl>
<description><![CDATA[<b>ID:</b> CTRL_NV_0114<br/><b>Classificação:</b> NÃO VERMELHO – controle cartográfico<br/><b>Classe WRB:</b> ROCK<br/><b>Código de solo:</b> RO<br/><b>Província:</b> 24<br/><b>Cor cartográfica do ponto:</b> Cinza<br/><b>Fonte:</b> Derivado da camada Solos_Angola; posição sistemática nova; fora da mancha vermelha<br/><b>Longitude:</b> 13.369776<br/><b>Latitude:</b> -15.792944]]></description>
<Point>
<coordinates>13.36977648,-15.79294398,0</coordinates>
</Point>
</Placemark>
<Placemark>
<name>Cinza | ROCK</name>
<styleUrl>#style_Cinza</styleUrl>
<description><![CDATA[<b>ID:</b> CTRL_NV_0115<br/><b>Classificação:</b> NÃO VERMELHO – controle cartográfico<br/><b>Classe WRB:</b> ROCK<br/><b>Código de solo:</b> RO<br/><b>Província:</b> 24<br/><b>Cor cartográfica do ponto:</b> Cinza<br/><b>Fonte:</b> Derivado da camada Solos_Angola; posição sistemática nova; fora da mancha vermelha<br/><b>Longitude:</b> 13.369776<br/><b>Latitude:</b> -15.630246]]></description>
<Point>
<coordinates>13.36977648,-15.63024630,0</coordinates>
</Point>
</Placemark>
<Placemark>
<name>Verde | Eutric Cambisols</name>
<styleUrl>#style_Verde</styleUrl>
<description><![CDATA[<b>ID:</b> CTRL_NV_0116<br/><b>Classificação:</b> NÃO VERMELHO – controle cartográfico<br/><b>Classe WRB:</b> Eutric Cambisols<br/><b>Código de solo:</b> CMe<br/><b>Província:</b> 24<br/><b>Cor cartográfica do ponto:</b> Verde<br/><b>Fonte:</b> Derivado da camada Solos_Angola; posição sistemática nova; fora da mancha vermelha<br/><b>Longitude:</b> 13.369776<br/><b>Latitude:</b> -15.467675]]></description>
<Point>
<coordinates>13.36977648,-15.46767457,0</coordinates>
</Point>
</Placemark>
<Placemark>
<name>Cinza | Lithic Leptosols</name>
<styleUrl>#style_Cinza</styleUrl>
<description><![CDATA[<b>ID:</b> CTRL_NV_0117<br/><b>Classificação:</b> NÃO VERMELHO – controle cartográfico<br/><b>Classe WRB:</b> Lithic Leptosols<br/><b>Código de solo:</b> LPq<br/><b>Província:</b> 25<br/><b>Cor cartográfica do ponto:</b> Cinza<br/><b>Fonte:</b> Derivado da camada Solos_Angola; posição sistemática nova; fora da mancha vermelha<br/><b>Longitude:</b> 13.369776<br/><b>Latitude:</b> -14.980699]]></description>
<Point>
<coordinates>13.36977648,-14.98069937,0</coordinates>
</Point>
</Placemark>
<Placemark>
<name>Cinza | Lithic Leptosols</name>
<styleUrl>#style_Cinza</styleUrl>
<description><![CDATA[<b>ID:</b> CTRL_NV_0118<br/><b>Classificação:</b> NÃO VERMELHO – controle cartográfico<br/><b>Classe WRB:</b> Lithic Leptosols<br/><b>Código de solo:</b> LPq<br/><b>Província:</b> 24<br/><b>Cor cartográfica do ponto:</b> Cinza<br/><b>Fonte:</b> Derivado da camada Solos_Angola; posição sistemática nova; fora da mancha vermelha<br/><b>Longitude:</b> 13.369776<br/><b>Latitude:</b> -14.818616]]></description>
<Point>
<coordinates>13.36977648,-14.81861580,0</coordinates>
</Point>
</Placemark>
<Placemark>
<name>Verde | Eutric Cambisols</name>
<styleUrl>#style_Verde</styleUrl>
<description><![CDATA[<b>ID:</b> CTRL_NV_0119<br/><b>Classificação:</b> NÃO VERMELHO – controle cartográfico<br/><b>Classe WRB:</b> Eutric Cambisols<br/><b>Código de solo:</b> CMe<br/><b>Província:</b> 24<br/><b>Cor cartográfica do ponto:</b> Verde<br/><b>Fonte:</b> Derivado da camada Solos_Angola; posição sistemática nova; fora da mancha vermelha<br/><b>Longitude:</b> 13.369776<br/><b>Latitude:</b> -14.656650]]></description>
<Point>
<coordinates>13.36977648,-14.65665041,0</coordinates>
</Point>
</Placemark>
<Placemark>
<name>Verde | Eutric Cambisols</name>
<styleUrl>#style_Verde</styleUrl>
<description><![CDATA[<b>ID:</b> CTRL_NV_0120<br/><b>Classificação:</b> NÃO VERMELHO – controle cartográfico<br/><b>Classe WRB:</b> Eutric Cambisols<br/><b>Código de solo:</b> CMe<br/><b>Província:</b> 24<br/><b>Cor cartográfica do ponto:</b> Verde<br/><b>Fonte:</b> Derivado da camada Solos_Angola; posição sistemática nova; fora da mancha vermelha<br/><b>Longitude:</b> 13.369776<br/><b>Latitude:</b> -14.494802]]></description>
<Point>
<coordinates>13.36977648,-14.49480167,0</coordinates>
</Point>
</Placemark>
<Placemark>
<name>Cinza | Eutric Leptosols</name>
<styleUrl>#style_Cinza</styleUrl>
<description><![CDATA[<b>ID:</b> CTRL_NV_0121<br/><b>Classificação:</b> NÃO VERMELHO – controle cartográfico<br/><b>Classe WRB:</b> Eutric Leptosols<br/><b>Código de solo:</b> LPe<br/><b>Província:</b> 23<br/><b>Cor cartográfica do ponto:</b> Cinza<br/><b>Fonte:</b> Derivado da camada Solos_Angola; posição sistemática nova; fora da mancha vermelha<br/><b>Longitude:</b> 13.369776<br/><b>Latitude:</b> -13.204032]]></description>
<Point>
<coordinates>13.36977648,-13.20403162,0</coordinates>
</Point>
</Placemark>
<Placemark>
<name>Cinza | Lithic Leptosols</name>
<styleUrl>#style_Cinza</styleUrl>
<description><![CDATA[<b>ID:</b> CTRL_NV_0122<br/><b>Classificação:</b> NÃO VERMELHO – controle cartográfico<br/><b>Classe WRB:</b> Lithic Leptosols<br/><b>Código de solo:</b> LPq<br/><b>Província:</b> 23<br/><b>Cor cartográfica do ponto:</b> Cinza<br/><b>Fonte:</b> Derivado da camada Solos_Angola; posição sistemática nova; fora da mancha vermelha<br/><b>Longitude:</b> 13.369776<br/><b>Latitude:</b> -13.043166]]></description>
<Point>
<coordinates>13.36977648,-13.04316572,0</coordinates>
</Point>
</Placemark>
<Placemark>
<name>Cinza | Lithic Leptosols</name>
<styleUrl>#style_Cinza</styleUrl>
<description><![CDATA[<b>ID:</b> CTRL_NV_0123<br/><b>Classificação:</b> NÃO VERMELHO – controle cartográfico<br/><b>Classe WRB:</b> Lithic Leptosols<br/><b>Código de solo:</b> LPq<br/><b>Província:</b> 23<br/><b>Cor cartográfica do ponto:</b> Cinza<br/><b>Fonte:</b> Derivado da camada Solos_Angola; posição sistemática nova; fora da mancha vermelha<br/><b>Longitude:</b> 13.369776<br/><b>Latitude:</b> -12.882402]]></description>
<Point>
<coordinates>13.36977648,-12.88240173,0</coordinates>
</Point>
</Placemark>
<Placemark>
<name>Cinza | Eutric Leptosols</name>
<styleUrl>#style_Cinza</styleUrl>
<description><![CDATA[<b>ID:</b> CTRL_NV_0124<br/><b>Classificação:</b> NÃO VERMELHO – controle cartográfico<br/><b>Classe WRB:</b> Eutric Leptosols<br/><b>Código de solo:</b> LPe<br/><b>Província:</b> 23<br/><b>Cor cartográfica do ponto:</b> Cinza<br/><b>Fonte:</b> Derivado da camada Solos_Angola; posição sistemática nova; fora da mancha vermelha<br/><b>Longitude:</b> 13.369776<br/><b>Latitude:</b> -12.721738]]></description>
<Point>
<coordinates>13.36977648,-12.72173821,0</coordinates>
</Point>
</Placemark>
<Placemark>
<name>Cinza | ROCK</name>
<styleUrl>#style_Cinza</styleUrl>
<description><![CDATA[<b>ID:</b> CTRL_NV_0125<br/><b>Classificação:</b> NÃO VERMELHO – controle cartográfico<br/><b>Classe WRB:</b> ROCK<br/><b>Código de solo:</b> RO<br/><b>Província:</b> 26<br/><b>Cor cartográfica do ponto:</b> Cinza<br/><b>Fonte:</b> Derivado da camada Solos_Angola; posição sistemática nova; fora da mancha vermelha<br/><b>Longitude:</b> 13.577060<br/><b>Latitude:</b> -17.099252]]></description>
<Point>
<coordinates>13.57705983,-17.09925172,0</coordinates>
</Point>
</Placemark>
<Placemark>
<name>Cinza | ROCK</name>
<styleUrl>#style_Cinza</styleUrl>
<description><![CDATA[<b>ID:</b> CTRL_NV_0126<br/><b>Classificação:</b> NÃO VERMELHO – controle cartográfico<br/><b>Classe WRB:</b> ROCK<br/><b>Código de solo:</b> RO<br/><b>Província:</b> 26<br/><b>Cor cartográfica do ponto:</b> Cinza<br/><b>Fonte:</b> Derivado da camada Solos_Angola; posição sistemática nova; fora da mancha vermelha<br/><b>Longitude:</b> 13.577060<br/><b>Latitude:</b> -16.935489]]></description>
<Point>
<coordinates>13.57705983,-16.93548857,0</coordinates>
</Point>
</Placemark>
<Placemark>
<name>Cinza | ROCK</name>
<styleUrl>#style_Cinza</styleUrl>
<description><![CDATA[<b>ID:</b> CTRL_NV_0127<br/><b>Classificação:</b> NÃO VERMELHO – controle cartográfico<br/><b>Classe WRB:</b> ROCK<br/><b>Código de solo:</b> RO<br/><b>Província:</b> 26<br/><b>Cor cartográfica do ponto:</b> Cinza<br/><b>Fonte:</b> Derivado da camada Solos_Angola; posição sistemática nova; fora da mancha vermelha<br/><b>Longitude:</b> 13.577060<br/><b>Latitude:</b> -16.771864]]></description>
<Point>
<coordinates>13.57705983,-16.77186434,0</coordinates>
</Point>
</Placemark>
<Placemark>
<name>Cinza | ROCK</name>
<styleUrl>#style_Cinza</styleUrl>
<description><![CDATA[<b>ID:</b> CTRL_NV_0128<br/><b>Classificação:</b> NÃO VERMELHO – controle cartográfico<br/><b>Classe WRB:</b> ROCK<br/><b>Código de solo:</b> RO<br/><b>Província:</b> 26<br/><b>Cor cartográfica do ponto:</b> Cinza<br/><b>Fonte:</b> Derivado da camada Solos_Angola; posição sistemática nova; fora da mancha vermelha<br/><b>Longitude:</b> 13.577060<br/><b>Latitude:</b> -16.608377]]></description>
<Point>
<coordinates>13.57705983,-16.60837736,0</coordinates>
</Point>
</Placemark>
<Placemark>
<name>Cinza | ROCK</name>
<styleUrl>#style_Cinza</styleUrl>
<description><![CDATA[<b>ID:</b> CTRL_NV_0129<br/><b>Classificação:</b> NÃO VERMELHO – controle cartográfico<br/><b>Classe WRB:</b> ROCK<br/><b>Código de solo:</b> RO<br/><b>Província:</b> 26<br/><b>Cor cartográfica do ponto:</b> Cinza<br/><b>Fonte:</b> Derivado da camada Solos_Angola; posição sistemática nova; fora da mancha vermelha<br/><b>Longitude:</b> 13.577060<br/><b>Latitude:</b> -16.445026]]></description>
<Point>
<coordinates>13.57705983,-16.44502599,0</coordinates>
</Point>
</Placemark>
<Placemark>
<name>Roxo | Pelli-Calcic Vertisols</name>
<styleUrl>#style_Roxo</styleUrl>
<description><![CDATA[<b>ID:</b> CTRL_NV_0130<br/><b>Classificação:</b> NÃO VERMELHO – controle cartográfico<br/><b>Classe WRB:</b> Pelli-Calcic Vertisols<br/><b>Código de solo:</b> VRk<br/><b>Província:</b> 26<br/><b>Cor cartográfica do ponto:</b> Roxo<br/><b>Fonte:</b> Derivado da camada Solos_Angola; posição sistemática nova; fora da mancha vermelha<br/><b>Longitude:</b> 13.577060<br/><b>Latitude:</b> -16.281809]]></description>
<Point>
<coordinates>13.57705983,-16.28180859,0</coordinates>
</Point>
</Placemark>
<Placemark>
<name>Cinza | ROCK</name>
<styleUrl>#style_Cinza</styleUrl>
<description><![CDATA[<b>ID:</b> CTRL_NV_0131<br/><b>Classificação:</b> NÃO VERMELHO – controle cartográfico<br/><b>Classe WRB:</b> ROCK<br/><b>Código de solo:</b> RO<br/><b>Província:</b> 25<br/><b>Cor cartográfica do ponto:</b> Cinza<br/><b>Fonte:</b> Derivado da camada Solos_Angola; posição sistemática nova; fora da mancha vermelha<br/><b>Longitude:</b> 13.577060<br/><b>Latitude:</b> -16.118724]]></description>
<Point>
<coordinates>13.57705983,-16.11872353,0</coordinates>
</Point>
</Placemark>
<Placemark>
<name>Cinza | ROCK</name>
<styleUrl>#style_Cinza</styleUrl>
<description><![CDATA[<b>ID:</b> CTRL_NV_0132<br/><b>Classificação:</b> NÃO VERMELHO – controle cartográfico<br/><b>Classe WRB:</b> ROCK<br/><b>Código de solo:</b> RO<br/><b>Província:</b> 25<br/><b>Cor cartográfica do ponto:</b> Cinza<br/><b>Fonte:</b> Derivado da camada Solos_Angola; posição sistemática nova; fora da mancha vermelha<br/><b>Longitude:</b> 13.577060<br/><b>Latitude:</b> -15.955769]]></description>
<Point>
<coordinates>13.57705983,-15.95576919,0</coordinates>
</Point>
</Placemark>
<Placemark>
<name>Cinza | ROCK</name>
<styleUrl>#style_Cinza</styleUrl>
<description><![CDATA[<b>ID:</b> CTRL_NV_0133<br/><b>Classificação:</b> NÃO VERMELHO – controle cartográfico<br/><b>Classe WRB:</b> ROCK<br/><b>Código de solo:</b> RO<br/><b>Província:</b> 25<br/><b>Cor cartográfica do ponto:</b> Cinza<br/><b>Fonte:</b> Derivado da camada Solos_Angola; posição sistemática nova; fora da mancha vermelha<br/><b>Longitude:</b> 13.577060<br/><b>Latitude:</b> -15.792944]]></description>
<Point>
<coordinates>13.57705983,-15.79294398,0</coordinates>
</Point>
</Placemark>
<Placemark>
<name>Cinza | ROCK</name>
<styleUrl>#style_Cinza</styleUrl>
<description><![CDATA[<b>ID:</b> CTRL_NV_0134<br/><b>Classificação:</b> NÃO VERMELHO – controle cartográfico<br/><b>Classe WRB:</b> ROCK<br/><b>Código de solo:</b> RO<br/><b>Província:</b> 25<br/><b>Cor cartográfica do ponto:</b> Cinza<br/><b>Fonte:</b> Derivado da camada Solos_Angola; posição sistemática nova; fora da mancha vermelha<br/><b>Longitude:</b> 13.577060<br/><b>Latitude:</b> -15.630246]]></description>
<Point>
<coordinates>13.57705983,-15.63024630,0</coordinates>
</Point>
</Placemark>
<Placemark>
<name>Cinza | ROCK</name>
<styleUrl>#style_Cinza</styleUrl>
<description><![CDATA[<b>ID:</b> CTRL_NV_0135<br/><b>Classificação:</b> NÃO VERMELHO – controle cartográfico<br/><b>Classe WRB:</b> ROCK<br/><b>Código de solo:</b> RO<br/><b>Província:</b> 25<br/><b>Cor cartográfica do ponto:</b> Cinza<br/><b>Fonte:</b> Derivado da camada Solos_Angola; posição sistemática nova; fora da mancha vermelha<br/><b>Longitude:</b> 13.577060<br/><b>Latitude:</b> -15.467675]]></description>
<Point>
<coordinates>13.57705983,-15.46767457,0</coordinates>
</Point>
</Placemark>
<Placemark>
<name>Cinza | ROCK</name>
<styleUrl>#style_Cinza</styleUrl>
<description><![CDATA[<b>ID:</b> CTRL_NV_0136<br/><b>Classificação:</b> NÃO VERMELHO – controle cartográfico<br/><b>Classe WRB:</b> ROCK<br/><b>Código de solo:</b> RO<br/><b>Província:</b> 25<br/><b>Cor cartográfica do ponto:</b> Cinza<br/><b>Fonte:</b> Derivado da camada Solos_Angola; posição sistemática nova; fora da mancha vermelha<br/><b>Longitude:</b> 13.577060<br/><b>Latitude:</b> -15.305227]]></description>
<Point>
<coordinates>13.57705983,-15.30522721,0</coordinates>
</Point>
</Placemark>
<Placemark>
<name>Amarelo | Dystric Arenosols</name>
<styleUrl>#style_Amarelo</styleUrl>
<description><![CDATA[<b>ID:</b> CTRL_NV_0137<br/><b>Classificação:</b> NÃO VERMELHO – controle cartográfico<br/><b>Classe WRB:</b> Dystric Arenosols<br/><b>Código de solo:</b> ARb<br/><b>Província:</b> 25<br/><b>Cor cartográfica do ponto:</b> Amarelo<br/><b>Fonte:</b> Derivado da camada Solos_Angola; posição sistemática nova; fora da mancha vermelha<br/><b>Longitude:</b> 13.577060<br/><b>Latitude:</b> -15.142903]]></description>
<Point>
<coordinates>13.57705983,-15.14290266,0</coordinates>
</Point>
</Placemark>
<Placemark>
<name>Cinza | Lithic Leptosols</name>
<styleUrl>#style_Cinza</styleUrl>
<description><![CDATA[<b>ID:</b> CTRL_NV_0138<br/><b>Classificação:</b> NÃO VERMELHO – controle cartográfico<br/><b>Classe WRB:</b> Lithic Leptosols<br/><b>Código de solo:</b> LPq<br/><b>Província:</b> 24<br/><b>Cor cartográfica do ponto:</b> Cinza<br/><b>Fonte:</b> Derivado da camada Solos_Angola; posição sistemática nova; fora da mancha vermelha<br/><b>Longitude:</b> 13.577060<br/><b>Latitude:</b> -14.656650]]></description>
<Point>
<coordinates>13.57705983,-14.65665041,0</coordinates>
</Point>
</Placemark>
<Placemark>
<name>Verde | Eutric Cambisols</name>
<styleUrl>#style_Verde</styleUrl>
<description><![CDATA[<b>ID:</b> CTRL_NV_0139<br/><b>Classificação:</b> NÃO VERMELHO – controle cartográfico<br/><b>Classe WRB:</b> Eutric Cambisols<br/><b>Código de solo:</b> CMe<br/><b>Província:</b> 24<br/><b>Cor cartográfica do ponto:</b> Verde<br/><b>Fonte:</b> Derivado da camada Solos_Angola; posição sistemática nova; fora da mancha vermelha<br/><b>Longitude:</b> 13.577060<br/><b>Latitude:</b> -14.494802]]></description>
<Point>
<coordinates>13.57705983,-14.49480167,0</coordinates>
</Point>
</Placemark>
<Placemark>
<name>Verde | Eutric Cambisols</name>
<styleUrl>#style_Verde</styleUrl>
<description><![CDATA[<b>ID:</b> CTRL_NV_0140<br/><b>Classificação:</b> NÃO VERMELHO – controle cartográfico<br/><b>Classe WRB:</b> Eutric Cambisols<br/><b>Código de solo:</b> CMe<br/><b>Província:</b> 24<br/><b>Cor cartográfica do ponto:</b> Verde<br/><b>Fonte:</b> Derivado da camada Solos_Angola; posição sistemática nova; fora da mancha vermelha<br/><b>Longitude:</b> 13.577060<br/><b>Latitude:</b> -14.333068]]></description>
<Point>
<coordinates>13.57705983,-14.33306808,0</coordinates>
</Point>
</Placemark>
<Placemark>
<name>Cinza | Lithic Leptosols</name>
<styleUrl>#style_Cinza</styleUrl>
<description><![CDATA[<b>ID:</b> CTRL_NV_0141<br/><b>Classificação:</b> NÃO VERMELHO – controle cartográfico<br/><b>Classe WRB:</b> Lithic Leptosols<br/><b>Código de solo:</b> LPq<br/><b>Província:</b> 23<br/><b>Cor cartográfica do ponto:</b> Cinza<br/><b>Fonte:</b> Derivado da camada Solos_Angola; posição sistemática nova; fora da mancha vermelha<br/><b>Longitude:</b> 13.577060<br/><b>Latitude:</b> -12.721738]]></description>
<Point>
<coordinates>13.57705983,-12.72173821,0</coordinates>
</Point>
</Placemark>
<Placemark>
<name>Cinza | Eutric Leptosols</name>
<styleUrl>#style_Cinza</styleUrl>
<description><![CDATA[<b>ID:</b> CTRL_NV_0142<br/><b>Classificação:</b> NÃO VERMELHO – controle cartográfico<br/><b>Classe WRB:</b> Eutric Leptosols<br/><b>Código de solo:</b> LPe<br/><b>Província:</b> 23<br/><b>Cor cartográfica do ponto:</b> Cinza<br/><b>Fonte:</b> Derivado da camada Solos_Angola; posição sistemática nova; fora da mancha vermelha<br/><b>Longitude:</b> 13.577060<br/><b>Latitude:</b> -12.561174]]></description>
<Point>
<coordinates>13.57705983,-12.56117375,0</coordinates>
</Point>
</Placemark>
<Placemark>
<name>Cinza | Eutric Leptosols</name>
<styleUrl>#style_Cinza</styleUrl>
<description><![CDATA[<b>ID:</b> CTRL_NV_0143<br/><b>Classificação:</b> NÃO VERMELHO – controle cartográfico<br/><b>Classe WRB:</b> Eutric Leptosols<br/><b>Código de solo:</b> LPe<br/><b>Província:</b> 23<br/><b>Cor cartográfica do ponto:</b> Cinza<br/><b>Fonte:</b> Derivado da camada Solos_Angola; posição sistemática nova; fora da mancha vermelha<br/><b>Longitude:</b> 13.577060<br/><b>Latitude:</b> -12.400707]]></description>
<Point>
<coordinates>13.57705983,-12.40070693,0</coordinates>
</Point>
</Placemark>
<Placemark>
<name>Cinza | ROCK</name>
<styleUrl>#style_Cinza</styleUrl>
<description><![CDATA[<b>ID:</b> CTRL_NV_0144<br/><b>Classificação:</b> NÃO VERMELHO – controle cartográfico<br/><b>Classe WRB:</b> ROCK<br/><b>Código de solo:</b> RO<br/><b>Província:</b> 26<br/><b>Cor cartográfica do ponto:</b> Cinza<br/><b>Fonte:</b> Derivado da camada Solos_Angola; posição sistemática nova; fora da mancha vermelha<br/><b>Longitude:</b> 13.784343<br/><b>Latitude:</b> -17.263155]]></description>
<Point>
<coordinates>13.78434319,-17.26315545,0</coordinates>
</Point>
</Placemark>
<Placemark>
<name>Cinza | ROCK</name>
<styleUrl>#style_Cinza</styleUrl>
<description><![CDATA[<b>ID:</b> CTRL_NV_0145<br/><b>Classificação:</b> NÃO VERMELHO – controle cartográfico<br/><b>Classe WRB:</b> ROCK<br/><b>Código de solo:</b> RO<br/><b>Província:</b> 26<br/><b>Cor cartográfica do ponto:</b> Cinza<br/><b>Fonte:</b> Derivado da camada Solos_Angola; posição sistemática nova; fora da mancha vermelha<br/><b>Longitude:</b> 13.784343<br/><b>Latitude:</b> -17.099252]]></description>
<Point>
<coordinates>13.78434319,-17.09925172,0</coordinates>
</Point>
</Placemark>
<Placemark>
<name>Cinza | ROCK</name>
<styleUrl>#style_Cinza</styleUrl>
<description><![CDATA[<b>ID:</b> CTRL_NV_0146<br/><b>Classificação:</b> NÃO VERMELHO – controle cartográfico<br/><b>Classe WRB:</b> ROCK<br/><b>Código de solo:</b> RO<br/><b>Província:</b> 26<br/><b>Cor cartográfica do ponto:</b> Cinza<br/><b>Fonte:</b> Derivado da camada Solos_Angola; posição sistemática nova; fora da mancha vermelha<br/><b>Longitude:</b> 13.784343<br/><b>Latitude:</b> -16.935489]]></description>
<Point>
<coordinates>13.78434319,-16.93548857,0</coordinates>
</Point>
</Placemark>
<Placemark>
<name>Cinza | ROCK</name>
<styleUrl>#style_Cinza</styleUrl>
<description><![CDATA[<b>ID:</b> CTRL_NV_0147<br/><b>Classificação:</b> NÃO VERMELHO – controle cartográfico<br/><b>Classe WRB:</b> ROCK<br/><b>Código de solo:</b> RO<br/><b>Província:</b> 26<br/><b>Cor cartográfica do ponto:</b> Cinza<br/><b>Fonte:</b> Derivado da camada Solos_Angola; posição sistemática nova; fora da mancha vermelha<br/><b>Longitude:</b> 13.784343<br/><b>Latitude:</b> -16.771864]]></description>
<Point>
<coordinates>13.78434319,-16.77186434,0</coordinates>
</Point>
</Placemark>
<Placemark>
<name>Cinza | ROCK</name>
<styleUrl>#style_Cinza</styleUrl>
<description><![CDATA[<b>ID:</b> CTRL_NV_0148<br/><b>Classificação:</b> NÃO VERMELHO – controle cartográfico<br/><b>Classe WRB:</b> ROCK<br/><b>Código de solo:</b> RO<br/><b>Província:</b> 26<br/><b>Cor cartográfica do ponto:</b> Cinza<br/><b>Fonte:</b> Derivado da camada Solos_Angola; posição sistemática nova; fora da mancha vermelha<br/><b>Longitude:</b> 13.784343<br/><b>Latitude:</b> -16.608377]]></description>
<Point>
<coordinates>13.78434319,-16.60837736,0</coordinates>
</Point>
</Placemark>
<Placemark>
<name>Roxo | Pelli-Calcic Vertisols</name>
<styleUrl>#style_Roxo</styleUrl>
<description><![CDATA[<b>ID:</b> CTRL_NV_0149<br/><b>Classificação:</b> NÃO VERMELHO – controle cartográfico<br/><b>Classe WRB:</b> Pelli-Calcic Vertisols<br/><b>Código de solo:</b> VRk<br/><b>Província:</b> 26<br/><b>Cor cartográfica do ponto:</b> Roxo<br/><b>Fonte:</b> Derivado da camada Solos_Angola; posição sistemática nova; fora da mancha vermelha<br/><b>Longitude:</b> 13.784343<br/><b>Latitude:</b> -16.445026]]></description>
<Point>
<coordinates>13.78434319,-16.44502599,0</coordinates>
</Point>
</Placemark>
<Placemark>
<name>Roxo | Pelli-Calcic Vertisols</name>
<styleUrl>#style_Roxo</styleUrl>
<description><![CDATA[<b>ID:</b> CTRL_NV_0150<br/><b>Classificação:</b> NÃO VERMELHO – controle cartográfico<br/><b>Classe WRB:</b> Pelli-Calcic Vertisols<br/><b>Código de solo:</b> VRk<br/><b>Província:</b> 25<br/><b>Cor cartográfica do ponto:</b> Roxo<br/><b>Fonte:</b> Derivado da camada Solos_Angola; posição sistemática nova; fora da mancha vermelha<br/><b>Longitude:</b> 13.784343<br/><b>Latitude:</b> -16.281809]]></description>
<Point>
<coordinates>13.78434319,-16.28180859,0</coordinates>
</Point>
</Placemark>
<Placemark>
<name>Cinza | Lithic Leptosols</name>
<styleUrl>#style_Cinza</styleUrl>
<description><![CDATA[<b>ID:</b> CTRL_NV_0151<br/><b>Classificação:</b> NÃO VERMELHO – controle cartográfico<br/><b>Classe WRB:</b> Lithic Leptosols<br/><b>Código de solo:</b> LPq<br/><b>Província:</b> 25<br/><b>Cor cartográfica do ponto:</b> Cinza<br/><b>Fonte:</b> Derivado da camada Solos_Angola; posição sistemática nova; fora da mancha vermelha<br/><b>Longitude:</b> 13.784343<br/><b>Latitude:</b> -16.118724]]></description>
<Point>
<coordinates>13.78434319,-16.11872353,0</coordinates>
</Point>
</Placemark>
<Placemark>
<name>Roxo | Pelli-Calcic Vertisols</name>
<styleUrl>#style_Roxo</styleUrl>
<description><![CDATA[<b>ID:</b> CTRL_NV_0152<br/><b>Classificação:</b> NÃO VERMELHO – controle cartográfico<br/><b>Classe WRB:</b> Pelli-Calcic Vertisols<br/><b>Código de solo:</b> VRk<br/><b>Província:</b> 25<br/><b>Cor cartográfica do ponto:</b> Roxo<br/><b>Fonte:</b> Derivado da camada Solos_Angola; posição sistemática nova; fora da mancha vermelha<br/><b>Longitude:</b> 13.784343<br/><b>Latitude:</b> -15.955769]]></description>
<Point>
<coordinates>13.78434319,-15.95576919,0</coordinates>
</Point>
</Placemark>
<Placemark>
<name>Cinza | ROCK</name>
<styleUrl>#style_Cinza</styleUrl>
<description><![CDATA[<b>ID:</b> CTRL_NV_0153<br/><b>Classificação:</b> NÃO VERMELHO – controle cartográfico<br/><b>Classe WRB:</b> ROCK<br/><b>Código de solo:</b> RO<br/><b>Província:</b> 25<br/><b>Cor cartográfica do ponto:</b> Cinza<br/><b>Fonte:</b> Derivado da camada Solos_Angola; posição sistemática nova; fora da mancha vermelha<br/><b>Longitude:</b> 13.784343<br/><b>Latitude:</b> -15.792944]]></description>
<Point>
<coordinates>13.78434319,-15.79294398,0</coordinates>
</Point>
</Placemark>
<Placemark>
<name>Roxo | Pelli-Calcic Vertisols</name>
<styleUrl>#style_Roxo</styleUrl>
<description><![CDATA[<b>ID:</b> CTRL_NV_0154<br/><b>Classificação:</b> NÃO VERMELHO – controle cartográfico<br/><b>Classe WRB:</b> Pelli-Calcic Vertisols<br/><b>Código de solo:</b> VRk<br/><b>Província:</b> 25<br/><b>Cor cartográfica do ponto:</b> Roxo<br/><b>Fonte:</b> Derivado da camada Solos_Angola; posição sistemática nova; fora da mancha vermelha<br/><b>Longitude:</b> 13.784343<br/><b>Latitude:</b> -15.630246]]></description>
<Point>
<coordinates>13.78434319,-15.63024630,0</coordinates>
</Point>
</Placemark>
<Placemark>
<name>Roxo | Pelli-Calcic Vertisols</name>
<styleUrl>#style_Roxo</styleUrl>
<description><![CDATA[<b>ID:</b> CTRL_NV_0155<br/><b>Classificação:</b> NÃO VERMELHO – controle cartográfico<br/><b>Classe WRB:</b> Pelli-Calcic Vertisols<br/><b>Código de solo:</b> VRk<br/><b>Província:</b> 25<br/><b>Cor cartográfica do ponto:</b> Roxo<br/><b>Fonte:</b> Derivado da camada Solos_Angola; posição sistemática nova; fora da mancha vermelha<br/><b>Longitude:</b> 13.784343<br/><b>Latitude:</b> -15.467675]]></description>
<Point>
<coordinates>13.78434319,-15.46767457,0</coordinates>
</Point>
</Placemark>
<Placemark>
<name>Amarelo | Dystric Arenosols</name>
<styleUrl>#style_Amarelo</styleUrl>
<description><![CDATA[<b>ID:</b> CTRL_NV_0156<br/><b>Classificação:</b> NÃO VERMELHO – controle cartográfico<br/><b>Classe WRB:</b> Dystric Arenosols<br/><b>Código de solo:</b> ARb<br/><b>Província:</b> 25<br/><b>Cor cartográfica do ponto:</b> Amarelo<br/><b>Fonte:</b> Derivado da camada Solos_Angola; posição sistemática nova; fora da mancha vermelha<br/><b>Longitude:</b> 13.784343<br/><b>Latitude:</b> -15.305227]]></description>
<Point>
<coordinates>13.78434319,-15.30522721,0</coordinates>
</Point>
</Placemark>
<Placemark>
<name>Amarelo | Dystric Arenosols</name>
<styleUrl>#style_Amarelo</styleUrl>
<description><![CDATA[<b>ID:</b> CTRL_NV_0157<br/><b>Classificação:</b> NÃO VERMELHO – controle cartográfico<br/><b>Classe WRB:</b> Dystric Arenosols<br/><b>Código de solo:</b> ARb<br/><b>Província:</b> 25<br/><b>Cor cartográfica do ponto:</b> Amarelo<br/><b>Fonte:</b> Derivado da camada Solos_Angola; posição sistemática nova; fora da mancha vermelha<br/><b>Longitude:</b> 13.784343<br/><b>Latitude:</b> -15.142903]]></description>
<Point>
<coordinates>13.78434319,-15.14290266,0</coordinates>
</Point>
</Placemark>
<Placemark>
<name>Cinza | Lithic Leptosols</name>
<styleUrl>#style_Cinza</styleUrl>
<description><![CDATA[<b>ID:</b> CTRL_NV_0158<br/><b>Classificação:</b> NÃO VERMELHO – controle cartográfico<br/><b>Classe WRB:</b> Lithic Leptosols<br/><b>Código de solo:</b> LPq<br/><b>Província:</b> 25<br/><b>Cor cartográfica do ponto:</b> Cinza<br/><b>Fonte:</b> Derivado da camada Solos_Angola; posição sistemática nova; fora da mancha vermelha<br/><b>Longitude:</b> 13.784343<br/><b>Latitude:</b> -14.494802]]></description>
<Point>
<coordinates>13.78434319,-14.49480167,0</coordinates>
</Point>
</Placemark>
<Placemark>
<name>Cinza | Lithic Leptosols</name>
<styleUrl>#style_Cinza</styleUrl>
<description><![CDATA[<b>ID:</b> CTRL_NV_0159<br/><b>Classificação:</b> NÃO VERMELHO – controle cartográfico<br/><b>Classe WRB:</b> Lithic Leptosols<br/><b>Código de solo:</b> LPq<br/><b>Província:</b> 23<br/><b>Cor cartográfica do ponto:</b> Cinza<br/><b>Fonte:</b> Derivado da camada Solos_Angola; posição sistemática nova; fora da mancha vermelha<br/><b>Longitude:</b> 13.784343<br/><b>Latitude:</b> -13.204032]]></description>
<Point>
<coordinates>13.78434319,-13.20403162,0</coordinates>
</Point>
</Placemark>
<Placemark>
<name>Cinza | Eutric Leptosols</name>
<styleUrl>#style_Cinza</styleUrl>
<description><![CDATA[<b>ID:</b> CTRL_NV_0160<br/><b>Classificação:</b> NÃO VERMELHO – controle cartográfico<br/><b>Classe WRB:</b> Eutric Leptosols<br/><b>Código de solo:</b> LPe<br/><b>Província:</b> 23<br/><b>Cor cartográfica do ponto:</b> Cinza<br/><b>Fonte:</b> Derivado da camada Solos_Angola; posição sistemática nova; fora da mancha vermelha<br/><b>Longitude:</b> 13.784343<br/><b>Latitude:</b> -12.561174]]></description>
<Point>
<coordinates>13.78434319,-12.56117375,0</coordinates>
</Point>
</Placemark>
<Placemark>
<name>Cinza | Eutric Leptosols</name>
<styleUrl>#style_Cinza</styleUrl>
<description><![CDATA[<b>ID:</b> CTRL_NV_0161<br/><b>Classificação:</b> NÃO VERMELHO – controle cartográfico<br/><b>Classe WRB:</b> Eutric Leptosols<br/><b>Código de solo:</b> LPe<br/><b>Província:</b> 23<br/><b>Cor cartográfica do ponto:</b> Cinza<br/><b>Fonte:</b> Derivado da camada Solos_Angola; posição sistemática nova; fora da mancha vermelha<br/><b>Longitude:</b> 13.784343<br/><b>Latitude:</b> -12.400707]]></description>
<Point>
<coordinates>13.78434319,-12.40070693,0</coordinates>
</Point>
</Placemark>
<Placemark>
<name>Cinza | Lithic Leptosols</name>
<styleUrl>#style_Cinza</styleUrl>
<description><![CDATA[<b>ID:</b> CTRL_NV_0162<br/><b>Classificação:</b> NÃO VERMELHO – controle cartográfico<br/><b>Classe WRB:</b> Lithic Leptosols<br/><b>Código de solo:</b> LPq<br/><b>Província:</b> 23<br/><b>Cor cartográfica do ponto:</b> Cinza<br/><b>Fonte:</b> Derivado da camada Solos_Angola; posição sistemática nova; fora da mancha vermelha<br/><b>Longitude:</b> 13.784343<br/><b>Latitude:</b> -12.240336]]></description>
<Point>
<coordinates>13.78434319,-12.24033634,0</coordinates>
</Point>
</Placemark>
<Placemark>
<name>Bege | Petric Calcisols</name>
<styleUrl>#style_Bege</styleUrl>
<description><![CDATA[<b>ID:</b> CTRL_NV_0163<br/><b>Classificação:</b> NÃO VERMELHO – controle cartográfico<br/><b>Classe WRB:</b> Petric Calcisols<br/><b>Código de solo:</b> CLp<br/><b>Província:</b> 23<br/><b>Cor cartográfica do ponto:</b> Bege<br/><b>Fonte:</b> Derivado da camada Solos_Angola; posição sistemática nova; fora da mancha vermelha<br/><b>Longitude:</b> 13.784343<br/><b>Latitude:</b> -11.919878]]></description>
<Point>
<coordinates>13.78434319,-11.91987828,0</coordinates>
</Point>
</Placemark>
<Placemark>
<name>Bege | Petric Calcisols</name>
<styleUrl>#style_Bege</styleUrl>
<description><![CDATA[<b>ID:</b> CTRL_NV_0164<br/><b>Classificação:</b> NÃO VERMELHO – controle cartográfico<br/><b>Classe WRB:</b> Petric Calcisols<br/><b>Código de solo:</b> CLp<br/><b>Província:</b> 16<br/><b>Cor cartográfica do ponto:</b> Bege<br/><b>Fonte:</b> Derivado da camada Solos_Angola; posição sistemática nova; fora da mancha vermelha<br/><b>Longitude:</b> 13.784343<br/><b>Latitude:</b> -11.599788]]></description>
<Point>
<coordinates>13.78434319,-11.59978845,0</coordinates>
</Point>
</Placemark>
<Placemark>
<name>Verde | Eutric Cambisols</name>
<styleUrl>#style_Verde</styleUrl>
<description><![CDATA[<b>ID:</b> CTRL_NV_0165<br/><b>Classificação:</b> NÃO VERMELHO – controle cartográfico<br/><b>Classe WRB:</b> Eutric Cambisols<br/><b>Código de solo:</b> CMe<br/><b>Província:</b> 13<br/><b>Cor cartográfica do ponto:</b> Verde<br/><b>Fonte:</b> Derivado da camada Solos_Angola; posição sistemática nova; fora da mancha vermelha<br/><b>Longitude:</b> 13.784343<br/><b>Latitude:</b> -8.733769]]></description>
<Point>
<coordinates>13.78434319,-8.73376907,0</coordinates>
</Point>
</Placemark>
<Placemark>
<name>Cinza | ROCK</name>
<styleUrl>#style_Cinza</styleUrl>
<description><![CDATA[<b>ID:</b> CTRL_NV_0166<br/><b>Classificação:</b> NÃO VERMELHO – controle cartográfico<br/><b>Classe WRB:</b> ROCK<br/><b>Código de solo:</b> RO<br/><b>Província:</b> 26<br/><b>Cor cartográfica do ponto:</b> Cinza<br/><b>Fonte:</b> Derivado da camada Solos_Angola; posição sistemática nova; fora da mancha vermelha<br/><b>Longitude:</b> 13.991627<br/><b>Latitude:</b> -17.427201]]></description>
<Point>
<coordinates>13.99162655,-17.42720146,0</coordinates>
</Point>
</Placemark>
<Placemark>
<name>Cinza | ROCK</name>
<styleUrl>#style_Cinza</styleUrl>
<description><![CDATA[<b>ID:</b> CTRL_NV_0167<br/><b>Classificação:</b> NÃO VERMELHO – controle cartográfico<br/><b>Classe WRB:</b> ROCK<br/><b>Código de solo:</b> RO<br/><b>Província:</b> 26<br/><b>Cor cartográfica do ponto:</b> Cinza<br/><b>Fonte:</b> Derivado da camada Solos_Angola; posição sistemática nova; fora da mancha vermelha<br/><b>Longitude:</b> 13.991627<br/><b>Latitude:</b> -17.263155]]></description>
<Point>
<coordinates>13.99162655,-17.26315545,0</coordinates>
</Point>
</Placemark>
<Placemark>
<name>Cinza | ROCK</name>
<styleUrl>#style_Cinza</styleUrl>
<description><![CDATA[<b>ID:</b> CTRL_NV_0168<br/><b>Classificação:</b> NÃO VERMELHO – controle cartográfico<br/><b>Classe WRB:</b> ROCK<br/><b>Código de solo:</b> RO<br/><b>Província:</b> 26<br/><b>Cor cartográfica do ponto:</b> Cinza<br/><b>Fonte:</b> Derivado da camada Solos_Angola; posição sistemática nova; fora da mancha vermelha<br/><b>Longitude:</b> 13.991627<br/><b>Latitude:</b> -17.099252]]></description>
<Point>
<coordinates>13.99162655,-17.09925172,0</coordinates>
</Point>
</Placemark>
<Placemark>
<name>Cinza | ROCK</name>
<styleUrl>#style_Cinza</styleUrl>
<description><![CDATA[<b>ID:</b> CTRL_NV_0169<br/><b>Classificação:</b> NÃO VERMELHO – controle cartográfico<br/><b>Classe WRB:</b> ROCK<br/><b>Código de solo:</b> RO<br/><b>Província:</b> 26<br/><b>Cor cartográfica do ponto:</b> Cinza<br/><b>Fonte:</b> Derivado da camada Solos_Angola; posição sistemática nova; fora da mancha vermelha<br/><b>Longitude:</b> 13.991627<br/><b>Latitude:</b> -16.935489]]></description>
<Point>
<coordinates>13.99162655,-16.93548857,0</coordinates>
</Point>
</Placemark>
<Placemark>
<name>Cinza | ROCK</name>
<styleUrl>#style_Cinza</styleUrl>
<description><![CDATA[<b>ID:</b> CTRL_NV_0170<br/><b>Classificação:</b> NÃO VERMELHO – controle cartográfico<br/><b>Classe WRB:</b> ROCK<br/><b>Código de solo:</b> RO<br/><b>Província:</b> 26<br/><b>Cor cartográfica do ponto:</b> Cinza<br/><b>Fonte:</b> Derivado da camada Solos_Angola; posição sistemática nova; fora da mancha vermelha<br/><b>Longitude:</b> 13.991627<br/><b>Latitude:</b> -16.771864]]></description>
<Point>
<coordinates>13.99162655,-16.77186434,0</coordinates>
</Point>
</Placemark>
<Placemark>
<name>Cinza | ROCK</name>
<styleUrl>#style_Cinza</styleUrl>
<description><![CDATA[<b>ID:</b> CTRL_NV_0171<br/><b>Classificação:</b> NÃO VERMELHO – controle cartográfico<br/><b>Classe WRB:</b> ROCK<br/><b>Código de solo:</b> RO<br/><b>Província:</b> 26<br/><b>Cor cartográfica do ponto:</b> Cinza<br/><b>Fonte:</b> Derivado da camada Solos_Angola; posição sistemática nova; fora da mancha vermelha<br/><b>Longitude:</b> 13.991627<br/><b>Latitude:</b> -16.608377]]></description>
<Point>
<coordinates>13.99162655,-16.60837736,0</coordinates>
</Point>
</Placemark>
<Placemark>
<name>Cinza | Lithic Leptosols</name>
<styleUrl>#style_Cinza</styleUrl>
<description><![CDATA[<b>ID:</b> CTRL_NV_0172<br/><b>Classificação:</b> NÃO VERMELHO – controle cartográfico<br/><b>Classe WRB:</b> Lithic Leptosols<br/><b>Código de solo:</b> LPq<br/><b>Província:</b> 26<br/><b>Cor cartográfica do ponto:</b> Cinza<br/><b>Fonte:</b> Derivado da camada Solos_Angola; posição sistemática nova; fora da mancha vermelha<br/><b>Longitude:</b> 13.991627<br/><b>Latitude:</b> -16.445026]]></description>
<Point>
<coordinates>13.99162655,-16.44502599,0</coordinates>
</Point>
</Placemark>
<Placemark>
<name>Cinza | Lithic Leptosols</name>
<styleUrl>#style_Cinza</styleUrl>
<description><![CDATA[<b>ID:</b> CTRL_NV_0173<br/><b>Classificação:</b> NÃO VERMELHO – controle cartográfico<br/><b>Classe WRB:</b> Lithic Leptosols<br/><b>Código de solo:</b> LPq<br/><b>Província:</b> 26<br/><b>Cor cartográfica do ponto:</b> Cinza<br/><b>Fonte:</b> Derivado da camada Solos_Angola; posição sistemática nova; fora da mancha vermelha<br/><b>Longitude:</b> 13.991627<br/><b>Latitude:</b> -16.281809]]></description>
<Point>
<coordinates>13.99162655,-16.28180859,0</coordinates>
</Point>
</Placemark>
<Placemark>
<name>Cinza | Lithic Leptosols</name>
<styleUrl>#style_Cinza</styleUrl>
<description><![CDATA[<b>ID:</b> CTRL_NV_0174<br/><b>Classificação:</b> NÃO VERMELHO – controle cartográfico<br/><b>Classe WRB:</b> Lithic Leptosols<br/><b>Código de solo:</b> LPq<br/><b>Província:</b> 25<br/><b>Cor cartográfica do ponto:</b> Cinza<br/><b>Fonte:</b> Derivado da camada Solos_Angola; posição sistemática nova; fora da mancha vermelha<br/><b>Longitude:</b> 13.991627<br/><b>Latitude:</b> -16.118724]]></description>
<Point>
<coordinates>13.99162655,-16.11872353,0</coordinates>
</Point>
</Placemark>
<Placemark>
<name>Cinza | Lithic Leptosols</name>
<styleUrl>#style_Cinza</styleUrl>
<description><![CDATA[<b>ID:</b> CTRL_NV_0175<br/><b>Classificação:</b> NÃO VERMELHO – controle cartográfico<br/><b>Classe WRB:</b> Lithic Leptosols<br/><b>Código de solo:</b> LPq<br/><b>Província:</b> 25<br/><b>Cor cartográfica do ponto:</b> Cinza<br/><b>Fonte:</b> Derivado da camada Solos_Angola; posição sistemática nova; fora da mancha vermelha<br/><b>Longitude:</b> 13.991627<br/><b>Latitude:</b> -15.955769]]></description>
<Point>
<coordinates>13.99162655,-15.95576919,0</coordinates>
</Point>
</Placemark>
<Placemark>
<name>Cinza | Lithic Leptosols</name>
<styleUrl>#style_Cinza</styleUrl>
<description><![CDATA[<b>ID:</b> CTRL_NV_0176<br/><b>Classificação:</b> NÃO VERMELHO – controle cartográfico<br/><b>Classe WRB:</b> Lithic Leptosols<br/><b>Código de solo:</b> LPq<br/><b>Província:</b> 25<br/><b>Cor cartográfica do ponto:</b> Cinza<br/><b>Fonte:</b> Derivado da camada Solos_Angola; posição sistemática nova; fora da mancha vermelha<br/><b>Longitude:</b> 13.991627<br/><b>Latitude:</b> -15.792944]]></description>
<Point>
<coordinates>13.99162655,-15.79294398,0</coordinates>
</Point>
</Placemark>
<Placemark>
<name>Roxo | Pelli-Calcic Vertisols</name>
<styleUrl>#style_Roxo</styleUrl>
<description><![CDATA[<b>ID:</b> CTRL_NV_0177<br/><b>Classificação:</b> NÃO VERMELHO – controle cartográfico<br/><b>Classe WRB:</b> Pelli-Calcic Vertisols<br/><b>Código de solo:</b> VRk<br/><b>Província:</b> 25<br/><b>Cor cartográfica do ponto:</b> Roxo<br/><b>Fonte:</b> Derivado da camada Solos_Angola; posição sistemática nova; fora da mancha vermelha<br/><b>Longitude:</b> 13.991627<br/><b>Latitude:</b> -15.630246]]></description>
<Point>
<coordinates>13.99162655,-15.63024630,0</coordinates>
</Point>
</Placemark>
<Placemark>
<name>Roxo | Pelli-Calcic Vertisols</name>
<styleUrl>#style_Roxo</styleUrl>
<description><![CDATA[<b>ID:</b> CTRL_NV_0178<br/><b>Classificação:</b> NÃO VERMELHO – controle cartográfico<br/><b>Classe WRB:</b> Pelli-Calcic Vertisols<br/><b>Código de solo:</b> VRk<br/><b>Província:</b> 25<br/><b>Cor cartográfica do ponto:</b> Roxo<br/><b>Fonte:</b> Derivado da camada Solos_Angola; posição sistemática nova; fora da mancha vermelha<br/><b>Longitude:</b> 13.991627<br/><b>Latitude:</b> -15.467675]]></description>
<Point>
<coordinates>13.99162655,-15.46767457,0</coordinates>
</Point>
</Placemark>
<Placemark>
<name>Cinza | Lithic Leptosols</name>
<styleUrl>#style_Cinza</styleUrl>
<description><![CDATA[<b>ID:</b> CTRL_NV_0179<br/><b>Classificação:</b> NÃO VERMELHO – controle cartográfico<br/><b>Classe WRB:</b> Lithic Leptosols<br/><b>Código de solo:</b> LPq<br/><b>Província:</b> 25<br/><b>Cor cartográfica do ponto:</b> Cinza<br/><b>Fonte:</b> Derivado da camada Solos_Angola; posição sistemática nova; fora da mancha vermelha<br/><b>Longitude:</b> 13.991627<br/><b>Latitude:</b> -14.494802]]></description>
<Point>
<coordinates>13.99162655,-14.49480167,0</coordinates>
</Point>
</Placemark>
<Placemark>
<name>Cinza | Lithic Leptosols</name>
<styleUrl>#style_Cinza</styleUrl>
<description><![CDATA[<b>ID:</b> CTRL_NV_0180<br/><b>Classificação:</b> NÃO VERMELHO – controle cartográfico<br/><b>Classe WRB:</b> Lithic Leptosols<br/><b>Código de solo:</b> LPq<br/><b>Província:</b> 23<br/><b>Cor cartográfica do ponto:</b> Cinza<br/><b>Fonte:</b> Derivado da camada Solos_Angola; posição sistemática nova; fora da mancha vermelha<br/><b>Longitude:</b> 13.991627<br/><b>Latitude:</b> -13.526075]]></description>
<Point>
<coordinates>13.99162655,-13.52607490,0</coordinates>
</Point>
</Placemark>
<Placemark>
<name>Cinza | Lithic Leptosols</name>
<styleUrl>#style_Cinza</styleUrl>
<description><![CDATA[<b>ID:</b> CTRL_NV_0181<br/><b>Classificação:</b> NÃO VERMELHO – controle cartográfico<br/><b>Classe WRB:</b> Lithic Leptosols<br/><b>Código de solo:</b> LPq<br/><b>Província:</b> 23<br/><b>Cor cartográfica do ponto:</b> Cinza<br/><b>Fonte:</b> Derivado da camada Solos_Angola; posição sistemática nova; fora da mancha vermelha<br/><b>Longitude:</b> 13.991627<br/><b>Latitude:</b> -13.365001]]></description>
<Point>
<coordinates>13.99162655,-13.36500086,0</coordinates>
</Point>
</Placemark>
<Placemark>
<name>Cinza | Lithic Leptosols</name>
<styleUrl>#style_Cinza</styleUrl>
<description><![CDATA[<b>ID:</b> CTRL_NV_0182<br/><b>Classificação:</b> NÃO VERMELHO – controle cartográfico<br/><b>Classe WRB:</b> Lithic Leptosols<br/><b>Código de solo:</b> LPq<br/><b>Província:</b> 23<br/><b>Cor cartográfica do ponto:</b> Cinza<br/><b>Fonte:</b> Derivado da camada Solos_Angola; posição sistemática nova; fora da mancha vermelha<br/><b>Longitude:</b> 13.991627<br/><b>Latitude:</b> -12.561174]]></description>
<Point>
<coordinates>13.99162655,-12.56117375,0</coordinates>
</Point>
</Placemark>
<Placemark>
<name>Cinza | Eutric Leptosols</name>
<styleUrl>#style_Cinza</styleUrl>
<description><![CDATA[<b>ID:</b> CTRL_NV_0183<br/><b>Classificação:</b> NÃO VERMELHO – controle cartográfico<br/><b>Classe WRB:</b> Eutric Leptosols<br/><b>Código de solo:</b> LPe<br/><b>Província:</b> 23<br/><b>Cor cartográfica do ponto:</b> Cinza<br/><b>Fonte:</b> Derivado da camada Solos_Angola; posição sistemática nova; fora da mancha vermelha<br/><b>Longitude:</b> 13.991627<br/><b>Latitude:</b> -12.080061]]></description>
<Point>
<coordinates>13.99162655,-12.08006059,0</coordinates>
</Point>
</Placemark>
<Placemark>
<name>Verde | Eutric Cambisols</name>
<styleUrl>#style_Verde</styleUrl>
<description><![CDATA[<b>ID:</b> CTRL_NV_0184<br/><b>Classificação:</b> NÃO VERMELHO – controle cartográfico<br/><b>Classe WRB:</b> Eutric Cambisols<br/><b>Código de solo:</b> CMe<br/><b>Província:</b> 28<br/><b>Cor cartográfica do ponto:</b> Verde<br/><b>Fonte:</b> Derivado da camada Solos_Angola; posição sistemática nova; fora da mancha vermelha<br/><b>Longitude:</b> 13.991627<br/><b>Latitude:</b> -9.051028]]></description>
<Point>
<coordinates>13.99162655,-9.05102775,0</coordinates>
</Point>
</Placemark>
<Placemark>
<name>Verde | Eutric Cambisols</name>
<styleUrl>#style_Verde</styleUrl>
<description><![CDATA[<b>ID:</b> CTRL_NV_0185<br/><b>Classificação:</b> NÃO VERMELHO – controle cartográfico<br/><b>Classe WRB:</b> Eutric Cambisols<br/><b>Código de solo:</b> CMe<br/><b>Província:</b> 13<br/><b>Cor cartográfica do ponto:</b> Verde<br/><b>Fonte:</b> Derivado da camada Solos_Angola; posição sistemática nova; fora da mancha vermelha<br/><b>Longitude:</b> 13.991627<br/><b>Latitude:</b> -8.892365]]></description>
<Point>
<coordinates>13.99162655,-8.89236495,0</coordinates>
</Point>
</Placemark>
<Placemark>
<name>Cinza | ROCK</name>
<styleUrl>#style_Cinza</styleUrl>
<description><![CDATA[<b>ID:</b> CTRL_NV_0186<br/><b>Classificação:</b> NÃO VERMELHO – controle cartográfico<br/><b>Classe WRB:</b> ROCK<br/><b>Código de solo:</b> RO<br/><b>Província:</b> 26<br/><b>Cor cartográfica do ponto:</b> Cinza<br/><b>Fonte:</b> Derivado da camada Solos_Angola; posição sistemática nova; fora da mancha vermelha<br/><b>Longitude:</b> 14.198910<br/><b>Latitude:</b> -17.263155]]></description>
<Point>
<coordinates>14.19890990,-17.26315545,0</coordinates>
</Point>
</Placemark>
<Placemark>
<name>Cinza | ROCK</name>
<styleUrl>#style_Cinza</styleUrl>
<description><![CDATA[<b>ID:</b> CTRL_NV_0187<br/><b>Classificação:</b> NÃO VERMELHO – controle cartográfico<br/><b>Classe WRB:</b> ROCK<br/><b>Código de solo:</b> RO<br/><b>Província:</b> 26<br/><b>Cor cartográfica do ponto:</b> Cinza<br/><b>Fonte:</b> Derivado da camada Solos_Angola; posição sistemática nova; fora da mancha vermelha<br/><b>Longitude:</b> 14.198910<br/><b>Latitude:</b> -17.099252]]></description>
<Point>
<coordinates>14.19890990,-17.09925172,0</coordinates>
</Point>
</Placemark>
<Placemark>
<name>Cinza | ROCK</name>
<styleUrl>#style_Cinza</styleUrl>
<description><![CDATA[<b>ID:</b> CTRL_NV_0188<br/><b>Classificação:</b> NÃO VERMELHO – controle cartográfico<br/><b>Classe WRB:</b> ROCK<br/><b>Código de solo:</b> RO<br/><b>Província:</b> 26<br/><b>Cor cartográfica do ponto:</b> Cinza<br/><b>Fonte:</b> Derivado da camada Solos_Angola; posição sistemática nova; fora da mancha vermelha<br/><b>Longitude:</b> 14.198910<br/><b>Latitude:</b> -16.935489]]></description>
<Point>
<coordinates>14.19890990,-16.93548857,0</coordinates>
</Point>
</Placemark>
<Placemark>
<name>Cinza | ROCK</name>
<styleUrl>#style_Cinza</styleUrl>
<description><![CDATA[<b>ID:</b> CTRL_NV_0189<br/><b>Classificação:</b> NÃO VERMELHO – controle cartográfico<br/><b>Classe WRB:</b> ROCK<br/><b>Código de solo:</b> RO<br/><b>Província:</b> 26<br/><b>Cor cartográfica do ponto:</b> Cinza<br/><b>Fonte:</b> Derivado da camada Solos_Angola; posição sistemática nova; fora da mancha vermelha<br/><b>Longitude:</b> 14.198910<br/><b>Latitude:</b> -16.771864]]></description>
<Point>
<coordinates>14.19890990,-16.77186434,0</coordinates>
</Point>
</Placemark>
<Placemark>
<name>Roxo | Calcic Vertisols</name>
<styleUrl>#style_Roxo</styleUrl>
<description><![CDATA[<b>ID:</b> CTRL_NV_0190<br/><b>Classificação:</b> NÃO VERMELHO – controle cartográfico<br/><b>Classe WRB:</b> Calcic Vertisols<br/><b>Código de solo:</b> VRk<br/><b>Província:</b> 26<br/><b>Cor cartográfica do ponto:</b> Roxo<br/><b>Fonte:</b> Derivado da camada Solos_Angola; posição sistemática nova; fora da mancha vermelha<br/><b>Longitude:</b> 14.198910<br/><b>Latitude:</b> -16.608377]]></description>
<Point>
<coordinates>14.19890990,-16.60837736,0</coordinates>
</Point>
</Placemark>
<Placemark>
<name>Roxo | Calcic Vertisols</name>
<styleUrl>#style_Roxo</styleUrl>
<description><![CDATA[<b>ID:</b> CTRL_NV_0191<br/><b>Classificação:</b> NÃO VERMELHO – controle cartográfico<br/><b>Classe WRB:</b> Calcic Vertisols<br/><b>Código de solo:</b> VRk<br/><b>Província:</b> 26<br/><b>Cor cartográfica do ponto:</b> Roxo<br/><b>Fonte:</b> Derivado da camada Solos_Angola; posição sistemática nova; fora da mancha vermelha<br/><b>Longitude:</b> 14.198910<br/><b>Latitude:</b> -16.445026]]></description>
<Point>
<coordinates>14.19890990,-16.44502599,0</coordinates>
</Point>
</Placemark>
<Placemark>
<name>Roxo | Pelli-Calcic Vertisols</name>
<styleUrl>#style_Roxo</styleUrl>
<description><![CDATA[<b>ID:</b> CTRL_NV_0192<br/><b>Classificação:</b> NÃO VERMELHO – controle cartográfico<br/><b>Classe WRB:</b> Pelli-Calcic Vertisols<br/><b>Código de solo:</b> VRk<br/><b>Província:</b> 26<br/><b>Cor cartográfica do ponto:</b> Roxo<br/><b>Fonte:</b> Derivado da camada Solos_Angola; posição sistemática nova; fora da mancha vermelha<br/><b>Longitude:</b> 14.198910<br/><b>Latitude:</b> -16.281809]]></description>
<Point>
<coordinates>14.19890990,-16.28180859,0</coordinates>
</Point>
</Placemark>
<Placemark>
<name>Cinza | Lithic Leptosols</name>
<styleUrl>#style_Cinza</styleUrl>
<description><![CDATA[<b>ID:</b> CTRL_NV_0193<br/><b>Classificação:</b> NÃO VERMELHO – controle cartográfico<br/><b>Classe WRB:</b> Lithic Leptosols<br/><b>Código de solo:</b> LPq<br/><b>Província:</b> 25<br/><b>Cor cartográfica do ponto:</b> Cinza<br/><b>Fonte:</b> Derivado da camada Solos_Angola; posição sistemática nova; fora da mancha vermelha<br/><b>Longitude:</b> 14.198910<br/><b>Latitude:</b> -14.333068]]></description>
<Point>
<coordinates>14.19890990,-14.33306808,0</coordinates>
</Point>
</Placemark>
<Placemark>
<name>Cinza | Lithic Leptosols</name>
<styleUrl>#style_Cinza</styleUrl>
<description><![CDATA[<b>ID:</b> CTRL_NV_0194<br/><b>Classificação:</b> NÃO VERMELHO – controle cartográfico<br/><b>Classe WRB:</b> Lithic Leptosols<br/><b>Código de solo:</b> LPq<br/><b>Província:</b> 25<br/><b>Cor cartográfica do ponto:</b> Cinza<br/><b>Fonte:</b> Derivado da camada Solos_Angola; posição sistemática nova; fora da mancha vermelha<br/><b>Longitude:</b> 14.198910<br/><b>Latitude:</b> -14.009940]]></description>
<Point>
<coordinates>14.19890990,-14.00994031,0</coordinates>
</Point>
</Placemark>
<Placemark>
<name>Cinza | Lithic Leptosols</name>
<styleUrl>#style_Cinza</styleUrl>
<description><![CDATA[<b>ID:</b> CTRL_NV_0195<br/><b>Classificação:</b> NÃO VERMELHO – controle cartográfico<br/><b>Classe WRB:</b> Lithic Leptosols<br/><b>Código de solo:</b> LPq<br/><b>Província:</b> 23<br/><b>Cor cartográfica do ponto:</b> Cinza<br/><b>Fonte:</b> Derivado da camada Solos_Angola; posição sistemática nova; fora da mancha vermelha<br/><b>Longitude:</b> 14.198910<br/><b>Latitude:</b> -12.400707]]></description>
<Point>
<coordinates>14.19890990,-12.40070693,0</coordinates>
</Point>
</Placemark>
<Placemark>
<name>Cinza | Eutric Leptosols</name>
<styleUrl>#style_Cinza</styleUrl>
<description><![CDATA[<b>ID:</b> CTRL_NV_0196<br/><b>Classificação:</b> NÃO VERMELHO – controle cartográfico<br/><b>Classe WRB:</b> Eutric Leptosols<br/><b>Código de solo:</b> LPe<br/><b>Província:</b> 16<br/><b>Cor cartográfica do ponto:</b> Cinza<br/><b>Fonte:</b> Derivado da camada Solos_Angola; posição sistemática nova; fora da mancha vermelha<br/><b>Longitude:</b> 14.198910<br/><b>Latitude:</b> -11.599788]]></description>
<Point>
<coordinates>14.19890990,-11.59978845,0</coordinates>
</Point>
</Placemark>
<Placemark>
<name>Cinza | Eutric Leptosols</name>
<styleUrl>#style_Cinza</styleUrl>
<description><![CDATA[<b>ID:</b> CTRL_NV_0197<br/><b>Classificação:</b> NÃO VERMELHO – controle cartográfico<br/><b>Classe WRB:</b> Eutric Leptosols<br/><b>Código de solo:</b> LPe<br/><b>Província:</b> 16<br/><b>Cor cartográfica do ponto:</b> Cinza<br/><b>Fonte:</b> Derivado da camada Solos_Angola; posição sistemática nova; fora da mancha vermelha<br/><b>Longitude:</b> 14.198910<br/><b>Latitude:</b> -11.439878]]></description>
<Point>
<coordinates>14.19890990,-11.43987818,0</coordinates>
</Point>
</Placemark>
<Placemark>
<name>Cinza | Eutric Leptosols</name>
<styleUrl>#style_Cinza</styleUrl>
<description><![CDATA[<b>ID:</b> CTRL_NV_0198<br/><b>Classificação:</b> NÃO VERMELHO – controle cartográfico<br/><b>Classe WRB:</b> Eutric Leptosols<br/><b>Código de solo:</b> LPe<br/><b>Província:</b> 16<br/><b>Cor cartográfica do ponto:</b> Cinza<br/><b>Fonte:</b> Derivado da camada Solos_Angola; posição sistemática nova; fora da mancha vermelha<br/><b>Longitude:</b> 14.198910<br/><b>Latitude:</b> -11.280056]]></description>
<Point>
<coordinates>14.19890990,-11.28005586,0</coordinates>
</Point>
</Placemark>
<Placemark>
<name>Verde | Eutric Cambisols</name>
<styleUrl>#style_Verde</styleUrl>
<description><![CDATA[<b>ID:</b> CTRL_NV_0199<br/><b>Classificação:</b> NÃO VERMELHO – controle cartográfico<br/><b>Classe WRB:</b> Eutric Cambisols<br/><b>Código de solo:</b> CMe<br/><b>Província:</b> 28<br/><b>Cor cartográfica do ponto:</b> Verde<br/><b>Fonte:</b> Derivado da camada Solos_Angola; posição sistemática nova; fora da mancha vermelha<br/><b>Longitude:</b> 14.198910<br/><b>Latitude:</b> -10.163649]]></description>
<Point>
<coordinates>14.19890990,-10.16364865,0</coordinates>
</Point>
</Placemark>
<Placemark>
<name>Verde | Eutric Cambisols</name>
<styleUrl>#style_Verde</styleUrl>
<description><![CDATA[<b>ID:</b> CTRL_NV_0200<br/><b>Classificação:</b> NÃO VERMELHO – controle cartográfico<br/><b>Classe WRB:</b> Eutric Cambisols<br/><b>Código de solo:</b> CMe<br/><b>Província:</b> 28<br/><b>Cor cartográfica do ponto:</b> Verde<br/><b>Fonte:</b> Derivado da camada Solos_Angola; posição sistemática nova; fora da mancha vermelha<br/><b>Longitude:</b> 14.198910<br/><b>Latitude:</b> -10.004481]]></description>
<Point>
<coordinates>14.19890990,-10.00448148,0</coordinates>
</Point>
</Placemark>
<Placemark>
<name>Verde | Eutric Cambisols</name>
<styleUrl>#style_Verde</styleUrl>
<description><![CDATA[<b>ID:</b> CTRL_NV_0201<br/><b>Classificação:</b> NÃO VERMELHO – controle cartográfico<br/><b>Classe WRB:</b> Eutric Cambisols<br/><b>Código de solo:</b> CMe<br/><b>Província:</b> 28<br/><b>Cor cartográfica do ponto:</b> Verde<br/><b>Fonte:</b> Derivado da camada Solos_Angola; posição sistemática nova; fora da mancha vermelha<br/><b>Longitude:</b> 14.198910<br/><b>Latitude:</b> -9.845390]]></description>
<Point>
<coordinates>14.19890990,-9.84539026,0</coordinates>
</Point>
</Placemark>
<Placemark>
<name>Verde | Eutric Cambisols</name>
<styleUrl>#style_Verde</styleUrl>
<description><![CDATA[<b>ID:</b> CTRL_NV_0202<br/><b>Classificação:</b> NÃO VERMELHO – controle cartográfico<br/><b>Classe WRB:</b> Eutric Cambisols<br/><b>Código de solo:</b> CMe<br/><b>Província:</b> 15<br/><b>Cor cartográfica do ponto:</b> Verde<br/><b>Fonte:</b> Derivado da camada Solos_Angola; posição sistemática nova; fora da mancha vermelha<br/><b>Longitude:</b> 14.198910<br/><b>Latitude:</b> -9.527430]]></description>
<Point>
<coordinates>14.19890990,-9.52743041,0</coordinates>
</Point>
</Placemark>
<Placemark>
<name>Verde | Eutric Cambisols</name>
<styleUrl>#style_Verde</styleUrl>
<description><![CDATA[<b>ID:</b> CTRL_NV_0203<br/><b>Classificação:</b> NÃO VERMELHO – controle cartográfico<br/><b>Classe WRB:</b> Eutric Cambisols<br/><b>Código de solo:</b> CMe<br/><b>Província:</b> 15<br/><b>Cor cartográfica do ponto:</b> Verde<br/><b>Fonte:</b> Derivado da camada Solos_Angola; posição sistemática nova; fora da mancha vermelha<br/><b>Longitude:</b> 14.198910<br/><b>Latitude:</b> -9.368559]]></description>
<Point>
<coordinates>14.19890990,-9.36855920,0</coordinates>
</Point>
</Placemark>
<Placemark>
<name>Cinza | ROCK</name>
<styleUrl>#style_Cinza</styleUrl>
<description><![CDATA[<b>ID:</b> CTRL_NV_0204<br/><b>Classificação:</b> NÃO VERMELHO – controle cartográfico<br/><b>Classe WRB:</b> ROCK<br/><b>Código de solo:</b> RO<br/><b>Província:</b> 26<br/><b>Cor cartográfica do ponto:</b> Cinza<br/><b>Fonte:</b> Derivado da camada Solos_Angola; posição sistemática nova; fora da mancha vermelha<br/><b>Longitude:</b> 14.406193<br/><b>Latitude:</b> -17.263155]]></description>
<Point>
<coordinates>14.40619326,-17.26315545,0</coordinates>
</Point>
</Placemark>
<Placemark>
<name>Verde | Eutric Cambisols</name>
<styleUrl>#style_Verde</styleUrl>
<description><![CDATA[<b>ID:</b> CTRL_NV_0205<br/><b>Classificação:</b> NÃO VERMELHO – controle cartográfico<br/><b>Classe WRB:</b> Eutric Cambisols<br/><b>Código de solo:</b> CMe<br/><b>Província:</b> 28<br/><b>Cor cartográfica do ponto:</b> Verde<br/><b>Fonte:</b> Derivado da camada Solos_Angola; posição sistemática nova; fora da mancha vermelha<br/><b>Longitude:</b> 14.406193<br/><b>Latitude:</b> -10.004481]]></description>
<Point>
<coordinates>14.40619326,-10.00448148,0</coordinates>
</Point>
</Placemark>
<Placemark>
<name>Verde | Eutric Cambisols</name>
<styleUrl>#style_Verde</styleUrl>
<description><![CDATA[<b>ID:</b> CTRL_NV_0206<br/><b>Classificação:</b> NÃO VERMELHO – controle cartográfico<br/><b>Classe WRB:</b> Eutric Cambisols<br/><b>Código de solo:</b> CMe<br/><b>Província:</b> 28<br/><b>Cor cartográfica do ponto:</b> Verde<br/><b>Fonte:</b> Derivado da camada Solos_Angola; posição sistemática nova; fora da mancha vermelha<br/><b>Longitude:</b> 14.406193<br/><b>Latitude:</b> -9.845390]]></description>
<Point>
<coordinates>14.40619326,-9.84539026,0</coordinates>
</Point>
</Placemark>
<Placemark>
<name>Bege | Calcic Solonetz</name>
<styleUrl>#style_Bege</styleUrl>
<description><![CDATA[<b>ID:</b> CTRL_NV_0207<br/><b>Classificação:</b> NÃO VERMELHO – controle cartográfico<br/><b>Classe WRB:</b> Calcic Solonetz<br/><b>Código de solo:</b> SNk<br/><b>Província:</b> 26<br/><b>Cor cartográfica do ponto:</b> Bege<br/><b>Fonte:</b> Derivado da camada Solos_Angola; posição sistemática nova; fora da mancha vermelha<br/><b>Longitude:</b> 14.613477<br/><b>Latitude:</b> -17.263155]]></description>
<Point>
<coordinates>14.61347661,-17.26315545,0</coordinates>
</Point>
</Placemark>
<Placemark>
<name>Cinza | Eutric Leptosols</name>
<styleUrl>#style_Cinza</styleUrl>
<description><![CDATA[<b>ID:</b> CTRL_NV_0208<br/><b>Classificação:</b> NÃO VERMELHO – controle cartográfico<br/><b>Classe WRB:</b> Eutric Leptosols<br/><b>Código de solo:</b> LPe<br/><b>Província:</b> 23<br/><b>Cor cartográfica do ponto:</b> Cinza<br/><b>Fonte:</b> Derivado da camada Solos_Angola; posição sistemática nova; fora da mancha vermelha<br/><b>Longitude:</b> 14.613477<br/><b>Latitude:</b> -13.526075]]></description>
<Point>
<coordinates>14.61347661,-13.52607490,0</coordinates>
</Point>
</Placemark>
<Placemark>
<name>Cinza | Eutric Leptosols</name>
<styleUrl>#style_Cinza</styleUrl>
<description><![CDATA[<b>ID:</b> CTRL_NV_0209<br/><b>Classificação:</b> NÃO VERMELHO – controle cartográfico<br/><b>Classe WRB:</b> Eutric Leptosols<br/><b>Código de solo:</b> LPe<br/><b>Província:</b> 23<br/><b>Cor cartográfica do ponto:</b> Cinza<br/><b>Fonte:</b> Derivado da camada Solos_Angola; posição sistemática nova; fora da mancha vermelha<br/><b>Longitude:</b> 14.613477<br/><b>Latitude:</b> -13.365001]]></description>
<Point>
<coordinates>14.61347661,-13.36500086,0</coordinates>
</Point>
</Placemark>
<Placemark>
<name>Bege | Calcic Solonetz</name>
<styleUrl>#style_Bege</styleUrl>
<description><![CDATA[<b>ID:</b> CTRL_NV_0210<br/><b>Classificação:</b> NÃO VERMELHO – controle cartográfico<br/><b>Classe WRB:</b> Calcic Solonetz<br/><b>Código de solo:</b> SNk<br/><b>Província:</b> 26<br/><b>Cor cartográfica do ponto:</b> Bege<br/><b>Fonte:</b> Derivado da camada Solos_Angola; posição sistemática nova; fora da mancha vermelha<br/><b>Longitude:</b> 14.820760<br/><b>Latitude:</b> -17.263155]]></description>
<Point>
<coordinates>14.82075997,-17.26315545,0</coordinates>
</Point>
</Placemark>
<Placemark>
<name>Bege | Calcic Solonetz</name>
<styleUrl>#style_Bege</styleUrl>
<description><![CDATA[<b>ID:</b> CTRL_NV_0211<br/><b>Classificação:</b> NÃO VERMELHO – controle cartográfico<br/><b>Classe WRB:</b> Calcic Solonetz<br/><b>Código de solo:</b> SNk<br/><b>Província:</b> 26<br/><b>Cor cartográfica do ponto:</b> Bege<br/><b>Fonte:</b> Derivado da camada Solos_Angola; posição sistemática nova; fora da mancha vermelha<br/><b>Longitude:</b> 14.820760<br/><b>Latitude:</b> -17.099252]]></description>
<Point>
<coordinates>14.82075997,-17.09925172,0</coordinates>
</Point>
</Placemark>
<Placemark>
<name>Bege | Calcic Solonetz</name>
<styleUrl>#style_Bege</styleUrl>
<description><![CDATA[<b>ID:</b> CTRL_NV_0212<br/><b>Classificação:</b> NÃO VERMELHO – controle cartográfico<br/><b>Classe WRB:</b> Calcic Solonetz<br/><b>Código de solo:</b> SNk<br/><b>Província:</b> 26<br/><b>Cor cartográfica do ponto:</b> Bege<br/><b>Fonte:</b> Derivado da camada Solos_Angola; posição sistemática nova; fora da mancha vermelha<br/><b>Longitude:</b> 14.820760<br/><b>Latitude:</b> -16.935489]]></description>
<Point>
<coordinates>14.82075997,-16.93548857,0</coordinates>
</Point>
</Placemark>
<Placemark>
<name>Cinza | Eutric Leptosols</name>
<styleUrl>#style_Cinza</styleUrl>
<description><![CDATA[<b>ID:</b> CTRL_NV_0213<br/><b>Classificação:</b> NÃO VERMELHO – controle cartográfico<br/><b>Classe WRB:</b> Eutric Leptosols<br/><b>Código de solo:</b> LPe<br/><b>Província:</b> 23<br/><b>Cor cartográfica do ponto:</b> Cinza<br/><b>Fonte:</b> Derivado da camada Solos_Angola; posição sistemática nova; fora da mancha vermelha<br/><b>Longitude:</b> 14.820760<br/><b>Latitude:</b> -13.204032]]></description>
<Point>
<coordinates>14.82075997,-13.20403162,0</coordinates>
</Point>
</Placemark>
<Placemark>
<name>Cinza | Eutric Leptosols</name>
<styleUrl>#style_Cinza</styleUrl>
<description><![CDATA[<b>ID:</b> CTRL_NV_0214<br/><b>Classificação:</b> NÃO VERMELHO – controle cartográfico<br/><b>Classe WRB:</b> Eutric Leptosols<br/><b>Código de solo:</b> LPe<br/><b>Província:</b> 23<br/><b>Cor cartográfica do ponto:</b> Cinza<br/><b>Fonte:</b> Derivado da camada Solos_Angola; posição sistemática nova; fora da mancha vermelha<br/><b>Longitude:</b> 14.820760<br/><b>Latitude:</b> -13.043166]]></description>
<Point>
<coordinates>14.82075997,-13.04316572,0</coordinates>
</Point>
</Placemark>
<Placemark>
<name>Cinza | Lithic Leptosols</name>
<styleUrl>#style_Cinza</styleUrl>
<description><![CDATA[<b>ID:</b> CTRL_NV_0215<br/><b>Classificação:</b> NÃO VERMELHO – controle cartográfico<br/><b>Classe WRB:</b> Lithic Leptosols<br/><b>Código de solo:</b> LPq<br/><b>Província:</b> 16<br/><b>Cor cartográfica do ponto:</b> Cinza<br/><b>Fonte:</b> Derivado da camada Solos_Angola; posição sistemática nova; fora da mancha vermelha<br/><b>Longitude:</b> 14.820760<br/><b>Latitude:</b> -10.960670]]></description>
<Point>
<coordinates>14.82075997,-10.96066960,0</coordinates>
</Point>
</Placemark>
<Placemark>
<name>Bege | Calcic Solonetz</name>
<styleUrl>#style_Bege</styleUrl>
<description><![CDATA[<b>ID:</b> CTRL_NV_0216<br/><b>Classificação:</b> NÃO VERMELHO – controle cartográfico<br/><b>Classe WRB:</b> Calcic Solonetz<br/><b>Código de solo:</b> SNk<br/><b>Província:</b> 26<br/><b>Cor cartográfica do ponto:</b> Bege<br/><b>Fonte:</b> Derivado da camada Solos_Angola; posição sistemática nova; fora da mancha vermelha<br/><b>Longitude:</b> 15.028043<br/><b>Latitude:</b> -17.263155]]></description>
<Point>
<coordinates>15.02804333,-17.26315545,0</coordinates>
</Point>
</Placemark>
<Placemark>
<name>Bege | Calcic Solonetz</name>
<styleUrl>#style_Bege</styleUrl>
<description><![CDATA[<b>ID:</b> CTRL_NV_0217<br/><b>Classificação:</b> NÃO VERMELHO – controle cartográfico<br/><b>Classe WRB:</b> Calcic Solonetz<br/><b>Código de solo:</b> SNk<br/><b>Província:</b> 26<br/><b>Cor cartográfica do ponto:</b> Bege<br/><b>Fonte:</b> Derivado da camada Solos_Angola; posição sistemática nova; fora da mancha vermelha<br/><b>Longitude:</b> 15.028043<br/><b>Latitude:</b> -17.099252]]></description>
<Point>
<coordinates>15.02804333,-17.09925172,0</coordinates>
</Point>
</Placemark>
<Placemark>
<name>Bege | Calcic Solonetz</name>
<styleUrl>#style_Bege</styleUrl>
<description><![CDATA[<b>ID:</b> CTRL_NV_0218<br/><b>Classificação:</b> NÃO VERMELHO – controle cartográfico<br/><b>Classe WRB:</b> Calcic Solonetz<br/><b>Código de solo:</b> SNk<br/><b>Província:</b> 26<br/><b>Cor cartográfica do ponto:</b> Bege<br/><b>Fonte:</b> Derivado da camada Solos_Angola; posição sistemática nova; fora da mancha vermelha<br/><b>Longitude:</b> 15.028043<br/><b>Latitude:</b> -16.935489]]></description>
<Point>
<coordinates>15.02804333,-16.93548857,0</coordinates>
</Point>
</Placemark>
<Placemark>
<name>Bege | Calcic Solonetz</name>
<styleUrl>#style_Bege</styleUrl>
<description><![CDATA[<b>ID:</b> CTRL_NV_0219<br/><b>Classificação:</b> NÃO VERMELHO – controle cartográfico<br/><b>Classe WRB:</b> Calcic Solonetz<br/><b>Código de solo:</b> SNk<br/><b>Província:</b> 26<br/><b>Cor cartográfica do ponto:</b> Bege<br/><b>Fonte:</b> Derivado da camada Solos_Angola; posição sistemática nova; fora da mancha vermelha<br/><b>Longitude:</b> 15.028043<br/><b>Latitude:</b> -16.771864]]></description>
<Point>
<coordinates>15.02804333,-16.77186434,0</coordinates>
</Point>
</Placemark>
<Placemark>
<name>Cinza | Lithic Leptosols</name>
<styleUrl>#style_Cinza</styleUrl>
<description><![CDATA[<b>ID:</b> CTRL_NV_0220<br/><b>Classificação:</b> NÃO VERMELHO – controle cartográfico<br/><b>Classe WRB:</b> Lithic Leptosols<br/><b>Código de solo:</b> LPq<br/><b>Província:</b> 16<br/><b>Cor cartográfica do ponto:</b> Cinza<br/><b>Fonte:</b> Derivado da camada Solos_Angola; posição sistemática nova; fora da mancha vermelha<br/><b>Longitude:</b> 15.028043<br/><b>Latitude:</b> -11.919878]]></description>
<Point>
<coordinates>15.02804333,-11.91987828,0</coordinates>
</Point>
</Placemark>
<Placemark>
<name>Bege | Calcic Solonetz</name>
<styleUrl>#style_Bege</styleUrl>
<description><![CDATA[<b>ID:</b> CTRL_NV_0221<br/><b>Classificação:</b> NÃO VERMELHO – controle cartográfico<br/><b>Classe WRB:</b> Calcic Solonetz<br/><b>Código de solo:</b> SNk<br/><b>Província:</b> 26<br/><b>Cor cartográfica do ponto:</b> Bege<br/><b>Fonte:</b> Derivado da camada Solos_Angola; posição sistemática nova; fora da mancha vermelha<br/><b>Longitude:</b> 15.235327<br/><b>Latitude:</b> -17.263155]]></description>
<Point>
<coordinates>15.23532668,-17.26315545,0</coordinates>
</Point>
</Placemark>
<Placemark>
<name>Bege | Calcic Solonetz</name>
<styleUrl>#style_Bege</styleUrl>
<description><![CDATA[<b>ID:</b> CTRL_NV_0222<br/><b>Classificação:</b> NÃO VERMELHO – controle cartográfico<br/><b>Classe WRB:</b> Calcic Solonetz<br/><b>Código de solo:</b> SNk<br/><b>Província:</b> 26<br/><b>Cor cartográfica do ponto:</b> Bege<br/><b>Fonte:</b> Derivado da camada Solos_Angola; posição sistemática nova; fora da mancha vermelha<br/><b>Longitude:</b> 15.235327<br/><b>Latitude:</b> -17.099252]]></description>
<Point>
<coordinates>15.23532668,-17.09925172,0</coordinates>
</Point>
</Placemark>
<Placemark>
<name>Bege | Calcic Solonetz</name>
<styleUrl>#style_Bege</styleUrl>
<description><![CDATA[<b>ID:</b> CTRL_NV_0223<br/><b>Classificação:</b> NÃO VERMELHO – controle cartográfico<br/><b>Classe WRB:</b> Calcic Solonetz<br/><b>Código de solo:</b> SNk<br/><b>Província:</b> 26<br/><b>Cor cartográfica do ponto:</b> Bege<br/><b>Fonte:</b> Derivado da camada Solos_Angola; posição sistemática nova; fora da mancha vermelha<br/><b>Longitude:</b> 15.235327<br/><b>Latitude:</b> -16.935489]]></description>
<Point>
<coordinates>15.23532668,-16.93548857,0</coordinates>
</Point>
</Placemark>
<Placemark>
<name>Bege | Calcic Solonetz</name>
<styleUrl>#style_Bege</styleUrl>
<description><![CDATA[<b>ID:</b> CTRL_NV_0224<br/><b>Classificação:</b> NÃO VERMELHO – controle cartográfico<br/><b>Classe WRB:</b> Calcic Solonetz<br/><b>Código de solo:</b> SNk<br/><b>Província:</b> 26<br/><b>Cor cartográfica do ponto:</b> Bege<br/><b>Fonte:</b> Derivado da camada Solos_Angola; posição sistemática nova; fora da mancha vermelha<br/><b>Longitude:</b> 15.235327<br/><b>Latitude:</b> -16.771864]]></description>
<Point>
<coordinates>15.23532668,-16.77186434,0</coordinates>
</Point>
</Placemark>
<Placemark>
<name>Bege | Calcic Solonetz</name>
<styleUrl>#style_Bege</styleUrl>
<description><![CDATA[<b>ID:</b> CTRL_NV_0225<br/><b>Classificação:</b> NÃO VERMELHO – controle cartográfico<br/><b>Classe WRB:</b> Calcic Solonetz<br/><b>Código de solo:</b> SNk<br/><b>Província:</b> 26<br/><b>Cor cartográfica do ponto:</b> Bege<br/><b>Fonte:</b> Derivado da camada Solos_Angola; posição sistemática nova; fora da mancha vermelha<br/><b>Longitude:</b> 15.235327<br/><b>Latitude:</b> -16.608377]]></description>
<Point>
<coordinates>15.23532668,-16.60837736,0</coordinates>
</Point>
</Placemark>
<Placemark>
<name>Marrom | Haplic Lixisols</name>
<styleUrl>#style_Marrom</styleUrl>
<description><![CDATA[<b>ID:</b> CTRL_NV_0226<br/><b>Classificação:</b> NÃO VERMELHO – controle cartográfico<br/><b>Classe WRB:</b> Haplic Lixisols<br/><b>Código de solo:</b> LXh<br/><b>Província:</b> 25<br/><b>Cor cartográfica do ponto:</b> Marrom<br/><b>Fonte:</b> Derivado da camada Solos_Angola; posição sistemática nova; fora da mancha vermelha<br/><b>Longitude:</b> 15.235327<br/><b>Latitude:</b> -14.818616]]></description>
<Point>
<coordinates>15.23532668,-14.81861580,0</coordinates>
</Point>
</Placemark>
<Placemark>
<name>Cinza | Lithic Leptosols</name>
<styleUrl>#style_Cinza</styleUrl>
<description><![CDATA[<b>ID:</b> CTRL_NV_0227<br/><b>Classificação:</b> NÃO VERMELHO – controle cartográfico<br/><b>Classe WRB:</b> Lithic Leptosols<br/><b>Código de solo:</b> LPq<br/><b>Província:</b> 16<br/><b>Cor cartográfica do ponto:</b> Cinza<br/><b>Fonte:</b> Derivado da camada Solos_Angola; posição sistemática nova; fora da mancha vermelha<br/><b>Longitude:</b> 15.235327<br/><b>Latitude:</b> -11.280056]]></description>
<Point>
<coordinates>15.23532668,-11.28005586,0</coordinates>
</Point>
</Placemark>
<Placemark>
<name>Cinza | Lithic Leptosols</name>
<styleUrl>#style_Cinza</styleUrl>
<description><![CDATA[<b>ID:</b> CTRL_NV_0228<br/><b>Classificação:</b> NÃO VERMELHO – controle cartográfico<br/><b>Classe WRB:</b> Lithic Leptosols<br/><b>Código de solo:</b> LPq<br/><b>Província:</b> 16<br/><b>Cor cartográfica do ponto:</b> Cinza<br/><b>Fonte:</b> Derivado da camada Solos_Angola; posição sistemática nova; fora da mancha vermelha<br/><b>Longitude:</b> 15.235327<br/><b>Latitude:</b> -10.004481]]></description>
<Point>
<coordinates>15.23532668,-10.00448148,0</coordinates>
</Point>
</Placemark>
<Placemark>
<name>Bege | Calcic Solonetz</name>
<styleUrl>#style_Bege</styleUrl>
<description><![CDATA[<b>ID:</b> CTRL_NV_0229<br/><b>Classificação:</b> NÃO VERMELHO – controle cartográfico<br/><b>Classe WRB:</b> Calcic Solonetz<br/><b>Código de solo:</b> SNk<br/><b>Província:</b> 26<br/><b>Cor cartográfica do ponto:</b> Bege<br/><b>Fonte:</b> Derivado da camada Solos_Angola; posição sistemática nova; fora da mancha vermelha<br/><b>Longitude:</b> 15.442610<br/><b>Latitude:</b> -17.263155]]></description>
<Point>
<coordinates>15.44261004,-17.26315545,0</coordinates>
</Point>
</Placemark>
<Placemark>
<name>Bege | Calcic Solonetz</name>
<styleUrl>#style_Bege</styleUrl>
<description><![CDATA[<b>ID:</b> CTRL_NV_0230<br/><b>Classificação:</b> NÃO VERMELHO – controle cartográfico<br/><b>Classe WRB:</b> Calcic Solonetz<br/><b>Código de solo:</b> SNk<br/><b>Província:</b> 26<br/><b>Cor cartográfica do ponto:</b> Bege<br/><b>Fonte:</b> Derivado da camada Solos_Angola; posição sistemática nova; fora da mancha vermelha<br/><b>Longitude:</b> 15.442610<br/><b>Latitude:</b> -17.099252]]></description>
<Point>
<coordinates>15.44261004,-17.09925172,0</coordinates>
</Point>
</Placemark>
<Placemark>
<name>Bege | Calcic Solonetz</name>
<styleUrl>#style_Bege</styleUrl>
<description><![CDATA[<b>ID:</b> CTRL_NV_0231<br/><b>Classificação:</b> NÃO VERMELHO – controle cartográfico<br/><b>Classe WRB:</b> Calcic Solonetz<br/><b>Código de solo:</b> SNk<br/><b>Província:</b> 26<br/><b>Cor cartográfica do ponto:</b> Bege<br/><b>Fonte:</b> Derivado da camada Solos_Angola; posição sistemática nova; fora da mancha vermelha<br/><b>Longitude:</b> 15.442610<br/><b>Latitude:</b> -16.935489]]></description>
<Point>
<coordinates>15.44261004,-16.93548857,0</coordinates>
</Point>
</Placemark>
<Placemark>
<name>Bege | Calcic Solonetz</name>
<styleUrl>#style_Bege</styleUrl>
<description><![CDATA[<b>ID:</b> CTRL_NV_0232<br/><b>Classificação:</b> NÃO VERMELHO – controle cartográfico<br/><b>Classe WRB:</b> Calcic Solonetz<br/><b>Código de solo:</b> SNk<br/><b>Província:</b> 26<br/><b>Cor cartográfica do ponto:</b> Bege<br/><b>Fonte:</b> Derivado da camada Solos_Angola; posição sistemática nova; fora da mancha vermelha<br/><b>Longitude:</b> 15.442610<br/><b>Latitude:</b> -16.771864]]></description>
<Point>
<coordinates>15.44261004,-16.77186434,0</coordinates>
</Point>
</Placemark>
<Placemark>
<name>Amarelo | Eutric Arenosols</name>
<styleUrl>#style_Amarelo</styleUrl>
<description><![CDATA[<b>ID:</b> CTRL_NV_0233<br/><b>Classificação:</b> NÃO VERMELHO – controle cartográfico<br/><b>Classe WRB:</b> Eutric Arenosols<br/><b>Código de solo:</b> ARh<br/><b>Província:</b> 26<br/><b>Cor cartográfica do ponto:</b> Amarelo<br/><b>Fonte:</b> Derivado da camada Solos_Angola; posição sistemática nova; fora da mancha vermelha<br/><b>Longitude:</b> 15.442610<br/><b>Latitude:</b> -16.608377]]></description>
<Point>
<coordinates>15.44261004,-16.60837736,0</coordinates>
</Point>
</Placemark>
<Placemark>
<name>Amarelo | Eutric Arenosols</name>
<styleUrl>#style_Amarelo</styleUrl>
<description><![CDATA[<b>ID:</b> CTRL_NV_0234<br/><b>Classificação:</b> NÃO VERMELHO – controle cartográfico<br/><b>Classe WRB:</b> Eutric Arenosols<br/><b>Código de solo:</b> ARh<br/><b>Província:</b> 26<br/><b>Cor cartográfica do ponto:</b> Amarelo<br/><b>Fonte:</b> Derivado da camada Solos_Angola; posição sistemática nova; fora da mancha vermelha<br/><b>Longitude:</b> 15.442610<br/><b>Latitude:</b> -16.445026]]></description>
<Point>
<coordinates>15.44261004,-16.44502599,0</coordinates>
</Point>
</Placemark>
<Placemark>
<name>Amarelo | Eutric Arenosols</name>
<styleUrl>#style_Amarelo</styleUrl>
<description><![CDATA[<b>ID:</b> CTRL_NV_0235<br/><b>Classificação:</b> NÃO VERMELHO – controle cartográfico<br/><b>Classe WRB:</b> Eutric Arenosols<br/><b>Código de solo:</b> ARh<br/><b>Província:</b> 26<br/><b>Cor cartográfica do ponto:</b> Amarelo<br/><b>Fonte:</b> Derivado da camada Solos_Angola; posição sistemática nova; fora da mancha vermelha<br/><b>Longitude:</b> 15.442610<br/><b>Latitude:</b> -16.281809]]></description>
<Point>
<coordinates>15.44261004,-16.28180859,0</coordinates>
</Point>
</Placemark>
<Placemark>
<name>Amarelo | Eutric Arenosols</name>
<styleUrl>#style_Amarelo</styleUrl>
<description><![CDATA[<b>ID:</b> CTRL_NV_0236<br/><b>Classificação:</b> NÃO VERMELHO – controle cartográfico<br/><b>Classe WRB:</b> Eutric Arenosols<br/><b>Código de solo:</b> ARh<br/><b>Província:</b> 26<br/><b>Cor cartográfica do ponto:</b> Amarelo<br/><b>Fonte:</b> Derivado da camada Solos_Angola; posição sistemática nova; fora da mancha vermelha<br/><b>Longitude:</b> 15.442610<br/><b>Latitude:</b> -16.118724]]></description>
<Point>
<coordinates>15.44261004,-16.11872353,0</coordinates>
</Point>
</Placemark>
<Placemark>
<name>Cinza | Lithic Leptosols</name>
<styleUrl>#style_Cinza</styleUrl>
<description><![CDATA[<b>ID:</b> CTRL_NV_0237<br/><b>Classificação:</b> NÃO VERMELHO – controle cartográfico<br/><b>Classe WRB:</b> Lithic Leptosols<br/><b>Código de solo:</b> LPq<br/><b>Província:</b> 22<br/><b>Cor cartográfica do ponto:</b> Cinza<br/><b>Fonte:</b> Derivado da camada Solos_Angola; posição sistemática nova; fora da mancha vermelha<br/><b>Longitude:</b> 15.442610<br/><b>Latitude:</b> -12.721738]]></description>
<Point>
<coordinates>15.44261004,-12.72173821,0</coordinates>
</Point>
</Placemark>
<Placemark>
<name>Amarelo | Eutric Arenosols</name>
<styleUrl>#style_Amarelo</styleUrl>
<description><![CDATA[<b>ID:</b> CTRL_NV_0238<br/><b>Classificação:</b> NÃO VERMELHO – controle cartográfico<br/><b>Classe WRB:</b> Eutric Arenosols<br/><b>Código de solo:</b> ARh<br/><b>Província:</b> 17<br/><b>Cor cartográfica do ponto:</b> Amarelo<br/><b>Fonte:</b> Derivado da camada Solos_Angola; posição sistemática nova; fora da mancha vermelha<br/><b>Longitude:</b> 15.442610<br/><b>Latitude:</b> -9.686374]]></description>
<Point>
<coordinates>15.44261004,-9.68637367,0</coordinates>
</Point>
</Placemark>
<Placemark>
<name>Bege | Calcic Solonetz</name>
<styleUrl>#style_Bege</styleUrl>
<description><![CDATA[<b>ID:</b> CTRL_NV_0239<br/><b>Classificação:</b> NÃO VERMELHO – controle cartográfico<br/><b>Classe WRB:</b> Calcic Solonetz<br/><b>Código de solo:</b> SNk<br/><b>Província:</b> 26<br/><b>Cor cartográfica do ponto:</b> Bege<br/><b>Fonte:</b> Derivado da camada Solos_Angola; posição sistemática nova; fora da mancha vermelha<br/><b>Longitude:</b> 15.649893<br/><b>Latitude:</b> -17.263155]]></description>
<Point>
<coordinates>15.64989339,-17.26315545,0</coordinates>
</Point>
</Placemark>
<Placemark>
<name>Bege | Calcic Solonetz</name>
<styleUrl>#style_Bege</styleUrl>
<description><![CDATA[<b>ID:</b> CTRL_NV_0240<br/><b>Classificação:</b> NÃO VERMELHO – controle cartográfico<br/><b>Classe WRB:</b> Calcic Solonetz<br/><b>Código de solo:</b> SNk<br/><b>Província:</b> 26<br/><b>Cor cartográfica do ponto:</b> Bege<br/><b>Fonte:</b> Derivado da camada Solos_Angola; posição sistemática nova; fora da mancha vermelha<br/><b>Longitude:</b> 15.649893<br/><b>Latitude:</b> -17.099252]]></description>
<Point>
<coordinates>15.64989339,-17.09925172,0</coordinates>
</Point>
</Placemark>
<Placemark>
<name>Amarelo | Eutric Arenosols</name>
<styleUrl>#style_Amarelo</styleUrl>
<description><![CDATA[<b>ID:</b> CTRL_NV_0241<br/><b>Classificação:</b> NÃO VERMELHO – controle cartográfico<br/><b>Classe WRB:</b> Eutric Arenosols<br/><b>Código de solo:</b> ARh<br/><b>Província:</b> 17<br/><b>Cor cartográfica do ponto:</b> Amarelo<br/><b>Fonte:</b> Derivado da camada Solos_Angola; posição sistemática nova; fora da mancha vermelha<br/><b>Longitude:</b> 15.649893<br/><b>Latitude:</b> -9.686374]]></description>
<Point>
<coordinates>15.64989339,-9.68637367,0</coordinates>
</Point>
</Placemark>
<Placemark>
<name>Verde | Areni-Gleyic Umbrisols</name>
<styleUrl>#style_Verde</styleUrl>
<description><![CDATA[<b>ID:</b> CTRL_NV_0242<br/><b>Classificação:</b> NÃO VERMELHO – controle cartográfico<br/><b>Classe WRB:</b> Areni-Gleyic Umbrisols<br/><b>Código de solo:</b> ARg<br/><b>Província:</b> 21<br/><b>Cor cartográfica do ponto:</b> Verde<br/><b>Fonte:</b> Derivado da camada Solos_Angola; posição sistemática nova; fora da mancha vermelha<br/><b>Longitude:</b> 15.857177<br/><b>Latitude:</b> -11.280056]]></description>
<Point>
<coordinates>15.85717675,-11.28005586,0</coordinates>
</Point>
</Placemark>
<Placemark>
<name>Verde | Areni-Gleyic Umbrisols</name>
<styleUrl>#style_Verde</styleUrl>
<description><![CDATA[<b>ID:</b> CTRL_NV_0243<br/><b>Classificação:</b> NÃO VERMELHO – controle cartográfico<br/><b>Classe WRB:</b> Areni-Gleyic Umbrisols<br/><b>Código de solo:</b> ARg<br/><b>Província:</b> 16<br/><b>Cor cartográfica do ponto:</b> Verde<br/><b>Fonte:</b> Derivado da camada Solos_Angola; posição sistemática nova; fora da mancha vermelha<br/><b>Longitude:</b> 15.857177<br/><b>Latitude:</b> -11.120320]]></description>
<Point>
<coordinates>15.85717675,-11.12032011,0</coordinates>
</Point>
</Placemark>
<Placemark>
<name>Amarelo | Eutric Arenosols</name>
<styleUrl>#style_Amarelo</styleUrl>
<description><![CDATA[<b>ID:</b> CTRL_NV_0244<br/><b>Classificação:</b> NÃO VERMELHO – controle cartográfico<br/><b>Classe WRB:</b> Eutric Arenosols<br/><b>Código de solo:</b> ARh<br/><b>Província:</b> 17<br/><b>Cor cartográfica do ponto:</b> Amarelo<br/><b>Fonte:</b> Derivado da camada Solos_Angola; posição sistemática nova; fora da mancha vermelha<br/><b>Longitude:</b> 15.857177<br/><b>Latitude:</b> -9.686374]]></description>
<Point>
<coordinates>15.85717675,-9.68637367,0</coordinates>
</Point>
</Placemark>
<Placemark>
<name>Amarelo | Eutric Arenosols</name>
<styleUrl>#style_Amarelo</styleUrl>
<description><![CDATA[<b>ID:</b> CTRL_NV_0245<br/><b>Classificação:</b> NÃO VERMELHO – controle cartográfico<br/><b>Classe WRB:</b> Eutric Arenosols<br/><b>Código de solo:</b> ARh<br/><b>Província:</b> 26<br/><b>Cor cartográfica do ponto:</b> Amarelo<br/><b>Fonte:</b> Derivado da camada Solos_Angola; posição sistemática nova; fora da mancha vermelha<br/><b>Longitude:</b> 16.064460<br/><b>Latitude:</b> -17.263155]]></description>
<Point>
<coordinates>16.06446011,-17.26315545,0</coordinates>
</Point>
</Placemark>
<Placemark>
<name>Amarelo | Eutric Arenosols</name>
<styleUrl>#style_Amarelo</styleUrl>
<description><![CDATA[<b>ID:</b> CTRL_NV_0246<br/><b>Classificação:</b> NÃO VERMELHO – controle cartográfico<br/><b>Classe WRB:</b> Eutric Arenosols<br/><b>Código de solo:</b> ARh<br/><b>Província:</b> 26<br/><b>Cor cartográfica do ponto:</b> Amarelo<br/><b>Fonte:</b> Derivado da camada Solos_Angola; posição sistemática nova; fora da mancha vermelha<br/><b>Longitude:</b> 16.064460<br/><b>Latitude:</b> -17.099252]]></description>
<Point>
<coordinates>16.06446011,-17.09925172,0</coordinates>
</Point>
</Placemark>
<Placemark>
<name>Amarelo | Gleyic Arenosols</name>
<styleUrl>#style_Amarelo</styleUrl>
<description><![CDATA[<b>ID:</b> CTRL_NV_0247<br/><b>Classificação:</b> NÃO VERMELHO – controle cartográfico<br/><b>Classe WRB:</b> Gleyic Arenosols<br/><b>Código de solo:</b> ARg<br/><b>Província:</b> 25<br/><b>Cor cartográfica do ponto:</b> Amarelo<br/><b>Fonte:</b> Derivado da camada Solos_Angola; posição sistemática nova; fora da mancha vermelha<br/><b>Longitude:</b> 16.064460<br/><b>Latitude:</b> -14.009940]]></description>
<Point>
<coordinates>16.06446011,-14.00994031,0</coordinates>
</Point>
</Placemark>
<Placemark>
<name>Verde | Areni-Gleyic Umbrisols</name>
<styleUrl>#style_Verde</styleUrl>
<description><![CDATA[<b>ID:</b> CTRL_NV_0248<br/><b>Classificação:</b> NÃO VERMELHO – controle cartográfico<br/><b>Classe WRB:</b> Areni-Gleyic Umbrisols<br/><b>Código de solo:</b> ARg<br/><b>Província:</b> 22<br/><b>Cor cartográfica do ponto:</b> Verde<br/><b>Fonte:</b> Derivado da camada Solos_Angola; posição sistemática nova; fora da mancha vermelha<br/><b>Longitude:</b> 16.064460<br/><b>Latitude:</b> -11.599788]]></description>
<Point>
<coordinates>16.06446011,-11.59978845,0</coordinates>
</Point>
</Placemark>
<Placemark>
<name>Verde | Areni-Gleyic Umbrisols</name>
<styleUrl>#style_Verde</styleUrl>
<description><![CDATA[<b>ID:</b> CTRL_NV_0249<br/><b>Classificação:</b> NÃO VERMELHO – controle cartográfico<br/><b>Classe WRB:</b> Areni-Gleyic Umbrisols<br/><b>Código de solo:</b> ARg<br/><b>Província:</b> 21<br/><b>Cor cartográfica do ponto:</b> Verde<br/><b>Fonte:</b> Derivado da camada Solos_Angola; posição sistemática nova; fora da mancha vermelha<br/><b>Longitude:</b> 16.064460<br/><b>Latitude:</b> -11.439878]]></description>
<Point>
<coordinates>16.06446011,-11.43987818,0</coordinates>
</Point>
</Placemark>
<Placemark>
<name>Verde | Areni-Gleyic Umbrisols</name>
<styleUrl>#style_Verde</styleUrl>
<description><![CDATA[<b>ID:</b> CTRL_NV_0250<br/><b>Classificação:</b> NÃO VERMELHO – controle cartográfico<br/><b>Classe WRB:</b> Areni-Gleyic Umbrisols<br/><b>Código de solo:</b> ARg<br/><b>Província:</b> 21<br/><b>Cor cartográfica do ponto:</b> Verde<br/><b>Fonte:</b> Derivado da camada Solos_Angola; posição sistemática nova; fora da mancha vermelha<br/><b>Longitude:</b> 16.064460<br/><b>Latitude:</b> -11.280056]]></description>
<Point>
<coordinates>16.06446011,-11.28005586,0</coordinates>
</Point>
</Placemark>
<Placemark>
<name>Amarelo | Eutric Arenosols</name>
<styleUrl>#style_Amarelo</styleUrl>
<description><![CDATA[<b>ID:</b> CTRL_NV_0251<br/><b>Classificação:</b> NÃO VERMELHO – controle cartográfico<br/><b>Classe WRB:</b> Eutric Arenosols<br/><b>Código de solo:</b> ARh<br/><b>Província:</b> 17<br/><b>Cor cartográfica do ponto:</b> Amarelo<br/><b>Fonte:</b> Derivado da camada Solos_Angola; posição sistemática nova; fora da mancha vermelha<br/><b>Longitude:</b> 16.064460<br/><b>Latitude:</b> -9.051028]]></description>
<Point>
<coordinates>16.06446011,-9.05102775,0</coordinates>
</Point>
</Placemark>
<Placemark>
<name>Amarelo | Hyperdystric Arenosols</name>
<styleUrl>#style_Amarelo</styleUrl>
<description><![CDATA[<b>ID:</b> CTRL_NV_0252<br/><b>Classificação:</b> NÃO VERMELHO – controle cartográfico<br/><b>Classe WRB:</b> Hyperdystric Arenosols<br/><b>Código de solo:</b> ARh<br/><b>Província:</b> 12<br/><b>Cor cartográfica do ponto:</b> Amarelo<br/><b>Fonte:</b> Derivado da camada Solos_Angola; posição sistemática nova; fora da mancha vermelha<br/><b>Longitude:</b> 16.064460<br/><b>Latitude:</b> -6.835381]]></description>
<Point>
<coordinates>16.06446011,-6.83538080,0</coordinates>
</Point>
</Placemark>
<Placemark>
<name>Amarelo | Eutric Arenosols</name>
<styleUrl>#style_Amarelo</styleUrl>
<description><![CDATA[<b>ID:</b> CTRL_NV_0253<br/><b>Classificação:</b> NÃO VERMELHO – controle cartográfico<br/><b>Classe WRB:</b> Eutric Arenosols<br/><b>Código de solo:</b> ARh<br/><b>Província:</b> 26<br/><b>Cor cartográfica do ponto:</b> Amarelo<br/><b>Fonte:</b> Derivado da camada Solos_Angola; posição sistemática nova; fora da mancha vermelha<br/><b>Longitude:</b> 16.271743<br/><b>Latitude:</b> -16.935489]]></description>
<Point>
<coordinates>16.27174346,-16.93548857,0</coordinates>
</Point>
</Placemark>
<Placemark>
<name>Amarelo | Eutric Arenosols</name>
<styleUrl>#style_Amarelo</styleUrl>
<description><![CDATA[<b>ID:</b> CTRL_NV_0254<br/><b>Classificação:</b> NÃO VERMELHO – controle cartográfico<br/><b>Classe WRB:</b> Eutric Arenosols<br/><b>Código de solo:</b> ARh<br/><b>Província:</b> 26<br/><b>Cor cartográfica do ponto:</b> Amarelo<br/><b>Fonte:</b> Derivado da camada Solos_Angola; posição sistemática nova; fora da mancha vermelha<br/><b>Longitude:</b> 16.271743<br/><b>Latitude:</b> -16.771864]]></description>
<Point>
<coordinates>16.27174346,-16.77186434,0</coordinates>
</Point>
</Placemark>
<Placemark>
<name>Amarelo | Eutric Arenosols</name>
<styleUrl>#style_Amarelo</styleUrl>
<description><![CDATA[<b>ID:</b> CTRL_NV_0255<br/><b>Classificação:</b> NÃO VERMELHO – controle cartográfico<br/><b>Classe WRB:</b> Eutric Arenosols<br/><b>Código de solo:</b> ARh<br/><b>Província:</b> 26<br/><b>Cor cartográfica do ponto:</b> Amarelo<br/><b>Fonte:</b> Derivado da camada Solos_Angola; posição sistemática nova; fora da mancha vermelha<br/><b>Longitude:</b> 16.271743<br/><b>Latitude:</b> -16.608377]]></description>
<Point>
<coordinates>16.27174346,-16.60837736,0</coordinates>
</Point>
</Placemark>
<Placemark>
<name>Marrom | Gleyic Alisols</name>
<styleUrl>#style_Marrom</styleUrl>
<description><![CDATA[<b>ID:</b> CTRL_NV_0256<br/><b>Classificação:</b> NÃO VERMELHO – controle cartográfico<br/><b>Classe WRB:</b> Gleyic Alisols<br/><b>Código de solo:</b> ALg<br/><b>Província:</b> 17<br/><b>Cor cartográfica do ponto:</b> Marrom<br/><b>Fonte:</b> Derivado da camada Solos_Angola; posição sistemática nova; fora da mancha vermelha<br/><b>Longitude:</b> 16.271743<br/><b>Latitude:</b> -9.845390]]></description>
<Point>
<coordinates>16.27174346,-9.84539026,0</coordinates>
</Point>
</Placemark>
<Placemark>
<name>Marrom | Gleyic Alisols</name>
<styleUrl>#style_Marrom</styleUrl>
<description><![CDATA[<b>ID:</b> CTRL_NV_0257<br/><b>Classificação:</b> NÃO VERMELHO – controle cartográfico<br/><b>Classe WRB:</b> Gleyic Alisols<br/><b>Código de solo:</b> ALg<br/><b>Província:</b> 17<br/><b>Cor cartográfica do ponto:</b> Marrom<br/><b>Fonte:</b> Derivado da camada Solos_Angola; posição sistemática nova; fora da mancha vermelha<br/><b>Longitude:</b> 16.271743<br/><b>Latitude:</b> -9.686374]]></description>
<Point>
<coordinates>16.27174346,-9.68637367,0</coordinates>
</Point>
</Placemark>
<Placemark>
<name>Amarelo | Eutric Arenosols</name>
<styleUrl>#style_Amarelo</styleUrl>
<description><![CDATA[<b>ID:</b> CTRL_NV_0258<br/><b>Classificação:</b> NÃO VERMELHO – controle cartográfico<br/><b>Classe WRB:</b> Eutric Arenosols<br/><b>Código de solo:</b> ARh<br/><b>Província:</b> 17<br/><b>Cor cartográfica do ponto:</b> Amarelo<br/><b>Fonte:</b> Derivado da camada Solos_Angola; posição sistemática nova; fora da mancha vermelha<br/><b>Longitude:</b> 16.271743<br/><b>Latitude:</b> -9.051028]]></description>
<Point>
<coordinates>16.27174346,-9.05102775,0</coordinates>
</Point>
</Placemark>
<Placemark>
<name>Amarelo | Eutric Arenosols</name>
<styleUrl>#style_Amarelo</styleUrl>
<description><![CDATA[<b>ID:</b> CTRL_NV_0259<br/><b>Classificação:</b> NÃO VERMELHO – controle cartográfico<br/><b>Classe WRB:</b> Eutric Arenosols<br/><b>Código de solo:</b> ARh<br/><b>Província:</b> 17<br/><b>Cor cartográfica do ponto:</b> Amarelo<br/><b>Fonte:</b> Derivado da camada Solos_Angola; posição sistemática nova; fora da mancha vermelha<br/><b>Longitude:</b> 16.271743<br/><b>Latitude:</b> -8.892365]]></description>
<Point>
<coordinates>16.27174346,-8.89236495,0</coordinates>
</Point>
</Placemark>
<Placemark>
<name>Verde | Dystri-Arenic Regosols</name>
<styleUrl>#style_Verde</styleUrl>
<description><![CDATA[<b>ID:</b> CTRL_NV_0260<br/><b>Classificação:</b> NÃO VERMELHO – controle cartográfico<br/><b>Classe WRB:</b> Dystri-Arenic Regosols<br/><b>Código de solo:</b> RGd<br/><b>Província:</b> 17<br/><b>Cor cartográfica do ponto:</b> Verde<br/><b>Fonte:</b> Derivado da camada Solos_Angola; posição sistemática nova; fora da mancha vermelha<br/><b>Longitude:</b> 16.271743<br/><b>Latitude:</b> -8.733769]]></description>
<Point>
<coordinates>16.27174346,-8.73376907,0</coordinates>
</Point>
</Placemark>
<Placemark>
<name>Amarelo | Hyperdystric Arenosols</name>
<styleUrl>#style_Amarelo</styleUrl>
<description><![CDATA[<b>ID:</b> CTRL_NV_0261<br/><b>Classificação:</b> NÃO VERMELHO – controle cartográfico<br/><b>Classe WRB:</b> Hyperdystric Arenosols<br/><b>Código de solo:</b> ARh<br/><b>Província:</b> 12<br/><b>Cor cartográfica do ponto:</b> Amarelo<br/><b>Fonte:</b> Derivado da camada Solos_Angola; posição sistemática nova; fora da mancha vermelha<br/><b>Longitude:</b> 16.271743<br/><b>Latitude:</b> -6.835381]]></description>
<Point>
<coordinates>16.27174346,-6.83538080,0</coordinates>
</Point>
</Placemark>
<Placemark>
<name>Amarelo | Hyperdystric Arenosols</name>
<styleUrl>#style_Amarelo</styleUrl>
<description><![CDATA[<b>ID:</b> CTRL_NV_0262<br/><b>Classificação:</b> NÃO VERMELHO – controle cartográfico<br/><b>Classe WRB:</b> Hyperdystric Arenosols<br/><b>Código de solo:</b> ARh<br/><b>Província:</b> 12<br/><b>Cor cartográfica do ponto:</b> Amarelo<br/><b>Fonte:</b> Derivado da camada Solos_Angola; posição sistemática nova; fora da mancha vermelha<br/><b>Longitude:</b> 16.271743<br/><b>Latitude:</b> -6.677541]]></description>
<Point>
<coordinates>16.27174346,-6.67754100,0</coordinates>
</Point>
</Placemark>
<Placemark>
<name>Amarelo | Eutric Arenosols</name>
<styleUrl>#style_Amarelo</styleUrl>
<description><![CDATA[<b>ID:</b> CTRL_NV_0263<br/><b>Classificação:</b> NÃO VERMELHO – controle cartográfico<br/><b>Classe WRB:</b> Eutric Arenosols<br/><b>Código de solo:</b> ARh<br/><b>Província:</b> 26<br/><b>Cor cartográfica do ponto:</b> Amarelo<br/><b>Fonte:</b> Derivado da camada Solos_Angola; posição sistemática nova; fora da mancha vermelha<br/><b>Longitude:</b> 16.479027<br/><b>Latitude:</b> -16.445026]]></description>
<Point>
<coordinates>16.47902682,-16.44502599,0</coordinates>
</Point>
</Placemark>
<Placemark>
<name>Marrom | Gleyic Alisols</name>
<styleUrl>#style_Marrom</styleUrl>
<description><![CDATA[<b>ID:</b> CTRL_NV_0264<br/><b>Classificação:</b> NÃO VERMELHO – controle cartográfico<br/><b>Classe WRB:</b> Gleyic Alisols<br/><b>Código de solo:</b> ALg<br/><b>Província:</b> 17<br/><b>Cor cartográfica do ponto:</b> Marrom<br/><b>Fonte:</b> Derivado da camada Solos_Angola; posição sistemática nova; fora da mancha vermelha<br/><b>Longitude:</b> 16.479027<br/><b>Latitude:</b> -10.163649]]></description>
<Point>
<coordinates>16.47902682,-10.16364865,0</coordinates>
</Point>
</Placemark>
<Placemark>
<name>Marrom | Gleyic Alisols</name>
<styleUrl>#style_Marrom</styleUrl>
<description><![CDATA[<b>ID:</b> CTRL_NV_0265<br/><b>Classificação:</b> NÃO VERMELHO – controle cartográfico<br/><b>Classe WRB:</b> Gleyic Alisols<br/><b>Código de solo:</b> ALg<br/><b>Província:</b> 17<br/><b>Cor cartográfica do ponto:</b> Marrom<br/><b>Fonte:</b> Derivado da camada Solos_Angola; posição sistemática nova; fora da mancha vermelha<br/><b>Longitude:</b> 16.479027<br/><b>Latitude:</b> -10.004481]]></description>
<Point>
<coordinates>16.47902682,-10.00448148,0</coordinates>
</Point>
</Placemark>
<Placemark>
<name>Marrom | Gleyic Alisols</name>
<styleUrl>#style_Marrom</styleUrl>
<description><![CDATA[<b>ID:</b> CTRL_NV_0266<br/><b>Classificação:</b> NÃO VERMELHO – controle cartográfico<br/><b>Classe WRB:</b> Gleyic Alisols<br/><b>Código de solo:</b> ALg<br/><b>Província:</b> 17<br/><b>Cor cartográfica do ponto:</b> Marrom<br/><b>Fonte:</b> Derivado da camada Solos_Angola; posição sistemática nova; fora da mancha vermelha<br/><b>Longitude:</b> 16.479027<br/><b>Latitude:</b> -9.845390]]></description>
<Point>
<coordinates>16.47902682,-9.84539026,0</coordinates>
</Point>
</Placemark>
<Placemark>
<name>Amarelo | Eutric Arenosols</name>
<styleUrl>#style_Amarelo</styleUrl>
<description><![CDATA[<b>ID:</b> CTRL_NV_0267<br/><b>Classificação:</b> NÃO VERMELHO – controle cartográfico<br/><b>Classe WRB:</b> Eutric Arenosols<br/><b>Código de solo:</b> ARh<br/><b>Província:</b> 17<br/><b>Cor cartográfica do ponto:</b> Amarelo<br/><b>Fonte:</b> Derivado da camada Solos_Angola; posição sistemática nova; fora da mancha vermelha<br/><b>Longitude:</b> 16.479027<br/><b>Latitude:</b> -9.051028]]></description>
<Point>
<coordinates>16.47902682,-9.05102775,0</coordinates>
</Point>
</Placemark>
<Placemark>
<name>Verde | Dystri-Arenic Regosols</name>
<styleUrl>#style_Verde</styleUrl>
<description><![CDATA[<b>ID:</b> CTRL_NV_0268<br/><b>Classificação:</b> NÃO VERMELHO – controle cartográfico<br/><b>Classe WRB:</b> Dystri-Arenic Regosols<br/><b>Código de solo:</b> RGd<br/><b>Província:</b> 17<br/><b>Cor cartográfica do ponto:</b> Verde<br/><b>Fonte:</b> Derivado da camada Solos_Angola; posição sistemática nova; fora da mancha vermelha<br/><b>Longitude:</b> 16.479027<br/><b>Latitude:</b> -8.892365]]></description>
<Point>
<coordinates>16.47902682,-8.89236495,0</coordinates>
</Point>
</Placemark>
<Placemark>
<name>Amarelo | Hyperdystric Arenosols</name>
<styleUrl>#style_Amarelo</styleUrl>
<description><![CDATA[<b>ID:</b> CTRL_NV_0269<br/><b>Classificação:</b> NÃO VERMELHO – controle cartográfico<br/><b>Classe WRB:</b> Hyperdystric Arenosols<br/><b>Código de solo:</b> ARh<br/><b>Província:</b> 17<br/><b>Cor cartográfica do ponto:</b> Amarelo<br/><b>Fonte:</b> Derivado da camada Solos_Angola; posição sistemática nova; fora da mancha vermelha<br/><b>Longitude:</b> 16.479027<br/><b>Latitude:</b> -7.467260]]></description>
<Point>
<coordinates>16.47902682,-7.46725980,0</coordinates>
</Point>
</Placemark>
<Placemark>
<name>Amarelo | Hyperdystric Arenosols</name>
<styleUrl>#style_Amarelo</styleUrl>
<description><![CDATA[<b>ID:</b> CTRL_NV_0270<br/><b>Classificação:</b> NÃO VERMELHO – controle cartográfico<br/><b>Classe WRB:</b> Hyperdystric Arenosols<br/><b>Código de solo:</b> ARh<br/><b>Província:</b> 12<br/><b>Cor cartográfica do ponto:</b> Amarelo<br/><b>Fonte:</b> Derivado da camada Solos_Angola; posição sistemática nova; fora da mancha vermelha<br/><b>Longitude:</b> 16.479027<br/><b>Latitude:</b> -7.309210]]></description>
<Point>
<coordinates>16.47902682,-7.30920963,0</coordinates>
</Point>
</Placemark>
<Placemark>
<name>Amarelo | Hyperdystric Arenosols</name>
<styleUrl>#style_Amarelo</styleUrl>
<description><![CDATA[<b>ID:</b> CTRL_NV_0271<br/><b>Classificação:</b> NÃO VERMELHO – controle cartográfico<br/><b>Classe WRB:</b> Hyperdystric Arenosols<br/><b>Código de solo:</b> ARh<br/><b>Província:</b> 12<br/><b>Cor cartográfica do ponto:</b> Amarelo<br/><b>Fonte:</b> Derivado da camada Solos_Angola; posição sistemática nova; fora da mancha vermelha<br/><b>Longitude:</b> 16.479027<br/><b>Latitude:</b> -6.677541]]></description>
<Point>
<coordinates>16.47902682,-6.67754100,0</coordinates>
</Point>
</Placemark>
<Placemark>
<name>Marrom | Gleyic Alisols</name>
<styleUrl>#style_Marrom</styleUrl>
<description><![CDATA[<b>ID:</b> CTRL_NV_0272<br/><b>Classificação:</b> NÃO VERMELHO – controle cartográfico<br/><b>Classe WRB:</b> Gleyic Alisols<br/><b>Código de solo:</b> ALg<br/><b>Província:</b> 17<br/><b>Cor cartográfica do ponto:</b> Marrom<br/><b>Fonte:</b> Derivado da camada Solos_Angola; posição sistemática nova; fora da mancha vermelha<br/><b>Longitude:</b> 16.686310<br/><b>Latitude:</b> -10.482216]]></description>
<Point>
<coordinates>16.68631018,-10.48221604,0</coordinates>
</Point>
</Placemark>
<Placemark>
<name>Marrom | Gleyic Alisols</name>
<styleUrl>#style_Marrom</styleUrl>
<description><![CDATA[<b>ID:</b> CTRL_NV_0273<br/><b>Classificação:</b> NÃO VERMELHO – controle cartográfico<br/><b>Classe WRB:</b> Gleyic Alisols<br/><b>Código de solo:</b> ALg<br/><b>Província:</b> 17<br/><b>Cor cartográfica do ponto:</b> Marrom<br/><b>Fonte:</b> Derivado da camada Solos_Angola; posição sistemática nova; fora da mancha vermelha<br/><b>Longitude:</b> 16.686310<br/><b>Latitude:</b> -10.163649]]></description>
<Point>
<coordinates>16.68631018,-10.16364865,0</coordinates>
</Point>
</Placemark>
<Placemark>
<name>Marrom | Gleyic Alisols</name>
<styleUrl>#style_Marrom</styleUrl>
<description><![CDATA[<b>ID:</b> CTRL_NV_0274<br/><b>Classificação:</b> NÃO VERMELHO – controle cartográfico<br/><b>Classe WRB:</b> Gleyic Alisols<br/><b>Código de solo:</b> ALg<br/><b>Província:</b> 17<br/><b>Cor cartográfica do ponto:</b> Marrom<br/><b>Fonte:</b> Derivado da camada Solos_Angola; posição sistemática nova; fora da mancha vermelha<br/><b>Longitude:</b> 16.686310<br/><b>Latitude:</b> -10.004481]]></description>
<Point>
<coordinates>16.68631018,-10.00448148,0</coordinates>
</Point>
</Placemark>
<Placemark>
<name>Marrom | Gleyic Alisols</name>
<styleUrl>#style_Marrom</styleUrl>
<description><![CDATA[<b>ID:</b> CTRL_NV_0275<br/><b>Classificação:</b> NÃO VERMELHO – controle cartográfico<br/><b>Classe WRB:</b> Gleyic Alisols<br/><b>Código de solo:</b> ALg<br/><b>Província:</b> 17<br/><b>Cor cartográfica do ponto:</b> Marrom<br/><b>Fonte:</b> Derivado da camada Solos_Angola; posição sistemática nova; fora da mancha vermelha<br/><b>Longitude:</b> 16.686310<br/><b>Latitude:</b> -9.845390]]></description>
<Point>
<coordinates>16.68631018,-9.84539026,0</coordinates>
</Point>
</Placemark>
<Placemark>
<name>Marrom | Gleyic Alisols</name>
<styleUrl>#style_Marrom</styleUrl>
<description><![CDATA[<b>ID:</b> CTRL_NV_0276<br/><b>Classificação:</b> NÃO VERMELHO – controle cartográfico<br/><b>Classe WRB:</b> Gleyic Alisols<br/><b>Código de solo:</b> ALg<br/><b>Província:</b> 17<br/><b>Cor cartográfica do ponto:</b> Marrom<br/><b>Fonte:</b> Derivado da camada Solos_Angola; posição sistemática nova; fora da mancha vermelha<br/><b>Longitude:</b> 16.686310<br/><b>Latitude:</b> -9.686374]]></description>
<Point>
<coordinates>16.68631018,-9.68637367,0</coordinates>
</Point>
</Placemark>
<Placemark>
<name>Amarelo | Eutric Arenosols</name>
<styleUrl>#style_Amarelo</styleUrl>
<description><![CDATA[<b>ID:</b> CTRL_NV_0277<br/><b>Classificação:</b> NÃO VERMELHO – controle cartográfico<br/><b>Classe WRB:</b> Eutric Arenosols<br/><b>Código de solo:</b> ARh<br/><b>Província:</b> 17<br/><b>Cor cartográfica do ponto:</b> Amarelo<br/><b>Fonte:</b> Derivado da camada Solos_Angola; posição sistemática nova; fora da mancha vermelha<br/><b>Longitude:</b> 16.686310<br/><b>Latitude:</b> -9.209759]]></description>
<Point>
<coordinates>16.68631018,-9.20975874,0</coordinates>
</Point>
</Placemark>
<Placemark>
<name>Amarelo | Hyperdystric Arenosols</name>
<styleUrl>#style_Amarelo</styleUrl>
<description><![CDATA[<b>ID:</b> CTRL_NV_0278<br/><b>Classificação:</b> NÃO VERMELHO – controle cartográfico<br/><b>Classe WRB:</b> Hyperdystric Arenosols<br/><b>Código de solo:</b> ARh<br/><b>Província:</b> 17<br/><b>Cor cartográfica do ponto:</b> Amarelo<br/><b>Fonte:</b> Derivado da camada Solos_Angola; posição sistemática nova; fora da mancha vermelha<br/><b>Longitude:</b> 16.686310<br/><b>Latitude:</b> -8.258370]]></description>
<Point>
<coordinates>16.68631018,-8.25837028,0</coordinates>
</Point>
</Placemark>
<Placemark>
<name>Amarelo | Hyperdystric Arenosols</name>
<styleUrl>#style_Amarelo</styleUrl>
<description><![CDATA[<b>ID:</b> CTRL_NV_0279<br/><b>Classificação:</b> NÃO VERMELHO – controle cartográfico<br/><b>Classe WRB:</b> Hyperdystric Arenosols<br/><b>Código de solo:</b> ARh<br/><b>Província:</b> 12<br/><b>Cor cartográfica do ponto:</b> Amarelo<br/><b>Fonte:</b> Derivado da camada Solos_Angola; posição sistemática nova; fora da mancha vermelha<br/><b>Longitude:</b> 16.686310<br/><b>Latitude:</b> -7.309210]]></description>
<Point>
<coordinates>16.68631018,-7.30920963,0</coordinates>
</Point>
</Placemark>
<Placemark>
<name>Amarelo | Gleyic Arenosols</name>
<styleUrl>#style_Amarelo</styleUrl>
<description><![CDATA[<b>ID:</b> CTRL_NV_0280<br/><b>Classificação:</b> NÃO VERMELHO – controle cartográfico<br/><b>Classe WRB:</b> Gleyic Arenosols<br/><b>Código de solo:</b> ARg<br/><b>Província:</b> 26<br/><b>Cor cartográfica do ponto:</b> Amarelo<br/><b>Fonte:</b> Derivado da camada Solos_Angola; posição sistemática nova; fora da mancha vermelha<br/><b>Longitude:</b> 16.893594<br/><b>Latitude:</b> -16.281809]]></description>
<Point>
<coordinates>16.89359353,-16.28180859,0</coordinates>
</Point>
</Placemark>
<Placemark>
<name>Amarelo | Gleyic Arenosols</name>
<styleUrl>#style_Amarelo</styleUrl>
<description><![CDATA[<b>ID:</b> CTRL_NV_0281<br/><b>Classificação:</b> NÃO VERMELHO – controle cartográfico<br/><b>Classe WRB:</b> Gleyic Arenosols<br/><b>Código de solo:</b> ARg<br/><b>Província:</b> 26<br/><b>Cor cartográfica do ponto:</b> Amarelo<br/><b>Fonte:</b> Derivado da camada Solos_Angola; posição sistemática nova; fora da mancha vermelha<br/><b>Longitude:</b> 16.893594<br/><b>Latitude:</b> -16.118724]]></description>
<Point>
<coordinates>16.89359353,-16.11872353,0</coordinates>
</Point>
</Placemark>
<Placemark>
<name>Marrom | Gleyic Alisols</name>
<styleUrl>#style_Marrom</styleUrl>
<description><![CDATA[<b>ID:</b> CTRL_NV_0282<br/><b>Classificação:</b> NÃO VERMELHO – controle cartográfico<br/><b>Classe WRB:</b> Gleyic Alisols<br/><b>Código de solo:</b> ALg<br/><b>Província:</b> 17<br/><b>Cor cartográfica do ponto:</b> Marrom<br/><b>Fonte:</b> Derivado da camada Solos_Angola; posição sistemática nova; fora da mancha vermelha<br/><b>Longitude:</b> 16.893594<br/><b>Latitude:</b> -10.641619]]></description>
<Point>
<coordinates>16.89359353,-10.64161890,0</coordinates>
</Point>
</Placemark>
<Placemark>
<name>Marrom | Gleyic Alisols</name>
<styleUrl>#style_Marrom</styleUrl>
<description><![CDATA[<b>ID:</b> CTRL_NV_0283<br/><b>Classificação:</b> NÃO VERMELHO – controle cartográfico<br/><b>Classe WRB:</b> Gleyic Alisols<br/><b>Código de solo:</b> ALg<br/><b>Província:</b> 17<br/><b>Cor cartográfica do ponto:</b> Marrom<br/><b>Fonte:</b> Derivado da camada Solos_Angola; posição sistemática nova; fora da mancha vermelha<br/><b>Longitude:</b> 16.893594<br/><b>Latitude:</b> -10.482216]]></description>
<Point>
<coordinates>16.89359353,-10.48221604,0</coordinates>
</Point>
</Placemark>
<Placemark>
<name>Marrom | Gleyic Alisols</name>
<styleUrl>#style_Marrom</styleUrl>
<description><![CDATA[<b>ID:</b> CTRL_NV_0284<br/><b>Classificação:</b> NÃO VERMELHO – controle cartográfico<br/><b>Classe WRB:</b> Gleyic Alisols<br/><b>Código de solo:</b> ALg<br/><b>Província:</b> 17<br/><b>Cor cartográfica do ponto:</b> Marrom<br/><b>Fonte:</b> Derivado da camada Solos_Angola; posição sistemática nova; fora da mancha vermelha<br/><b>Longitude:</b> 16.893594<br/><b>Latitude:</b> -10.322893]]></description>
<Point>
<coordinates>16.89359353,-10.32289306,0</coordinates>
</Point>
</Placemark>
<Placemark>
<name>Marrom | Gleyic Alisols</name>
<styleUrl>#style_Marrom</styleUrl>
<description><![CDATA[<b>ID:</b> CTRL_NV_0285<br/><b>Classificação:</b> NÃO VERMELHO – controle cartográfico<br/><b>Classe WRB:</b> Gleyic Alisols<br/><b>Código de solo:</b> ALg<br/><b>Província:</b> 17<br/><b>Cor cartográfica do ponto:</b> Marrom<br/><b>Fonte:</b> Derivado da camada Solos_Angola; posição sistemática nova; fora da mancha vermelha<br/><b>Longitude:</b> 16.893594<br/><b>Latitude:</b> -10.163649]]></description>
<Point>
<coordinates>16.89359353,-10.16364865,0</coordinates>
</Point>
</Placemark>
<Placemark>
<name>Marrom | Gleyic Alisols</name>
<styleUrl>#style_Marrom</styleUrl>
<description><![CDATA[<b>ID:</b> CTRL_NV_0286<br/><b>Classificação:</b> NÃO VERMELHO – controle cartográfico<br/><b>Classe WRB:</b> Gleyic Alisols<br/><b>Código de solo:</b> ALg<br/><b>Província:</b> 17<br/><b>Cor cartográfica do ponto:</b> Marrom<br/><b>Fonte:</b> Derivado da camada Solos_Angola; posição sistemática nova; fora da mancha vermelha<br/><b>Longitude:</b> 16.893594<br/><b>Latitude:</b> -10.004481]]></description>
<Point>
<coordinates>16.89359353,-10.00448148,0</coordinates>
</Point>
</Placemark>
<Placemark>
<name>Marrom | Gleyic Alisols</name>
<styleUrl>#style_Marrom</styleUrl>
<description><![CDATA[<b>ID:</b> CTRL_NV_0287<br/><b>Classificação:</b> NÃO VERMELHO – controle cartográfico<br/><b>Classe WRB:</b> Gleyic Alisols<br/><b>Código de solo:</b> ALg<br/><b>Província:</b> 17<br/><b>Cor cartográfica do ponto:</b> Marrom<br/><b>Fonte:</b> Derivado da camada Solos_Angola; posição sistemática nova; fora da mancha vermelha<br/><b>Longitude:</b> 16.893594<br/><b>Latitude:</b> -9.845390]]></description>
<Point>
<coordinates>16.89359353,-9.84539026,0</coordinates>
</Point>
</Placemark>
<Placemark>
<name>Cinza | Lithic Leptosols</name>
<styleUrl>#style_Cinza</styleUrl>
<description><![CDATA[<b>ID:</b> CTRL_NV_0288<br/><b>Classificação:</b> NÃO VERMELHO – controle cartográfico<br/><b>Classe WRB:</b> Lithic Leptosols<br/><b>Código de solo:</b> LPq<br/><b>Província:</b> 17<br/><b>Cor cartográfica do ponto:</b> Cinza<br/><b>Fonte:</b> Derivado da camada Solos_Angola; posição sistemática nova; fora da mancha vermelha<br/><b>Longitude:</b> 16.893594<br/><b>Latitude:</b> -9.209759]]></description>
<Point>
<coordinates>16.89359353,-9.20975874,0</coordinates>
</Point>
</Placemark>
<Placemark>
<name>Amarelo | Hyperdystric Arenosols</name>
<styleUrl>#style_Amarelo</styleUrl>
<description><![CDATA[<b>ID:</b> CTRL_NV_0289<br/><b>Classificação:</b> NÃO VERMELHO – controle cartográfico<br/><b>Classe WRB:</b> Hyperdystric Arenosols<br/><b>Código de solo:</b> ARh<br/><b>Província:</b> 17<br/><b>Cor cartográfica do ponto:</b> Amarelo<br/><b>Fonte:</b> Derivado da camada Solos_Angola; posição sistemática nova; fora da mancha vermelha<br/><b>Longitude:</b> 16.893594<br/><b>Latitude:</b> -7.783528]]></description>
<Point>
<coordinates>16.89359353,-7.78352835,0</coordinates>
</Point>
</Placemark>
<Placemark>
<name>Amarelo | Hyperdystric Arenosols</name>
<styleUrl>#style_Amarelo</styleUrl>
<description><![CDATA[<b>ID:</b> CTRL_NV_0290<br/><b>Classificação:</b> NÃO VERMELHO – controle cartográfico<br/><b>Classe WRB:</b> Hyperdystric Arenosols<br/><b>Código de solo:</b> ARh<br/><b>Província:</b> 12<br/><b>Cor cartográfica do ponto:</b> Amarelo<br/><b>Fonte:</b> Derivado da camada Solos_Angola; posição sistemática nova; fora da mancha vermelha<br/><b>Longitude:</b> 16.893594<br/><b>Latitude:</b> -7.467260]]></description>
<Point>
<coordinates>16.89359353,-7.46725980,0</coordinates>
</Point>
</Placemark>
<Placemark>
<name>Amarelo | Hyperdystric Arenosols</name>
<styleUrl>#style_Amarelo</styleUrl>
<description><![CDATA[<b>ID:</b> CTRL_NV_0291<br/><b>Classificação:</b> NÃO VERMELHO – controle cartográfico<br/><b>Classe WRB:</b> Hyperdystric Arenosols<br/><b>Código de solo:</b> ARh<br/><b>Província:</b> 12<br/><b>Cor cartográfica do ponto:</b> Amarelo<br/><b>Fonte:</b> Derivado da camada Solos_Angola; posição sistemática nova; fora da mancha vermelha<br/><b>Longitude:</b> 16.893594<br/><b>Latitude:</b> -7.309210]]></description>
<Point>
<coordinates>16.89359353,-7.30920963,0</coordinates>
</Point>
</Placemark>
<Placemark>
<name>Amarelo | Hyperdystric Arenosols</name>
<styleUrl>#style_Amarelo</styleUrl>
<description><![CDATA[<b>ID:</b> CTRL_NV_0292<br/><b>Classificação:</b> NÃO VERMELHO – controle cartográfico<br/><b>Classe WRB:</b> Hyperdystric Arenosols<br/><b>Código de solo:</b> ARh<br/><b>Província:</b> 12<br/><b>Cor cartográfica do ponto:</b> Amarelo<br/><b>Fonte:</b> Derivado da camada Solos_Angola; posição sistemática nova; fora da mancha vermelha<br/><b>Longitude:</b> 16.893594<br/><b>Latitude:</b> -7.151214]]></description>
<Point>
<coordinates>16.89359353,-7.15121389,0</coordinates>
</Point>
</Placemark>
<Placemark>
<name>Marrom | Gleyic Alisols</name>
<styleUrl>#style_Marrom</styleUrl>
<description><![CDATA[<b>ID:</b> CTRL_NV_0293<br/><b>Classificação:</b> NÃO VERMELHO – controle cartográfico<br/><b>Classe WRB:</b> Gleyic Alisols<br/><b>Código de solo:</b> ALg<br/><b>Província:</b> 17<br/><b>Cor cartográfica do ponto:</b> Marrom<br/><b>Fonte:</b> Derivado da camada Solos_Angola; posição sistemática nova; fora da mancha vermelha<br/><b>Longitude:</b> 17.100877<br/><b>Latitude:</b> -10.801103]]></description>
<Point>
<coordinates>17.10087689,-10.80110298,0</coordinates>
</Point>
</Placemark>
<Placemark>
<name>Marrom | Gleyic Alisols</name>
<styleUrl>#style_Marrom</styleUrl>
<description><![CDATA[<b>ID:</b> CTRL_NV_0294<br/><b>Classificação:</b> NÃO VERMELHO – controle cartográfico<br/><b>Classe WRB:</b> Gleyic Alisols<br/><b>Código de solo:</b> ALg<br/><b>Província:</b> 17<br/><b>Cor cartográfica do ponto:</b> Marrom<br/><b>Fonte:</b> Derivado da camada Solos_Angola; posição sistemática nova; fora da mancha vermelha<br/><b>Longitude:</b> 17.100877<br/><b>Latitude:</b> -10.641619]]></description>
<Point>
<coordinates>17.10087689,-10.64161890,0</coordinates>
</Point>
</Placemark>
<Placemark>
<name>Marrom | Gleyic Alisols</name>
<styleUrl>#style_Marrom</styleUrl>
<description><![CDATA[<b>ID:</b> CTRL_NV_0295<br/><b>Classificação:</b> NÃO VERMELHO – controle cartográfico<br/><b>Classe WRB:</b> Gleyic Alisols<br/><b>Código de solo:</b> ALg<br/><b>Província:</b> 17<br/><b>Cor cartográfica do ponto:</b> Marrom<br/><b>Fonte:</b> Derivado da camada Solos_Angola; posição sistemática nova; fora da mancha vermelha<br/><b>Longitude:</b> 17.100877<br/><b>Latitude:</b> -10.482216]]></description>
<Point>
<coordinates>17.10087689,-10.48221604,0</coordinates>
</Point>
</Placemark>
<Placemark>
<name>Marrom | Gleyic Alisols</name>
<styleUrl>#style_Marrom</styleUrl>
<description><![CDATA[<b>ID:</b> CTRL_NV_0296<br/><b>Classificação:</b> NÃO VERMELHO – controle cartográfico<br/><b>Classe WRB:</b> Gleyic Alisols<br/><b>Código de solo:</b> ALg<br/><b>Província:</b> 17<br/><b>Cor cartográfica do ponto:</b> Marrom<br/><b>Fonte:</b> Derivado da camada Solos_Angola; posição sistemática nova; fora da mancha vermelha<br/><b>Longitude:</b> 17.100877<br/><b>Latitude:</b> -10.163649]]></description>
<Point>
<coordinates>17.10087689,-10.16364865,0</coordinates>
</Point>
</Placemark>
<Placemark>
<name>Cinza | Lithic Leptosols</name>
<styleUrl>#style_Cinza</styleUrl>
<description><![CDATA[<b>ID:</b> CTRL_NV_0297<br/><b>Classificação:</b> NÃO VERMELHO – controle cartográfico<br/><b>Classe WRB:</b> Lithic Leptosols<br/><b>Código de solo:</b> LPq<br/><b>Província:</b> 17<br/><b>Cor cartográfica do ponto:</b> Cinza<br/><b>Fonte:</b> Derivado da camada Solos_Angola; posição sistemática nova; fora da mancha vermelha<br/><b>Longitude:</b> 17.100877<br/><b>Latitude:</b> -9.527430]]></description>
<Point>
<coordinates>17.10087689,-9.52743041,0</coordinates>
</Point>
</Placemark>
<Placemark>
<name>Cinza | Lithic Leptosols</name>
<styleUrl>#style_Cinza</styleUrl>
<description><![CDATA[<b>ID:</b> CTRL_NV_0298<br/><b>Classificação:</b> NÃO VERMELHO – controle cartográfico<br/><b>Classe WRB:</b> Lithic Leptosols<br/><b>Código de solo:</b> LPq<br/><b>Província:</b> 17<br/><b>Cor cartográfica do ponto:</b> Cinza<br/><b>Fonte:</b> Derivado da camada Solos_Angola; posição sistemática nova; fora da mancha vermelha<br/><b>Longitude:</b> 17.100877<br/><b>Latitude:</b> -9.368559]]></description>
<Point>
<coordinates>17.10087689,-9.36855920,0</coordinates>
</Point>
</Placemark>
<Placemark>
<name>Amarelo | Hyperdystric Arenosols</name>
<styleUrl>#style_Amarelo</styleUrl>
<description><![CDATA[<b>ID:</b> CTRL_NV_0299<br/><b>Classificação:</b> NÃO VERMELHO – controle cartográfico<br/><b>Classe WRB:</b> Hyperdystric Arenosols<br/><b>Código de solo:</b> ARh<br/><b>Província:</b> 17<br/><b>Cor cartográfica do ponto:</b> Amarelo<br/><b>Fonte:</b> Derivado da camada Solos_Angola; posição sistemática nova; fora da mancha vermelha<br/><b>Longitude:</b> 17.100877<br/><b>Latitude:</b> -8.733769]]></description>
<Point>
<coordinates>17.10087689,-8.73376907,0</coordinates>
</Point>
</Placemark>
<Placemark>
<name>Amarelo | Hyperdystric Arenosols</name>
<styleUrl>#style_Amarelo</styleUrl>
<description><![CDATA[<b>ID:</b> CTRL_NV_0300<br/><b>Classificação:</b> NÃO VERMELHO – controle cartográfico<br/><b>Classe WRB:</b> Hyperdystric Arenosols<br/><b>Código de solo:</b> ARh<br/><b>Província:</b> 17<br/><b>Cor cartográfica do ponto:</b> Amarelo<br/><b>Fonte:</b> Derivado da camada Solos_Angola; posição sistemática nova; fora da mancha vermelha<br/><b>Longitude:</b> 17.100877<br/><b>Latitude:</b> -8.100029]]></description>
<Point>
<coordinates>17.10087689,-8.10002943,0</coordinates>
</Point>
</Placemark>
<Placemark>
<name>Amarelo | Hyperdystric Arenosols</name>
<styleUrl>#style_Amarelo</styleUrl>
<description><![CDATA[<b>ID:</b> CTRL_NV_0301<br/><b>Classificação:</b> NÃO VERMELHO – controle cartográfico<br/><b>Classe WRB:</b> Hyperdystric Arenosols<br/><b>Código de solo:</b> ARh<br/><b>Província:</b> 17<br/><b>Cor cartográfica do ponto:</b> Amarelo<br/><b>Fonte:</b> Derivado da camada Solos_Angola; posição sistemática nova; fora da mancha vermelha<br/><b>Longitude:</b> 17.100877<br/><b>Latitude:</b> -7.941749]]></description>
<Point>
<coordinates>17.10087689,-7.94174920,0</coordinates>
</Point>
</Placemark>
<Placemark>
<name>Amarelo | Hyperdystric Arenosols</name>
<styleUrl>#style_Amarelo</styleUrl>
<description><![CDATA[<b>ID:</b> CTRL_NV_0302<br/><b>Classificação:</b> NÃO VERMELHO – controle cartográfico<br/><b>Classe WRB:</b> Hyperdystric Arenosols<br/><b>Código de solo:</b> ARh<br/><b>Província:</b> 17<br/><b>Cor cartográfica do ponto:</b> Amarelo<br/><b>Fonte:</b> Derivado da camada Solos_Angola; posição sistemática nova; fora da mancha vermelha<br/><b>Longitude:</b> 17.100877<br/><b>Latitude:</b> -7.783528]]></description>
<Point>
<coordinates>17.10087689,-7.78352835,0</coordinates>
</Point>
</Placemark>
<Placemark>
<name>Amarelo | Hyperdystric Arenosols</name>
<styleUrl>#style_Amarelo</styleUrl>
<description><![CDATA[<b>ID:</b> CTRL_NV_0303<br/><b>Classificação:</b> NÃO VERMELHO – controle cartográfico<br/><b>Classe WRB:</b> Hyperdystric Arenosols<br/><b>Código de solo:</b> ARh<br/><b>Província:</b> 17<br/><b>Cor cartográfica do ponto:</b> Amarelo<br/><b>Fonte:</b> Derivado da camada Solos_Angola; posição sistemática nova; fora da mancha vermelha<br/><b>Longitude:</b> 17.100877<br/><b>Latitude:</b> -7.625366]]></description>
<Point>
<coordinates>17.10087689,-7.62536563,0</coordinates>
</Point>
</Placemark>
<Placemark>
<name>Amarelo | Hyperdystric Arenosols</name>
<styleUrl>#style_Amarelo</styleUrl>
<description><![CDATA[<b>ID:</b> CTRL_NV_0304<br/><b>Classificação:</b> NÃO VERMELHO – controle cartográfico<br/><b>Classe WRB:</b> Hyperdystric Arenosols<br/><b>Código de solo:</b> ARh<br/><b>Província:</b> 17<br/><b>Cor cartográfica do ponto:</b> Amarelo<br/><b>Fonte:</b> Derivado da camada Solos_Angola; posição sistemática nova; fora da mancha vermelha<br/><b>Longitude:</b> 17.100877<br/><b>Latitude:</b> -7.467260]]></description>
<Point>
<coordinates>17.10087689,-7.46725980,0</coordinates>
</Point>
</Placemark>
<Placemark>
<name>Amarelo | Gleyic Arenosols</name>
<styleUrl>#style_Amarelo</styleUrl>
<description><![CDATA[<b>ID:</b> CTRL_NV_0305<br/><b>Classificação:</b> NÃO VERMELHO – controle cartográfico<br/><b>Classe WRB:</b> Gleyic Arenosols<br/><b>Código de solo:</b> ARg<br/><b>Província:</b> 21<br/><b>Cor cartográfica do ponto:</b> Amarelo<br/><b>Fonte:</b> Derivado da camada Solos_Angola; posição sistemática nova; fora da mancha vermelha<br/><b>Longitude:</b> 17.308160<br/><b>Latitude:</b> -12.721738]]></description>
<Point>
<coordinates>17.30816024,-12.72173821,0</coordinates>
</Point>
</Placemark>
<Placemark>
<name>Amarelo | Gleyic Arenosols</name>
<styleUrl>#style_Amarelo</styleUrl>
<description><![CDATA[<b>ID:</b> CTRL_NV_0306<br/><b>Classificação:</b> NÃO VERMELHO – controle cartográfico<br/><b>Classe WRB:</b> Gleyic Arenosols<br/><b>Código de solo:</b> ARg<br/><b>Província:</b> 21<br/><b>Cor cartográfica do ponto:</b> Amarelo<br/><b>Fonte:</b> Derivado da camada Solos_Angola; posição sistemática nova; fora da mancha vermelha<br/><b>Longitude:</b> 17.308160<br/><b>Latitude:</b> -12.561174]]></description>
<Point>
<coordinates>17.30816024,-12.56117375,0</coordinates>
</Point>
</Placemark>
<Placemark>
<name>Marrom | Gleyic Alisols</name>
<styleUrl>#style_Marrom</styleUrl>
<description><![CDATA[<b>ID:</b> CTRL_NV_0307<br/><b>Classificação:</b> NÃO VERMELHO – controle cartográfico<br/><b>Classe WRB:</b> Gleyic Alisols<br/><b>Código de solo:</b> ALg<br/><b>Província:</b> 17<br/><b>Cor cartográfica do ponto:</b> Marrom<br/><b>Fonte:</b> Derivado da camada Solos_Angola; posição sistemática nova; fora da mancha vermelha<br/><b>Longitude:</b> 17.308160<br/><b>Latitude:</b> -10.801103]]></description>
<Point>
<coordinates>17.30816024,-10.80110298,0</coordinates>
</Point>
</Placemark>
<Placemark>
<name>Marrom | Gleyic Alisols</name>
<styleUrl>#style_Marrom</styleUrl>
<description><![CDATA[<b>ID:</b> CTRL_NV_0308<br/><b>Classificação:</b> NÃO VERMELHO – controle cartográfico<br/><b>Classe WRB:</b> Gleyic Alisols<br/><b>Código de solo:</b> ALg<br/><b>Província:</b> 17<br/><b>Cor cartográfica do ponto:</b> Marrom<br/><b>Fonte:</b> Derivado da camada Solos_Angola; posição sistemática nova; fora da mancha vermelha<br/><b>Longitude:</b> 17.308160<br/><b>Latitude:</b> -10.641619]]></description>
<Point>
<coordinates>17.30816024,-10.64161890,0</coordinates>
</Point>
</Placemark>
<Placemark>
<name>Marrom | Gleyic Alisols</name>
<styleUrl>#style_Marrom</styleUrl>
<description><![CDATA[<b>ID:</b> CTRL_NV_0309<br/><b>Classificação:</b> NÃO VERMELHO – controle cartográfico<br/><b>Classe WRB:</b> Gleyic Alisols<br/><b>Código de solo:</b> ALg<br/><b>Província:</b> 17<br/><b>Cor cartográfica do ponto:</b> Marrom<br/><b>Fonte:</b> Derivado da camada Solos_Angola; posição sistemática nova; fora da mancha vermelha<br/><b>Longitude:</b> 17.308160<br/><b>Latitude:</b> -10.482216]]></description>
<Point>
<coordinates>17.30816024,-10.48221604,0</coordinates>
</Point>
</Placemark>
<Placemark>
<name>Marrom | Gleyic Alisols</name>
<styleUrl>#style_Marrom</styleUrl>
<description><![CDATA[<b>ID:</b> CTRL_NV_0310<br/><b>Classificação:</b> NÃO VERMELHO – controle cartográfico<br/><b>Classe WRB:</b> Gleyic Alisols<br/><b>Código de solo:</b> ALg<br/><b>Província:</b> 17<br/><b>Cor cartográfica do ponto:</b> Marrom<br/><b>Fonte:</b> Derivado da camada Solos_Angola; posição sistemática nova; fora da mancha vermelha<br/><b>Longitude:</b> 17.308160<br/><b>Latitude:</b> -10.322893]]></description>
<Point>
<coordinates>17.30816024,-10.32289306,0</coordinates>
</Point>
</Placemark>
<Placemark>
<name>Cinza | Lithic Leptosols</name>
<styleUrl>#style_Cinza</styleUrl>
<description><![CDATA[<b>ID:</b> CTRL_NV_0311<br/><b>Classificação:</b> NÃO VERMELHO – controle cartográfico<br/><b>Classe WRB:</b> Lithic Leptosols<br/><b>Código de solo:</b> LPq<br/><b>Província:</b> 17<br/><b>Cor cartográfica do ponto:</b> Cinza<br/><b>Fonte:</b> Derivado da camada Solos_Angola; posição sistemática nova; fora da mancha vermelha<br/><b>Longitude:</b> 17.308160<br/><b>Latitude:</b> -10.004481]]></description>
<Point>
<coordinates>17.30816024,-10.00448148,0</coordinates>
</Point>
</Placemark>
<Placemark>
<name>Verde | Dystri-Arenic Regosols</name>
<styleUrl>#style_Verde</styleUrl>
<description><![CDATA[<b>ID:</b> CTRL_NV_0312<br/><b>Classificação:</b> NÃO VERMELHO – controle cartográfico<br/><b>Classe WRB:</b> Dystri-Arenic Regosols<br/><b>Código de solo:</b> RGd<br/><b>Província:</b> 17<br/><b>Cor cartográfica do ponto:</b> Verde<br/><b>Fonte:</b> Derivado da camada Solos_Angola; posição sistemática nova; fora da mancha vermelha<br/><b>Longitude:</b> 17.308160<br/><b>Latitude:</b> -9.845390]]></description>
<Point>
<coordinates>17.30816024,-9.84539026,0</coordinates>
</Point>
</Placemark>
<Placemark>
<name>Amarelo | Hyperdystric Arenosols</name>
<styleUrl>#style_Amarelo</styleUrl>
<description><![CDATA[<b>ID:</b> CTRL_NV_0313<br/><b>Classificação:</b> NÃO VERMELHO – controle cartográfico<br/><b>Classe WRB:</b> Hyperdystric Arenosols<br/><b>Código de solo:</b> ARh<br/><b>Província:</b> 17<br/><b>Cor cartográfica do ponto:</b> Amarelo<br/><b>Fonte:</b> Derivado da camada Solos_Angola; posição sistemática nova; fora da mancha vermelha<br/><b>Longitude:</b> 17.308160<br/><b>Latitude:</b> -8.258370]]></description>
<Point>
<coordinates>17.30816024,-8.25837028,0</coordinates>
</Point>
</Placemark>
<Placemark>
<name>Amarelo | Hyperdystric Arenosols</name>
<styleUrl>#style_Amarelo</styleUrl>
<description><![CDATA[<b>ID:</b> CTRL_NV_0314<br/><b>Classificação:</b> NÃO VERMELHO – controle cartográfico<br/><b>Classe WRB:</b> Hyperdystric Arenosols<br/><b>Código de solo:</b> ARh<br/><b>Província:</b> 17<br/><b>Cor cartográfica do ponto:</b> Amarelo<br/><b>Fonte:</b> Derivado da camada Solos_Angola; posição sistemática nova; fora da mancha vermelha<br/><b>Longitude:</b> 17.308160<br/><b>Latitude:</b> -8.100029]]></description>
<Point>
<coordinates>17.30816024,-8.10002943,0</coordinates>
</Point>
</Placemark>
<Placemark>
<name>Amarelo | Hyperdystric Arenosols</name>
<styleUrl>#style_Amarelo</styleUrl>
<description><![CDATA[<b>ID:</b> CTRL_NV_0315<br/><b>Classificação:</b> NÃO VERMELHO – controle cartográfico<br/><b>Classe WRB:</b> Hyperdystric Arenosols<br/><b>Código de solo:</b> ARh<br/><b>Província:</b> 17<br/><b>Cor cartográfica do ponto:</b> Amarelo<br/><b>Fonte:</b> Derivado da camada Solos_Angola; posição sistemática nova; fora da mancha vermelha<br/><b>Longitude:</b> 17.308160<br/><b>Latitude:</b> -7.941749]]></description>
<Point>
<coordinates>17.30816024,-7.94174920,0</coordinates>
</Point>
</Placemark>
<Placemark>
<name>Amarelo | Hyperdystric Arenosols</name>
<styleUrl>#style_Amarelo</styleUrl>
<description><![CDATA[<b>ID:</b> CTRL_NV_0316<br/><b>Classificação:</b> NÃO VERMELHO – controle cartográfico<br/><b>Classe WRB:</b> Hyperdystric Arenosols<br/><b>Código de solo:</b> ARh<br/><b>Província:</b> 17<br/><b>Cor cartográfica do ponto:</b> Amarelo<br/><b>Fonte:</b> Derivado da camada Solos_Angola; posição sistemática nova; fora da mancha vermelha<br/><b>Longitude:</b> 17.308160<br/><b>Latitude:</b> -7.783528]]></description>
<Point>
<coordinates>17.30816024,-7.78352835,0</coordinates>
</Point>
</Placemark>
<Placemark>
<name>Amarelo | Gleyic Arenosols</name>
<styleUrl>#style_Amarelo</styleUrl>
<description><![CDATA[<b>ID:</b> CTRL_NV_0317<br/><b>Classificação:</b> NÃO VERMELHO – controle cartográfico<br/><b>Classe WRB:</b> Gleyic Arenosols<br/><b>Código de solo:</b> ARg<br/><b>Província:</b> 21<br/><b>Cor cartográfica do ponto:</b> Amarelo<br/><b>Fonte:</b> Derivado da camada Solos_Angola; posição sistemática nova; fora da mancha vermelha<br/><b>Longitude:</b> 17.515444<br/><b>Latitude:</b> -12.721738]]></description>
<Point>
<coordinates>17.51544360,-12.72173821,0</coordinates>
</Point>
</Placemark>
<Placemark>
<name>Amarelo | Gleyic Arenosols</name>
<styleUrl>#style_Amarelo</styleUrl>
<description><![CDATA[<b>ID:</b> CTRL_NV_0318<br/><b>Classificação:</b> NÃO VERMELHO – controle cartográfico<br/><b>Classe WRB:</b> Gleyic Arenosols<br/><b>Código de solo:</b> ARg<br/><b>Província:</b> 21<br/><b>Cor cartográfica do ponto:</b> Amarelo<br/><b>Fonte:</b> Derivado da camada Solos_Angola; posição sistemática nova; fora da mancha vermelha<br/><b>Longitude:</b> 17.515444<br/><b>Latitude:</b> -12.561174]]></description>
<Point>
<coordinates>17.51544360,-12.56117375,0</coordinates>
</Point>
</Placemark>
<Placemark>
<name>Amarelo | Gleyic Arenosols</name>
<styleUrl>#style_Amarelo</styleUrl>
<description><![CDATA[<b>ID:</b> CTRL_NV_0319<br/><b>Classificação:</b> NÃO VERMELHO – controle cartográfico<br/><b>Classe WRB:</b> Gleyic Arenosols<br/><b>Código de solo:</b> ARg<br/><b>Província:</b> 21<br/><b>Cor cartográfica do ponto:</b> Amarelo<br/><b>Fonte:</b> Derivado da camada Solos_Angola; posição sistemática nova; fora da mancha vermelha<br/><b>Longitude:</b> 17.515444<br/><b>Latitude:</b> -12.400707]]></description>
<Point>
<coordinates>17.51544360,-12.40070693,0</coordinates>
</Point>
</Placemark>
<Placemark>
<name>Marrom | Gleyic Alisols</name>
<styleUrl>#style_Marrom</styleUrl>
<description><![CDATA[<b>ID:</b> CTRL_NV_0320<br/><b>Classificação:</b> NÃO VERMELHO – controle cartográfico<br/><b>Classe WRB:</b> Gleyic Alisols<br/><b>Código de solo:</b> ALg<br/><b>Província:</b> 17<br/><b>Cor cartográfica do ponto:</b> Marrom<br/><b>Fonte:</b> Derivado da camada Solos_Angola; posição sistemática nova; fora da mancha vermelha<br/><b>Longitude:</b> 17.515444<br/><b>Latitude:</b> -11.280056]]></description>
<Point>
<coordinates>17.51544360,-11.28005586,0</coordinates>
</Point>
</Placemark>
<Placemark>
<name>Marrom | Gleyic Alisols</name>
<styleUrl>#style_Marrom</styleUrl>
<description><![CDATA[<b>ID:</b> CTRL_NV_0321<br/><b>Classificação:</b> NÃO VERMELHO – controle cartográfico<br/><b>Classe WRB:</b> Gleyic Alisols<br/><b>Código de solo:</b> ALg<br/><b>Província:</b> 17<br/><b>Cor cartográfica do ponto:</b> Marrom<br/><b>Fonte:</b> Derivado da camada Solos_Angola; posição sistemática nova; fora da mancha vermelha<br/><b>Longitude:</b> 17.515444<br/><b>Latitude:</b> -11.120320]]></description>
<Point>
<coordinates>17.51544360,-11.12032011,0</coordinates>
</Point>
</Placemark>
<Placemark>
<name>Marrom | Gleyic Alisols</name>
<styleUrl>#style_Marrom</styleUrl>
<description><![CDATA[<b>ID:</b> CTRL_NV_0322<br/><b>Classificação:</b> NÃO VERMELHO – controle cartográfico<br/><b>Classe WRB:</b> Gleyic Alisols<br/><b>Código de solo:</b> ALg<br/><b>Província:</b> 17<br/><b>Cor cartográfica do ponto:</b> Marrom<br/><b>Fonte:</b> Derivado da camada Solos_Angola; posição sistemática nova; fora da mancha vermelha<br/><b>Longitude:</b> 17.515444<br/><b>Latitude:</b> -10.960670]]></description>
<Point>
<coordinates>17.51544360,-10.96066960,0</coordinates>
</Point>
</Placemark>
<Placemark>
<name>Marrom | Gleyic Alisols</name>
<styleUrl>#style_Marrom</styleUrl>
<description><![CDATA[<b>ID:</b> CTRL_NV_0323<br/><b>Classificação:</b> NÃO VERMELHO – controle cartográfico<br/><b>Classe WRB:</b> Gleyic Alisols<br/><b>Código de solo:</b> ALg<br/><b>Província:</b> 17<br/><b>Cor cartográfica do ponto:</b> Marrom<br/><b>Fonte:</b> Derivado da camada Solos_Angola; posição sistemática nova; fora da mancha vermelha<br/><b>Longitude:</b> 17.515444<br/><b>Latitude:</b> -10.801103]]></description>
<Point>
<coordinates>17.51544360,-10.80110298,0</coordinates>
</Point>
</Placemark>
<Placemark>
<name>Marrom | Gleyic Alisols</name>
<styleUrl>#style_Marrom</styleUrl>
<description><![CDATA[<b>ID:</b> CTRL_NV_0324<br/><b>Classificação:</b> NÃO VERMELHO – controle cartográfico<br/><b>Classe WRB:</b> Gleyic Alisols<br/><b>Código de solo:</b> ALg<br/><b>Província:</b> 17<br/><b>Cor cartográfica do ponto:</b> Marrom<br/><b>Fonte:</b> Derivado da camada Solos_Angola; posição sistemática nova; fora da mancha vermelha<br/><b>Longitude:</b> 17.515444<br/><b>Latitude:</b> -10.641619]]></description>
<Point>
<coordinates>17.51544360,-10.64161890,0</coordinates>
</Point>
</Placemark>
<Placemark>
<name>Marrom | Gleyic Alisols</name>
<styleUrl>#style_Marrom</styleUrl>
<description><![CDATA[<b>ID:</b> CTRL_NV_0325<br/><b>Classificação:</b> NÃO VERMELHO – controle cartográfico<br/><b>Classe WRB:</b> Gleyic Alisols<br/><b>Código de solo:</b> ALg<br/><b>Província:</b> 17<br/><b>Cor cartográfica do ponto:</b> Marrom<br/><b>Fonte:</b> Derivado da camada Solos_Angola; posição sistemática nova; fora da mancha vermelha<br/><b>Longitude:</b> 17.515444<br/><b>Latitude:</b> -10.482216]]></description>
<Point>
<coordinates>17.51544360,-10.48221604,0</coordinates>
</Point>
</Placemark>
<Placemark>
<name>Marrom | Gleyic Alisols</name>
<styleUrl>#style_Marrom</styleUrl>
<description><![CDATA[<b>ID:</b> CTRL_NV_0326<br/><b>Classificação:</b> NÃO VERMELHO – controle cartográfico<br/><b>Classe WRB:</b> Gleyic Alisols<br/><b>Código de solo:</b> ALg<br/><b>Província:</b> 17<br/><b>Cor cartográfica do ponto:</b> Marrom<br/><b>Fonte:</b> Derivado da camada Solos_Angola; posição sistemática nova; fora da mancha vermelha<br/><b>Longitude:</b> 17.515444<br/><b>Latitude:</b> -10.322893]]></description>
<Point>
<coordinates>17.51544360,-10.32289306,0</coordinates>
</Point>
</Placemark>
<Placemark>
<name>Verde | Dystri-Arenic Regosols</name>
<styleUrl>#style_Verde</styleUrl>
<description><![CDATA[<b>ID:</b> CTRL_NV_0327<br/><b>Classificação:</b> NÃO VERMELHO – controle cartográfico<br/><b>Classe WRB:</b> Dystri-Arenic Regosols<br/><b>Código de solo:</b> RGd<br/><b>Província:</b> 17<br/><b>Cor cartográfica do ponto:</b> Verde<br/><b>Fonte:</b> Derivado da camada Solos_Angola; posição sistemática nova; fora da mancha vermelha<br/><b>Longitude:</b> 17.515444<br/><b>Latitude:</b> -10.004481]]></description>
<Point>
<coordinates>17.51544360,-10.00448148,0</coordinates>
</Point>
</Placemark>
<Placemark>
<name>Verde | Dystri-Arenic Regosols</name>
<styleUrl>#style_Verde</styleUrl>
<description><![CDATA[<b>ID:</b> CTRL_NV_0328<br/><b>Classificação:</b> NÃO VERMELHO – controle cartográfico<br/><b>Classe WRB:</b> Dystri-Arenic Regosols<br/><b>Código de solo:</b> RGd<br/><b>Província:</b> 17<br/><b>Cor cartográfica do ponto:</b> Verde<br/><b>Fonte:</b> Derivado da camada Solos_Angola; posição sistemática nova; fora da mancha vermelha<br/><b>Longitude:</b> 17.515444<br/><b>Latitude:</b> -9.845390]]></description>
<Point>
<coordinates>17.51544360,-9.84539026,0</coordinates>
</Point>
</Placemark>
<Placemark>
<name>Verde | Dystri-Arenic Regosols</name>
<styleUrl>#style_Verde</styleUrl>
<description><![CDATA[<b>ID:</b> CTRL_NV_0329<br/><b>Classificação:</b> NÃO VERMELHO – controle cartográfico<br/><b>Classe WRB:</b> Dystri-Arenic Regosols<br/><b>Código de solo:</b> RGd<br/><b>Província:</b> 18<br/><b>Cor cartográfica do ponto:</b> Verde<br/><b>Fonte:</b> Derivado da camada Solos_Angola; posição sistemática nova; fora da mancha vermelha<br/><b>Longitude:</b> 17.515444<br/><b>Latitude:</b> -9.686374]]></description>
<Point>
<coordinates>17.51544360,-9.68637367,0</coordinates>
</Point>
</Placemark>
<Placemark>
<name>Amarelo | Dystric Arenosols</name>
<styleUrl>#style_Amarelo</styleUrl>
<description><![CDATA[<b>ID:</b> CTRL_NV_0330<br/><b>Classificação:</b> NÃO VERMELHO – controle cartográfico<br/><b>Classe WRB:</b> Dystric Arenosols<br/><b>Código de solo:</b> ARh<br/><b>Província:</b> 27<br/><b>Cor cartográfica do ponto:</b> Amarelo<br/><b>Fonte:</b> Derivado da camada Solos_Angola; posição sistemática nova; fora da mancha vermelha<br/><b>Longitude:</b> 17.722727<br/><b>Latitude:</b> -16.771864]]></description>
<Point>
<coordinates>17.72272696,-16.77186434,0</coordinates>
</Point>
</Placemark>
<Placemark>
<name>Amarelo | Dystric Arenosols</name>
<styleUrl>#style_Amarelo</styleUrl>
<description><![CDATA[<b>ID:</b> CTRL_NV_0331<br/><b>Classificação:</b> NÃO VERMELHO – controle cartográfico<br/><b>Classe WRB:</b> Dystric Arenosols<br/><b>Código de solo:</b> ARh<br/><b>Província:</b> 27<br/><b>Cor cartográfica do ponto:</b> Amarelo<br/><b>Fonte:</b> Derivado da camada Solos_Angola; posição sistemática nova; fora da mancha vermelha<br/><b>Longitude:</b> 17.722727<br/><b>Latitude:</b> -16.608377]]></description>
<Point>
<coordinates>17.72272696,-16.60837736,0</coordinates>
</Point>
</Placemark>
<Placemark>
<name>Amarelo | Dystric Arenosols</name>
<styleUrl>#style_Amarelo</styleUrl>
<description><![CDATA[<b>ID:</b> CTRL_NV_0332<br/><b>Classificação:</b> NÃO VERMELHO – controle cartográfico<br/><b>Classe WRB:</b> Dystric Arenosols<br/><b>Código de solo:</b> ARh<br/><b>Província:</b> 27<br/><b>Cor cartográfica do ponto:</b> Amarelo<br/><b>Fonte:</b> Derivado da camada Solos_Angola; posição sistemática nova; fora da mancha vermelha<br/><b>Longitude:</b> 17.722727<br/><b>Latitude:</b> -16.445026]]></description>
<Point>
<coordinates>17.72272696,-16.44502599,0</coordinates>
</Point>
</Placemark>
<Placemark>
<name>Amarelo | Dystric Arenosols</name>
<styleUrl>#style_Amarelo</styleUrl>
<description><![CDATA[<b>ID:</b> CTRL_NV_0333<br/><b>Classificação:</b> NÃO VERMELHO – controle cartográfico<br/><b>Classe WRB:</b> Dystric Arenosols<br/><b>Código de solo:</b> ARh<br/><b>Província:</b> 27<br/><b>Cor cartográfica do ponto:</b> Amarelo<br/><b>Fonte:</b> Derivado da camada Solos_Angola; posição sistemática nova; fora da mancha vermelha<br/><b>Longitude:</b> 17.722727<br/><b>Latitude:</b> -16.281809]]></description>
<Point>
<coordinates>17.72272696,-16.28180859,0</coordinates>
</Point>
</Placemark>
<Placemark>
<name>Amarelo | Dystric Arenosols</name>
<styleUrl>#style_Amarelo</styleUrl>
<description><![CDATA[<b>ID:</b> CTRL_NV_0334<br/><b>Classificação:</b> NÃO VERMELHO – controle cartográfico<br/><b>Classe WRB:</b> Dystric Arenosols<br/><b>Código de solo:</b> ARh<br/><b>Província:</b> 27<br/><b>Cor cartográfica do ponto:</b> Amarelo<br/><b>Fonte:</b> Derivado da camada Solos_Angola; posição sistemática nova; fora da mancha vermelha<br/><b>Longitude:</b> 17.722727<br/><b>Latitude:</b> -16.118724]]></description>
<Point>
<coordinates>17.72272696,-16.11872353,0</coordinates>
</Point>
</Placemark>
<Placemark>
<name>Amarelo | Dystric Arenosols</name>
<styleUrl>#style_Amarelo</styleUrl>
<description><![CDATA[<b>ID:</b> CTRL_NV_0335<br/><b>Classificação:</b> NÃO VERMELHO – controle cartográfico<br/><b>Classe WRB:</b> Dystric Arenosols<br/><b>Código de solo:</b> ARh<br/><b>Província:</b> 27<br/><b>Cor cartográfica do ponto:</b> Amarelo<br/><b>Fonte:</b> Derivado da camada Solos_Angola; posição sistemática nova; fora da mancha vermelha<br/><b>Longitude:</b> 17.722727<br/><b>Latitude:</b> -15.955769]]></description>
<Point>
<coordinates>17.72272696,-15.95576919,0</coordinates>
</Point>
</Placemark>
<Placemark>
<name>Marrom | Gleyic Alisols</name>
<styleUrl>#style_Marrom</styleUrl>
<description><![CDATA[<b>ID:</b> CTRL_NV_0336<br/><b>Classificação:</b> NÃO VERMELHO – controle cartográfico<br/><b>Classe WRB:</b> Gleyic Alisols<br/><b>Código de solo:</b> ALg<br/><b>Província:</b> 17<br/><b>Cor cartográfica do ponto:</b> Marrom<br/><b>Fonte:</b> Derivado da camada Solos_Angola; posição sistemática nova; fora da mancha vermelha<br/><b>Longitude:</b> 17.722727<br/><b>Latitude:</b> -11.599788]]></description>
<Point>
<coordinates>17.72272696,-11.59978845,0</coordinates>
</Point>
</Placemark>
<Placemark>
<name>Marrom | Gleyic Alisols</name>
<styleUrl>#style_Marrom</styleUrl>
<description><![CDATA[<b>ID:</b> CTRL_NV_0337<br/><b>Classificação:</b> NÃO VERMELHO – controle cartográfico<br/><b>Classe WRB:</b> Gleyic Alisols<br/><b>Código de solo:</b> ALg<br/><b>Província:</b> 17<br/><b>Cor cartográfica do ponto:</b> Marrom<br/><b>Fonte:</b> Derivado da camada Solos_Angola; posição sistemática nova; fora da mancha vermelha<br/><b>Longitude:</b> 17.722727<br/><b>Latitude:</b> -11.439878]]></description>
<Point>
<coordinates>17.72272696,-11.43987818,0</coordinates>
</Point>
</Placemark>
<Placemark>
<name>Marrom | Gleyic Alisols</name>
<styleUrl>#style_Marrom</styleUrl>
<description><![CDATA[<b>ID:</b> CTRL_NV_0338<br/><b>Classificação:</b> NÃO VERMELHO – controle cartográfico<br/><b>Classe WRB:</b> Gleyic Alisols<br/><b>Código de solo:</b> ALg<br/><b>Província:</b> 17<br/><b>Cor cartográfica do ponto:</b> Marrom<br/><b>Fonte:</b> Derivado da camada Solos_Angola; posição sistemática nova; fora da mancha vermelha<br/><b>Longitude:</b> 17.722727<br/><b>Latitude:</b> -11.280056]]></description>
<Point>
<coordinates>17.72272696,-11.28005586,0</coordinates>
</Point>
</Placemark>
<Placemark>
<name>Marrom | Gleyic Alisols</name>
<styleUrl>#style_Marrom</styleUrl>
<description><![CDATA[<b>ID:</b> CTRL_NV_0339<br/><b>Classificação:</b> NÃO VERMELHO – controle cartográfico<br/><b>Classe WRB:</b> Gleyic Alisols<br/><b>Código de solo:</b> ALg<br/><b>Província:</b> 17<br/><b>Cor cartográfica do ponto:</b> Marrom<br/><b>Fonte:</b> Derivado da camada Solos_Angola; posição sistemática nova; fora da mancha vermelha<br/><b>Longitude:</b> 17.722727<br/><b>Latitude:</b> -11.120320]]></description>
<Point>
<coordinates>17.72272696,-11.12032011,0</coordinates>
</Point>
</Placemark>
<Placemark>
<name>Marrom | Gleyic Alisols</name>
<styleUrl>#style_Marrom</styleUrl>
<description><![CDATA[<b>ID:</b> CTRL_NV_0340<br/><b>Classificação:</b> NÃO VERMELHO – controle cartográfico<br/><b>Classe WRB:</b> Gleyic Alisols<br/><b>Código de solo:</b> ALg<br/><b>Província:</b> 17<br/><b>Cor cartográfica do ponto:</b> Marrom<br/><b>Fonte:</b> Derivado da camada Solos_Angola; posição sistemática nova; fora da mancha vermelha<br/><b>Longitude:</b> 17.722727<br/><b>Latitude:</b> -10.801103]]></description>
<Point>
<coordinates>17.72272696,-10.80110298,0</coordinates>
</Point>
</Placemark>
<Placemark>
<name>Marrom | Gleyic Alisols</name>
<styleUrl>#style_Marrom</styleUrl>
<description><![CDATA[<b>ID:</b> CTRL_NV_0341<br/><b>Classificação:</b> NÃO VERMELHO – controle cartográfico<br/><b>Classe WRB:</b> Gleyic Alisols<br/><b>Código de solo:</b> ALg<br/><b>Província:</b> 17<br/><b>Cor cartográfica do ponto:</b> Marrom<br/><b>Fonte:</b> Derivado da camada Solos_Angola; posição sistemática nova; fora da mancha vermelha<br/><b>Longitude:</b> 17.722727<br/><b>Latitude:</b> -10.641619]]></description>
<Point>
<coordinates>17.72272696,-10.64161890,0</coordinates>
</Point>
</Placemark>
<Placemark>
<name>Marrom | Gleyic Alisols</name>
<styleUrl>#style_Marrom</styleUrl>
<description><![CDATA[<b>ID:</b> CTRL_NV_0342<br/><b>Classificação:</b> NÃO VERMELHO – controle cartográfico<br/><b>Classe WRB:</b> Gleyic Alisols<br/><b>Código de solo:</b> ALg<br/><b>Província:</b> 17<br/><b>Cor cartográfica do ponto:</b> Marrom<br/><b>Fonte:</b> Derivado da camada Solos_Angola; posição sistemática nova; fora da mancha vermelha<br/><b>Longitude:</b> 17.722727<br/><b>Latitude:</b> -10.482216]]></description>
<Point>
<coordinates>17.72272696,-10.48221604,0</coordinates>
</Point>
</Placemark>
<Placemark>
<name>Verde | Dystri-Arenic Regosols</name>
<styleUrl>#style_Verde</styleUrl>
<description><![CDATA[<b>ID:</b> CTRL_NV_0343<br/><b>Classificação:</b> NÃO VERMELHO – controle cartográfico<br/><b>Classe WRB:</b> Dystri-Arenic Regosols<br/><b>Código de solo:</b> RGd<br/><b>Província:</b> 18<br/><b>Cor cartográfica do ponto:</b> Verde<br/><b>Fonte:</b> Derivado da camada Solos_Angola; posição sistemática nova; fora da mancha vermelha<br/><b>Longitude:</b> 17.722727<br/><b>Latitude:</b> -9.845390]]></description>
<Point>
<coordinates>17.72272696,-9.84539026,0</coordinates>
</Point>
</Placemark>
<Placemark>
<name>Verde | Dystri-Arenic Regosols</name>
<styleUrl>#style_Verde</styleUrl>
<description><![CDATA[<b>ID:</b> CTRL_NV_0344<br/><b>Classificação:</b> NÃO VERMELHO – controle cartográfico<br/><b>Classe WRB:</b> Dystri-Arenic Regosols<br/><b>Código de solo:</b> RGd<br/><b>Província:</b> 18<br/><b>Cor cartográfica do ponto:</b> Verde<br/><b>Fonte:</b> Derivado da camada Solos_Angola; posição sistemática nova; fora da mancha vermelha<br/><b>Longitude:</b> 17.722727<br/><b>Latitude:</b> -9.686374]]></description>
<Point>
<coordinates>17.72272696,-9.68637367,0</coordinates>
</Point>
</Placemark>
<Placemark>
<name>Amarelo | Eutric Arenosols</name>
<styleUrl>#style_Amarelo</styleUrl>
<description><![CDATA[<b>ID:</b> CTRL_NV_0345<br/><b>Classificação:</b> NÃO VERMELHO – controle cartográfico<br/><b>Classe WRB:</b> Eutric Arenosols<br/><b>Código de solo:</b> ARh<br/><b>Província:</b> 18<br/><b>Cor cartográfica do ponto:</b> Amarelo<br/><b>Fonte:</b> Derivado da camada Solos_Angola; posição sistemática nova; fora da mancha vermelha<br/><b>Longitude:</b> 17.722727<br/><b>Latitude:</b> -9.527430]]></description>
<Point>
<coordinates>17.72272696,-9.52743041,0</coordinates>
</Point>
</Placemark>
<Placemark>
<name>Verde | Dystri-Arenic Regosols</name>
<styleUrl>#style_Verde</styleUrl>
<description><![CDATA[<b>ID:</b> CTRL_NV_0346<br/><b>Classificação:</b> NÃO VERMELHO – controle cartográfico<br/><b>Classe WRB:</b> Dystri-Arenic Regosols<br/><b>Código de solo:</b> RGd<br/><b>Província:</b> 18<br/><b>Cor cartográfica do ponto:</b> Verde<br/><b>Fonte:</b> Derivado da camada Solos_Angola; posição sistemática nova; fora da mancha vermelha<br/><b>Longitude:</b> 17.722727<br/><b>Latitude:</b> -9.368559]]></description>
<Point>
<coordinates>17.72272696,-9.36855920,0</coordinates>
</Point>
</Placemark>
<Placemark>
<name>Amarelo | Eutric Arenosols</name>
<styleUrl>#style_Amarelo</styleUrl>
<description><![CDATA[<b>ID:</b> CTRL_NV_0347<br/><b>Classificação:</b> NÃO VERMELHO – controle cartográfico<br/><b>Classe WRB:</b> Eutric Arenosols<br/><b>Código de solo:</b> ARh<br/><b>Província:</b> 18<br/><b>Cor cartográfica do ponto:</b> Amarelo<br/><b>Fonte:</b> Derivado da camada Solos_Angola; posição sistemática nova; fora da mancha vermelha<br/><b>Longitude:</b> 17.722727<br/><b>Latitude:</b> -9.209759]]></description>
<Point>
<coordinates>17.72272696,-9.20975874,0</coordinates>
</Point>
</Placemark>
<Placemark>
<name>Amarelo | Dystric Arenosols</name>
<styleUrl>#style_Amarelo</styleUrl>
<description><![CDATA[<b>ID:</b> CTRL_NV_0348<br/><b>Classificação:</b> NÃO VERMELHO – controle cartográfico<br/><b>Classe WRB:</b> Dystric Arenosols<br/><b>Código de solo:</b> ARh<br/><b>Província:</b> 27<br/><b>Cor cartográfica do ponto:</b> Amarelo<br/><b>Fonte:</b> Derivado da camada Solos_Angola; posição sistemática nova; fora da mancha vermelha<br/><b>Longitude:</b> 17.930010<br/><b>Latitude:</b> -16.445026]]></description>
<Point>
<coordinates>17.93001031,-16.44502599,0</coordinates>
</Point>
</Placemark>
<Placemark>
<name>Amarelo | Dystric Arenosols</name>
<styleUrl>#style_Amarelo</styleUrl>
<description><![CDATA[<b>ID:</b> CTRL_NV_0349<br/><b>Classificação:</b> NÃO VERMELHO – controle cartográfico<br/><b>Classe WRB:</b> Dystric Arenosols<br/><b>Código de solo:</b> ARh<br/><b>Província:</b> 27<br/><b>Cor cartográfica do ponto:</b> Amarelo<br/><b>Fonte:</b> Derivado da camada Solos_Angola; posição sistemática nova; fora da mancha vermelha<br/><b>Longitude:</b> 17.930010<br/><b>Latitude:</b> -16.281809]]></description>
<Point>
<coordinates>17.93001031,-16.28180859,0</coordinates>
</Point>
</Placemark>
<Placemark>
<name>Amarelo | Dystric Arenosols</name>
<styleUrl>#style_Amarelo</styleUrl>
<description><![CDATA[<b>ID:</b> CTRL_NV_0350<br/><b>Classificação:</b> NÃO VERMELHO – controle cartográfico<br/><b>Classe WRB:</b> Dystric Arenosols<br/><b>Código de solo:</b> ARh<br/><b>Província:</b> 27<br/><b>Cor cartográfica do ponto:</b> Amarelo<br/><b>Fonte:</b> Derivado da camada Solos_Angola; posição sistemática nova; fora da mancha vermelha<br/><b>Longitude:</b> 17.930010<br/><b>Latitude:</b> -16.118724]]></description>
<Point>
<coordinates>17.93001031,-16.11872353,0</coordinates>
</Point>
</Placemark>
<Placemark>
<name>Marrom | Gleyic Alisols</name>
<styleUrl>#style_Marrom</styleUrl>
<description><![CDATA[<b>ID:</b> CTRL_NV_0351<br/><b>Classificação:</b> NÃO VERMELHO – controle cartográfico<br/><b>Classe WRB:</b> Gleyic Alisols<br/><b>Código de solo:</b> ALg<br/><b>Província:</b> 21<br/><b>Cor cartográfica do ponto:</b> Marrom<br/><b>Fonte:</b> Derivado da camada Solos_Angola; posição sistemática nova; fora da mancha vermelha<br/><b>Longitude:</b> 17.930010<br/><b>Latitude:</b> -11.759788]]></description>
<Point>
<coordinates>17.93001031,-11.75978803,0</coordinates>
</Point>
</Placemark>
<Placemark>
<name>Marrom | Gleyic Alisols</name>
<styleUrl>#style_Marrom</styleUrl>
<description><![CDATA[<b>ID:</b> CTRL_NV_0352<br/><b>Classificação:</b> NÃO VERMELHO – controle cartográfico<br/><b>Classe WRB:</b> Gleyic Alisols<br/><b>Código de solo:</b> ALg<br/><b>Província:</b> 21<br/><b>Cor cartográfica do ponto:</b> Marrom<br/><b>Fonte:</b> Derivado da camada Solos_Angola; posição sistemática nova; fora da mancha vermelha<br/><b>Longitude:</b> 17.930010<br/><b>Latitude:</b> -11.599788]]></description>
<Point>
<coordinates>17.93001031,-11.59978845,0</coordinates>
</Point>
</Placemark>
<Placemark>
<name>Marrom | Gleyic Alisols</name>
<styleUrl>#style_Marrom</styleUrl>
<description><![CDATA[<b>ID:</b> CTRL_NV_0353<br/><b>Classificação:</b> NÃO VERMELHO – controle cartográfico<br/><b>Classe WRB:</b> Gleyic Alisols<br/><b>Código de solo:</b> ALg<br/><b>Província:</b> 17<br/><b>Cor cartográfica do ponto:</b> Marrom<br/><b>Fonte:</b> Derivado da camada Solos_Angola; posição sistemática nova; fora da mancha vermelha<br/><b>Longitude:</b> 17.930010<br/><b>Latitude:</b> -11.280056]]></description>
<Point>
<coordinates>17.93001031,-11.28005586,0</coordinates>
</Point>
</Placemark>
<Placemark>
<name>Marrom | Gleyic Alisols</name>
<styleUrl>#style_Marrom</styleUrl>
<description><![CDATA[<b>ID:</b> CTRL_NV_0354<br/><b>Classificação:</b> NÃO VERMELHO – controle cartográfico<br/><b>Classe WRB:</b> Gleyic Alisols<br/><b>Código de solo:</b> ALg<br/><b>Província:</b> 17<br/><b>Cor cartográfica do ponto:</b> Marrom<br/><b>Fonte:</b> Derivado da camada Solos_Angola; posição sistemática nova; fora da mancha vermelha<br/><b>Longitude:</b> 17.930010<br/><b>Latitude:</b> -10.641619]]></description>
<Point>
<coordinates>17.93001031,-10.64161890,0</coordinates>
</Point>
</Placemark>
<Placemark>
<name>Marrom | Gleyic Alisols</name>
<styleUrl>#style_Marrom</styleUrl>
<description><![CDATA[<b>ID:</b> CTRL_NV_0355<br/><b>Classificação:</b> NÃO VERMELHO – controle cartográfico<br/><b>Classe WRB:</b> Gleyic Alisols<br/><b>Código de solo:</b> ALg<br/><b>Província:</b> 17<br/><b>Cor cartográfica do ponto:</b> Marrom<br/><b>Fonte:</b> Derivado da camada Solos_Angola; posição sistemática nova; fora da mancha vermelha<br/><b>Longitude:</b> 17.930010<br/><b>Latitude:</b> -10.482216]]></description>
<Point>
<coordinates>17.93001031,-10.48221604,0</coordinates>
</Point>
</Placemark>
<Placemark>
<name>Marrom | Gleyic Alisols</name>
<styleUrl>#style_Marrom</styleUrl>
<description><![CDATA[<b>ID:</b> CTRL_NV_0356<br/><b>Classificação:</b> NÃO VERMELHO – controle cartográfico<br/><b>Classe WRB:</b> Gleyic Alisols<br/><b>Código de solo:</b> ALg<br/><b>Província:</b> 18<br/><b>Cor cartográfica do ponto:</b> Marrom<br/><b>Fonte:</b> Derivado da camada Solos_Angola; posição sistemática nova; fora da mancha vermelha<br/><b>Longitude:</b> 17.930010<br/><b>Latitude:</b> -9.527430]]></description>
<Point>
<coordinates>17.93001031,-9.52743041,0</coordinates>
</Point>
</Placemark>
<Placemark>
<name>Amarelo | Dystric Arenosols</name>
<styleUrl>#style_Amarelo</styleUrl>
<description><![CDATA[<b>ID:</b> CTRL_NV_0357<br/><b>Classificação:</b> NÃO VERMELHO – controle cartográfico<br/><b>Classe WRB:</b> Dystric Arenosols<br/><b>Código de solo:</b> ARh<br/><b>Província:</b> 27<br/><b>Cor cartográfica do ponto:</b> Amarelo<br/><b>Fonte:</b> Derivado da camada Solos_Angola; posição sistemática nova; fora da mancha vermelha<br/><b>Longitude:</b> 18.137294<br/><b>Latitude:</b> -16.771864]]></description>
<Point>
<coordinates>18.13729367,-16.77186434,0</coordinates>
</Point>
</Placemark>
<Placemark>
<name>Amarelo | Dystric Arenosols</name>
<styleUrl>#style_Amarelo</styleUrl>
<description><![CDATA[<b>ID:</b> CTRL_NV_0358<br/><b>Classificação:</b> NÃO VERMELHO – controle cartográfico<br/><b>Classe WRB:</b> Dystric Arenosols<br/><b>Código de solo:</b> ARh<br/><b>Província:</b> 27<br/><b>Cor cartográfica do ponto:</b> Amarelo<br/><b>Fonte:</b> Derivado da camada Solos_Angola; posição sistemática nova; fora da mancha vermelha<br/><b>Longitude:</b> 18.137294<br/><b>Latitude:</b> -16.608377]]></description>
<Point>
<coordinates>18.13729367,-16.60837736,0</coordinates>
</Point>
</Placemark>
<Placemark>
<name>Amarelo | Dystric Arenosols</name>
<styleUrl>#style_Amarelo</styleUrl>
<description><![CDATA[<b>ID:</b> CTRL_NV_0359<br/><b>Classificação:</b> NÃO VERMELHO – controle cartográfico<br/><b>Classe WRB:</b> Dystric Arenosols<br/><b>Código de solo:</b> ARh<br/><b>Província:</b> 27<br/><b>Cor cartográfica do ponto:</b> Amarelo<br/><b>Fonte:</b> Derivado da camada Solos_Angola; posição sistemática nova; fora da mancha vermelha<br/><b>Longitude:</b> 18.137294<br/><b>Latitude:</b> -16.445026]]></description>
<Point>
<coordinates>18.13729367,-16.44502599,0</coordinates>
</Point>
</Placemark>
<Placemark>
<name>Marrom | Gleyic Alisols</name>
<styleUrl>#style_Marrom</styleUrl>
<description><![CDATA[<b>ID:</b> CTRL_NV_0360<br/><b>Classificação:</b> NÃO VERMELHO – controle cartográfico<br/><b>Classe WRB:</b> Gleyic Alisols<br/><b>Código de solo:</b> ALg<br/><b>Província:</b> 21<br/><b>Cor cartográfica do ponto:</b> Marrom<br/><b>Fonte:</b> Derivado da camada Solos_Angola; posição sistemática nova; fora da mancha vermelha<br/><b>Longitude:</b> 18.137294<br/><b>Latitude:</b> -11.599788]]></description>
<Point>
<coordinates>18.13729367,-11.59978845,0</coordinates>
</Point>
</Placemark>
<Placemark>
<name>Marrom | Gleyic Alisols</name>
<styleUrl>#style_Marrom</styleUrl>
<description><![CDATA[<b>ID:</b> CTRL_NV_0361<br/><b>Classificação:</b> NÃO VERMELHO – controle cartográfico<br/><b>Classe WRB:</b> Gleyic Alisols<br/><b>Código de solo:</b> ALg<br/><b>Província:</b> 18<br/><b>Cor cartográfica do ponto:</b> Marrom<br/><b>Fonte:</b> Derivado da camada Solos_Angola; posição sistemática nova; fora da mancha vermelha<br/><b>Longitude:</b> 18.137294<br/><b>Latitude:</b> -9.686374]]></description>
<Point>
<coordinates>18.13729367,-9.68637367,0</coordinates>
</Point>
</Placemark>
<Placemark>
<name>Marrom | Gleyic Alisols</name>
<styleUrl>#style_Marrom</styleUrl>
<description><![CDATA[<b>ID:</b> CTRL_NV_0362<br/><b>Classificação:</b> NÃO VERMELHO – controle cartográfico<br/><b>Classe WRB:</b> Gleyic Alisols<br/><b>Código de solo:</b> ALg<br/><b>Província:</b> 18<br/><b>Cor cartográfica do ponto:</b> Marrom<br/><b>Fonte:</b> Derivado da camada Solos_Angola; posição sistemática nova; fora da mancha vermelha<br/><b>Longitude:</b> 18.137294<br/><b>Latitude:</b> -9.527430]]></description>
<Point>
<coordinates>18.13729367,-9.52743041,0</coordinates>
</Point>
</Placemark>
<Placemark>
<name>Amarelo | Dystric Arenosols</name>
<styleUrl>#style_Amarelo</styleUrl>
<description><![CDATA[<b>ID:</b> CTRL_NV_0363<br/><b>Classificação:</b> NÃO VERMELHO – controle cartográfico<br/><b>Classe WRB:</b> Dystric Arenosols<br/><b>Código de solo:</b> ARh<br/><b>Província:</b> 27<br/><b>Cor cartográfica do ponto:</b> Amarelo<br/><b>Fonte:</b> Derivado da camada Solos_Angola; posição sistemática nova; fora da mancha vermelha<br/><b>Longitude:</b> 18.344577<br/><b>Latitude:</b> -17.099252]]></description>
<Point>
<coordinates>18.34457703,-17.09925172,0</coordinates>
</Point>
</Placemark>
<Placemark>
<name>Amarelo | Dystric Arenosols</name>
<styleUrl>#style_Amarelo</styleUrl>
<description><![CDATA[<b>ID:</b> CTRL_NV_0364<br/><b>Classificação:</b> NÃO VERMELHO – controle cartográfico<br/><b>Classe WRB:</b> Dystric Arenosols<br/><b>Código de solo:</b> ARh<br/><b>Província:</b> 27<br/><b>Cor cartográfica do ponto:</b> Amarelo<br/><b>Fonte:</b> Derivado da camada Solos_Angola; posição sistemática nova; fora da mancha vermelha<br/><b>Longitude:</b> 18.344577<br/><b>Latitude:</b> -16.935489]]></description>
<Point>
<coordinates>18.34457703,-16.93548857,0</coordinates>
</Point>
</Placemark>
<Placemark>
<name>Amarelo | Dystric Arenosols</name>
<styleUrl>#style_Amarelo</styleUrl>
<description><![CDATA[<b>ID:</b> CTRL_NV_0365<br/><b>Classificação:</b> NÃO VERMELHO – controle cartográfico<br/><b>Classe WRB:</b> Dystric Arenosols<br/><b>Código de solo:</b> ARh<br/><b>Província:</b> 27<br/><b>Cor cartográfica do ponto:</b> Amarelo<br/><b>Fonte:</b> Derivado da camada Solos_Angola; posição sistemática nova; fora da mancha vermelha<br/><b>Longitude:</b> 18.344577<br/><b>Latitude:</b> -16.771864]]></description>
<Point>
<coordinates>18.34457703,-16.77186434,0</coordinates>
</Point>
</Placemark>
<Placemark>
<name>Amarelo | Dystric Arenosols</name>
<styleUrl>#style_Amarelo</styleUrl>
<description><![CDATA[<b>ID:</b> CTRL_NV_0366<br/><b>Classificação:</b> NÃO VERMELHO – controle cartográfico<br/><b>Classe WRB:</b> Dystric Arenosols<br/><b>Código de solo:</b> ARh<br/><b>Província:</b> 27<br/><b>Cor cartográfica do ponto:</b> Amarelo<br/><b>Fonte:</b> Derivado da camada Solos_Angola; posição sistemática nova; fora da mancha vermelha<br/><b>Longitude:</b> 18.344577<br/><b>Latitude:</b> -16.608377]]></description>
<Point>
<coordinates>18.34457703,-16.60837736,0</coordinates>
</Point>
</Placemark>
<Placemark>
<name>Marrom | Gleyic Alisols</name>
<styleUrl>#style_Marrom</styleUrl>
<description><![CDATA[<b>ID:</b> CTRL_NV_0367<br/><b>Classificação:</b> NÃO VERMELHO – controle cartográfico<br/><b>Classe WRB:</b> Gleyic Alisols<br/><b>Código de solo:</b> ALg<br/><b>Província:</b> 17<br/><b>Cor cartográfica do ponto:</b> Marrom<br/><b>Fonte:</b> Derivado da camada Solos_Angola; posição sistemática nova; fora da mancha vermelha<br/><b>Longitude:</b> 18.344577<br/><b>Latitude:</b> -9.845390]]></description>
<Point>
<coordinates>18.34457703,-9.84539026,0</coordinates>
</Point>
</Placemark>
<Placemark>
<name>Marrom | Gleyic Alisols</name>
<styleUrl>#style_Marrom</styleUrl>
<description><![CDATA[<b>ID:</b> CTRL_NV_0368<br/><b>Classificação:</b> NÃO VERMELHO – controle cartográfico<br/><b>Classe WRB:</b> Gleyic Alisols<br/><b>Código de solo:</b> ALg<br/><b>Província:</b> 18<br/><b>Cor cartográfica do ponto:</b> Marrom<br/><b>Fonte:</b> Derivado da camada Solos_Angola; posição sistemática nova; fora da mancha vermelha<br/><b>Longitude:</b> 18.344577<br/><b>Latitude:</b> -9.686374]]></description>
<Point>
<coordinates>18.34457703,-9.68637367,0</coordinates>
</Point>
</Placemark>
<Placemark>
<name>Marrom | Gleyic Alisols</name>
<styleUrl>#style_Marrom</styleUrl>
<description><![CDATA[<b>ID:</b> CTRL_NV_0369<br/><b>Classificação:</b> NÃO VERMELHO – controle cartográfico<br/><b>Classe WRB:</b> Gleyic Alisols<br/><b>Código de solo:</b> ALg<br/><b>Província:</b> 18<br/><b>Cor cartográfica do ponto:</b> Marrom<br/><b>Fonte:</b> Derivado da camada Solos_Angola; posição sistemática nova; fora da mancha vermelha<br/><b>Longitude:</b> 18.344577<br/><b>Latitude:</b> -9.527430]]></description>
<Point>
<coordinates>18.34457703,-9.52743041,0</coordinates>
</Point>
</Placemark>
<Placemark>
<name>Amarelo | Dystric Arenosols</name>
<styleUrl>#style_Amarelo</styleUrl>
<description><![CDATA[<b>ID:</b> CTRL_NV_0370<br/><b>Classificação:</b> NÃO VERMELHO – controle cartográfico<br/><b>Classe WRB:</b> Dystric Arenosols<br/><b>Código de solo:</b> ARh<br/><b>Província:</b> 27<br/><b>Cor cartográfica do ponto:</b> Amarelo<br/><b>Fonte:</b> Derivado da camada Solos_Angola; posição sistemática nova; fora da mancha vermelha<br/><b>Longitude:</b> 18.551860<br/><b>Latitude:</b> -17.427201]]></description>
<Point>
<coordinates>18.55186038,-17.42720146,0</coordinates>
</Point>
</Placemark>
<Placemark>
<name>Amarelo | Dystric Arenosols</name>
<styleUrl>#style_Amarelo</styleUrl>
<description><![CDATA[<b>ID:</b> CTRL_NV_0371<br/><b>Classificação:</b> NÃO VERMELHO – controle cartográfico<br/><b>Classe WRB:</b> Dystric Arenosols<br/><b>Código de solo:</b> ARh<br/><b>Província:</b> 27<br/><b>Cor cartográfica do ponto:</b> Amarelo<br/><b>Fonte:</b> Derivado da camada Solos_Angola; posição sistemática nova; fora da mancha vermelha<br/><b>Longitude:</b> 18.551860<br/><b>Latitude:</b> -17.263155]]></description>
<Point>
<coordinates>18.55186038,-17.26315545,0</coordinates>
</Point>
</Placemark>
<Placemark>
<name>Amarelo | Dystric Arenosols</name>
<styleUrl>#style_Amarelo</styleUrl>
<description><![CDATA[<b>ID:</b> CTRL_NV_0372<br/><b>Classificação:</b> NÃO VERMELHO – controle cartográfico<br/><b>Classe WRB:</b> Dystric Arenosols<br/><b>Código de solo:</b> ARh<br/><b>Província:</b> 27<br/><b>Cor cartográfica do ponto:</b> Amarelo<br/><b>Fonte:</b> Derivado da camada Solos_Angola; posição sistemática nova; fora da mancha vermelha<br/><b>Longitude:</b> 18.551860<br/><b>Latitude:</b> -17.099252]]></description>
<Point>
<coordinates>18.55186038,-17.09925172,0</coordinates>
</Point>
</Placemark>
<Placemark>
<name>Amarelo | Dystric Arenosols</name>
<styleUrl>#style_Amarelo</styleUrl>
<description><![CDATA[<b>ID:</b> CTRL_NV_0373<br/><b>Classificação:</b> NÃO VERMELHO – controle cartográfico<br/><b>Classe WRB:</b> Dystric Arenosols<br/><b>Código de solo:</b> ARh<br/><b>Província:</b> 27<br/><b>Cor cartográfica do ponto:</b> Amarelo<br/><b>Fonte:</b> Derivado da camada Solos_Angola; posição sistemática nova; fora da mancha vermelha<br/><b>Longitude:</b> 18.551860<br/><b>Latitude:</b> -16.935489]]></description>
<Point>
<coordinates>18.55186038,-16.93548857,0</coordinates>
</Point>
</Placemark>
<Placemark>
<name>Amarelo | Dystric Arenosols</name>
<styleUrl>#style_Amarelo</styleUrl>
<description><![CDATA[<b>ID:</b> CTRL_NV_0374<br/><b>Classificação:</b> NÃO VERMELHO – controle cartográfico<br/><b>Classe WRB:</b> Dystric Arenosols<br/><b>Código de solo:</b> ARh<br/><b>Província:</b> 27<br/><b>Cor cartográfica do ponto:</b> Amarelo<br/><b>Fonte:</b> Derivado da camada Solos_Angola; posição sistemática nova; fora da mancha vermelha<br/><b>Longitude:</b> 18.551860<br/><b>Latitude:</b> -16.771864]]></description>
<Point>
<coordinates>18.55186038,-16.77186434,0</coordinates>
</Point>
</Placemark>
<Placemark>
<name>Amarelo | Dystric Arenosols</name>
<styleUrl>#style_Amarelo</styleUrl>
<description><![CDATA[<b>ID:</b> CTRL_NV_0375<br/><b>Classificação:</b> NÃO VERMELHO – controle cartográfico<br/><b>Classe WRB:</b> Dystric Arenosols<br/><b>Código de solo:</b> ARh<br/><b>Província:</b> 27<br/><b>Cor cartográfica do ponto:</b> Amarelo<br/><b>Fonte:</b> Derivado da camada Solos_Angola; posição sistemática nova; fora da mancha vermelha<br/><b>Longitude:</b> 18.551860<br/><b>Latitude:</b> -16.608377]]></description>
<Point>
<coordinates>18.55186038,-16.60837736,0</coordinates>
</Point>
</Placemark>
<Placemark>
<name>Verde | Carbic Podzols</name>
<styleUrl>#style_Verde</styleUrl>
<description><![CDATA[<b>ID:</b> CTRL_NV_0376<br/><b>Classificação:</b> NÃO VERMELHO – controle cartográfico<br/><b>Classe WRB:</b> Carbic Podzols<br/><b>Código de solo:</b> PZc<br/><b>Província:</b> 27<br/><b>Cor cartográfica do ponto:</b> Verde<br/><b>Fonte:</b> Derivado da camada Solos_Angola; posição sistemática nova; fora da mancha vermelha<br/><b>Longitude:</b> 18.551860<br/><b>Latitude:</b> -16.445026]]></description>
<Point>
<coordinates>18.55186038,-16.44502599,0</coordinates>
</Point>
</Placemark>
<Placemark>
<name>Verde | Carbic Podzols</name>
<styleUrl>#style_Verde</styleUrl>
<description><![CDATA[<b>ID:</b> CTRL_NV_0377<br/><b>Classificação:</b> NÃO VERMELHO – controle cartográfico<br/><b>Classe WRB:</b> Carbic Podzols<br/><b>Código de solo:</b> PZc<br/><b>Província:</b> 27<br/><b>Cor cartográfica do ponto:</b> Verde<br/><b>Fonte:</b> Derivado da camada Solos_Angola; posição sistemática nova; fora da mancha vermelha<br/><b>Longitude:</b> 18.551860<br/><b>Latitude:</b> -16.281809]]></description>
<Point>
<coordinates>18.55186038,-16.28180859,0</coordinates>
</Point>
</Placemark>
<Placemark>
<name>Verde | Carbic Podzols</name>
<styleUrl>#style_Verde</styleUrl>
<description><![CDATA[<b>ID:</b> CTRL_NV_0378<br/><b>Classificação:</b> NÃO VERMELHO – controle cartográfico<br/><b>Classe WRB:</b> Carbic Podzols<br/><b>Código de solo:</b> PZc<br/><b>Província:</b> 27<br/><b>Cor cartográfica do ponto:</b> Verde<br/><b>Fonte:</b> Derivado da camada Solos_Angola; posição sistemática nova; fora da mancha vermelha<br/><b>Longitude:</b> 18.551860<br/><b>Latitude:</b> -16.118724]]></description>
<Point>
<coordinates>18.55186038,-16.11872353,0</coordinates>
</Point>
</Placemark>
<Placemark>
<name>Marrom | Gleyic Alisols</name>
<styleUrl>#style_Marrom</styleUrl>
<description><![CDATA[<b>ID:</b> CTRL_NV_0379<br/><b>Classificação:</b> NÃO VERMELHO – controle cartográfico<br/><b>Classe WRB:</b> Gleyic Alisols<br/><b>Código de solo:</b> ALg<br/><b>Província:</b> 17<br/><b>Cor cartográfica do ponto:</b> Marrom<br/><b>Fonte:</b> Derivado da camada Solos_Angola; posição sistemática nova; fora da mancha vermelha<br/><b>Longitude:</b> 18.551860<br/><b>Latitude:</b> -9.845390]]></description>
<Point>
<coordinates>18.55186038,-9.84539026,0</coordinates>
</Point>
</Placemark>
<Placemark>
<name>Marrom | Gleyic Alisols</name>
<styleUrl>#style_Marrom</styleUrl>
<description><![CDATA[<b>ID:</b> CTRL_NV_0380<br/><b>Classificação:</b> NÃO VERMELHO – controle cartográfico<br/><b>Classe WRB:</b> Gleyic Alisols<br/><b>Código de solo:</b> ALg<br/><b>Província:</b> 18<br/><b>Cor cartográfica do ponto:</b> Marrom<br/><b>Fonte:</b> Derivado da camada Solos_Angola; posição sistemática nova; fora da mancha vermelha<br/><b>Longitude:</b> 18.551860<br/><b>Latitude:</b> -9.686374]]></description>
<Point>
<coordinates>18.55186038,-9.68637367,0</coordinates>
</Point>
</Placemark>
<Placemark>
<name>Amarelo | Dystric Arenosols</name>
<styleUrl>#style_Amarelo</styleUrl>
<description><![CDATA[<b>ID:</b> CTRL_NV_0381<br/><b>Classificação:</b> NÃO VERMELHO – controle cartográfico<br/><b>Classe WRB:</b> Dystric Arenosols<br/><b>Código de solo:</b> ARh<br/><b>Província:</b> 27<br/><b>Cor cartográfica do ponto:</b> Amarelo<br/><b>Fonte:</b> Derivado da camada Solos_Angola; posição sistemática nova; fora da mancha vermelha<br/><b>Longitude:</b> 18.759144<br/><b>Latitude:</b> -17.591391]]></description>
<Point>
<coordinates>18.75914374,-17.59139143,0</coordinates>
</Point>
</Placemark>
<Placemark>
<name>Amarelo | Dystric Arenosols</name>
<styleUrl>#style_Amarelo</styleUrl>
<description><![CDATA[<b>ID:</b> CTRL_NV_0382<br/><b>Classificação:</b> NÃO VERMELHO – controle cartográfico<br/><b>Classe WRB:</b> Dystric Arenosols<br/><b>Código de solo:</b> ARh<br/><b>Província:</b> 27<br/><b>Cor cartográfica do ponto:</b> Amarelo<br/><b>Fonte:</b> Derivado da camada Solos_Angola; posição sistemática nova; fora da mancha vermelha<br/><b>Longitude:</b> 18.759144<br/><b>Latitude:</b> -17.427201]]></description>
<Point>
<coordinates>18.75914374,-17.42720146,0</coordinates>
</Point>
</Placemark>
<Placemark>
<name>Amarelo | Dystric Arenosols</name>
<styleUrl>#style_Amarelo</styleUrl>
<description><![CDATA[<b>ID:</b> CTRL_NV_0383<br/><b>Classificação:</b> NÃO VERMELHO – controle cartográfico<br/><b>Classe WRB:</b> Dystric Arenosols<br/><b>Código de solo:</b> ARh<br/><b>Província:</b> 27<br/><b>Cor cartográfica do ponto:</b> Amarelo<br/><b>Fonte:</b> Derivado da camada Solos_Angola; posição sistemática nova; fora da mancha vermelha<br/><b>Longitude:</b> 18.759144<br/><b>Latitude:</b> -17.263155]]></description>
<Point>
<coordinates>18.75914374,-17.26315545,0</coordinates>
</Point>
</Placemark>
<Placemark>
<name>Amarelo | Dystric Arenosols</name>
<styleUrl>#style_Amarelo</styleUrl>
<description><![CDATA[<b>ID:</b> CTRL_NV_0384<br/><b>Classificação:</b> NÃO VERMELHO – controle cartográfico<br/><b>Classe WRB:</b> Dystric Arenosols<br/><b>Código de solo:</b> ARh<br/><b>Província:</b> 27<br/><b>Cor cartográfica do ponto:</b> Amarelo<br/><b>Fonte:</b> Derivado da camada Solos_Angola; posição sistemática nova; fora da mancha vermelha<br/><b>Longitude:</b> 18.759144<br/><b>Latitude:</b> -17.099252]]></description>
<Point>
<coordinates>18.75914374,-17.09925172,0</coordinates>
</Point>
</Placemark>
<Placemark>
<name>Amarelo | Dystric Arenosols</name>
<styleUrl>#style_Amarelo</styleUrl>
<description><![CDATA[<b>ID:</b> CTRL_NV_0385<br/><b>Classificação:</b> NÃO VERMELHO – controle cartográfico<br/><b>Classe WRB:</b> Dystric Arenosols<br/><b>Código de solo:</b> ARh<br/><b>Província:</b> 27<br/><b>Cor cartográfica do ponto:</b> Amarelo<br/><b>Fonte:</b> Derivado da camada Solos_Angola; posição sistemática nova; fora da mancha vermelha<br/><b>Longitude:</b> 18.759144<br/><b>Latitude:</b> -16.935489]]></description>
<Point>
<coordinates>18.75914374,-16.93548857,0</coordinates>
</Point>
</Placemark>
<Placemark>
<name>Amarelo | Dystric Arenosols</name>
<styleUrl>#style_Amarelo</styleUrl>
<description><![CDATA[<b>ID:</b> CTRL_NV_0386<br/><b>Classificação:</b> NÃO VERMELHO – controle cartográfico<br/><b>Classe WRB:</b> Dystric Arenosols<br/><b>Código de solo:</b> ARh<br/><b>Província:</b> 27<br/><b>Cor cartográfica do ponto:</b> Amarelo<br/><b>Fonte:</b> Derivado da camada Solos_Angola; posição sistemática nova; fora da mancha vermelha<br/><b>Longitude:</b> 18.759144<br/><b>Latitude:</b> -16.771864]]></description>
<Point>
<coordinates>18.75914374,-16.77186434,0</coordinates>
</Point>
</Placemark>
<Placemark>
<name>Amarelo | Dystric Arenosols</name>
<styleUrl>#style_Amarelo</styleUrl>
<description><![CDATA[<b>ID:</b> CTRL_NV_0387<br/><b>Classificação:</b> NÃO VERMELHO – controle cartográfico<br/><b>Classe WRB:</b> Dystric Arenosols<br/><b>Código de solo:</b> ARh<br/><b>Província:</b> 27<br/><b>Cor cartográfica do ponto:</b> Amarelo<br/><b>Fonte:</b> Derivado da camada Solos_Angola; posição sistemática nova; fora da mancha vermelha<br/><b>Longitude:</b> 18.759144<br/><b>Latitude:</b> -16.608377]]></description>
<Point>
<coordinates>18.75914374,-16.60837736,0</coordinates>
</Point>
</Placemark>
<Placemark>
<name>Amarelo | Dystric Arenosols</name>
<styleUrl>#style_Amarelo</styleUrl>
<description><![CDATA[<b>ID:</b> CTRL_NV_0388<br/><b>Classificação:</b> NÃO VERMELHO – controle cartográfico<br/><b>Classe WRB:</b> Dystric Arenosols<br/><b>Código de solo:</b> ARh<br/><b>Província:</b> 27<br/><b>Cor cartográfica do ponto:</b> Amarelo<br/><b>Fonte:</b> Derivado da camada Solos_Angola; posição sistemática nova; fora da mancha vermelha<br/><b>Longitude:</b> 18.759144<br/><b>Latitude:</b> -16.445026]]></description>
<Point>
<coordinates>18.75914374,-16.44502599,0</coordinates>
</Point>
</Placemark>
<Placemark>
<name>Amarelo | Dystric Arenosols</name>
<styleUrl>#style_Amarelo</styleUrl>
<description><![CDATA[<b>ID:</b> CTRL_NV_0389<br/><b>Classificação:</b> NÃO VERMELHO – controle cartográfico<br/><b>Classe WRB:</b> Dystric Arenosols<br/><b>Código de solo:</b> ARh<br/><b>Província:</b> 27<br/><b>Cor cartográfica do ponto:</b> Amarelo<br/><b>Fonte:</b> Derivado da camada Solos_Angola; posição sistemática nova; fora da mancha vermelha<br/><b>Longitude:</b> 18.759144<br/><b>Latitude:</b> -16.281809]]></description>
<Point>
<coordinates>18.75914374,-16.28180859,0</coordinates>
</Point>
</Placemark>
<Placemark>
<name>Amarelo | Dystric Arenosols</name>
<styleUrl>#style_Amarelo</styleUrl>
<description><![CDATA[<b>ID:</b> CTRL_NV_0390<br/><b>Classificação:</b> NÃO VERMELHO – controle cartográfico<br/><b>Classe WRB:</b> Dystric Arenosols<br/><b>Código de solo:</b> ARh<br/><b>Província:</b> 27<br/><b>Cor cartográfica do ponto:</b> Amarelo<br/><b>Fonte:</b> Derivado da camada Solos_Angola; posição sistemática nova; fora da mancha vermelha<br/><b>Longitude:</b> 18.759144<br/><b>Latitude:</b> -16.118724]]></description>
<Point>
<coordinates>18.75914374,-16.11872353,0</coordinates>
</Point>
</Placemark>
<Placemark>
<name>Amarelo | Dystric Arenosols</name>
<styleUrl>#style_Amarelo</styleUrl>
<description><![CDATA[<b>ID:</b> CTRL_NV_0391<br/><b>Classificação:</b> NÃO VERMELHO – controle cartográfico<br/><b>Classe WRB:</b> Dystric Arenosols<br/><b>Código de solo:</b> ARh<br/><b>Província:</b> 27<br/><b>Cor cartográfica do ponto:</b> Amarelo<br/><b>Fonte:</b> Derivado da camada Solos_Angola; posição sistemática nova; fora da mancha vermelha<br/><b>Longitude:</b> 18.759144<br/><b>Latitude:</b> -15.955769]]></description>
<Point>
<coordinates>18.75914374,-15.95576919,0</coordinates>
</Point>
</Placemark>
<Placemark>
<name>Verde | Carbic Podzols</name>
<styleUrl>#style_Verde</styleUrl>
<description><![CDATA[<b>ID:</b> CTRL_NV_0392<br/><b>Classificação:</b> NÃO VERMELHO – controle cartográfico<br/><b>Classe WRB:</b> Carbic Podzols<br/><b>Código de solo:</b> PZc<br/><b>Província:</b> 27<br/><b>Cor cartográfica do ponto:</b> Verde<br/><b>Fonte:</b> Derivado da camada Solos_Angola; posição sistemática nova; fora da mancha vermelha<br/><b>Longitude:</b> 18.759144<br/><b>Latitude:</b> -14.656650]]></description>
<Point>
<coordinates>18.75914374,-14.65665041,0</coordinates>
</Point>
</Placemark>
<Placemark>
<name>Marrom | Gleyic Alisols</name>
<styleUrl>#style_Marrom</styleUrl>
<description><![CDATA[<b>ID:</b> CTRL_NV_0393<br/><b>Classificação:</b> NÃO VERMELHO – controle cartográfico<br/><b>Classe WRB:</b> Gleyic Alisols<br/><b>Código de solo:</b> ALg<br/><b>Província:</b> 18<br/><b>Cor cartográfica do ponto:</b> Marrom<br/><b>Fonte:</b> Derivado da camada Solos_Angola; posição sistemática nova; fora da mancha vermelha<br/><b>Longitude:</b> 18.759144<br/><b>Latitude:</b> -9.845390]]></description>
<Point>
<coordinates>18.75914374,-9.84539026,0</coordinates>
</Point>
</Placemark>
<Placemark>
<name>Marrom | Gleyic Alisols</name>
<styleUrl>#style_Marrom</styleUrl>
<description><![CDATA[<b>ID:</b> CTRL_NV_0394<br/><b>Classificação:</b> NÃO VERMELHO – controle cartográfico<br/><b>Classe WRB:</b> Gleyic Alisols<br/><b>Código de solo:</b> ALg<br/><b>Província:</b> 18<br/><b>Cor cartográfica do ponto:</b> Marrom<br/><b>Fonte:</b> Derivado da camada Solos_Angola; posição sistemática nova; fora da mancha vermelha<br/><b>Longitude:</b> 18.759144<br/><b>Latitude:</b> -9.686374]]></description>
<Point>
<coordinates>18.75914374,-9.68637367,0</coordinates>
</Point>
</Placemark>
<Placemark>
<name>Amarelo | Dystric Arenosols</name>
<styleUrl>#style_Amarelo</styleUrl>
<description><![CDATA[<b>ID:</b> CTRL_NV_0395<br/><b>Classificação:</b> NÃO VERMELHO – controle cartográfico<br/><b>Classe WRB:</b> Dystric Arenosols<br/><b>Código de solo:</b> ARh<br/><b>Província:</b> 27<br/><b>Cor cartográfica do ponto:</b> Amarelo<br/><b>Fonte:</b> Derivado da camada Solos_Angola; posição sistemática nova; fora da mancha vermelha<br/><b>Longitude:</b> 18.966427<br/><b>Latitude:</b> -17.591391]]></description>
<Point>
<coordinates>18.96642709,-17.59139143,0</coordinates>
</Point>
</Placemark>
<Placemark>
<name>Amarelo | Dystric Arenosols</name>
<styleUrl>#style_Amarelo</styleUrl>
<description><![CDATA[<b>ID:</b> CTRL_NV_0396<br/><b>Classificação:</b> NÃO VERMELHO – controle cartográfico<br/><b>Classe WRB:</b> Dystric Arenosols<br/><b>Código de solo:</b> ARh<br/><b>Província:</b> 27<br/><b>Cor cartográfica do ponto:</b> Amarelo<br/><b>Fonte:</b> Derivado da camada Solos_Angola; posição sistemática nova; fora da mancha vermelha<br/><b>Longitude:</b> 18.966427<br/><b>Latitude:</b> -17.427201]]></description>
<Point>
<coordinates>18.96642709,-17.42720146,0</coordinates>
</Point>
</Placemark>
<Placemark>
<name>Amarelo | Dystric Arenosols</name>
<styleUrl>#style_Amarelo</styleUrl>
<description><![CDATA[<b>ID:</b> CTRL_NV_0397<br/><b>Classificação:</b> NÃO VERMELHO – controle cartográfico<br/><b>Classe WRB:</b> Dystric Arenosols<br/><b>Código de solo:</b> ARh<br/><b>Província:</b> 27<br/><b>Cor cartográfica do ponto:</b> Amarelo<br/><b>Fonte:</b> Derivado da camada Solos_Angola; posição sistemática nova; fora da mancha vermelha<br/><b>Longitude:</b> 18.966427<br/><b>Latitude:</b> -17.263155]]></description>
<Point>
<coordinates>18.96642709,-17.26315545,0</coordinates>
</Point>
</Placemark>
<Placemark>
<name>Amarelo | Dystric Arenosols</name>
<styleUrl>#style_Amarelo</styleUrl>
<description><![CDATA[<b>ID:</b> CTRL_NV_0398<br/><b>Classificação:</b> NÃO VERMELHO – controle cartográfico<br/><b>Classe WRB:</b> Dystric Arenosols<br/><b>Código de solo:</b> ARh<br/><b>Província:</b> 27<br/><b>Cor cartográfica do ponto:</b> Amarelo<br/><b>Fonte:</b> Derivado da camada Solos_Angola; posição sistemática nova; fora da mancha vermelha<br/><b>Longitude:</b> 18.966427<br/><b>Latitude:</b> -17.099252]]></description>
<Point>
<coordinates>18.96642709,-17.09925172,0</coordinates>
</Point>
</Placemark>
<Placemark>
<name>Amarelo | Dystric Arenosols</name>
<styleUrl>#style_Amarelo</styleUrl>
<description><![CDATA[<b>ID:</b> CTRL_NV_0399<br/><b>Classificação:</b> NÃO VERMELHO – controle cartográfico<br/><b>Classe WRB:</b> Dystric Arenosols<br/><b>Código de solo:</b> ARh<br/><b>Província:</b> 27<br/><b>Cor cartográfica do ponto:</b> Amarelo<br/><b>Fonte:</b> Derivado da camada Solos_Angola; posição sistemática nova; fora da mancha vermelha<br/><b>Longitude:</b> 18.966427<br/><b>Latitude:</b> -16.935489]]></description>
<Point>
<coordinates>18.96642709,-16.93548857,0</coordinates>
</Point>
</Placemark>
<Placemark>
<name>Amarelo | Dystric Arenosols</name>
<styleUrl>#style_Amarelo</styleUrl>
<description><![CDATA[<b>ID:</b> CTRL_NV_0400<br/><b>Classificação:</b> NÃO VERMELHO – controle cartográfico<br/><b>Classe WRB:</b> Dystric Arenosols<br/><b>Código de solo:</b> ARh<br/><b>Província:</b> 27<br/><b>Cor cartográfica do ponto:</b> Amarelo<br/><b>Fonte:</b> Derivado da camada Solos_Angola; posição sistemática nova; fora da mancha vermelha<br/><b>Longitude:</b> 18.966427<br/><b>Latitude:</b> -16.771864]]></description>
<Point>
<coordinates>18.96642709,-16.77186434,0</coordinates>
</Point>
</Placemark>
<Placemark>
<name>Amarelo | Dystric Arenosols</name>
<styleUrl>#style_Amarelo</styleUrl>
<description><![CDATA[<b>ID:</b> CTRL_NV_0401<br/><b>Classificação:</b> NÃO VERMELHO – controle cartográfico<br/><b>Classe WRB:</b> Dystric Arenosols<br/><b>Código de solo:</b> ARh<br/><b>Província:</b> 27<br/><b>Cor cartográfica do ponto:</b> Amarelo<br/><b>Fonte:</b> Derivado da camada Solos_Angola; posição sistemática nova; fora da mancha vermelha<br/><b>Longitude:</b> 18.966427<br/><b>Latitude:</b> -16.608377]]></description>
<Point>
<coordinates>18.96642709,-16.60837736,0</coordinates>
</Point>
</Placemark>
<Placemark>
<name>Amarelo | Dystric Arenosols</name>
<styleUrl>#style_Amarelo</styleUrl>
<description><![CDATA[<b>ID:</b> CTRL_NV_0402<br/><b>Classificação:</b> NÃO VERMELHO – controle cartográfico<br/><b>Classe WRB:</b> Dystric Arenosols<br/><b>Código de solo:</b> ARh<br/><b>Província:</b> 27<br/><b>Cor cartográfica do ponto:</b> Amarelo<br/><b>Fonte:</b> Derivado da camada Solos_Angola; posição sistemática nova; fora da mancha vermelha<br/><b>Longitude:</b> 18.966427<br/><b>Latitude:</b> -16.445026]]></description>
<Point>
<coordinates>18.96642709,-16.44502599,0</coordinates>
</Point>
</Placemark>
<Placemark>
<name>Amarelo | Dystric Arenosols</name>
<styleUrl>#style_Amarelo</styleUrl>
<description><![CDATA[<b>ID:</b> CTRL_NV_0403<br/><b>Classificação:</b> NÃO VERMELHO – controle cartográfico<br/><b>Classe WRB:</b> Dystric Arenosols<br/><b>Código de solo:</b> ARh<br/><b>Província:</b> 27<br/><b>Cor cartográfica do ponto:</b> Amarelo<br/><b>Fonte:</b> Derivado da camada Solos_Angola; posição sistemática nova; fora da mancha vermelha<br/><b>Longitude:</b> 18.966427<br/><b>Latitude:</b> -16.281809]]></description>
<Point>
<coordinates>18.96642709,-16.28180859,0</coordinates>
</Point>
</Placemark>
<Placemark>
<name>Verde | Carbic Podzols</name>
<styleUrl>#style_Verde</styleUrl>
<description><![CDATA[<b>ID:</b> CTRL_NV_0404<br/><b>Classificação:</b> NÃO VERMELHO – controle cartográfico<br/><b>Classe WRB:</b> Carbic Podzols<br/><b>Código de solo:</b> PZc<br/><b>Província:</b> 27<br/><b>Cor cartográfica do ponto:</b> Verde<br/><b>Fonte:</b> Derivado da camada Solos_Angola; posição sistemática nova; fora da mancha vermelha<br/><b>Longitude:</b> 18.966427<br/><b>Latitude:</b> -15.955769]]></description>
<Point>
<coordinates>18.96642709,-15.95576919,0</coordinates>
</Point>
</Placemark>
<Placemark>
<name>Verde | Carbic Podzols</name>
<styleUrl>#style_Verde</styleUrl>
<description><![CDATA[<b>ID:</b> CTRL_NV_0405<br/><b>Classificação:</b> NÃO VERMELHO – controle cartográfico<br/><b>Classe WRB:</b> Carbic Podzols<br/><b>Código de solo:</b> PZc<br/><b>Província:</b> 27<br/><b>Cor cartográfica do ponto:</b> Verde<br/><b>Fonte:</b> Derivado da camada Solos_Angola; posição sistemática nova; fora da mancha vermelha<br/><b>Longitude:</b> 18.966427<br/><b>Latitude:</b> -15.792944]]></description>
<Point>
<coordinates>18.96642709,-15.79294398,0</coordinates>
</Point>
</Placemark>
<Placemark>
<name>Verde | Carbic Podzols</name>
<styleUrl>#style_Verde</styleUrl>
<description><![CDATA[<b>ID:</b> CTRL_NV_0406<br/><b>Classificação:</b> NÃO VERMELHO – controle cartográfico<br/><b>Classe WRB:</b> Carbic Podzols<br/><b>Código de solo:</b> PZc<br/><b>Província:</b> 27<br/><b>Cor cartográfica do ponto:</b> Verde<br/><b>Fonte:</b> Derivado da camada Solos_Angola; posição sistemática nova; fora da mancha vermelha<br/><b>Longitude:</b> 18.966427<br/><b>Latitude:</b> -15.630246]]></description>
<Point>
<coordinates>18.96642709,-15.63024630,0</coordinates>
</Point>
</Placemark>
<Placemark>
<name>Verde | Carbic Podzols</name>
<styleUrl>#style_Verde</styleUrl>
<description><![CDATA[<b>ID:</b> CTRL_NV_0407<br/><b>Classificação:</b> NÃO VERMELHO – controle cartográfico<br/><b>Classe WRB:</b> Carbic Podzols<br/><b>Código de solo:</b> PZc<br/><b>Província:</b> 30<br/><b>Cor cartográfica do ponto:</b> Verde<br/><b>Fonte:</b> Derivado da camada Solos_Angola; posição sistemática nova; fora da mancha vermelha<br/><b>Longitude:</b> 18.966427<br/><b>Latitude:</b> -15.467675]]></description>
<Point>
<coordinates>18.96642709,-15.46767457,0</coordinates>
</Point>
</Placemark>
<Placemark>
<name>Verde | Carbic Podzols</name>
<styleUrl>#style_Verde</styleUrl>
<description><![CDATA[<b>ID:</b> CTRL_NV_0408<br/><b>Classificação:</b> NÃO VERMELHO – controle cartográfico<br/><b>Classe WRB:</b> Carbic Podzols<br/><b>Código de solo:</b> PZc<br/><b>Província:</b> 30<br/><b>Cor cartográfica do ponto:</b> Verde<br/><b>Fonte:</b> Derivado da camada Solos_Angola; posição sistemática nova; fora da mancha vermelha<br/><b>Longitude:</b> 18.966427<br/><b>Latitude:</b> -15.305227]]></description>
<Point>
<coordinates>18.96642709,-15.30522721,0</coordinates>
</Point>
</Placemark>
<Placemark>
<name>Verde | Carbic Podzols</name>
<styleUrl>#style_Verde</styleUrl>
<description><![CDATA[<b>ID:</b> CTRL_NV_0409<br/><b>Classificação:</b> NÃO VERMELHO – controle cartográfico<br/><b>Classe WRB:</b> Carbic Podzols<br/><b>Código de solo:</b> PZc<br/><b>Província:</b> 30<br/><b>Cor cartográfica do ponto:</b> Verde<br/><b>Fonte:</b> Derivado da camada Solos_Angola; posição sistemática nova; fora da mancha vermelha<br/><b>Longitude:</b> 18.966427<br/><b>Latitude:</b> -15.142903]]></description>
<Point>
<coordinates>18.96642709,-15.14290266,0</coordinates>
</Point>
</Placemark>
<Placemark>
<name>Verde | Carbic Podzols</name>
<styleUrl>#style_Verde</styleUrl>
<description><![CDATA[<b>ID:</b> CTRL_NV_0410<br/><b>Classificação:</b> NÃO VERMELHO – controle cartográfico<br/><b>Classe WRB:</b> Carbic Podzols<br/><b>Código de solo:</b> PZc<br/><b>Província:</b> 30<br/><b>Cor cartográfica do ponto:</b> Verde<br/><b>Fonte:</b> Derivado da camada Solos_Angola; posição sistemática nova; fora da mancha vermelha<br/><b>Longitude:</b> 18.966427<br/><b>Latitude:</b> -14.980699]]></description>
<Point>
<coordinates>18.96642709,-14.98069937,0</coordinates>
</Point>
</Placemark>
<Placemark>
<name>Verde | Carbic Podzols</name>
<styleUrl>#style_Verde</styleUrl>
<description><![CDATA[<b>ID:</b> CTRL_NV_0411<br/><b>Classificação:</b> NÃO VERMELHO – controle cartográfico<br/><b>Classe WRB:</b> Carbic Podzols<br/><b>Código de solo:</b> PZc<br/><b>Província:</b> 30<br/><b>Cor cartográfica do ponto:</b> Verde<br/><b>Fonte:</b> Derivado da camada Solos_Angola; posição sistemática nova; fora da mancha vermelha<br/><b>Longitude:</b> 18.966427<br/><b>Latitude:</b> -14.818616]]></description>
<Point>
<coordinates>18.96642709,-14.81861580,0</coordinates>
</Point>
</Placemark>
<Placemark>
<name>Amarelo | Dystric Arenosols</name>
<styleUrl>#style_Amarelo</styleUrl>
<description><![CDATA[<b>ID:</b> CTRL_NV_0412<br/><b>Classificação:</b> NÃO VERMELHO – controle cartográfico<br/><b>Classe WRB:</b> Dystric Arenosols<br/><b>Código de solo:</b> ARh<br/><b>Província:</b> 27<br/><b>Cor cartográfica do ponto:</b> Amarelo<br/><b>Fonte:</b> Derivado da camada Solos_Angola; posição sistemática nova; fora da mancha vermelha<br/><b>Longitude:</b> 19.173710<br/><b>Latitude:</b> -17.591391]]></description>
<Point>
<coordinates>19.17371045,-17.59139143,0</coordinates>
</Point>
</Placemark>
<Placemark>
<name>Amarelo | Dystric Arenosols</name>
<styleUrl>#style_Amarelo</styleUrl>
<description><![CDATA[<b>ID:</b> CTRL_NV_0413<br/><b>Classificação:</b> NÃO VERMELHO – controle cartográfico<br/><b>Classe WRB:</b> Dystric Arenosols<br/><b>Código de solo:</b> ARh<br/><b>Província:</b> 27<br/><b>Cor cartográfica do ponto:</b> Amarelo<br/><b>Fonte:</b> Derivado da camada Solos_Angola; posição sistemática nova; fora da mancha vermelha<br/><b>Longitude:</b> 19.173710<br/><b>Latitude:</b> -17.427201]]></description>
<Point>
<coordinates>19.17371045,-17.42720146,0</coordinates>
</Point>
</Placemark>
<Placemark>
<name>Amarelo | Dystric Arenosols</name>
<styleUrl>#style_Amarelo</styleUrl>
<description><![CDATA[<b>ID:</b> CTRL_NV_0414<br/><b>Classificação:</b> NÃO VERMELHO – controle cartográfico<br/><b>Classe WRB:</b> Dystric Arenosols<br/><b>Código de solo:</b> ARh<br/><b>Província:</b> 27<br/><b>Cor cartográfica do ponto:</b> Amarelo<br/><b>Fonte:</b> Derivado da camada Solos_Angola; posição sistemática nova; fora da mancha vermelha<br/><b>Longitude:</b> 19.173710<br/><b>Latitude:</b> -17.263155]]></description>
<Point>
<coordinates>19.17371045,-17.26315545,0</coordinates>
</Point>
</Placemark>
<Placemark>
<name>Amarelo | Dystric Arenosols</name>
<styleUrl>#style_Amarelo</styleUrl>
<description><![CDATA[<b>ID:</b> CTRL_NV_0415<br/><b>Classificação:</b> NÃO VERMELHO – controle cartográfico<br/><b>Classe WRB:</b> Dystric Arenosols<br/><b>Código de solo:</b> ARh<br/><b>Província:</b> 27<br/><b>Cor cartográfica do ponto:</b> Amarelo<br/><b>Fonte:</b> Derivado da camada Solos_Angola; posição sistemática nova; fora da mancha vermelha<br/><b>Longitude:</b> 19.173710<br/><b>Latitude:</b> -17.099252]]></description>
<Point>
<coordinates>19.17371045,-17.09925172,0</coordinates>
</Point>
</Placemark>
<Placemark>
<name>Amarelo | Dystric Arenosols</name>
<styleUrl>#style_Amarelo</styleUrl>
<description><![CDATA[<b>ID:</b> CTRL_NV_0416<br/><b>Classificação:</b> NÃO VERMELHO – controle cartográfico<br/><b>Classe WRB:</b> Dystric Arenosols<br/><b>Código de solo:</b> ARh<br/><b>Província:</b> 30<br/><b>Cor cartográfica do ponto:</b> Amarelo<br/><b>Fonte:</b> Derivado da camada Solos_Angola; posição sistemática nova; fora da mancha vermelha<br/><b>Longitude:</b> 19.173710<br/><b>Latitude:</b> -16.771864]]></description>
<Point>
<coordinates>19.17371045,-16.77186434,0</coordinates>
</Point>
</Placemark>
<Placemark>
<name>Amarelo | Dystric Arenosols</name>
<styleUrl>#style_Amarelo</styleUrl>
<description><![CDATA[<b>ID:</b> CTRL_NV_0417<br/><b>Classificação:</b> NÃO VERMELHO – controle cartográfico<br/><b>Classe WRB:</b> Dystric Arenosols<br/><b>Código de solo:</b> ARh<br/><b>Província:</b> 30<br/><b>Cor cartográfica do ponto:</b> Amarelo<br/><b>Fonte:</b> Derivado da camada Solos_Angola; posição sistemática nova; fora da mancha vermelha<br/><b>Longitude:</b> 19.173710<br/><b>Latitude:</b> -16.608377]]></description>
<Point>
<coordinates>19.17371045,-16.60837736,0</coordinates>
</Point>
</Placemark>
<Placemark>
<name>Amarelo | Dystric Arenosols</name>
<styleUrl>#style_Amarelo</styleUrl>
<description><![CDATA[<b>ID:</b> CTRL_NV_0418<br/><b>Classificação:</b> NÃO VERMELHO – controle cartográfico<br/><b>Classe WRB:</b> Dystric Arenosols<br/><b>Código de solo:</b> ARh<br/><b>Província:</b> 27<br/><b>Cor cartográfica do ponto:</b> Amarelo<br/><b>Fonte:</b> Derivado da camada Solos_Angola; posição sistemática nova; fora da mancha vermelha<br/><b>Longitude:</b> 19.380994<br/><b>Latitude:</b> -17.755727]]></description>
<Point>
<coordinates>19.38099381,-17.75572707,0</coordinates>
</Point>
</Placemark>
<Placemark>
<name>Amarelo | Dystric Arenosols</name>
<styleUrl>#style_Amarelo</styleUrl>
<description><![CDATA[<b>ID:</b> CTRL_NV_0419<br/><b>Classificação:</b> NÃO VERMELHO – controle cartográfico<br/><b>Classe WRB:</b> Dystric Arenosols<br/><b>Código de solo:</b> ARh<br/><b>Província:</b> 27<br/><b>Cor cartográfica do ponto:</b> Amarelo<br/><b>Fonte:</b> Derivado da camada Solos_Angola; posição sistemática nova; fora da mancha vermelha<br/><b>Longitude:</b> 19.380994<br/><b>Latitude:</b> -17.591391]]></description>
<Point>
<coordinates>19.38099381,-17.59139143,0</coordinates>
</Point>
</Placemark>
<Placemark>
<name>Amarelo | Dystric Arenosols</name>
<styleUrl>#style_Amarelo</styleUrl>
<description><![CDATA[<b>ID:</b> CTRL_NV_0420<br/><b>Classificação:</b> NÃO VERMELHO – controle cartográfico<br/><b>Classe WRB:</b> Dystric Arenosols<br/><b>Código de solo:</b> ARh<br/><b>Província:</b> 27<br/><b>Cor cartográfica do ponto:</b> Amarelo<br/><b>Fonte:</b> Derivado da camada Solos_Angola; posição sistemática nova; fora da mancha vermelha<br/><b>Longitude:</b> 19.380994<br/><b>Latitude:</b> -17.427201]]></description>
<Point>
<coordinates>19.38099381,-17.42720146,0</coordinates>
</Point>
</Placemark>
<Placemark>
<name>Amarelo | Dystric Arenosols</name>
<styleUrl>#style_Amarelo</styleUrl>
<description><![CDATA[<b>ID:</b> CTRL_NV_0421<br/><b>Classificação:</b> NÃO VERMELHO – controle cartográfico<br/><b>Classe WRB:</b> Dystric Arenosols<br/><b>Código de solo:</b> ARh<br/><b>Província:</b> 27<br/><b>Cor cartográfica do ponto:</b> Amarelo<br/><b>Fonte:</b> Derivado da camada Solos_Angola; posição sistemática nova; fora da mancha vermelha<br/><b>Longitude:</b> 19.380994<br/><b>Latitude:</b> -17.263155]]></description>
<Point>
<coordinates>19.38099381,-17.26315545,0</coordinates>
</Point>
</Placemark>
<Placemark>
<name>Amarelo | Dystric Arenosols</name>
<styleUrl>#style_Amarelo</styleUrl>
<description><![CDATA[<b>ID:</b> CTRL_NV_0422<br/><b>Classificação:</b> NÃO VERMELHO – controle cartográfico<br/><b>Classe WRB:</b> Dystric Arenosols<br/><b>Código de solo:</b> ARh<br/><b>Província:</b> 30<br/><b>Cor cartográfica do ponto:</b> Amarelo<br/><b>Fonte:</b> Derivado da camada Solos_Angola; posição sistemática nova; fora da mancha vermelha<br/><b>Longitude:</b> 19.380994<br/><b>Latitude:</b> -16.935489]]></description>
<Point>
<coordinates>19.38099381,-16.93548857,0</coordinates>
</Point>
</Placemark>
<Placemark>
<name>Amarelo | Dystric Arenosols</name>
<styleUrl>#style_Amarelo</styleUrl>
<description><![CDATA[<b>ID:</b> CTRL_NV_0423<br/><b>Classificação:</b> NÃO VERMELHO – controle cartográfico<br/><b>Classe WRB:</b> Dystric Arenosols<br/><b>Código de solo:</b> ARh<br/><b>Província:</b> 30<br/><b>Cor cartográfica do ponto:</b> Amarelo<br/><b>Fonte:</b> Derivado da camada Solos_Angola; posição sistemática nova; fora da mancha vermelha<br/><b>Longitude:</b> 19.380994<br/><b>Latitude:</b> -16.771864]]></description>
<Point>
<coordinates>19.38099381,-16.77186434,0</coordinates>
</Point>
</Placemark>
<Placemark>
<name>Amarelo | Dystric Arenosols</name>
<styleUrl>#style_Amarelo</styleUrl>
<description><![CDATA[<b>ID:</b> CTRL_NV_0424<br/><b>Classificação:</b> NÃO VERMELHO – controle cartográfico<br/><b>Classe WRB:</b> Dystric Arenosols<br/><b>Código de solo:</b> ARh<br/><b>Província:</b> 30<br/><b>Cor cartográfica do ponto:</b> Amarelo<br/><b>Fonte:</b> Derivado da camada Solos_Angola; posição sistemática nova; fora da mancha vermelha<br/><b>Longitude:</b> 19.380994<br/><b>Latitude:</b> -16.608377]]></description>
<Point>
<coordinates>19.38099381,-16.60837736,0</coordinates>
</Point>
</Placemark>
<Placemark>
<name>Amarelo | Dystric Arenosols</name>
<styleUrl>#style_Amarelo</styleUrl>
<description><![CDATA[<b>ID:</b> CTRL_NV_0425<br/><b>Classificação:</b> NÃO VERMELHO – controle cartográfico<br/><b>Classe WRB:</b> Dystric Arenosols<br/><b>Código de solo:</b> ARh<br/><b>Província:</b> 30<br/><b>Cor cartográfica do ponto:</b> Amarelo<br/><b>Fonte:</b> Derivado da camada Solos_Angola; posição sistemática nova; fora da mancha vermelha<br/><b>Longitude:</b> 19.380994<br/><b>Latitude:</b> -16.445026]]></description>
<Point>
<coordinates>19.38099381,-16.44502599,0</coordinates>
</Point>
</Placemark>
<Placemark>
<name>Amarelo | Dystric Arenosols</name>
<styleUrl>#style_Amarelo</styleUrl>
<description><![CDATA[<b>ID:</b> CTRL_NV_0426<br/><b>Classificação:</b> NÃO VERMELHO – controle cartográfico<br/><b>Classe WRB:</b> Dystric Arenosols<br/><b>Código de solo:</b> ARh<br/><b>Província:</b> 30<br/><b>Cor cartográfica do ponto:</b> Amarelo<br/><b>Fonte:</b> Derivado da camada Solos_Angola; posição sistemática nova; fora da mancha vermelha<br/><b>Longitude:</b> 19.380994<br/><b>Latitude:</b> -16.281809]]></description>
<Point>
<coordinates>19.38099381,-16.28180859,0</coordinates>
</Point>
</Placemark>
<Placemark>
<name>Amarelo | Dystric Arenosols</name>
<styleUrl>#style_Amarelo</styleUrl>
<description><![CDATA[<b>ID:</b> CTRL_NV_0427<br/><b>Classificação:</b> NÃO VERMELHO – controle cartográfico<br/><b>Classe WRB:</b> Dystric Arenosols<br/><b>Código de solo:</b> ARh<br/><b>Província:</b> 30<br/><b>Cor cartográfica do ponto:</b> Amarelo<br/><b>Fonte:</b> Derivado da camada Solos_Angola; posição sistemática nova; fora da mancha vermelha<br/><b>Longitude:</b> 19.380994<br/><b>Latitude:</b> -16.118724]]></description>
<Point>
<coordinates>19.38099381,-16.11872353,0</coordinates>
</Point>
</Placemark>
<Placemark>
<name>Amarelo | Gleyic Arenosols</name>
<styleUrl>#style_Amarelo</styleUrl>
<description><![CDATA[<b>ID:</b> CTRL_NV_0428<br/><b>Classificação:</b> NÃO VERMELHO – controle cartográfico<br/><b>Classe WRB:</b> Gleyic Arenosols<br/><b>Código de solo:</b> ARg<br/><b>Província:</b> 30<br/><b>Cor cartográfica do ponto:</b> Amarelo<br/><b>Fonte:</b> Derivado da camada Solos_Angola; posição sistemática nova; fora da mancha vermelha<br/><b>Longitude:</b> 19.380994<br/><b>Latitude:</b> -15.955769]]></description>
<Point>
<coordinates>19.38099381,-15.95576919,0</coordinates>
</Point>
</Placemark>
<Placemark>
<name>Amarelo | Gleyic Arenosols</name>
<styleUrl>#style_Amarelo</styleUrl>
<description><![CDATA[<b>ID:</b> CTRL_NV_0429<br/><b>Classificação:</b> NÃO VERMELHO – controle cartográfico<br/><b>Classe WRB:</b> Gleyic Arenosols<br/><b>Código de solo:</b> ARg<br/><b>Província:</b> 30<br/><b>Cor cartográfica do ponto:</b> Amarelo<br/><b>Fonte:</b> Derivado da camada Solos_Angola; posição sistemática nova; fora da mancha vermelha<br/><b>Longitude:</b> 19.380994<br/><b>Latitude:</b> -15.792944]]></description>
<Point>
<coordinates>19.38099381,-15.79294398,0</coordinates>
</Point>
</Placemark>
<Placemark>
<name>Verde | Carbic Podzols</name>
<styleUrl>#style_Verde</styleUrl>
<description><![CDATA[<b>ID:</b> CTRL_NV_0430<br/><b>Classificação:</b> NÃO VERMELHO – controle cartográfico<br/><b>Classe WRB:</b> Carbic Podzols<br/><b>Código de solo:</b> PZc<br/><b>Província:</b> 30<br/><b>Cor cartográfica do ponto:</b> Verde<br/><b>Fonte:</b> Derivado da camada Solos_Angola; posição sistemática nova; fora da mancha vermelha<br/><b>Longitude:</b> 19.380994<br/><b>Latitude:</b> -15.630246]]></description>
<Point>
<coordinates>19.38099381,-15.63024630,0</coordinates>
</Point>
</Placemark>
<Placemark>
<name>Verde | Carbic Podzols</name>
<styleUrl>#style_Verde</styleUrl>
<description><![CDATA[<b>ID:</b> CTRL_NV_0431<br/><b>Classificação:</b> NÃO VERMELHO – controle cartográfico<br/><b>Classe WRB:</b> Carbic Podzols<br/><b>Código de solo:</b> PZc<br/><b>Província:</b> 30<br/><b>Cor cartográfica do ponto:</b> Verde<br/><b>Fonte:</b> Derivado da camada Solos_Angola; posição sistemática nova; fora da mancha vermelha<br/><b>Longitude:</b> 19.380994<br/><b>Latitude:</b> -15.467675]]></description>
<Point>
<coordinates>19.38099381,-15.46767457,0</coordinates>
</Point>
</Placemark>
<Placemark>
<name>Verde | Carbic Podzols</name>
<styleUrl>#style_Verde</styleUrl>
<description><![CDATA[<b>ID:</b> CTRL_NV_0432<br/><b>Classificação:</b> NÃO VERMELHO – controle cartográfico<br/><b>Classe WRB:</b> Carbic Podzols<br/><b>Código de solo:</b> PZc<br/><b>Província:</b> 30<br/><b>Cor cartográfica do ponto:</b> Verde<br/><b>Fonte:</b> Derivado da camada Solos_Angola; posição sistemática nova; fora da mancha vermelha<br/><b>Longitude:</b> 19.380994<br/><b>Latitude:</b> -15.305227]]></description>
<Point>
<coordinates>19.38099381,-15.30522721,0</coordinates>
</Point>
</Placemark>
<Placemark>
<name>Verde | Carbic Podzols</name>
<styleUrl>#style_Verde</styleUrl>
<description><![CDATA[<b>ID:</b> CTRL_NV_0433<br/><b>Classificação:</b> NÃO VERMELHO – controle cartográfico<br/><b>Classe WRB:</b> Carbic Podzols<br/><b>Código de solo:</b> PZc<br/><b>Província:</b> 30<br/><b>Cor cartográfica do ponto:</b> Verde<br/><b>Fonte:</b> Derivado da camada Solos_Angola; posição sistemática nova; fora da mancha vermelha<br/><b>Longitude:</b> 19.380994<br/><b>Latitude:</b> -15.142903]]></description>
<Point>
<coordinates>19.38099381,-15.14290266,0</coordinates>
</Point>
</Placemark>
<Placemark>
<name>Amarelo | Dystric Arenosols</name>
<styleUrl>#style_Amarelo</styleUrl>
<description><![CDATA[<b>ID:</b> CTRL_NV_0434<br/><b>Classificação:</b> NÃO VERMELHO – controle cartográfico<br/><b>Classe WRB:</b> Dystric Arenosols<br/><b>Código de solo:</b> ARh<br/><b>Província:</b> 27<br/><b>Cor cartográfica do ponto:</b> Amarelo<br/><b>Fonte:</b> Derivado da camada Solos_Angola; posição sistemática nova; fora da mancha vermelha<br/><b>Longitude:</b> 19.588277<br/><b>Latitude:</b> -17.755727]]></description>
<Point>
<coordinates>19.58827716,-17.75572707,0</coordinates>
</Point>
</Placemark>
<Placemark>
<name>Amarelo | Dystric Arenosols</name>
<styleUrl>#style_Amarelo</styleUrl>
<description><![CDATA[<b>ID:</b> CTRL_NV_0435<br/><b>Classificação:</b> NÃO VERMELHO – controle cartográfico<br/><b>Classe WRB:</b> Dystric Arenosols<br/><b>Código de solo:</b> ARh<br/><b>Província:</b> 27<br/><b>Cor cartográfica do ponto:</b> Amarelo<br/><b>Fonte:</b> Derivado da camada Solos_Angola; posição sistemática nova; fora da mancha vermelha<br/><b>Longitude:</b> 19.588277<br/><b>Latitude:</b> -17.591391]]></description>
<Point>
<coordinates>19.58827716,-17.59139143,0</coordinates>
</Point>
</Placemark>
<Placemark>
<name>Amarelo | Dystric Arenosols</name>
<styleUrl>#style_Amarelo</styleUrl>
<description><![CDATA[<b>ID:</b> CTRL_NV_0436<br/><b>Classificação:</b> NÃO VERMELHO – controle cartográfico<br/><b>Classe WRB:</b> Dystric Arenosols<br/><b>Código de solo:</b> ARh<br/><b>Província:</b> 27<br/><b>Cor cartográfica do ponto:</b> Amarelo<br/><b>Fonte:</b> Derivado da camada Solos_Angola; posição sistemática nova; fora da mancha vermelha<br/><b>Longitude:</b> 19.588277<br/><b>Latitude:</b> -17.427201]]></description>
<Point>
<coordinates>19.58827716,-17.42720146,0</coordinates>
</Point>
</Placemark>
<Placemark>
<name>Amarelo | Dystric Arenosols</name>
<styleUrl>#style_Amarelo</styleUrl>
<description><![CDATA[<b>ID:</b> CTRL_NV_0437<br/><b>Classificação:</b> NÃO VERMELHO – controle cartográfico<br/><b>Classe WRB:</b> Dystric Arenosols<br/><b>Código de solo:</b> ARh<br/><b>Província:</b> 27<br/><b>Cor cartográfica do ponto:</b> Amarelo<br/><b>Fonte:</b> Derivado da camada Solos_Angola; posição sistemática nova; fora da mancha vermelha<br/><b>Longitude:</b> 19.588277<br/><b>Latitude:</b> -17.263155]]></description>
<Point>
<coordinates>19.58827716,-17.26315545,0</coordinates>
</Point>
</Placemark>
<Placemark>
<name>Amarelo | Dystric Arenosols</name>
<styleUrl>#style_Amarelo</styleUrl>
<description><![CDATA[<b>ID:</b> CTRL_NV_0438<br/><b>Classificação:</b> NÃO VERMELHO – controle cartográfico<br/><b>Classe WRB:</b> Dystric Arenosols<br/><b>Código de solo:</b> ARh<br/><b>Província:</b> 27<br/><b>Cor cartográfica do ponto:</b> Amarelo<br/><b>Fonte:</b> Derivado da camada Solos_Angola; posição sistemática nova; fora da mancha vermelha<br/><b>Longitude:</b> 19.588277<br/><b>Latitude:</b> -17.099252]]></description>
<Point>
<coordinates>19.58827716,-17.09925172,0</coordinates>
</Point>
</Placemark>
<Placemark>
<name>Amarelo | Dystric Arenosols</name>
<styleUrl>#style_Amarelo</styleUrl>
<description><![CDATA[<b>ID:</b> CTRL_NV_0439<br/><b>Classificação:</b> NÃO VERMELHO – controle cartográfico<br/><b>Classe WRB:</b> Dystric Arenosols<br/><b>Código de solo:</b> ARh<br/><b>Província:</b> 30<br/><b>Cor cartográfica do ponto:</b> Amarelo<br/><b>Fonte:</b> Derivado da camada Solos_Angola; posição sistemática nova; fora da mancha vermelha<br/><b>Longitude:</b> 19.588277<br/><b>Latitude:</b> -16.935489]]></description>
<Point>
<coordinates>19.58827716,-16.93548857,0</coordinates>
</Point>
</Placemark>
<Placemark>
<name>Amarelo | Dystric Arenosols</name>
<styleUrl>#style_Amarelo</styleUrl>
<description><![CDATA[<b>ID:</b> CTRL_NV_0440<br/><b>Classificação:</b> NÃO VERMELHO – controle cartográfico<br/><b>Classe WRB:</b> Dystric Arenosols<br/><b>Código de solo:</b> ARh<br/><b>Província:</b> 30<br/><b>Cor cartográfica do ponto:</b> Amarelo<br/><b>Fonte:</b> Derivado da camada Solos_Angola; posição sistemática nova; fora da mancha vermelha<br/><b>Longitude:</b> 19.588277<br/><b>Latitude:</b> -16.771864]]></description>
<Point>
<coordinates>19.58827716,-16.77186434,0</coordinates>
</Point>
</Placemark>
<Placemark>
<name>Amarelo | Dystric Arenosols</name>
<styleUrl>#style_Amarelo</styleUrl>
<description><![CDATA[<b>ID:</b> CTRL_NV_0441<br/><b>Classificação:</b> NÃO VERMELHO – controle cartográfico<br/><b>Classe WRB:</b> Dystric Arenosols<br/><b>Código de solo:</b> ARh<br/><b>Província:</b> 30<br/><b>Cor cartográfica do ponto:</b> Amarelo<br/><b>Fonte:</b> Derivado da camada Solos_Angola; posição sistemática nova; fora da mancha vermelha<br/><b>Longitude:</b> 19.588277<br/><b>Latitude:</b> -16.608377]]></description>
<Point>
<coordinates>19.58827716,-16.60837736,0</coordinates>
</Point>
</Placemark>
<Placemark>
<name>Amarelo | Dystric Arenosols</name>
<styleUrl>#style_Amarelo</styleUrl>
<description><![CDATA[<b>ID:</b> CTRL_NV_0442<br/><b>Classificação:</b> NÃO VERMELHO – controle cartográfico<br/><b>Classe WRB:</b> Dystric Arenosols<br/><b>Código de solo:</b> ARh<br/><b>Província:</b> 30<br/><b>Cor cartográfica do ponto:</b> Amarelo<br/><b>Fonte:</b> Derivado da camada Solos_Angola; posição sistemática nova; fora da mancha vermelha<br/><b>Longitude:</b> 19.588277<br/><b>Latitude:</b> -16.445026]]></description>
<Point>
<coordinates>19.58827716,-16.44502599,0</coordinates>
</Point>
</Placemark>
<Placemark>
<name>Amarelo | Dystric Arenosols</name>
<styleUrl>#style_Amarelo</styleUrl>
<description><![CDATA[<b>ID:</b> CTRL_NV_0443<br/><b>Classificação:</b> NÃO VERMELHO – controle cartográfico<br/><b>Classe WRB:</b> Dystric Arenosols<br/><b>Código de solo:</b> ARh<br/><b>Província:</b> 30<br/><b>Cor cartográfica do ponto:</b> Amarelo<br/><b>Fonte:</b> Derivado da camada Solos_Angola; posição sistemática nova; fora da mancha vermelha<br/><b>Longitude:</b> 19.588277<br/><b>Latitude:</b> -16.281809]]></description>
<Point>
<coordinates>19.58827716,-16.28180859,0</coordinates>
</Point>
</Placemark>
<Placemark>
<name>Amarelo | Dystric Arenosols</name>
<styleUrl>#style_Amarelo</styleUrl>
<description><![CDATA[<b>ID:</b> CTRL_NV_0444<br/><b>Classificação:</b> NÃO VERMELHO – controle cartográfico<br/><b>Classe WRB:</b> Dystric Arenosols<br/><b>Código de solo:</b> ARh<br/><b>Província:</b> 30<br/><b>Cor cartográfica do ponto:</b> Amarelo<br/><b>Fonte:</b> Derivado da camada Solos_Angola; posição sistemática nova; fora da mancha vermelha<br/><b>Longitude:</b> 19.588277<br/><b>Latitude:</b> -16.118724]]></description>
<Point>
<coordinates>19.58827716,-16.11872353,0</coordinates>
</Point>
</Placemark>
<Placemark>
<name>Amarelo | Dystric Arenosols</name>
<styleUrl>#style_Amarelo</styleUrl>
<description><![CDATA[<b>ID:</b> CTRL_NV_0445<br/><b>Classificação:</b> NÃO VERMELHO – controle cartográfico<br/><b>Classe WRB:</b> Dystric Arenosols<br/><b>Código de solo:</b> ARh<br/><b>Província:</b> 30<br/><b>Cor cartográfica do ponto:</b> Amarelo<br/><b>Fonte:</b> Derivado da camada Solos_Angola; posição sistemática nova; fora da mancha vermelha<br/><b>Longitude:</b> 19.588277<br/><b>Latitude:</b> -15.955769]]></description>
<Point>
<coordinates>19.58827716,-15.95576919,0</coordinates>
</Point>
</Placemark>
<Placemark>
<name>Amarelo | Gleyic Arenosols</name>
<styleUrl>#style_Amarelo</styleUrl>
<description><![CDATA[<b>ID:</b> CTRL_NV_0446<br/><b>Classificação:</b> NÃO VERMELHO – controle cartográfico<br/><b>Classe WRB:</b> Gleyic Arenosols<br/><b>Código de solo:</b> ARg<br/><b>Província:</b> 30<br/><b>Cor cartográfica do ponto:</b> Amarelo<br/><b>Fonte:</b> Derivado da camada Solos_Angola; posição sistemática nova; fora da mancha vermelha<br/><b>Longitude:</b> 19.588277<br/><b>Latitude:</b> -15.792944]]></description>
<Point>
<coordinates>19.58827716,-15.79294398,0</coordinates>
</Point>
</Placemark>
<Placemark>
<name>Verde | Carbic Podzols</name>
<styleUrl>#style_Verde</styleUrl>
<description><![CDATA[<b>ID:</b> CTRL_NV_0447<br/><b>Classificação:</b> NÃO VERMELHO – controle cartográfico<br/><b>Classe WRB:</b> Carbic Podzols<br/><b>Código de solo:</b> PZc<br/><b>Província:</b> 30<br/><b>Cor cartográfica do ponto:</b> Verde<br/><b>Fonte:</b> Derivado da camada Solos_Angola; posição sistemática nova; fora da mancha vermelha<br/><b>Longitude:</b> 19.588277<br/><b>Latitude:</b> -15.630246]]></description>
<Point>
<coordinates>19.58827716,-15.63024630,0</coordinates>
</Point>
</Placemark>
<Placemark>
<name>Verde | Carbic Podzols</name>
<styleUrl>#style_Verde</styleUrl>
<description><![CDATA[<b>ID:</b> CTRL_NV_0448<br/><b>Classificação:</b> NÃO VERMELHO – controle cartográfico<br/><b>Classe WRB:</b> Carbic Podzols<br/><b>Código de solo:</b> PZc<br/><b>Província:</b> 30<br/><b>Cor cartográfica do ponto:</b> Verde<br/><b>Fonte:</b> Derivado da camada Solos_Angola; posição sistemática nova; fora da mancha vermelha<br/><b>Longitude:</b> 19.588277<br/><b>Latitude:</b> -15.467675]]></description>
<Point>
<coordinates>19.58827716,-15.46767457,0</coordinates>
</Point>
</Placemark>
<Placemark>
<name>Verde | Carbic Podzols</name>
<styleUrl>#style_Verde</styleUrl>
<description><![CDATA[<b>ID:</b> CTRL_NV_0449<br/><b>Classificação:</b> NÃO VERMELHO – controle cartográfico<br/><b>Classe WRB:</b> Carbic Podzols<br/><b>Código de solo:</b> PZc<br/><b>Província:</b> 30<br/><b>Cor cartográfica do ponto:</b> Verde<br/><b>Fonte:</b> Derivado da camada Solos_Angola; posição sistemática nova; fora da mancha vermelha<br/><b>Longitude:</b> 19.588277<br/><b>Latitude:</b> -15.305227]]></description>
<Point>
<coordinates>19.58827716,-15.30522721,0</coordinates>
</Point>
</Placemark>
<Placemark>
<name>Verde | Carbic Podzols</name>
<styleUrl>#style_Verde</styleUrl>
<description><![CDATA[<b>ID:</b> CTRL_NV_0450<br/><b>Classificação:</b> NÃO VERMELHO – controle cartográfico<br/><b>Classe WRB:</b> Carbic Podzols<br/><b>Código de solo:</b> PZc<br/><b>Província:</b> 30<br/><b>Cor cartográfica do ponto:</b> Verde<br/><b>Fonte:</b> Derivado da camada Solos_Angola; posição sistemática nova; fora da mancha vermelha<br/><b>Longitude:</b> 19.588277<br/><b>Latitude:</b> -15.142903]]></description>
<Point>
<coordinates>19.58827716,-15.14290266,0</coordinates>
</Point>
</Placemark>
<Placemark>
<name>Verde | Carbic Podzols</name>
<styleUrl>#style_Verde</styleUrl>
<description><![CDATA[<b>ID:</b> CTRL_NV_0451<br/><b>Classificação:</b> NÃO VERMELHO – controle cartográfico<br/><b>Classe WRB:</b> Carbic Podzols<br/><b>Código de solo:</b> PZc<br/><b>Província:</b> 30<br/><b>Cor cartográfica do ponto:</b> Verde<br/><b>Fonte:</b> Derivado da camada Solos_Angola; posição sistemática nova; fora da mancha vermelha<br/><b>Longitude:</b> 19.588277<br/><b>Latitude:</b> -14.980699]]></description>
<Point>
<coordinates>19.58827716,-14.98069937,0</coordinates>
</Point>
</Placemark>
<Placemark>
<name>Verde | Carbic Podzols</name>
<styleUrl>#style_Verde</styleUrl>
<description><![CDATA[<b>ID:</b> CTRL_NV_0452<br/><b>Classificação:</b> NÃO VERMELHO – controle cartográfico<br/><b>Classe WRB:</b> Carbic Podzols<br/><b>Código de solo:</b> PZc<br/><b>Província:</b> 30<br/><b>Cor cartográfica do ponto:</b> Verde<br/><b>Fonte:</b> Derivado da camada Solos_Angola; posição sistemática nova; fora da mancha vermelha<br/><b>Longitude:</b> 19.588277<br/><b>Latitude:</b> -14.818616]]></description>
<Point>
<coordinates>19.58827716,-14.81861580,0</coordinates>
</Point>
</Placemark>
<Placemark>
<name>Verde | Carbic Podzols</name>
<styleUrl>#style_Verde</styleUrl>
<description><![CDATA[<b>ID:</b> CTRL_NV_0453<br/><b>Classificação:</b> NÃO VERMELHO – controle cartográfico<br/><b>Classe WRB:</b> Carbic Podzols<br/><b>Código de solo:</b> PZc<br/><b>Província:</b> 30<br/><b>Cor cartográfica do ponto:</b> Verde<br/><b>Fonte:</b> Derivado da camada Solos_Angola; posição sistemática nova; fora da mancha vermelha<br/><b>Longitude:</b> 19.588277<br/><b>Latitude:</b> -14.656650]]></description>
<Point>
<coordinates>19.58827716,-14.65665041,0</coordinates>
</Point>
</Placemark>
<Placemark>
<name>Amarelo | Dystric Arenosols</name>
<styleUrl>#style_Amarelo</styleUrl>
<description><![CDATA[<b>ID:</b> CTRL_NV_0454<br/><b>Classificação:</b> NÃO VERMELHO – controle cartográfico<br/><b>Classe WRB:</b> Dystric Arenosols<br/><b>Código de solo:</b> ARh<br/><b>Província:</b> 27<br/><b>Cor cartográfica do ponto:</b> Amarelo<br/><b>Fonte:</b> Derivado da camada Solos_Angola; posição sistemática nova; fora da mancha vermelha<br/><b>Longitude:</b> 19.795561<br/><b>Latitude:</b> -17.755727]]></description>
<Point>
<coordinates>19.79556052,-17.75572707,0</coordinates>
</Point>
</Placemark>
<Placemark>
<name>Amarelo | Dystric Arenosols</name>
<styleUrl>#style_Amarelo</styleUrl>
<description><![CDATA[<b>ID:</b> CTRL_NV_0455<br/><b>Classificação:</b> NÃO VERMELHO – controle cartográfico<br/><b>Classe WRB:</b> Dystric Arenosols<br/><b>Código de solo:</b> ARh<br/><b>Província:</b> 30<br/><b>Cor cartográfica do ponto:</b> Amarelo<br/><b>Fonte:</b> Derivado da camada Solos_Angola; posição sistemática nova; fora da mancha vermelha<br/><b>Longitude:</b> 19.795561<br/><b>Latitude:</b> -17.591391]]></description>
<Point>
<coordinates>19.79556052,-17.59139143,0</coordinates>
</Point>
</Placemark>
<Placemark>
<name>Amarelo | Dystric Arenosols</name>
<styleUrl>#style_Amarelo</styleUrl>
<description><![CDATA[<b>ID:</b> CTRL_NV_0456<br/><b>Classificação:</b> NÃO VERMELHO – controle cartográfico<br/><b>Classe WRB:</b> Dystric Arenosols<br/><b>Código de solo:</b> ARh<br/><b>Província:</b> 27<br/><b>Cor cartográfica do ponto:</b> Amarelo<br/><b>Fonte:</b> Derivado da camada Solos_Angola; posição sistemática nova; fora da mancha vermelha<br/><b>Longitude:</b> 19.795561<br/><b>Latitude:</b> -17.427201]]></description>
<Point>
<coordinates>19.79556052,-17.42720146,0</coordinates>
</Point>
</Placemark>
<Placemark>
<name>Amarelo | Dystric Arenosols</name>
<styleUrl>#style_Amarelo</styleUrl>
<description><![CDATA[<b>ID:</b> CTRL_NV_0457<br/><b>Classificação:</b> NÃO VERMELHO – controle cartográfico<br/><b>Classe WRB:</b> Dystric Arenosols<br/><b>Código de solo:</b> ARh<br/><b>Província:</b> 30<br/><b>Cor cartográfica do ponto:</b> Amarelo<br/><b>Fonte:</b> Derivado da camada Solos_Angola; posição sistemática nova; fora da mancha vermelha<br/><b>Longitude:</b> 19.795561<br/><b>Latitude:</b> -17.263155]]></description>
<Point>
<coordinates>19.79556052,-17.26315545,0</coordinates>
</Point>
</Placemark>
<Placemark>
<name>Amarelo | Dystric Arenosols</name>
<styleUrl>#style_Amarelo</styleUrl>
<description><![CDATA[<b>ID:</b> CTRL_NV_0458<br/><b>Classificação:</b> NÃO VERMELHO – controle cartográfico<br/><b>Classe WRB:</b> Dystric Arenosols<br/><b>Código de solo:</b> ARh<br/><b>Província:</b> 30<br/><b>Cor cartográfica do ponto:</b> Amarelo<br/><b>Fonte:</b> Derivado da camada Solos_Angola; posição sistemática nova; fora da mancha vermelha<br/><b>Longitude:</b> 19.795561<br/><b>Latitude:</b> -17.099252]]></description>
<Point>
<coordinates>19.79556052,-17.09925172,0</coordinates>
</Point>
</Placemark>
<Placemark>
<name>Amarelo | Gleyic Arenosols</name>
<styleUrl>#style_Amarelo</styleUrl>
<description><![CDATA[<b>ID:</b> CTRL_NV_0459<br/><b>Classificação:</b> NÃO VERMELHO – controle cartográfico<br/><b>Classe WRB:</b> Gleyic Arenosols<br/><b>Código de solo:</b> ARg<br/><b>Província:</b> 30<br/><b>Cor cartográfica do ponto:</b> Amarelo<br/><b>Fonte:</b> Derivado da camada Solos_Angola; posição sistemática nova; fora da mancha vermelha<br/><b>Longitude:</b> 19.795561<br/><b>Latitude:</b> -16.935489]]></description>
<Point>
<coordinates>19.79556052,-16.93548857,0</coordinates>
</Point>
</Placemark>
<Placemark>
<name>Amarelo | Gleyic Arenosols</name>
<styleUrl>#style_Amarelo</styleUrl>
<description><![CDATA[<b>ID:</b> CTRL_NV_0460<br/><b>Classificação:</b> NÃO VERMELHO – controle cartográfico<br/><b>Classe WRB:</b> Gleyic Arenosols<br/><b>Código de solo:</b> ARg<br/><b>Província:</b> 30<br/><b>Cor cartográfica do ponto:</b> Amarelo<br/><b>Fonte:</b> Derivado da camada Solos_Angola; posição sistemática nova; fora da mancha vermelha<br/><b>Longitude:</b> 19.795561<br/><b>Latitude:</b> -16.771864]]></description>
<Point>
<coordinates>19.79556052,-16.77186434,0</coordinates>
</Point>
</Placemark>
<Placemark>
<name>Amarelo | Gleyic Arenosols</name>
<styleUrl>#style_Amarelo</styleUrl>
<description><![CDATA[<b>ID:</b> CTRL_NV_0461<br/><b>Classificação:</b> NÃO VERMELHO – controle cartográfico<br/><b>Classe WRB:</b> Gleyic Arenosols<br/><b>Código de solo:</b> ARg<br/><b>Província:</b> 30<br/><b>Cor cartográfica do ponto:</b> Amarelo<br/><b>Fonte:</b> Derivado da camada Solos_Angola; posição sistemática nova; fora da mancha vermelha<br/><b>Longitude:</b> 19.795561<br/><b>Latitude:</b> -16.608377]]></description>
<Point>
<coordinates>19.79556052,-16.60837736,0</coordinates>
</Point>
</Placemark>
<Placemark>
<name>Amarelo | Dystric Arenosols</name>
<styleUrl>#style_Amarelo</styleUrl>
<description><![CDATA[<b>ID:</b> CTRL_NV_0462<br/><b>Classificação:</b> NÃO VERMELHO – controle cartográfico<br/><b>Classe WRB:</b> Dystric Arenosols<br/><b>Código de solo:</b> ARh<br/><b>Província:</b> 30<br/><b>Cor cartográfica do ponto:</b> Amarelo<br/><b>Fonte:</b> Derivado da camada Solos_Angola; posição sistemática nova; fora da mancha vermelha<br/><b>Longitude:</b> 19.795561<br/><b>Latitude:</b> -16.445026]]></description>
<Point>
<coordinates>19.79556052,-16.44502599,0</coordinates>
</Point>
</Placemark>
<Placemark>
<name>Amarelo | Dystric Arenosols</name>
<styleUrl>#style_Amarelo</styleUrl>
<description><![CDATA[<b>ID:</b> CTRL_NV_0463<br/><b>Classificação:</b> NÃO VERMELHO – controle cartográfico<br/><b>Classe WRB:</b> Dystric Arenosols<br/><b>Código de solo:</b> ARh<br/><b>Província:</b> 30<br/><b>Cor cartográfica do ponto:</b> Amarelo<br/><b>Fonte:</b> Derivado da camada Solos_Angola; posição sistemática nova; fora da mancha vermelha<br/><b>Longitude:</b> 19.795561<br/><b>Latitude:</b> -16.281809]]></description>
<Point>
<coordinates>19.79556052,-16.28180859,0</coordinates>
</Point>
</Placemark>
<Placemark>
<name>Amarelo | Dystric Arenosols</name>
<styleUrl>#style_Amarelo</styleUrl>
<description><![CDATA[<b>ID:</b> CTRL_NV_0464<br/><b>Classificação:</b> NÃO VERMELHO – controle cartográfico<br/><b>Classe WRB:</b> Dystric Arenosols<br/><b>Código de solo:</b> ARh<br/><b>Província:</b> 30<br/><b>Cor cartográfica do ponto:</b> Amarelo<br/><b>Fonte:</b> Derivado da camada Solos_Angola; posição sistemática nova; fora da mancha vermelha<br/><b>Longitude:</b> 19.795561<br/><b>Latitude:</b> -16.118724]]></description>
<Point>
<coordinates>19.79556052,-16.11872353,0</coordinates>
</Point>
</Placemark>
<Placemark>
<name>Amarelo | Dystric Arenosols</name>
<styleUrl>#style_Amarelo</styleUrl>
<description><![CDATA[<b>ID:</b> CTRL_NV_0465<br/><b>Classificação:</b> NÃO VERMELHO – controle cartográfico<br/><b>Classe WRB:</b> Dystric Arenosols<br/><b>Código de solo:</b> ARh<br/><b>Província:</b> 30<br/><b>Cor cartográfica do ponto:</b> Amarelo<br/><b>Fonte:</b> Derivado da camada Solos_Angola; posição sistemática nova; fora da mancha vermelha<br/><b>Longitude:</b> 19.795561<br/><b>Latitude:</b> -15.955769]]></description>
<Point>
<coordinates>19.79556052,-15.95576919,0</coordinates>
</Point>
</Placemark>
<Placemark>
<name>Amarelo | Gleyic Arenosols</name>
<styleUrl>#style_Amarelo</styleUrl>
<description><![CDATA[<b>ID:</b> CTRL_NV_0466<br/><b>Classificação:</b> NÃO VERMELHO – controle cartográfico<br/><b>Classe WRB:</b> Gleyic Arenosols<br/><b>Código de solo:</b> ARg<br/><b>Província:</b> 30<br/><b>Cor cartográfica do ponto:</b> Amarelo<br/><b>Fonte:</b> Derivado da camada Solos_Angola; posição sistemática nova; fora da mancha vermelha<br/><b>Longitude:</b> 19.795561<br/><b>Latitude:</b> -15.792944]]></description>
<Point>
<coordinates>19.79556052,-15.79294398,0</coordinates>
</Point>
</Placemark>
<Placemark>
<name>Amarelo | Gleyic Arenosols</name>
<styleUrl>#style_Amarelo</styleUrl>
<description><![CDATA[<b>ID:</b> CTRL_NV_0467<br/><b>Classificação:</b> NÃO VERMELHO – controle cartográfico<br/><b>Classe WRB:</b> Gleyic Arenosols<br/><b>Código de solo:</b> ARg<br/><b>Província:</b> 30<br/><b>Cor cartográfica do ponto:</b> Amarelo<br/><b>Fonte:</b> Derivado da camada Solos_Angola; posição sistemática nova; fora da mancha vermelha<br/><b>Longitude:</b> 19.795561<br/><b>Latitude:</b> -15.630246]]></description>
<Point>
<coordinates>19.79556052,-15.63024630,0</coordinates>
</Point>
</Placemark>
<Placemark>
<name>Verde | Carbic Podzols</name>
<styleUrl>#style_Verde</styleUrl>
<description><![CDATA[<b>ID:</b> CTRL_NV_0468<br/><b>Classificação:</b> NÃO VERMELHO – controle cartográfico<br/><b>Classe WRB:</b> Carbic Podzols<br/><b>Código de solo:</b> PZc<br/><b>Província:</b> 30<br/><b>Cor cartográfica do ponto:</b> Verde<br/><b>Fonte:</b> Derivado da camada Solos_Angola; posição sistemática nova; fora da mancha vermelha<br/><b>Longitude:</b> 19.795561<br/><b>Latitude:</b> -15.305227]]></description>
<Point>
<coordinates>19.79556052,-15.30522721,0</coordinates>
</Point>
</Placemark>
<Placemark>
<name>Verde | Carbic Podzols</name>
<styleUrl>#style_Verde</styleUrl>
<description><![CDATA[<b>ID:</b> CTRL_NV_0469<br/><b>Classificação:</b> NÃO VERMELHO – controle cartográfico<br/><b>Classe WRB:</b> Carbic Podzols<br/><b>Código de solo:</b> PZc<br/><b>Província:</b> 30<br/><b>Cor cartográfica do ponto:</b> Verde<br/><b>Fonte:</b> Derivado da camada Solos_Angola; posição sistemática nova; fora da mancha vermelha<br/><b>Longitude:</b> 19.795561<br/><b>Latitude:</b> -15.142903]]></description>
<Point>
<coordinates>19.79556052,-15.14290266,0</coordinates>
</Point>
</Placemark>
<Placemark>
<name>Verde | Carbic Podzols</name>
<styleUrl>#style_Verde</styleUrl>
<description><![CDATA[<b>ID:</b> CTRL_NV_0470<br/><b>Classificação:</b> NÃO VERMELHO – controle cartográfico<br/><b>Classe WRB:</b> Carbic Podzols<br/><b>Código de solo:</b> PZc<br/><b>Província:</b> 30<br/><b>Cor cartográfica do ponto:</b> Verde<br/><b>Fonte:</b> Derivado da camada Solos_Angola; posição sistemática nova; fora da mancha vermelha<br/><b>Longitude:</b> 19.795561<br/><b>Latitude:</b> -14.980699]]></description>
<Point>
<coordinates>19.79556052,-14.98069937,0</coordinates>
</Point>
</Placemark>
<Placemark>
<name>Verde | Carbic Podzols</name>
<styleUrl>#style_Verde</styleUrl>
<description><![CDATA[<b>ID:</b> CTRL_NV_0471<br/><b>Classificação:</b> NÃO VERMELHO – controle cartográfico<br/><b>Classe WRB:</b> Carbic Podzols<br/><b>Código de solo:</b> PZc<br/><b>Província:</b> 30<br/><b>Cor cartográfica do ponto:</b> Verde<br/><b>Fonte:</b> Derivado da camada Solos_Angola; posição sistemática nova; fora da mancha vermelha<br/><b>Longitude:</b> 19.795561<br/><b>Latitude:</b> -14.818616]]></description>
<Point>
<coordinates>19.79556052,-14.81861580,0</coordinates>
</Point>
</Placemark>
<Placemark>
<name>Amarelo | Dystric Arenosols</name>
<styleUrl>#style_Amarelo</styleUrl>
<description><![CDATA[<b>ID:</b> CTRL_NV_0472<br/><b>Classificação:</b> NÃO VERMELHO – controle cartográfico<br/><b>Classe WRB:</b> Dystric Arenosols<br/><b>Código de solo:</b> ARh<br/><b>Província:</b> 30<br/><b>Cor cartográfica do ponto:</b> Amarelo<br/><b>Fonte:</b> Derivado da camada Solos_Angola; posição sistemática nova; fora da mancha vermelha<br/><b>Longitude:</b> 20.002844<br/><b>Latitude:</b> -17.755727]]></description>
<Point>
<coordinates>20.00284388,-17.75572707,0</coordinates>
</Point>
</Placemark>
<Placemark>
<name>Amarelo | Dystric Arenosols</name>
<styleUrl>#style_Amarelo</styleUrl>
<description><![CDATA[<b>ID:</b> CTRL_NV_0473<br/><b>Classificação:</b> NÃO VERMELHO – controle cartográfico<br/><b>Classe WRB:</b> Dystric Arenosols<br/><b>Código de solo:</b> ARh<br/><b>Província:</b> 30<br/><b>Cor cartográfica do ponto:</b> Amarelo<br/><b>Fonte:</b> Derivado da camada Solos_Angola; posição sistemática nova; fora da mancha vermelha<br/><b>Longitude:</b> 20.002844<br/><b>Latitude:</b> -17.591391]]></description>
<Point>
<coordinates>20.00284388,-17.59139143,0</coordinates>
</Point>
</Placemark>
<Placemark>
<name>Amarelo | Dystric Arenosols</name>
<styleUrl>#style_Amarelo</styleUrl>
<description><![CDATA[<b>ID:</b> CTRL_NV_0474<br/><b>Classificação:</b> NÃO VERMELHO – controle cartográfico<br/><b>Classe WRB:</b> Dystric Arenosols<br/><b>Código de solo:</b> ARh<br/><b>Província:</b> 30<br/><b>Cor cartográfica do ponto:</b> Amarelo<br/><b>Fonte:</b> Derivado da camada Solos_Angola; posição sistemática nova; fora da mancha vermelha<br/><b>Longitude:</b> 20.002844<br/><b>Latitude:</b> -17.427201]]></description>
<Point>
<coordinates>20.00284388,-17.42720146,0</coordinates>
</Point>
</Placemark>
<Placemark>
<name>Amarelo | Dystric Arenosols</name>
<styleUrl>#style_Amarelo</styleUrl>
<description><![CDATA[<b>ID:</b> CTRL_NV_0475<br/><b>Classificação:</b> NÃO VERMELHO – controle cartográfico<br/><b>Classe WRB:</b> Dystric Arenosols<br/><b>Código de solo:</b> ARh<br/><b>Província:</b> 30<br/><b>Cor cartográfica do ponto:</b> Amarelo<br/><b>Fonte:</b> Derivado da camada Solos_Angola; posição sistemática nova; fora da mancha vermelha<br/><b>Longitude:</b> 20.002844<br/><b>Latitude:</b> -17.263155]]></description>
<Point>
<coordinates>20.00284388,-17.26315545,0</coordinates>
</Point>
</Placemark>
<Placemark>
<name>Amarelo | Dystric Arenosols</name>
<styleUrl>#style_Amarelo</styleUrl>
<description><![CDATA[<b>ID:</b> CTRL_NV_0476<br/><b>Classificação:</b> NÃO VERMELHO – controle cartográfico<br/><b>Classe WRB:</b> Dystric Arenosols<br/><b>Código de solo:</b> ARh<br/><b>Província:</b> 30<br/><b>Cor cartográfica do ponto:</b> Amarelo<br/><b>Fonte:</b> Derivado da camada Solos_Angola; posição sistemática nova; fora da mancha vermelha<br/><b>Longitude:</b> 20.002844<br/><b>Latitude:</b> -17.099252]]></description>
<Point>
<coordinates>20.00284388,-17.09925172,0</coordinates>
</Point>
</Placemark>
<Placemark>
<name>Amarelo | Gleyic Arenosols</name>
<styleUrl>#style_Amarelo</styleUrl>
<description><![CDATA[<b>ID:</b> CTRL_NV_0477<br/><b>Classificação:</b> NÃO VERMELHO – controle cartográfico<br/><b>Classe WRB:</b> Gleyic Arenosols<br/><b>Código de solo:</b> ARg<br/><b>Província:</b> 30<br/><b>Cor cartográfica do ponto:</b> Amarelo<br/><b>Fonte:</b> Derivado da camada Solos_Angola; posição sistemática nova; fora da mancha vermelha<br/><b>Longitude:</b> 20.002844<br/><b>Latitude:</b> -16.935489]]></description>
<Point>
<coordinates>20.00284388,-16.93548857,0</coordinates>
</Point>
</Placemark>
<Placemark>
<name>Amarelo | Dystric Arenosols</name>
<styleUrl>#style_Amarelo</styleUrl>
<description><![CDATA[<b>ID:</b> CTRL_NV_0478<br/><b>Classificação:</b> NÃO VERMELHO – controle cartográfico<br/><b>Classe WRB:</b> Dystric Arenosols<br/><b>Código de solo:</b> ARh<br/><b>Província:</b> 30<br/><b>Cor cartográfica do ponto:</b> Amarelo<br/><b>Fonte:</b> Derivado da camada Solos_Angola; posição sistemática nova; fora da mancha vermelha<br/><b>Longitude:</b> 20.002844<br/><b>Latitude:</b> -16.771864]]></description>
<Point>
<coordinates>20.00284388,-16.77186434,0</coordinates>
</Point>
</Placemark>
<Placemark>
<name>Amarelo | Dystric Arenosols</name>
<styleUrl>#style_Amarelo</styleUrl>
<description><![CDATA[<b>ID:</b> CTRL_NV_0479<br/><b>Classificação:</b> NÃO VERMELHO – controle cartográfico<br/><b>Classe WRB:</b> Dystric Arenosols<br/><b>Código de solo:</b> ARh<br/><b>Província:</b> 30<br/><b>Cor cartográfica do ponto:</b> Amarelo<br/><b>Fonte:</b> Derivado da camada Solos_Angola; posição sistemática nova; fora da mancha vermelha<br/><b>Longitude:</b> 20.002844<br/><b>Latitude:</b> -16.608377]]></description>
<Point>
<coordinates>20.00284388,-16.60837736,0</coordinates>
</Point>
</Placemark>
<Placemark>
<name>Amarelo | Dystric Arenosols</name>
<styleUrl>#style_Amarelo</styleUrl>
<description><![CDATA[<b>ID:</b> CTRL_NV_0480<br/><b>Classificação:</b> NÃO VERMELHO – controle cartográfico<br/><b>Classe WRB:</b> Dystric Arenosols<br/><b>Código de solo:</b> ARh<br/><b>Província:</b> 30<br/><b>Cor cartográfica do ponto:</b> Amarelo<br/><b>Fonte:</b> Derivado da camada Solos_Angola; posição sistemática nova; fora da mancha vermelha<br/><b>Longitude:</b> 20.002844<br/><b>Latitude:</b> -16.445026]]></description>
<Point>
<coordinates>20.00284388,-16.44502599,0</coordinates>
</Point>
</Placemark>
<Placemark>
<name>Amarelo | Dystric Arenosols</name>
<styleUrl>#style_Amarelo</styleUrl>
<description><![CDATA[<b>ID:</b> CTRL_NV_0481<br/><b>Classificação:</b> NÃO VERMELHO – controle cartográfico<br/><b>Classe WRB:</b> Dystric Arenosols<br/><b>Código de solo:</b> ARh<br/><b>Província:</b> 30<br/><b>Cor cartográfica do ponto:</b> Amarelo<br/><b>Fonte:</b> Derivado da camada Solos_Angola; posição sistemática nova; fora da mancha vermelha<br/><b>Longitude:</b> 20.002844<br/><b>Latitude:</b> -16.281809]]></description>
<Point>
<coordinates>20.00284388,-16.28180859,0</coordinates>
</Point>
</Placemark>
<Placemark>
<name>Amarelo | Dystric Arenosols</name>
<styleUrl>#style_Amarelo</styleUrl>
<description><![CDATA[<b>ID:</b> CTRL_NV_0482<br/><b>Classificação:</b> NÃO VERMELHO – controle cartográfico<br/><b>Classe WRB:</b> Dystric Arenosols<br/><b>Código de solo:</b> ARh<br/><b>Província:</b> 30<br/><b>Cor cartográfica do ponto:</b> Amarelo<br/><b>Fonte:</b> Derivado da camada Solos_Angola; posição sistemática nova; fora da mancha vermelha<br/><b>Longitude:</b> 20.002844<br/><b>Latitude:</b> -16.118724]]></description>
<Point>
<coordinates>20.00284388,-16.11872353,0</coordinates>
</Point>
</Placemark>
<Placemark>
<name>Amarelo | Gleyic Arenosols</name>
<styleUrl>#style_Amarelo</styleUrl>
<description><![CDATA[<b>ID:</b> CTRL_NV_0483<br/><b>Classificação:</b> NÃO VERMELHO – controle cartográfico<br/><b>Classe WRB:</b> Gleyic Arenosols<br/><b>Código de solo:</b> ARg<br/><b>Província:</b> 30<br/><b>Cor cartográfica do ponto:</b> Amarelo<br/><b>Fonte:</b> Derivado da camada Solos_Angola; posição sistemática nova; fora da mancha vermelha<br/><b>Longitude:</b> 20.002844<br/><b>Latitude:</b> -15.955769]]></description>
<Point>
<coordinates>20.00284388,-15.95576919,0</coordinates>
</Point>
</Placemark>
<Placemark>
<name>Amarelo | Gleyic Arenosols</name>
<styleUrl>#style_Amarelo</styleUrl>
<description><![CDATA[<b>ID:</b> CTRL_NV_0484<br/><b>Classificação:</b> NÃO VERMELHO – controle cartográfico<br/><b>Classe WRB:</b> Gleyic Arenosols<br/><b>Código de solo:</b> ARg<br/><b>Província:</b> 30<br/><b>Cor cartográfica do ponto:</b> Amarelo<br/><b>Fonte:</b> Derivado da camada Solos_Angola; posição sistemática nova; fora da mancha vermelha<br/><b>Longitude:</b> 20.002844<br/><b>Latitude:</b> -15.792944]]></description>
<Point>
<coordinates>20.00284388,-15.79294398,0</coordinates>
</Point>
</Placemark>
<Placemark>
<name>Amarelo | Gleyic Arenosols</name>
<styleUrl>#style_Amarelo</styleUrl>
<description><![CDATA[<b>ID:</b> CTRL_NV_0485<br/><b>Classificação:</b> NÃO VERMELHO – controle cartográfico<br/><b>Classe WRB:</b> Gleyic Arenosols<br/><b>Código de solo:</b> ARg<br/><b>Província:</b> 30<br/><b>Cor cartográfica do ponto:</b> Amarelo<br/><b>Fonte:</b> Derivado da camada Solos_Angola; posição sistemática nova; fora da mancha vermelha<br/><b>Longitude:</b> 20.002844<br/><b>Latitude:</b> -15.630246]]></description>
<Point>
<coordinates>20.00284388,-15.63024630,0</coordinates>
</Point>
</Placemark>
<Placemark>
<name>Verde | Carbic Podzols</name>
<styleUrl>#style_Verde</styleUrl>
<description><![CDATA[<b>ID:</b> CTRL_NV_0486<br/><b>Classificação:</b> NÃO VERMELHO – controle cartográfico<br/><b>Classe WRB:</b> Carbic Podzols<br/><b>Código de solo:</b> PZc<br/><b>Província:</b> 30<br/><b>Cor cartográfica do ponto:</b> Verde<br/><b>Fonte:</b> Derivado da camada Solos_Angola; posição sistemática nova; fora da mancha vermelha<br/><b>Longitude:</b> 20.002844<br/><b>Latitude:</b> -15.305227]]></description>
<Point>
<coordinates>20.00284388,-15.30522721,0</coordinates>
</Point>
</Placemark>
<Placemark>
<name>Amarelo | Dystric Arenosols</name>
<styleUrl>#style_Amarelo</styleUrl>
<description><![CDATA[<b>ID:</b> CTRL_NV_0487<br/><b>Classificação:</b> NÃO VERMELHO – controle cartográfico<br/><b>Classe WRB:</b> Dystric Arenosols<br/><b>Código de solo:</b> ARh<br/><b>Província:</b> 30<br/><b>Cor cartográfica do ponto:</b> Amarelo<br/><b>Fonte:</b> Derivado da camada Solos_Angola; posição sistemática nova; fora da mancha vermelha<br/><b>Longitude:</b> 20.210127<br/><b>Latitude:</b> -17.755727]]></description>
<Point>
<coordinates>20.21012723,-17.75572707,0</coordinates>
</Point>
</Placemark>
<Placemark>
<name>Amarelo | Gleyic Arenosols</name>
<styleUrl>#style_Amarelo</styleUrl>
<description><![CDATA[<b>ID:</b> CTRL_NV_0488<br/><b>Classificação:</b> NÃO VERMELHO – controle cartográfico<br/><b>Classe WRB:</b> Gleyic Arenosols<br/><b>Código de solo:</b> ARg<br/><b>Província:</b> 30<br/><b>Cor cartográfica do ponto:</b> Amarelo<br/><b>Fonte:</b> Derivado da camada Solos_Angola; posição sistemática nova; fora da mancha vermelha<br/><b>Longitude:</b> 20.210127<br/><b>Latitude:</b> -17.591391]]></description>
<Point>
<coordinates>20.21012723,-17.59139143,0</coordinates>
</Point>
</Placemark>
<Placemark>
<name>Amarelo | Dystric Arenosols</name>
<styleUrl>#style_Amarelo</styleUrl>
<description><![CDATA[<b>ID:</b> CTRL_NV_0489<br/><b>Classificação:</b> NÃO VERMELHO – controle cartográfico<br/><b>Classe WRB:</b> Dystric Arenosols<br/><b>Código de solo:</b> ARh<br/><b>Província:</b> 30<br/><b>Cor cartográfica do ponto:</b> Amarelo<br/><b>Fonte:</b> Derivado da camada Solos_Angola; posição sistemática nova; fora da mancha vermelha<br/><b>Longitude:</b> 20.210127<br/><b>Latitude:</b> -17.427201]]></description>
<Point>
<coordinates>20.21012723,-17.42720146,0</coordinates>
</Point>
</Placemark>
<Placemark>
<name>Amarelo | Gleyic Arenosols</name>
<styleUrl>#style_Amarelo</styleUrl>
<description><![CDATA[<b>ID:</b> CTRL_NV_0490<br/><b>Classificação:</b> NÃO VERMELHO – controle cartográfico<br/><b>Classe WRB:</b> Gleyic Arenosols<br/><b>Código de solo:</b> ARg<br/><b>Província:</b> 30<br/><b>Cor cartográfica do ponto:</b> Amarelo<br/><b>Fonte:</b> Derivado da camada Solos_Angola; posição sistemática nova; fora da mancha vermelha<br/><b>Longitude:</b> 20.210127<br/><b>Latitude:</b> -17.263155]]></description>
<Point>
<coordinates>20.21012723,-17.26315545,0</coordinates>
</Point>
</Placemark>
<Placemark>
<name>Amarelo | Gleyic Arenosols</name>
<styleUrl>#style_Amarelo</styleUrl>
<description><![CDATA[<b>ID:</b> CTRL_NV_0491<br/><b>Classificação:</b> NÃO VERMELHO – controle cartográfico<br/><b>Classe WRB:</b> Gleyic Arenosols<br/><b>Código de solo:</b> ARg<br/><b>Província:</b> 30<br/><b>Cor cartográfica do ponto:</b> Amarelo<br/><b>Fonte:</b> Derivado da camada Solos_Angola; posição sistemática nova; fora da mancha vermelha<br/><b>Longitude:</b> 20.210127<br/><b>Latitude:</b> -17.099252]]></description>
<Point>
<coordinates>20.21012723,-17.09925172,0</coordinates>
</Point>
</Placemark>
<Placemark>
<name>Amarelo | Gleyic Arenosols</name>
<styleUrl>#style_Amarelo</styleUrl>
<description><![CDATA[<b>ID:</b> CTRL_NV_0492<br/><b>Classificação:</b> NÃO VERMELHO – controle cartográfico<br/><b>Classe WRB:</b> Gleyic Arenosols<br/><b>Código de solo:</b> ARg<br/><b>Província:</b> 30<br/><b>Cor cartográfica do ponto:</b> Amarelo<br/><b>Fonte:</b> Derivado da camada Solos_Angola; posição sistemática nova; fora da mancha vermelha<br/><b>Longitude:</b> 20.210127<br/><b>Latitude:</b> -16.935489]]></description>
<Point>
<coordinates>20.21012723,-16.93548857,0</coordinates>
</Point>
</Placemark>
<Placemark>
<name>Amarelo | Gleyic Arenosols</name>
<styleUrl>#style_Amarelo</styleUrl>
<description><![CDATA[<b>ID:</b> CTRL_NV_0493<br/><b>Classificação:</b> NÃO VERMELHO – controle cartográfico<br/><b>Classe WRB:</b> Gleyic Arenosols<br/><b>Código de solo:</b> ARg<br/><b>Província:</b> 30<br/><b>Cor cartográfica do ponto:</b> Amarelo<br/><b>Fonte:</b> Derivado da camada Solos_Angola; posição sistemática nova; fora da mancha vermelha<br/><b>Longitude:</b> 20.210127<br/><b>Latitude:</b> -16.771864]]></description>
<Point>
<coordinates>20.21012723,-16.77186434,0</coordinates>
</Point>
</Placemark>
<Placemark>
<name>Amarelo | Dystric Arenosols</name>
<styleUrl>#style_Amarelo</styleUrl>
<description><![CDATA[<b>ID:</b> CTRL_NV_0494<br/><b>Classificação:</b> NÃO VERMELHO – controle cartográfico<br/><b>Classe WRB:</b> Dystric Arenosols<br/><b>Código de solo:</b> ARh<br/><b>Província:</b> 30<br/><b>Cor cartográfica do ponto:</b> Amarelo<br/><b>Fonte:</b> Derivado da camada Solos_Angola; posição sistemática nova; fora da mancha vermelha<br/><b>Longitude:</b> 20.210127<br/><b>Latitude:</b> -16.608377]]></description>
<Point>
<coordinates>20.21012723,-16.60837736,0</coordinates>
</Point>
</Placemark>
<Placemark>
<name>Amarelo | Dystric Arenosols</name>
<styleUrl>#style_Amarelo</styleUrl>
<description><![CDATA[<b>ID:</b> CTRL_NV_0495<br/><b>Classificação:</b> NÃO VERMELHO – controle cartográfico<br/><b>Classe WRB:</b> Dystric Arenosols<br/><b>Código de solo:</b> ARh<br/><b>Província:</b> 30<br/><b>Cor cartográfica do ponto:</b> Amarelo<br/><b>Fonte:</b> Derivado da camada Solos_Angola; posição sistemática nova; fora da mancha vermelha<br/><b>Longitude:</b> 20.210127<br/><b>Latitude:</b> -16.445026]]></description>
<Point>
<coordinates>20.21012723,-16.44502599,0</coordinates>
</Point>
</Placemark>
<Placemark>
<name>Amarelo | Gleyic Arenosols</name>
<styleUrl>#style_Amarelo</styleUrl>
<description><![CDATA[<b>ID:</b> CTRL_NV_0496<br/><b>Classificação:</b> NÃO VERMELHO – controle cartográfico<br/><b>Classe WRB:</b> Gleyic Arenosols<br/><b>Código de solo:</b> ARg<br/><b>Província:</b> 30<br/><b>Cor cartográfica do ponto:</b> Amarelo<br/><b>Fonte:</b> Derivado da camada Solos_Angola; posição sistemática nova; fora da mancha vermelha<br/><b>Longitude:</b> 20.210127<br/><b>Latitude:</b> -16.281809]]></description>
<Point>
<coordinates>20.21012723,-16.28180859,0</coordinates>
</Point>
</Placemark>
<Placemark>
<name>Amarelo | Dystric Arenosols</name>
<styleUrl>#style_Amarelo</styleUrl>
<description><![CDATA[<b>ID:</b> CTRL_NV_0497<br/><b>Classificação:</b> NÃO VERMELHO – controle cartográfico<br/><b>Classe WRB:</b> Dystric Arenosols<br/><b>Código de solo:</b> ARh<br/><b>Província:</b> 30<br/><b>Cor cartográfica do ponto:</b> Amarelo<br/><b>Fonte:</b> Derivado da camada Solos_Angola; posição sistemática nova; fora da mancha vermelha<br/><b>Longitude:</b> 20.210127<br/><b>Latitude:</b> -16.118724]]></description>
<Point>
<coordinates>20.21012723,-16.11872353,0</coordinates>
</Point>
</Placemark>
<Placemark>
<name>Amarelo | Gleyic Arenosols</name>
<styleUrl>#style_Amarelo</styleUrl>
<description><![CDATA[<b>ID:</b> CTRL_NV_0498<br/><b>Classificação:</b> NÃO VERMELHO – controle cartográfico<br/><b>Classe WRB:</b> Gleyic Arenosols<br/><b>Código de solo:</b> ARg<br/><b>Província:</b> 30<br/><b>Cor cartográfica do ponto:</b> Amarelo<br/><b>Fonte:</b> Derivado da camada Solos_Angola; posição sistemática nova; fora da mancha vermelha<br/><b>Longitude:</b> 20.210127<br/><b>Latitude:</b> -15.955769]]></description>
<Point>
<coordinates>20.21012723,-15.95576919,0</coordinates>
</Point>
</Placemark>
<Placemark>
<name>Amarelo | Gleyic Arenosols</name>
<styleUrl>#style_Amarelo</styleUrl>
<description><![CDATA[<b>ID:</b> CTRL_NV_0499<br/><b>Classificação:</b> NÃO VERMELHO – controle cartográfico<br/><b>Classe WRB:</b> Gleyic Arenosols<br/><b>Código de solo:</b> ARg<br/><b>Província:</b> 30<br/><b>Cor cartográfica do ponto:</b> Amarelo<br/><b>Fonte:</b> Derivado da camada Solos_Angola; posição sistemática nova; fora da mancha vermelha<br/><b>Longitude:</b> 20.210127<br/><b>Latitude:</b> -15.792944]]></description>
<Point>
<coordinates>20.21012723,-15.79294398,0</coordinates>
</Point>
</Placemark>
<Placemark>
<name>Amarelo | Gleyic Arenosols</name>
<styleUrl>#style_Amarelo</styleUrl>
<description><![CDATA[<b>ID:</b> CTRL_NV_0500<br/><b>Classificação:</b> NÃO VERMELHO – controle cartográfico<br/><b>Classe WRB:</b> Gleyic Arenosols<br/><b>Código de solo:</b> ARg<br/><b>Província:</b> 30<br/><b>Cor cartográfica do ponto:</b> Amarelo<br/><b>Fonte:</b> Derivado da camada Solos_Angola; posição sistemática nova; fora da mancha vermelha<br/><b>Longitude:</b> 20.210127<br/><b>Latitude:</b> -15.630246]]></description>
<Point>
<coordinates>20.21012723,-15.63024630,0</coordinates>
</Point>
</Placemark>
<Placemark>
<name>Amarelo | Gleyic Arenosols</name>
<styleUrl>#style_Amarelo</styleUrl>
<description><![CDATA[<b>ID:</b> CTRL_NV_0501<br/><b>Classificação:</b> NÃO VERMELHO – controle cartográfico<br/><b>Classe WRB:</b> Gleyic Arenosols<br/><b>Código de solo:</b> ARg<br/><b>Província:</b> 19<br/><b>Cor cartográfica do ponto:</b> Amarelo<br/><b>Fonte:</b> Derivado da camada Solos_Angola; posição sistemática nova; fora da mancha vermelha<br/><b>Longitude:</b> 20.210127<br/><b>Latitude:</b> -11.120320]]></description>
<Point>
<coordinates>20.21012723,-11.12032011,0</coordinates>
</Point>
</Placemark>
<Placemark>
<name>Amarelo | Gleyic Arenosols</name>
<styleUrl>#style_Amarelo</styleUrl>
<description><![CDATA[<b>ID:</b> CTRL_NV_0502<br/><b>Classificação:</b> NÃO VERMELHO – controle cartográfico<br/><b>Classe WRB:</b> Gleyic Arenosols<br/><b>Código de solo:</b> ARg<br/><b>Província:</b> 30<br/><b>Cor cartográfica do ponto:</b> Amarelo<br/><b>Fonte:</b> Derivado da camada Solos_Angola; posição sistemática nova; fora da mancha vermelha<br/><b>Longitude:</b> 20.417411<br/><b>Latitude:</b> -17.591391]]></description>
<Point>
<coordinates>20.41741059,-17.59139143,0</coordinates>
</Point>
</Placemark>
<Placemark>
<name>Amarelo | Gleyic Arenosols</name>
<styleUrl>#style_Amarelo</styleUrl>
<description><![CDATA[<b>ID:</b> CTRL_NV_0503<br/><b>Classificação:</b> NÃO VERMELHO – controle cartográfico<br/><b>Classe WRB:</b> Gleyic Arenosols<br/><b>Código de solo:</b> ARg<br/><b>Província:</b> 30<br/><b>Cor cartográfica do ponto:</b> Amarelo<br/><b>Fonte:</b> Derivado da camada Solos_Angola; posição sistemática nova; fora da mancha vermelha<br/><b>Longitude:</b> 20.417411<br/><b>Latitude:</b> -17.427201]]></description>
<Point>
<coordinates>20.41741059,-17.42720146,0</coordinates>
</Point>
</Placemark>
<Placemark>
<name>Amarelo | Gleyic Arenosols</name>
<styleUrl>#style_Amarelo</styleUrl>
<description><![CDATA[<b>ID:</b> CTRL_NV_0504<br/><b>Classificação:</b> NÃO VERMELHO – controle cartográfico<br/><b>Classe WRB:</b> Gleyic Arenosols<br/><b>Código de solo:</b> ARg<br/><b>Província:</b> 30<br/><b>Cor cartográfica do ponto:</b> Amarelo<br/><b>Fonte:</b> Derivado da camada Solos_Angola; posição sistemática nova; fora da mancha vermelha<br/><b>Longitude:</b> 20.417411<br/><b>Latitude:</b> -17.263155]]></description>
<Point>
<coordinates>20.41741059,-17.26315545,0</coordinates>
</Point>
</Placemark>
<Placemark>
<name>Amarelo | Gleyic Arenosols</name>
<styleUrl>#style_Amarelo</styleUrl>
<description><![CDATA[<b>ID:</b> CTRL_NV_0505<br/><b>Classificação:</b> NÃO VERMELHO – controle cartográfico<br/><b>Classe WRB:</b> Gleyic Arenosols<br/><b>Código de solo:</b> ARg<br/><b>Província:</b> 30<br/><b>Cor cartográfica do ponto:</b> Amarelo<br/><b>Fonte:</b> Derivado da camada Solos_Angola; posição sistemática nova; fora da mancha vermelha<br/><b>Longitude:</b> 20.417411<br/><b>Latitude:</b> -17.099252]]></description>
<Point>
<coordinates>20.41741059,-17.09925172,0</coordinates>
</Point>
</Placemark>
<Placemark>
<name>Amarelo | Gleyic Arenosols</name>
<styleUrl>#style_Amarelo</styleUrl>
<description><![CDATA[<b>ID:</b> CTRL_NV_0506<br/><b>Classificação:</b> NÃO VERMELHO – controle cartográfico<br/><b>Classe WRB:</b> Gleyic Arenosols<br/><b>Código de solo:</b> ARg<br/><b>Província:</b> 30<br/><b>Cor cartográfica do ponto:</b> Amarelo<br/><b>Fonte:</b> Derivado da camada Solos_Angola; posição sistemática nova; fora da mancha vermelha<br/><b>Longitude:</b> 20.417411<br/><b>Latitude:</b> -16.935489]]></description>
<Point>
<coordinates>20.41741059,-16.93548857,0</coordinates>
</Point>
</Placemark>
<Placemark>
<name>Amarelo | Dystric Arenosols</name>
<styleUrl>#style_Amarelo</styleUrl>
<description><![CDATA[<b>ID:</b> CTRL_NV_0507<br/><b>Classificação:</b> NÃO VERMELHO – controle cartográfico<br/><b>Classe WRB:</b> Dystric Arenosols<br/><b>Código de solo:</b> ARh<br/><b>Província:</b> 30<br/><b>Cor cartográfica do ponto:</b> Amarelo<br/><b>Fonte:</b> Derivado da camada Solos_Angola; posição sistemática nova; fora da mancha vermelha<br/><b>Longitude:</b> 20.417411<br/><b>Latitude:</b> -16.771864]]></description>
<Point>
<coordinates>20.41741059,-16.77186434,0</coordinates>
</Point>
</Placemark>
<Placemark>
<name>Amarelo | Dystric Arenosols</name>
<styleUrl>#style_Amarelo</styleUrl>
<description><![CDATA[<b>ID:</b> CTRL_NV_0508<br/><b>Classificação:</b> NÃO VERMELHO – controle cartográfico<br/><b>Classe WRB:</b> Dystric Arenosols<br/><b>Código de solo:</b> ARh<br/><b>Província:</b> 30<br/><b>Cor cartográfica do ponto:</b> Amarelo<br/><b>Fonte:</b> Derivado da camada Solos_Angola; posição sistemática nova; fora da mancha vermelha<br/><b>Longitude:</b> 20.417411<br/><b>Latitude:</b> -16.608377]]></description>
<Point>
<coordinates>20.41741059,-16.60837736,0</coordinates>
</Point>
</Placemark>
<Placemark>
<name>Amarelo | Dystric Arenosols</name>
<styleUrl>#style_Amarelo</styleUrl>
<description><![CDATA[<b>ID:</b> CTRL_NV_0509<br/><b>Classificação:</b> NÃO VERMELHO – controle cartográfico<br/><b>Classe WRB:</b> Dystric Arenosols<br/><b>Código de solo:</b> ARh<br/><b>Província:</b> 30<br/><b>Cor cartográfica do ponto:</b> Amarelo<br/><b>Fonte:</b> Derivado da camada Solos_Angola; posição sistemática nova; fora da mancha vermelha<br/><b>Longitude:</b> 20.417411<br/><b>Latitude:</b> -16.445026]]></description>
<Point>
<coordinates>20.41741059,-16.44502599,0</coordinates>
</Point>
</Placemark>
<Placemark>
<name>Amarelo | Dystric Arenosols</name>
<styleUrl>#style_Amarelo</styleUrl>
<description><![CDATA[<b>ID:</b> CTRL_NV_0510<br/><b>Classificação:</b> NÃO VERMELHO – controle cartográfico<br/><b>Classe WRB:</b> Dystric Arenosols<br/><b>Código de solo:</b> ARh<br/><b>Província:</b> 30<br/><b>Cor cartográfica do ponto:</b> Amarelo<br/><b>Fonte:</b> Derivado da camada Solos_Angola; posição sistemática nova; fora da mancha vermelha<br/><b>Longitude:</b> 20.417411<br/><b>Latitude:</b> -16.281809]]></description>
<Point>
<coordinates>20.41741059,-16.28180859,0</coordinates>
</Point>
</Placemark>
<Placemark>
<name>Amarelo | Dystric Arenosols</name>
<styleUrl>#style_Amarelo</styleUrl>
<description><![CDATA[<b>ID:</b> CTRL_NV_0511<br/><b>Classificação:</b> NÃO VERMELHO – controle cartográfico<br/><b>Classe WRB:</b> Dystric Arenosols<br/><b>Código de solo:</b> ARh<br/><b>Província:</b> 30<br/><b>Cor cartográfica do ponto:</b> Amarelo<br/><b>Fonte:</b> Derivado da camada Solos_Angola; posição sistemática nova; fora da mancha vermelha<br/><b>Longitude:</b> 20.417411<br/><b>Latitude:</b> -16.118724]]></description>
<Point>
<coordinates>20.41741059,-16.11872353,0</coordinates>
</Point>
</Placemark>
<Placemark>
<name>Amarelo | Dystric Arenosols</name>
<styleUrl>#style_Amarelo</styleUrl>
<description><![CDATA[<b>ID:</b> CTRL_NV_0512<br/><b>Classificação:</b> NÃO VERMELHO – controle cartográfico<br/><b>Classe WRB:</b> Dystric Arenosols<br/><b>Código de solo:</b> ARh<br/><b>Província:</b> 30<br/><b>Cor cartográfica do ponto:</b> Amarelo<br/><b>Fonte:</b> Derivado da camada Solos_Angola; posição sistemática nova; fora da mancha vermelha<br/><b>Longitude:</b> 20.417411<br/><b>Latitude:</b> -15.955769]]></description>
<Point>
<coordinates>20.41741059,-15.95576919,0</coordinates>
</Point>
</Placemark>
<Placemark>
<name>Amarelo | Gleyic Arenosols</name>
<styleUrl>#style_Amarelo</styleUrl>
<description><![CDATA[<b>ID:</b> CTRL_NV_0513<br/><b>Classificação:</b> NÃO VERMELHO – controle cartográfico<br/><b>Classe WRB:</b> Gleyic Arenosols<br/><b>Código de solo:</b> ARg<br/><b>Província:</b> 30<br/><b>Cor cartográfica do ponto:</b> Amarelo<br/><b>Fonte:</b> Derivado da camada Solos_Angola; posição sistemática nova; fora da mancha vermelha<br/><b>Longitude:</b> 20.417411<br/><b>Latitude:</b> -15.792944]]></description>
<Point>
<coordinates>20.41741059,-15.79294398,0</coordinates>
</Point>
</Placemark>
<Placemark>
<name>Amarelo | Dystric Arenosols</name>
<styleUrl>#style_Amarelo</styleUrl>
<description><![CDATA[<b>ID:</b> CTRL_NV_0514<br/><b>Classificação:</b> NÃO VERMELHO – controle cartográfico<br/><b>Classe WRB:</b> Dystric Arenosols<br/><b>Código de solo:</b> ARh<br/><b>Província:</b> 20<br/><b>Cor cartográfica do ponto:</b> Amarelo<br/><b>Fonte:</b> Derivado da camada Solos_Angola; posição sistemática nova; fora da mancha vermelha<br/><b>Longitude:</b> 20.417411<br/><b>Latitude:</b> -12.721738]]></description>
<Point>
<coordinates>20.41741059,-12.72173821,0</coordinates>
</Point>
</Placemark>
<Placemark>
<name>Amarelo | Dystric Arenosols</name>
<styleUrl>#style_Amarelo</styleUrl>
<description><![CDATA[<b>ID:</b> CTRL_NV_0515<br/><b>Classificação:</b> NÃO VERMELHO – controle cartográfico<br/><b>Classe WRB:</b> Dystric Arenosols<br/><b>Código de solo:</b> ARh<br/><b>Província:</b> 20<br/><b>Cor cartográfica do ponto:</b> Amarelo<br/><b>Fonte:</b> Derivado da camada Solos_Angola; posição sistemática nova; fora da mancha vermelha<br/><b>Longitude:</b> 20.417411<br/><b>Latitude:</b> -12.561174]]></description>
<Point>
<coordinates>20.41741059,-12.56117375,0</coordinates>
</Point>
</Placemark>
<Placemark>
<name>Amarelo | Dystric Arenosols</name>
<styleUrl>#style_Amarelo</styleUrl>
<description><![CDATA[<b>ID:</b> CTRL_NV_0516<br/><b>Classificação:</b> NÃO VERMELHO – controle cartográfico<br/><b>Classe WRB:</b> Dystric Arenosols<br/><b>Código de solo:</b> ARh<br/><b>Província:</b> 30<br/><b>Cor cartográfica do ponto:</b> Amarelo<br/><b>Fonte:</b> Derivado da camada Solos_Angola; posição sistemática nova; fora da mancha vermelha<br/><b>Longitude:</b> 20.624694<br/><b>Latitude:</b> -17.920210]]></description>
<Point>
<coordinates>20.62469394,-17.92021012,0</coordinates>
</Point>
</Placemark>
<Placemark>
<name>Amarelo | Gleyic Arenosols</name>
<styleUrl>#style_Amarelo</styleUrl>
<description><![CDATA[<b>ID:</b> CTRL_NV_0517<br/><b>Classificação:</b> NÃO VERMELHO – controle cartográfico<br/><b>Classe WRB:</b> Gleyic Arenosols<br/><b>Código de solo:</b> ARg<br/><b>Província:</b> 30<br/><b>Cor cartográfica do ponto:</b> Amarelo<br/><b>Fonte:</b> Derivado da camada Solos_Angola; posição sistemática nova; fora da mancha vermelha<br/><b>Longitude:</b> 20.624694<br/><b>Latitude:</b> -17.755727]]></description>
<Point>
<coordinates>20.62469394,-17.75572707,0</coordinates>
</Point>
</Placemark>
<Placemark>
<name>Amarelo | Gleyic Arenosols</name>
<styleUrl>#style_Amarelo</styleUrl>
<description><![CDATA[<b>ID:</b> CTRL_NV_0518<br/><b>Classificação:</b> NÃO VERMELHO – controle cartográfico<br/><b>Classe WRB:</b> Gleyic Arenosols<br/><b>Código de solo:</b> ARg<br/><b>Província:</b> 30<br/><b>Cor cartográfica do ponto:</b> Amarelo<br/><b>Fonte:</b> Derivado da camada Solos_Angola; posição sistemática nova; fora da mancha vermelha<br/><b>Longitude:</b> 20.624694<br/><b>Latitude:</b> -17.591391]]></description>
<Point>
<coordinates>20.62469394,-17.59139143,0</coordinates>
</Point>
</Placemark>
<Placemark>
<name>Amarelo | Gleyic Arenosols</name>
<styleUrl>#style_Amarelo</styleUrl>
<description><![CDATA[<b>ID:</b> CTRL_NV_0519<br/><b>Classificação:</b> NÃO VERMELHO – controle cartográfico<br/><b>Classe WRB:</b> Gleyic Arenosols<br/><b>Código de solo:</b> ARg<br/><b>Província:</b> 30<br/><b>Cor cartográfica do ponto:</b> Amarelo<br/><b>Fonte:</b> Derivado da camada Solos_Angola; posição sistemática nova; fora da mancha vermelha<br/><b>Longitude:</b> 20.624694<br/><b>Latitude:</b> -17.427201]]></description>
<Point>
<coordinates>20.62469394,-17.42720146,0</coordinates>
</Point>
</Placemark>
<Placemark>
<name>Amarelo | Gleyic Arenosols</name>
<styleUrl>#style_Amarelo</styleUrl>
<description><![CDATA[<b>ID:</b> CTRL_NV_0520<br/><b>Classificação:</b> NÃO VERMELHO – controle cartográfico<br/><b>Classe WRB:</b> Gleyic Arenosols<br/><b>Código de solo:</b> ARg<br/><b>Província:</b> 30<br/><b>Cor cartográfica do ponto:</b> Amarelo<br/><b>Fonte:</b> Derivado da camada Solos_Angola; posição sistemática nova; fora da mancha vermelha<br/><b>Longitude:</b> 20.624694<br/><b>Latitude:</b> -17.263155]]></description>
<Point>
<coordinates>20.62469394,-17.26315545,0</coordinates>
</Point>
</Placemark>
<Placemark>
<name>Amarelo | Gleyic Arenosols</name>
<styleUrl>#style_Amarelo</styleUrl>
<description><![CDATA[<b>ID:</b> CTRL_NV_0521<br/><b>Classificação:</b> NÃO VERMELHO – controle cartográfico<br/><b>Classe WRB:</b> Gleyic Arenosols<br/><b>Código de solo:</b> ARg<br/><b>Província:</b> 30<br/><b>Cor cartográfica do ponto:</b> Amarelo<br/><b>Fonte:</b> Derivado da camada Solos_Angola; posição sistemática nova; fora da mancha vermelha<br/><b>Longitude:</b> 20.624694<br/><b>Latitude:</b> -17.099252]]></description>
<Point>
<coordinates>20.62469394,-17.09925172,0</coordinates>
</Point>
</Placemark>
<Placemark>
<name>Amarelo | Gleyic Arenosols</name>
<styleUrl>#style_Amarelo</styleUrl>
<description><![CDATA[<b>ID:</b> CTRL_NV_0522<br/><b>Classificação:</b> NÃO VERMELHO – controle cartográfico<br/><b>Classe WRB:</b> Gleyic Arenosols<br/><b>Código de solo:</b> ARg<br/><b>Província:</b> 30<br/><b>Cor cartográfica do ponto:</b> Amarelo<br/><b>Fonte:</b> Derivado da camada Solos_Angola; posição sistemática nova; fora da mancha vermelha<br/><b>Longitude:</b> 20.624694<br/><b>Latitude:</b> -16.935489]]></description>
<Point>
<coordinates>20.62469394,-16.93548857,0</coordinates>
</Point>
</Placemark>
<Placemark>
<name>Amarelo | Gleyic Arenosols</name>
<styleUrl>#style_Amarelo</styleUrl>
<description><![CDATA[<b>ID:</b> CTRL_NV_0523<br/><b>Classificação:</b> NÃO VERMELHO – controle cartográfico<br/><b>Classe WRB:</b> Gleyic Arenosols<br/><b>Código de solo:</b> ARg<br/><b>Província:</b> 30<br/><b>Cor cartográfica do ponto:</b> Amarelo<br/><b>Fonte:</b> Derivado da camada Solos_Angola; posição sistemática nova; fora da mancha vermelha<br/><b>Longitude:</b> 20.624694<br/><b>Latitude:</b> -16.771864]]></description>
<Point>
<coordinates>20.62469394,-16.77186434,0</coordinates>
</Point>
</Placemark>
<Placemark>
<name>Amarelo | Gleyic Arenosols</name>
<styleUrl>#style_Amarelo</styleUrl>
<description><![CDATA[<b>ID:</b> CTRL_NV_0524<br/><b>Classificação:</b> NÃO VERMELHO – controle cartográfico<br/><b>Classe WRB:</b> Gleyic Arenosols<br/><b>Código de solo:</b> ARg<br/><b>Província:</b> 30<br/><b>Cor cartográfica do ponto:</b> Amarelo<br/><b>Fonte:</b> Derivado da camada Solos_Angola; posição sistemática nova; fora da mancha vermelha<br/><b>Longitude:</b> 20.624694<br/><b>Latitude:</b> -16.608377]]></description>
<Point>
<coordinates>20.62469394,-16.60837736,0</coordinates>
</Point>
</Placemark>
<Placemark>
<name>Amarelo | Gleyic Arenosols</name>
<styleUrl>#style_Amarelo</styleUrl>
<description><![CDATA[<b>ID:</b> CTRL_NV_0525<br/><b>Classificação:</b> NÃO VERMELHO – controle cartográfico<br/><b>Classe WRB:</b> Gleyic Arenosols<br/><b>Código de solo:</b> ARg<br/><b>Província:</b> 30<br/><b>Cor cartográfica do ponto:</b> Amarelo<br/><b>Fonte:</b> Derivado da camada Solos_Angola; posição sistemática nova; fora da mancha vermelha<br/><b>Longitude:</b> 20.624694<br/><b>Latitude:</b> -16.445026]]></description>
<Point>
<coordinates>20.62469394,-16.44502599,0</coordinates>
</Point>
</Placemark>
<Placemark>
<name>Amarelo | Dystric Arenosols</name>
<styleUrl>#style_Amarelo</styleUrl>
<description><![CDATA[<b>ID:</b> CTRL_NV_0526<br/><b>Classificação:</b> NÃO VERMELHO – controle cartográfico<br/><b>Classe WRB:</b> Dystric Arenosols<br/><b>Código de solo:</b> ARh<br/><b>Província:</b> 30<br/><b>Cor cartográfica do ponto:</b> Amarelo<br/><b>Fonte:</b> Derivado da camada Solos_Angola; posição sistemática nova; fora da mancha vermelha<br/><b>Longitude:</b> 20.624694<br/><b>Latitude:</b> -16.281809]]></description>
<Point>
<coordinates>20.62469394,-16.28180859,0</coordinates>
</Point>
</Placemark>
<Placemark>
<name>Amarelo | Dystric Arenosols</name>
<styleUrl>#style_Amarelo</styleUrl>
<description><![CDATA[<b>ID:</b> CTRL_NV_0527<br/><b>Classificação:</b> NÃO VERMELHO – controle cartográfico<br/><b>Classe WRB:</b> Dystric Arenosols<br/><b>Código de solo:</b> ARh<br/><b>Província:</b> 30<br/><b>Cor cartográfica do ponto:</b> Amarelo<br/><b>Fonte:</b> Derivado da camada Solos_Angola; posição sistemática nova; fora da mancha vermelha<br/><b>Longitude:</b> 20.624694<br/><b>Latitude:</b> -16.118724]]></description>
<Point>
<coordinates>20.62469394,-16.11872353,0</coordinates>
</Point>
</Placemark>
<Placemark>
<name>Amarelo | Dystric Arenosols</name>
<styleUrl>#style_Amarelo</styleUrl>
<description><![CDATA[<b>ID:</b> CTRL_NV_0528<br/><b>Classificação:</b> NÃO VERMELHO – controle cartográfico<br/><b>Classe WRB:</b> Dystric Arenosols<br/><b>Código de solo:</b> ARh<br/><b>Província:</b> 30<br/><b>Cor cartográfica do ponto:</b> Amarelo<br/><b>Fonte:</b> Derivado da camada Solos_Angola; posição sistemática nova; fora da mancha vermelha<br/><b>Longitude:</b> 20.624694<br/><b>Latitude:</b> -15.955769]]></description>
<Point>
<coordinates>20.62469394,-15.95576919,0</coordinates>
</Point>
</Placemark>
<Placemark>
<name>Amarelo | Gleyic Arenosols</name>
<styleUrl>#style_Amarelo</styleUrl>
<description><![CDATA[<b>ID:</b> CTRL_NV_0529<br/><b>Classificação:</b> NÃO VERMELHO – controle cartográfico<br/><b>Classe WRB:</b> Gleyic Arenosols<br/><b>Código de solo:</b> ARg<br/><b>Província:</b> 30<br/><b>Cor cartográfica do ponto:</b> Amarelo<br/><b>Fonte:</b> Derivado da camada Solos_Angola; posição sistemática nova; fora da mancha vermelha<br/><b>Longitude:</b> 20.624694<br/><b>Latitude:</b> -15.792944]]></description>
<Point>
<coordinates>20.62469394,-15.79294398,0</coordinates>
</Point>
</Placemark>
<Placemark>
<name>Amarelo | Dystric Arenosols</name>
<styleUrl>#style_Amarelo</styleUrl>
<description><![CDATA[<b>ID:</b> CTRL_NV_0530<br/><b>Classificação:</b> NÃO VERMELHO – controle cartográfico<br/><b>Classe WRB:</b> Dystric Arenosols<br/><b>Código de solo:</b> ARh<br/><b>Província:</b> 20<br/><b>Cor cartográfica do ponto:</b> Amarelo<br/><b>Fonte:</b> Derivado da camada Solos_Angola; posição sistemática nova; fora da mancha vermelha<br/><b>Longitude:</b> 20.624694<br/><b>Latitude:</b> -12.721738]]></description>
<Point>
<coordinates>20.62469394,-12.72173821,0</coordinates>
</Point>
</Placemark>
<Placemark>
<name>Amarelo | Dystric Arenosols</name>
<styleUrl>#style_Amarelo</styleUrl>
<description><![CDATA[<b>ID:</b> CTRL_NV_0531<br/><b>Classificação:</b> NÃO VERMELHO – controle cartográfico<br/><b>Classe WRB:</b> Dystric Arenosols<br/><b>Código de solo:</b> ARh<br/><b>Província:</b> 20<br/><b>Cor cartográfica do ponto:</b> Amarelo<br/><b>Fonte:</b> Derivado da camada Solos_Angola; posição sistemática nova; fora da mancha vermelha<br/><b>Longitude:</b> 20.624694<br/><b>Latitude:</b> -12.561174]]></description>
<Point>
<coordinates>20.62469394,-12.56117375,0</coordinates>
</Point>
</Placemark>
<Placemark>
<name>Amarelo | Dystric Arenosols</name>
<styleUrl>#style_Amarelo</styleUrl>
<description><![CDATA[<b>ID:</b> CTRL_NV_0532<br/><b>Classificação:</b> NÃO VERMELHO – controle cartográfico<br/><b>Classe WRB:</b> Dystric Arenosols<br/><b>Código de solo:</b> ARh<br/><b>Província:</b> 20<br/><b>Cor cartográfica do ponto:</b> Amarelo<br/><b>Fonte:</b> Derivado da camada Solos_Angola; posição sistemática nova; fora da mancha vermelha<br/><b>Longitude:</b> 20.624694<br/><b>Latitude:</b> -12.400707]]></description>
<Point>
<coordinates>20.62469394,-12.40070693,0</coordinates>
</Point>
</Placemark>
<Placemark>
<name>Amarelo | Gleyic Arenosols</name>
<styleUrl>#style_Amarelo</styleUrl>
<description><![CDATA[<b>ID:</b> CTRL_NV_0533<br/><b>Classificação:</b> NÃO VERMELHO – controle cartográfico<br/><b>Classe WRB:</b> Gleyic Arenosols<br/><b>Código de solo:</b> ARg<br/><b>Província:</b> 30<br/><b>Cor cartográfica do ponto:</b> Amarelo<br/><b>Fonte:</b> Derivado da camada Solos_Angola; posição sistemática nova; fora da mancha vermelha<br/><b>Longitude:</b> 20.831977<br/><b>Latitude:</b> -17.755727]]></description>
<Point>
<coordinates>20.83197730,-17.75572707,0</coordinates>
</Point>
</Placemark>
<Placemark>
<name>Amarelo | Gleyic Arenosols</name>
<styleUrl>#style_Amarelo</styleUrl>
<description><![CDATA[<b>ID:</b> CTRL_NV_0534<br/><b>Classificação:</b> NÃO VERMELHO – controle cartográfico<br/><b>Classe WRB:</b> Gleyic Arenosols<br/><b>Código de solo:</b> ARg<br/><b>Província:</b> 30<br/><b>Cor cartográfica do ponto:</b> Amarelo<br/><b>Fonte:</b> Derivado da camada Solos_Angola; posição sistemática nova; fora da mancha vermelha<br/><b>Longitude:</b> 20.831977<br/><b>Latitude:</b> -17.591391]]></description>
<Point>
<coordinates>20.83197730,-17.59139143,0</coordinates>
</Point>
</Placemark>
<Placemark>
<name>Amarelo | Gleyic Arenosols</name>
<styleUrl>#style_Amarelo</styleUrl>
<description><![CDATA[<b>ID:</b> CTRL_NV_0535<br/><b>Classificação:</b> NÃO VERMELHO – controle cartográfico<br/><b>Classe WRB:</b> Gleyic Arenosols<br/><b>Código de solo:</b> ARg<br/><b>Província:</b> 30<br/><b>Cor cartográfica do ponto:</b> Amarelo<br/><b>Fonte:</b> Derivado da camada Solos_Angola; posição sistemática nova; fora da mancha vermelha<br/><b>Longitude:</b> 20.831977<br/><b>Latitude:</b> -17.427201]]></description>
<Point>
<coordinates>20.83197730,-17.42720146,0</coordinates>
</Point>
</Placemark>
<Placemark>
<name>Amarelo | Gleyic Arenosols</name>
<styleUrl>#style_Amarelo</styleUrl>
<description><![CDATA[<b>ID:</b> CTRL_NV_0536<br/><b>Classificação:</b> NÃO VERMELHO – controle cartográfico<br/><b>Classe WRB:</b> Gleyic Arenosols<br/><b>Código de solo:</b> ARg<br/><b>Província:</b> 30<br/><b>Cor cartográfica do ponto:</b> Amarelo<br/><b>Fonte:</b> Derivado da camada Solos_Angola; posição sistemática nova; fora da mancha vermelha<br/><b>Longitude:</b> 20.831977<br/><b>Latitude:</b> -17.263155]]></description>
<Point>
<coordinates>20.83197730,-17.26315545,0</coordinates>
</Point>
</Placemark>
<Placemark>
<name>Amarelo | Gleyic Arenosols</name>
<styleUrl>#style_Amarelo</styleUrl>
<description><![CDATA[<b>ID:</b> CTRL_NV_0537<br/><b>Classificação:</b> NÃO VERMELHO – controle cartográfico<br/><b>Classe WRB:</b> Gleyic Arenosols<br/><b>Código de solo:</b> ARg<br/><b>Província:</b> 30<br/><b>Cor cartográfica do ponto:</b> Amarelo<br/><b>Fonte:</b> Derivado da camada Solos_Angola; posição sistemática nova; fora da mancha vermelha<br/><b>Longitude:</b> 20.831977<br/><b>Latitude:</b> -17.099252]]></description>
<Point>
<coordinates>20.83197730,-17.09925172,0</coordinates>
</Point>
</Placemark>
<Placemark>
<name>Amarelo | Gleyic Arenosols</name>
<styleUrl>#style_Amarelo</styleUrl>
<description><![CDATA[<b>ID:</b> CTRL_NV_0538<br/><b>Classificação:</b> NÃO VERMELHO – controle cartográfico<br/><b>Classe WRB:</b> Gleyic Arenosols<br/><b>Código de solo:</b> ARg<br/><b>Província:</b> 30<br/><b>Cor cartográfica do ponto:</b> Amarelo<br/><b>Fonte:</b> Derivado da camada Solos_Angola; posição sistemática nova; fora da mancha vermelha<br/><b>Longitude:</b> 20.831977<br/><b>Latitude:</b> -16.935489]]></description>
<Point>
<coordinates>20.83197730,-16.93548857,0</coordinates>
</Point>
</Placemark>
<Placemark>
<name>Amarelo | Gleyic Arenosols</name>
<styleUrl>#style_Amarelo</styleUrl>
<description><![CDATA[<b>ID:</b> CTRL_NV_0539<br/><b>Classificação:</b> NÃO VERMELHO – controle cartográfico<br/><b>Classe WRB:</b> Gleyic Arenosols<br/><b>Código de solo:</b> ARg<br/><b>Província:</b> 30<br/><b>Cor cartográfica do ponto:</b> Amarelo<br/><b>Fonte:</b> Derivado da camada Solos_Angola; posição sistemática nova; fora da mancha vermelha<br/><b>Longitude:</b> 20.831977<br/><b>Latitude:</b> -16.771864]]></description>
<Point>
<coordinates>20.83197730,-16.77186434,0</coordinates>
</Point>
</Placemark>
<Placemark>
<name>Amarelo | Gleyic Arenosols</name>
<styleUrl>#style_Amarelo</styleUrl>
<description><![CDATA[<b>ID:</b> CTRL_NV_0540<br/><b>Classificação:</b> NÃO VERMELHO – controle cartográfico<br/><b>Classe WRB:</b> Gleyic Arenosols<br/><b>Código de solo:</b> ARg<br/><b>Província:</b> 30<br/><b>Cor cartográfica do ponto:</b> Amarelo<br/><b>Fonte:</b> Derivado da camada Solos_Angola; posição sistemática nova; fora da mancha vermelha<br/><b>Longitude:</b> 20.831977<br/><b>Latitude:</b> -16.608377]]></description>
<Point>
<coordinates>20.83197730,-16.60837736,0</coordinates>
</Point>
</Placemark>
<Placemark>
<name>Amarelo | Gleyic Arenosols</name>
<styleUrl>#style_Amarelo</styleUrl>
<description><![CDATA[<b>ID:</b> CTRL_NV_0541<br/><b>Classificação:</b> NÃO VERMELHO – controle cartográfico<br/><b>Classe WRB:</b> Gleyic Arenosols<br/><b>Código de solo:</b> ARg<br/><b>Província:</b> 30<br/><b>Cor cartográfica do ponto:</b> Amarelo<br/><b>Fonte:</b> Derivado da camada Solos_Angola; posição sistemática nova; fora da mancha vermelha<br/><b>Longitude:</b> 20.831977<br/><b>Latitude:</b> -16.445026]]></description>
<Point>
<coordinates>20.83197730,-16.44502599,0</coordinates>
</Point>
</Placemark>
<Placemark>
<name>Amarelo | Gleyic Arenosols</name>
<styleUrl>#style_Amarelo</styleUrl>
<description><![CDATA[<b>ID:</b> CTRL_NV_0542<br/><b>Classificação:</b> NÃO VERMELHO – controle cartográfico<br/><b>Classe WRB:</b> Gleyic Arenosols<br/><b>Código de solo:</b> ARg<br/><b>Província:</b> 30<br/><b>Cor cartográfica do ponto:</b> Amarelo<br/><b>Fonte:</b> Derivado da camada Solos_Angola; posição sistemática nova; fora da mancha vermelha<br/><b>Longitude:</b> 20.831977<br/><b>Latitude:</b> -16.281809]]></description>
<Point>
<coordinates>20.83197730,-16.28180859,0</coordinates>
</Point>
</Placemark>
<Placemark>
<name>Amarelo | Dystric Arenosols</name>
<styleUrl>#style_Amarelo</styleUrl>
<description><![CDATA[<b>ID:</b> CTRL_NV_0543<br/><b>Classificação:</b> NÃO VERMELHO – controle cartográfico<br/><b>Classe WRB:</b> Dystric Arenosols<br/><b>Código de solo:</b> ARh<br/><b>Província:</b> 30<br/><b>Cor cartográfica do ponto:</b> Amarelo<br/><b>Fonte:</b> Derivado da camada Solos_Angola; posição sistemática nova; fora da mancha vermelha<br/><b>Longitude:</b> 20.831977<br/><b>Latitude:</b> -16.118724]]></description>
<Point>
<coordinates>20.83197730,-16.11872353,0</coordinates>
</Point>
</Placemark>
<Placemark>
<name>Amarelo | Dystric Arenosols</name>
<styleUrl>#style_Amarelo</styleUrl>
<description><![CDATA[<b>ID:</b> CTRL_NV_0544<br/><b>Classificação:</b> NÃO VERMELHO – controle cartográfico<br/><b>Classe WRB:</b> Dystric Arenosols<br/><b>Código de solo:</b> ARh<br/><b>Província:</b> 30<br/><b>Cor cartográfica do ponto:</b> Amarelo<br/><b>Fonte:</b> Derivado da camada Solos_Angola; posição sistemática nova; fora da mancha vermelha<br/><b>Longitude:</b> 20.831977<br/><b>Latitude:</b> -15.955769]]></description>
<Point>
<coordinates>20.83197730,-15.95576919,0</coordinates>
</Point>
</Placemark>
<Placemark>
<name>Amarelo | Gleyic Arenosols</name>
<styleUrl>#style_Amarelo</styleUrl>
<description><![CDATA[<b>ID:</b> CTRL_NV_0545<br/><b>Classificação:</b> NÃO VERMELHO – controle cartográfico<br/><b>Classe WRB:</b> Gleyic Arenosols<br/><b>Código de solo:</b> ARg<br/><b>Província:</b> 30<br/><b>Cor cartográfica do ponto:</b> Amarelo<br/><b>Fonte:</b> Derivado da camada Solos_Angola; posição sistemática nova; fora da mancha vermelha<br/><b>Longitude:</b> 20.831977<br/><b>Latitude:</b> -15.792944]]></description>
<Point>
<coordinates>20.83197730,-15.79294398,0</coordinates>
</Point>
</Placemark>
<Placemark>
<name>Amarelo | Dystric Arenosols</name>
<styleUrl>#style_Amarelo</styleUrl>
<description><![CDATA[<b>ID:</b> CTRL_NV_0546<br/><b>Classificação:</b> NÃO VERMELHO – controle cartográfico<br/><b>Classe WRB:</b> Dystric Arenosols<br/><b>Código de solo:</b> ARh<br/><b>Província:</b> 20<br/><b>Cor cartográfica do ponto:</b> Amarelo<br/><b>Fonte:</b> Derivado da camada Solos_Angola; posição sistemática nova; fora da mancha vermelha<br/><b>Longitude:</b> 20.831977<br/><b>Latitude:</b> -12.882402]]></description>
<Point>
<coordinates>20.83197730,-12.88240173,0</coordinates>
</Point>
</Placemark>
<Placemark>
<name>Amarelo | Dystric Arenosols</name>
<styleUrl>#style_Amarelo</styleUrl>
<description><![CDATA[<b>ID:</b> CTRL_NV_0547<br/><b>Classificação:</b> NÃO VERMELHO – controle cartográfico<br/><b>Classe WRB:</b> Dystric Arenosols<br/><b>Código de solo:</b> ARh<br/><b>Província:</b> 29<br/><b>Cor cartográfica do ponto:</b> Amarelo<br/><b>Fonte:</b> Derivado da camada Solos_Angola; posição sistemática nova; fora da mancha vermelha<br/><b>Longitude:</b> 20.831977<br/><b>Latitude:</b> -12.721738]]></description>
<Point>
<coordinates>20.83197730,-12.72173821,0</coordinates>
</Point>
</Placemark>
<Placemark>
<name>Amarelo | Dystric Arenosols</name>
<styleUrl>#style_Amarelo</styleUrl>
<description><![CDATA[<b>ID:</b> CTRL_NV_0548<br/><b>Classificação:</b> NÃO VERMELHO – controle cartográfico<br/><b>Classe WRB:</b> Dystric Arenosols<br/><b>Código de solo:</b> ARh<br/><b>Província:</b> 20<br/><b>Cor cartográfica do ponto:</b> Amarelo<br/><b>Fonte:</b> Derivado da camada Solos_Angola; posição sistemática nova; fora da mancha vermelha<br/><b>Longitude:</b> 20.831977<br/><b>Latitude:</b> -12.400707]]></description>
<Point>
<coordinates>20.83197730,-12.40070693,0</coordinates>
</Point>
</Placemark>
<Placemark>
<name>Amarelo | Gleyic Arenosols</name>
<styleUrl>#style_Amarelo</styleUrl>
<description><![CDATA[<b>ID:</b> CTRL_NV_0549<br/><b>Classificação:</b> NÃO VERMELHO – controle cartográfico<br/><b>Classe WRB:</b> Gleyic Arenosols<br/><b>Código de solo:</b> ARg<br/><b>Província:</b> 20<br/><b>Cor cartográfica do ponto:</b> Amarelo<br/><b>Fonte:</b> Derivado da camada Solos_Angola; posição sistemática nova; fora da mancha vermelha<br/><b>Longitude:</b> 20.831977<br/><b>Latitude:</b> -12.240336]]></description>
<Point>
<coordinates>20.83197730,-12.24033634,0</coordinates>
</Point>
</Placemark>
<Placemark>
<name>Amarelo | Gleyic Arenosols</name>
<styleUrl>#style_Amarelo</styleUrl>
<description><![CDATA[<b>ID:</b> CTRL_NV_0550<br/><b>Classificação:</b> NÃO VERMELHO – controle cartográfico<br/><b>Classe WRB:</b> Gleyic Arenosols<br/><b>Código de solo:</b> ARg<br/><b>Província:</b> 20<br/><b>Cor cartográfica do ponto:</b> Amarelo<br/><b>Fonte:</b> Derivado da camada Solos_Angola; posição sistemática nova; fora da mancha vermelha<br/><b>Longitude:</b> 20.831977<br/><b>Latitude:</b> -12.080061]]></description>
<Point>
<coordinates>20.83197730,-12.08006059,0</coordinates>
</Point>
</Placemark>
<Placemark>
<name>Amarelo | Gleyic Arenosols</name>
<styleUrl>#style_Amarelo</styleUrl>
<description><![CDATA[<b>ID:</b> CTRL_NV_0551<br/><b>Classificação:</b> NÃO VERMELHO – controle cartográfico<br/><b>Classe WRB:</b> Gleyic Arenosols<br/><b>Código de solo:</b> ARg<br/><b>Província:</b> 20<br/><b>Cor cartográfica do ponto:</b> Amarelo<br/><b>Fonte:</b> Derivado da camada Solos_Angola; posição sistemática nova; fora da mancha vermelha<br/><b>Longitude:</b> 20.831977<br/><b>Latitude:</b> -11.919878]]></description>
<Point>
<coordinates>20.83197730,-11.91987828,0</coordinates>
</Point>
</Placemark>
<Placemark>
<name>Amarelo | Gleyic Arenosols</name>
<styleUrl>#style_Amarelo</styleUrl>
<description><![CDATA[<b>ID:</b> CTRL_NV_0552<br/><b>Classificação:</b> NÃO VERMELHO – controle cartográfico<br/><b>Classe WRB:</b> Gleyic Arenosols<br/><b>Código de solo:</b> ARg<br/><b>Província:</b> 20<br/><b>Cor cartográfica do ponto:</b> Amarelo<br/><b>Fonte:</b> Derivado da camada Solos_Angola; posição sistemática nova; fora da mancha vermelha<br/><b>Longitude:</b> 20.831977<br/><b>Latitude:</b> -11.759788]]></description>
<Point>
<coordinates>20.83197730,-11.75978803,0</coordinates>
</Point>
</Placemark>
<Placemark>
<name>Amarelo | Gleyic Arenosols</name>
<styleUrl>#style_Amarelo</styleUrl>
<description><![CDATA[<b>ID:</b> CTRL_NV_0553<br/><b>Classificação:</b> NÃO VERMELHO – controle cartográfico<br/><b>Classe WRB:</b> Gleyic Arenosols<br/><b>Código de solo:</b> ARg<br/><b>Província:</b> 29<br/><b>Cor cartográfica do ponto:</b> Amarelo<br/><b>Fonte:</b> Derivado da camada Solos_Angola; posição sistemática nova; fora da mancha vermelha<br/><b>Longitude:</b> 20.831977<br/><b>Latitude:</b> -11.599788]]></description>
<Point>
<coordinates>20.83197730,-11.59978845,0</coordinates>
</Point>
</Placemark>
<Placemark>
<name>Amarelo | Gleyic Arenosols</name>
<styleUrl>#style_Amarelo</styleUrl>
<description><![CDATA[<b>ID:</b> CTRL_NV_0554<br/><b>Classificação:</b> NÃO VERMELHO – controle cartográfico<br/><b>Classe WRB:</b> Gleyic Arenosols<br/><b>Código de solo:</b> ARg<br/><b>Província:</b> 19<br/><b>Cor cartográfica do ponto:</b> Amarelo<br/><b>Fonte:</b> Derivado da camada Solos_Angola; posição sistemática nova; fora da mancha vermelha<br/><b>Longitude:</b> 20.831977<br/><b>Latitude:</b> -11.280056]]></description>
<Point>
<coordinates>20.83197730,-11.28005586,0</coordinates>
</Point>
</Placemark>
<Placemark>
<name>Amarelo | Gleyic Arenosols</name>
<styleUrl>#style_Amarelo</styleUrl>
<description><![CDATA[<b>ID:</b> CTRL_NV_0555<br/><b>Classificação:</b> NÃO VERMELHO – controle cartográfico<br/><b>Classe WRB:</b> Gleyic Arenosols<br/><b>Código de solo:</b> ARg<br/><b>Província:</b> 30<br/><b>Cor cartográfica do ponto:</b> Amarelo<br/><b>Fonte:</b> Derivado da camada Solos_Angola; posição sistemática nova; fora da mancha vermelha<br/><b>Longitude:</b> 21.039261<br/><b>Latitude:</b> -17.755727]]></description>
<Point>
<coordinates>21.03926066,-17.75572707,0</coordinates>
</Point>
</Placemark>
<Placemark>
<name>Amarelo | Gleyic Arenosols</name>
<styleUrl>#style_Amarelo</styleUrl>
<description><![CDATA[<b>ID:</b> CTRL_NV_0556<br/><b>Classificação:</b> NÃO VERMELHO – controle cartográfico<br/><b>Classe WRB:</b> Gleyic Arenosols<br/><b>Código de solo:</b> ARg<br/><b>Província:</b> 30<br/><b>Cor cartográfica do ponto:</b> Amarelo<br/><b>Fonte:</b> Derivado da camada Solos_Angola; posição sistemática nova; fora da mancha vermelha<br/><b>Longitude:</b> 21.039261<br/><b>Latitude:</b> -17.591391]]></description>
<Point>
<coordinates>21.03926066,-17.59139143,0</coordinates>
</Point>
</Placemark>
<Placemark>
<name>Amarelo | Gleyic Arenosols</name>
<styleUrl>#style_Amarelo</styleUrl>
<description><![CDATA[<b>ID:</b> CTRL_NV_0557<br/><b>Classificação:</b> NÃO VERMELHO – controle cartográfico<br/><b>Classe WRB:</b> Gleyic Arenosols<br/><b>Código de solo:</b> ARg<br/><b>Província:</b> 30<br/><b>Cor cartográfica do ponto:</b> Amarelo<br/><b>Fonte:</b> Derivado da camada Solos_Angola; posição sistemática nova; fora da mancha vermelha<br/><b>Longitude:</b> 21.039261<br/><b>Latitude:</b> -17.427201]]></description>
<Point>
<coordinates>21.03926066,-17.42720146,0</coordinates>
</Point>
</Placemark>
<Placemark>
<name>Amarelo | Gleyic Arenosols</name>
<styleUrl>#style_Amarelo</styleUrl>
<description><![CDATA[<b>ID:</b> CTRL_NV_0558<br/><b>Classificação:</b> NÃO VERMELHO – controle cartográfico<br/><b>Classe WRB:</b> Gleyic Arenosols<br/><b>Código de solo:</b> ARg<br/><b>Província:</b> 30<br/><b>Cor cartográfica do ponto:</b> Amarelo<br/><b>Fonte:</b> Derivado da camada Solos_Angola; posição sistemática nova; fora da mancha vermelha<br/><b>Longitude:</b> 21.039261<br/><b>Latitude:</b> -17.263155]]></description>
<Point>
<coordinates>21.03926066,-17.26315545,0</coordinates>
</Point>
</Placemark>
<Placemark>
<name>Amarelo | Gleyic Arenosols</name>
<styleUrl>#style_Amarelo</styleUrl>
<description><![CDATA[<b>ID:</b> CTRL_NV_0559<br/><b>Classificação:</b> NÃO VERMELHO – controle cartográfico<br/><b>Classe WRB:</b> Gleyic Arenosols<br/><b>Código de solo:</b> ARg<br/><b>Província:</b> 30<br/><b>Cor cartográfica do ponto:</b> Amarelo<br/><b>Fonte:</b> Derivado da camada Solos_Angola; posição sistemática nova; fora da mancha vermelha<br/><b>Longitude:</b> 21.039261<br/><b>Latitude:</b> -16.935489]]></description>
<Point>
<coordinates>21.03926066,-16.93548857,0</coordinates>
</Point>
</Placemark>
<Placemark>
<name>Amarelo | Gleyic Arenosols</name>
<styleUrl>#style_Amarelo</styleUrl>
<description><![CDATA[<b>ID:</b> CTRL_NV_0560<br/><b>Classificação:</b> NÃO VERMELHO – controle cartográfico<br/><b>Classe WRB:</b> Gleyic Arenosols<br/><b>Código de solo:</b> ARg<br/><b>Província:</b> 30<br/><b>Cor cartográfica do ponto:</b> Amarelo<br/><b>Fonte:</b> Derivado da camada Solos_Angola; posição sistemática nova; fora da mancha vermelha<br/><b>Longitude:</b> 21.039261<br/><b>Latitude:</b> -16.771864]]></description>
<Point>
<coordinates>21.03926066,-16.77186434,0</coordinates>
</Point>
</Placemark>
<Placemark>
<name>Amarelo | Gleyic Arenosols</name>
<styleUrl>#style_Amarelo</styleUrl>
<description><![CDATA[<b>ID:</b> CTRL_NV_0561<br/><b>Classificação:</b> NÃO VERMELHO – controle cartográfico<br/><b>Classe WRB:</b> Gleyic Arenosols<br/><b>Código de solo:</b> ARg<br/><b>Província:</b> 30<br/><b>Cor cartográfica do ponto:</b> Amarelo<br/><b>Fonte:</b> Derivado da camada Solos_Angola; posição sistemática nova; fora da mancha vermelha<br/><b>Longitude:</b> 21.039261<br/><b>Latitude:</b> -16.608377]]></description>
<Point>
<coordinates>21.03926066,-16.60837736,0</coordinates>
</Point>
</Placemark>
<Placemark>
<name>Amarelo | Gleyic Arenosols</name>
<styleUrl>#style_Amarelo</styleUrl>
<description><![CDATA[<b>ID:</b> CTRL_NV_0562<br/><b>Classificação:</b> NÃO VERMELHO – controle cartográfico<br/><b>Classe WRB:</b> Gleyic Arenosols<br/><b>Código de solo:</b> ARg<br/><b>Província:</b> 30<br/><b>Cor cartográfica do ponto:</b> Amarelo<br/><b>Fonte:</b> Derivado da camada Solos_Angola; posição sistemática nova; fora da mancha vermelha<br/><b>Longitude:</b> 21.039261<br/><b>Latitude:</b> -16.445026]]></description>
<Point>
<coordinates>21.03926066,-16.44502599,0</coordinates>
</Point>
</Placemark>
<Placemark>
<name>Amarelo | Gleyic Arenosols</name>
<styleUrl>#style_Amarelo</styleUrl>
<description><![CDATA[<b>ID:</b> CTRL_NV_0563<br/><b>Classificação:</b> NÃO VERMELHO – controle cartográfico<br/><b>Classe WRB:</b> Gleyic Arenosols<br/><b>Código de solo:</b> ARg<br/><b>Província:</b> 30<br/><b>Cor cartográfica do ponto:</b> Amarelo<br/><b>Fonte:</b> Derivado da camada Solos_Angola; posição sistemática nova; fora da mancha vermelha<br/><b>Longitude:</b> 21.039261<br/><b>Latitude:</b> -16.118724]]></description>
<Point>
<coordinates>21.03926066,-16.11872353,0</coordinates>
</Point>
</Placemark>
<Placemark>
<name>Amarelo | Gleyic Arenosols</name>
<styleUrl>#style_Amarelo</styleUrl>
<description><![CDATA[<b>ID:</b> CTRL_NV_0564<br/><b>Classificação:</b> NÃO VERMELHO – controle cartográfico<br/><b>Classe WRB:</b> Gleyic Arenosols<br/><b>Código de solo:</b> ARg<br/><b>Província:</b> 30<br/><b>Cor cartográfica do ponto:</b> Amarelo<br/><b>Fonte:</b> Derivado da camada Solos_Angola; posição sistemática nova; fora da mancha vermelha<br/><b>Longitude:</b> 21.039261<br/><b>Latitude:</b> -15.955769]]></description>
<Point>
<coordinates>21.03926066,-15.95576919,0</coordinates>
</Point>
</Placemark>
<Placemark>
<name>Verde | Carbic Podzols</name>
<styleUrl>#style_Verde</styleUrl>
<description><![CDATA[<b>ID:</b> CTRL_NV_0565<br/><b>Classificação:</b> NÃO VERMELHO – controle cartográfico<br/><b>Classe WRB:</b> Carbic Podzols<br/><b>Código de solo:</b> PZc<br/><b>Província:</b> 30<br/><b>Cor cartográfica do ponto:</b> Verde<br/><b>Fonte:</b> Derivado da camada Solos_Angola; posição sistemática nova; fora da mancha vermelha<br/><b>Longitude:</b> 21.039261<br/><b>Latitude:</b> -15.792944]]></description>
<Point>
<coordinates>21.03926066,-15.79294398,0</coordinates>
</Point>
</Placemark>
<Placemark>
<name>Amarelo | Dystric Arenosols</name>
<styleUrl>#style_Amarelo</styleUrl>
<description><![CDATA[<b>ID:</b> CTRL_NV_0566<br/><b>Classificação:</b> NÃO VERMELHO – controle cartográfico<br/><b>Classe WRB:</b> Dystric Arenosols<br/><b>Código de solo:</b> ARh<br/><b>Província:</b> 20<br/><b>Cor cartográfica do ponto:</b> Amarelo<br/><b>Fonte:</b> Derivado da camada Solos_Angola; posição sistemática nova; fora da mancha vermelha<br/><b>Longitude:</b> 21.039261<br/><b>Latitude:</b> -13.365001]]></description>
<Point>
<coordinates>21.03926066,-13.36500086,0</coordinates>
</Point>
</Placemark>
<Placemark>
<name>Amarelo | Dystric Arenosols</name>
<styleUrl>#style_Amarelo</styleUrl>
<description><![CDATA[<b>ID:</b> CTRL_NV_0567<br/><b>Classificação:</b> NÃO VERMELHO – controle cartográfico<br/><b>Classe WRB:</b> Dystric Arenosols<br/><b>Código de solo:</b> ARh<br/><b>Província:</b> 20<br/><b>Cor cartográfica do ponto:</b> Amarelo<br/><b>Fonte:</b> Derivado da camada Solos_Angola; posição sistemática nova; fora da mancha vermelha<br/><b>Longitude:</b> 21.039261<br/><b>Latitude:</b> -13.204032]]></description>
<Point>
<coordinates>21.03926066,-13.20403162,0</coordinates>
</Point>
</Placemark>
<Placemark>
<name>Amarelo | Dystric Arenosols</name>
<styleUrl>#style_Amarelo</styleUrl>
<description><![CDATA[<b>ID:</b> CTRL_NV_0568<br/><b>Classificação:</b> NÃO VERMELHO – controle cartográfico<br/><b>Classe WRB:</b> Dystric Arenosols<br/><b>Código de solo:</b> ARh<br/><b>Província:</b> 20<br/><b>Cor cartográfica do ponto:</b> Amarelo<br/><b>Fonte:</b> Derivado da camada Solos_Angola; posição sistemática nova; fora da mancha vermelha<br/><b>Longitude:</b> 21.039261<br/><b>Latitude:</b> -13.043166]]></description>
<Point>
<coordinates>21.03926066,-13.04316572,0</coordinates>
</Point>
</Placemark>
<Placemark>
<name>Amarelo | Dystric Arenosols</name>
<styleUrl>#style_Amarelo</styleUrl>
<description><![CDATA[<b>ID:</b> CTRL_NV_0569<br/><b>Classificação:</b> NÃO VERMELHO – controle cartográfico<br/><b>Classe WRB:</b> Dystric Arenosols<br/><b>Código de solo:</b> ARh<br/><b>Província:</b> 20<br/><b>Cor cartográfica do ponto:</b> Amarelo<br/><b>Fonte:</b> Derivado da camada Solos_Angola; posição sistemática nova; fora da mancha vermelha<br/><b>Longitude:</b> 21.039261<br/><b>Latitude:</b> -12.882402]]></description>
<Point>
<coordinates>21.03926066,-12.88240173,0</coordinates>
</Point>
</Placemark>
<Placemark>
<name>Amarelo | Dystric Arenosols</name>
<styleUrl>#style_Amarelo</styleUrl>
<description><![CDATA[<b>ID:</b> CTRL_NV_0570<br/><b>Classificação:</b> NÃO VERMELHO – controle cartográfico<br/><b>Classe WRB:</b> Dystric Arenosols<br/><b>Código de solo:</b> ARh<br/><b>Província:</b> 29<br/><b>Cor cartográfica do ponto:</b> Amarelo<br/><b>Fonte:</b> Derivado da camada Solos_Angola; posição sistemática nova; fora da mancha vermelha<br/><b>Longitude:</b> 21.039261<br/><b>Latitude:</b> -12.721738]]></description>
<Point>
<coordinates>21.03926066,-12.72173821,0</coordinates>
</Point>
</Placemark>
<Placemark>
<name>Amarelo | Gleyic Arenosols</name>
<styleUrl>#style_Amarelo</styleUrl>
<description><![CDATA[<b>ID:</b> CTRL_NV_0571<br/><b>Classificação:</b> NÃO VERMELHO – controle cartográfico<br/><b>Classe WRB:</b> Gleyic Arenosols<br/><b>Código de solo:</b> ARg<br/><b>Província:</b> 29<br/><b>Cor cartográfica do ponto:</b> Amarelo<br/><b>Fonte:</b> Derivado da camada Solos_Angola; posição sistemática nova; fora da mancha vermelha<br/><b>Longitude:</b> 21.039261<br/><b>Latitude:</b> -12.561174]]></description>
<Point>
<coordinates>21.03926066,-12.56117375,0</coordinates>
</Point>
</Placemark>
<Placemark>
<name>Amarelo | Gleyic Arenosols</name>
<styleUrl>#style_Amarelo</styleUrl>
<description><![CDATA[<b>ID:</b> CTRL_NV_0572<br/><b>Classificação:</b> NÃO VERMELHO – controle cartográfico<br/><b>Classe WRB:</b> Gleyic Arenosols<br/><b>Código de solo:</b> ARg<br/><b>Província:</b> 29<br/><b>Cor cartográfica do ponto:</b> Amarelo<br/><b>Fonte:</b> Derivado da camada Solos_Angola; posição sistemática nova; fora da mancha vermelha<br/><b>Longitude:</b> 21.039261<br/><b>Latitude:</b> -12.400707]]></description>
<Point>
<coordinates>21.03926066,-12.40070693,0</coordinates>
</Point>
</Placemark>
<Placemark>
<name>Amarelo | Gleyic Arenosols</name>
<styleUrl>#style_Amarelo</styleUrl>
<description><![CDATA[<b>ID:</b> CTRL_NV_0573<br/><b>Classificação:</b> NÃO VERMELHO – controle cartográfico<br/><b>Classe WRB:</b> Gleyic Arenosols<br/><b>Código de solo:</b> ARg<br/><b>Província:</b> 29<br/><b>Cor cartográfica do ponto:</b> Amarelo<br/><b>Fonte:</b> Derivado da camada Solos_Angola; posição sistemática nova; fora da mancha vermelha<br/><b>Longitude:</b> 21.039261<br/><b>Latitude:</b> -12.240336]]></description>
<Point>
<coordinates>21.03926066,-12.24033634,0</coordinates>
</Point>
</Placemark>
<Placemark>
<name>Amarelo | Gleyic Arenosols</name>
<styleUrl>#style_Amarelo</styleUrl>
<description><![CDATA[<b>ID:</b> CTRL_NV_0574<br/><b>Classificação:</b> NÃO VERMELHO – controle cartográfico<br/><b>Classe WRB:</b> Gleyic Arenosols<br/><b>Código de solo:</b> ARg<br/><b>Província:</b> 29<br/><b>Cor cartográfica do ponto:</b> Amarelo<br/><b>Fonte:</b> Derivado da camada Solos_Angola; posição sistemática nova; fora da mancha vermelha<br/><b>Longitude:</b> 21.039261<br/><b>Latitude:</b> -12.080061]]></description>
<Point>
<coordinates>21.03926066,-12.08006059,0</coordinates>
</Point>
</Placemark>
<Placemark>
<name>Amarelo | Gleyic Arenosols</name>
<styleUrl>#style_Amarelo</styleUrl>
<description><![CDATA[<b>ID:</b> CTRL_NV_0575<br/><b>Classificação:</b> NÃO VERMELHO – controle cartográfico<br/><b>Classe WRB:</b> Gleyic Arenosols<br/><b>Código de solo:</b> ARg<br/><b>Província:</b> 29<br/><b>Cor cartográfica do ponto:</b> Amarelo<br/><b>Fonte:</b> Derivado da camada Solos_Angola; posição sistemática nova; fora da mancha vermelha<br/><b>Longitude:</b> 21.039261<br/><b>Latitude:</b> -11.919878]]></description>
<Point>
<coordinates>21.03926066,-11.91987828,0</coordinates>
</Point>
</Placemark>
<Placemark>
<name>Amarelo | Gleyic Arenosols</name>
<styleUrl>#style_Amarelo</styleUrl>
<description><![CDATA[<b>ID:</b> CTRL_NV_0576<br/><b>Classificação:</b> NÃO VERMELHO – controle cartográfico<br/><b>Classe WRB:</b> Gleyic Arenosols<br/><b>Código de solo:</b> ARg<br/><b>Província:</b> 29<br/><b>Cor cartográfica do ponto:</b> Amarelo<br/><b>Fonte:</b> Derivado da camada Solos_Angola; posição sistemática nova; fora da mancha vermelha<br/><b>Longitude:</b> 21.039261<br/><b>Latitude:</b> -11.759788]]></description>
<Point>
<coordinates>21.03926066,-11.75978803,0</coordinates>
</Point>
</Placemark>
<Placemark>
<name>Amarelo | Gleyic Arenosols</name>
<styleUrl>#style_Amarelo</styleUrl>
<description><![CDATA[<b>ID:</b> CTRL_NV_0577<br/><b>Classificação:</b> NÃO VERMELHO – controle cartográfico<br/><b>Classe WRB:</b> Gleyic Arenosols<br/><b>Código de solo:</b> ARg<br/><b>Província:</b> 29<br/><b>Cor cartográfica do ponto:</b> Amarelo<br/><b>Fonte:</b> Derivado da camada Solos_Angola; posição sistemática nova; fora da mancha vermelha<br/><b>Longitude:</b> 21.039261<br/><b>Latitude:</b> -11.599788]]></description>
<Point>
<coordinates>21.03926066,-11.59978845,0</coordinates>
</Point>
</Placemark>
<Placemark>
<name>Amarelo | Gleyic Arenosols</name>
<styleUrl>#style_Amarelo</styleUrl>
<description><![CDATA[<b>ID:</b> CTRL_NV_0578<br/><b>Classificação:</b> NÃO VERMELHO – controle cartográfico<br/><b>Classe WRB:</b> Gleyic Arenosols<br/><b>Código de solo:</b> ARg<br/><b>Província:</b> 29<br/><b>Cor cartográfica do ponto:</b> Amarelo<br/><b>Fonte:</b> Derivado da camada Solos_Angola; posição sistemática nova; fora da mancha vermelha<br/><b>Longitude:</b> 21.039261<br/><b>Latitude:</b> -11.439878]]></description>
<Point>
<coordinates>21.03926066,-11.43987818,0</coordinates>
</Point>
</Placemark>
<Placemark>
<name>Amarelo | Gleyic Arenosols</name>
<styleUrl>#style_Amarelo</styleUrl>
<description><![CDATA[<b>ID:</b> CTRL_NV_0579<br/><b>Classificação:</b> NÃO VERMELHO – controle cartográfico<br/><b>Classe WRB:</b> Gleyic Arenosols<br/><b>Código de solo:</b> ARg<br/><b>Província:</b> 30<br/><b>Cor cartográfica do ponto:</b> Amarelo<br/><b>Fonte:</b> Derivado da camada Solos_Angola; posição sistemática nova; fora da mancha vermelha<br/><b>Longitude:</b> 21.246544<br/><b>Latitude:</b> -17.755727]]></description>
<Point>
<coordinates>21.24654401,-17.75572707,0</coordinates>
</Point>
</Placemark>
<Placemark>
<name>Amarelo | Gleyic Arenosols</name>
<styleUrl>#style_Amarelo</styleUrl>
<description><![CDATA[<b>ID:</b> CTRL_NV_0580<br/><b>Classificação:</b> NÃO VERMELHO – controle cartográfico<br/><b>Classe WRB:</b> Gleyic Arenosols<br/><b>Código de solo:</b> ARg<br/><b>Província:</b> 30<br/><b>Cor cartográfica do ponto:</b> Amarelo<br/><b>Fonte:</b> Derivado da camada Solos_Angola; posição sistemática nova; fora da mancha vermelha<br/><b>Longitude:</b> 21.246544<br/><b>Latitude:</b> -17.591391]]></description>
<Point>
<coordinates>21.24654401,-17.59139143,0</coordinates>
</Point>
</Placemark>
<Placemark>
<name>Amarelo | Gleyic Arenosols</name>
<styleUrl>#style_Amarelo</styleUrl>
<description><![CDATA[<b>ID:</b> CTRL_NV_0581<br/><b>Classificação:</b> NÃO VERMELHO – controle cartográfico<br/><b>Classe WRB:</b> Gleyic Arenosols<br/><b>Código de solo:</b> ARg<br/><b>Província:</b> 30<br/><b>Cor cartográfica do ponto:</b> Amarelo<br/><b>Fonte:</b> Derivado da camada Solos_Angola; posição sistemática nova; fora da mancha vermelha<br/><b>Longitude:</b> 21.246544<br/><b>Latitude:</b> -17.427201]]></description>
<Point>
<coordinates>21.24654401,-17.42720146,0</coordinates>
</Point>
</Placemark>
<Placemark>
<name>Amarelo | Gleyic Arenosols</name>
<styleUrl>#style_Amarelo</styleUrl>
<description><![CDATA[<b>ID:</b> CTRL_NV_0582<br/><b>Classificação:</b> NÃO VERMELHO – controle cartográfico<br/><b>Classe WRB:</b> Gleyic Arenosols<br/><b>Código de solo:</b> ARg<br/><b>Província:</b> 30<br/><b>Cor cartográfica do ponto:</b> Amarelo<br/><b>Fonte:</b> Derivado da camada Solos_Angola; posição sistemática nova; fora da mancha vermelha<br/><b>Longitude:</b> 21.246544<br/><b>Latitude:</b> -17.263155]]></description>
<Point>
<coordinates>21.24654401,-17.26315545,0</coordinates>
</Point>
</Placemark>
<Placemark>
<name>Amarelo | Gleyic Arenosols</name>
<styleUrl>#style_Amarelo</styleUrl>
<description><![CDATA[<b>ID:</b> CTRL_NV_0583<br/><b>Classificação:</b> NÃO VERMELHO – controle cartográfico<br/><b>Classe WRB:</b> Gleyic Arenosols<br/><b>Código de solo:</b> ARg<br/><b>Província:</b> 30<br/><b>Cor cartográfica do ponto:</b> Amarelo<br/><b>Fonte:</b> Derivado da camada Solos_Angola; posição sistemática nova; fora da mancha vermelha<br/><b>Longitude:</b> 21.246544<br/><b>Latitude:</b> -16.935489]]></description>
<Point>
<coordinates>21.24654401,-16.93548857,0</coordinates>
</Point>
</Placemark>
<Placemark>
<name>Amarelo | Gleyic Arenosols</name>
<styleUrl>#style_Amarelo</styleUrl>
<description><![CDATA[<b>ID:</b> CTRL_NV_0584<br/><b>Classificação:</b> NÃO VERMELHO – controle cartográfico<br/><b>Classe WRB:</b> Gleyic Arenosols<br/><b>Código de solo:</b> ARg<br/><b>Província:</b> 30<br/><b>Cor cartográfica do ponto:</b> Amarelo<br/><b>Fonte:</b> Derivado da camada Solos_Angola; posição sistemática nova; fora da mancha vermelha<br/><b>Longitude:</b> 21.246544<br/><b>Latitude:</b> -16.771864]]></description>
<Point>
<coordinates>21.24654401,-16.77186434,0</coordinates>
</Point>
</Placemark>
<Placemark>
<name>Amarelo | Gleyic Arenosols</name>
<styleUrl>#style_Amarelo</styleUrl>
<description><![CDATA[<b>ID:</b> CTRL_NV_0585<br/><b>Classificação:</b> NÃO VERMELHO – controle cartográfico<br/><b>Classe WRB:</b> Gleyic Arenosols<br/><b>Código de solo:</b> ARg<br/><b>Província:</b> 30<br/><b>Cor cartográfica do ponto:</b> Amarelo<br/><b>Fonte:</b> Derivado da camada Solos_Angola; posição sistemática nova; fora da mancha vermelha<br/><b>Longitude:</b> 21.246544<br/><b>Latitude:</b> -16.608377]]></description>
<Point>
<coordinates>21.24654401,-16.60837736,0</coordinates>
</Point>
</Placemark>
<Placemark>
<name>Amarelo | Gleyic Arenosols</name>
<styleUrl>#style_Amarelo</styleUrl>
<description><![CDATA[<b>ID:</b> CTRL_NV_0586<br/><b>Classificação:</b> NÃO VERMELHO – controle cartográfico<br/><b>Classe WRB:</b> Gleyic Arenosols<br/><b>Código de solo:</b> ARg<br/><b>Província:</b> 30<br/><b>Cor cartográfica do ponto:</b> Amarelo<br/><b>Fonte:</b> Derivado da camada Solos_Angola; posição sistemática nova; fora da mancha vermelha<br/><b>Longitude:</b> 21.246544<br/><b>Latitude:</b> -16.118724]]></description>
<Point>
<coordinates>21.24654401,-16.11872353,0</coordinates>
</Point>
</Placemark>
<Placemark>
<name>Amarelo | Gleyic Arenosols</name>
<styleUrl>#style_Amarelo</styleUrl>
<description><![CDATA[<b>ID:</b> CTRL_NV_0587<br/><b>Classificação:</b> NÃO VERMELHO – controle cartográfico<br/><b>Classe WRB:</b> Gleyic Arenosols<br/><b>Código de solo:</b> ARg<br/><b>Província:</b> 30<br/><b>Cor cartográfica do ponto:</b> Amarelo<br/><b>Fonte:</b> Derivado da camada Solos_Angola; posição sistemática nova; fora da mancha vermelha<br/><b>Longitude:</b> 21.246544<br/><b>Latitude:</b> -15.955769]]></description>
<Point>
<coordinates>21.24654401,-15.95576919,0</coordinates>
</Point>
</Placemark>
<Placemark>
<name>Verde | Carbic Podzols</name>
<styleUrl>#style_Verde</styleUrl>
<description><![CDATA[<b>ID:</b> CTRL_NV_0588<br/><b>Classificação:</b> NÃO VERMELHO – controle cartográfico<br/><b>Classe WRB:</b> Carbic Podzols<br/><b>Código de solo:</b> PZc<br/><b>Província:</b> 30<br/><b>Cor cartográfica do ponto:</b> Verde<br/><b>Fonte:</b> Derivado da camada Solos_Angola; posição sistemática nova; fora da mancha vermelha<br/><b>Longitude:</b> 21.246544<br/><b>Latitude:</b> -15.792944]]></description>
<Point>
<coordinates>21.24654401,-15.79294398,0</coordinates>
</Point>
</Placemark>
<Placemark>
<name>Verde | Carbic Podzols</name>
<styleUrl>#style_Verde</styleUrl>
<description><![CDATA[<b>ID:</b> CTRL_NV_0589<br/><b>Classificação:</b> NÃO VERMELHO – controle cartográfico<br/><b>Classe WRB:</b> Carbic Podzols<br/><b>Código de solo:</b> PZc<br/><b>Província:</b> 30<br/><b>Cor cartográfica do ponto:</b> Verde<br/><b>Fonte:</b> Derivado da camada Solos_Angola; posição sistemática nova; fora da mancha vermelha<br/><b>Longitude:</b> 21.246544<br/><b>Latitude:</b> -15.630246]]></description>
<Point>
<coordinates>21.24654401,-15.63024630,0</coordinates>
</Point>
</Placemark>
<Placemark>
<name>Verde | Carbic Podzols</name>
<styleUrl>#style_Verde</styleUrl>
<description><![CDATA[<b>ID:</b> CTRL_NV_0590<br/><b>Classificação:</b> NÃO VERMELHO – controle cartográfico<br/><b>Classe WRB:</b> Carbic Podzols<br/><b>Código de solo:</b> PZc<br/><b>Província:</b> 30<br/><b>Cor cartográfica do ponto:</b> Verde<br/><b>Fonte:</b> Derivado da camada Solos_Angola; posição sistemática nova; fora da mancha vermelha<br/><b>Longitude:</b> 21.246544<br/><b>Latitude:</b> -15.467675]]></description>
<Point>
<coordinates>21.24654401,-15.46767457,0</coordinates>
</Point>
</Placemark>
<Placemark>
<name>Amarelo | Dystric Arenosols</name>
<styleUrl>#style_Amarelo</styleUrl>
<description><![CDATA[<b>ID:</b> CTRL_NV_0591<br/><b>Classificação:</b> NÃO VERMELHO – controle cartográfico<br/><b>Classe WRB:</b> Dystric Arenosols<br/><b>Código de solo:</b> ARh<br/><b>Província:</b> 20<br/><b>Cor cartográfica do ponto:</b> Amarelo<br/><b>Fonte:</b> Derivado da camada Solos_Angola; posição sistemática nova; fora da mancha vermelha<br/><b>Longitude:</b> 21.246544<br/><b>Latitude:</b> -14.818616]]></description>
<Point>
<coordinates>21.24654401,-14.81861580,0</coordinates>
</Point>
</Placemark>
<Placemark>
<name>Amarelo | Dystric Arenosols</name>
<styleUrl>#style_Amarelo</styleUrl>
<description><![CDATA[<b>ID:</b> CTRL_NV_0592<br/><b>Classificação:</b> NÃO VERMELHO – controle cartográfico<br/><b>Classe WRB:</b> Dystric Arenosols<br/><b>Código de solo:</b> ARh<br/><b>Província:</b> 20<br/><b>Cor cartográfica do ponto:</b> Amarelo<br/><b>Fonte:</b> Derivado da camada Solos_Angola; posição sistemática nova; fora da mancha vermelha<br/><b>Longitude:</b> 21.246544<br/><b>Latitude:</b> -13.526075]]></description>
<Point>
<coordinates>21.24654401,-13.52607490,0</coordinates>
</Point>
</Placemark>
<Placemark>
<name>Amarelo | Dystric Arenosols</name>
<styleUrl>#style_Amarelo</styleUrl>
<description><![CDATA[<b>ID:</b> CTRL_NV_0593<br/><b>Classificação:</b> NÃO VERMELHO – controle cartográfico<br/><b>Classe WRB:</b> Dystric Arenosols<br/><b>Código de solo:</b> ARh<br/><b>Província:</b> 20<br/><b>Cor cartográfica do ponto:</b> Amarelo<br/><b>Fonte:</b> Derivado da camada Solos_Angola; posição sistemática nova; fora da mancha vermelha<br/><b>Longitude:</b> 21.246544<br/><b>Latitude:</b> -13.365001]]></description>
<Point>
<coordinates>21.24654401,-13.36500086,0</coordinates>
</Point>
</Placemark>
<Placemark>
<name>Amarelo | Dystric Arenosols</name>
<styleUrl>#style_Amarelo</styleUrl>
<description><![CDATA[<b>ID:</b> CTRL_NV_0594<br/><b>Classificação:</b> NÃO VERMELHO – controle cartográfico<br/><b>Classe WRB:</b> Dystric Arenosols<br/><b>Código de solo:</b> ARh<br/><b>Província:</b> 20<br/><b>Cor cartográfica do ponto:</b> Amarelo<br/><b>Fonte:</b> Derivado da camada Solos_Angola; posição sistemática nova; fora da mancha vermelha<br/><b>Longitude:</b> 21.246544<br/><b>Latitude:</b> -13.204032]]></description>
<Point>
<coordinates>21.24654401,-13.20403162,0</coordinates>
</Point>
</Placemark>
<Placemark>
<name>Amarelo | Dystric Arenosols</name>
<styleUrl>#style_Amarelo</styleUrl>
<description><![CDATA[<b>ID:</b> CTRL_NV_0595<br/><b>Classificação:</b> NÃO VERMELHO – controle cartográfico<br/><b>Classe WRB:</b> Dystric Arenosols<br/><b>Código de solo:</b> ARh<br/><b>Província:</b> 20<br/><b>Cor cartográfica do ponto:</b> Amarelo<br/><b>Fonte:</b> Derivado da camada Solos_Angola; posição sistemática nova; fora da mancha vermelha<br/><b>Longitude:</b> 21.246544<br/><b>Latitude:</b> -13.043166]]></description>
<Point>
<coordinates>21.24654401,-13.04316572,0</coordinates>
</Point>
</Placemark>
<Placemark>
<name>Amarelo | Dystric Arenosols</name>
<styleUrl>#style_Amarelo</styleUrl>
<description><![CDATA[<b>ID:</b> CTRL_NV_0596<br/><b>Classificação:</b> NÃO VERMELHO – controle cartográfico<br/><b>Classe WRB:</b> Dystric Arenosols<br/><b>Código de solo:</b> ARh<br/><b>Província:</b> 29<br/><b>Cor cartográfica do ponto:</b> Amarelo<br/><b>Fonte:</b> Derivado da camada Solos_Angola; posição sistemática nova; fora da mancha vermelha<br/><b>Longitude:</b> 21.246544<br/><b>Latitude:</b> -12.882402]]></description>
<Point>
<coordinates>21.24654401,-12.88240173,0</coordinates>
</Point>
</Placemark>
<Placemark>
<name>Amarelo | Gleyic Arenosols</name>
<styleUrl>#style_Amarelo</styleUrl>
<description><![CDATA[<b>ID:</b> CTRL_NV_0597<br/><b>Classificação:</b> NÃO VERMELHO – controle cartográfico<br/><b>Classe WRB:</b> Gleyic Arenosols<br/><b>Código de solo:</b> ARg<br/><b>Província:</b> 29<br/><b>Cor cartográfica do ponto:</b> Amarelo<br/><b>Fonte:</b> Derivado da camada Solos_Angola; posição sistemática nova; fora da mancha vermelha<br/><b>Longitude:</b> 21.246544<br/><b>Latitude:</b> -12.721738]]></description>
<Point>
<coordinates>21.24654401,-12.72173821,0</coordinates>
</Point>
</Placemark>
<Placemark>
<name>Amarelo | Gleyic Arenosols</name>
<styleUrl>#style_Amarelo</styleUrl>
<description><![CDATA[<b>ID:</b> CTRL_NV_0598<br/><b>Classificação:</b> NÃO VERMELHO – controle cartográfico<br/><b>Classe WRB:</b> Gleyic Arenosols<br/><b>Código de solo:</b> ARg<br/><b>Província:</b> 29<br/><b>Cor cartográfica do ponto:</b> Amarelo<br/><b>Fonte:</b> Derivado da camada Solos_Angola; posição sistemática nova; fora da mancha vermelha<br/><b>Longitude:</b> 21.246544<br/><b>Latitude:</b> -12.561174]]></description>
<Point>
<coordinates>21.24654401,-12.56117375,0</coordinates>
</Point>
</Placemark>
<Placemark>
<name>Amarelo | Gleyic Arenosols</name>
<styleUrl>#style_Amarelo</styleUrl>
<description><![CDATA[<b>ID:</b> CTRL_NV_0599<br/><b>Classificação:</b> NÃO VERMELHO – controle cartográfico<br/><b>Classe WRB:</b> Gleyic Arenosols<br/><b>Código de solo:</b> ARg<br/><b>Província:</b> 29<br/><b>Cor cartográfica do ponto:</b> Amarelo<br/><b>Fonte:</b> Derivado da camada Solos_Angola; posição sistemática nova; fora da mancha vermelha<br/><b>Longitude:</b> 21.246544<br/><b>Latitude:</b> -12.400707]]></description>
<Point>
<coordinates>21.24654401,-12.40070693,0</coordinates>
</Point>
</Placemark>
<Placemark>
<name>Amarelo | Gleyic Arenosols</name>
<styleUrl>#style_Amarelo</styleUrl>
<description><![CDATA[<b>ID:</b> CTRL_NV_0600<br/><b>Classificação:</b> NÃO VERMELHO – controle cartográfico<br/><b>Classe WRB:</b> Gleyic Arenosols<br/><b>Código de solo:</b> ARg<br/><b>Província:</b> 29<br/><b>Cor cartográfica do ponto:</b> Amarelo<br/><b>Fonte:</b> Derivado da camada Solos_Angola; posição sistemática nova; fora da mancha vermelha<br/><b>Longitude:</b> 21.246544<br/><b>Latitude:</b> -12.240336]]></description>
<Point>
<coordinates>21.24654401,-12.24033634,0</coordinates>
</Point>
</Placemark>
<Placemark>
<name>Amarelo | Gleyic Arenosols</name>
<styleUrl>#style_Amarelo</styleUrl>
<description><![CDATA[<b>ID:</b> CTRL_NV_0601<br/><b>Classificação:</b> NÃO VERMELHO – controle cartográfico<br/><b>Classe WRB:</b> Gleyic Arenosols<br/><b>Código de solo:</b> ARg<br/><b>Província:</b> 29<br/><b>Cor cartográfica do ponto:</b> Amarelo<br/><b>Fonte:</b> Derivado da camada Solos_Angola; posição sistemática nova; fora da mancha vermelha<br/><b>Longitude:</b> 21.246544<br/><b>Latitude:</b> -12.080061]]></description>
<Point>
<coordinates>21.24654401,-12.08006059,0</coordinates>
</Point>
</Placemark>
<Placemark>
<name>Amarelo | Gleyic Arenosols</name>
<styleUrl>#style_Amarelo</styleUrl>
<description><![CDATA[<b>ID:</b> CTRL_NV_0602<br/><b>Classificação:</b> NÃO VERMELHO – controle cartográfico<br/><b>Classe WRB:</b> Gleyic Arenosols<br/><b>Código de solo:</b> ARg<br/><b>Província:</b> 29<br/><b>Cor cartográfica do ponto:</b> Amarelo<br/><b>Fonte:</b> Derivado da camada Solos_Angola; posição sistemática nova; fora da mancha vermelha<br/><b>Longitude:</b> 21.246544<br/><b>Latitude:</b> -11.919878]]></description>
<Point>
<coordinates>21.24654401,-11.91987828,0</coordinates>
</Point>
</Placemark>
<Placemark>
<name>Amarelo | Gleyic Arenosols</name>
<styleUrl>#style_Amarelo</styleUrl>
<description><![CDATA[<b>ID:</b> CTRL_NV_0603<br/><b>Classificação:</b> NÃO VERMELHO – controle cartográfico<br/><b>Classe WRB:</b> Gleyic Arenosols<br/><b>Código de solo:</b> ARg<br/><b>Província:</b> 29<br/><b>Cor cartográfica do ponto:</b> Amarelo<br/><b>Fonte:</b> Derivado da camada Solos_Angola; posição sistemática nova; fora da mancha vermelha<br/><b>Longitude:</b> 21.246544<br/><b>Latitude:</b> -11.759788]]></description>
<Point>
<coordinates>21.24654401,-11.75978803,0</coordinates>
</Point>
</Placemark>
<Placemark>
<name>Amarelo | Gleyic Arenosols</name>
<styleUrl>#style_Amarelo</styleUrl>
<description><![CDATA[<b>ID:</b> CTRL_NV_0604<br/><b>Classificação:</b> NÃO VERMELHO – controle cartográfico<br/><b>Classe WRB:</b> Gleyic Arenosols<br/><b>Código de solo:</b> ARg<br/><b>Província:</b> 29<br/><b>Cor cartográfica do ponto:</b> Amarelo<br/><b>Fonte:</b> Derivado da camada Solos_Angola; posição sistemática nova; fora da mancha vermelha<br/><b>Longitude:</b> 21.246544<br/><b>Latitude:</b> -11.599788]]></description>
<Point>
<coordinates>21.24654401,-11.59978845,0</coordinates>
</Point>
</Placemark>
<Placemark>
<name>Amarelo | Gleyic Arenosols</name>
<styleUrl>#style_Amarelo</styleUrl>
<description><![CDATA[<b>ID:</b> CTRL_NV_0605<br/><b>Classificação:</b> NÃO VERMELHO – controle cartográfico<br/><b>Classe WRB:</b> Gleyic Arenosols<br/><b>Código de solo:</b> ARg<br/><b>Província:</b> 29<br/><b>Cor cartográfica do ponto:</b> Amarelo<br/><b>Fonte:</b> Derivado da camada Solos_Angola; posição sistemática nova; fora da mancha vermelha<br/><b>Longitude:</b> 21.246544<br/><b>Latitude:</b> -11.439878]]></description>
<Point>
<coordinates>21.24654401,-11.43987818,0</coordinates>
</Point>
</Placemark>
<Placemark>
<name>Amarelo | Gleyic Arenosols</name>
<styleUrl>#style_Amarelo</styleUrl>
<description><![CDATA[<b>ID:</b> CTRL_NV_0606<br/><b>Classificação:</b> NÃO VERMELHO – controle cartográfico<br/><b>Classe WRB:</b> Gleyic Arenosols<br/><b>Código de solo:</b> ARg<br/><b>Província:</b> 19<br/><b>Cor cartográfica do ponto:</b> Amarelo<br/><b>Fonte:</b> Derivado da camada Solos_Angola; posição sistemática nova; fora da mancha vermelha<br/><b>Longitude:</b> 21.246544<br/><b>Latitude:</b> -11.120320]]></description>
<Point>
<coordinates>21.24654401,-11.12032011,0</coordinates>
</Point>
</Placemark>
<Placemark>
<name>Amarelo | Dystric Arenosols</name>
<styleUrl>#style_Amarelo</styleUrl>
<description><![CDATA[<b>ID:</b> CTRL_NV_0607<br/><b>Classificação:</b> NÃO VERMELHO – controle cartográfico<br/><b>Classe WRB:</b> Dystric Arenosols<br/><b>Código de solo:</b> ARh<br/><b>Província:</b> 30<br/><b>Cor cartográfica do ponto:</b> Amarelo<br/><b>Fonte:</b> Derivado da camada Solos_Angola; posição sistemática nova; fora da mancha vermelha<br/><b>Longitude:</b> 21.453827<br/><b>Latitude:</b> -17.920210]]></description>
<Point>
<coordinates>21.45382737,-17.92021012,0</coordinates>
</Point>
</Placemark>
<Placemark>
<name>Amarelo | Gleyic Arenosols</name>
<styleUrl>#style_Amarelo</styleUrl>
<description><![CDATA[<b>ID:</b> CTRL_NV_0608<br/><b>Classificação:</b> NÃO VERMELHO – controle cartográfico<br/><b>Classe WRB:</b> Gleyic Arenosols<br/><b>Código de solo:</b> ARg<br/><b>Província:</b> 30<br/><b>Cor cartográfica do ponto:</b> Amarelo<br/><b>Fonte:</b> Derivado da camada Solos_Angola; posição sistemática nova; fora da mancha vermelha<br/><b>Longitude:</b> 21.453827<br/><b>Latitude:</b> -17.755727]]></description>
<Point>
<coordinates>21.45382737,-17.75572707,0</coordinates>
</Point>
</Placemark>
<Placemark>
<name>Amarelo | Gleyic Arenosols</name>
<styleUrl>#style_Amarelo</styleUrl>
<description><![CDATA[<b>ID:</b> CTRL_NV_0609<br/><b>Classificação:</b> NÃO VERMELHO – controle cartográfico<br/><b>Classe WRB:</b> Gleyic Arenosols<br/><b>Código de solo:</b> ARg<br/><b>Província:</b> 30<br/><b>Cor cartográfica do ponto:</b> Amarelo<br/><b>Fonte:</b> Derivado da camada Solos_Angola; posição sistemática nova; fora da mancha vermelha<br/><b>Longitude:</b> 21.453827<br/><b>Latitude:</b> -17.591391]]></description>
<Point>
<coordinates>21.45382737,-17.59139143,0</coordinates>
</Point>
</Placemark>
<Placemark>
<name>Amarelo | Gleyic Arenosols</name>
<styleUrl>#style_Amarelo</styleUrl>
<description><![CDATA[<b>ID:</b> CTRL_NV_0610<br/><b>Classificação:</b> NÃO VERMELHO – controle cartográfico<br/><b>Classe WRB:</b> Gleyic Arenosols<br/><b>Código de solo:</b> ARg<br/><b>Província:</b> 30<br/><b>Cor cartográfica do ponto:</b> Amarelo<br/><b>Fonte:</b> Derivado da camada Solos_Angola; posição sistemática nova; fora da mancha vermelha<br/><b>Longitude:</b> 21.453827<br/><b>Latitude:</b> -17.427201]]></description>
<Point>
<coordinates>21.45382737,-17.42720146,0</coordinates>
</Point>
</Placemark>
<Placemark>
<name>Amarelo | Gleyic Arenosols</name>
<styleUrl>#style_Amarelo</styleUrl>
<description><![CDATA[<b>ID:</b> CTRL_NV_0611<br/><b>Classificação:</b> NÃO VERMELHO – controle cartográfico<br/><b>Classe WRB:</b> Gleyic Arenosols<br/><b>Código de solo:</b> ARg<br/><b>Província:</b> 30<br/><b>Cor cartográfica do ponto:</b> Amarelo<br/><b>Fonte:</b> Derivado da camada Solos_Angola; posição sistemática nova; fora da mancha vermelha<br/><b>Longitude:</b> 21.453827<br/><b>Latitude:</b> -17.263155]]></description>
<Point>
<coordinates>21.45382737,-17.26315545,0</coordinates>
</Point>
</Placemark>
<Placemark>
<name>Amarelo | Gleyic Arenosols</name>
<styleUrl>#style_Amarelo</styleUrl>
<description><![CDATA[<b>ID:</b> CTRL_NV_0612<br/><b>Classificação:</b> NÃO VERMELHO – controle cartográfico<br/><b>Classe WRB:</b> Gleyic Arenosols<br/><b>Código de solo:</b> ARg<br/><b>Província:</b> 30<br/><b>Cor cartográfica do ponto:</b> Amarelo<br/><b>Fonte:</b> Derivado da camada Solos_Angola; posição sistemática nova; fora da mancha vermelha<br/><b>Longitude:</b> 21.453827<br/><b>Latitude:</b> -17.099252]]></description>
<Point>
<coordinates>21.45382737,-17.09925172,0</coordinates>
</Point>
</Placemark>
<Placemark>
<name>Amarelo | Gleyic Arenosols</name>
<styleUrl>#style_Amarelo</styleUrl>
<description><![CDATA[<b>ID:</b> CTRL_NV_0613<br/><b>Classificação:</b> NÃO VERMELHO – controle cartográfico<br/><b>Classe WRB:</b> Gleyic Arenosols<br/><b>Código de solo:</b> ARg<br/><b>Província:</b> 30<br/><b>Cor cartográfica do ponto:</b> Amarelo<br/><b>Fonte:</b> Derivado da camada Solos_Angola; posição sistemática nova; fora da mancha vermelha<br/><b>Longitude:</b> 21.453827<br/><b>Latitude:</b> -16.935489]]></description>
<Point>
<coordinates>21.45382737,-16.93548857,0</coordinates>
</Point>
</Placemark>
<Placemark>
<name>Amarelo | Gleyic Arenosols</name>
<styleUrl>#style_Amarelo</styleUrl>
<description><![CDATA[<b>ID:</b> CTRL_NV_0614<br/><b>Classificação:</b> NÃO VERMELHO – controle cartográfico<br/><b>Classe WRB:</b> Gleyic Arenosols<br/><b>Código de solo:</b> ARg<br/><b>Província:</b> 30<br/><b>Cor cartográfica do ponto:</b> Amarelo<br/><b>Fonte:</b> Derivado da camada Solos_Angola; posição sistemática nova; fora da mancha vermelha<br/><b>Longitude:</b> 21.453827<br/><b>Latitude:</b> -16.771864]]></description>
<Point>
<coordinates>21.45382737,-16.77186434,0</coordinates>
</Point>
</Placemark>
<Placemark>
<name>Amarelo | Gleyic Arenosols</name>
<styleUrl>#style_Amarelo</styleUrl>
<description><![CDATA[<b>ID:</b> CTRL_NV_0615<br/><b>Classificação:</b> NÃO VERMELHO – controle cartográfico<br/><b>Classe WRB:</b> Gleyic Arenosols<br/><b>Código de solo:</b> ARg<br/><b>Província:</b> 30<br/><b>Cor cartográfica do ponto:</b> Amarelo<br/><b>Fonte:</b> Derivado da camada Solos_Angola; posição sistemática nova; fora da mancha vermelha<br/><b>Longitude:</b> 21.453827<br/><b>Latitude:</b> -16.445026]]></description>
<Point>
<coordinates>21.45382737,-16.44502599,0</coordinates>
</Point>
</Placemark>
<Placemark>
<name>Amarelo | Gleyic Arenosols</name>
<styleUrl>#style_Amarelo</styleUrl>
<description><![CDATA[<b>ID:</b> CTRL_NV_0616<br/><b>Classificação:</b> NÃO VERMELHO – controle cartográfico<br/><b>Classe WRB:</b> Gleyic Arenosols<br/><b>Código de solo:</b> ARg<br/><b>Província:</b> 30<br/><b>Cor cartográfica do ponto:</b> Amarelo<br/><b>Fonte:</b> Derivado da camada Solos_Angola; posição sistemática nova; fora da mancha vermelha<br/><b>Longitude:</b> 21.453827<br/><b>Latitude:</b> -16.281809]]></description>
<Point>
<coordinates>21.45382737,-16.28180859,0</coordinates>
</Point>
</Placemark>
<Placemark>
<name>Amarelo | Gleyic Arenosols</name>
<styleUrl>#style_Amarelo</styleUrl>
<description><![CDATA[<b>ID:</b> CTRL_NV_0617<br/><b>Classificação:</b> NÃO VERMELHO – controle cartográfico<br/><b>Classe WRB:</b> Gleyic Arenosols<br/><b>Código de solo:</b> ARg<br/><b>Província:</b> 30<br/><b>Cor cartográfica do ponto:</b> Amarelo<br/><b>Fonte:</b> Derivado da camada Solos_Angola; posição sistemática nova; fora da mancha vermelha<br/><b>Longitude:</b> 21.453827<br/><b>Latitude:</b> -16.118724]]></description>
<Point>
<coordinates>21.45382737,-16.11872353,0</coordinates>
</Point>
</Placemark>
<Placemark>
<name>Amarelo | Gleyic Arenosols</name>
<styleUrl>#style_Amarelo</styleUrl>
<description><![CDATA[<b>ID:</b> CTRL_NV_0618<br/><b>Classificação:</b> NÃO VERMELHO – controle cartográfico<br/><b>Classe WRB:</b> Gleyic Arenosols<br/><b>Código de solo:</b> ARg<br/><b>Província:</b> 30<br/><b>Cor cartográfica do ponto:</b> Amarelo<br/><b>Fonte:</b> Derivado da camada Solos_Angola; posição sistemática nova; fora da mancha vermelha<br/><b>Longitude:</b> 21.453827<br/><b>Latitude:</b> -15.955769]]></description>
<Point>
<coordinates>21.45382737,-15.95576919,0</coordinates>
</Point>
</Placemark>
<Placemark>
<name>Amarelo | Gleyic Arenosols</name>
<styleUrl>#style_Amarelo</styleUrl>
<description><![CDATA[<b>ID:</b> CTRL_NV_0619<br/><b>Classificação:</b> NÃO VERMELHO – controle cartográfico<br/><b>Classe WRB:</b> Gleyic Arenosols<br/><b>Código de solo:</b> ARg<br/><b>Província:</b> 20<br/><b>Cor cartográfica do ponto:</b> Amarelo<br/><b>Fonte:</b> Derivado da camada Solos_Angola; posição sistemática nova; fora da mancha vermelha<br/><b>Longitude:</b> 21.453827<br/><b>Latitude:</b> -15.467675]]></description>
<Point>
<coordinates>21.45382737,-15.46767457,0</coordinates>
</Point>
</Placemark>
<Placemark>
<name>Amarelo | Gleyic Arenosols</name>
<styleUrl>#style_Amarelo</styleUrl>
<description><![CDATA[<b>ID:</b> CTRL_NV_0620<br/><b>Classificação:</b> NÃO VERMELHO – controle cartográfico<br/><b>Classe WRB:</b> Gleyic Arenosols<br/><b>Código de solo:</b> ARg<br/><b>Província:</b> 20<br/><b>Cor cartográfica do ponto:</b> Amarelo<br/><b>Fonte:</b> Derivado da camada Solos_Angola; posição sistemática nova; fora da mancha vermelha<br/><b>Longitude:</b> 21.453827<br/><b>Latitude:</b> -15.305227]]></description>
<Point>
<coordinates>21.45382737,-15.30522721,0</coordinates>
</Point>
</Placemark>
<Placemark>
<name>Amarelo | Gleyic Arenosols</name>
<styleUrl>#style_Amarelo</styleUrl>
<description><![CDATA[<b>ID:</b> CTRL_NV_0621<br/><b>Classificação:</b> NÃO VERMELHO – controle cartográfico<br/><b>Classe WRB:</b> Gleyic Arenosols<br/><b>Código de solo:</b> ARg<br/><b>Província:</b> 20<br/><b>Cor cartográfica do ponto:</b> Amarelo<br/><b>Fonte:</b> Derivado da camada Solos_Angola; posição sistemática nova; fora da mancha vermelha<br/><b>Longitude:</b> 21.453827<br/><b>Latitude:</b> -15.142903]]></description>
<Point>
<coordinates>21.45382737,-15.14290266,0</coordinates>
</Point>
</Placemark>
<Placemark>
<name>Amarelo | Dystric Arenosols</name>
<styleUrl>#style_Amarelo</styleUrl>
<description><![CDATA[<b>ID:</b> CTRL_NV_0622<br/><b>Classificação:</b> NÃO VERMELHO – controle cartográfico<br/><b>Classe WRB:</b> Dystric Arenosols<br/><b>Código de solo:</b> ARh<br/><b>Província:</b> 20<br/><b>Cor cartográfica do ponto:</b> Amarelo<br/><b>Fonte:</b> Derivado da camada Solos_Angola; posição sistemática nova; fora da mancha vermelha<br/><b>Longitude:</b> 21.453827<br/><b>Latitude:</b> -14.980699]]></description>
<Point>
<coordinates>21.45382737,-14.98069937,0</coordinates>
</Point>
</Placemark>
<Placemark>
<name>Amarelo | Dystric Arenosols</name>
<styleUrl>#style_Amarelo</styleUrl>
<description><![CDATA[<b>ID:</b> CTRL_NV_0623<br/><b>Classificação:</b> NÃO VERMELHO – controle cartográfico<br/><b>Classe WRB:</b> Dystric Arenosols<br/><b>Código de solo:</b> ARh<br/><b>Província:</b> 20<br/><b>Cor cartográfica do ponto:</b> Amarelo<br/><b>Fonte:</b> Derivado da camada Solos_Angola; posição sistemática nova; fora da mancha vermelha<br/><b>Longitude:</b> 21.453827<br/><b>Latitude:</b> -14.818616]]></description>
<Point>
<coordinates>21.45382737,-14.81861580,0</coordinates>
</Point>
</Placemark>
<Placemark>
<name>Amarelo | Dystric Arenosols</name>
<styleUrl>#style_Amarelo</styleUrl>
<description><![CDATA[<b>ID:</b> CTRL_NV_0624<br/><b>Classificação:</b> NÃO VERMELHO – controle cartográfico<br/><b>Classe WRB:</b> Dystric Arenosols<br/><b>Código de solo:</b> ARh<br/><b>Província:</b> 20<br/><b>Cor cartográfica do ponto:</b> Amarelo<br/><b>Fonte:</b> Derivado da camada Solos_Angola; posição sistemática nova; fora da mancha vermelha<br/><b>Longitude:</b> 21.453827<br/><b>Latitude:</b> -14.009940]]></description>
<Point>
<coordinates>21.45382737,-14.00994031,0</coordinates>
</Point>
</Placemark>
<Placemark>
<name>Amarelo | Dystric Arenosols</name>
<styleUrl>#style_Amarelo</styleUrl>
<description><![CDATA[<b>ID:</b> CTRL_NV_0625<br/><b>Classificação:</b> NÃO VERMELHO – controle cartográfico<br/><b>Classe WRB:</b> Dystric Arenosols<br/><b>Código de solo:</b> ARh<br/><b>Província:</b> 20<br/><b>Cor cartográfica do ponto:</b> Amarelo<br/><b>Fonte:</b> Derivado da camada Solos_Angola; posição sistemática nova; fora da mancha vermelha<br/><b>Longitude:</b> 21.453827<br/><b>Latitude:</b> -13.848543]]></description>
<Point>
<coordinates>21.45382737,-13.84854316,0</coordinates>
</Point>
</Placemark>
<Placemark>
<name>Amarelo | Dystric Arenosols</name>
<styleUrl>#style_Amarelo</styleUrl>
<description><![CDATA[<b>ID:</b> CTRL_NV_0626<br/><b>Classificação:</b> NÃO VERMELHO – controle cartográfico<br/><b>Classe WRB:</b> Dystric Arenosols<br/><b>Código de solo:</b> ARh<br/><b>Província:</b> 20<br/><b>Cor cartográfica do ponto:</b> Amarelo<br/><b>Fonte:</b> Derivado da camada Solos_Angola; posição sistemática nova; fora da mancha vermelha<br/><b>Longitude:</b> 21.453827<br/><b>Latitude:</b> -13.526075]]></description>
<Point>
<coordinates>21.45382737,-13.52607490,0</coordinates>
</Point>
</Placemark>
<Placemark>
<name>Amarelo | Gleyic Arenosols</name>
<styleUrl>#style_Amarelo</styleUrl>
<description><![CDATA[<b>ID:</b> CTRL_NV_0627<br/><b>Classificação:</b> NÃO VERMELHO – controle cartográfico<br/><b>Classe WRB:</b> Gleyic Arenosols<br/><b>Código de solo:</b> ARg<br/><b>Província:</b> 20<br/><b>Cor cartográfica do ponto:</b> Amarelo<br/><b>Fonte:</b> Derivado da camada Solos_Angola; posição sistemática nova; fora da mancha vermelha<br/><b>Longitude:</b> 21.453827<br/><b>Latitude:</b> -13.365001]]></description>
<Point>
<coordinates>21.45382737,-13.36500086,0</coordinates>
</Point>
</Placemark>
<Placemark>
<name>Amarelo | Gleyic Arenosols</name>
<styleUrl>#style_Amarelo</styleUrl>
<description><![CDATA[<b>ID:</b> CTRL_NV_0628<br/><b>Classificação:</b> NÃO VERMELHO – controle cartográfico<br/><b>Classe WRB:</b> Gleyic Arenosols<br/><b>Código de solo:</b> ARg<br/><b>Província:</b> 20<br/><b>Cor cartográfica do ponto:</b> Amarelo<br/><b>Fonte:</b> Derivado da camada Solos_Angola; posição sistemática nova; fora da mancha vermelha<br/><b>Longitude:</b> 21.453827<br/><b>Latitude:</b> -13.204032]]></description>
<Point>
<coordinates>21.45382737,-13.20403162,0</coordinates>
</Point>
</Placemark>
<Placemark>
<name>Amarelo | Gleyic Arenosols</name>
<styleUrl>#style_Amarelo</styleUrl>
<description><![CDATA[<b>ID:</b> CTRL_NV_0629<br/><b>Classificação:</b> NÃO VERMELHO – controle cartográfico<br/><b>Classe WRB:</b> Gleyic Arenosols<br/><b>Código de solo:</b> ARg<br/><b>Província:</b> 29<br/><b>Cor cartográfica do ponto:</b> Amarelo<br/><b>Fonte:</b> Derivado da camada Solos_Angola; posição sistemática nova; fora da mancha vermelha<br/><b>Longitude:</b> 21.453827<br/><b>Latitude:</b> -13.043166]]></description>
<Point>
<coordinates>21.45382737,-13.04316572,0</coordinates>
</Point>
</Placemark>
<Placemark>
<name>Amarelo | Gleyic Arenosols</name>
<styleUrl>#style_Amarelo</styleUrl>
<description><![CDATA[<b>ID:</b> CTRL_NV_0630<br/><b>Classificação:</b> NÃO VERMELHO – controle cartográfico<br/><b>Classe WRB:</b> Gleyic Arenosols<br/><b>Código de solo:</b> ARg<br/><b>Província:</b> 29<br/><b>Cor cartográfica do ponto:</b> Amarelo<br/><b>Fonte:</b> Derivado da camada Solos_Angola; posição sistemática nova; fora da mancha vermelha<br/><b>Longitude:</b> 21.453827<br/><b>Latitude:</b> -12.882402]]></description>
<Point>
<coordinates>21.45382737,-12.88240173,0</coordinates>
</Point>
</Placemark>
<Placemark>
<name>Amarelo | Gleyic Arenosols</name>
<styleUrl>#style_Amarelo</styleUrl>
<description><![CDATA[<b>ID:</b> CTRL_NV_0631<br/><b>Classificação:</b> NÃO VERMELHO – controle cartográfico<br/><b>Classe WRB:</b> Gleyic Arenosols<br/><b>Código de solo:</b> ARg<br/><b>Província:</b> 29<br/><b>Cor cartográfica do ponto:</b> Amarelo<br/><b>Fonte:</b> Derivado da camada Solos_Angola; posição sistemática nova; fora da mancha vermelha<br/><b>Longitude:</b> 21.453827<br/><b>Latitude:</b> -12.721738]]></description>
<Point>
<coordinates>21.45382737,-12.72173821,0</coordinates>
</Point>
</Placemark>
<Placemark>
<name>Amarelo | Gleyic Arenosols</name>
<styleUrl>#style_Amarelo</styleUrl>
<description><![CDATA[<b>ID:</b> CTRL_NV_0632<br/><b>Classificação:</b> NÃO VERMELHO – controle cartográfico<br/><b>Classe WRB:</b> Gleyic Arenosols<br/><b>Código de solo:</b> ARg<br/><b>Província:</b> 29<br/><b>Cor cartográfica do ponto:</b> Amarelo<br/><b>Fonte:</b> Derivado da camada Solos_Angola; posição sistemática nova; fora da mancha vermelha<br/><b>Longitude:</b> 21.453827<br/><b>Latitude:</b> -12.561174]]></description>
<Point>
<coordinates>21.45382737,-12.56117375,0</coordinates>
</Point>
</Placemark>
<Placemark>
<name>Amarelo | Gleyic Arenosols</name>
<styleUrl>#style_Amarelo</styleUrl>
<description><![CDATA[<b>ID:</b> CTRL_NV_0633<br/><b>Classificação:</b> NÃO VERMELHO – controle cartográfico<br/><b>Classe WRB:</b> Gleyic Arenosols<br/><b>Código de solo:</b> ARg<br/><b>Província:</b> 29<br/><b>Cor cartográfica do ponto:</b> Amarelo<br/><b>Fonte:</b> Derivado da camada Solos_Angola; posição sistemática nova; fora da mancha vermelha<br/><b>Longitude:</b> 21.453827<br/><b>Latitude:</b> -12.400707]]></description>
<Point>
<coordinates>21.45382737,-12.40070693,0</coordinates>
</Point>
</Placemark>
<Placemark>
<name>Amarelo | Gleyic Arenosols</name>
<styleUrl>#style_Amarelo</styleUrl>
<description><![CDATA[<b>ID:</b> CTRL_NV_0634<br/><b>Classificação:</b> NÃO VERMELHO – controle cartográfico<br/><b>Classe WRB:</b> Gleyic Arenosols<br/><b>Código de solo:</b> ARg<br/><b>Província:</b> 29<br/><b>Cor cartográfica do ponto:</b> Amarelo<br/><b>Fonte:</b> Derivado da camada Solos_Angola; posição sistemática nova; fora da mancha vermelha<br/><b>Longitude:</b> 21.453827<br/><b>Latitude:</b> -12.240336]]></description>
<Point>
<coordinates>21.45382737,-12.24033634,0</coordinates>
</Point>
</Placemark>
<Placemark>
<name>Amarelo | Gleyic Arenosols</name>
<styleUrl>#style_Amarelo</styleUrl>
<description><![CDATA[<b>ID:</b> CTRL_NV_0635<br/><b>Classificação:</b> NÃO VERMELHO – controle cartográfico<br/><b>Classe WRB:</b> Gleyic Arenosols<br/><b>Código de solo:</b> ARg<br/><b>Província:</b> 29<br/><b>Cor cartográfica do ponto:</b> Amarelo<br/><b>Fonte:</b> Derivado da camada Solos_Angola; posição sistemática nova; fora da mancha vermelha<br/><b>Longitude:</b> 21.453827<br/><b>Latitude:</b> -12.080061]]></description>
<Point>
<coordinates>21.45382737,-12.08006059,0</coordinates>
</Point>
</Placemark>
<Placemark>
<name>Amarelo | Gleyic Arenosols</name>
<styleUrl>#style_Amarelo</styleUrl>
<description><![CDATA[<b>ID:</b> CTRL_NV_0636<br/><b>Classificação:</b> NÃO VERMELHO – controle cartográfico<br/><b>Classe WRB:</b> Gleyic Arenosols<br/><b>Código de solo:</b> ARg<br/><b>Província:</b> 29<br/><b>Cor cartográfica do ponto:</b> Amarelo<br/><b>Fonte:</b> Derivado da camada Solos_Angola; posição sistemática nova; fora da mancha vermelha<br/><b>Longitude:</b> 21.453827<br/><b>Latitude:</b> -11.919878]]></description>
<Point>
<coordinates>21.45382737,-11.91987828,0</coordinates>
</Point>
</Placemark>
<Placemark>
<name>Amarelo | Gleyic Arenosols</name>
<styleUrl>#style_Amarelo</styleUrl>
<description><![CDATA[<b>ID:</b> CTRL_NV_0637<br/><b>Classificação:</b> NÃO VERMELHO – controle cartográfico<br/><b>Classe WRB:</b> Gleyic Arenosols<br/><b>Código de solo:</b> ARg<br/><b>Província:</b> 29<br/><b>Cor cartográfica do ponto:</b> Amarelo<br/><b>Fonte:</b> Derivado da camada Solos_Angola; posição sistemática nova; fora da mancha vermelha<br/><b>Longitude:</b> 21.453827<br/><b>Latitude:</b> -11.759788]]></description>
<Point>
<coordinates>21.45382737,-11.75978803,0</coordinates>
</Point>
</Placemark>
<Placemark>
<name>Amarelo | Gleyic Arenosols</name>
<styleUrl>#style_Amarelo</styleUrl>
<description><![CDATA[<b>ID:</b> CTRL_NV_0638<br/><b>Classificação:</b> NÃO VERMELHO – controle cartográfico<br/><b>Classe WRB:</b> Gleyic Arenosols<br/><b>Código de solo:</b> ARg<br/><b>Província:</b> 29<br/><b>Cor cartográfica do ponto:</b> Amarelo<br/><b>Fonte:</b> Derivado da camada Solos_Angola; posição sistemática nova; fora da mancha vermelha<br/><b>Longitude:</b> 21.453827<br/><b>Latitude:</b> -11.599788]]></description>
<Point>
<coordinates>21.45382737,-11.59978845,0</coordinates>
</Point>
</Placemark>
<Placemark>
<name>Amarelo | Gleyic Arenosols</name>
<styleUrl>#style_Amarelo</styleUrl>
<description><![CDATA[<b>ID:</b> CTRL_NV_0639<br/><b>Classificação:</b> NÃO VERMELHO – controle cartográfico<br/><b>Classe WRB:</b> Gleyic Arenosols<br/><b>Código de solo:</b> ARg<br/><b>Província:</b> 29<br/><b>Cor cartográfica do ponto:</b> Amarelo<br/><b>Fonte:</b> Derivado da camada Solos_Angola; posição sistemática nova; fora da mancha vermelha<br/><b>Longitude:</b> 21.453827<br/><b>Latitude:</b> -11.439878]]></description>
<Point>
<coordinates>21.45382737,-11.43987818,0</coordinates>
</Point>
</Placemark>
<Placemark>
<name>Amarelo | Gleyic Arenosols</name>
<styleUrl>#style_Amarelo</styleUrl>
<description><![CDATA[<b>ID:</b> CTRL_NV_0640<br/><b>Classificação:</b> NÃO VERMELHO – controle cartográfico<br/><b>Classe WRB:</b> Gleyic Arenosols<br/><b>Código de solo:</b> ARg<br/><b>Província:</b> 19<br/><b>Cor cartográfica do ponto:</b> Amarelo<br/><b>Fonte:</b> Derivado da camada Solos_Angola; posição sistemática nova; fora da mancha vermelha<br/><b>Longitude:</b> 21.453827<br/><b>Latitude:</b> -11.120320]]></description>
<Point>
<coordinates>21.45382737,-11.12032011,0</coordinates>
</Point>
</Placemark>
<Placemark>
<name>Amarelo | Gleyic Arenosols</name>
<styleUrl>#style_Amarelo</styleUrl>
<description><![CDATA[<b>ID:</b> CTRL_NV_0641<br/><b>Classificação:</b> NÃO VERMELHO – controle cartográfico<br/><b>Classe WRB:</b> Gleyic Arenosols<br/><b>Código de solo:</b> ARg<br/><b>Província:</b> 19<br/><b>Cor cartográfica do ponto:</b> Amarelo<br/><b>Fonte:</b> Derivado da camada Solos_Angola; posição sistemática nova; fora da mancha vermelha<br/><b>Longitude:</b> 21.453827<br/><b>Latitude:</b> -10.960670]]></description>
<Point>
<coordinates>21.45382737,-10.96066960,0</coordinates>
</Point>
</Placemark>
<Placemark>
<name>Amarelo | Dystric Arenosols</name>
<styleUrl>#style_Amarelo</styleUrl>
<description><![CDATA[<b>ID:</b> CTRL_NV_0642<br/><b>Classificação:</b> NÃO VERMELHO – controle cartográfico<br/><b>Classe WRB:</b> Dystric Arenosols<br/><b>Código de solo:</b> ARh<br/><b>Província:</b> 30<br/><b>Cor cartográfica do ponto:</b> Amarelo<br/><b>Fonte:</b> Derivado da camada Solos_Angola; posição sistemática nova; fora da mancha vermelha<br/><b>Longitude:</b> 21.661111<br/><b>Latitude:</b> -17.920210]]></description>
<Point>
<coordinates>21.66111073,-17.92021012,0</coordinates>
</Point>
</Placemark>
<Placemark>
<name>Amarelo | Dystric Arenosols</name>
<styleUrl>#style_Amarelo</styleUrl>
<description><![CDATA[<b>ID:</b> CTRL_NV_0643<br/><b>Classificação:</b> NÃO VERMELHO – controle cartográfico<br/><b>Classe WRB:</b> Dystric Arenosols<br/><b>Código de solo:</b> ARh<br/><b>Província:</b> 30<br/><b>Cor cartográfica do ponto:</b> Amarelo<br/><b>Fonte:</b> Derivado da camada Solos_Angola; posição sistemática nova; fora da mancha vermelha<br/><b>Longitude:</b> 21.661111<br/><b>Latitude:</b> -17.755727]]></description>
<Point>
<coordinates>21.66111073,-17.75572707,0</coordinates>
</Point>
</Placemark>
<Placemark>
<name>Amarelo | Gleyic Arenosols</name>
<styleUrl>#style_Amarelo</styleUrl>
<description><![CDATA[<b>ID:</b> CTRL_NV_0644<br/><b>Classificação:</b> NÃO VERMELHO – controle cartográfico<br/><b>Classe WRB:</b> Gleyic Arenosols<br/><b>Código de solo:</b> ARg<br/><b>Província:</b> 30<br/><b>Cor cartográfica do ponto:</b> Amarelo<br/><b>Fonte:</b> Derivado da camada Solos_Angola; posição sistemática nova; fora da mancha vermelha<br/><b>Longitude:</b> 21.661111<br/><b>Latitude:</b> -17.591391]]></description>
<Point>
<coordinates>21.66111073,-17.59139143,0</coordinates>
</Point>
</Placemark>
<Placemark>
<name>Amarelo | Gleyic Arenosols</name>
<styleUrl>#style_Amarelo</styleUrl>
<description><![CDATA[<b>ID:</b> CTRL_NV_0645<br/><b>Classificação:</b> NÃO VERMELHO – controle cartográfico<br/><b>Classe WRB:</b> Gleyic Arenosols<br/><b>Código de solo:</b> ARg<br/><b>Província:</b> 30<br/><b>Cor cartográfica do ponto:</b> Amarelo<br/><b>Fonte:</b> Derivado da camada Solos_Angola; posição sistemática nova; fora da mancha vermelha<br/><b>Longitude:</b> 21.661111<br/><b>Latitude:</b> -17.427201]]></description>
<Point>
<coordinates>21.66111073,-17.42720146,0</coordinates>
</Point>
</Placemark>
<Placemark>
<name>Amarelo | Gleyic Arenosols</name>
<styleUrl>#style_Amarelo</styleUrl>
<description><![CDATA[<b>ID:</b> CTRL_NV_0646<br/><b>Classificação:</b> NÃO VERMELHO – controle cartográfico<br/><b>Classe WRB:</b> Gleyic Arenosols<br/><b>Código de solo:</b> ARg<br/><b>Província:</b> 30<br/><b>Cor cartográfica do ponto:</b> Amarelo<br/><b>Fonte:</b> Derivado da camada Solos_Angola; posição sistemática nova; fora da mancha vermelha<br/><b>Longitude:</b> 21.661111<br/><b>Latitude:</b> -17.263155]]></description>
<Point>
<coordinates>21.66111073,-17.26315545,0</coordinates>
</Point>
</Placemark>
<Placemark>
<name>Amarelo | Gleyic Arenosols</name>
<styleUrl>#style_Amarelo</styleUrl>
<description><![CDATA[<b>ID:</b> CTRL_NV_0647<br/><b>Classificação:</b> NÃO VERMELHO – controle cartográfico<br/><b>Classe WRB:</b> Gleyic Arenosols<br/><b>Código de solo:</b> ARg<br/><b>Província:</b> 30<br/><b>Cor cartográfica do ponto:</b> Amarelo<br/><b>Fonte:</b> Derivado da camada Solos_Angola; posição sistemática nova; fora da mancha vermelha<br/><b>Longitude:</b> 21.661111<br/><b>Latitude:</b> -16.935489]]></description>
<Point>
<coordinates>21.66111073,-16.93548857,0</coordinates>
</Point>
</Placemark>
<Placemark>
<name>Amarelo | Gleyic Arenosols</name>
<styleUrl>#style_Amarelo</styleUrl>
<description><![CDATA[<b>ID:</b> CTRL_NV_0648<br/><b>Classificação:</b> NÃO VERMELHO – controle cartográfico<br/><b>Classe WRB:</b> Gleyic Arenosols<br/><b>Código de solo:</b> ARg<br/><b>Província:</b> 30<br/><b>Cor cartográfica do ponto:</b> Amarelo<br/><b>Fonte:</b> Derivado da camada Solos_Angola; posição sistemática nova; fora da mancha vermelha<br/><b>Longitude:</b> 21.661111<br/><b>Latitude:</b> -16.771864]]></description>
<Point>
<coordinates>21.66111073,-16.77186434,0</coordinates>
</Point>
</Placemark>
<Placemark>
<name>Amarelo | Gleyic Arenosols</name>
<styleUrl>#style_Amarelo</styleUrl>
<description><![CDATA[<b>ID:</b> CTRL_NV_0649<br/><b>Classificação:</b> NÃO VERMELHO – controle cartográfico<br/><b>Classe WRB:</b> Gleyic Arenosols<br/><b>Código de solo:</b> ARg<br/><b>Província:</b> 30<br/><b>Cor cartográfica do ponto:</b> Amarelo<br/><b>Fonte:</b> Derivado da camada Solos_Angola; posição sistemática nova; fora da mancha vermelha<br/><b>Longitude:</b> 21.661111<br/><b>Latitude:</b> -16.608377]]></description>
<Point>
<coordinates>21.66111073,-16.60837736,0</coordinates>
</Point>
</Placemark>
<Placemark>
<name>Amarelo | Gleyic Arenosols</name>
<styleUrl>#style_Amarelo</styleUrl>
<description><![CDATA[<b>ID:</b> CTRL_NV_0650<br/><b>Classificação:</b> NÃO VERMELHO – controle cartográfico<br/><b>Classe WRB:</b> Gleyic Arenosols<br/><b>Código de solo:</b> ARg<br/><b>Província:</b> 30<br/><b>Cor cartográfica do ponto:</b> Amarelo<br/><b>Fonte:</b> Derivado da camada Solos_Angola; posição sistemática nova; fora da mancha vermelha<br/><b>Longitude:</b> 21.661111<br/><b>Latitude:</b> -16.445026]]></description>
<Point>
<coordinates>21.66111073,-16.44502599,0</coordinates>
</Point>
</Placemark>
<Placemark>
<name>Amarelo | Gleyic Arenosols</name>
<styleUrl>#style_Amarelo</styleUrl>
<description><![CDATA[<b>ID:</b> CTRL_NV_0651<br/><b>Classificação:</b> NÃO VERMELHO – controle cartográfico<br/><b>Classe WRB:</b> Gleyic Arenosols<br/><b>Código de solo:</b> ARg<br/><b>Província:</b> 30<br/><b>Cor cartográfica do ponto:</b> Amarelo<br/><b>Fonte:</b> Derivado da camada Solos_Angola; posição sistemática nova; fora da mancha vermelha<br/><b>Longitude:</b> 21.661111<br/><b>Latitude:</b> -16.281809]]></description>
<Point>
<coordinates>21.66111073,-16.28180859,0</coordinates>
</Point>
</Placemark>
<Placemark>
<name>Amarelo | Gleyic Arenosols</name>
<styleUrl>#style_Amarelo</styleUrl>
<description><![CDATA[<b>ID:</b> CTRL_NV_0652<br/><b>Classificação:</b> NÃO VERMELHO – controle cartográfico<br/><b>Classe WRB:</b> Gleyic Arenosols<br/><b>Código de solo:</b> ARg<br/><b>Província:</b> 30<br/><b>Cor cartográfica do ponto:</b> Amarelo<br/><b>Fonte:</b> Derivado da camada Solos_Angola; posição sistemática nova; fora da mancha vermelha<br/><b>Longitude:</b> 21.661111<br/><b>Latitude:</b> -16.118724]]></description>
<Point>
<coordinates>21.66111073,-16.11872353,0</coordinates>
</Point>
</Placemark>
<Placemark>
<name>Amarelo | Gleyic Arenosols</name>
<styleUrl>#style_Amarelo</styleUrl>
<description><![CDATA[<b>ID:</b> CTRL_NV_0653<br/><b>Classificação:</b> NÃO VERMELHO – controle cartográfico<br/><b>Classe WRB:</b> Gleyic Arenosols<br/><b>Código de solo:</b> ARg<br/><b>Província:</b> 30<br/><b>Cor cartográfica do ponto:</b> Amarelo<br/><b>Fonte:</b> Derivado da camada Solos_Angola; posição sistemática nova; fora da mancha vermelha<br/><b>Longitude:</b> 21.661111<br/><b>Latitude:</b> -15.955769]]></description>
<Point>
<coordinates>21.66111073,-15.95576919,0</coordinates>
</Point>
</Placemark>
<Placemark>
<name>Amarelo | Gleyic Arenosols</name>
<styleUrl>#style_Amarelo</styleUrl>
<description><![CDATA[<b>ID:</b> CTRL_NV_0654<br/><b>Classificação:</b> NÃO VERMELHO – controle cartográfico<br/><b>Classe WRB:</b> Gleyic Arenosols<br/><b>Código de solo:</b> ARg<br/><b>Província:</b> 20<br/><b>Cor cartográfica do ponto:</b> Amarelo<br/><b>Fonte:</b> Derivado da camada Solos_Angola; posição sistemática nova; fora da mancha vermelha<br/><b>Longitude:</b> 21.661111<br/><b>Latitude:</b> -15.630246]]></description>
<Point>
<coordinates>21.66111073,-15.63024630,0</coordinates>
</Point>
</Placemark>
<Placemark>
<name>Amarelo | Gleyic Arenosols</name>
<styleUrl>#style_Amarelo</styleUrl>
<description><![CDATA[<b>ID:</b> CTRL_NV_0655<br/><b>Classificação:</b> NÃO VERMELHO – controle cartográfico<br/><b>Classe WRB:</b> Gleyic Arenosols<br/><b>Código de solo:</b> ARg<br/><b>Província:</b> 20<br/><b>Cor cartográfica do ponto:</b> Amarelo<br/><b>Fonte:</b> Derivado da camada Solos_Angola; posição sistemática nova; fora da mancha vermelha<br/><b>Longitude:</b> 21.661111<br/><b>Latitude:</b> -15.467675]]></description>
<Point>
<coordinates>21.66111073,-15.46767457,0</coordinates>
</Point>
</Placemark>
<Placemark>
<name>Amarelo | Gleyic Arenosols</name>
<styleUrl>#style_Amarelo</styleUrl>
<description><![CDATA[<b>ID:</b> CTRL_NV_0656<br/><b>Classificação:</b> NÃO VERMELHO – controle cartográfico<br/><b>Classe WRB:</b> Gleyic Arenosols<br/><b>Código de solo:</b> ARg<br/><b>Província:</b> 20<br/><b>Cor cartográfica do ponto:</b> Amarelo<br/><b>Fonte:</b> Derivado da camada Solos_Angola; posição sistemática nova; fora da mancha vermelha<br/><b>Longitude:</b> 21.661111<br/><b>Latitude:</b> -15.305227]]></description>
<Point>
<coordinates>21.66111073,-15.30522721,0</coordinates>
</Point>
</Placemark>
<Placemark>
<name>Amarelo | Gleyic Arenosols</name>
<styleUrl>#style_Amarelo</styleUrl>
<description><![CDATA[<b>ID:</b> CTRL_NV_0657<br/><b>Classificação:</b> NÃO VERMELHO – controle cartográfico<br/><b>Classe WRB:</b> Gleyic Arenosols<br/><b>Código de solo:</b> ARg<br/><b>Província:</b> 20<br/><b>Cor cartográfica do ponto:</b> Amarelo<br/><b>Fonte:</b> Derivado da camada Solos_Angola; posição sistemática nova; fora da mancha vermelha<br/><b>Longitude:</b> 21.661111<br/><b>Latitude:</b> -15.142903]]></description>
<Point>
<coordinates>21.66111073,-15.14290266,0</coordinates>
</Point>
</Placemark>
<Placemark>
<name>Amarelo | Gleyic Arenosols</name>
<styleUrl>#style_Amarelo</styleUrl>
<description><![CDATA[<b>ID:</b> CTRL_NV_0658<br/><b>Classificação:</b> NÃO VERMELHO – controle cartográfico<br/><b>Classe WRB:</b> Gleyic Arenosols<br/><b>Código de solo:</b> ARg<br/><b>Província:</b> 20<br/><b>Cor cartográfica do ponto:</b> Amarelo<br/><b>Fonte:</b> Derivado da camada Solos_Angola; posição sistemática nova; fora da mancha vermelha<br/><b>Longitude:</b> 21.661111<br/><b>Latitude:</b> -14.980699]]></description>
<Point>
<coordinates>21.66111073,-14.98069937,0</coordinates>
</Point>
</Placemark>
<Placemark>
<name>Amarelo | Dystric Arenosols</name>
<styleUrl>#style_Amarelo</styleUrl>
<description><![CDATA[<b>ID:</b> CTRL_NV_0659<br/><b>Classificação:</b> NÃO VERMELHO – controle cartográfico<br/><b>Classe WRB:</b> Dystric Arenosols<br/><b>Código de solo:</b> ARh<br/><b>Província:</b> 20<br/><b>Cor cartográfica do ponto:</b> Amarelo<br/><b>Fonte:</b> Derivado da camada Solos_Angola; posição sistemática nova; fora da mancha vermelha<br/><b>Longitude:</b> 21.661111<br/><b>Latitude:</b> -14.818616]]></description>
<Point>
<coordinates>21.66111073,-14.81861580,0</coordinates>
</Point>
</Placemark>
<Placemark>
<name>Amarelo | Dystric Arenosols</name>
<styleUrl>#style_Amarelo</styleUrl>
<description><![CDATA[<b>ID:</b> CTRL_NV_0660<br/><b>Classificação:</b> NÃO VERMELHO – controle cartográfico<br/><b>Classe WRB:</b> Dystric Arenosols<br/><b>Código de solo:</b> ARh<br/><b>Província:</b> 20<br/><b>Cor cartográfica do ponto:</b> Amarelo<br/><b>Fonte:</b> Derivado da camada Solos_Angola; posição sistemática nova; fora da mancha vermelha<br/><b>Longitude:</b> 21.661111<br/><b>Latitude:</b> -14.656650]]></description>
<Point>
<coordinates>21.66111073,-14.65665041,0</coordinates>
</Point>
</Placemark>
<Placemark>
<name>Amarelo | Dystric Arenosols</name>
<styleUrl>#style_Amarelo</styleUrl>
<description><![CDATA[<b>ID:</b> CTRL_NV_0661<br/><b>Classificação:</b> NÃO VERMELHO – controle cartográfico<br/><b>Classe WRB:</b> Dystric Arenosols<br/><b>Código de solo:</b> ARh<br/><b>Província:</b> 20<br/><b>Cor cartográfica do ponto:</b> Amarelo<br/><b>Fonte:</b> Derivado da camada Solos_Angola; posição sistemática nova; fora da mancha vermelha<br/><b>Longitude:</b> 21.661111<br/><b>Latitude:</b> -14.494802]]></description>
<Point>
<coordinates>21.66111073,-14.49480167,0</coordinates>
</Point>
</Placemark>
<Placemark>
<name>Amarelo | Dystric Arenosols</name>
<styleUrl>#style_Amarelo</styleUrl>
<description><![CDATA[<b>ID:</b> CTRL_NV_0662<br/><b>Classificação:</b> NÃO VERMELHO – controle cartográfico<br/><b>Classe WRB:</b> Dystric Arenosols<br/><b>Código de solo:</b> ARh<br/><b>Província:</b> 20<br/><b>Cor cartográfica do ponto:</b> Amarelo<br/><b>Fonte:</b> Derivado da camada Solos_Angola; posição sistemática nova; fora da mancha vermelha<br/><b>Longitude:</b> 21.661111<br/><b>Latitude:</b> -14.333068]]></description>
<Point>
<coordinates>21.66111073,-14.33306808,0</coordinates>
</Point>
</Placemark>
<Placemark>
<name>Amarelo | Dystric Arenosols</name>
<styleUrl>#style_Amarelo</styleUrl>
<description><![CDATA[<b>ID:</b> CTRL_NV_0663<br/><b>Classificação:</b> NÃO VERMELHO – controle cartográfico<br/><b>Classe WRB:</b> Dystric Arenosols<br/><b>Código de solo:</b> ARh<br/><b>Província:</b> 20<br/><b>Cor cartográfica do ponto:</b> Amarelo<br/><b>Fonte:</b> Derivado da camada Solos_Angola; posição sistemática nova; fora da mancha vermelha<br/><b>Longitude:</b> 21.661111<br/><b>Latitude:</b> -14.171448]]></description>
<Point>
<coordinates>21.66111073,-14.17144813,0</coordinates>
</Point>
</Placemark>
<Placemark>
<name>Amarelo | Dystric Arenosols</name>
<styleUrl>#style_Amarelo</styleUrl>
<description><![CDATA[<b>ID:</b> CTRL_NV_0664<br/><b>Classificação:</b> NÃO VERMELHO – controle cartográfico<br/><b>Classe WRB:</b> Dystric Arenosols<br/><b>Código de solo:</b> ARh<br/><b>Província:</b> 20<br/><b>Cor cartográfica do ponto:</b> Amarelo<br/><b>Fonte:</b> Derivado da camada Solos_Angola; posição sistemática nova; fora da mancha vermelha<br/><b>Longitude:</b> 21.661111<br/><b>Latitude:</b> -14.009940]]></description>
<Point>
<coordinates>21.66111073,-14.00994031,0</coordinates>
</Point>
</Placemark>
<Placemark>
<name>Amarelo | Dystric Arenosols</name>
<styleUrl>#style_Amarelo</styleUrl>
<description><![CDATA[<b>ID:</b> CTRL_NV_0665<br/><b>Classificação:</b> NÃO VERMELHO – controle cartográfico<br/><b>Classe WRB:</b> Dystric Arenosols<br/><b>Código de solo:</b> ARh<br/><b>Província:</b> 20<br/><b>Cor cartográfica do ponto:</b> Amarelo<br/><b>Fonte:</b> Derivado da camada Solos_Angola; posição sistemática nova; fora da mancha vermelha<br/><b>Longitude:</b> 21.661111<br/><b>Latitude:</b> -13.848543]]></description>
<Point>
<coordinates>21.66111073,-13.84854316,0</coordinates>
</Point>
</Placemark>
<Placemark>
<name>Amarelo | Gleyic Arenosols</name>
<styleUrl>#style_Amarelo</styleUrl>
<description><![CDATA[<b>ID:</b> CTRL_NV_0666<br/><b>Classificação:</b> NÃO VERMELHO – controle cartográfico<br/><b>Classe WRB:</b> Gleyic Arenosols<br/><b>Código de solo:</b> ARg<br/><b>Província:</b> 20<br/><b>Cor cartográfica do ponto:</b> Amarelo<br/><b>Fonte:</b> Derivado da camada Solos_Angola; posição sistemática nova; fora da mancha vermelha<br/><b>Longitude:</b> 21.661111<br/><b>Latitude:</b> -13.687255]]></description>
<Point>
<coordinates>21.66111073,-13.68725517,0</coordinates>
</Point>
</Placemark>
<Placemark>
<name>Amarelo | Dystric Arenosols</name>
<styleUrl>#style_Amarelo</styleUrl>
<description><![CDATA[<b>ID:</b> CTRL_NV_0667<br/><b>Classificação:</b> NÃO VERMELHO – controle cartográfico<br/><b>Classe WRB:</b> Dystric Arenosols<br/><b>Código de solo:</b> ARh<br/><b>Província:</b> 20<br/><b>Cor cartográfica do ponto:</b> Amarelo<br/><b>Fonte:</b> Derivado da camada Solos_Angola; posição sistemática nova; fora da mancha vermelha<br/><b>Longitude:</b> 21.661111<br/><b>Latitude:</b> -13.526075]]></description>
<Point>
<coordinates>21.66111073,-13.52607490,0</coordinates>
</Point>
</Placemark>
<Placemark>
<name>Amarelo | Gleyic Arenosols</name>
<styleUrl>#style_Amarelo</styleUrl>
<description><![CDATA[<b>ID:</b> CTRL_NV_0668<br/><b>Classificação:</b> NÃO VERMELHO – controle cartográfico<br/><b>Classe WRB:</b> Gleyic Arenosols<br/><b>Código de solo:</b> ARg<br/><b>Província:</b> 20<br/><b>Cor cartográfica do ponto:</b> Amarelo<br/><b>Fonte:</b> Derivado da camada Solos_Angola; posição sistemática nova; fora da mancha vermelha<br/><b>Longitude:</b> 21.661111<br/><b>Latitude:</b> -13.365001]]></description>
<Point>
<coordinates>21.66111073,-13.36500086,0</coordinates>
</Point>
</Placemark>
<Placemark>
<name>Amarelo | Gleyic Arenosols</name>
<styleUrl>#style_Amarelo</styleUrl>
<description><![CDATA[<b>ID:</b> CTRL_NV_0669<br/><b>Classificação:</b> NÃO VERMELHO – controle cartográfico<br/><b>Classe WRB:</b> Gleyic Arenosols<br/><b>Código de solo:</b> ARg<br/><b>Província:</b> 29<br/><b>Cor cartográfica do ponto:</b> Amarelo<br/><b>Fonte:</b> Derivado da camada Solos_Angola; posição sistemática nova; fora da mancha vermelha<br/><b>Longitude:</b> 21.661111<br/><b>Latitude:</b> -13.204032]]></description>
<Point>
<coordinates>21.66111073,-13.20403162,0</coordinates>
</Point>
</Placemark>
<Placemark>
<name>Amarelo | Gleyic Arenosols</name>
<styleUrl>#style_Amarelo</styleUrl>
<description><![CDATA[<b>ID:</b> CTRL_NV_0670<br/><b>Classificação:</b> NÃO VERMELHO – controle cartográfico<br/><b>Classe WRB:</b> Gleyic Arenosols<br/><b>Código de solo:</b> ARg<br/><b>Província:</b> 29<br/><b>Cor cartográfica do ponto:</b> Amarelo<br/><b>Fonte:</b> Derivado da camada Solos_Angola; posição sistemática nova; fora da mancha vermelha<br/><b>Longitude:</b> 21.661111<br/><b>Latitude:</b> -13.043166]]></description>
<Point>
<coordinates>21.66111073,-13.04316572,0</coordinates>
</Point>
</Placemark>
<Placemark>
<name>Amarelo | Gleyic Arenosols</name>
<styleUrl>#style_Amarelo</styleUrl>
<description><![CDATA[<b>ID:</b> CTRL_NV_0671<br/><b>Classificação:</b> NÃO VERMELHO – controle cartográfico<br/><b>Classe WRB:</b> Gleyic Arenosols<br/><b>Código de solo:</b> ARg<br/><b>Província:</b> 29<br/><b>Cor cartográfica do ponto:</b> Amarelo<br/><b>Fonte:</b> Derivado da camada Solos_Angola; posição sistemática nova; fora da mancha vermelha<br/><b>Longitude:</b> 21.661111<br/><b>Latitude:</b> -12.882402]]></description>
<Point>
<coordinates>21.66111073,-12.88240173,0</coordinates>
</Point>
</Placemark>
<Placemark>
<name>Amarelo | Gleyic Arenosols</name>
<styleUrl>#style_Amarelo</styleUrl>
<description><![CDATA[<b>ID:</b> CTRL_NV_0672<br/><b>Classificação:</b> NÃO VERMELHO – controle cartográfico<br/><b>Classe WRB:</b> Gleyic Arenosols<br/><b>Código de solo:</b> ARg<br/><b>Província:</b> 29<br/><b>Cor cartográfica do ponto:</b> Amarelo<br/><b>Fonte:</b> Derivado da camada Solos_Angola; posição sistemática nova; fora da mancha vermelha<br/><b>Longitude:</b> 21.661111<br/><b>Latitude:</b> -12.721738]]></description>
<Point>
<coordinates>21.66111073,-12.72173821,0</coordinates>
</Point>
</Placemark>
<Placemark>
<name>Amarelo | Gleyic Arenosols</name>
<styleUrl>#style_Amarelo</styleUrl>
<description><![CDATA[<b>ID:</b> CTRL_NV_0673<br/><b>Classificação:</b> NÃO VERMELHO – controle cartográfico<br/><b>Classe WRB:</b> Gleyic Arenosols<br/><b>Código de solo:</b> ARg<br/><b>Província:</b> 29<br/><b>Cor cartográfica do ponto:</b> Amarelo<br/><b>Fonte:</b> Derivado da camada Solos_Angola; posição sistemática nova; fora da mancha vermelha<br/><b>Longitude:</b> 21.661111<br/><b>Latitude:</b> -12.561174]]></description>
<Point>
<coordinates>21.66111073,-12.56117375,0</coordinates>
</Point>
</Placemark>
<Placemark>
<name>Amarelo | Gleyic Arenosols</name>
<styleUrl>#style_Amarelo</styleUrl>
<description><![CDATA[<b>ID:</b> CTRL_NV_0674<br/><b>Classificação:</b> NÃO VERMELHO – controle cartográfico<br/><b>Classe WRB:</b> Gleyic Arenosols<br/><b>Código de solo:</b> ARg<br/><b>Província:</b> 29<br/><b>Cor cartográfica do ponto:</b> Amarelo<br/><b>Fonte:</b> Derivado da camada Solos_Angola; posição sistemática nova; fora da mancha vermelha<br/><b>Longitude:</b> 21.661111<br/><b>Latitude:</b> -12.400707]]></description>
<Point>
<coordinates>21.66111073,-12.40070693,0</coordinates>
</Point>
</Placemark>
<Placemark>
<name>Amarelo | Gleyic Arenosols</name>
<styleUrl>#style_Amarelo</styleUrl>
<description><![CDATA[<b>ID:</b> CTRL_NV_0675<br/><b>Classificação:</b> NÃO VERMELHO – controle cartográfico<br/><b>Classe WRB:</b> Gleyic Arenosols<br/><b>Código de solo:</b> ARg<br/><b>Província:</b> 29<br/><b>Cor cartográfica do ponto:</b> Amarelo<br/><b>Fonte:</b> Derivado da camada Solos_Angola; posição sistemática nova; fora da mancha vermelha<br/><b>Longitude:</b> 21.661111<br/><b>Latitude:</b> -12.240336]]></description>
<Point>
<coordinates>21.66111073,-12.24033634,0</coordinates>
</Point>
</Placemark>
<Placemark>
<name>Amarelo | Gleyic Arenosols</name>
<styleUrl>#style_Amarelo</styleUrl>
<description><![CDATA[<b>ID:</b> CTRL_NV_0676<br/><b>Classificação:</b> NÃO VERMELHO – controle cartográfico<br/><b>Classe WRB:</b> Gleyic Arenosols<br/><b>Código de solo:</b> ARg<br/><b>Província:</b> 29<br/><b>Cor cartográfica do ponto:</b> Amarelo<br/><b>Fonte:</b> Derivado da camada Solos_Angola; posição sistemática nova; fora da mancha vermelha<br/><b>Longitude:</b> 21.661111<br/><b>Latitude:</b> -12.080061]]></description>
<Point>
<coordinates>21.66111073,-12.08006059,0</coordinates>
</Point>
</Placemark>
<Placemark>
<name>Amarelo | Gleyic Arenosols</name>
<styleUrl>#style_Amarelo</styleUrl>
<description><![CDATA[<b>ID:</b> CTRL_NV_0677<br/><b>Classificação:</b> NÃO VERMELHO – controle cartográfico<br/><b>Classe WRB:</b> Gleyic Arenosols<br/><b>Código de solo:</b> ARg<br/><b>Província:</b> 29<br/><b>Cor cartográfica do ponto:</b> Amarelo<br/><b>Fonte:</b> Derivado da camada Solos_Angola; posição sistemática nova; fora da mancha vermelha<br/><b>Longitude:</b> 21.661111<br/><b>Latitude:</b> -11.919878]]></description>
<Point>
<coordinates>21.66111073,-11.91987828,0</coordinates>
</Point>
</Placemark>
<Placemark>
<name>Amarelo | Gleyic Arenosols</name>
<styleUrl>#style_Amarelo</styleUrl>
<description><![CDATA[<b>ID:</b> CTRL_NV_0678<br/><b>Classificação:</b> NÃO VERMELHO – controle cartográfico<br/><b>Classe WRB:</b> Gleyic Arenosols<br/><b>Código de solo:</b> ARg<br/><b>Província:</b> 29<br/><b>Cor cartográfica do ponto:</b> Amarelo<br/><b>Fonte:</b> Derivado da camada Solos_Angola; posição sistemática nova; fora da mancha vermelha<br/><b>Longitude:</b> 21.661111<br/><b>Latitude:</b> -11.759788]]></description>
<Point>
<coordinates>21.66111073,-11.75978803,0</coordinates>
</Point>
</Placemark>
<Placemark>
<name>Amarelo | Gleyic Arenosols</name>
<styleUrl>#style_Amarelo</styleUrl>
<description><![CDATA[<b>ID:</b> CTRL_NV_0679<br/><b>Classificação:</b> NÃO VERMELHO – controle cartográfico<br/><b>Classe WRB:</b> Gleyic Arenosols<br/><b>Código de solo:</b> ARg<br/><b>Província:</b> 29<br/><b>Cor cartográfica do ponto:</b> Amarelo<br/><b>Fonte:</b> Derivado da camada Solos_Angola; posição sistemática nova; fora da mancha vermelha<br/><b>Longitude:</b> 21.661111<br/><b>Latitude:</b> -11.599788]]></description>
<Point>
<coordinates>21.66111073,-11.59978845,0</coordinates>
</Point>
</Placemark>
<Placemark>
<name>Amarelo | Gleyic Arenosols</name>
<styleUrl>#style_Amarelo</styleUrl>
<description><![CDATA[<b>ID:</b> CTRL_NV_0680<br/><b>Classificação:</b> NÃO VERMELHO – controle cartográfico<br/><b>Classe WRB:</b> Gleyic Arenosols<br/><b>Código de solo:</b> ARg<br/><b>Província:</b> 29<br/><b>Cor cartográfica do ponto:</b> Amarelo<br/><b>Fonte:</b> Derivado da camada Solos_Angola; posição sistemática nova; fora da mancha vermelha<br/><b>Longitude:</b> 21.661111<br/><b>Latitude:</b> -11.439878]]></description>
<Point>
<coordinates>21.66111073,-11.43987818,0</coordinates>
</Point>
</Placemark>
<Placemark>
<name>Amarelo | Gleyic Arenosols</name>
<styleUrl>#style_Amarelo</styleUrl>
<description><![CDATA[<b>ID:</b> CTRL_NV_0681<br/><b>Classificação:</b> NÃO VERMELHO – controle cartográfico<br/><b>Classe WRB:</b> Gleyic Arenosols<br/><b>Código de solo:</b> ARg<br/><b>Província:</b> 29<br/><b>Cor cartográfica do ponto:</b> Amarelo<br/><b>Fonte:</b> Derivado da camada Solos_Angola; posição sistemática nova; fora da mancha vermelha<br/><b>Longitude:</b> 21.661111<br/><b>Latitude:</b> -11.280056]]></description>
<Point>
<coordinates>21.66111073,-11.28005586,0</coordinates>
</Point>
</Placemark>
<Placemark>
<name>Amarelo | Dystric Arenosols</name>
<styleUrl>#style_Amarelo</styleUrl>
<description><![CDATA[<b>ID:</b> CTRL_NV_0682<br/><b>Classificação:</b> NÃO VERMELHO – controle cartográfico<br/><b>Classe WRB:</b> Dystric Arenosols<br/><b>Código de solo:</b> ARh<br/><b>Província:</b> 30<br/><b>Cor cartográfica do ponto:</b> Amarelo<br/><b>Fonte:</b> Derivado da camada Solos_Angola; posição sistemática nova; fora da mancha vermelha<br/><b>Longitude:</b> 21.868394<br/><b>Latitude:</b> -17.920210]]></description>
<Point>
<coordinates>21.86839408,-17.92021012,0</coordinates>
</Point>
</Placemark>
<Placemark>
<name>Amarelo | Dystric Arenosols</name>
<styleUrl>#style_Amarelo</styleUrl>
<description><![CDATA[<b>ID:</b> CTRL_NV_0683<br/><b>Classificação:</b> NÃO VERMELHO – controle cartográfico<br/><b>Classe WRB:</b> Dystric Arenosols<br/><b>Código de solo:</b> ARh<br/><b>Província:</b> 30<br/><b>Cor cartográfica do ponto:</b> Amarelo<br/><b>Fonte:</b> Derivado da camada Solos_Angola; posição sistemática nova; fora da mancha vermelha<br/><b>Longitude:</b> 21.868394<br/><b>Latitude:</b> -17.755727]]></description>
<Point>
<coordinates>21.86839408,-17.75572707,0</coordinates>
</Point>
</Placemark>
<Placemark>
<name>Amarelo | Dystric Arenosols</name>
<styleUrl>#style_Amarelo</styleUrl>
<description><![CDATA[<b>ID:</b> CTRL_NV_0684<br/><b>Classificação:</b> NÃO VERMELHO – controle cartográfico<br/><b>Classe WRB:</b> Dystric Arenosols<br/><b>Código de solo:</b> ARh<br/><b>Província:</b> 30<br/><b>Cor cartográfica do ponto:</b> Amarelo<br/><b>Fonte:</b> Derivado da camada Solos_Angola; posição sistemática nova; fora da mancha vermelha<br/><b>Longitude:</b> 21.868394<br/><b>Latitude:</b> -17.591391]]></description>
<Point>
<coordinates>21.86839408,-17.59139143,0</coordinates>
</Point>
</Placemark>
<Placemark>
<name>Amarelo | Gleyic Arenosols</name>
<styleUrl>#style_Amarelo</styleUrl>
<description><![CDATA[<b>ID:</b> CTRL_NV_0685<br/><b>Classificação:</b> NÃO VERMELHO – controle cartográfico<br/><b>Classe WRB:</b> Gleyic Arenosols<br/><b>Código de solo:</b> ARg<br/><b>Província:</b> 30<br/><b>Cor cartográfica do ponto:</b> Amarelo<br/><b>Fonte:</b> Derivado da camada Solos_Angola; posição sistemática nova; fora da mancha vermelha<br/><b>Longitude:</b> 21.868394<br/><b>Latitude:</b> -17.427201]]></description>
<Point>
<coordinates>21.86839408,-17.42720146,0</coordinates>
</Point>
</Placemark>
<Placemark>
<name>Amarelo | Gleyic Arenosols</name>
<styleUrl>#style_Amarelo</styleUrl>
<description><![CDATA[<b>ID:</b> CTRL_NV_0686<br/><b>Classificação:</b> NÃO VERMELHO – controle cartográfico<br/><b>Classe WRB:</b> Gleyic Arenosols<br/><b>Código de solo:</b> ARg<br/><b>Província:</b> 30<br/><b>Cor cartográfica do ponto:</b> Amarelo<br/><b>Fonte:</b> Derivado da camada Solos_Angola; posição sistemática nova; fora da mancha vermelha<br/><b>Longitude:</b> 21.868394<br/><b>Latitude:</b> -17.263155]]></description>
<Point>
<coordinates>21.86839408,-17.26315545,0</coordinates>
</Point>
</Placemark>
<Placemark>
<name>Amarelo | Gleyic Arenosols</name>
<styleUrl>#style_Amarelo</styleUrl>
<description><![CDATA[<b>ID:</b> CTRL_NV_0687<br/><b>Classificação:</b> NÃO VERMELHO – controle cartográfico<br/><b>Classe WRB:</b> Gleyic Arenosols<br/><b>Código de solo:</b> ARg<br/><b>Província:</b> 30<br/><b>Cor cartográfica do ponto:</b> Amarelo<br/><b>Fonte:</b> Derivado da camada Solos_Angola; posição sistemática nova; fora da mancha vermelha<br/><b>Longitude:</b> 21.868394<br/><b>Latitude:</b> -16.935489]]></description>
<Point>
<coordinates>21.86839408,-16.93548857,0</coordinates>
</Point>
</Placemark>
<Placemark>
<name>Amarelo | Gleyic Arenosols</name>
<styleUrl>#style_Amarelo</styleUrl>
<description><![CDATA[<b>ID:</b> CTRL_NV_0688<br/><b>Classificação:</b> NÃO VERMELHO – controle cartográfico<br/><b>Classe WRB:</b> Gleyic Arenosols<br/><b>Código de solo:</b> ARg<br/><b>Província:</b> 30<br/><b>Cor cartográfica do ponto:</b> Amarelo<br/><b>Fonte:</b> Derivado da camada Solos_Angola; posição sistemática nova; fora da mancha vermelha<br/><b>Longitude:</b> 21.868394<br/><b>Latitude:</b> -16.771864]]></description>
<Point>
<coordinates>21.86839408,-16.77186434,0</coordinates>
</Point>
</Placemark>
<Placemark>
<name>Amarelo | Gleyic Arenosols</name>
<styleUrl>#style_Amarelo</styleUrl>
<description><![CDATA[<b>ID:</b> CTRL_NV_0689<br/><b>Classificação:</b> NÃO VERMELHO – controle cartográfico<br/><b>Classe WRB:</b> Gleyic Arenosols<br/><b>Código de solo:</b> ARg<br/><b>Província:</b> 30<br/><b>Cor cartográfica do ponto:</b> Amarelo<br/><b>Fonte:</b> Derivado da camada Solos_Angola; posição sistemática nova; fora da mancha vermelha<br/><b>Longitude:</b> 21.868394<br/><b>Latitude:</b> -16.608377]]></description>
<Point>
<coordinates>21.86839408,-16.60837736,0</coordinates>
</Point>
</Placemark>
<Placemark>
<name>Amarelo | Gleyic Arenosols</name>
<styleUrl>#style_Amarelo</styleUrl>
<description><![CDATA[<b>ID:</b> CTRL_NV_0690<br/><b>Classificação:</b> NÃO VERMELHO – controle cartográfico<br/><b>Classe WRB:</b> Gleyic Arenosols<br/><b>Código de solo:</b> ARg<br/><b>Província:</b> 30<br/><b>Cor cartográfica do ponto:</b> Amarelo<br/><b>Fonte:</b> Derivado da camada Solos_Angola; posição sistemática nova; fora da mancha vermelha<br/><b>Longitude:</b> 21.868394<br/><b>Latitude:</b> -16.445026]]></description>
<Point>
<coordinates>21.86839408,-16.44502599,0</coordinates>
</Point>
</Placemark>
<Placemark>
<name>Amarelo | Gleyic Arenosols</name>
<styleUrl>#style_Amarelo</styleUrl>
<description><![CDATA[<b>ID:</b> CTRL_NV_0691<br/><b>Classificação:</b> NÃO VERMELHO – controle cartográfico<br/><b>Classe WRB:</b> Gleyic Arenosols<br/><b>Código de solo:</b> ARg<br/><b>Província:</b> 30<br/><b>Cor cartográfica do ponto:</b> Amarelo<br/><b>Fonte:</b> Derivado da camada Solos_Angola; posição sistemática nova; fora da mancha vermelha<br/><b>Longitude:</b> 21.868394<br/><b>Latitude:</b> -16.281809]]></description>
<Point>
<coordinates>21.86839408,-16.28180859,0</coordinates>
</Point>
</Placemark>
<Placemark>
<name>Amarelo | Gleyic Arenosols</name>
<styleUrl>#style_Amarelo</styleUrl>
<description><![CDATA[<b>ID:</b> CTRL_NV_0692<br/><b>Classificação:</b> NÃO VERMELHO – controle cartográfico<br/><b>Classe WRB:</b> Gleyic Arenosols<br/><b>Código de solo:</b> ARg<br/><b>Província:</b> 20<br/><b>Cor cartográfica do ponto:</b> Amarelo<br/><b>Fonte:</b> Derivado da camada Solos_Angola; posição sistemática nova; fora da mancha vermelha<br/><b>Longitude:</b> 21.868394<br/><b>Latitude:</b> -15.955769]]></description>
<Point>
<coordinates>21.86839408,-15.95576919,0</coordinates>
</Point>
</Placemark>
<Placemark>
<name>Amarelo | Gleyic Arenosols</name>
<styleUrl>#style_Amarelo</styleUrl>
<description><![CDATA[<b>ID:</b> CTRL_NV_0693<br/><b>Classificação:</b> NÃO VERMELHO – controle cartográfico<br/><b>Classe WRB:</b> Gleyic Arenosols<br/><b>Código de solo:</b> ARg<br/><b>Província:</b> 20<br/><b>Cor cartográfica do ponto:</b> Amarelo<br/><b>Fonte:</b> Derivado da camada Solos_Angola; posição sistemática nova; fora da mancha vermelha<br/><b>Longitude:</b> 21.868394<br/><b>Latitude:</b> -15.792944]]></description>
<Point>
<coordinates>21.86839408,-15.79294398,0</coordinates>
</Point>
</Placemark>
<Placemark>
<name>Amarelo | Gleyic Arenosols</name>
<styleUrl>#style_Amarelo</styleUrl>
<description><![CDATA[<b>ID:</b> CTRL_NV_0694<br/><b>Classificação:</b> NÃO VERMELHO – controle cartográfico<br/><b>Classe WRB:</b> Gleyic Arenosols<br/><b>Código de solo:</b> ARg<br/><b>Província:</b> 20<br/><b>Cor cartográfica do ponto:</b> Amarelo<br/><b>Fonte:</b> Derivado da camada Solos_Angola; posição sistemática nova; fora da mancha vermelha<br/><b>Longitude:</b> 21.868394<br/><b>Latitude:</b> -15.630246]]></description>
<Point>
<coordinates>21.86839408,-15.63024630,0</coordinates>
</Point>
</Placemark>
<Placemark>
<name>Amarelo | Gleyic Arenosols</name>
<styleUrl>#style_Amarelo</styleUrl>
<description><![CDATA[<b>ID:</b> CTRL_NV_0695<br/><b>Classificação:</b> NÃO VERMELHO – controle cartográfico<br/><b>Classe WRB:</b> Gleyic Arenosols<br/><b>Código de solo:</b> ARg<br/><b>Província:</b> 20<br/><b>Cor cartográfica do ponto:</b> Amarelo<br/><b>Fonte:</b> Derivado da camada Solos_Angola; posição sistemática nova; fora da mancha vermelha<br/><b>Longitude:</b> 21.868394<br/><b>Latitude:</b> -15.467675]]></description>
<Point>
<coordinates>21.86839408,-15.46767457,0</coordinates>
</Point>
</Placemark>
<Placemark>
<name>Amarelo | Gleyic Arenosols</name>
<styleUrl>#style_Amarelo</styleUrl>
<description><![CDATA[<b>ID:</b> CTRL_NV_0696<br/><b>Classificação:</b> NÃO VERMELHO – controle cartográfico<br/><b>Classe WRB:</b> Gleyic Arenosols<br/><b>Código de solo:</b> ARg<br/><b>Província:</b> 20<br/><b>Cor cartográfica do ponto:</b> Amarelo<br/><b>Fonte:</b> Derivado da camada Solos_Angola; posição sistemática nova; fora da mancha vermelha<br/><b>Longitude:</b> 21.868394<br/><b>Latitude:</b> -15.305227]]></description>
<Point>
<coordinates>21.86839408,-15.30522721,0</coordinates>
</Point>
</Placemark>
<Placemark>
<name>Amarelo | Gleyic Arenosols</name>
<styleUrl>#style_Amarelo</styleUrl>
<description><![CDATA[<b>ID:</b> CTRL_NV_0697<br/><b>Classificação:</b> NÃO VERMELHO – controle cartográfico<br/><b>Classe WRB:</b> Gleyic Arenosols<br/><b>Código de solo:</b> ARg<br/><b>Província:</b> 20<br/><b>Cor cartográfica do ponto:</b> Amarelo<br/><b>Fonte:</b> Derivado da camada Solos_Angola; posição sistemática nova; fora da mancha vermelha<br/><b>Longitude:</b> 21.868394<br/><b>Latitude:</b> -15.142903]]></description>
<Point>
<coordinates>21.86839408,-15.14290266,0</coordinates>
</Point>
</Placemark>
<Placemark>
<name>Amarelo | Gleyic Arenosols</name>
<styleUrl>#style_Amarelo</styleUrl>
<description><![CDATA[<b>ID:</b> CTRL_NV_0698<br/><b>Classificação:</b> NÃO VERMELHO – controle cartográfico<br/><b>Classe WRB:</b> Gleyic Arenosols<br/><b>Código de solo:</b> ARg<br/><b>Província:</b> 20<br/><b>Cor cartográfica do ponto:</b> Amarelo<br/><b>Fonte:</b> Derivado da camada Solos_Angola; posição sistemática nova; fora da mancha vermelha<br/><b>Longitude:</b> 21.868394<br/><b>Latitude:</b> -14.980699]]></description>
<Point>
<coordinates>21.86839408,-14.98069937,0</coordinates>
</Point>
</Placemark>
<Placemark>
<name>Amarelo | Dystric Arenosols</name>
<styleUrl>#style_Amarelo</styleUrl>
<description><![CDATA[<b>ID:</b> CTRL_NV_0699<br/><b>Classificação:</b> NÃO VERMELHO – controle cartográfico<br/><b>Classe WRB:</b> Dystric Arenosols<br/><b>Código de solo:</b> ARh<br/><b>Província:</b> 20<br/><b>Cor cartográfica do ponto:</b> Amarelo<br/><b>Fonte:</b> Derivado da camada Solos_Angola; posição sistemática nova; fora da mancha vermelha<br/><b>Longitude:</b> 21.868394<br/><b>Latitude:</b> -14.818616]]></description>
<Point>
<coordinates>21.86839408,-14.81861580,0</coordinates>
</Point>
</Placemark>
<Placemark>
<name>Amarelo | Gleyic Arenosols</name>
<styleUrl>#style_Amarelo</styleUrl>
<description><![CDATA[<b>ID:</b> CTRL_NV_0700<br/><b>Classificação:</b> NÃO VERMELHO – controle cartográfico<br/><b>Classe WRB:</b> Gleyic Arenosols<br/><b>Código de solo:</b> ARg<br/><b>Província:</b> 20<br/><b>Cor cartográfica do ponto:</b> Amarelo<br/><b>Fonte:</b> Derivado da camada Solos_Angola; posição sistemática nova; fora da mancha vermelha<br/><b>Longitude:</b> 21.868394<br/><b>Latitude:</b> -14.656650]]></description>
<Point>
<coordinates>21.86839408,-14.65665041,0</coordinates>
</Point>
</Placemark>
<Placemark>
<name>Amarelo | Gleyic Arenosols</name>
<styleUrl>#style_Amarelo</styleUrl>
<description><![CDATA[<b>ID:</b> CTRL_NV_0701<br/><b>Classificação:</b> NÃO VERMELHO – controle cartográfico<br/><b>Classe WRB:</b> Gleyic Arenosols<br/><b>Código de solo:</b> ARg<br/><b>Província:</b> 20<br/><b>Cor cartográfica do ponto:</b> Amarelo<br/><b>Fonte:</b> Derivado da camada Solos_Angola; posição sistemática nova; fora da mancha vermelha<br/><b>Longitude:</b> 21.868394<br/><b>Latitude:</b> -14.494802]]></description>
<Point>
<coordinates>21.86839408,-14.49480167,0</coordinates>
</Point>
</Placemark>
<Placemark>
<name>Amarelo | Gleyic Arenosols</name>
<styleUrl>#style_Amarelo</styleUrl>
<description><![CDATA[<b>ID:</b> CTRL_NV_0702<br/><b>Classificação:</b> NÃO VERMELHO – controle cartográfico<br/><b>Classe WRB:</b> Gleyic Arenosols<br/><b>Código de solo:</b> ARg<br/><b>Província:</b> 20<br/><b>Cor cartográfica do ponto:</b> Amarelo<br/><b>Fonte:</b> Derivado da camada Solos_Angola; posição sistemática nova; fora da mancha vermelha<br/><b>Longitude:</b> 21.868394<br/><b>Latitude:</b> -14.333068]]></description>
<Point>
<coordinates>21.86839408,-14.33306808,0</coordinates>
</Point>
</Placemark>
<Placemark>
<name>Amarelo | Dystric Arenosols</name>
<styleUrl>#style_Amarelo</styleUrl>
<description><![CDATA[<b>ID:</b> CTRL_NV_0703<br/><b>Classificação:</b> NÃO VERMELHO – controle cartográfico<br/><b>Classe WRB:</b> Dystric Arenosols<br/><b>Código de solo:</b> ARh<br/><b>Província:</b> 20<br/><b>Cor cartográfica do ponto:</b> Amarelo<br/><b>Fonte:</b> Derivado da camada Solos_Angola; posição sistemática nova; fora da mancha vermelha<br/><b>Longitude:</b> 21.868394<br/><b>Latitude:</b> -14.171448]]></description>
<Point>
<coordinates>21.86839408,-14.17144813,0</coordinates>
</Point>
</Placemark>
<Placemark>
<name>Amarelo | Dystric Arenosols</name>
<styleUrl>#style_Amarelo</styleUrl>
<description><![CDATA[<b>ID:</b> CTRL_NV_0704<br/><b>Classificação:</b> NÃO VERMELHO – controle cartográfico<br/><b>Classe WRB:</b> Dystric Arenosols<br/><b>Código de solo:</b> ARh<br/><b>Província:</b> 20<br/><b>Cor cartográfica do ponto:</b> Amarelo<br/><b>Fonte:</b> Derivado da camada Solos_Angola; posição sistemática nova; fora da mancha vermelha<br/><b>Longitude:</b> 21.868394<br/><b>Latitude:</b> -14.009940]]></description>
<Point>
<coordinates>21.86839408,-14.00994031,0</coordinates>
</Point>
</Placemark>
<Placemark>
<name>Amarelo | Gleyic Arenosols</name>
<styleUrl>#style_Amarelo</styleUrl>
<description><![CDATA[<b>ID:</b> CTRL_NV_0705<br/><b>Classificação:</b> NÃO VERMELHO – controle cartográfico<br/><b>Classe WRB:</b> Gleyic Arenosols<br/><b>Código de solo:</b> ARg<br/><b>Província:</b> 20<br/><b>Cor cartográfica do ponto:</b> Amarelo<br/><b>Fonte:</b> Derivado da camada Solos_Angola; posição sistemática nova; fora da mancha vermelha<br/><b>Longitude:</b> 21.868394<br/><b>Latitude:</b> -13.848543]]></description>
<Point>
<coordinates>21.86839408,-13.84854316,0</coordinates>
</Point>
</Placemark>
<Placemark>
<name>Amarelo | Gleyic Arenosols</name>
<styleUrl>#style_Amarelo</styleUrl>
<description><![CDATA[<b>ID:</b> CTRL_NV_0706<br/><b>Classificação:</b> NÃO VERMELHO – controle cartográfico<br/><b>Classe WRB:</b> Gleyic Arenosols<br/><b>Código de solo:</b> ARg<br/><b>Província:</b> 20<br/><b>Cor cartográfica do ponto:</b> Amarelo<br/><b>Fonte:</b> Derivado da camada Solos_Angola; posição sistemática nova; fora da mancha vermelha<br/><b>Longitude:</b> 21.868394<br/><b>Latitude:</b> -13.687255]]></description>
<Point>
<coordinates>21.86839408,-13.68725517,0</coordinates>
</Point>
</Placemark>
<Placemark>
<name>Amarelo | Gleyic Arenosols</name>
<styleUrl>#style_Amarelo</styleUrl>
<description><![CDATA[<b>ID:</b> CTRL_NV_0707<br/><b>Classificação:</b> NÃO VERMELHO – controle cartográfico<br/><b>Classe WRB:</b> Gleyic Arenosols<br/><b>Código de solo:</b> ARg<br/><b>Província:</b> 20<br/><b>Cor cartográfica do ponto:</b> Amarelo<br/><b>Fonte:</b> Derivado da camada Solos_Angola; posição sistemática nova; fora da mancha vermelha<br/><b>Longitude:</b> 21.868394<br/><b>Latitude:</b> -13.526075]]></description>
<Point>
<coordinates>21.86839408,-13.52607490,0</coordinates>
</Point>
</Placemark>
<Placemark>
<name>Amarelo | Gleyic Arenosols</name>
<styleUrl>#style_Amarelo</styleUrl>
<description><![CDATA[<b>ID:</b> CTRL_NV_0708<br/><b>Classificação:</b> NÃO VERMELHO – controle cartográfico<br/><b>Classe WRB:</b> Gleyic Arenosols<br/><b>Código de solo:</b> ARg<br/><b>Província:</b> 20<br/><b>Cor cartográfica do ponto:</b> Amarelo<br/><b>Fonte:</b> Derivado da camada Solos_Angola; posição sistemática nova; fora da mancha vermelha<br/><b>Longitude:</b> 21.868394<br/><b>Latitude:</b> -13.365001]]></description>
<Point>
<coordinates>21.86839408,-13.36500086,0</coordinates>
</Point>
</Placemark>
<Placemark>
<name>Amarelo | Gleyic Arenosols</name>
<styleUrl>#style_Amarelo</styleUrl>
<description><![CDATA[<b>ID:</b> CTRL_NV_0709<br/><b>Classificação:</b> NÃO VERMELHO – controle cartográfico<br/><b>Classe WRB:</b> Gleyic Arenosols<br/><b>Código de solo:</b> ARg<br/><b>Província:</b> 29<br/><b>Cor cartográfica do ponto:</b> Amarelo<br/><b>Fonte:</b> Derivado da camada Solos_Angola; posição sistemática nova; fora da mancha vermelha<br/><b>Longitude:</b> 21.868394<br/><b>Latitude:</b> -13.204032]]></description>
<Point>
<coordinates>21.86839408,-13.20403162,0</coordinates>
</Point>
</Placemark>
<Placemark>
<name>Amarelo | Gleyic Arenosols</name>
<styleUrl>#style_Amarelo</styleUrl>
<description><![CDATA[<b>ID:</b> CTRL_NV_0710<br/><b>Classificação:</b> NÃO VERMELHO – controle cartográfico<br/><b>Classe WRB:</b> Gleyic Arenosols<br/><b>Código de solo:</b> ARg<br/><b>Província:</b> 29<br/><b>Cor cartográfica do ponto:</b> Amarelo<br/><b>Fonte:</b> Derivado da camada Solos_Angola; posição sistemática nova; fora da mancha vermelha<br/><b>Longitude:</b> 21.868394<br/><b>Latitude:</b> -13.043166]]></description>
<Point>
<coordinates>21.86839408,-13.04316572,0</coordinates>
</Point>
</Placemark>
<Placemark>
<name>Amarelo | Gleyic Arenosols</name>
<styleUrl>#style_Amarelo</styleUrl>
<description><![CDATA[<b>ID:</b> CTRL_NV_0711<br/><b>Classificação:</b> NÃO VERMELHO – controle cartográfico<br/><b>Classe WRB:</b> Gleyic Arenosols<br/><b>Código de solo:</b> ARg<br/><b>Província:</b> 29<br/><b>Cor cartográfica do ponto:</b> Amarelo<br/><b>Fonte:</b> Derivado da camada Solos_Angola; posição sistemática nova; fora da mancha vermelha<br/><b>Longitude:</b> 21.868394<br/><b>Latitude:</b> -12.882402]]></description>
<Point>
<coordinates>21.86839408,-12.88240173,0</coordinates>
</Point>
</Placemark>
<Placemark>
<name>Amarelo | Gleyic Arenosols</name>
<styleUrl>#style_Amarelo</styleUrl>
<description><![CDATA[<b>ID:</b> CTRL_NV_0712<br/><b>Classificação:</b> NÃO VERMELHO – controle cartográfico<br/><b>Classe WRB:</b> Gleyic Arenosols<br/><b>Código de solo:</b> ARg<br/><b>Província:</b> 29<br/><b>Cor cartográfica do ponto:</b> Amarelo<br/><b>Fonte:</b> Derivado da camada Solos_Angola; posição sistemática nova; fora da mancha vermelha<br/><b>Longitude:</b> 21.868394<br/><b>Latitude:</b> -12.721738]]></description>
<Point>
<coordinates>21.86839408,-12.72173821,0</coordinates>
</Point>
</Placemark>
<Placemark>
<name>Amarelo | Gleyic Arenosols</name>
<styleUrl>#style_Amarelo</styleUrl>
<description><![CDATA[<b>ID:</b> CTRL_NV_0713<br/><b>Classificação:</b> NÃO VERMELHO – controle cartográfico<br/><b>Classe WRB:</b> Gleyic Arenosols<br/><b>Código de solo:</b> ARg<br/><b>Província:</b> 29<br/><b>Cor cartográfica do ponto:</b> Amarelo<br/><b>Fonte:</b> Derivado da camada Solos_Angola; posição sistemática nova; fora da mancha vermelha<br/><b>Longitude:</b> 21.868394<br/><b>Latitude:</b> -12.561174]]></description>
<Point>
<coordinates>21.86839408,-12.56117375,0</coordinates>
</Point>
</Placemark>
<Placemark>
<name>Amarelo | Gleyic Arenosols</name>
<styleUrl>#style_Amarelo</styleUrl>
<description><![CDATA[<b>ID:</b> CTRL_NV_0714<br/><b>Classificação:</b> NÃO VERMELHO – controle cartográfico<br/><b>Classe WRB:</b> Gleyic Arenosols<br/><b>Código de solo:</b> ARg<br/><b>Província:</b> 29<br/><b>Cor cartográfica do ponto:</b> Amarelo<br/><b>Fonte:</b> Derivado da camada Solos_Angola; posição sistemática nova; fora da mancha vermelha<br/><b>Longitude:</b> 21.868394<br/><b>Latitude:</b> -12.400707]]></description>
<Point>
<coordinates>21.86839408,-12.40070693,0</coordinates>
</Point>
</Placemark>
<Placemark>
<name>Amarelo | Gleyic Arenosols</name>
<styleUrl>#style_Amarelo</styleUrl>
<description><![CDATA[<b>ID:</b> CTRL_NV_0715<br/><b>Classificação:</b> NÃO VERMELHO – controle cartográfico<br/><b>Classe WRB:</b> Gleyic Arenosols<br/><b>Código de solo:</b> ARg<br/><b>Província:</b> 29<br/><b>Cor cartográfica do ponto:</b> Amarelo<br/><b>Fonte:</b> Derivado da camada Solos_Angola; posição sistemática nova; fora da mancha vermelha<br/><b>Longitude:</b> 21.868394<br/><b>Latitude:</b> -12.240336]]></description>
<Point>
<coordinates>21.86839408,-12.24033634,0</coordinates>
</Point>
</Placemark>
<Placemark>
<name>Amarelo | Gleyic Arenosols</name>
<styleUrl>#style_Amarelo</styleUrl>
<description><![CDATA[<b>ID:</b> CTRL_NV_0716<br/><b>Classificação:</b> NÃO VERMELHO – controle cartográfico<br/><b>Classe WRB:</b> Gleyic Arenosols<br/><b>Código de solo:</b> ARg<br/><b>Província:</b> 29<br/><b>Cor cartográfica do ponto:</b> Amarelo<br/><b>Fonte:</b> Derivado da camada Solos_Angola; posição sistemática nova; fora da mancha vermelha<br/><b>Longitude:</b> 21.868394<br/><b>Latitude:</b> -12.080061]]></description>
<Point>
<coordinates>21.86839408,-12.08006059,0</coordinates>
</Point>
</Placemark>
<Placemark>
<name>Amarelo | Gleyic Arenosols</name>
<styleUrl>#style_Amarelo</styleUrl>
<description><![CDATA[<b>ID:</b> CTRL_NV_0717<br/><b>Classificação:</b> NÃO VERMELHO – controle cartográfico<br/><b>Classe WRB:</b> Gleyic Arenosols<br/><b>Código de solo:</b> ARg<br/><b>Província:</b> 29<br/><b>Cor cartográfica do ponto:</b> Amarelo<br/><b>Fonte:</b> Derivado da camada Solos_Angola; posição sistemática nova; fora da mancha vermelha<br/><b>Longitude:</b> 21.868394<br/><b>Latitude:</b> -11.919878]]></description>
<Point>
<coordinates>21.86839408,-11.91987828,0</coordinates>
</Point>
</Placemark>
<Placemark>
<name>Amarelo | Gleyic Arenosols</name>
<styleUrl>#style_Amarelo</styleUrl>
<description><![CDATA[<b>ID:</b> CTRL_NV_0718<br/><b>Classificação:</b> NÃO VERMELHO – controle cartográfico<br/><b>Classe WRB:</b> Gleyic Arenosols<br/><b>Código de solo:</b> ARg<br/><b>Província:</b> 29<br/><b>Cor cartográfica do ponto:</b> Amarelo<br/><b>Fonte:</b> Derivado da camada Solos_Angola; posição sistemática nova; fora da mancha vermelha<br/><b>Longitude:</b> 21.868394<br/><b>Latitude:</b> -11.759788]]></description>
<Point>
<coordinates>21.86839408,-11.75978803,0</coordinates>
</Point>
</Placemark>
<Placemark>
<name>Amarelo | Gleyic Arenosols</name>
<styleUrl>#style_Amarelo</styleUrl>
<description><![CDATA[<b>ID:</b> CTRL_NV_0719<br/><b>Classificação:</b> NÃO VERMELHO – controle cartográfico<br/><b>Classe WRB:</b> Gleyic Arenosols<br/><b>Código de solo:</b> ARg<br/><b>Província:</b> 29<br/><b>Cor cartográfica do ponto:</b> Amarelo<br/><b>Fonte:</b> Derivado da camada Solos_Angola; posição sistemática nova; fora da mancha vermelha<br/><b>Longitude:</b> 21.868394<br/><b>Latitude:</b> -11.599788]]></description>
<Point>
<coordinates>21.86839408,-11.59978845,0</coordinates>
</Point>
</Placemark>
<Placemark>
<name>Amarelo | Gleyic Arenosols</name>
<styleUrl>#style_Amarelo</styleUrl>
<description><![CDATA[<b>ID:</b> CTRL_NV_0720<br/><b>Classificação:</b> NÃO VERMELHO – controle cartográfico<br/><b>Classe WRB:</b> Gleyic Arenosols<br/><b>Código de solo:</b> ARg<br/><b>Província:</b> 29<br/><b>Cor cartográfica do ponto:</b> Amarelo<br/><b>Fonte:</b> Derivado da camada Solos_Angola; posição sistemática nova; fora da mancha vermelha<br/><b>Longitude:</b> 21.868394<br/><b>Latitude:</b> -11.439878]]></description>
<Point>
<coordinates>21.86839408,-11.43987818,0</coordinates>
</Point>
</Placemark>
<Placemark>
<name>Amarelo | Gleyic Arenosols</name>
<styleUrl>#style_Amarelo</styleUrl>
<description><![CDATA[<b>ID:</b> CTRL_NV_0721<br/><b>Classificação:</b> NÃO VERMELHO – controle cartográfico<br/><b>Classe WRB:</b> Gleyic Arenosols<br/><b>Código de solo:</b> ARg<br/><b>Província:</b> 29<br/><b>Cor cartográfica do ponto:</b> Amarelo<br/><b>Fonte:</b> Derivado da camada Solos_Angola; posição sistemática nova; fora da mancha vermelha<br/><b>Longitude:</b> 21.868394<br/><b>Latitude:</b> -11.280056]]></description>
<Point>
<coordinates>21.86839408,-11.28005586,0</coordinates>
</Point>
</Placemark>
<Placemark>
<name>Amarelo | Gleyic Arenosols</name>
<styleUrl>#style_Amarelo</styleUrl>
<description><![CDATA[<b>ID:</b> CTRL_NV_0722<br/><b>Classificação:</b> NÃO VERMELHO – controle cartográfico<br/><b>Classe WRB:</b> Gleyic Arenosols<br/><b>Código de solo:</b> ARg<br/><b>Província:</b> 29<br/><b>Cor cartográfica do ponto:</b> Amarelo<br/><b>Fonte:</b> Derivado da camada Solos_Angola; posição sistemática nova; fora da mancha vermelha<br/><b>Longitude:</b> 21.868394<br/><b>Latitude:</b> -11.120320]]></description>
<Point>
<coordinates>21.86839408,-11.12032011,0</coordinates>
</Point>
</Placemark>
<Placemark>
<name>Amarelo | Dystric Arenosols</name>
<styleUrl>#style_Amarelo</styleUrl>
<description><![CDATA[<b>ID:</b> CTRL_NV_0723<br/><b>Classificação:</b> NÃO VERMELHO – controle cartográfico<br/><b>Classe WRB:</b> Dystric Arenosols<br/><b>Código de solo:</b> ARh<br/><b>Província:</b> 30<br/><b>Cor cartográfica do ponto:</b> Amarelo<br/><b>Fonte:</b> Derivado da camada Solos_Angola; posição sistemática nova; fora da mancha vermelha<br/><b>Longitude:</b> 22.075677<br/><b>Latitude:</b> -17.755727]]></description>
<Point>
<coordinates>22.07567744,-17.75572707,0</coordinates>
</Point>
</Placemark>
<Placemark>
<name>Amarelo | Dystric Arenosols</name>
<styleUrl>#style_Amarelo</styleUrl>
<description><![CDATA[<b>ID:</b> CTRL_NV_0724<br/><b>Classificação:</b> NÃO VERMELHO – controle cartográfico<br/><b>Classe WRB:</b> Dystric Arenosols<br/><b>Código de solo:</b> ARh<br/><b>Província:</b> 30<br/><b>Cor cartográfica do ponto:</b> Amarelo<br/><b>Fonte:</b> Derivado da camada Solos_Angola; posição sistemática nova; fora da mancha vermelha<br/><b>Longitude:</b> 22.075677<br/><b>Latitude:</b> -17.591391]]></description>
<Point>
<coordinates>22.07567744,-17.59139143,0</coordinates>
</Point>
</Placemark>
<Placemark>
<name>Amarelo | Gleyic Arenosols</name>
<styleUrl>#style_Amarelo</styleUrl>
<description><![CDATA[<b>ID:</b> CTRL_NV_0725<br/><b>Classificação:</b> NÃO VERMELHO – controle cartográfico<br/><b>Classe WRB:</b> Gleyic Arenosols<br/><b>Código de solo:</b> ARg<br/><b>Província:</b> 30<br/><b>Cor cartográfica do ponto:</b> Amarelo<br/><b>Fonte:</b> Derivado da camada Solos_Angola; posição sistemática nova; fora da mancha vermelha<br/><b>Longitude:</b> 22.075677<br/><b>Latitude:</b> -17.427201]]></description>
<Point>
<coordinates>22.07567744,-17.42720146,0</coordinates>
</Point>
</Placemark>
<Placemark>
<name>Amarelo | Gleyic Arenosols</name>
<styleUrl>#style_Amarelo</styleUrl>
<description><![CDATA[<b>ID:</b> CTRL_NV_0726<br/><b>Classificação:</b> NÃO VERMELHO – controle cartográfico<br/><b>Classe WRB:</b> Gleyic Arenosols<br/><b>Código de solo:</b> ARg<br/><b>Província:</b> 30<br/><b>Cor cartográfica do ponto:</b> Amarelo<br/><b>Fonte:</b> Derivado da camada Solos_Angola; posição sistemática nova; fora da mancha vermelha<br/><b>Longitude:</b> 22.075677<br/><b>Latitude:</b> -17.263155]]></description>
<Point>
<coordinates>22.07567744,-17.26315545,0</coordinates>
</Point>
</Placemark>
<Placemark>
<name>Amarelo | Gleyic Arenosols</name>
<styleUrl>#style_Amarelo</styleUrl>
<description><![CDATA[<b>ID:</b> CTRL_NV_0727<br/><b>Classificação:</b> NÃO VERMELHO – controle cartográfico<br/><b>Classe WRB:</b> Gleyic Arenosols<br/><b>Código de solo:</b> ARg<br/><b>Província:</b> 30<br/><b>Cor cartográfica do ponto:</b> Amarelo<br/><b>Fonte:</b> Derivado da camada Solos_Angola; posição sistemática nova; fora da mancha vermelha<br/><b>Longitude:</b> 22.075677<br/><b>Latitude:</b> -17.099252]]></description>
<Point>
<coordinates>22.07567744,-17.09925172,0</coordinates>
</Point>
</Placemark>
<Placemark>
<name>Amarelo | Gleyic Arenosols</name>
<styleUrl>#style_Amarelo</styleUrl>
<description><![CDATA[<b>ID:</b> CTRL_NV_0728<br/><b>Classificação:</b> NÃO VERMELHO – controle cartográfico<br/><b>Classe WRB:</b> Gleyic Arenosols<br/><b>Código de solo:</b> ARg<br/><b>Província:</b> 30<br/><b>Cor cartográfica do ponto:</b> Amarelo<br/><b>Fonte:</b> Derivado da camada Solos_Angola; posição sistemática nova; fora da mancha vermelha<br/><b>Longitude:</b> 22.075677<br/><b>Latitude:</b> -16.935489]]></description>
<Point>
<coordinates>22.07567744,-16.93548857,0</coordinates>
</Point>
</Placemark>
<Placemark>
<name>Amarelo | Gleyic Arenosols</name>
<styleUrl>#style_Amarelo</styleUrl>
<description><![CDATA[<b>ID:</b> CTRL_NV_0729<br/><b>Classificação:</b> NÃO VERMELHO – controle cartográfico<br/><b>Classe WRB:</b> Gleyic Arenosols<br/><b>Código de solo:</b> ARg<br/><b>Província:</b> 30<br/><b>Cor cartográfica do ponto:</b> Amarelo<br/><b>Fonte:</b> Derivado da camada Solos_Angola; posição sistemática nova; fora da mancha vermelha<br/><b>Longitude:</b> 22.075677<br/><b>Latitude:</b> -16.771864]]></description>
<Point>
<coordinates>22.07567744,-16.77186434,0</coordinates>
</Point>
</Placemark>
<Placemark>
<name>Amarelo | Gleyic Arenosols</name>
<styleUrl>#style_Amarelo</styleUrl>
<description><![CDATA[<b>ID:</b> CTRL_NV_0730<br/><b>Classificação:</b> NÃO VERMELHO – controle cartográfico<br/><b>Classe WRB:</b> Gleyic Arenosols<br/><b>Código de solo:</b> ARg<br/><b>Província:</b> 30<br/><b>Cor cartográfica do ponto:</b> Amarelo<br/><b>Fonte:</b> Derivado da camada Solos_Angola; posição sistemática nova; fora da mancha vermelha<br/><b>Longitude:</b> 22.075677<br/><b>Latitude:</b> -16.608377]]></description>
<Point>
<coordinates>22.07567744,-16.60837736,0</coordinates>
</Point>
</Placemark>
<Placemark>
<name>Amarelo | Gleyic Arenosols</name>
<styleUrl>#style_Amarelo</styleUrl>
<description><![CDATA[<b>ID:</b> CTRL_NV_0731<br/><b>Classificação:</b> NÃO VERMELHO – controle cartográfico<br/><b>Classe WRB:</b> Gleyic Arenosols<br/><b>Código de solo:</b> ARg<br/><b>Província:</b> 30<br/><b>Cor cartográfica do ponto:</b> Amarelo<br/><b>Fonte:</b> Derivado da camada Solos_Angola; posição sistemática nova; fora da mancha vermelha<br/><b>Longitude:</b> 22.075677<br/><b>Latitude:</b> -16.445026]]></description>
<Point>
<coordinates>22.07567744,-16.44502599,0</coordinates>
</Point>
</Placemark>
<Placemark>
<name>Amarelo | Gleyic Arenosols</name>
<styleUrl>#style_Amarelo</styleUrl>
<description><![CDATA[<b>ID:</b> CTRL_NV_0732<br/><b>Classificação:</b> NÃO VERMELHO – controle cartográfico<br/><b>Classe WRB:</b> Gleyic Arenosols<br/><b>Código de solo:</b> ARg<br/><b>Província:</b> 29<br/><b>Cor cartográfica do ponto:</b> Amarelo<br/><b>Fonte:</b> Derivado da camada Solos_Angola; posição sistemática nova; fora da mancha vermelha<br/><b>Longitude:</b> 22.075677<br/><b>Latitude:</b> -12.882402]]></description>
<Point>
<coordinates>22.07567744,-12.88240173,0</coordinates>
</Point>
</Placemark>
<Placemark>
<name>Amarelo | Gleyic Arenosols</name>
<styleUrl>#style_Amarelo</styleUrl>
<description><![CDATA[<b>ID:</b> CTRL_NV_0733<br/><b>Classificação:</b> NÃO VERMELHO – controle cartográfico<br/><b>Classe WRB:</b> Gleyic Arenosols<br/><b>Código de solo:</b> ARg<br/><b>Província:</b> 29<br/><b>Cor cartográfica do ponto:</b> Amarelo<br/><b>Fonte:</b> Derivado da camada Solos_Angola; posição sistemática nova; fora da mancha vermelha<br/><b>Longitude:</b> 22.075677<br/><b>Latitude:</b> -12.721738]]></description>
<Point>
<coordinates>22.07567744,-12.72173821,0</coordinates>
</Point>
</Placemark>
<Placemark>
<name>Amarelo | Gleyic Arenosols</name>
<styleUrl>#style_Amarelo</styleUrl>
<description><![CDATA[<b>ID:</b> CTRL_NV_0734<br/><b>Classificação:</b> NÃO VERMELHO – controle cartográfico<br/><b>Classe WRB:</b> Gleyic Arenosols<br/><b>Código de solo:</b> ARg<br/><b>Província:</b> 29<br/><b>Cor cartográfica do ponto:</b> Amarelo<br/><b>Fonte:</b> Derivado da camada Solos_Angola; posição sistemática nova; fora da mancha vermelha<br/><b>Longitude:</b> 22.075677<br/><b>Latitude:</b> -12.561174]]></description>
<Point>
<coordinates>22.07567744,-12.56117375,0</coordinates>
</Point>
</Placemark>
<Placemark>
<name>Amarelo | Gleyic Arenosols</name>
<styleUrl>#style_Amarelo</styleUrl>
<description><![CDATA[<b>ID:</b> CTRL_NV_0735<br/><b>Classificação:</b> NÃO VERMELHO – controle cartográfico<br/><b>Classe WRB:</b> Gleyic Arenosols<br/><b>Código de solo:</b> ARg<br/><b>Província:</b> 29<br/><b>Cor cartográfica do ponto:</b> Amarelo<br/><b>Fonte:</b> Derivado da camada Solos_Angola; posição sistemática nova; fora da mancha vermelha<br/><b>Longitude:</b> 22.075677<br/><b>Latitude:</b> -12.400707]]></description>
<Point>
<coordinates>22.07567744,-12.40070693,0</coordinates>
</Point>
</Placemark>
<Placemark>
<name>Amarelo | Gleyic Arenosols</name>
<styleUrl>#style_Amarelo</styleUrl>
<description><![CDATA[<b>ID:</b> CTRL_NV_0736<br/><b>Classificação:</b> NÃO VERMELHO – controle cartográfico<br/><b>Classe WRB:</b> Gleyic Arenosols<br/><b>Código de solo:</b> ARg<br/><b>Província:</b> 29<br/><b>Cor cartográfica do ponto:</b> Amarelo<br/><b>Fonte:</b> Derivado da camada Solos_Angola; posição sistemática nova; fora da mancha vermelha<br/><b>Longitude:</b> 22.075677<br/><b>Latitude:</b> -12.240336]]></description>
<Point>
<coordinates>22.07567744,-12.24033634,0</coordinates>
</Point>
</Placemark>
<Placemark>
<name>Amarelo | Gleyic Arenosols</name>
<styleUrl>#style_Amarelo</styleUrl>
<description><![CDATA[<b>ID:</b> CTRL_NV_0737<br/><b>Classificação:</b> NÃO VERMELHO – controle cartográfico<br/><b>Classe WRB:</b> Gleyic Arenosols<br/><b>Código de solo:</b> ARg<br/><b>Província:</b> 29<br/><b>Cor cartográfica do ponto:</b> Amarelo<br/><b>Fonte:</b> Derivado da camada Solos_Angola; posição sistemática nova; fora da mancha vermelha<br/><b>Longitude:</b> 22.075677<br/><b>Latitude:</b> -12.080061]]></description>
<Point>
<coordinates>22.07567744,-12.08006059,0</coordinates>
</Point>
</Placemark>
<Placemark>
<name>Amarelo | Gleyic Arenosols</name>
<styleUrl>#style_Amarelo</styleUrl>
<description><![CDATA[<b>ID:</b> CTRL_NV_0738<br/><b>Classificação:</b> NÃO VERMELHO – controle cartográfico<br/><b>Classe WRB:</b> Gleyic Arenosols<br/><b>Código de solo:</b> ARg<br/><b>Província:</b> 29<br/><b>Cor cartográfica do ponto:</b> Amarelo<br/><b>Fonte:</b> Derivado da camada Solos_Angola; posição sistemática nova; fora da mancha vermelha<br/><b>Longitude:</b> 22.075677<br/><b>Latitude:</b> -11.919878]]></description>
<Point>
<coordinates>22.07567744,-11.91987828,0</coordinates>
</Point>
</Placemark>
<Placemark>
<name>Amarelo | Gleyic Arenosols</name>
<styleUrl>#style_Amarelo</styleUrl>
<description><![CDATA[<b>ID:</b> CTRL_NV_0739<br/><b>Classificação:</b> NÃO VERMELHO – controle cartográfico<br/><b>Classe WRB:</b> Gleyic Arenosols<br/><b>Código de solo:</b> ARg<br/><b>Província:</b> 29<br/><b>Cor cartográfica do ponto:</b> Amarelo<br/><b>Fonte:</b> Derivado da camada Solos_Angola; posição sistemática nova; fora da mancha vermelha<br/><b>Longitude:</b> 22.075677<br/><b>Latitude:</b> -11.759788]]></description>
<Point>
<coordinates>22.07567744,-11.75978803,0</coordinates>
</Point>
</Placemark>
<Placemark>
<name>Amarelo | Gleyic Arenosols</name>
<styleUrl>#style_Amarelo</styleUrl>
<description><![CDATA[<b>ID:</b> CTRL_NV_0740<br/><b>Classificação:</b> NÃO VERMELHO – controle cartográfico<br/><b>Classe WRB:</b> Gleyic Arenosols<br/><b>Código de solo:</b> ARg<br/><b>Província:</b> 29<br/><b>Cor cartográfica do ponto:</b> Amarelo<br/><b>Fonte:</b> Derivado da camada Solos_Angola; posição sistemática nova; fora da mancha vermelha<br/><b>Longitude:</b> 22.075677<br/><b>Latitude:</b> -11.599788]]></description>
<Point>
<coordinates>22.07567744,-11.59978845,0</coordinates>
</Point>
</Placemark>
<Placemark>
<name>Amarelo | Gleyic Arenosols</name>
<styleUrl>#style_Amarelo</styleUrl>
<description><![CDATA[<b>ID:</b> CTRL_NV_0741<br/><b>Classificação:</b> NÃO VERMELHO – controle cartográfico<br/><b>Classe WRB:</b> Gleyic Arenosols<br/><b>Código de solo:</b> ARg<br/><b>Província:</b> 29<br/><b>Cor cartográfica do ponto:</b> Amarelo<br/><b>Fonte:</b> Derivado da camada Solos_Angola; posição sistemática nova; fora da mancha vermelha<br/><b>Longitude:</b> 22.075677<br/><b>Latitude:</b> -11.439878]]></description>
<Point>
<coordinates>22.07567744,-11.43987818,0</coordinates>
</Point>
</Placemark>
<Placemark>
<name>Amarelo | Gleyic Arenosols</name>
<styleUrl>#style_Amarelo</styleUrl>
<description><![CDATA[<b>ID:</b> CTRL_NV_0742<br/><b>Classificação:</b> NÃO VERMELHO – controle cartográfico<br/><b>Classe WRB:</b> Gleyic Arenosols<br/><b>Código de solo:</b> ARg<br/><b>Província:</b> 29<br/><b>Cor cartográfica do ponto:</b> Amarelo<br/><b>Fonte:</b> Derivado da camada Solos_Angola; posição sistemática nova; fora da mancha vermelha<br/><b>Longitude:</b> 22.075677<br/><b>Latitude:</b> -11.280056]]></description>
<Point>
<coordinates>22.07567744,-11.28005586,0</coordinates>
</Point>
</Placemark>
<Placemark>
<name>Amarelo | Gleyic Arenosols</name>
<styleUrl>#style_Amarelo</styleUrl>
<description><![CDATA[<b>ID:</b> CTRL_NV_0743<br/><b>Classificação:</b> NÃO VERMELHO – controle cartográfico<br/><b>Classe WRB:</b> Gleyic Arenosols<br/><b>Código de solo:</b> ARg<br/><b>Província:</b> 29<br/><b>Cor cartográfica do ponto:</b> Amarelo<br/><b>Fonte:</b> Derivado da camada Solos_Angola; posição sistemática nova; fora da mancha vermelha<br/><b>Longitude:</b> 22.075677<br/><b>Latitude:</b> -11.120320]]></description>
<Point>
<coordinates>22.07567744,-11.12032011,0</coordinates>
</Point>
</Placemark>
<Placemark>
<name>Amarelo | Dystric Arenosols</name>
<styleUrl>#style_Amarelo</styleUrl>
<description><![CDATA[<b>ID:</b> CTRL_NV_0744<br/><b>Classificação:</b> NÃO VERMELHO – controle cartográfico<br/><b>Classe WRB:</b> Dystric Arenosols<br/><b>Código de solo:</b> ARh<br/><b>Província:</b> 30<br/><b>Cor cartográfica do ponto:</b> Amarelo<br/><b>Fonte:</b> Derivado da camada Solos_Angola; posição sistemática nova; fora da mancha vermelha<br/><b>Longitude:</b> 22.282961<br/><b>Latitude:</b> -17.755727]]></description>
<Point>
<coordinates>22.28296079,-17.75572707,0</coordinates>
</Point>
</Placemark>
<Placemark>
<name>Amarelo | Dystric Arenosols</name>
<styleUrl>#style_Amarelo</styleUrl>
<description><![CDATA[<b>ID:</b> CTRL_NV_0745<br/><b>Classificação:</b> NÃO VERMELHO – controle cartográfico<br/><b>Classe WRB:</b> Dystric Arenosols<br/><b>Código de solo:</b> ARh<br/><b>Província:</b> 30<br/><b>Cor cartográfica do ponto:</b> Amarelo<br/><b>Fonte:</b> Derivado da camada Solos_Angola; posição sistemática nova; fora da mancha vermelha<br/><b>Longitude:</b> 22.282961<br/><b>Latitude:</b> -17.591391]]></description>
<Point>
<coordinates>22.28296079,-17.59139143,0</coordinates>
</Point>
</Placemark>
<Placemark>
<name>Amarelo | Gleyic Arenosols</name>
<styleUrl>#style_Amarelo</styleUrl>
<description><![CDATA[<b>ID:</b> CTRL_NV_0746<br/><b>Classificação:</b> NÃO VERMELHO – controle cartográfico<br/><b>Classe WRB:</b> Gleyic Arenosols<br/><b>Código de solo:</b> ARg<br/><b>Província:</b> 30<br/><b>Cor cartográfica do ponto:</b> Amarelo<br/><b>Fonte:</b> Derivado da camada Solos_Angola; posição sistemática nova; fora da mancha vermelha<br/><b>Longitude:</b> 22.282961<br/><b>Latitude:</b> -17.427201]]></description>
<Point>
<coordinates>22.28296079,-17.42720146,0</coordinates>
</Point>
</Placemark>
<Placemark>
<name>Amarelo | Gleyic Arenosols</name>
<styleUrl>#style_Amarelo</styleUrl>
<description><![CDATA[<b>ID:</b> CTRL_NV_0747<br/><b>Classificação:</b> NÃO VERMELHO – controle cartográfico<br/><b>Classe WRB:</b> Gleyic Arenosols<br/><b>Código de solo:</b> ARg<br/><b>Província:</b> 30<br/><b>Cor cartográfica do ponto:</b> Amarelo<br/><b>Fonte:</b> Derivado da camada Solos_Angola; posição sistemática nova; fora da mancha vermelha<br/><b>Longitude:</b> 22.282961<br/><b>Latitude:</b> -17.263155]]></description>
<Point>
<coordinates>22.28296079,-17.26315545,0</coordinates>
</Point>
</Placemark>
<Placemark>
<name>Amarelo | Gleyic Arenosols</name>
<styleUrl>#style_Amarelo</styleUrl>
<description><![CDATA[<b>ID:</b> CTRL_NV_0748<br/><b>Classificação:</b> NÃO VERMELHO – controle cartográfico<br/><b>Classe WRB:</b> Gleyic Arenosols<br/><b>Código de solo:</b> ARg<br/><b>Província:</b> 30<br/><b>Cor cartográfica do ponto:</b> Amarelo<br/><b>Fonte:</b> Derivado da camada Solos_Angola; posição sistemática nova; fora da mancha vermelha<br/><b>Longitude:</b> 22.282961<br/><b>Latitude:</b> -17.099252]]></description>
<Point>
<coordinates>22.28296079,-17.09925172,0</coordinates>
</Point>
</Placemark>
<Placemark>
<name>Amarelo | Gleyic Arenosols</name>
<styleUrl>#style_Amarelo</styleUrl>
<description><![CDATA[<b>ID:</b> CTRL_NV_0749<br/><b>Classificação:</b> NÃO VERMELHO – controle cartográfico<br/><b>Classe WRB:</b> Gleyic Arenosols<br/><b>Código de solo:</b> ARg<br/><b>Província:</b> 30<br/><b>Cor cartográfica do ponto:</b> Amarelo<br/><b>Fonte:</b> Derivado da camada Solos_Angola; posição sistemática nova; fora da mancha vermelha<br/><b>Longitude:</b> 22.282961<br/><b>Latitude:</b> -16.935489]]></description>
<Point>
<coordinates>22.28296079,-16.93548857,0</coordinates>
</Point>
</Placemark>
<Placemark>
<name>Amarelo | Gleyic Arenosols</name>
<styleUrl>#style_Amarelo</styleUrl>
<description><![CDATA[<b>ID:</b> CTRL_NV_0750<br/><b>Classificação:</b> NÃO VERMELHO – controle cartográfico<br/><b>Classe WRB:</b> Gleyic Arenosols<br/><b>Código de solo:</b> ARg<br/><b>Província:</b> 30<br/><b>Cor cartográfica do ponto:</b> Amarelo<br/><b>Fonte:</b> Derivado da camada Solos_Angola; posição sistemática nova; fora da mancha vermelha<br/><b>Longitude:</b> 22.282961<br/><b>Latitude:</b> -16.771864]]></description>
<Point>
<coordinates>22.28296079,-16.77186434,0</coordinates>
</Point>
</Placemark>
<Placemark>
<name>Amarelo | Gleyic Arenosols</name>
<styleUrl>#style_Amarelo</styleUrl>
<description><![CDATA[<b>ID:</b> CTRL_NV_0751<br/><b>Classificação:</b> NÃO VERMELHO – controle cartográfico<br/><b>Classe WRB:</b> Gleyic Arenosols<br/><b>Código de solo:</b> ARg<br/><b>Província:</b> 29<br/><b>Cor cartográfica do ponto:</b> Amarelo<br/><b>Fonte:</b> Derivado da camada Solos_Angola; posição sistemática nova; fora da mancha vermelha<br/><b>Longitude:</b> 22.282961<br/><b>Latitude:</b> -12.882402]]></description>
<Point>
<coordinates>22.28296079,-12.88240173,0</coordinates>
</Point>
</Placemark>
<Placemark>
<name>Amarelo | Gleyic Arenosols</name>
<styleUrl>#style_Amarelo</styleUrl>
<description><![CDATA[<b>ID:</b> CTRL_NV_0752<br/><b>Classificação:</b> NÃO VERMELHO – controle cartográfico<br/><b>Classe WRB:</b> Gleyic Arenosols<br/><b>Código de solo:</b> ARg<br/><b>Província:</b> 29<br/><b>Cor cartográfica do ponto:</b> Amarelo<br/><b>Fonte:</b> Derivado da camada Solos_Angola; posição sistemática nova; fora da mancha vermelha<br/><b>Longitude:</b> 22.282961<br/><b>Latitude:</b> -12.721738]]></description>
<Point>
<coordinates>22.28296079,-12.72173821,0</coordinates>
</Point>
</Placemark>
<Placemark>
<name>Amarelo | Gleyic Arenosols</name>
<styleUrl>#style_Amarelo</styleUrl>
<description><![CDATA[<b>ID:</b> CTRL_NV_0753<br/><b>Classificação:</b> NÃO VERMELHO – controle cartográfico<br/><b>Classe WRB:</b> Gleyic Arenosols<br/><b>Código de solo:</b> ARg<br/><b>Província:</b> 29<br/><b>Cor cartográfica do ponto:</b> Amarelo<br/><b>Fonte:</b> Derivado da camada Solos_Angola; posição sistemática nova; fora da mancha vermelha<br/><b>Longitude:</b> 22.282961<br/><b>Latitude:</b> -12.561174]]></description>
<Point>
<coordinates>22.28296079,-12.56117375,0</coordinates>
</Point>
</Placemark>
<Placemark>
<name>Amarelo | Gleyic Arenosols</name>
<styleUrl>#style_Amarelo</styleUrl>
<description><![CDATA[<b>ID:</b> CTRL_NV_0754<br/><b>Classificação:</b> NÃO VERMELHO – controle cartográfico<br/><b>Classe WRB:</b> Gleyic Arenosols<br/><b>Código de solo:</b> ARg<br/><b>Província:</b> 29<br/><b>Cor cartográfica do ponto:</b> Amarelo<br/><b>Fonte:</b> Derivado da camada Solos_Angola; posição sistemática nova; fora da mancha vermelha<br/><b>Longitude:</b> 22.282961<br/><b>Latitude:</b> -12.400707]]></description>
<Point>
<coordinates>22.28296079,-12.40070693,0</coordinates>
</Point>
</Placemark>
<Placemark>
<name>Amarelo | Gleyic Arenosols</name>
<styleUrl>#style_Amarelo</styleUrl>
<description><![CDATA[<b>ID:</b> CTRL_NV_0755<br/><b>Classificação:</b> NÃO VERMELHO – controle cartográfico<br/><b>Classe WRB:</b> Gleyic Arenosols<br/><b>Código de solo:</b> ARg<br/><b>Província:</b> 29<br/><b>Cor cartográfica do ponto:</b> Amarelo<br/><b>Fonte:</b> Derivado da camada Solos_Angola; posição sistemática nova; fora da mancha vermelha<br/><b>Longitude:</b> 22.282961<br/><b>Latitude:</b> -12.240336]]></description>
<Point>
<coordinates>22.28296079,-12.24033634,0</coordinates>
</Point>
</Placemark>
<Placemark>
<name>Amarelo | Gleyic Arenosols</name>
<styleUrl>#style_Amarelo</styleUrl>
<description><![CDATA[<b>ID:</b> CTRL_NV_0756<br/><b>Classificação:</b> NÃO VERMELHO – controle cartográfico<br/><b>Classe WRB:</b> Gleyic Arenosols<br/><b>Código de solo:</b> ARg<br/><b>Província:</b> 29<br/><b>Cor cartográfica do ponto:</b> Amarelo<br/><b>Fonte:</b> Derivado da camada Solos_Angola; posição sistemática nova; fora da mancha vermelha<br/><b>Longitude:</b> 22.282961<br/><b>Latitude:</b> -12.080061]]></description>
<Point>
<coordinates>22.28296079,-12.08006059,0</coordinates>
</Point>
</Placemark>
<Placemark>
<name>Amarelo | Gleyic Arenosols</name>
<styleUrl>#style_Amarelo</styleUrl>
<description><![CDATA[<b>ID:</b> CTRL_NV_0757<br/><b>Classificação:</b> NÃO VERMELHO – controle cartográfico<br/><b>Classe WRB:</b> Gleyic Arenosols<br/><b>Código de solo:</b> ARg<br/><b>Província:</b> 29<br/><b>Cor cartográfica do ponto:</b> Amarelo<br/><b>Fonte:</b> Derivado da camada Solos_Angola; posição sistemática nova; fora da mancha vermelha<br/><b>Longitude:</b> 22.282961<br/><b>Latitude:</b> -11.919878]]></description>
<Point>
<coordinates>22.28296079,-11.91987828,0</coordinates>
</Point>
</Placemark>
<Placemark>
<name>Amarelo | Gleyic Arenosols</name>
<styleUrl>#style_Amarelo</styleUrl>
<description><![CDATA[<b>ID:</b> CTRL_NV_0758<br/><b>Classificação:</b> NÃO VERMELHO – controle cartográfico<br/><b>Classe WRB:</b> Gleyic Arenosols<br/><b>Código de solo:</b> ARg<br/><b>Província:</b> 29<br/><b>Cor cartográfica do ponto:</b> Amarelo<br/><b>Fonte:</b> Derivado da camada Solos_Angola; posição sistemática nova; fora da mancha vermelha<br/><b>Longitude:</b> 22.282961<br/><b>Latitude:</b> -11.759788]]></description>
<Point>
<coordinates>22.28296079,-11.75978803,0</coordinates>
</Point>
</Placemark>
<Placemark>
<name>Amarelo | Gleyic Arenosols</name>
<styleUrl>#style_Amarelo</styleUrl>
<description><![CDATA[<b>ID:</b> CTRL_NV_0759<br/><b>Classificação:</b> NÃO VERMELHO – controle cartográfico<br/><b>Classe WRB:</b> Gleyic Arenosols<br/><b>Código de solo:</b> ARg<br/><b>Província:</b> 29<br/><b>Cor cartográfica do ponto:</b> Amarelo<br/><b>Fonte:</b> Derivado da camada Solos_Angola; posição sistemática nova; fora da mancha vermelha<br/><b>Longitude:</b> 22.282961<br/><b>Latitude:</b> -11.599788]]></description>
<Point>
<coordinates>22.28296079,-11.59978845,0</coordinates>
</Point>
</Placemark>
<Placemark>
<name>Amarelo | Gleyic Arenosols</name>
<styleUrl>#style_Amarelo</styleUrl>
<description><![CDATA[<b>ID:</b> CTRL_NV_0760<br/><b>Classificação:</b> NÃO VERMELHO – controle cartográfico<br/><b>Classe WRB:</b> Gleyic Arenosols<br/><b>Código de solo:</b> ARg<br/><b>Província:</b> 29<br/><b>Cor cartográfica do ponto:</b> Amarelo<br/><b>Fonte:</b> Derivado da camada Solos_Angola; posição sistemática nova; fora da mancha vermelha<br/><b>Longitude:</b> 22.282961<br/><b>Latitude:</b> -11.439878]]></description>
<Point>
<coordinates>22.28296079,-11.43987818,0</coordinates>
</Point>
</Placemark>
<Placemark>
<name>Amarelo | Gleyic Arenosols</name>
<styleUrl>#style_Amarelo</styleUrl>
<description><![CDATA[<b>ID:</b> CTRL_NV_0761<br/><b>Classificação:</b> NÃO VERMELHO – controle cartográfico<br/><b>Classe WRB:</b> Gleyic Arenosols<br/><b>Código de solo:</b> ARg<br/><b>Província:</b> 29<br/><b>Cor cartográfica do ponto:</b> Amarelo<br/><b>Fonte:</b> Derivado da camada Solos_Angola; posição sistemática nova; fora da mancha vermelha<br/><b>Longitude:</b> 22.282961<br/><b>Latitude:</b> -11.280056]]></description>
<Point>
<coordinates>22.28296079,-11.28005586,0</coordinates>
</Point>
</Placemark>
<Placemark>
<name>Amarelo | Dystric Arenosols</name>
<styleUrl>#style_Amarelo</styleUrl>
<description><![CDATA[<b>ID:</b> CTRL_NV_0762<br/><b>Classificação:</b> NÃO VERMELHO – controle cartográfico<br/><b>Classe WRB:</b> Dystric Arenosols<br/><b>Código de solo:</b> ARh<br/><b>Província:</b> 30<br/><b>Cor cartográfica do ponto:</b> Amarelo<br/><b>Fonte:</b> Derivado da camada Solos_Angola; posição sistemática nova; fora da mancha vermelha<br/><b>Longitude:</b> 22.490244<br/><b>Latitude:</b> -17.755727]]></description>
<Point>
<coordinates>22.49024415,-17.75572707,0</coordinates>
</Point>
</Placemark>
<Placemark>
<name>Amarelo | Dystric Arenosols</name>
<styleUrl>#style_Amarelo</styleUrl>
<description><![CDATA[<b>ID:</b> CTRL_NV_0763<br/><b>Classificação:</b> NÃO VERMELHO – controle cartográfico<br/><b>Classe WRB:</b> Dystric Arenosols<br/><b>Código de solo:</b> ARh<br/><b>Província:</b> 30<br/><b>Cor cartográfica do ponto:</b> Amarelo<br/><b>Fonte:</b> Derivado da camada Solos_Angola; posição sistemática nova; fora da mancha vermelha<br/><b>Longitude:</b> 22.490244<br/><b>Latitude:</b> -17.591391]]></description>
<Point>
<coordinates>22.49024415,-17.59139143,0</coordinates>
</Point>
</Placemark>
<Placemark>
<name>Amarelo | Gleyic Arenosols</name>
<styleUrl>#style_Amarelo</styleUrl>
<description><![CDATA[<b>ID:</b> CTRL_NV_0764<br/><b>Classificação:</b> NÃO VERMELHO – controle cartográfico<br/><b>Classe WRB:</b> Gleyic Arenosols<br/><b>Código de solo:</b> ARg<br/><b>Província:</b> 30<br/><b>Cor cartográfica do ponto:</b> Amarelo<br/><b>Fonte:</b> Derivado da camada Solos_Angola; posição sistemática nova; fora da mancha vermelha<br/><b>Longitude:</b> 22.490244<br/><b>Latitude:</b> -17.427201]]></description>
<Point>
<coordinates>22.49024415,-17.42720146,0</coordinates>
</Point>
</Placemark>
<Placemark>
<name>Amarelo | Gleyic Arenosols</name>
<styleUrl>#style_Amarelo</styleUrl>
<description><![CDATA[<b>ID:</b> CTRL_NV_0765<br/><b>Classificação:</b> NÃO VERMELHO – controle cartográfico<br/><b>Classe WRB:</b> Gleyic Arenosols<br/><b>Código de solo:</b> ARg<br/><b>Província:</b> 30<br/><b>Cor cartográfica do ponto:</b> Amarelo<br/><b>Fonte:</b> Derivado da camada Solos_Angola; posição sistemática nova; fora da mancha vermelha<br/><b>Longitude:</b> 22.490244<br/><b>Latitude:</b> -17.099252]]></description>
<Point>
<coordinates>22.49024415,-17.09925172,0</coordinates>
</Point>
</Placemark>
<Placemark>
<name>Amarelo | Gleyic Arenosols</name>
<styleUrl>#style_Amarelo</styleUrl>
<description><![CDATA[<b>ID:</b> CTRL_NV_0766<br/><b>Classificação:</b> NÃO VERMELHO – controle cartográfico<br/><b>Classe WRB:</b> Gleyic Arenosols<br/><b>Código de solo:</b> ARg<br/><b>Província:</b> 30<br/><b>Cor cartográfica do ponto:</b> Amarelo<br/><b>Fonte:</b> Derivado da camada Solos_Angola; posição sistemática nova; fora da mancha vermelha<br/><b>Longitude:</b> 22.490244<br/><b>Latitude:</b> -16.935489]]></description>
<Point>
<coordinates>22.49024415,-16.93548857,0</coordinates>
</Point>
</Placemark>
<Placemark>
<name>Amarelo | Gleyic Arenosols</name>
<styleUrl>#style_Amarelo</styleUrl>
<description><![CDATA[<b>ID:</b> CTRL_NV_0767<br/><b>Classificação:</b> NÃO VERMELHO – controle cartográfico<br/><b>Classe WRB:</b> Gleyic Arenosols<br/><b>Código de solo:</b> ARg<br/><b>Província:</b> 29<br/><b>Cor cartográfica do ponto:</b> Amarelo<br/><b>Fonte:</b> Derivado da camada Solos_Angola; posição sistemática nova; fora da mancha vermelha<br/><b>Longitude:</b> 22.490244<br/><b>Latitude:</b> -12.882402]]></description>
<Point>
<coordinates>22.49024415,-12.88240173,0</coordinates>
</Point>
</Placemark>
<Placemark>
<name>Amarelo | Gleyic Arenosols</name>
<styleUrl>#style_Amarelo</styleUrl>
<description><![CDATA[<b>ID:</b> CTRL_NV_0768<br/><b>Classificação:</b> NÃO VERMELHO – controle cartográfico<br/><b>Classe WRB:</b> Gleyic Arenosols<br/><b>Código de solo:</b> ARg<br/><b>Província:</b> 29<br/><b>Cor cartográfica do ponto:</b> Amarelo<br/><b>Fonte:</b> Derivado da camada Solos_Angola; posição sistemática nova; fora da mancha vermelha<br/><b>Longitude:</b> 22.490244<br/><b>Latitude:</b> -12.721738]]></description>
<Point>
<coordinates>22.49024415,-12.72173821,0</coordinates>
</Point>
</Placemark>
<Placemark>
<name>Amarelo | Gleyic Arenosols</name>
<styleUrl>#style_Amarelo</styleUrl>
<description><![CDATA[<b>ID:</b> CTRL_NV_0769<br/><b>Classificação:</b> NÃO VERMELHO – controle cartográfico<br/><b>Classe WRB:</b> Gleyic Arenosols<br/><b>Código de solo:</b> ARg<br/><b>Província:</b> 29<br/><b>Cor cartográfica do ponto:</b> Amarelo<br/><b>Fonte:</b> Derivado da camada Solos_Angola; posição sistemática nova; fora da mancha vermelha<br/><b>Longitude:</b> 22.490244<br/><b>Latitude:</b> -12.561174]]></description>
<Point>
<coordinates>22.49024415,-12.56117375,0</coordinates>
</Point>
</Placemark>
<Placemark>
<name>Amarelo | Gleyic Arenosols</name>
<styleUrl>#style_Amarelo</styleUrl>
<description><![CDATA[<b>ID:</b> CTRL_NV_0770<br/><b>Classificação:</b> NÃO VERMELHO – controle cartográfico<br/><b>Classe WRB:</b> Gleyic Arenosols<br/><b>Código de solo:</b> ARg<br/><b>Província:</b> 29<br/><b>Cor cartográfica do ponto:</b> Amarelo<br/><b>Fonte:</b> Derivado da camada Solos_Angola; posição sistemática nova; fora da mancha vermelha<br/><b>Longitude:</b> 22.490244<br/><b>Latitude:</b> -12.400707]]></description>
<Point>
<coordinates>22.49024415,-12.40070693,0</coordinates>
</Point>
</Placemark>
<Placemark>
<name>Amarelo | Gleyic Arenosols</name>
<styleUrl>#style_Amarelo</styleUrl>
<description><![CDATA[<b>ID:</b> CTRL_NV_0771<br/><b>Classificação:</b> NÃO VERMELHO – controle cartográfico<br/><b>Classe WRB:</b> Gleyic Arenosols<br/><b>Código de solo:</b> ARg<br/><b>Província:</b> 29<br/><b>Cor cartográfica do ponto:</b> Amarelo<br/><b>Fonte:</b> Derivado da camada Solos_Angola; posição sistemática nova; fora da mancha vermelha<br/><b>Longitude:</b> 22.490244<br/><b>Latitude:</b> -12.240336]]></description>
<Point>
<coordinates>22.49024415,-12.24033634,0</coordinates>
</Point>
</Placemark>
<Placemark>
<name>Amarelo | Gleyic Arenosols</name>
<styleUrl>#style_Amarelo</styleUrl>
<description><![CDATA[<b>ID:</b> CTRL_NV_0772<br/><b>Classificação:</b> NÃO VERMELHO – controle cartográfico<br/><b>Classe WRB:</b> Gleyic Arenosols<br/><b>Código de solo:</b> ARg<br/><b>Província:</b> 29<br/><b>Cor cartográfica do ponto:</b> Amarelo<br/><b>Fonte:</b> Derivado da camada Solos_Angola; posição sistemática nova; fora da mancha vermelha<br/><b>Longitude:</b> 22.490244<br/><b>Latitude:</b> -12.080061]]></description>
<Point>
<coordinates>22.49024415,-12.08006059,0</coordinates>
</Point>
</Placemark>
<Placemark>
<name>Amarelo | Gleyic Arenosols</name>
<styleUrl>#style_Amarelo</styleUrl>
<description><![CDATA[<b>ID:</b> CTRL_NV_0773<br/><b>Classificação:</b> NÃO VERMELHO – controle cartográfico<br/><b>Classe WRB:</b> Gleyic Arenosols<br/><b>Código de solo:</b> ARg<br/><b>Província:</b> 29<br/><b>Cor cartográfica do ponto:</b> Amarelo<br/><b>Fonte:</b> Derivado da camada Solos_Angola; posição sistemática nova; fora da mancha vermelha<br/><b>Longitude:</b> 22.490244<br/><b>Latitude:</b> -11.919878]]></description>
<Point>
<coordinates>22.49024415,-11.91987828,0</coordinates>
</Point>
</Placemark>
<Placemark>
<name>Amarelo | Gleyic Arenosols</name>
<styleUrl>#style_Amarelo</styleUrl>
<description><![CDATA[<b>ID:</b> CTRL_NV_0774<br/><b>Classificação:</b> NÃO VERMELHO – controle cartográfico<br/><b>Classe WRB:</b> Gleyic Arenosols<br/><b>Código de solo:</b> ARg<br/><b>Província:</b> 29<br/><b>Cor cartográfica do ponto:</b> Amarelo<br/><b>Fonte:</b> Derivado da camada Solos_Angola; posição sistemática nova; fora da mancha vermelha<br/><b>Longitude:</b> 22.490244<br/><b>Latitude:</b> -11.759788]]></description>
<Point>
<coordinates>22.49024415,-11.75978803,0</coordinates>
</Point>
</Placemark>
<Placemark>
<name>Amarelo | Gleyic Arenosols</name>
<styleUrl>#style_Amarelo</styleUrl>
<description><![CDATA[<b>ID:</b> CTRL_NV_0775<br/><b>Classificação:</b> NÃO VERMELHO – controle cartográfico<br/><b>Classe WRB:</b> Gleyic Arenosols<br/><b>Código de solo:</b> ARg<br/><b>Província:</b> 29<br/><b>Cor cartográfica do ponto:</b> Amarelo<br/><b>Fonte:</b> Derivado da camada Solos_Angola; posição sistemática nova; fora da mancha vermelha<br/><b>Longitude:</b> 22.490244<br/><b>Latitude:</b> -11.599788]]></description>
<Point>
<coordinates>22.49024415,-11.59978845,0</coordinates>
</Point>
</Placemark>
<Placemark>
<name>Amarelo | Gleyic Arenosols</name>
<styleUrl>#style_Amarelo</styleUrl>
<description><![CDATA[<b>ID:</b> CTRL_NV_0776<br/><b>Classificação:</b> NÃO VERMELHO – controle cartográfico<br/><b>Classe WRB:</b> Gleyic Arenosols<br/><b>Código de solo:</b> ARg<br/><b>Província:</b> 29<br/><b>Cor cartográfica do ponto:</b> Amarelo<br/><b>Fonte:</b> Derivado da camada Solos_Angola; posição sistemática nova; fora da mancha vermelha<br/><b>Longitude:</b> 22.490244<br/><b>Latitude:</b> -11.439878]]></description>
<Point>
<coordinates>22.49024415,-11.43987818,0</coordinates>
</Point>
</Placemark>
<Placemark>
<name>Amarelo | Gleyic Arenosols</name>
<styleUrl>#style_Amarelo</styleUrl>
<description><![CDATA[<b>ID:</b> CTRL_NV_0777<br/><b>Classificação:</b> NÃO VERMELHO – controle cartográfico<br/><b>Classe WRB:</b> Gleyic Arenosols<br/><b>Código de solo:</b> ARg<br/><b>Província:</b> 29<br/><b>Cor cartográfica do ponto:</b> Amarelo<br/><b>Fonte:</b> Derivado da camada Solos_Angola; posição sistemática nova; fora da mancha vermelha<br/><b>Longitude:</b> 22.490244<br/><b>Latitude:</b> -11.280056]]></description>
<Point>
<coordinates>22.49024415,-11.28005586,0</coordinates>
</Point>
</Placemark>
<Placemark>
<name>Amarelo | Dystric Arenosols</name>
<styleUrl>#style_Amarelo</styleUrl>
<description><![CDATA[<b>ID:</b> CTRL_NV_0778<br/><b>Classificação:</b> NÃO VERMELHO – controle cartográfico<br/><b>Classe WRB:</b> Dystric Arenosols<br/><b>Código de solo:</b> ARh<br/><b>Província:</b> 30<br/><b>Cor cartográfica do ponto:</b> Amarelo<br/><b>Fonte:</b> Derivado da camada Solos_Angola; posição sistemática nova; fora da mancha vermelha<br/><b>Longitude:</b> 22.697528<br/><b>Latitude:</b> -17.755727]]></description>
<Point>
<coordinates>22.69752751,-17.75572707,0</coordinates>
</Point>
</Placemark>
<Placemark>
<name>Amarelo | Dystric Arenosols</name>
<styleUrl>#style_Amarelo</styleUrl>
<description><![CDATA[<b>ID:</b> CTRL_NV_0779<br/><b>Classificação:</b> NÃO VERMELHO – controle cartográfico<br/><b>Classe WRB:</b> Dystric Arenosols<br/><b>Código de solo:</b> ARh<br/><b>Província:</b> 30<br/><b>Cor cartográfica do ponto:</b> Amarelo<br/><b>Fonte:</b> Derivado da camada Solos_Angola; posição sistemática nova; fora da mancha vermelha<br/><b>Longitude:</b> 22.697528<br/><b>Latitude:</b> -17.591391]]></description>
<Point>
<coordinates>22.69752751,-17.59139143,0</coordinates>
</Point>
</Placemark>
<Placemark>
<name>Amarelo | Dystric Arenosols</name>
<styleUrl>#style_Amarelo</styleUrl>
<description><![CDATA[<b>ID:</b> CTRL_NV_0780<br/><b>Classificação:</b> NÃO VERMELHO – controle cartográfico<br/><b>Classe WRB:</b> Dystric Arenosols<br/><b>Código de solo:</b> ARh<br/><b>Província:</b> 30<br/><b>Cor cartográfica do ponto:</b> Amarelo<br/><b>Fonte:</b> Derivado da camada Solos_Angola; posição sistemática nova; fora da mancha vermelha<br/><b>Longitude:</b> 22.697528<br/><b>Latitude:</b> -17.427201]]></description>
<Point>
<coordinates>22.69752751,-17.42720146,0</coordinates>
</Point>
</Placemark>
<Placemark>
<name>Amarelo | Gleyic Arenosols</name>
<styleUrl>#style_Amarelo</styleUrl>
<description><![CDATA[<b>ID:</b> CTRL_NV_0781<br/><b>Classificação:</b> NÃO VERMELHO – controle cartográfico<br/><b>Classe WRB:</b> Gleyic Arenosols<br/><b>Código de solo:</b> ARg<br/><b>Província:</b> 30<br/><b>Cor cartográfica do ponto:</b> Amarelo<br/><b>Fonte:</b> Derivado da camada Solos_Angola; posição sistemática nova; fora da mancha vermelha<br/><b>Longitude:</b> 22.697528<br/><b>Latitude:</b> -17.099252]]></description>
<Point>
<coordinates>22.69752751,-17.09925172,0</coordinates>
</Point>
</Placemark>
<Placemark>
<name>Amarelo | Gleyic Arenosols</name>
<styleUrl>#style_Amarelo</styleUrl>
<description><![CDATA[<b>ID:</b> CTRL_NV_0782<br/><b>Classificação:</b> NÃO VERMELHO – controle cartográfico<br/><b>Classe WRB:</b> Gleyic Arenosols<br/><b>Código de solo:</b> ARg<br/><b>Província:</b> 29<br/><b>Cor cartográfica do ponto:</b> Amarelo<br/><b>Fonte:</b> Derivado da camada Solos_Angola; posição sistemática nova; fora da mancha vermelha<br/><b>Longitude:</b> 22.697528<br/><b>Latitude:</b> -12.882402]]></description>
<Point>
<coordinates>22.69752751,-12.88240173,0</coordinates>
</Point>
</Placemark>
<Placemark>
<name>Amarelo | Gleyic Arenosols</name>
<styleUrl>#style_Amarelo</styleUrl>
<description><![CDATA[<b>ID:</b> CTRL_NV_0783<br/><b>Classificação:</b> NÃO VERMELHO – controle cartográfico<br/><b>Classe WRB:</b> Gleyic Arenosols<br/><b>Código de solo:</b> ARg<br/><b>Província:</b> 29<br/><b>Cor cartográfica do ponto:</b> Amarelo<br/><b>Fonte:</b> Derivado da camada Solos_Angola; posição sistemática nova; fora da mancha vermelha<br/><b>Longitude:</b> 22.697528<br/><b>Latitude:</b> -12.721738]]></description>
<Point>
<coordinates>22.69752751,-12.72173821,0</coordinates>
</Point>
</Placemark>
<Placemark>
<name>Amarelo | Gleyic Arenosols</name>
<styleUrl>#style_Amarelo</styleUrl>
<description><![CDATA[<b>ID:</b> CTRL_NV_0784<br/><b>Classificação:</b> NÃO VERMELHO – controle cartográfico<br/><b>Classe WRB:</b> Gleyic Arenosols<br/><b>Código de solo:</b> ARg<br/><b>Província:</b> 29<br/><b>Cor cartográfica do ponto:</b> Amarelo<br/><b>Fonte:</b> Derivado da camada Solos_Angola; posição sistemática nova; fora da mancha vermelha<br/><b>Longitude:</b> 22.697528<br/><b>Latitude:</b> -12.561174]]></description>
<Point>
<coordinates>22.69752751,-12.56117375,0</coordinates>
</Point>
</Placemark>
<Placemark>
<name>Amarelo | Gleyic Arenosols</name>
<styleUrl>#style_Amarelo</styleUrl>
<description><![CDATA[<b>ID:</b> CTRL_NV_0785<br/><b>Classificação:</b> NÃO VERMELHO – controle cartográfico<br/><b>Classe WRB:</b> Gleyic Arenosols<br/><b>Código de solo:</b> ARg<br/><b>Província:</b> 29<br/><b>Cor cartográfica do ponto:</b> Amarelo<br/><b>Fonte:</b> Derivado da camada Solos_Angola; posição sistemática nova; fora da mancha vermelha<br/><b>Longitude:</b> 22.697528<br/><b>Latitude:</b> -12.400707]]></description>
<Point>
<coordinates>22.69752751,-12.40070693,0</coordinates>
</Point>
</Placemark>
<Placemark>
<name>Amarelo | Gleyic Arenosols</name>
<styleUrl>#style_Amarelo</styleUrl>
<description><![CDATA[<b>ID:</b> CTRL_NV_0786<br/><b>Classificação:</b> NÃO VERMELHO – controle cartográfico<br/><b>Classe WRB:</b> Gleyic Arenosols<br/><b>Código de solo:</b> ARg<br/><b>Província:</b> 29<br/><b>Cor cartográfica do ponto:</b> Amarelo<br/><b>Fonte:</b> Derivado da camada Solos_Angola; posição sistemática nova; fora da mancha vermelha<br/><b>Longitude:</b> 22.697528<br/><b>Latitude:</b> -12.240336]]></description>
<Point>
<coordinates>22.69752751,-12.24033634,0</coordinates>
</Point>
</Placemark>
<Placemark>
<name>Amarelo | Gleyic Arenosols</name>
<styleUrl>#style_Amarelo</styleUrl>
<description><![CDATA[<b>ID:</b> CTRL_NV_0787<br/><b>Classificação:</b> NÃO VERMELHO – controle cartográfico<br/><b>Classe WRB:</b> Gleyic Arenosols<br/><b>Código de solo:</b> ARg<br/><b>Província:</b> 29<br/><b>Cor cartográfica do ponto:</b> Amarelo<br/><b>Fonte:</b> Derivado da camada Solos_Angola; posição sistemática nova; fora da mancha vermelha<br/><b>Longitude:</b> 22.697528<br/><b>Latitude:</b> -12.080061]]></description>
<Point>
<coordinates>22.69752751,-12.08006059,0</coordinates>
</Point>
</Placemark>
<Placemark>
<name>Amarelo | Gleyic Arenosols</name>
<styleUrl>#style_Amarelo</styleUrl>
<description><![CDATA[<b>ID:</b> CTRL_NV_0788<br/><b>Classificação:</b> NÃO VERMELHO – controle cartográfico<br/><b>Classe WRB:</b> Gleyic Arenosols<br/><b>Código de solo:</b> ARg<br/><b>Província:</b> 29<br/><b>Cor cartográfica do ponto:</b> Amarelo<br/><b>Fonte:</b> Derivado da camada Solos_Angola; posição sistemática nova; fora da mancha vermelha<br/><b>Longitude:</b> 22.697528<br/><b>Latitude:</b> -11.919878]]></description>
<Point>
<coordinates>22.69752751,-11.91987828,0</coordinates>
</Point>
</Placemark>
<Placemark>
<name>Amarelo | Gleyic Arenosols</name>
<styleUrl>#style_Amarelo</styleUrl>
<description><![CDATA[<b>ID:</b> CTRL_NV_0789<br/><b>Classificação:</b> NÃO VERMELHO – controle cartográfico<br/><b>Classe WRB:</b> Gleyic Arenosols<br/><b>Código de solo:</b> ARg<br/><b>Província:</b> 29<br/><b>Cor cartográfica do ponto:</b> Amarelo<br/><b>Fonte:</b> Derivado da camada Solos_Angola; posição sistemática nova; fora da mancha vermelha<br/><b>Longitude:</b> 22.697528<br/><b>Latitude:</b> -11.759788]]></description>
<Point>
<coordinates>22.69752751,-11.75978803,0</coordinates>
</Point>
</Placemark>
<Placemark>
<name>Amarelo | Gleyic Arenosols</name>
<styleUrl>#style_Amarelo</styleUrl>
<description><![CDATA[<b>ID:</b> CTRL_NV_0790<br/><b>Classificação:</b> NÃO VERMELHO – controle cartográfico<br/><b>Classe WRB:</b> Gleyic Arenosols<br/><b>Código de solo:</b> ARg<br/><b>Província:</b> 29<br/><b>Cor cartográfica do ponto:</b> Amarelo<br/><b>Fonte:</b> Derivado da camada Solos_Angola; posição sistemática nova; fora da mancha vermelha<br/><b>Longitude:</b> 22.697528<br/><b>Latitude:</b> -11.599788]]></description>
<Point>
<coordinates>22.69752751,-11.59978845,0</coordinates>
</Point>
</Placemark>
<Placemark>
<name>Amarelo | Gleyic Arenosols</name>
<styleUrl>#style_Amarelo</styleUrl>
<description><![CDATA[<b>ID:</b> CTRL_NV_0791<br/><b>Classificação:</b> NÃO VERMELHO – controle cartográfico<br/><b>Classe WRB:</b> Gleyic Arenosols<br/><b>Código de solo:</b> ARg<br/><b>Província:</b> 29<br/><b>Cor cartográfica do ponto:</b> Amarelo<br/><b>Fonte:</b> Derivado da camada Solos_Angola; posição sistemática nova; fora da mancha vermelha<br/><b>Longitude:</b> 22.697528<br/><b>Latitude:</b> -11.439878]]></description>
<Point>
<coordinates>22.69752751,-11.43987818,0</coordinates>
</Point>
</Placemark>
<Placemark>
<name>Amarelo | Gleyic Arenosols</name>
<styleUrl>#style_Amarelo</styleUrl>
<description><![CDATA[<b>ID:</b> CTRL_NV_0792<br/><b>Classificação:</b> NÃO VERMELHO – controle cartográfico<br/><b>Classe WRB:</b> Gleyic Arenosols<br/><b>Código de solo:</b> ARg<br/><b>Província:</b> 29<br/><b>Cor cartográfica do ponto:</b> Amarelo<br/><b>Fonte:</b> Derivado da camada Solos_Angola; posição sistemática nova; fora da mancha vermelha<br/><b>Longitude:</b> 22.697528<br/><b>Latitude:</b> -11.280056]]></description>
<Point>
<coordinates>22.69752751,-11.28005586,0</coordinates>
</Point>
</Placemark>
<Placemark>
<name>Amarelo | Gleyic Arenosols</name>
<styleUrl>#style_Amarelo</styleUrl>
<description><![CDATA[<b>ID:</b> CTRL_NV_0793<br/><b>Classificação:</b> NÃO VERMELHO – controle cartográfico<br/><b>Classe WRB:</b> Gleyic Arenosols<br/><b>Código de solo:</b> ARg<br/><b>Província:</b> 29<br/><b>Cor cartográfica do ponto:</b> Amarelo<br/><b>Fonte:</b> Derivado da camada Solos_Angola; posição sistemática nova; fora da mancha vermelha<br/><b>Longitude:</b> 22.697528<br/><b>Latitude:</b> -11.120320]]></description>
<Point>
<coordinates>22.69752751,-11.12032011,0</coordinates>
</Point>
</Placemark>
<Placemark>
<name>Amarelo | Dystric Arenosols</name>
<styleUrl>#style_Amarelo</styleUrl>
<description><![CDATA[<b>ID:</b> CTRL_NV_0794<br/><b>Classificação:</b> NÃO VERMELHO – controle cartográfico<br/><b>Classe WRB:</b> Dystric Arenosols<br/><b>Código de solo:</b> ARh<br/><b>Província:</b> 30<br/><b>Cor cartográfica do ponto:</b> Amarelo<br/><b>Fonte:</b> Derivado da camada Solos_Angola; posição sistemática nova; fora da mancha vermelha<br/><b>Longitude:</b> 22.904811<br/><b>Latitude:</b> -17.591391]]></description>
<Point>
<coordinates>22.90481086,-17.59139143,0</coordinates>
</Point>
</Placemark>
<Placemark>
<name>Amarelo | Dystric Arenosols</name>
<styleUrl>#style_Amarelo</styleUrl>
<description><![CDATA[<b>ID:</b> CTRL_NV_0795<br/><b>Classificação:</b> NÃO VERMELHO – controle cartográfico<br/><b>Classe WRB:</b> Dystric Arenosols<br/><b>Código de solo:</b> ARh<br/><b>Província:</b> 30<br/><b>Cor cartográfica do ponto:</b> Amarelo<br/><b>Fonte:</b> Derivado da camada Solos_Angola; posição sistemática nova; fora da mancha vermelha<br/><b>Longitude:</b> 22.904811<br/><b>Latitude:</b> -17.427201]]></description>
<Point>
<coordinates>22.90481086,-17.42720146,0</coordinates>
</Point>
</Placemark>
<Placemark>
<name>Amarelo | Gleyic Arenosols</name>
<styleUrl>#style_Amarelo</styleUrl>
<description><![CDATA[<b>ID:</b> CTRL_NV_0796<br/><b>Classificação:</b> NÃO VERMELHO – controle cartográfico<br/><b>Classe WRB:</b> Gleyic Arenosols<br/><b>Código de solo:</b> ARg<br/><b>Província:</b> 29<br/><b>Cor cartográfica do ponto:</b> Amarelo<br/><b>Fonte:</b> Derivado da camada Solos_Angola; posição sistemática nova; fora da mancha vermelha<br/><b>Longitude:</b> 22.904811<br/><b>Latitude:</b> -12.400707]]></description>
<Point>
<coordinates>22.90481086,-12.40070693,0</coordinates>
</Point>
</Placemark>
<Placemark>
<name>Amarelo | Gleyic Arenosols</name>
<styleUrl>#style_Amarelo</styleUrl>
<description><![CDATA[<b>ID:</b> CTRL_NV_0797<br/><b>Classificação:</b> NÃO VERMELHO – controle cartográfico<br/><b>Classe WRB:</b> Gleyic Arenosols<br/><b>Código de solo:</b> ARg<br/><b>Província:</b> 29<br/><b>Cor cartográfica do ponto:</b> Amarelo<br/><b>Fonte:</b> Derivado da camada Solos_Angola; posição sistemática nova; fora da mancha vermelha<br/><b>Longitude:</b> 22.904811<br/><b>Latitude:</b> -12.240336]]></description>
<Point>
<coordinates>22.90481086,-12.24033634,0</coordinates>
</Point>
</Placemark>
<Placemark>
<name>Amarelo | Gleyic Arenosols</name>
<styleUrl>#style_Amarelo</styleUrl>
<description><![CDATA[<b>ID:</b> CTRL_NV_0798<br/><b>Classificação:</b> NÃO VERMELHO – controle cartográfico<br/><b>Classe WRB:</b> Gleyic Arenosols<br/><b>Código de solo:</b> ARg<br/><b>Província:</b> 29<br/><b>Cor cartográfica do ponto:</b> Amarelo<br/><b>Fonte:</b> Derivado da camada Solos_Angola; posição sistemática nova; fora da mancha vermelha<br/><b>Longitude:</b> 22.904811<br/><b>Latitude:</b> -12.080061]]></description>
<Point>
<coordinates>22.90481086,-12.08006059,0</coordinates>
</Point>
</Placemark>
<Placemark>
<name>Amarelo | Gleyic Arenosols</name>
<styleUrl>#style_Amarelo</styleUrl>
<description><![CDATA[<b>ID:</b> CTRL_NV_0799<br/><b>Classificação:</b> NÃO VERMELHO – controle cartográfico<br/><b>Classe WRB:</b> Gleyic Arenosols<br/><b>Código de solo:</b> ARg<br/><b>Província:</b> 29<br/><b>Cor cartográfica do ponto:</b> Amarelo<br/><b>Fonte:</b> Derivado da camada Solos_Angola; posição sistemática nova; fora da mancha vermelha<br/><b>Longitude:</b> 22.904811<br/><b>Latitude:</b> -11.919878]]></description>
<Point>
<coordinates>22.90481086,-11.91987828,0</coordinates>
</Point>
</Placemark>
<Placemark>
<name>Amarelo | Gleyic Arenosols</name>
<styleUrl>#style_Amarelo</styleUrl>
<description><![CDATA[<b>ID:</b> CTRL_NV_0800<br/><b>Classificação:</b> NÃO VERMELHO – controle cartográfico<br/><b>Classe WRB:</b> Gleyic Arenosols<br/><b>Código de solo:</b> ARg<br/><b>Província:</b> 29<br/><b>Cor cartográfica do ponto:</b> Amarelo<br/><b>Fonte:</b> Derivado da camada Solos_Angola; posição sistemática nova; fora da mancha vermelha<br/><b>Longitude:</b> 22.904811<br/><b>Latitude:</b> -11.759788]]></description>
<Point>
<coordinates>22.90481086,-11.75978803,0</coordinates>
</Point>
</Placemark>
<Placemark>
<name>Amarelo | Gleyic Arenosols</name>
<styleUrl>#style_Amarelo</styleUrl>
<description><![CDATA[<b>ID:</b> CTRL_NV_0801<br/><b>Classificação:</b> NÃO VERMELHO – controle cartográfico<br/><b>Classe WRB:</b> Gleyic Arenosols<br/><b>Código de solo:</b> ARg<br/><b>Província:</b> 29<br/><b>Cor cartográfica do ponto:</b> Amarelo<br/><b>Fonte:</b> Derivado da camada Solos_Angola; posição sistemática nova; fora da mancha vermelha<br/><b>Longitude:</b> 22.904811<br/><b>Latitude:</b> -11.599788]]></description>
<Point>
<coordinates>22.90481086,-11.59978845,0</coordinates>
</Point>
</Placemark>
<Placemark>
<name>Amarelo | Gleyic Arenosols</name>
<styleUrl>#style_Amarelo</styleUrl>
<description><![CDATA[<b>ID:</b> CTRL_NV_0802<br/><b>Classificação:</b> NÃO VERMELHO – controle cartográfico<br/><b>Classe WRB:</b> Gleyic Arenosols<br/><b>Código de solo:</b> ARg<br/><b>Província:</b> 29<br/><b>Cor cartográfica do ponto:</b> Amarelo<br/><b>Fonte:</b> Derivado da camada Solos_Angola; posição sistemática nova; fora da mancha vermelha<br/><b>Longitude:</b> 22.904811<br/><b>Latitude:</b> -11.439878]]></description>
<Point>
<coordinates>22.90481086,-11.43987818,0</coordinates>
</Point>
</Placemark>
<Placemark>
<name>Amarelo | Gleyic Arenosols</name>
<styleUrl>#style_Amarelo</styleUrl>
<description><![CDATA[<b>ID:</b> CTRL_NV_0803<br/><b>Classificação:</b> NÃO VERMELHO – controle cartográfico<br/><b>Classe WRB:</b> Gleyic Arenosols<br/><b>Código de solo:</b> ARg<br/><b>Província:</b> 29<br/><b>Cor cartográfica do ponto:</b> Amarelo<br/><b>Fonte:</b> Derivado da camada Solos_Angola; posição sistemática nova; fora da mancha vermelha<br/><b>Longitude:</b> 22.904811<br/><b>Latitude:</b> -11.280056]]></description>
<Point>
<coordinates>22.90481086,-11.28005586,0</coordinates>
</Point>
</Placemark>
<Placemark>
<name>Amarelo | Gleyic Arenosols</name>
<styleUrl>#style_Amarelo</styleUrl>
<description><![CDATA[<b>ID:</b> CTRL_NV_0804<br/><b>Classificação:</b> NÃO VERMELHO – controle cartográfico<br/><b>Classe WRB:</b> Gleyic Arenosols<br/><b>Código de solo:</b> ARg<br/><b>Província:</b> 29<br/><b>Cor cartográfica do ponto:</b> Amarelo<br/><b>Fonte:</b> Derivado da camada Solos_Angola; posição sistemática nova; fora da mancha vermelha<br/><b>Longitude:</b> 22.904811<br/><b>Latitude:</b> -11.120320]]></description>
<Point>
<coordinates>22.90481086,-11.12032011,0</coordinates>
</Point>
</Placemark>
<Placemark>
<name>Amarelo | Dystric Arenosols</name>
<styleUrl>#style_Amarelo</styleUrl>
<description><![CDATA[<b>ID:</b> CTRL_NV_0805<br/><b>Classificação:</b> NÃO VERMELHO – controle cartográfico<br/><b>Classe WRB:</b> Dystric Arenosols<br/><b>Código de solo:</b> ARh<br/><b>Província:</b> 30<br/><b>Cor cartográfica do ponto:</b> Amarelo<br/><b>Fonte:</b> Derivado da camada Solos_Angola; posição sistemática nova; fora da mancha vermelha<br/><b>Longitude:</b> 23.112094<br/><b>Latitude:</b> -17.591391]]></description>
<Point>
<coordinates>23.11209422,-17.59139143,0</coordinates>
</Point>
</Placemark>
<Placemark>
<name>Amarelo | Dystri-Hypoluvic Arenosols</name>
<styleUrl>#style_Amarelo</styleUrl>
<description><![CDATA[<b>ID:</b> CTRL_NV_0806<br/><b>Classificação:</b> NÃO VERMELHO – controle cartográfico<br/><b>Classe WRB:</b> Dystri-Hypoluvic Arenosols<br/><b>Código de solo:</b> ARl<br/><b>Província:</b> 29<br/><b>Cor cartográfica do ponto:</b> Amarelo<br/><b>Fonte:</b> Derivado da camada Solos_Angola; posição sistemática nova; fora da mancha vermelha<br/><b>Longitude:</b> 23.112094<br/><b>Latitude:</b> -12.882402]]></description>
<Point>
<coordinates>23.11209422,-12.88240173,0</coordinates>
</Point>
</Placemark>
<Placemark>
<name>Amarelo | Gleyic Arenosols</name>
<styleUrl>#style_Amarelo</styleUrl>
<description><![CDATA[<b>ID:</b> CTRL_NV_0807<br/><b>Classificação:</b> NÃO VERMELHO – controle cartográfico<br/><b>Classe WRB:</b> Gleyic Arenosols<br/><b>Código de solo:</b> ARg<br/><b>Província:</b> 29<br/><b>Cor cartográfica do ponto:</b> Amarelo<br/><b>Fonte:</b> Derivado da camada Solos_Angola; posição sistemática nova; fora da mancha vermelha<br/><b>Longitude:</b> 23.112094<br/><b>Latitude:</b> -12.240336]]></description>
<Point>
<coordinates>23.11209422,-12.24033634,0</coordinates>
</Point>
</Placemark>
<Placemark>
<name>Amarelo | Gleyic Arenosols</name>
<styleUrl>#style_Amarelo</styleUrl>
<description><![CDATA[<b>ID:</b> CTRL_NV_0808<br/><b>Classificação:</b> NÃO VERMELHO – controle cartográfico<br/><b>Classe WRB:</b> Gleyic Arenosols<br/><b>Código de solo:</b> ARg<br/><b>Província:</b> 29<br/><b>Cor cartográfica do ponto:</b> Amarelo<br/><b>Fonte:</b> Derivado da camada Solos_Angola; posição sistemática nova; fora da mancha vermelha<br/><b>Longitude:</b> 23.112094<br/><b>Latitude:</b> -11.759788]]></description>
<Point>
<coordinates>23.11209422,-11.75978803,0</coordinates>
</Point>
</Placemark>
<Placemark>
<name>Amarelo | Gleyic Arenosols</name>
<styleUrl>#style_Amarelo</styleUrl>
<description><![CDATA[<b>ID:</b> CTRL_NV_0809<br/><b>Classificação:</b> NÃO VERMELHO – controle cartográfico<br/><b>Classe WRB:</b> Gleyic Arenosols<br/><b>Código de solo:</b> ARg<br/><b>Província:</b> 29<br/><b>Cor cartográfica do ponto:</b> Amarelo<br/><b>Fonte:</b> Derivado da camada Solos_Angola; posição sistemática nova; fora da mancha vermelha<br/><b>Longitude:</b> 23.112094<br/><b>Latitude:</b> -11.599788]]></description>
<Point>
<coordinates>23.11209422,-11.59978845,0</coordinates>
</Point>
</Placemark>
<Placemark>
<name>Amarelo | Gleyic Arenosols</name>
<styleUrl>#style_Amarelo</styleUrl>
<description><![CDATA[<b>ID:</b> CTRL_NV_0810<br/><b>Classificação:</b> NÃO VERMELHO – controle cartográfico<br/><b>Classe WRB:</b> Gleyic Arenosols<br/><b>Código de solo:</b> ARg<br/><b>Província:</b> 29<br/><b>Cor cartográfica do ponto:</b> Amarelo<br/><b>Fonte:</b> Derivado da camada Solos_Angola; posição sistemática nova; fora da mancha vermelha<br/><b>Longitude:</b> 23.112094<br/><b>Latitude:</b> -11.439878]]></description>
<Point>
<coordinates>23.11209422,-11.43987818,0</coordinates>
</Point>
</Placemark>
<Placemark>
<name>Amarelo | Gleyic Arenosols</name>
<styleUrl>#style_Amarelo</styleUrl>
<description><![CDATA[<b>ID:</b> CTRL_NV_0811<br/><b>Classificação:</b> NÃO VERMELHO – controle cartográfico<br/><b>Classe WRB:</b> Gleyic Arenosols<br/><b>Código de solo:</b> ARg<br/><b>Província:</b> 29<br/><b>Cor cartográfica do ponto:</b> Amarelo<br/><b>Fonte:</b> Derivado da camada Solos_Angola; posição sistemática nova; fora da mancha vermelha<br/><b>Longitude:</b> 23.112094<br/><b>Latitude:</b> -11.280056]]></description>
<Point>
<coordinates>23.11209422,-11.28005586,0</coordinates>
</Point>
</Placemark>
<Placemark>
<name>Amarelo | Gleyic Arenosols</name>
<styleUrl>#style_Amarelo</styleUrl>
<description><![CDATA[<b>ID:</b> CTRL_NV_0812<br/><b>Classificação:</b> NÃO VERMELHO – controle cartográfico<br/><b>Classe WRB:</b> Gleyic Arenosols<br/><b>Código de solo:</b> ARg<br/><b>Província:</b> 29<br/><b>Cor cartográfica do ponto:</b> Amarelo<br/><b>Fonte:</b> Derivado da camada Solos_Angola; posição sistemática nova; fora da mancha vermelha<br/><b>Longitude:</b> 23.112094<br/><b>Latitude:</b> -11.120320]]></description>
<Point>
<coordinates>23.11209422,-11.12032011,0</coordinates>
</Point>
</Placemark>
<Placemark>
<name>Amarelo | Dystri-Hypoluvic Arenosols</name>
<styleUrl>#style_Amarelo</styleUrl>
<description><![CDATA[<b>ID:</b> CTRL_NV_0813<br/><b>Classificação:</b> NÃO VERMELHO – controle cartográfico<br/><b>Classe WRB:</b> Dystri-Hypoluvic Arenosols<br/><b>Código de solo:</b> ARl<br/><b>Província:</b> 29<br/><b>Cor cartográfica do ponto:</b> Amarelo<br/><b>Fonte:</b> Derivado da camada Solos_Angola; posição sistemática nova; fora da mancha vermelha<br/><b>Longitude:</b> 23.319378<br/><b>Latitude:</b> -12.882402]]></description>
<Point>
<coordinates>23.31937758,-12.88240173,0</coordinates>
</Point>
</Placemark>
<Placemark>
<name>Amarelo | Dystri-Hypoluvic Arenosols</name>
<styleUrl>#style_Amarelo</styleUrl>
<description><![CDATA[<b>ID:</b> CTRL_NV_0814<br/><b>Classificação:</b> NÃO VERMELHO – controle cartográfico<br/><b>Classe WRB:</b> Dystri-Hypoluvic Arenosols<br/><b>Código de solo:</b> ARl<br/><b>Província:</b> 29<br/><b>Cor cartográfica do ponto:</b> Amarelo<br/><b>Fonte:</b> Derivado da camada Solos_Angola; posição sistemática nova; fora da mancha vermelha<br/><b>Longitude:</b> 23.319378<br/><b>Latitude:</b> -12.721738]]></description>
<Point>
<coordinates>23.31937758,-12.72173821,0</coordinates>
</Point>
</Placemark>
<Placemark>
<name>Amarelo | Gleyic Arenosols</name>
<styleUrl>#style_Amarelo</styleUrl>
<description><![CDATA[<b>ID:</b> CTRL_NV_0815<br/><b>Classificação:</b> NÃO VERMELHO – controle cartográfico<br/><b>Classe WRB:</b> Gleyic Arenosols<br/><b>Código de solo:</b> ARg<br/><b>Província:</b> 29<br/><b>Cor cartográfica do ponto:</b> Amarelo<br/><b>Fonte:</b> Derivado da camada Solos_Angola; posição sistemática nova; fora da mancha vermelha<br/><b>Longitude:</b> 23.319378<br/><b>Latitude:</b> -11.599788]]></description>
<Point>
<coordinates>23.31937758,-11.59978845,0</coordinates>
</Point>
</Placemark>
<Placemark>
<name>Amarelo | Dystri-Hypoluvic Arenosols</name>
<styleUrl>#style_Amarelo</styleUrl>
<description><![CDATA[<b>ID:</b> CTRL_NV_0816<br/><b>Classificação:</b> NÃO VERMELHO – controle cartográfico<br/><b>Classe WRB:</b> Dystri-Hypoluvic Arenosols<br/><b>Código de solo:</b> ARl<br/><b>Província:</b> 29<br/><b>Cor cartográfica do ponto:</b> Amarelo<br/><b>Fonte:</b> Derivado da camada Solos_Angola; posição sistemática nova; fora da mancha vermelha<br/><b>Longitude:</b> 23.526661<br/><b>Latitude:</b> -12.882402]]></description>
<Point>
<coordinates>23.52666093,-12.88240173,0</coordinates>
</Point>
</Placemark>
<Placemark>
<name>Amarelo | Dystri-Hypoluvic Arenosols</name>
<styleUrl>#style_Amarelo</styleUrl>
<description><![CDATA[<b>ID:</b> CTRL_NV_0817<br/><b>Classificação:</b> NÃO VERMELHO – controle cartográfico<br/><b>Classe WRB:</b> Dystri-Hypoluvic Arenosols<br/><b>Código de solo:</b> ARl<br/><b>Província:</b> 29<br/><b>Cor cartográfica do ponto:</b> Amarelo<br/><b>Fonte:</b> Derivado da camada Solos_Angola; posição sistemática nova; fora da mancha vermelha<br/><b>Longitude:</b> 23.526661<br/><b>Latitude:</b> -12.721738]]></description>
<Point>
<coordinates>23.52666093,-12.72173821,0</coordinates>
</Point>
</Placemark>
<Placemark>
<name>Amarelo | Dystri-Hypoluvic Arenosols</name>
<styleUrl>#style_Amarelo</styleUrl>
<description><![CDATA[<b>ID:</b> CTRL_NV_0818<br/><b>Classificação:</b> NÃO VERMELHO – controle cartográfico<br/><b>Classe WRB:</b> Dystri-Hypoluvic Arenosols<br/><b>Código de solo:</b> ARl<br/><b>Província:</b> 29<br/><b>Cor cartográfica do ponto:</b> Amarelo<br/><b>Fonte:</b> Derivado da camada Solos_Angola; posição sistemática nova; fora da mancha vermelha<br/><b>Longitude:</b> 23.526661<br/><b>Latitude:</b> -12.561174]]></description>
<Point>
<coordinates>23.52666093,-12.56117375,0</coordinates>
</Point>
</Placemark>
<Placemark>
<name>Amarelo | Dystri-Hypoluvic Arenosols</name>
<styleUrl>#style_Amarelo</styleUrl>
<description><![CDATA[<b>ID:</b> CTRL_NV_0819<br/><b>Classificação:</b> NÃO VERMELHO – controle cartográfico<br/><b>Classe WRB:</b> Dystri-Hypoluvic Arenosols<br/><b>Código de solo:</b> ARl<br/><b>Província:</b> 29<br/><b>Cor cartográfica do ponto:</b> Amarelo<br/><b>Fonte:</b> Derivado da camada Solos_Angola; posição sistemática nova; fora da mancha vermelha<br/><b>Longitude:</b> 23.526661<br/><b>Latitude:</b> -12.400707]]></description>
<Point>
<coordinates>23.52666093,-12.40070693,0</coordinates>
</Point>
</Placemark>
<Placemark>
<name>Amarelo | Dystri-Hypoluvic Arenosols</name>
<styleUrl>#style_Amarelo</styleUrl>
<description><![CDATA[<b>ID:</b> CTRL_NV_0820<br/><b>Classificação:</b> NÃO VERMELHO – controle cartográfico<br/><b>Classe WRB:</b> Dystri-Hypoluvic Arenosols<br/><b>Código de solo:</b> ARl<br/><b>Província:</b> 29<br/><b>Cor cartográfica do ponto:</b> Amarelo<br/><b>Fonte:</b> Derivado da camada Solos_Angola; posição sistemática nova; fora da mancha vermelha<br/><b>Longitude:</b> 23.733944<br/><b>Latitude:</b> -12.882402]]></description>
<Point>
<coordinates>23.73394429,-12.88240173,0</coordinates>
</Point>
</Placemark>
<Placemark>
<name>Amarelo | Dystri-Hypoluvic Arenosols</name>
<styleUrl>#style_Amarelo</styleUrl>
<description><![CDATA[<b>ID:</b> CTRL_NV_0821<br/><b>Classificação:</b> NÃO VERMELHO – controle cartográfico<br/><b>Classe WRB:</b> Dystri-Hypoluvic Arenosols<br/><b>Código de solo:</b> ARl<br/><b>Província:</b> 29<br/><b>Cor cartográfica do ponto:</b> Amarelo<br/><b>Fonte:</b> Derivado da camada Solos_Angola; posição sistemática nova; fora da mancha vermelha<br/><b>Longitude:</b> 23.733944<br/><b>Latitude:</b> -12.721738]]></description>
<Point>
<coordinates>23.73394429,-12.72173821,0</coordinates>
</Point>
</Placemark>
<Placemark>
<name>Amarelo | Dystri-Hypoluvic Arenosols</name>
<styleUrl>#style_Amarelo</styleUrl>
<description><![CDATA[<b>ID:</b> CTRL_NV_0822<br/><b>Classificação:</b> NÃO VERMELHO – controle cartográfico<br/><b>Classe WRB:</b> Dystri-Hypoluvic Arenosols<br/><b>Código de solo:</b> ARl<br/><b>Província:</b> 29<br/><b>Cor cartográfica do ponto:</b> Amarelo<br/><b>Fonte:</b> Derivado da camada Solos_Angola; posição sistemática nova; fora da mancha vermelha<br/><b>Longitude:</b> 23.941228<br/><b>Latitude:</b> -12.561174]]></description>
<Point>
<coordinates>23.94122764,-12.56117375,0</coordinates>
</Point>
</Placemark>
<Placemark>
<name>Amarelo | Dystri-Hypoluvic Arenosols</name>
<styleUrl>#style_Amarelo</styleUrl>
<description><![CDATA[<b>ID:</b> CTRL_NV_0823<br/><b>Classificação:</b> NÃO VERMELHO – controle cartográfico<br/><b>Classe WRB:</b> Dystri-Hypoluvic Arenosols<br/><b>Código de solo:</b> ARl<br/><b>Província:</b> 29<br/><b>Cor cartográfica do ponto:</b> Amarelo<br/><b>Fonte:</b> Derivado da camada Solos_Angola; posição sistemática nova; fora da mancha vermelha<br/><b>Longitude:</b> 23.941228<br/><b>Latitude:</b> -12.400707]]></description>
<Point>
<coordinates>23.94122764,-12.40070693,0</coordinates>
</Point>
</Placemark>
<Placemark>
<name>Amarelo | Dystri-Hypoluvic Arenosols</name>
<styleUrl>#style_Amarelo</styleUrl>
<description><![CDATA[<b>ID:</b> CTRL_NV_0824<br/><b>Classificação:</b> NÃO VERMELHO – controle cartográfico<br/><b>Classe WRB:</b> Dystri-Hypoluvic Arenosols<br/><b>Código de solo:</b> ARl<br/><b>Província:</b> 29<br/><b>Cor cartográfica do ponto:</b> Amarelo<br/><b>Fonte:</b> Derivado da camada Solos_Angola; posição sistemática nova; fora da mancha vermelha<br/><b>Longitude:</b> 23.941228<br/><b>Latitude:</b> -12.240336]]></description>
<Point>
<coordinates>23.94122764,-12.24033634,0</coordinates>
</Point>
</Placemark>
<Placemark>
<name>Amarelo | Dystri-Hypoluvic Arenosols</name>
<styleUrl>#style_Amarelo</styleUrl>
<description><![CDATA[<b>ID:</b> CTRL_NV_0825<br/><b>Classificação:</b> NÃO VERMELHO – controle cartográfico<br/><b>Classe WRB:</b> Dystri-Hypoluvic Arenosols<br/><b>Código de solo:</b> ARl<br/><b>Província:</b> 29<br/><b>Cor cartográfica do ponto:</b> Amarelo<br/><b>Fonte:</b> Derivado da camada Solos_Angola; posição sistemática nova; fora da mancha vermelha<br/><b>Longitude:</b> 23.941228<br/><b>Latitude:</b> -12.080061]]></description>
<Point>
<coordinates>23.94122764,-12.08006059,0</coordinates>
</Point>
</Placemark>
<Placemark>
<name>Amarelo | Dystri-Hypoluvic Arenosols</name>
<styleUrl>#style_Amarelo</styleUrl>
<description><![CDATA[<b>ID:</b> CTRL_NV_0826<br/><b>Classificação:</b> NÃO VERMELHO – controle cartográfico<br/><b>Classe WRB:</b> Dystri-Hypoluvic Arenosols<br/><b>Código de solo:</b> ARl<br/><b>Província:</b> 29<br/><b>Cor cartográfica do ponto:</b> Amarelo<br/><b>Fonte:</b> Derivado da camada Solos_Angola; posição sistemática nova; fora da mancha vermelha<br/><b>Longitude:</b> 23.941228<br/><b>Latitude:</b> -11.919878]]></description>
<Point>
<coordinates>23.94122764,-11.91987828,0</coordinates>
</Point>
</Placemark>
</Document>
</kml>