<?xml version="1.0" encoding="UTF-8"?>
<kml xmlns="http://www.opengis.net/kml/2.2" xmlns:gx="http://www.google.com/kml/ext/2.2" xmlns:kml="http://www.opengis.net/kml/2.2" xmlns:atom="http://www.w3.org/2005/Atom">
<Document>
	<name>Mancha Solos Vermelhos Actualizada.kml</name>
	<Style id="sv">
		<LineStyle>
			<color>ff19116d</color>
			<width>2</width>
		</LineStyle>
		<PolyStyle>
			<color>a5231b9b</color>
		</PolyStyle>
	</Style>
	<Folder>
		<name>Mancha Solos Vermelhos Actualizada</name>
		<Placemark>
			<name>Mancha SV [1]</name>
			<styleUrl>#sv</styleUrl>
			<Polygon>
				<tessellate>1</tessellate>
				<outerBoundaryIs>
					<LinearRing>
						<coordinates>
							12.5804901,-15.9411383,0 12.5584249,-15.9138832,0 12.545186,-15.8919506,0 12.5433711,-15.8784043,0 12.5421307,-15.8691465,0 12.539525,-15.849699,0 12.5377808,-15.8194885,0 12.5318279,-15.7629948,0 12.5182705,-15.7529001,0 12.5427361,-15.7618351,0 12.5789461,-15.7510497,0 12.5828896,-15.7498751,0 12.5928131,-15.7517524,0 12.6289417,-15.758587,0 12.6342987,-15.7596004,0 12.6461115,-15.7618351,0 12.6973715,-15.7618351,0 12.7315454,-15.7498751,0 12.725565,-15.7157011,0 12.714809,-15.7049452,0 12.6929608,-15.6830969,0 12.691391,-15.6815271,0 12.6512375,-15.6584597,0 12.6443821,-15.6535417,0 12.6119375,-15.6302662,0 12.5854671,-15.6106586,0 12.5658035,-15.5960932,0 12.5316296,-15.5678997,0 12.5264195,-15.5590425,0 12.5145426,-15.5388517,0 12.5153317,-15.5356346,0 12.5256491,-15.4935713,0 12.5598145,-15.4594221,0 12.5791264,-15.4662704,0 12.6156197,-15.4847603,0 12.6530546,-15.4923742,0 12.6944017,-15.5007839,0 12.7144363,-15.5023252,0 12.7466669,-15.5048046,0 12.7530222,-15.5140591,0 12.7551975,-15.5534029,0 12.7608032,-15.5996542,0 12.7554083,-15.6308508,0 12.7705793,-15.6750317,0 12.7713259,-15.6791503,0 12.7766459,-15.7084982,0 12.7770042,-15.710475,0 12.8219624,-15.7245674,0 12.8658257,-15.7340727,0 12.8693483,-15.7339984,0 12.8853988,-15.73366,0 12.9188318,-15.732955,0 12.9417056,-15.7327535,0 12.9748011,-15.7324619,0 13.0111217,-15.7321053,0 13.0344696,-15.7270472,0 13.0541658,-15.7227802,0 13.1395502,-15.709219,0 13.1772518,-15.6986256,0 13.187088,-15.7136335,0 13.1931314,-15.7405176,0 13.188385,-15.7711592,0 13.1818323,-15.8029003,0 13.1771861,-15.8078999,0 13.1654768,-15.8205001,0 13.1605577,-15.8257933,0 13.1606262,-15.827144,0 13.1622915,-15.8599815,0 13.1503515,-15.8927422,0 13.1384993,-15.9209509,0 13.137018,-15.9287213,0 13.1332045,-15.9487257,0 13.1361733,-15.9595405,0 13.1393328,-15.9710493,0 13.154417,-15.9924231,0 13.1714569,-16.0005804,0 13.1780376,-16.0037308,0 13.1740217,-16.0269775,0 13.1588926,-16.0391788,0 13.1504949,-16.0418361,0 13.1319122,-16.0477161,0 13.1139746,-16.0507526,0 13.0750875,-16.0584621,0 13.044673,-16.0595226,0 13.0135832,-16.0645466,0 12.9839441,-16.0710729,0 12.9782677,-16.0723228,0 12.9434767,-16.083519,0 12.9024544,-16.1082325,0 12.8776741,-16.1253281,0 12.8271503,-16.1475449,0 12.8112154,-16.1527025,0 12.8031826,-16.1553024,0 12.7761412,-16.1640549,0 12.7664843,-16.1405125,0 12.7479763,-16.1418076,0 12.73141,-16.1494795,0 12.7257071,-16.1521206,0 12.7055979,-16.1732903,0 12.7031565,-16.1745442,0 12.6796274,-16.1866288,0 12.6611118,-16.1961384,0 12.6567831,-16.1983604,0 12.6535235,-16.1965083,0 12.6432285,-16.1906586,0 12.6327963,-16.176199,0 12.6296052,-16.1708316,0 12.6183958,-16.1519775,0 12.6126208,-16.1406936,0 12.6080847,-16.1318302,0 12.609309,-16.1227336,0 12.6109095,-16.1108418,0 12.6085225,-16.0981341,0 12.606616,-16.0879841,0 12.6069472,-16.0865059,0 12.6138458,-16.0557156,0 12.6061592,-16.0242443,0 12.6115427,-15.9947739,0 12.5932102,-15.9596415,0 12.5804901,-15.9411383,0 
						</coordinates>
					</LinearRing>
				</outerBoundaryIs>
			</Polygon>
		</Placemark>
		<Placemark>
			<name>Mancha SV [2]</name>
			<styleUrl>#sv</styleUrl>
			<Polygon>
				<tessellate>1</tessellate>
				<outerBoundaryIs>
					<LinearRing>
						<coordinates>
							11.8984514,-15.7638557,0 11.9045353,-15.7555676,0 11.9091711,-15.7496614,0 11.9119787,-15.7411661,0 11.9138916,-15.7317582,0 11.9231054,-15.7377214,0 11.9295826,-15.7438488,0 11.9404154,-15.7544537,0 11.9522362,-15.7632408,0 11.9663229,-15.7760048,0 11.980525,-15.7841444,0 11.9960032,-15.7784634,0 12.0084724,-15.7801075,0 12.0220022,-15.7911482,0 12.038661,-15.7911167,0 12.0537834,-15.7905102,0 12.0640116,-15.7971821,0 12.076827,-15.8043699,0 12.0828567,-15.8076599,0 12.0921812,-15.8259926,0 12.0966988,-15.8369188,0 12.0968809,-15.8551397,0 12.0986195,-15.8613682,0 12.101841,-15.8729076,0 12.0913978,-15.8757041,0 12.0862598,-15.87708,0 12.074029,-15.8648272,0 12.0549412,-15.8398809,0 12.0285835,-15.820446,0 12.0014534,-15.80896,0 11.9747887,-15.803175,0 11.9498444,-15.8002787,0 11.925705,-15.7883682,0 11.9052744,-15.7706985,0 11.8984514,-15.7638557,0 
						</coordinates>
					</LinearRing>
				</outerBoundaryIs>
			</Polygon>
		</Placemark>
		<Placemark>
			<name>Mancha SV [3]</name>
			<styleUrl>#sv</styleUrl>
			<Polygon>
				<tessellate>1</tessellate>
				<outerBoundaryIs>
					<LinearRing>
						<coordinates>
							12.0497751,-15.7804947,0 12.0280496,-15.7754584,0 12.0415134,-15.7757902,0 12.058733,-15.7779217,0 12.0689105,-15.7886899,0 12.0656757,-15.7868252,0 12.0497751,-15.7804947,0 
						</coordinates>
					</LinearRing>
				</outerBoundaryIs>
			</Polygon>
		</Placemark>
		<Placemark>
			<name>Mancha SV [4]</name>
			<styleUrl>#sv</styleUrl>
			<Polygon>
				<tessellate>1</tessellate>
				<outerBoundaryIs>
					<LinearRing>
						<coordinates>
							11.9827156,-15.7692146,0 12.0052643,-15.7726192,0 12.0185952,-15.7745466,0 12.0010643,-15.7741852,0 11.9757204,-15.7681217,0 11.9634051,-15.7609673,0 11.9668064,-15.7619877,0 11.9827156,-15.7692146,0 
						</coordinates>
					</LinearRing>
				</outerBoundaryIs>
			</Polygon>
		</Placemark>
		<Placemark>
			<name>Mancha SV [5]</name>
			<styleUrl>#sv</styleUrl>
			<Polygon>
				<tessellate>1</tessellate>
				<outerBoundaryIs>
					<LinearRing>
						<coordinates>
							12.1523466,-15.151845,0 12.148653,-15.1440458,0 12.1462599,-15.1389919,0 12.1456566,-15.1369038,0 12.1414099,-15.1264162,0 12.1391926,-15.1201344,0 12.1291256,-15.1176376,0 12.1239738,-15.1272411,0 12.1162023,-15.1262839,0 12.1218624,-15.1041479,0 12.1434399,-15.1031708,0 12.1494932,-15.1028967,0 12.1673927,-15.0993443,0 12.1883259,-15.0930128,0 12.2204762,-15.0898018,0 12.2447681,-15.0926657,0 12.2499693,-15.0931563,0 12.260561,-15.0941553,0 12.2601309,-15.0991983,0 12.260081,-15.0997822,0 12.2592478,-15.109539,0 12.2483721,-15.1178265,0 12.2298517,-15.122509,0 12.2125063,-15.1277885,0 12.1933899,-15.1324558,0 12.1915827,-15.1325178,0 12.1745138,-15.140728,0 12.1685333,-15.1501255,0 12.1676788,-15.161232,0 12.1710968,-15.1663589,0 12.1719036,-15.1675694,0 12.1728048,-15.1689215,0 12.1804943,-15.173193,0 12.1881828,-15.1757565,0 12.1967201,-15.1834793,0 12.1987839,-15.1838703,0 12.2118815,-15.1846887,0 12.2136202,-15.1847973,0 12.2361383,-15.1876192,0 12.2438011,-15.1888876,0 12.2557859,-15.1908712,0 12.2518854,-15.2011032,0 12.2467058,-15.2033674,0 12.231411,-15.2100534,0 12.2103243,-15.2106276,0 12.2029428,-15.2107506,0 12.1961386,-15.2104041,0 12.181572,-15.2096624,0 12.1556807,-15.1982088,0 12.1410332,-15.194869,0 12.1457453,-15.19384,0 12.1513805,-15.184288,0 12.1542025,-15.1750097,0 12.1562729,-15.1681948,0 12.1557718,-15.1661081,0 12.1523466,-15.151845,0 
						</coordinates>
					</LinearRing>
				</outerBoundaryIs>
			</Polygon>
		</Placemark>
		<Placemark>
			<name>Mancha SV [6]</name>
			<styleUrl>#sv</styleUrl>
			<Polygon>
				<tessellate>1</tessellate>
				<outerBoundaryIs>
					<LinearRing>
						<coordinates>
							12.5554609,-15.1307297,0 12.5521336,-15.1159525,0 12.5361401,-15.0665187,0 12.5333376,-15.0578566,0 12.5270752,-15.0236203,0 12.5205231,-14.9878006,0 12.5196973,-14.9752504,0 12.5162506,-14.9228706,0 12.5427361,-14.9117641,0 12.5478621,-14.8784447,0 12.5521336,-14.8639212,0 12.55488,-14.8590824,0 12.5619953,-14.8465461,0 12.570075,-14.8323107,0 12.5718791,-14.8236507,0 12.5743465,-14.8118067,0 12.5761079,-14.7872969,0 12.5780354,-14.7604771,0 12.5666285,-14.7571135,0 12.5361471,-14.7393074,0 12.535676,-14.7392017,0 12.507803,-14.7329493,0 12.480608,-14.7283249,0 12.4792852,-14.7256422,0 12.4652243,-14.7240473,0 12.4555922,-14.7229548,0 12.4437153,-14.7187816,0 12.4239826,-14.7118483,0 12.4102637,-14.7104765,0 12.3812647,-14.7075768,0 12.3801881,-14.7074371,0 12.3535023,-14.7039766,0 12.3530521,-14.7008085,0 12.3531079,-14.7003786,0 12.3531187,-14.7002953,0 12.3551884,-14.6843243,0 12.3560098,-14.6716977,0 12.356966,-14.6569996,0 12.3607953,-14.6466884,0 12.3628828,-14.6410675,0 12.3632631,-14.6400433,0 12.3658162,-14.6250896,0 12.3673353,-14.6161919,0 12.3621871,-14.6131454,0 12.353282,-14.6078758,0 12.3442114,-14.5993169,0 12.3439837,-14.599102,0 12.3420675,-14.5910138,0 12.340723,-14.5853386,0 12.3418217,-14.561986,0 12.3381414,-14.5402279,0 12.3368263,-14.5275812,0 12.3361788,-14.5213633,0 12.3410436,-14.5168929,0 12.3500919,-14.5085783,0 12.3616447,-14.4951658,0 12.3668133,-14.4816091,0 12.3691864,-14.4753847,0 12.3736763,-14.4595232,0 12.3776722,-14.439086,0 12.3810263,-14.4209146,0 12.3891563,-14.4011459,0 12.4023218,-14.3951836,0 12.4071154,-14.3920741,0 12.4167442,-14.385828,0 12.4154792,-14.3710916,0 12.4153214,-14.3692532,0 12.4113551,-14.3574901,0 12.4108629,-14.3560305,0 12.4088116,-14.3411531,0 12.4051722,-14.3280705,0 12.4038601,-14.3233538,0 12.4048243,-14.313283,0 12.410593,-14.3132458,0 12.4239779,-14.3103538,0 12.4274321,-14.3096075,0 12.4275813,-14.3097273,0 12.4453402,-14.3239765,0 12.4598646,-14.335083,0 12.4599962,-14.3352223,0 12.4743881,-14.350461,0 12.4817237,-14.3554626,0 12.4931841,-14.3632765,0 12.5042906,-14.3769455,0 12.5190401,-14.3974886,0 12.5388308,-14.3852577,0 12.5440375,-14.3815253,0 12.5634956,-14.3675766,0 12.5653886,-14.3662392,0 12.5791311,-14.3565302,0 12.5850291,-14.3507566,0 12.5984869,-14.3375826,0 12.6006565,-14.3345889,0 12.6119041,-14.3190689,0 12.6119473,-14.2992512,0 12.6119738,-14.2871284,0 12.6065016,-14.2653275,0 12.6106942,-14.2571873,0 12.616374,-14.2461596,0 12.6276497,-14.2316198,0 12.6285439,-14.2304668,0 12.6412145,-14.2213097,0 12.6537943,-14.2122183,0 12.684206,-14.2020721,0 12.6993055,-14.187583,0 12.7121825,-14.169305,0 12.7139416,-14.1668081,0 12.7143033,-14.1490099,0 12.7144747,-14.1405773,0 12.7261944,-14.1174526,0 12.7462301,-14.092802,0 12.7707777,-14.0790911,0 12.7883024,-14.0612268,0 12.790545,-14.0344446,0 12.7906389,-14.0333233,0 12.7810173,-14.011426,0 12.774148,-13.997845,0 12.7696333,-13.9889193,0 12.7639037,-13.9615358,0 12.7631559,-13.957962,0 12.7591152,-13.9236345,0 12.7647338,-13.9036405,0 12.7654886,-13.9009542,0 12.7668897,-13.882209,0 12.7679157,-13.8684826,0 12.778758,-13.8293514,0 12.77932,-13.8013724,0 12.779686,-13.7831478,0 12.7786465,-13.7466002,0 12.7791787,-13.7337046,0 12.7797995,-13.7186623,0 12.7861204,-13.6982574,0 12.7917728,-13.689724,0 12.7960827,-13.6832168,0 12.79953,-13.6780119,0 12.8176785,-13.6573,0 12.843379,-13.643033,0 12.8602504,-13.6402131,0 12.8679762,-13.6389217,0 12.8795547,-13.6369867,0 12.9205208,-13.6276169,0 12.9334965,-13.6290445,0 12.9364672,-13.6292448,0 12.9321585,-13.6370049,0 12.923295,-13.6670609,0 12.9530964,-13.6848354,0 12.9576645,-13.6862024,0 12.9668857,-13.6889619,0 12.9782553,-13.6923642,0 12.9860106,-13.694685,0 12.9991087,-13.6993682,0 13.0183029,-13.7062311,0 13.0376396,-13.71521,0 13.0585117,-13.7367754,0 13.064349,-13.7446735,0 13.0752268,-13.7593918,0 13.0894928,-13.78652,0 13.1097937,-13.807498,0 13.1241198,-13.8317709,0 13.1245991,-13.8323021,0 13.1409206,-13.8503885,0 13.1609163,-13.8565207,0 13.1805124,-13.8523693,0 13.1875782,-13.8499146,0 13.2037315,-13.8443003,0 13.2309074,-13.8460131,0 13.2598896,-13.8460474,0 13.2741318,-13.8434916,0 13.2845602,-13.8231659,0 13.2843695,-13.8225312,0 13.2773142,-13.7990475,0 13.2649174,-13.7656908,0 13.2552919,-13.7426634,0 13.2569465,-13.7237703,0 13.2575369,-13.7170286,0 13.2616467,-13.6979412,0 13.2618089,-13.697188,0 13.262063,-13.6960077,0 13.2690048,-13.6721811,0 13.2576075,-13.6491156,0 13.2519595,-13.6327758,0 13.2480688,-13.62152,0 13.2403056,-13.6255596,0 13.2319468,-13.6299092,0 13.2186934,-13.6368056,0 13.2164392,-13.6379786,0 13.1992469,-13.6504524,0 13.1942701,-13.6540632,0 13.190182,-13.654435,0 13.1780124,-13.6555418,0 13.1688099,-13.6563787,0 13.1484947,-13.6365423,0 13.1359911,-13.6100216,0 13.1357488,-13.6087169,0 13.1334295,-13.5962257,0 13.1386232,-13.595808,0 13.1394884,-13.5955935,0 13.1469648,-13.5937401,0 13.1683092,-13.5884485,0 13.2010012,-13.5782948,0 13.2319298,-13.5675306,0 13.2339937,-13.5665854,0 13.2519456,-13.5583638,0 13.2700682,-13.5500641,0 13.2915173,-13.5358896,0 13.2993755,-13.5306959,0 13.3244305,-13.5175161,0 13.3376722,-13.5040903,0 13.346385,-13.4797258,0 13.3592501,-13.4543056,0 13.3615236,-13.4433212,0 13.3644266,-13.4292936,0 13.3666306,-13.405365,0 13.3662138,-13.3889246,0 13.3606577,-13.3778629,0 13.3543549,-13.3657227,0 13.342309,-13.3460646,0 13.3302879,-13.3252649,0 13.3254118,-13.3011885,0 13.3285027,-13.2915134,0 13.3116436,-13.2697172,0 13.3116436,-13.2534857,0 13.3116436,-13.2466507,0 13.3116436,-13.2372532,0 13.3082266,-13.2133312,0 13.3082266,-13.2005157,0 13.3244591,-13.1868467,0 13.3646135,-13.2005157,0 13.4092398,-13.2325792,0 13.4152308,-13.2305288,0 13.4392796,-13.2390108,0 13.4604797,-13.2417259,0 13.5152712,-13.2406511,0 13.5545225,-13.2449179,0 13.6057196,-13.2713699,0 13.6398506,-13.2927017,0 13.6697159,-13.3183002,0 13.7046995,-13.3353662,0 13.7345648,-13.3524323,0 13.7857618,-13.3652315,0 13.8189487,-13.3732309,0 13.8510046,-13.3989573,0 13.8518954,-13.4000538,0 13.8787937,-13.4331627,0 13.8971043,-13.4694681,0 13.9102144,-13.4988251,0 13.9211864,-13.5144405,0 13.9291782,-13.5215672,0 13.9532213,-13.5430079,0 13.9758368,-13.5696821,0 13.9841375,-13.5806541,0 13.9920406,-13.5910997,0 14.0068045,-13.6290398,0 14.0111408,-13.6536608,0 14.0119735,-13.6567294,0 14.0196073,-13.6848614,0 14.0206347,-13.6886473,0 14.0224477,-13.6975464,0 14.0203501,-13.6947575,0 14.0154969,-13.689479,0 14.0101381,-13.684691,0 14.0043254,-13.6804394,0 13.9981147,-13.6767653,0 13.9915657,-13.673704,0 13.9847417,-13.6712849,0 13.9777081,-13.6695314,0 13.9705327,-13.6684602,0 13.9632845,-13.6680817,0 13.9560333,-13.6683996,0 13.9488489,-13.6694107,0 13.9418003,-13.6711053,0 13.9349554,-13.6734672,0 13.9283801,-13.6764736,0 13.9221376,-13.6800955,0 13.916288,-13.6842981,0 13.9108877,-13.689041,0 13.9059886,-13.6942784,0 13.9016379,-13.6999601,0 13.8978775,-13.7060313,0 13.8947437,-13.7124336,0 13.8922667,-13.7191053,0 13.8904703,-13.7259822,0 13.889372,-13.7329981,0 13.8889918,-13.7399138,0 13.884519,-13.7387971,0 13.8773422,-13.7377231,0 13.8700923,-13.7373418,0 13.862839,-13.7376567,0 13.8556523,-13.7386649,0 13.8486011,-13.7403567,0 13.8417534,-13.7427157,0 13.8351751,-13.7457194,0 13.8289295,-13.7493386,0 13.8230766,-13.7535388,0 13.8176729,-13.7582793,0 13.8127703,-13.7635146,0 13.808416,-13.7691944,0 13.8046521,-13.7752638,0 13.8015148,-13.7816646,0 13.7990343,-13.7883351,0 13.7972346,-13.795211,0 13.7961331,-13.8022262,0 13.7957404,-13.8093132,0 13.7960603,-13.8164036,0 13.7970899,-13.8234293,0 13.7988193,-13.8303225,0 13.801232,-13.8370168,0 13.8043046,-13.8434478,0 13.8080077,-13.8495536,0 13.8123057,-13.8552751,0 13.8171572,-13.8605575,0 13.8225154,-13.8653497,0 13.8283288,-13.8696056,0 13.8345414,-13.8732841,0 13.8410933,-13.8763498,0 13.8479214,-13.8787731,0 13.8549599,-13.8805308,0 13.8621409,-13.8816057,0 13.8693952,-13.8819876,0 13.876653,-13.8816728,0 13.8838441,-13.8806644,0 13.8908994,-13.8789719,0 13.8954213,-13.8774143,0 13.8955999,-13.8777876,0 13.8975196,-13.8809497,0 13.8976722,-13.8819877,0 13.8979418,-13.8830602,0 13.8979763,-13.8838191,0 13.8990092,-13.8908445,0 13.900742,-13.8977372,0 13.9031582,-13.9044308,0 13.9036127,-13.9053809,0 13.9040535,-13.9083788,0 13.9057866,-13.9152715,0 13.908203,-13.9219651,0 13.9112797,-13.928395,0 13.9149869,-13.9344994,0 13.9156564,-13.9353896,0 13.9159186,-13.9359375,0 13.9196261,-13.9420418,0 13.9239285,-13.9477617,0 13.9287844,-13.9530421,0 13.9341471,-13.9578322,0 13.9365834,-13.9596134,0 13.9367214,-13.9597968,0 13.9415779,-13.965077,0 13.9469411,-13.9698668,0 13.9485135,-13.9710162,0 13.9485584,-13.9710651,0 13.953922,-13.9758548,0 13.9597407,-13.9801078,0 13.9655137,-13.9835205,0 13.9675325,-13.984996,0 13.9717458,-13.9874863,0 13.9735955,-13.9926042,0 13.9744555,-13.9943998,0 13.9742267,-13.9985786,0 13.9745519,-14.0056691,0 13.9755874,-14.0126943,0 13.9757081,-14.0131736,0 13.9739347,-14.0199611,0 13.9728368,-14.0269773,0 13.9724485,-14.0340648,0 13.9727737,-14.0411553,0 13.9738092,-14.0481806,0 13.9743559,-14.0503514,0 13.9742873,-14.0516025,0 13.9746125,-14.058693,0 13.9750774,-14.0618469,0 13.9747422,-14.062749,0 13.9729449,-14.0696264,0 13.9718466,-14.0766425,0 13.9714919,-14.0831134,0 13.9687516,-14.087532,0 13.9656138,-14.0939347,0 13.9631338,-14.1006068,0 13.9613357,-14.107484,0 13.9602369,-14.1145,0 13.9598479,-14.1215874,0 13.9601725,-14.1286779,0 13.9612078,-14.1357031,0 13.9629438,-14.1425955,0 13.9653639,-14.1492887,0 13.9684447,-14.1557181,0 13.9704852,-14.1590733,0 13.970229,-14.1607093,0 13.9685298,-14.1652793,0 13.9667313,-14.1721564,0 13.9656321,-14.1791725,0 13.965243,-14.1862598,0 13.9655678,-14.1933503,0 13.9666034,-14.2003755,0 13.9683399,-14.2072678,0 13.9707607,-14.213961,0 13.9738424,-14.2203903,0 13.9775555,-14.226494,0 13.9818643,-14.2322133,0 13.9867272,-14.2374929,0 13.9920974,-14.2422821,0 13.9979233,-14.2465347,0 14.0041486,-14.2502096,0 14.0107135,-14.2532716,0 14.0109429,-14.2533527,0 14.0089955,-14.2540232,0 14.0024039,-14.2570303,0 13.9961461,-14.260653,0 13.9902823,-14.2648563,0 13.9848689,-14.2695997,0 13.9799581,-14.2748377,0 13.9755972,-14.2805198,0 13.9718281,-14.2865913,0 13.9686871,-14.2929938,0 13.9662047,-14.2996657,0 13.9644047,-14.3065426,0 13.9633045,-14.3135585,0 13.9629149,-14.3206458,0 13.9632395,-14.3277361,0 13.9642753,-14.3347613,0 13.9660125,-14.3416537,0 13.9669798,-14.3443272,0 13.9659284,-14.3483433,0 13.964828,-14.3553591,0 13.9644382,-14.3624464,0 13.9647628,-14.3695367,0 13.9657988,-14.3765619,0 13.9675363,-14.3834542,0 13.9694923,-14.3888591,0 13.9679692,-14.3946753,0 13.9668685,-14.4016911,0 13.9664786,-14.4087783,0 13.9668033,-14.4158686,0 13.9678394,-14.4228938,0 13.9695772,-14.4297862,0 13.9719999,-14.4364793,0 13.9750843,-14.4429087,0 13.9788007,-14.4490126,0 13.9800638,-14.4506878,0 13.9801085,-14.4516632,0 13.9811452,-14.4586884,0 13.9828836,-14.4655806,0 13.9853071,-14.4722736,0 13.9858968,-14.4735027,0 13.958228,-14.4689527,0 13.9504452,-14.4676733,0 13.8838902,-14.4437809,0 13.8577118,-14.4353371,0 13.804534,-14.4181824,0 13.7832022,-14.4113569,0 13.762641,-14.4104003,0 13.7500558,-14.4098148,0 13.7465115,-14.4096498,0 13.7201033,-14.4035082,0 13.7309341,-14.3586636,0 13.7592817,-14.3192329,0 13.7636929,-14.313097,0 13.7674074,-14.2681112,0 13.7596368,-14.2461253,0 13.7580601,-14.2416645,0 13.7515755,-14.2233171,0 13.7461366,-14.2056326,0 13.7392225,-14.1831512,0 13.7386195,-14.1823938,0 13.7189293,-14.1576595,0 13.7166394,-14.1538897,0 13.7028008,-14.1311073,0 13.6954142,-14.1179266,0 13.6924582,-14.1126518,0 13.6871382,-14.1054428,0 13.6745195,-14.0883436,0 13.6441174,-14.1075878,0 13.6244904,-14.1739629,0 13.6163787,-14.2013952,0 13.6110599,-14.2193825,0 13.6055439,-14.2380368,0 13.597187,-14.2662983,0 13.587207,-14.270084,0 13.5436507,-14.286606,0 13.5096967,-14.2994856,0 13.5008354,-14.3028469,0 13.4904671,-14.320282,0 13.4881683,-14.3229321,0 13.4812281,-14.3309329,0 13.4699053,-14.3439862,0 13.4656687,-14.3488703,0 13.4460115,-14.3547468,0 13.4272556,-14.3633198,0 13.4173374,-14.3678532,0 13.3956861,-14.3856621,0 13.3867175,-14.3922924,0 13.3716621,-14.4034224,0 13.3410034,-14.3948088,0 13.3327103,-14.3946371,0 13.3137341,-14.3953886,0 13.3037995,-14.4005937,0 13.2969809,-14.4041662,0 13.2839604,-14.4142821,0 13.2705269,-14.4247189,0 13.2568349,-14.4434939,0 13.2543325,-14.4469252,0 13.2556948,-14.4475542,0 13.2652826,-14.4519815,0 13.2762871,-14.4658976,0 13.2777083,-14.4786787,0 13.2793379,-14.4933329,0 13.2853308,-14.5219698,0 13.2829762,-14.5532827,0 13.282487,-14.5606004,0 13.2813396,-14.5777664,0 13.2914314,-14.6093349,0 13.3060985,-14.6336912,0 13.3081198,-14.6370478,0 13.2981434,-14.6636381,0 13.2936206,-14.6695886,0 13.2738266,-14.695631,0 13.2586861,-14.7124205,0 13.2379942,-14.7404928,0 13.2067394,-14.7620726,0 13.195302,-14.7584906,0 13.1813765,-14.7541294,0 13.1539316,-14.7307472,0 13.1487698,-14.7274433,0 13.141036,-14.7224932,0 13.119256,-14.71348,0 13.1051592,-14.7031283,0 13.1022684,-14.7010056,0 13.0952702,-14.6958666,0 13.0805445,-14.6904211,0 13.0600204,-14.6780081,0 13.0324621,-14.6614523,0 13.0192223,-14.6406422,0 13.0291481,-14.6180496,0 13.051075,-14.6171171,0 13.0558567,-14.6169138,0 13.0780296,-14.6048441,0 13.0860186,-14.5901909,0 13.078618,-14.5740671,0 13.0599804,-14.5565615,0 13.0330687,-14.5377359,0 13.0073233,-14.5200739,0 12.9759054,-14.5199633,0 12.9599039,-14.5228094,0 12.9473486,-14.5250425,0 12.9191393,-14.5260864,0 12.9182777,-14.5261183,0 12.8960295,-14.5119438,0 12.893696,-14.5068993,0 12.8875017,-14.4935083,0 12.873058,-14.4748677,0 12.8717374,-14.4731634,0 12.8713179,-14.4726219,0 12.8476171,-14.4720984,0 12.8385516,-14.4739169,0 12.8220263,-14.477232,0 12.8155854,-14.4773834,0 12.7995486,-14.4777604,0 12.7971182,-14.4778175,0 12.7968846,-14.4756059,0 12.7931337,-14.4400911,0 12.772624,-14.4578819,0 12.7531691,-14.481967,0 12.7417193,-14.4828094,0 12.7353592,-14.4832773,0 12.724473,-14.4938669,0 12.7246995,-14.4952149,0 12.7287045,-14.5190535,0 12.7371302,-14.5420532,0 12.7338552,-14.5573759,0 12.7297307,-14.5649211,0 12.725234,-14.5731468,0 12.7106739,-14.5778766,0 12.7055349,-14.579546,0 12.6973258,-14.5788808,0 12.6859989,-14.5779629,0 12.6634769,-14.5774517,0 12.655707,-14.5772749,0 12.6421394,-14.5769663,0 12.644516,-14.6055298,0 12.6751289,-14.6164894,0 12.6998963,-14.6241886,0 12.7028255,-14.6250992,0 12.7129419,-14.6297353,0 12.7202435,-14.6330814,0 12.7316179,-14.6382933,0 12.7359562,-14.6445417,0 12.7530107,-14.6655712,0 12.7616501,-14.6783075,0 12.7752018,-14.7122488,0 12.7703028,-14.7491961,0 12.764472,-14.7575665,0 12.7682009,-14.7651119,0 12.7906332,-14.8003874,0 12.8094177,-14.8401365,0 12.8173734,-14.8527355,0 12.8284016,-14.8702002,0 12.8637171,-14.885231,0 12.8735256,-14.8694868,0 12.8788614,-14.8399639,0 12.8770084,-14.8137026,0 12.8689585,-14.770771,0 12.8643518,-14.7439135,0 12.8640201,-14.7419796,0 12.8625784,-14.7335739,0 12.8673182,-14.7040329,0 12.8828442,-14.6873372,0 12.8855011,-14.68448,0 12.8927746,-14.6766586,0 12.9005127,-14.6761001,0 12.923069,-14.6744719,0 12.9559374,-14.6922932,0 12.985878,-14.7083359,0 13.0133305,-14.7305946,0 13.0425196,-14.755167,0 13.0728569,-14.7820396,0 13.0926476,-14.8008003,0 13.0914469,-14.8029575,0 13.0991755,-14.8333349,0 13.1032736,-14.8419507,0 13.1128702,-14.8621264,0 13.1124153,-14.8860569,0 13.1136232,-14.8947927,0 13.1150236,-14.9049215,0 13.1164026,-14.9260387,0 13.1374636,-14.9424429,0 13.1470255,-14.9514379,0 13.1572971,-14.9611006,0 13.1611094,-14.9681571,0 13.1681976,-14.9812775,0 13.1701326,-15.0046825,0 13.1685686,-15.0245972,0 13.1672343,-15.0293459,0 13.1622019,-15.0472565,0 13.1595421,-15.0548916,0 13.1513872,-15.0538673,0 13.1201248,-15.07372,0 13.1004953,-15.1063538,0 13.096636,-15.1124836,0 13.0845652,-15.1316557,0 13.0662136,-15.1591845,0 13.0659429,-15.1597451,0 13.0560322,-15.1802702,0 13.0521479,-15.1799641,0 13.0308323,-15.1760874,0 12.9982882,-15.1691198,0 12.9632139,-15.1700697,0 12.9346943,-15.1700191,0 12.9274845,-15.1712396,0 12.9019041,-15.1755695,0 12.8955439,-15.1757565,0 12.8733689,-15.1764082,0 12.8686104,-15.176548,0 12.8567868,-15.1767598,0 12.8400793,-15.1770592,0 12.8043184,-15.1825333,0 12.7756481,-15.1898718,0 12.7328482,-15.1906242,0 12.6966772,-15.1869612,0 12.6700907,-15.1795235,0 12.6271238,-15.1597433,0 12.5882721,-15.1423292,0 12.5554609,-15.1307297,0 
						</coordinates>
					</LinearRing>
				</outerBoundaryIs>
			</Polygon>
		</Placemark>
		<Placemark>
			<name>Mancha SV [7]</name>
			<styleUrl>#sv</styleUrl>
			<Polygon>
				<tessellate>1</tessellate>
				<outerBoundaryIs>
					<LinearRing>
						<coordinates>
							14.0402832,-13.7546349,0 14.0418016,-13.7724015,0 14.0447769,-13.8072157,0 14.0553455,-13.8496342,0 14.059646,-13.8639597,0 14.0550792,-13.8618277,0 14.048249,-13.8594101,0 14.0480381,-13.8593576,0 14.0472441,-13.8539798,0 14.0455071,-13.8470878,0 14.0430872,-13.8403953,0 14.0400078,-13.8339668,0 14.0362986,-13.8278642,0 14.0359981,-13.827465,0 14.0354315,-13.8258975,0 14.0354345,-13.8258781,0 14.0358201,-13.8187903,0 14.0354928,-13.8116996,0 14.0349731,-13.8081779,0 14.0354106,-13.8064994,0 14.0365051,-13.7994826,0 14.0368906,-13.7923947,0 14.0366886,-13.7880197,0 14.0369364,-13.7834624,0 14.0367881,-13.7802477,0 14.0370394,-13.7792833,0 14.0381337,-13.7722665,0 14.038519,-13.7651786,0 14.0381917,-13.7580879,0 14.0372416,-13.7516501,0 14.0374525,-13.7477704,0 14.0374026,-13.7466897,0 14.0402832,-13.7546349,0 
						</coordinates>
					</LinearRing>
				</outerBoundaryIs>
			</Polygon>
		</Placemark>
		<Placemark>
			<name>Mancha SV [8]</name>
			<styleUrl>#sv</styleUrl>
			<Polygon>
				<tessellate>1</tessellate>
				<outerBoundaryIs>
					<LinearRing>
						<coordinates>
							14.1388187,-14.0360041,0 14.1579752,-14.0603085,0 14.1712513,-14.0822248,0 14.1838608,-14.1092606,0 14.2005464,-14.1407498,0 14.2040005,-14.1472683,0 14.21191,-14.1607641,0 14.2178507,-14.1709003,0 14.2241888,-14.1824207,0 14.2324724,-14.2219248,0 14.2292919,-14.2754812,0 14.2200975,-14.2958527,0 14.1925602,-14.3147535,0 14.1654882,-14.3416462,0 14.1407738,-14.3691483,0 14.1208096,-14.3955917,0 14.1163316,-14.4013932,0 14.1153119,-14.4000422,0 14.1140139,-14.3986354,0 14.1135146,-14.3952658,0 14.1117726,-14.3883743,0 14.1098131,-14.3829704,0 14.1113324,-14.377153,0 14.1124285,-14.3701362,0 14.1128136,-14.3630485,0 14.1124843,-14.355958,0 14.1114438,-14.3489332,0 14.109702,-14.3420416,0 14.108733,-14.3393687,0 14.1097819,-14.3353518,0 14.1108777,-14.3283349,0 14.1112628,-14.3212471,0 14.1109335,-14.3141567,0 14.1098931,-14.3071318,0 14.1081516,-14.3002402,0 14.105726,-14.2935483,0 14.1026395,-14.2871203,0 14.098922,-14.2810183,0 14.0946094,-14.275301,0 14.0897431,-14.2700234,0 14.08437,-14.2652362,0 14.0785419,-14.2609856,0 14.0723149,-14.2573125,0 14.065749,-14.2542522,0 14.0655196,-14.2541712,0 14.0674669,-14.2535002,0 14.0740576,-14.2504912,0 14.080314,-14.2468664,0 14.0861758,-14.2426608,0 14.0915865,-14.2379148,0 14.0964941,-14.2326743,0 14.1008512,-14.2269897,0 14.1046158,-14.2209159,0 14.1077519,-14.2145112,0 14.1092863,-14.2103777,0 14.1132715,-14.2061209,0 14.1172747,-14.2008965,0 14.119776,-14.1987016,0 14.124682,-14.1934604,0 14.1290376,-14.1877752,0 14.1328008,-14.1817008,0 14.1359355,-14.1752957,0 14.1384115,-14.1686216,0 14.1402049,-14.1617428,0 14.1412987,-14.1547257,0 14.1416822,-14.1476377,0 14.1413519,-14.1405471,0 14.1411467,-14.1391623,0 14.1411789,-14.1385678,0 14.1408486,-14.1314772,0 14.1398077,-14.1244524,0 14.1388711,-14.1207456,0 14.139808,-14.1188306,0 14.1401651,-14.1178677,0 14.1402973,-14.1176543,0 14.1434307,-14.111249,0 14.1459057,-14.1045748,0 14.1476983,-14.0976959,0 14.1487914,-14.0906786,0 14.1491745,-14.0835906,0 14.1488439,-14.0765,0 14.147803,-14.0694751,0 14.1475017,-14.0682828,0 14.1464626,-14.0612702,0 14.1447215,-14.0543788,0 14.1422969,-14.0476871,0 14.1392123,-14.0412596,0 14.1354974,-14.0351583,0 14.131188,-14.0294417,0 14.126345,-14.0241858,0 14.1262726,-14.0240898,0 14.1257404,-14.0235123,0 14.1253691,-14.0230197,0 14.1236248,-14.0211265,0 14.1236859,-14.0199975,0 14.1388187,-14.0360041,0 
						</coordinates>
					</LinearRing>
				</outerBoundaryIs>
			</Polygon>
		</Placemark>
		<Placemark>
			<name>Mancha SV [9]</name>
			<styleUrl>#sv</styleUrl>
			<Polygon>
				<tessellate>1</tessellate>
				<outerBoundaryIs>
					<LinearRing>
						<coordinates>
							12.8533659,-7.2128134,0 12.851615,-7.203348199999999,0 12.852252,-7.1847119,0 12.8489838,-7.1655569,0 12.8452711,-7.144782500000001,0 12.8470325,-7.1284633,0 12.8471911,-7.121626,0 12.8481941,-7.1189361,0 12.8484249,-7.1083674,0 12.8475056,-7.1005554,0 12.8411264,-7.0808001,0 12.8383055,-7.0720611,0 12.8366957,-7.057355899999999,0 12.832325,-7.0463247,0 12.8299966,-7.027507,0 12.8362474,-7.016375500000001,0 12.8327475,-7.0080829,0 12.8298775,-7.003171,0 12.8267325,-6.992634,0 12.82129,-6.974399600000001,0 12.8174057,-6.9649053,0 12.8141603,-6.961527300000001,0 12.813735,-6.9611098,0 12.8102665,-6.9545741,0 12.8063986,-6.953908400000001,0 12.8012791,-6.9488831,0 12.7980595,-6.946583700000001,0 12.7959318,-6.9412761,0 12.7952995,-6.9350924,0 12.7913895,-6.9341717,0 12.7867322,-6.9285197,0 12.7849483,-6.926354899999999,0 12.7759809,-6.9063582,0 12.7608004,-6.8884254,0 12.7495346,-6.8631396,0 12.7414865,-6.8514152,0 12.7258482,-6.8362384,0 12.7231331,-6.834634299999999,0 12.720788,-6.8332481,0 12.7143488,-6.825890100000001,0 12.7003241,-6.8045082,0 12.6874325,-6.7916955,0 12.687151,-6.792002999999999,0 12.6805474,-6.7979283,0 12.6733945,-6.8031779,0 12.665761,-6.8077013,0 12.6577207,-6.811454899999999,0 12.6493509,-6.8144024,0 12.6407324,-6.8165156,0 12.6319481,-6.817774100000001,0 12.6230827,-6.8181658,0 12.6142217,-6.8176868,0 12.6054504,-6.8163419,0 12.5968534,-6.814144,0 12.5885135,-6.8111143,0 12.5805109,-6.807282100000001,0 12.5729229,-6.8026841,0 12.5658224,-6.7973649,0 12.5592779,-6.7913755,0 12.5533524,-6.7847738,0 12.548103,-6.7776233,0 12.54358,-6.7699929,0 12.5398272,-6.761956099999999,0 12.5368805,-6.7535903,0 12.5347682,-6.744976099999999,0 12.5335108,-6.7361964,0 12.5331203,-6.727335799999999,0 12.5336003,-6.7184796,0 12.5349461,-6.709713,0 12.5371449,-6.7011205,0 12.5401754,-6.6927848,0 12.5440083,-6.6847861,0 12.5486068,-6.677201400000001,0 12.5539265,-6.6701038,0 12.5599163,-6.663561600000001,0 12.5658512,-6.6582364,0 12.5635772,-6.6547233,0 12.5573538,-6.645108799999999,0 12.5561762,-6.6432896,0 12.5534861,-6.6280105,0 12.5534239,-6.6276569,0 12.550437,-6.6205292,0 12.5447931,-6.6134276,0 12.5423927,-6.610408800000001,0 12.5371981,-6.598331900000001,0 12.5352716,-6.593853000000001,0 12.5244713,-6.5807419,0 12.5081587,-6.5513048,0 12.4980516,-6.5312972,0 12.491394,-6.511292900000001,0 12.4868212,-6.501970299999999,0 12.4721022,-6.471964799999999,0 12.4545202,-6.438884700000001,0 12.4284658,-6.389853,0 12.4123878,-6.3659272,0 12.3986158,-6.3332677,0 12.3749666,-6.2895603,0 12.3681049,-6.2791767,0 12.3637142,-6.272534400000001,0 12.3561354,-6.26402,0 12.3416719,-6.238483,0 12.3131952,-6.203502699999999,0 12.3100471,-6.1981559,0 12.3049316,-6.1894679,0 12.3048373,-6.1893347,0 12.2955055,-6.1761556,0 12.2954101,-6.176020900000001,0 12.3004265,-6.1759009,0 12.3092775,-6.182458399999999,0 12.3062286,-6.1670098,0 12.3053067,-6.1597269,0 12.3077126,-6.1593494,0 12.3134911,-6.1522163,0 12.3186588,-6.1579766,0 12.3275061,-6.1649928,0 12.3350029,-6.169691600000001,0 12.3296957,-6.151226,0 12.3215616,-6.1422538,0 12.3238526,-6.139425800000001,0 12.3293734,-6.137423499999999,0 12.3305983,-6.1373699,0 12.3387556,-6.138228899999999,0 12.3428907,-6.1405325,0 12.3461094,-6.1389265,0 12.3456951,-6.1374021,0 12.3542786,-6.138441599999999,0 12.3606319,-6.143355399999999,0 12.3753834,-6.1543565,0 12.3750648,-6.163782099999999,0 12.3669405,-6.1765518,0 12.3768267,-6.1840416,0 12.3784428,-6.185266,0 12.376369,-6.1939283,0 12.3755894,-6.1971846,0 12.3776259,-6.1986489,0 12.3853674,-6.2042155,0 12.3870258,-6.2180982,0 12.3951387,-6.211934099999999,0 12.3895388,-6.1985216,0 12.3846111,-6.186726099999999,0 12.3859785,-6.1809592,0 12.3884163,-6.170678099999999,0 12.3847351,-6.156549,0 12.3830109,-6.145716200000001,0 12.3700399,-6.139569299999999,0 12.3611917,-6.1325536,0 12.3707933,-6.1324496,0 12.3856192,-6.135863799999999,0 12.4036674,-6.1370182,0 12.4180317,-6.1347327,0 12.4173784,-6.1239338,0 12.4352913,-6.1239214,0 12.4478378,-6.1286855,0 12.4541588,-6.138659,0 12.4653177,-6.1447849,0 12.4749565,-6.1421537,0 12.4624758,-6.1295686,0 12.4570665,-6.1200657,0 12.4713469,-6.1099033,0 12.4825439,-6.111658100000001,0 12.4898157,-6.117734,0 12.5012789,-6.1420374,0 12.5225296,-6.146458100000001,0 12.5241164,-6.1466966,0 12.5426493,-6.149481299999999,0 12.5588741,-6.1531453,0 12.5728502,-6.1517177,0 12.5866146,-6.1486769,0 12.5959702,-6.1524816,0 12.6151543,-6.1584835,0 12.6330271,-6.1573367,0 12.6468039,-6.152913099999999,0 12.6342602,-6.146535899999999,0 12.6091022,-6.1429882,0 12.5878391,-6.1394887,0 12.5681009,-6.1449833,0 12.5468011,-6.140909699999999,0 12.5461578,-6.140786599999999,0 12.5325136,-6.1370382,0 12.5189667,-6.134907700000001,0 12.5061913,-6.130139400000001,0 12.5078487,-6.1237221,0 12.5092611,-6.1191392,0 12.4990206,-6.1121035,0 12.4995842,-6.099689999999999,0 12.509594,-6.1069508,0 12.5099953,-6.107058499999999,0 12.5120602,-6.1140223,0 12.516655,-6.1186252,0 12.5249271,-6.1209316,0 12.5162001,-6.1087375,0 12.5161951,-6.1087227,0 12.5258093,-6.1113033,0 12.5397711,-6.1112547,0 12.5233679,-6.1020708,0 12.5202436,-6.092827300000001,0 12.5385752,-6.090305799999999,0 12.5530701,-6.0815206,0 12.5596819,-6.084826900000001,0 12.5566034,-6.0972095,0 12.5734596,-6.1068621,0 12.5912552,-6.1139941,0 12.6022339,-6.1155176,0 12.6070995,-6.1084476,0 12.5842848,-6.0991797,0 12.5694504,-6.093465299999999,0 12.5850782,-6.0863051,0 12.5870467,-6.083663,0 12.5892944,-6.0841918,0 12.5881425,-6.082192199999999,0 12.5901709,-6.0794697,0 12.5961876,-6.0717239,0 12.6039286,-6.0768867,0 12.6128063,-6.082981099999999,0 12.6263208,-6.082235800000001,0 12.6423035,-6.087503900000001,0 12.6532898,-6.0878763,0 12.6622229,-6.087529199999999,0 12.6764336,-6.0858731,0 12.6827755,-6.0797338,0 12.6794701,-6.0760269,0 12.6742706,-6.070196199999999,0 12.6619329,-6.066814899999999,0 12.6572981,-6.0736594,0 12.6463032,-6.074208699999999,0 12.627285,-6.0762672,0 12.6131821,-6.0652695,0 12.6026678,-6.0632939,0 12.6123838,-6.050764600000001,0 12.6133935,-6.050224800000001,0 12.6205597,-6.0550113,0 12.6306725,-6.0561686,0 12.6376104,-6.0615945,0 12.6400909,-6.0635338,0 12.644227,-6.063536599999999,0 12.651124,-6.0568724,0 12.6571016,-6.0469894,0 12.6578602,-6.046415,0 12.6630058,-6.0474992,0 12.6751585,-6.0451236,0 12.6801281,-6.0534716,0 12.6951809,-6.0610275,0 12.7061672,-6.0613971,0 12.7160015,-6.063134699999999,0 12.725419,-6.0593419,0 12.7373085,-6.0617952,0 12.7515326,-6.058524099999999,0 12.7577372,-6.0556111,0 12.7721205,-6.061315999999999,0 12.7830811,-6.0653696,0 12.794754,-6.0664387,0 12.8088026,-6.056488000000001,0 12.8306446,-6.0457144,0 12.8393545,-6.0449033,0 12.8536158,-6.036797,0 12.8665543,-6.022224899999999,0 12.8737202,-6.013565499999999,0 12.8780172,-6.0096731,0 12.8781776,-6.009626900000001,0 12.8891438,-6.0044876,0 12.8923492,-6.0032077,0 12.8927465,-6.003305000000001,0 12.8982944,-6.0046635,0 12.9100246,-5.9981346,0 12.9148715,-5.993566999999999,0 12.918622,-5.9923954,0 12.9250565,-5.9861889,0 12.9250881,-5.986092200000001,0 12.9335213,-5.9800057,0 12.944066,-5.9789858,0 12.9487238,-5.9684501,0 12.948629,-5.9677677,0 12.9521694,-5.9655008,0 12.9563293,-5.958365900000001,0 12.9583731,-5.9468756,0 12.9570761,-5.9393139,0 12.9559977,-5.9346729,0 12.9604445,-5.930603,0 12.9685068,-5.9242544,0 12.9871006,-5.918494199999999,0 13.0029774,-5.908324700000001,0 13.0114298,-5.9118824,0 13.0214996,-5.9131565,0 13.0354614,-5.9147086,0 13.043952,-5.9127383,0 13.0487247,-5.9104736,0 13.0519962,-5.908921199999999,0 13.0687275,-5.90797,0 13.0909557,-5.9073176,0 13.0991468,-5.9159398,0 13.1154003,-5.9179788,0 13.1282282,-5.9188256,0 13.1312828,-5.907114,0 13.1418543,-5.902403400000001,0 13.1542702,-5.895872099999999,0 13.1650724,-5.8911638,0 13.1776342,-5.890107200000001,0 13.1925697,-5.8912625,0 13.2056723,-5.8849692,0 13.2213135,-5.8759389,0 13.2299662,-5.8847966,0 13.2464905,-5.8813066,0 13.2562943,-5.8897161,0 13.2677279,-5.8937697,0 13.2780266,-5.8964267,0 13.2858086,-5.8985929,0 13.2928438,-5.910195800000001,0 13.3026619,-5.916304599999999,0 13.3108797,-5.917021299999999,0 13.3274193,-5.916826699999999,0 13.3289862,-5.923297400000001,0 13.3397846,-5.9192777,0 13.3480024,-5.9253669,0 13.3618116,-5.9165421,0 13.3641691,-5.9055076,0 13.3745623,-5.8929563,0 13.3787384,-5.884478100000001,0 13.3901863,-5.8873777,0 13.4023409,-5.886828900000001,0 13.4096909,-5.8846102,0 13.4213028,-5.8774624,0 13.4316673,-5.8697462,0 13.431796,-5.8696998,0 13.4368248,-5.8695917,0 13.4403656,-5.8695152,0 13.445364,-5.869407199999999,0 13.4561663,-5.8707552,0 13.4614429,-5.868669499999999,0 13.5053899,-5.8687584,0 13.5069304,-5.868761499999999,0 13.5317736,-5.878344499999999,0 13.5485468,-5.8789825,0 13.5579529,-5.875273700000001,0 13.5601835,-5.8750954,0 13.5658347,-5.8746448,0 13.5659048,-5.8746392,0 13.5729752,-5.8740754,0 13.5917273,-5.876317,0 13.6772884,-5.875876,0 13.6863537,-5.8758292,0 13.7239223,-5.875630599999999,0 13.7727529,-5.8753724,0 13.7978824,-5.8752395,0 13.8126984,-5.8751612,0 13.8184535,-5.875130200000001,0 13.8292685,-5.875072,0 13.8436879,-5.8709298,0 13.8551998,-5.8676229,0 13.8590937,-5.8646193,0 13.8658673,-5.862272800000001,0 13.8722706,-5.8618307,0 13.8973036,-5.860030200000001,0 13.9101715,-5.8574023,0 13.9159184,-5.8556204,0 13.917373,-5.8555224,0 13.9355431,-5.857510600000001,0 13.9431515,-5.858342599999999,0 13.9514189,-5.8578529,0 13.9541655,-5.8553123,0 13.9566817,-5.854239799999999,0 13.9606752,-5.8525376,0 13.9822948,-5.8433231,0 13.9862728,-5.841627599999999,0 13.9884067,-5.8433799,0 13.9885273,-5.841007400000001,0 13.9898436,-5.8322295,0 13.9920126,-5.8236231,0 13.9950134,-5.815271,0 13.998817,-5.8072536,0 14.0033869,-5.7996482,0 14.0086789,-5.7925279,0 14.0146422,-5.785961299999999,0 14.0212193,-5.780011599999999,0 14.0283469,-5.7747362,0 14.0359563,-5.770185700000001,0 14.0439743,-5.766404,0 14.0523237,-5.7634276,0 14.0609241,-5.761285,0 14.0696928,-5.7599969,0 14.0785453,-5.759575799999999,0 14.0873964,-5.7600255,0 14.0961609,-5.761342,0 14.1047545,-5.7635124,0 14.1130944,-5.766515899999999,0 14.1211003,-5.7703236,0 14.1286951,-5.7748988,0 14.1358058,-5.780197499999999,0 14.1423639,-5.7861687,0 14.1483061,-5.7927549,0 14.1535752,-5.799892600000001,0 14.1581206,-5.8075133,0 14.1618983,-5.8155434,0 14.164872,-5.8239057,0 14.167013,-5.832519600000001,0 14.1683006,-5.8413022,0 14.1687225,-5.8501689,0 14.1682744,-5.859034300000001,0 14.1670631,-5.8671293,0 14.1772575,-5.861608,0 14.1916212,-5.867950200000001,0 14.1925153,-5.868345000000001,0 14.1926174,-5.868506900000001,0 14.1972704,-5.875581300000001,0 14.2044618,-5.874453,0 14.2235093,-5.8848223,0 14.2315931,-5.8892231,0 14.24331,-5.8891764,0 14.2616896,-5.8867413,0 14.2815142,-5.8841147,0 14.2952003,-5.882300900000001,0 14.3096603,-5.8851065,0 14.3150244,-5.88732,0 14.3246622,-5.8915744,0 14.3304052,-5.8920941,0 14.3375311,-5.8919368,0 14.356027,-5.894103,0 14.3631248,-5.895480200000001,0 14.3660202,-5.8960414,0 14.4063616,-5.8982787,0 14.4586296,-5.9011755,0 14.4756241,-5.899724,0 14.4873276,-5.896914500000001,0 14.4882598,-5.8965231,0 14.502552,-5.8966022,0 14.5312187,-5.895485700000001,0 14.5549841,-5.900974300000001,0 14.5951385,-5.9102473,0 14.6107597,-5.909719,0 14.6440125,-5.8973837,0 14.6525764,-5.8956623,0 14.6557188,-5.895030999999999,0 14.6937874,-5.8827434,0 14.7062969,-5.8826437,0 14.7258478,-5.8810909,0 14.7766628,-5.8811917,0 14.7929792,-5.8812237,0 14.8045235,-5.881245100000001,0 14.9000683,-5.8764272,0 14.9028826,-5.8765969,0 14.9106398,-5.8770661,0 14.9613686,-5.873480299999999,0 15,-5.8733006,0 15.0290833,-5.8732495,0 15.0841045,-5.8731487,0 15.1100292,-5.8731012,0 15.1172609,-5.8717299,0 15.1209099,-5.872343800000001,0 15.1249609,-5.8730254,0 15.155076,-5.873120800000001,0 15.1955061,-5.8732433,0 15.2399821,-5.8733781,0 15.2687938,-5.873465399999999,0 15.2814207,-5.8735037,0 15.3470077,-5.8736951,0 15.3504069,-5.8737225,0 15.3825219,-5.874872100000001,0 15.4077291,-5.875774399999999,0 15.4169731,-5.876104399999999,0 15.5174945,-5.876830199999999,0 15.5258722,-5.876890700000001,0 15.5340385,-5.8762422,0 15.5538874,-5.8746653,0 15.6602411,-5.8704896,0 15.6701059,-5.8701015,0 15.673089,-5.8702274,0 15.7084827,-5.8717222,0 15.7085874,-5.8717319,0 15.7603939,-5.8765467,0 15.7811241,-5.8784733,0 15.7862101,-5.8789454,0 15.7931787,-5.8795924,0 15.7946835,-5.879732100000001,0 15.8390084,-5.8794713,0 15.8461418,-5.879429300000001,0 15.8569479,-5.880745400000001,0 15.8626804,-5.8791018,0 15.9122076,-5.8787069,0 15.9773149,-5.8781834,0 15.9999418,-5.8771272,0 16.0214502,-5.8761224,0 16.0384846,-5.8753266,0 16.0735897,-5.8736848,0 16.0792866,-5.8734183,0 16.1178856,-5.873868500000001,0 16.138319,-5.8719006,0 16.1601467,-5.8722239,0 16.1646786,-5.871961099999999,0 16.2342103,-5.8679199,0 16.2490196,-5.8670592,0 16.2908726,-5.8662148,0 16.3659401,-5.8646932,0 16.3843365,-5.8675618,0 16.3912754,-5.874186,0 16.3963852,-5.8824315,0 16.4044685,-5.8883581,0 16.4075909,-5.8895421,0 16.4146042,-5.8922009,0 16.4433498,-5.8961501,0 16.454607,-5.8963051,0 16.4626255,-5.893033,0 16.4781761,-5.8828092,0 16.4951725,-5.882005200000001,0 16.5043335,-5.8780346,0 16.5116882,-5.8784447,0 16.5166893,-5.8825822,0 16.520237,-5.8855171,0 16.5255966,-5.887869800000001,0 16.5310688,-5.890273099999999,0 16.546484,-5.8931589,0 16.5628777,-5.9047771,0 16.5693283,-5.9072633,0 16.5728464,-5.9078445,0 16.571022,-5.9231853,0 16.5678539,-5.9409733,0 16.5687943,-5.9486089,0 16.5816727,-5.9521441,0 16.5906391,-5.954734300000001,0 16.5821762,-5.9692574,0 16.5879478,-5.9785366,0 16.5924721,-5.9834623,0 16.5965004,-5.998003999999999,0 16.5988293,-6.0095768,0 16.5995426,-6.0190606,0 16.5954361,-6.0312934,0 16.5936203,-6.039840200000001,0 16.6058025,-6.0403657,0 16.6073696,-6.039792300000001,0 16.6076736,-6.0406322,0 16.6063156,-6.0454669,0 16.6001511,-6.0544605,0 16.5990219,-6.058835,0 16.6001892,-6.062738899999999,0 16.6004454,-6.0630439,0 16.5993366,-6.0648785,0 16.6171322,-6.0684018,0 16.6306973,-6.0698586,0 16.631916,-6.0699448,0 16.6303425,-6.073422000000001,0 16.6252937,-6.0752821,0 16.6080589,-6.075354099999999,0 16.6053276,-6.0813446,0 16.6067257,-6.085707199999999,0 16.6081098,-6.0874068,0 16.611578,-6.0916657,0 16.6191711,-6.093704200000001,0 16.6227079,-6.0938055,0 16.6331921,-6.0941057,0 16.6390321,-6.095603900000001,0 16.6385746,-6.0962577,0 16.6441117,-6.0970612,0 16.6479263,-6.099793,0 16.6484032,-6.1037002,0 16.649107,-6.1069155,0 16.6488454,-6.1085337,0 16.6482143,-6.1124387,0 16.6429501,-6.117289499999999,0 16.6425133,-6.122580100000001,0 16.6455231,-6.1273956,0 16.6478233,-6.1278467,0 16.6519508,-6.125760099999999,0 16.6558588,-6.1250322,0 16.6595287,-6.1243486,0 16.6626635,-6.1265422,0 16.6634483,-6.127091399999999,0 16.6673946,-6.1353526,0 16.6706238,-6.137868399999999,0 16.6870582,-6.139274200000001,0 16.6885567,-6.1394024,0 16.6977806,-6.1460314,0 16.7026405,-6.153369399999999,0 16.7072487,-6.1556487,0 16.713707,-6.1609101,0 16.7187805,-6.1645675,0 16.7215443,-6.1659355,0 16.7220268,-6.170531300000001,0 16.7199841,-6.1762886,0 16.7211494,-6.179963100000001,0 16.7291987,-6.1879426,0 16.7243042,-6.1921802,0 16.7112179,-6.199976,0 16.70825,-6.2087469,0 16.712635,-6.2168608,0 16.7153034,-6.2245953,0 16.7133255,-6.2275925,0 16.7103748,-6.2356524,0 16.7110863,-6.240707899999999,0 16.7145948,-6.246868100000001,0 16.7108727,-6.2540746,0 16.7079048,-6.264001399999999,0 16.7088509,-6.2771835,0 16.7108826,-6.281508500000001,0 16.7094784,-6.2908378,0 16.7106457,-6.294741600000001,0 16.717123,-6.303450599999999,0 16.7187691,-6.3117208,0 16.7181473,-6.3262081,0 16.7208585,-6.3312941,0 16.7209072,-6.332266800000001,0 16.7100983,-6.329669,0 16.6965313,-6.3305244,0 16.6921654,-6.332814199999999,0 16.6822853,-6.3376188,0 16.6843719,-6.3480315,0 16.6918843,-6.3556097,0 16.6900063,-6.355526,0 16.6875019,-6.3610549,0 16.6882057,-6.3642697,0 16.6905136,-6.366098900000001,0 16.6945145,-6.3667273,0 16.6913109,-6.3725719,0 16.6881046,-6.381801600000001,0 16.6842079,-6.3917222,0 16.6911511,-6.396571099999999,0 16.6899815,-6.400587099999999,0 16.6906948,-6.405642000000001,0 16.6934738,-6.4102283,0 16.7003746,-6.4111185,0 16.7132339,-6.407615200000001,0 16.7176791,-6.4097081,0 16.71138,-6.414977999999999,0 16.7047195,-6.421185,0 16.7001381,-6.4345689,0 16.7116489,-6.4429498,0 16.7119656,-6.443551300000001,0 16.711113,-6.4462466,0 16.7136745,-6.453361999999999,0 16.7183176,-6.4570423,0 16.7199574,-6.465414000000001,0 16.717207,-6.4737225,0 16.7167606,-6.48597,0 16.7227554,-6.4973273,0 16.7270792,-6.5005267,0 16.7272301,-6.5008907,0 16.7336998,-6.5075297,0 16.73946,-6.5102634,0 16.7425158,-6.5118385,0 16.7471638,-6.5207963,0 16.7515373,-6.5235929,0 16.7552299,-6.5353994,0 16.7494907,-6.546696200000001,0 16.7451286,-6.555457600000001,0 16.7419186,-6.5679231,0 16.7382469,-6.5778441,0 16.7417068,-6.5901108,0 16.7532177,-6.5982585,0 16.760355,-6.604304299999999,0 16.7622051,-6.6195683,0 16.7610664,-6.6350474,0 16.7583141,-6.6495948,0 16.7562466,-6.657673400000001,0 16.7620068,-6.670414,0 16.7659245,-6.6824522,0 16.7661591,-6.6951642,0 16.7686958,-6.7076569,0 16.7726116,-6.7192326,0 16.7850418,-6.729001,0 16.7930965,-6.730891200000001,0 16.8052959,-6.737884,0 16.8094425,-6.7531581,0 16.8108273,-6.7679553,0 16.812212,-6.781135600000001,0 16.8119831,-6.7954621,0 16.8138256,-6.808181799999999,0 16.8211918,-6.820004,0 16.8303986,-6.8235164,0 16.843977,-6.8252006,0 16.8467388,-6.834919900000001,0 16.849041,-6.849721,0 16.8501911,-6.8550415,0 16.851572,-6.868220299999999,0 16.8520317,-6.883474799999999,0 16.8575554,-6.8874302,0 16.8697529,-6.8858719,0 16.8750477,-6.8847427,0 16.883791,-6.8838611,0 16.8916168,-6.8915248,0 16.9022026,-6.8989711,0 16.9097958,-6.905478,0 16.9139385,-6.9168205,0 16.9183083,-6.932786499999999,0 16.9166146,-6.9357026,0 16.9125538,-6.9426947,0 16.9111691,-6.9530873,0 16.9153118,-6.9616566,0 16.9240532,-6.9723282,0 16.921751,-6.9785557,0 16.9132309,-6.986370999999999,0 16.909544,-6.9942093,0 16.9113808,-7.006927,0 16.9125271,-7.0201025,0 16.9128321,-7.0214344,0 16.89678,-7.0354004,0 16.894464,-7.0379012,0 16.8810749,-7.052358599999999,0 16.8758068,-7.0631413,0 16.8704777,-7.084756900000001,0 16.8668442,-7.1120896,0 16.8679161,-7.1263537,0 16.8666286,-7.1480079,0 16.8694172,-7.1651402,0 16.8738613,-7.195401200000001,0 16.8755093,-7.210241800000001,0 16.8719597,-7.2233238,0 16.8631687,-7.24263,0 16.8549938,-7.2556686,0 16.8375721,-7.2669101,0 16.8173542,-7.2627277,0 16.7983131,-7.2551332,0 16.7706356,-7.2417531,0 16.7458,-7.2363801,0 16.7145786,-7.2349348,0 16.6972027,-7.2387557,0 16.6775093,-7.2431221,0 16.6526031,-7.2485757,0 16.6276722,-7.257448200000001,0 16.6050854,-7.2617817,0 16.5790787,-7.2586641,0 16.5522678,-7.2529099,0 16.5455837,-7.2514753,0 16.5239399,-7.2484011,0 16.5195827,-7.2477822,0 16.4888706,-7.255442599999999,0 16.4830755,-7.2564578,0 16.4790715,-7.2571592,0 16.4686901,-7.2589778,0 16.4581776,-7.2608194,0 16.4473602,-7.2637054,0 16.4355755,-7.266849500000001,0 16.412302,-7.2848473,0 16.4040075,-7.2949905,0 16.4012089,-7.2984128,0 16.3916292,-7.3086882,0 16.3796291,-7.3215599,0 16.3679543,-7.335119200000001,0 16.3544903,-7.3555017,0 16.3456402,-7.3776474,0 16.3469691,-7.388326199999999,0 16.350544,-7.417053700000001,0 16.3525887,-7.451868999999999,0 16.3632282,-7.466901399999999,0 16.3680496,-7.4737134,0 16.3887964,-7.491517399999999,0 16.3956528,-7.4974012,0 16.4090198,-7.4999013,0 16.4239959,-7.5027022,0 16.4280243,-7.5034556,0 16.43143,-7.504239099999999,0 16.4592304,-7.5106344,0 16.4915791,-7.520104400000001,0 16.5273952,-7.5307479,0 16.538525,-7.5366908,0 16.5461202,-7.5407464,0 16.5470047,-7.5412188,0 16.5955181,-7.55826,0 16.6249866,-7.5671167,0 16.6498432,-7.5730715,0 16.6683445,-7.5772495,0 16.6856899,-7.5808439,0 16.700676,-7.5912604,0 16.7225609,-7.6097298,0 16.7253544,-7.6116994,0 16.7438908,-7.6247692,0 16.7594185,-7.641464199999999,0 16.7635593,-7.655905,0 16.7656517,-7.6632023,0 16.7880707,-7.6902299,0 16.7938293,-7.7093084,0 16.7960148,-7.716548900000001,0 16.7972168,-7.720014400000001,0 16.7996833,-7.7271258,0 16.8045521,-7.741163300000001,0 16.8033658,-7.745814,0 16.7980194,-7.7667747,0 16.7990225,-7.768824800000001,0 16.8032705,-7.777506899999999,0 16.8123226,-7.796007600000001,0 16.8131386,-7.7975051,0 16.8226357,-7.814934299999999,0 16.8228444,-7.81513,0 16.8359783,-7.827447,0 16.841074,-7.832225800000001,0 16.8427463,-7.8334226,0 16.861269,-7.8466787,0 16.8908062,-7.8498049,0 16.890977,-7.849864200000001,0 16.9110489,-7.856838200000001,0 16.9216101,-7.8614017,0 16.9393768,-7.8690786,0 16.9566879,-7.8823576,0 16.9768963,-7.896234,0 16.989603,-7.9043355,0 17.0042264,-7.919944899999999,0 17.0063133,-7.9221725,0 17.0183926,-7.939397799999999,0 17.0170235,-7.9468528,0 17.0142078,-7.9621854,0 17.0222015,-7.9845119,0 17.0284977,-7.9994035,0 17.0387811,-8.012463199999999,0 17.0411663,-8.015492399999999,0 17.0608196,-8.0270758,0 17.0627365,-8.0365302,0 17.0642295,-8.043894,0 17.06534,-8.0493717,0 17.0755588,-8.0610953,0 17.0768681,-8.0625973,0 17.076025,-8.0639994,0 17.0700474,-8.0739418,0 17.0604839,-8.0898485,0 17.05017,-8.1023601,0 17.0464706,-8.106847800000001,0 17.0719128,-8.121906299999999,0 17.0884172,-8.1268072,0 17.0956593,-8.128957700000001,0 17.1003152,-8.136333,0 17.1054401,-8.144451099999999,0 17.1062627,-8.180259,0 17.1063843,-8.185552599999999,0 17.1056023,-8.2243557,0 17.1171398,-8.2375813,0 17.1384544,-8.268012000000001,0 17.1476765,-8.280645399999999,0 17.1586189,-8.2972898,0 17.1770935,-8.317421,0 17.185154,-8.330617,0 17.2188053,-8.333745,0 17.2472286,-8.3379707,0 17.2757416,-8.3233557,0 17.2909126,-8.305782300000001,0 17.2973804,-8.2875671,0 17.3073463,-8.2659559,0 17.3213654,-8.2455187,0 17.3335896,-8.237052,0 17.3545456,-8.2218027,0 17.3766613,-8.2065611,0 17.3923836,-8.1935539,0 17.3964863,-8.1838818,0 17.3808346,-8.1809092,0 17.3699207,-8.155715900000001,0 17.3746662,-8.131210299999999,0 17.3782692,-8.102703099999999,0 17.3795185,-8.0821667,0 17.3801937,-8.059915500000001,0 17.3802605,-8.044508,0 17.3890247,-8.029166200000001,0 17.4000759,-8.0212603,0 17.4256039,-8.017457,0 17.4424149,-8.0101499,0 17.4488411,-8.0073566,0 17.4674511,-7.993227,0 17.4748714,-7.9845582,0 17.4761887,-7.9830194,0 17.4899521,-7.9539561,0 17.4909,-7.9585419,0 17.488493,-7.9812789,0 17.488814,-7.9864349,0 17.4876881,-7.9885497,0 17.4867153,-7.9975352,0 17.4874309,-7.9993248,0 17.4837646,-8,0 17.4856415,-8.0016909,0 17.4886901,-8.0024742,0 17.4901352,-8.0060883,0 17.4972897,-8.00844,0 17.5017447,-8.0088554,0 17.5075397,-8.0132008,0 17.5132828,-8.0194578,0 17.5280418,-8.035531000000001,0 17.5325928,-8.043938600000001,0 17.5317992,-8.0464786,0 17.5292206,-8.046462099999999,0 17.5280862,-8.0471243,0 17.5243149,-8.0450211,0 17.5171986,-8.0465412,0 17.5139713,-8.058089300000001,0 17.504734,-8.068838100000001,0 17.5034847,-8.075522400000001,0 17.505476,-8.082833300000001,0 17.5123444,-8.0851679,0 17.5233517,-8.0889101,0 17.528265,-8.092488299999999,0 17.529377,-8.1018829,0 17.5430241,-8.115392699999999,0 17.5603333,-8.127450899999999,0 17.5669498,-8.127922999999999,0 17.5829659,-8.1290646,0 17.5853735,-8.129016,0 17.5920658,-8.1305418,0 17.6008606,-8.128981599999999,0 17.6202679,-8.1316366,0 17.6290569,-8.1312294,0 17.644104,-8.1276312,0 17.6589432,-8.1196518,0 17.6702843,-8.1171837,0 17.687439,-8.1082935,0 17.6976242,-8.105817800000001,0 17.7117386,-8.1038265,0 17.7249279,-8.1015987,0 17.7369366,-8.104665799999999,0 17.7452679,-8.102869999999999,0 17.7572899,-8.1031704,0 17.7677407,-8.105924399999999,0 17.7792681,-8.110875800000001,0 17.7865982,-8.114638299999999,0 17.7986069,-8.1179361,0 17.8083191,-8.117991399999999,0 17.8180637,-8.110668199999999,0 17.8238697,-8.105167399999999,0 17.8283978,-8.103030199999999,0 17.8354568,-8.099698999999999,0 17.8442688,-8.0942144,0 17.8646526,-8.086027100000001,0 17.8827,-8.083130799999999,0 17.9074326,-8.0848818,0 17.9201508,-8.084490799999999,0 17.9444141,-8.0883121,0 17.954347,-8.088995799999999,0 17.9587688,-8.0910139,0 17.9724751,-8.109274900000001,0 17.9819641,-8.112715700000001,0 18,-8.0976009,0 18.1003609,-8.099057200000001,0 18.1017857,-8.093685199999999,0 18.1034698,-8.087328899999999,0 18.0953683,-8.0775243,0 18.091795,-8.0664949,0 18.0918181,-8.0604706,0 18.0950489,-8.054853400000001,0 18.0981979,-8.040184,0 18.1144714,-8.037456499999999,0 18.1351719,-8.034786199999999,0 18.1394109,-8.028626300000001,0 18.1437378,-8.027321799999999,0 18.1530151,-8.019527399999999,0 18.1630494,-8.005564100000001,0 18.1813831,-8,0 18.2090111,-7.9936481,0 18.2169762,-7.9894538,0 18.2265282,-7.9892316,0 18.2354584,-7.9912033,0 18.2420597,-7.9930677,0 18.2523975,-7.9937382,0 18.2613068,-7.993907899999999,0 18.2644577,-7.993018599999999,0 18.2730597,-7.9899461,0 18.2814255,-7.9936333,0 18.2966557,-8.002240199999999,0 18.3019102,-8.0060527,0 18.3019695,-8.0117083,0 18.3042412,-8.0138102,0 18.3127022,-8.0176163,0 18.3193798,-8.0177221,0 18.322337,-8.0147081,0 18.3306328,-8.0177338,0 18.3308754,-8.019049600000001,0 18.3540211,-8.0265293,0 18.3593273,-8.0259237,0 18.3634708,-8.022590599999999,0 18.3643379,-8.022625,0 18.3659665,-8.021993200000001,0 18.3756599,-8.027325599999999,0 18.3861752,-8.017618199999999,0 18.3898621,-8.0174465,0 18.3984489,-8.0132189,0 18.3967699,-8.010209700000001,0 18.4034672,-8.0057344,0 18.4127254,-8.0025482,0 18.418835,-8,0 18.5,-8,0 18.5273247,-8,0 18.5284557,-7.9955039,0 18.5311527,-7.993804,0 18.5326195,-7.9724479,0 18.535759,-7.9600329,0 18.53195,-7.941923100000001,0 18.5351124,-7.932720699999999,0 18.5306892,-7.9258628,0 18.53232,-7.9203763,0 18.5676431,-7.920554999999999,0 18.5756658,-7.9205956,0 18.5996465,-7.9207169,0 18.5999832,-7.920772999999999,0 18.601209,-7.9207248,0 18.6107339,-7.920772999999999,0 18.6126636,-7.9207828,0 18.6353416,-7.9255285,0 18.656147,-7.9251494,0 18.6665514,-7.9245609,0 18.6866646,-7.9234233,0 18.7072411,-7.9225788,0 18.7241154,-7.9231038,0 18.7421474,-7.9217868,0 18.7440054,-7.9214144,0 18.7640659,-7.9215076,0 18.7677917,-7.928801100000001,0 18.7668304,-7.9467897,0 18.7672729,-7.9571714,0 18.7727985,-7.9680333,0 18.7759991,-7.9864993,0 18.7856979,-7.991147,0 18.790081,-7.9962378,0 18.806715,-8.0027542,0 18.8279858,-8.0019045,0 18.8579393,-8,0 18.8999996,-8,0 18.9931087,-8,0 19.0115242,-8.0013065,0 19.0376396,-8.001373299999999,0 19.0591335,-8.001195900000001,0 19.0746311,-8,0 19.1000004,-8,0 19.1346994,-8,0 19.1402397,-8.0004501,0 19.1433731,-8,0 19.1631852,-8,0 19.1649609,-8.000266099999999,0 19.1698132,-8.000739100000001,0 19.1797485,-8.000064800000001,0 19.192915,-8.0017014,0 19.2060852,-8.0024137,0 19.2282677,-8.001068099999999,0 19.2543812,-8.001569699999999,0 19.2816486,-8.0027647,0 19.3059158,-8.0023394,0 19.326952,-8.0005264,0 19.3424358,-8.001008000000001,0 19.3491227,-8,0 19.374403,-8,0 19.3743515,-7.9902797,0 19.3579216,-7.9384527,0 19.3574238,-7.928369499999999,0 19.3566513,-7.912706899999999,0 19.3538933,-7.9082661,0 19.3458576,-7.904355499999999,0 19.3441505,-7.9026382,0 19.3438566,-7.8983082,0 19.3464584,-7.894671,0 19.3475627,-7.886589499999999,0 19.3505504,-7.8825328,0 19.3559704,-7.879212900000001,0 19.3555717,-7.874494799999999,0 19.3587093,-7.8693833,0 19.3604032,-7.863569400000001,0 19.3643856,-7.861258499999999,0 19.3647213,-7.848527000000001,0 19.3617306,-7.8343968,0 19.3615856,-7.8204532,0 19.3616314,-7.8119025,0 19.3648911,-7.8059554,0 19.3699818,-7.8020854,0 19.3804302,-7.7881503,0 19.3843575,-7.7861099,0 19.3866825,-7.7826815,0 19.3862762,-7.773954900000001,0 19.3899708,-7.7721424,0 19.3913746,-7.7687078,0 19.3898277,-7.7581367,0 19.3936062,-7.742779699999999,0 19.3973351,-7.735686799999999,0 19.3980293,-7.730647099999999,0 19.3992634,-7.7216945,0 19.4013519,-7.7189527,0 19.4009228,-7.7138991,0 19.4023342,-7.708856600000001,0 19.4081192,-7.7043028,0 19.4092922,-7.7008662,0 19.4068756,-7.682024,0 19.4013939,-7.674641100000001,0 19.3989182,-7.6656699,0 19.3986344,-7.661736100000001,0 19.3978577,-7.650968100000001,0 19.3951244,-7.645899299999999,0 19.3868923,-7.6368899,0 19.3846455,-7.6279211,0 19.3776894,-7.6168613,0 19.3743038,-7.6083188,0 19.3702679,-7.5902299,0 19.3744164,-7.581450900000001,0 19.3848114,-7.5738592,0 19.4021282,-7.5731955,0 19.4259052,-7.575305900000001,0 19.441143,-7.5750985,0 19.4533806,-7.5755768,0 19.4663105,-7.573752400000001,0 19.47509,-7.566618,0 19.4755536,-7.565259500000001,0 19.4802399,-7.5614448,0 19.4837341,-7.5564566,0 19.48452,-7.553381,0 19.482214,-7.5510621,0 19.482363,-7.5489746,0 19.486187,-7.5419679,0 19.4862642,-7.5413203,0 19.4938698,-7.5330238,0 19.4870548,-7.517265599999999,0 19.4864657,-7.5157932,0 19.4915199,-7.5037084,0 19.5044498,-7.499115899999999,0 19.5136833,-7.4959021,0 19.5238476,-7.4834676,0 19.5311552,-7.470517199999999,0 19.5365906,-7.4685454,0 19.5416069,-7.4685664,0 19.5493011,-7.4736023,0 19.5498276,-7.470394099999999,0 19.5447426,-7.4570332,0 19.537447,-7.4493046,0 19.5310618,-7.447455000000001,0 19.5264407,-7.4414004,0 19.526701,-7.436172,0 19.5317211,-7.4350381,0 19.5328941,-7.431579600000001,0 19.5290413,-7.4304085,0 19.5209656,-7.4246006,0 19.5148678,-7.4076381,0 19.4965191,-7.372221500000001,0 19.4944248,-7.3679786,0 19.4983673,-7.363179700000001,0 19.5004692,-7.3579111,0 19.5034771,-7.3554039,0 19.5005512,-7.3445897,0 19.5010281,-7.3416066,0 19.4982471,-7.340606200000001,0 19.4953251,-7.333301499999999,0 19.4964905,-7.3307824,0 19.4900913,-7.323391400000001,0 19.4871597,-7.3134956,0 19.4920254,-7.3080144,0 19.4883785,-7.3022485,0 19.4893246,-7.2981195,0 19.4925652,-7.2949247,0 19.492136,-7.2898688,0 19.4951458,-7.286902,0 19.4926929,-7.2740226,0 19.4941216,-7.2659922,0 19.4969234,-7.259348899999999,0 19.4997005,-7.2566104,0 19.5008793,-7.2520232,0 19.5002365,-7.2442098,0 19.5028305,-7.2336588,0 19.5001987,-7.230237500000001,0 19.4999805,-7.2287478,0 19.5005913,-7.227417,0 19.5038319,-7.2203417,0 19.5031796,-7.2139053,0 19.5050507,-7.2090936,0 19.5009651,-7.1996484,0 19.5030746,-7.1932297,0 19.5024052,-7.1897798,0 19.497839,-7.1837778,0 19.495575,-7.1777906,0 19.4974384,-7.1741266,0 19.5034447,-7.1700301,0 19.5061235,-7.1524346,0 19.5063483,-7.1509577,0 19.5146198,-7.1344633,0 19.5168137,-7.122385,0 19.5221729,-7.113003300000001,0 19.5262725,-7.1037698,0 19.5333309,-7.0976129,0 19.5347214,-7.0867815,0 19.5476418,-7.0771217,0 19.5529518,-7.069293,0 19.5526777,-7.068277300000001,0 19.5591011,-7.0591249,0 19.562788,-7.057444599999999,0 19.5473385,-7.030247200000001,0 19.5437374,-7.0124259,0 19.54376,-7.007013099999999,0 19.5532303,-7.0052152,0 19.5583019,-7.004762600000001,0 19.5783615,-7.0045652,0 19.5947407,-7.005779199999999,0 19.6069469,-7.0066838,0 19.6279259,-7.0078678,0 19.6445236,-7.0097365,0 19.6567516,-7.010919600000001,0 19.6664333,-7.0097814,0 19.6784229,-7.006801599999999,0 19.6867218,-7.0054302,0 19.692255,-7.0042858,0 19.7010155,-7.0040674,0 19.7111588,-7.0059252,0 19.7173824,-7.0054727,0 19.7261448,-7.0047936,0 19.7501202,-7.0052867,0 19.7647173,-7.0051728,0 19.7754803,-7.0050888,0 19.8003769,-7.006503600000001,0 19.8294239,-7.007228400000001,0 19.8508625,-7.0065618,0 19.8681507,-7.0058885,0 19.8872833,-7.0042987,0 19.8960438,-7.003384600000001,0 19.9068756,-7.0027032,0 19.907177,-7.0027336,0 19.9253139,-7.0045624,0 19.9402962,-7.0052657,0 19.9472103,-7.0038891,0 19.9534321,-7.004123699999999,0 19.9601154,-7.0041289,0 19.9707184,-7.0041366,0 19.9801655,-7.0041437,0 19.9850063,-7.0041466,0 19.9909973,-7.0025377,0 19.9921044,-7.0024927,0 20.0188828,-7.0014033,0 20.0405445,-7.0004935,0 20.0599022,-7.001655600000001,0 20.0741901,-7.0037365,0 20.082716,-7.0025887,0 20.0893993,-7.0023613,0 20.0986156,-7.0023651,0 20.1228123,-7.0035276,0 20.138483,-7.0042229,0 20.1465473,-7.0039959,0 20.1534595,-7.0023847,0 20.1615238,-7.001696100000001,0 20.1688976,-7.0019288,0 20.1847973,-7.0026236,0 20.2096844,-7.0042429,0 20.2292728,-7.0060892,0 20.2463245,-7.0054011,0 20.261816,-7.0052166,0 20.2760487,-7.0040212,0 20.2852631,-7.002870099999999,0 20.2977943,-7.005749700000001,0 20.300335,-6.998119599999999,0 20.3017101,-6.9980326,0 20.3037014,-6.9952126,0 20.3037187,-6.990082600000001,0 20.3099899,-6.97719,0 20.3141289,-6.9647517,0 20.3166599,-6.95646,0 20.3166523,-6.9440222,0 20.31987,-6.9292817,0 20.3214779,-6.920529400000001,0 20.3270054,-6.9186873,0 20.3318424,-6.9179959,0 20.3484306,-6.9193783,0 20.3691635,-6.9186873,0 20.3878231,-6.9196081,0 20.4025669,-6.9202981,0 20.4193821,-6.9200649,0 20.4297485,-6.9202938,0 20.4359684,-6.9202929,0 20.4426479,-6.9179883,0 20.4606113,-6.9159117,0 20.4721298,-6.916139100000001,0 20.4841099,-6.9186697,0 20.4889469,-6.918208100000001,0 20.5006943,-6.9177432,0 20.5345554,-6.9204955,0 20.5532112,-6.9186459,0 20.5769367,-6.9193258,0 20.5942135,-6.9202385,0 20.5980485,-6.919502200000001,0 20.6050339,-6.9181609,0 20.6154003,-6.917693599999999,0 20.6254821,-6.9178487,0 20.6214428,-6.9286442,0 20.6205025,-6.9583201,0 20.6184711,-6.9755559,0 20.6136513,-6.9783683,0 20.6113567,-6.9885368,0 20.6085167,-6.991637700000001,0 20.5979904,-6.9966274,0 20.5963287,-6.997415100000001,0 20.58951,-7.0059967,0 20.5886704,-7.0086363,0 20.5843621,-7.0221823,0 20.58008,-7.0356455,0 20.575367,-7.059927899999999,0 20.5752563,-7.0695767,0 20.5729124,-7.0752811,0 20.5704638,-7.081239999999999,0 20.5673428,-7.088835199999999,0 20.5566921,-7.1027961,0 20.5515842,-7.112648000000001,0 20.5487499,-7.1280265,0 20.5436115,-7.1440816,0 20.5451031,-7.1605492,0 20.5406723,-7.186740899999999,0 20.5406761,-7.186933500000001,0 20.5410061,-7.2037201,0 20.541048,-7.2058539,0 20.5362206,-7.2193041,0 20.5379435,-7.2331957,0 20.5396156,-7.2466774,0 20.5392215,-7.2581186,0 20.5391369,-7.260574300000001,0 20.5401684,-7.269023199999999,0 20.5416832,-7.281429800000001,0 20.5455265,-7.281415899999999,0 20.556698,-7.2813762,0 20.5571117,-7.286838099999999,0 20.5697975,-7.2914352,0 20.580862,-7.2923479,0 20.5854398,-7.292881700000001,0 20.5887012,-7.293262,0 20.5944633,-7.2937169,0 20.6011448,-7.2920985,0 20.6209641,-7.2902379,0 20.6398621,-7.2895284,0 20.6642952,-7.2897768,0 20.6861954,-7.2915978,0 20.7110863,-7.2899604,0 20.7405834,-7.2873955,0 20.7620144,-7.284607400000001,0 20.7811394,-7.282743000000001,0 20.7928377,-7.2822483,0 20.7979641,-7.2820315,0 20.8104134,-7.284318899999999,0 20.8184834,-7.2868404,0 20.8313961,-7.2900476,0 20.8431549,-7.292564399999999,0 20.8512211,-7.2923226,0 20.8619995,-7.293468,0 20.8790921,-7.2920601,0 20.8848667,-7.2915845,0 20.9079075,-7.289938899999999,0 20.9297981,-7.2887554,0 20.9500732,-7.2868819,0 20.9717331,-7.2859263,0 20.9977722,-7.2865734,0 21.0171261,-7.2851596,0 21.0378685,-7.286734099999999,0 21.0579147,-7.2866983,0 21.0779629,-7.2880416,0 21.0963993,-7.288928,0 21.1111431,-7.2879782,0 21.1281948,-7.2884059,0 21.1397457,-7.289085900000001,0 21.1470909,-7.2895184,0 21.1583786,-7.289265600000001,0 21.1772728,-7.2894568,0 21.1834888,-7.288063,0 21.1922455,-7.2889647,0 21.2072182,-7.2875514,0 21.2100627,-7.287868200000001,0 21.2173576,-7.2886806,0 21.2247353,-7.290966,0 21.2357941,-7.2907119,0 21.2452374,-7.2902303,0 21.256752,-7.2885928,0 21.2625122,-7.288810300000001,0 21.268901,-7.289115,0 21.2717304,-7.2892499,0 21.2781792,-7.2892346,0 21.2855511,-7.289217,0 21.2913074,-7.2882833,0 21.3062859,-7.289859299999999,0 21.3152637,-7.2877669,0 21.3251648,-7.2861319,0 21.3412076,-7.2873922,0 21.3422146,-7.2874713,0 21.3583393,-7.2872009,0 21.3691616,-7.285793300000001,0 21.3811417,-7.2886133,0 21.3850479,-7.2834511,0 21.3919621,-7.284815300000001,0 21.3981876,-7.2864099,0 21.4041786,-7.2870846,0 21.4115486,-7.287065,0 21.4189796,-7.284579800000001,0 21.4329605,-7.284017600000001,0 21.4430943,-7.283530200000001,0 21.450695,-7.2837405,0 21.459446,-7.2830257,0 21.4718819,-7.2829919,0 21.4850121,-7.2834167,0 21.4969864,-7.2831526,0 21.5068893,-7.282205100000001,0 21.5135727,-7.283567,0 21.5225487,-7.2819304,0 21.5317566,-7.2819041,0 21.5340633,-7.2818975,0 21.5488091,-7.2834659,0 21.5596313,-7.282513099999999,0 21.5669994,-7.282261800000001,0 21.5752907,-7.282697699999999,0 21.5909519,-7.2828808,0 21.6019993,-7.2810068,0 21.6090291,-7.2822247,0 21.6098328,-7.2823639,0 21.6181976,-7.280756500000001,0 21.6183393,-7.2807573,0 21.6185969,-7.2807587,0 21.6307888,-7.282299000000001,0 21.6383839,-7.2808957,0 21.641609,-7.2808856,0 21.6478227,-7.2809199,0 21.6482803,-7.280922399999999,0 21.6623383,-7.2826605,0 21.6724739,-7.283319,0 21.6839943,-7.2848921,0 21.6904373,-7.2841811,0 21.707716,-7.2859659,0 21.7302799,-7.2854309,0 21.7414552,-7.285577000000001,0 21.7443256,-7.285614500000001,0 21.760437,-7.283950300000001,0 21.7632176,-7.2834776,0 21.7805882,-7.2838931,0 21.7843399,-7.2876487,0 21.7843285,-7.2951508,0 21.7871342,-7.302890299999999,0 21.7918243,-7.307351600000001,0 21.793829,-7.3084621,0 21.8028545,-7.3134623,0 21.8084812,-7.3207374,0 21.8197441,-7.3275514,0 21.8251286,-7.3397484,0 21.8277817,-7.3500729,0 21.8279533,-7.3583522,0 21.8292332,-7.365529500000001,0 21.834753,-7.372528599999999,0 21.837513,-7.3812542,0 21.8382359,-7.3857794,0 21.8347225,-7.392581499999999,0 21.8302078,-7.3960109,0 21.8284416,-7.399930999999999,0 21.8288059,-7.4028749,0 21.8297253,-7.4050837,0 21.8396626,-7.4174237,0 21.8461075,-7.422584100000001,0 21.8497671,-7.4232417,0 21.8508301,-7.423934899999999,0 21.8533222,-7.427224,0 21.8529186,-7.4292164,0 21.8556652,-7.442465799999999,0 21.8532581,-7.4489002,0 21.846981,-7.454042400000001,0 21.8432903,-7.4566131,0 21.8430309,-7.4590778,0 21.8436489,-7.4630513,0 21.8464108,-7.4652629,0 21.851572,-7.466006299999999,0 21.8567295,-7.4702439,0 21.8569069,-7.4750271,0 21.8519096,-7.4864254,0 21.8518183,-7.486669,0 21.8483925,-7.495801900000001,0 21.8406079,-7.5056551,0 21.8402634,-7.5060911,0 21.836359,-7.5200033,0 21.8389263,-7.5317249,0 21.8487701,-7.547674200000001,0 21.8503037,-7.549739099999999,0 21.8532829,-7.5537505,0 21.8532772,-7.5570612,0 21.8521652,-7.561842,0 21.8523369,-7.570118899999999,0 21.851593,-7.573061000000001,0 21.8501148,-7.5750823,0 21.8453178,-7.5770988,0 21.8426075,-7.5830522,0 21.8484173,-7.5999107,0 21.8476734,-7.6048756,0 21.844532,-7.6087337,0 21.8367729,-7.6175508,0 21.8282127,-7.622165700000001,0 21.8293648,-7.6372199,0 21.8238068,-7.653029,0 21.8129196,-7.6565075,0 21.8103294,-7.6618366,0 21.8123417,-7.6725073,0 21.8110352,-7.6822524,0 21.8073311,-7.6925459,0 21.7965984,-7.7138634,0 21.7958393,-7.7274709,0 21.7954655,-7.7307806,0 21.7936134,-7.7348232,0 21.7904739,-7.7372093,0 21.7860432,-7.7405128,0 21.7843742,-7.7454758,0 21.7843978,-7.7456242,0 21.7858353,-7.7546725,0 21.7836132,-7.7600021,0 21.7806549,-7.764411399999999,0 21.7680435,-7.777424299999999,0 21.7694454,-7.7823467,0 21.7694206,-7.795628099999999,0 21.7766953,-7.8041463,0 21.7778492,-7.8172674,0 21.7766647,-7.8224196,0 21.7747822,-7.824525399999999,0 21.7641945,-7.831068999999999,0 21.7620564,-7.845356500000001,0 21.764385,-7.854148000000001,0 21.7709332,-7.8788695,0 21.7706738,-7.8936272,0 21.7680664,-7.907444999999999,0 21.7654552,-7.9096365,0 21.7482948,-7.9240465,0 21.7454662,-7.9280238,0 21.7447529,-7.9329419,0 21.7454491,-7.9387994,0 21.7475586,-7.9427848,0 21.7539717,-7.9517862,0 21.757591,-7.956866100000001,0 21.7597542,-7.9599023,0 21.7597466,-7.9645872,0 21.7641747,-7.9784165,0 21.7691097,-7.993828499999999,0 21.769146,-8.001344700000001,0 21.772065,-8.001556600000001,0 21.7741547,-8.0043392,0 21.7814541,-8.011754,0 21.7863922,-8.025116000000001,0 21.7879467,-8.031098399999999,0 21.7963753,-8.04105,0 21.8139687,-8.056138000000001,0 21.8191605,-8.0674353,0 21.8271065,-8.0799065,0 21.831777,-8.093992399999999,0 21.8324425,-8.0959994,0 21.8338261,-8.100172000000001,0 21.8440571,-8.1147308,0 21.848732,-8.132222199999999,0 21.854845,-8.1439877,0 21.8662453,-8.156948999999999,0 21.8726616,-8.1609116,0 21.8865891,-8.175045000000001,0 21.8885157,-8.179809199999999,0 21.8840313,-8.1841431,0 21.8830813,-8.189515500000001,0 21.8809147,-8.190604199999999,0 21.8791882,-8.194348,0 21.8778572,-8.1972342,0 21.8823223,-8.212887800000001,0 21.8868977,-8.228142399999999,0 21.8865967,-8.2321978,0 21.8896005,-8.2367311,0 21.8923931,-8.2455845,0 21.8959732,-8.2573261,0 21.8961258,-8.2910805,0 21.9002266,-8.2963991,0 21.9114866,-8.3033742,0 21.9148998,-8.3054886,0 21.9227123,-8.3083153,0 21.9309502,-8.3152781,0 21.9361706,-8.324509600000001,0 21.936898,-8.329109300000001,0 21.9359875,-8.331151,0 21.9293365,-8.3374004,0 21.923851,-8.3450232,0 21.9248188,-8.3474947,0 21.9223309,-8.3503323,0 21.9192772,-8.3565044,0 21.9200459,-8.3735046,0 21.918108,-8.3835917,0 21.9201126,-8.391417499999999,0 21.9244366,-8.3978863,0 21.9322243,-8.4039278,0 21.9428616,-8.426528899999999,0 21.9507179,-8.4507122,0 21.9513435,-8.4580669,0 21.9509867,-8.4618138,0 21.9498138,-8.4741287,0 21.9543457,-8.483356499999999,0 21.9546481,-8.4837244,0 21.95891,-8.488908800000001,0 21.9596435,-8.495846,0 21.9571552,-8.5015278,0 21.9505081,-8.508239700000001,0 21.9457111,-8.515400899999999,0 21.9455109,-8.5200043,0 21.9461655,-8.521501300000001,0 21.9449921,-8.523004500000001,0 21.9423847,-8.530559500000001,0 21.9425105,-8.531039699999999,0 21.946846,-8.547596,0 21.947216,-8.5579348,0 21.9459541,-8.562249400000001,0 21.9377346,-8.5649204,0 21.9328431,-8.5767668,0 21.9327354,-8.5768681,0 21.9326985,-8.577117100000001,0 21.9318295,-8.5792217,0 21.9321741,-8.5806504,0 21.9305229,-8.5917768,0 21.9240208,-8.5960827,0 21.9226017,-8.5999737,0 21.9334068,-8.6046648,0 21.9351402,-8.607303,0 21.9292736,-8.610763499999999,0 21.9246845,-8.6147022,0 21.9224472,-8.624842599999999,0 21.9174118,-8.6310854,0 21.9153881,-8.6389227,0 21.9160632,-8.641538799999999,0 21.9136276,-8.647439,0 21.9135551,-8.647945200000001,0 21.9121494,-8.657761600000001,0 21.9152059,-8.6689653,0 21.9144497,-8.670226100000001,0 21.9062386,-8.6845455,0 21.9037647,-8.6937666,0 21.8957348,-8.7007198,0 21.8990288,-8.709675799999999,0 21.9005768,-8.712173099999999,0 21.8986588,-8.7189713,0 21.8991244,-8.7350253,0 21.8991852,-8.7371225,0 21.9029655,-8.7530079,0 21.9037893,-8.7605006,0 21.9035587,-8.7628164,0 21.9012871,-8.767894699999999,0 21.898325,-8.773206699999999,0 21.8992901,-8.7789555,0 21.8992618,-8.779853900000001,0 21.8985462,-8.781682999999999,0 21.8941708,-8.8053045,0 21.8916448,-8.810345699999999,0 21.8808708,-8.817971200000001,0 21.8841305,-8.821634299999999,0 21.8840707,-8.825461600000001,0 21.8809929,-8.831604,0 21.8814659,-8.833664000000001,0 21.8784618,-8.835942299999999,0 21.8722839,-8.843578300000001,0 21.869545,-8.84797,0 21.8696213,-8.858327900000001,0 21.870784,-8.860573499999999,0 21.8684082,-8.868245099999999,0 21.8703195,-8.8813092,0 21.8697948,-8.881809199999999,0 21.8643227,-8.891283,0 21.8641433,-8.8959133,0 21.8637562,-8.896462400000001,0 21.8615551,-8.9095373,0 21.8654062,-8.923716000000001,0 21.8614082,-8.933895100000001,0 21.8601208,-8.9467964,0 21.8542843,-8.968707999999999,0 21.8525162,-8.9790812,0 21.8539944,-8.991274799999999,0 21.8542949,-8.9961927,0 21.8535328,-9.0013676,0 21.8537006,-9.0082626,0 21.8505592,-9.022709799999999,0 21.8523026,-9.034214,0 21.8555688,-9.040000600000001,0 21.8502827,-9.048865299999999,0 21.8438606,-9.0546656,0 21.8413982,-9.06287,0 21.8433646,-9.069591300000001,0 21.842844,-9.0812311,0 21.8429677,-9.0870886,0 21.8424911,-9.0879297,0 21.8430201,-9.089566599999999,0 21.8436451,-9.119154,0 21.8478355,-9.140793800000001,0 21.8539066,-9.159234,0 21.8574644,-9.1657619,0 21.8609562,-9.1721687,0 21.8600325,-9.1789986,0 21.8597145,-9.1813498,0 21.8631744,-9.2071199,0 21.8629913,-9.2268829,0 21.8629487,-9.227130900000001,0 21.8545761,-9.238137200000001,0 21.8486366,-9.2462397,0 21.8454838,-9.256166500000001,0 21.8446198,-9.2635422,0 21.8391438,-9.271642699999999,0 21.8357334,-9.2783461,0 21.833952,-9.2864208,0 21.8335846,-9.2919161,0 21.8318214,-9.2939291,0 21.8296509,-9.3031015,0 21.8296895,-9.307597299999999,0 21.8281307,-9.308804500000001,0 21.8212738,-9.3178368,0 21.8148651,-9.3250227,0 21.8143252,-9.326200699999999,0 21.8116875,-9.331955900000001,0 21.8112717,-9.3374872,0 21.8123902,-9.3455569,0 21.8090286,-9.354620000000001,0 21.8118031,-9.3636053,0 21.8081112,-9.373674400000001,0 21.8087842,-9.377119799999999,0 21.8083344,-9.3789759,0 21.8042927,-9.3902006,0 21.8042531,-9.390484000000001,0 21.802042,-9.393989599999999,0 21.8033167,-9.3971825,0 21.8023033,-9.4044323,0 21.8001049,-9.4078271,0 21.7983093,-9.410599700000001,0 21.7936401,-9.4146929,0 21.7934116,-9.4164428,0 21.7928905,-9.420432099999999,0 21.7960644,-9.4275866,0 21.7986161,-9.4300087,0 21.821991,-9.4521961,0 21.8293552,-9.457092299999999,0 21.834837,-9.4649582,0 21.8350086,-9.4713964,0 21.8330708,-9.4803429,0 21.8300076,-9.486061100000001,0 21.8299007,-9.4973221,0 21.835741,-9.516457600000001,0 21.8478184,-9.537486100000001,0 21.8632011,-9.551880799999999,0 21.8681679,-9.5657187,0 21.8680344,-9.5799694,0 21.8660793,-9.5909853,0 21.866478,-9.5978861,0 21.8717442,-9.6046,0 21.8753548,-9.614978799999999,0 21.871109,-9.6229858,0 21.8708057,-9.630797400000001,0 21.8778915,-9.641207700000001,0 21.8771248,-9.648787499999999,0 21.875927,-9.6531439,0 21.8805256,-9.656864199999999,0 21.8934555,-9.661811800000001,0 21.898035,-9.6678286,0 21.9025517,-9.670826,0 21.9120846,-9.677152599999999,0 21.9171371,-9.682025899999999,0 21.9289188,-9.686039900000001,0 21.9342422,-9.686779,0 21.9375343,-9.6905012,0 21.9390926,-9.699912100000001,0 21.9382362,-9.7063541,0 21.9398022,-9.712574999999999,0 21.9417439,-9.7158947,0 21.94837,-9.752414699999999,0 21.9765205,-9.765912999999999,0 21.9791069,-9.7655888,0 21.986372,-9.7660961,0 21.9881535,-9.764454799999999,0 22.0063992,-9.762166000000001,0 22.0065479,-9.765122399999999,0 22.0034218,-9.7779694,0 22.002203,-9.784627,0 22.003788,-9.7890081,0 22.0077,-9.792261099999999,0 22.0099354,-9.801706299999999,0 22.0123615,-9.8157511,0 22.0254059,-9.835177399999999,0 22.0348949,-9.8371,0 22.0418797,-9.8339386,0 22.0446396,-9.8364925,0 22.0551586,-9.8533659,0 22.0641384,-9.8608007,0 22.0682068,-9.8730192,0 22.0732689,-9.877661700000001,0 22.0823078,-9.878197699999999,0 22.089222,-9.8833141,0 22.0956917,-9.8858976,0 22.1057377,-9.877244900000001,0 22.1108551,-9.875219299999999,0 22.1166534,-9.875268,0 22.1221962,-9.8778419,0 22.1301746,-9.8942327,0 22.1334229,-9.8942604,0 22.1413671,-9.8924448,0 22.1436119,-9.892910000000001,0 22.1478333,-9.8917489,0 22.1526909,-9.8916588,0 22.1561527,-9.893757799999999,0 22.1671848,-9.905802700000001,0 22.1858749,-9.917450000000001,0 22.1913643,-9.926920900000001,0 22.1919746,-9.9375038,0 22.1891422,-9.9434576,0 22.1893425,-9.9473667,0 22.1964436,-9.958460799999999,0 22.2005043,-9.9725199,0 22.2087402,-9.986841200000001,0 22.2033615,-9.9920855,0 22.1982021,-9.998943300000001,0 22.2013912,-10.0060959,0 22.2099133,-10.0139818,0 22.2131615,-10.0140066,0 22.2177753,-10.0172634,0 22.2186642,-10.0220985,0 22.2153683,-10.0280514,0 22.2125149,-10.0365362,0 22.2131634,-10.0425196,0 22.2193165,-10.056365,0 22.2212273,-10.0612497,0 22.2250004,-10.0708952,0 22.2221508,-10.0791512,0 22.2206402,-10.0938559,0 22.2258205,-10.1134415,0 22.2250652,-10.1207933,0 22.2201233,-10.1292629,0 22.2242374,-10.1371136,0 22.2230282,-10.1433134,0 22.2226715,-10.1587162,0 22.2278308,-10.1674269,0 22.2332077,-10.1765051,0 22.2357063,-10.1834221,0 22.2386017,-10.1988525,0 22.2361946,-10.2094116,0 22.2389374,-10.2149525,0 22.2449245,-10.2212067,0 22.2456563,-10.221438,0 22.2464008,-10.2256098,0 22.252903,-10.2276173,0 22.2569674,-10.2324749,0 22.2582607,-10.2376394,0 22.2603461,-10.2416494,0 22.2628613,-10.2503033,0 22.2719269,-10.2541208,0 22.2763615,-10.2577581,0 22.2806149,-10.2659998,0 22.2823397,-10.2688935,0 22.2835255,-10.2732496,0 22.2859917,-10.2845373,0 22.2821407,-10.301754,0 22.2851219,-10.3066063,0 22.2906723,-10.309638,0 22.2987537,-10.3156796,0 22.3067913,-10.3276997,0 22.3125019,-10.3401613,0 22.3144577,-10.3523487,0 22.3143768,-10.3528461,0 22.3145718,-10.3530596,0 22.3153839,-10.35812,0 22.3279533,-10.3851204,0 22.3291917,-10.3988664,0 22.3275909,-10.4000883,0 22.326499,-10.4082822,0 22.3258054,-10.410533,0 22.3215218,-10.4171782,0 22.3152962,-10.4193172,0 22.3121223,-10.4255638,0 22.3135228,-10.4315323,0 22.3103638,-10.4367332,0 22.3095651,-10.4473688,0 22.3038063,-10.4493484,0 22.2968979,-10.4524164,0 22.2965757,-10.4662138,0 22.2959538,-10.466979,0 22.2949722,-10.480628,0 22.2928238,-10.4842024,0 22.2899265,-10.4950457,0 22.2848892,-10.5003929,0 22.2804088,-10.5071393,0 22.2779675,-10.5084677,0 22.2776737,-10.5162849,0 22.2887974,-10.5205097,0 22.3112586,-10.5357284,0 22.314003,-10.5419159,0 22.3150966,-10.5535537,0 22.3147926,-10.5556669,0 22.3182868,-10.5762518,0 22.3171463,-10.5784388,0 22.3114452,-10.5867834,0 22.3162196,-10.597431,0 22.3160782,-10.6000652,0 22.3167837,-10.6109414,0 22.3189888,-10.6449347,0 22.3189049,-10.6557446,0 22.3140965,-10.676177,0 22.3242226,-10.6900539,0 22.3271313,-10.7023239,0 22.3278275,-10.7052603,0 22.3281148,-10.7164143,0 22.327774,-10.7173872,0 22.3281637,-10.7183128,0 22.3285446,-10.7330961,0 22.3343029,-10.7407303,0 22.3346214,-10.7478666,0 22.334898,-10.7540741,0 22.3339405,-10.7577477,0 22.3298358,-10.7675241,0 22.3296509,-10.7679205,0 22.3240551,-10.774734,0 22.3109474,-10.7828741,0 22.3097668,-10.7840523,0 22.3062057,-10.7849817,0 22.288147,-10.7849684,0 22.2775631,-10.7919884,0 22.269936,-10.7951554,0 22.2666416,-10.7956429,0 22.2648324,-10.7964096,0 22.2563133,-10.7975254,0 22.2448006,-10.8047857,0 22.2446211,-10.804975,0 22.2421265,-10.8060322,0 22.2316036,-10.8126192,0 22.220662,-10.8214718,0 22.2150803,-10.8219051,0 22.2095222,-10.8219681,0 22.2051735,-10.8277626,0 22.2024288,-10.8317013,0 22.2021435,-10.8360631,0 22.1920414,-10.8417454,0 22.1836868,-10.8493622,0 22.1805782,-10.849185,0 22.1762619,-10.858654,0 22.1733379,-10.8685694,0 22.1743109,-10.8720258,0 22.1736946,-10.8749208,0 22.1788998,-10.8913755,0 22.1807156,-10.8971214,0 22.1818733,-10.8995457,0 22.181963,-10.9074478,0 22.1870327,-10.9136992,0 22.1915436,-10.9198017,0 22.1990051,-10.9298964,0 22.2060966,-10.9451342,0 22.2078876,-10.9541187,0 22.2076969,-10.9620342,0 22.2068329,-10.9980431,0 22.2097416,-11.012558,0 22.216856,-11.0254974,0 22.2200356,-11.0354118,0 22.2206383,-11.0473776,0 22.2201064,-11.0508576,0 22.2042198,-11.0821915,0 22.2101383,-11.0927105,0 22.2128124,-11.1034899,0 22.2129459,-11.1151724,0 22.2243042,-11.1230898,0 22.2302246,-11.1272726,0 22.2382069,-11.1339817,0 22.2499294,-11.1438313,0 22.2549877,-11.1578617,0 22.255806,-11.1638422,0 22.2582111,-11.170104,0 22.2618637,-11.1796074,0 22.2637577,-11.1887064,0 22.2597446,-11.2029972,0 22.25383,-11.213397,0 22.2547016,-11.2290201,0 22.2547329,-11.229875,0 22.2255917,-11.2206907,0 22.2006054,-11.1900492,0 22.1990148,-11.1872629,0 22.1814537,-11.1565008,0 22.1611652,-11.1258163,0 22.1405907,-11.1202707,0 22.1112728,-11.1187954,0 22.0859547,-11.1081438,0 22.0489197,-11.0975809,0 22.0232639,-11.1086369,0 22.0265446,-11.1394634,0 22.042532,-11.1587563,0 22.0268307,-11.1645985,0 22.006216,-11.1556177,0 21.9791718,-11.1478262,0 21.9290867,-11.1230659,0 21.9095573,-11.1054993,0 21.9022344,-11.1001566,0 21.9034761,-11.0984198,0 21.9070022,-11.0922897,0 21.909903,-11.0858478,0 21.9121505,-11.0791562,0 21.9137231,-11.0722792,0 21.9146058,-11.0652831,0 21.91479,-11.0582352,0 21.9142742,-11.0512035,0 21.9130632,-11.0442555,0 21.9111689,-11.0374581,0 21.9086094,-11.0308768,0 21.9054095,-11.024575,0 21.9015999,-11.0186132,0 21.8972174,-11.0130488,0 21.892304,-11.0079354,0 21.8869072,-11.0033223,0 21.8810789,-10.9992538,0 21.8748751,-10.9957691,0 21.8683555,-10.9929017,0 21.8615829,-10.9906793,0 21.8546225,-10.9891233,0 21.8475411,-10.9882487,0 21.840407,-10.9880639,0 21.8332888,-10.9885707,0 21.826255,-10.9897643,0 21.8260669,-10.9898154,0 21.8249542,-10.9898946,0 21.8229232,-10.9902392,0 21.8202236,-10.9904313,0 21.8187684,-10.9906782,0 21.8170394,-10.9908012,0 21.8100053,-10.9919945,0 21.8067056,-10.9928904,0 21.8048736,-10.9932012,0 21.7979914,-10.9950698,0 21.7913275,-10.9975958,0 21.7909074,-10.9978037,0 21.7865815,-10.9994434,0 21.786023,-10.9997199,0 21.7810857,-11.0015912,0 21.774704,-11.0047502,0 21.7690455,-11.0082757,0 21.7677941,-11.0087499,0 21.761412,-11.0119088,0 21.7553738,-11.0156705,0 21.7497377,-11.0199988,0 21.744558,-11.024852,0 21.7398845,-11.0301834,0 21.7387144,-11.0318181,0 21.7365051,-11.0335145,0 21.7313249,-11.0383678,0 21.7266511,-11.0436993,0 21.7225286,-11.0494577,0 21.7189972,-11.0555876,0 21.716091,-11.0620299,0 21.715497,-11.0637945,0 21.7093494,-11.0661232,0 21.702965,-11.069282,0 21.6969246,-11.0730436,0 21.6912863,-11.0773719,0 21.6861046,-11.0822253,0 21.6814292,-11.0875569,0 21.6784697,-11.0916897,0 21.6739851,-11.093908,0 21.6714182,-11.0955063,0 21.6676744,-11.0973581,0 21.6616327,-11.1011196,0 21.6559933,-11.1054478,0 21.6508104,-11.1103012,0 21.6461339,-11.1156329,0 21.642009,-11.1213917,0 21.6417569,-11.121829,0 21.6388619,-11.1240506,0 21.6336784,-11.128904,0 21.6290013,-11.1342358,0 21.6248759,-11.1399947,0 21.6213418,-11.1461253,0 21.6209839,-11.146918,0 21.6201067,-11.147464,0 21.6144657,-11.1517923,0 21.6092812,-11.1566458,0 21.6046034,-11.1619777,0 21.6004771,-11.1677368,0 21.5969423,-11.1738675,0 21.5940331,-11.1803109,0 21.5917774,-11.1870048,0 21.5901971,-11.1938849,0 21.5893075,-11.2008848,0 21.5891171,-11.207937,0 21.5896279,-11.2149738,0 21.590835,-11.2219271,0 21.5927268,-11.2287302,0 21.5952851,-11.2353173,0 21.5984854,-11.2416251,0 21.6022967,-11.2475926,0 21.6066824,-11.2531626,0 21.6116002,-11.2582811,0 21.6170027,-11.2628991,0 21.6228379,-11.2669718,0 21.6290496,-11.2704602,0 21.6355778,-11.2733305,0 21.6355809,-11.2733316,0 21.6317806,-11.2765379,0 21.6049671,-11.2921362,0 21.5687771,-11.3083611,0 21.5190334,-11.3183813,0 21.5182436,-11.3183861,0 21.4838562,-11.318594,0 21.4593277,-11.3290224,0 21.4369965,-11.3240128,0 21.4141159,-11.3369761,0 21.3663311,-11.3395357,0 21.3162766,-11.3315496,0 21.2805347,-11.3345976,0 21.2424488,-11.3382254,0 21.208643,-11.3618231,0 21.1806412,-11.3791037,0 21.1508865,-11.3975306,0 21.1163883,-11.4102669,0 21.1117828,-11.4106968,0 21.0969178,-11.4120843,0 21.0841541,-11.4132757,0 21.0707444,-11.4236393,0 21.0625877,-11.4299431,0 21.0378966,-11.4371781,0 21.0368404,-11.4374876,0 21.025877,-11.4603882,0 21.0085239,-11.4913149,0 21.0000772,-11.4932766,0 20.9458599,-11.505868,0 20.918869,-11.5054083,0 20.8865719,-11.5015411,0 20.862505,-11.4999237,0 20.8390446,-11.5011578,0 20.8190689,-11.4972343,0 20.8003292,-11.5018759,0 20.8080864,-11.5201273,0 20.8351612,-11.5314493,0 20.8467319,-11.544521,0 20.8487682,-11.5468216,0 20.8296032,-11.5737457,0 20.8168488,-11.5955019,0 20.8054814,-11.5978265,0 20.7969265,-11.599576,0 20.792374,-11.5823604,0 20.7920971,-11.5813131,0 20.786768,-11.5744772,0 20.7830737,-11.5749817,0 20.7738705,-11.5762386,0 20.7522354,-11.5739498,0 20.7527485,-11.5768871,0 20.7575426,-11.5963657,0 20.7587891,-11.6014299,0 20.7628397,-11.6047745,0 20.7794533,-11.6184921,0 20.8112392,-11.6309414,0 20.8406868,-11.6445398,0 20.8989773,-11.6683016,0 20.9227066,-11.7007666,0 20.9434433,-11.7252436,0 20.9435865,-11.7437683,0 20.9436951,-11.757803,0 20.940361,-11.7823801,0 20.9163494,-11.791049,0 20.8903904,-11.7751598,0 20.8749809,-11.7563705,0 20.8730453,-11.7558471,0 20.8479156,-11.7490511,0 20.8417154,-11.7494909,0 20.8308964,-11.7502584,0 20.8055096,-11.7315025,0 20.7921295,-11.7486935,0 20.7723909,-11.7557071,0 20.7564011,-11.7613888,0 20.7530022,-11.77911,0 20.7464921,-11.7919735,0 20.7403086,-11.8041919,0 20.736784,-11.8111563,0 20.7211037,-11.8363457,0 20.7083111,-11.8552408,0 20.7073699,-11.8564753,0 20.6943398,-11.8735657,0 20.6887808,-11.8871136,0 20.6868286,-11.8918715,0 20.6868609,-11.8965883,0 20.6870003,-11.9169624,0 20.687067,-11.9267139,0 20.714777,-11.9403286,0 20.7254391,-11.9528589,0 20.725249,-11.954758,0 20.7226944,-11.9802856,0 20.7091012,-12.0180348,0 20.7082787,-12.020319,0 20.7008476,-12.0506172,0 20.6905785,-12.0957756,0 20.6966915,-12.1300249,0 20.7103958,-12.1562519,0 20.7205315,-12.1762075,0 20.7294598,-12.191597,0 20.7420025,-12.2189684,0 20.7498151,-12.2386866,0 20.7539787,-12.2491951,0 20.7544128,-12.2504322,0 20.7677879,-12.2885542,0 20.76717,-12.3436499,0 20.7411404,-12.3469048,0 20.7242641,-12.3404961,0 20.712822,-12.3361521,0 20.6863308,-12.3339567,0 20.6752374,-12.3294592,0 20.6597824,-12.3231936,0 20.6505904,-12.3170971,0 20.6255054,-12.3004599,0 20.6054478,-12.291955,0 20.5602036,-12.300087,0 20.5262108,-12.3201733,0 20.5067958,-12.3373746,0 20.5016365,-12.3419456,0 20.4861923,-12.3590268,0 20.4829023,-12.3626655,0 20.4654026,-12.38202,0 20.4503479,-12.4226065,0 20.4382114,-12.4591866,0 20.3937626,-12.5078373,0 20.375721,-12.5438557,0 20.3687949,-12.582205,0 20.3660221,-12.597558,0 20.3645165,-12.6117595,0 20.3620085,-12.6354158,0 20.3609962,-12.6449642,0 20.3631346,-12.6494049,0 20.3798065,-12.6840267,0 20.3854408,-12.6957273,0 20.3908702,-12.7021932,0 20.3995231,-12.7124981,0 20.412641,-12.7281204,0 20.4299393,-12.7487211,0 20.4792468,-12.7838715,0 20.4826088,-12.7862682,0 20.5227871,-12.8038588,0 20.5795479,-12.8328133,0 20.5996581,-12.8450212,0 20.6197872,-12.8572407,0 20.6777382,-12.8850298,0 20.7262211,-12.9059906,0 20.7575989,-12.9247208,0 20.7995491,-12.9376984,0 20.824557,-12.952409,0 20.8333015,-12.9575529,0 20.8575137,-12.9765628,0 20.8694801,-12.9859581,0 20.8950214,-13.0104046,0 20.9147053,-13.0394402,0 20.9214932,-13.0652947,0 20.9216317,-13.0658224,0 20.9245559,-13.0769601,0 20.934871,-13.1162493,0 20.9353657,-13.1181335,0 20.935871,-13.1333338,0 20.9359087,-13.1344678,0 20.936594,-13.1550827,0 20.943728,-13.1658423,0 20.9487724,-13.1734505,0 20.9521809,-13.1808895,0 20.9528981,-13.1824549,0 20.9607792,-13.1996555,0 20.9787865,-13.2383947,0 20.9847963,-13.2653795,0 20.9855175,-13.2686176,0 20.9899713,-13.2861247,0 20.9916096,-13.2925644,0 21.0095844,-13.3261614,0 21.0298645,-13.3612643,0 21.0329361,-13.366581,0 21.0353856,-13.3710823,0 21.0463617,-13.391253,0 21.0528938,-13.4032569,0 21.0605087,-13.4172506,0 21.0802193,-13.4445553,0 21.106411,-13.4689722,0 21.1213534,-13.4791205,0 21.1389508,-13.4910718,0 21.1414585,-13.492775,0 21.1783428,-13.5234118,0 21.2043142,-13.5463678,0 21.2110844,-13.552352,0 21.2216688,-13.5629459,0 21.246254,-13.587553,0 21.277256,-13.6187754,0 21.3094654,-13.6517,0 21.329216,-13.6789827,0 21.3615608,-13.7255926,0 21.364864,-13.7471996,0 21.3672256,-13.7626476,0 21.369476,-13.7841392,0 21.3699591,-13.788754,0 21.3711647,-13.7834559,0 21.3739782,-13.775074,0 21.3776186,-13.767002,0 21.3820508,-13.7593177,0 21.387232,-13.7520951,0 21.3931121,-13.7454037,0 21.3996345,-13.7393078,0 21.4067364,-13.7338663,0 21.4143493,-13.7291313,0 21.4223999,-13.7251485,0 21.4308107,-13.7219561,0 21.4395008,-13.7195848,0 21.4483865,-13.7180574,0 21.4573823,-13.7173886,0 21.4664017,-13.7175846,0 21.475358,-13.7186437,0 21.4841649,-13.7205556,0 21.4927378,-13.7233018,0 21.4934727,-13.7236182,0 21.4934968,-13.7236259,0 21.5017532,-13.7271799,0 21.5096137,-13.7315076,0 21.5170028,-13.7365673,0 21.5238492,-13.7423104,0 21.5300872,-13.7486814,0 21.5356567,-13.7556192,0 21.5405041,-13.763057,0 21.5445827,-13.7709232,0 21.5478531,-13.779142,0 21.550284,-13.7876346,0 21.5518517,-13.796319,0 21.5525412,-13.8051118,0 21.5523456,-13.8139282,0 21.55225,-13.814704,0 21.5522377,-13.8152574,0 21.5511589,-13.8240127,0 21.5492072,-13.8326226,0 21.5464011,-13.8410041,0 21.5427677,-13.8490765,0 21.5383419,-13.8567622,0 21.5331661,-13.863987,0 21.5272901,-13.8706813,0 21.5207704,-13.8767807,0 21.5136699,-13.8822263,0 21.5060569,-13.8869657,0 21.4980046,-13.8909531,0 21.4895907,-13.89415,0 21.4808962,-13.8965257,0 21.4720049,-13.8980572,0 21.4630026,-13.8987296,0 21.453976,-13.8985364,0 21.4450122,-13.8974796,0 21.4361976,-13.8955691,0 21.4276171,-13.8928234,0 21.4193536,-13.8892689,0 21.4114867,-13.8849399,0 21.4040923,-13.879878,0 21.3972417,-13.8741321,0 21.3910009,-13.8677575,0 21.38543,-13.8608157,0 21.3805827,-13.8533736,0 21.3803328,-13.8528912,0 21.380035,-13.852434,0 21.3759581,-13.8445633,0 21.3740953,-13.8398751,0 21.3751774,-13.8555994,0 21.3756199,-13.8588289,0 21.3802547,-13.8926535,0 21.3794193,-13.9303102,0 21.3714485,-13.9640102,0 21.3634815,-13.9982805,0 21.3597336,-14.0410824,0 21.3603476,-14.0431369,0 21.3659056,-14.0617332,0 21.3701153,-14.0758181,0 21.3868985,-14.0729203,0 21.4008427,-14.0705128,0 21.4409294,-14.0537424,0 21.4560394,-14.0245638,0 21.4639912,-13.9897213,0 21.4672031,-13.9543352,0 21.4722366,-13.9240723,0 21.5010166,-13.9027939,0 21.5290623,-13.9277258,0 21.5449295,-13.9772577,0 21.5391884,-14.0554399,0 21.5289497,-14.0977106,0 21.513401,-14.1422911,0 21.5065722,-14.1559115,0 21.4947991,-14.1793934,0 21.4901695,-14.1886272,0 21.4886066,-14.1984619,0 21.4882504,-14.2007031,0 21.4851275,-14.2203538,0 21.4829121,-14.2342939,0 21.4904366,-14.2775908,0 21.4886131,-14.3340559,0 21.4947699,-14.3685824,0 21.4967616,-14.3797513,0 21.4997553,-14.3965393,0 21.4998875,-14.3972807,0 21.5027648,-14.4038537,0 21.5138283,-14.4291277,0 21.517433,-14.4450349,0 21.5262146,-14.4837866,0 21.5242119,-14.5214272,0 21.5298901,-14.5458024,0 21.5323414,-14.5563253,0 21.5334949,-14.5612774,0 21.533316,-14.568157,0 21.533024,-14.5793828,0 21.5326347,-14.594346,0 21.5359592,-14.6308088,0 21.5343426,-14.6522374,0 21.5333347,-14.665596,0 21.5319955,-14.6788789,0 21.530632,-14.6924028,0 21.5235412,-14.6976848,0 21.4758663,-14.7331982,0 21.4421921,-14.7476435,0 21.3941784,-14.7519064,0 21.3490582,-14.7481661,0 21.3205853,-14.7483215,0 21.286665,-14.7365322,0 21.2551098,-14.723587,0 21.2195129,-14.7226295,0 21.1958847,-14.734148,0 21.1771183,-14.7593184,0 21.1649399,-14.7918634,0 21.1764927,-14.8242922,0 21.2027779,-14.8446779,0 21.2410793,-14.8809557,0 21.2709656,-14.9047346,0 21.2784273,-14.9098605,0 21.301424,-14.9256582,0 21.3054941,-14.9277659,0 21.3264732,-14.9386301,0 21.3511429,-14.9743929,0 21.3747139,-15.0192757,0 21.3853493,-15.0773287,0 21.3964558,-15.1217031,0 21.3953724,-15.1342449,0 21.3939172,-15.1510956,0 21.3925008,-15.1674968,0 21.3916321,-15.177556,0 21.383131,-15.2214642,0 21.3686428,-15.2608452,0 21.357563,-15.2836885,0 21.3454189,-15.3202057,0 21.3399429,-15.3291473,0 21.3455601,-15.3355818,0 21.3864269,-15.383193,0 21.4064178,-15.4229431,0 21.4305382,-15.4581118,0 21.4492455,-15.486474,0 21.4613895,-15.5125942,0 21.4795971,-15.5500641,0 21.4984035,-15.5875282,0 21.5039559,-15.5997632,0 21.5136051,-15.621026,0 21.5335102,-15.6482325,0 21.5445023,-15.6766262,0 21.5848885,-15.7276068,0 21.6196804,-15.7541399,0 21.6424351,-15.7670851,0 21.6772327,-15.7930412,0 21.7120056,-15.8161478,0 21.7223107,-15.823527,0 21.7372036,-15.8341913,0 21.7473067,-15.8503562,0 21.7602253,-15.871026,0 21.7837677,-15.9004555,0 21.7960396,-15.9339437,0 21.8153458,-15.9565706,0 21.8252487,-15.9906387,0 21.8356571,-16.0161686,0 21.8526821,-16.0473404,0 21.8931408,-16.0954056,0 21.9190884,-16.1236591,0 21.9383316,-16.1388779,0 21.9773884,-16.1658916,0 21.9997234,-16.1673756,0 21.9996643,-16.1978741,0 22.0031643,-16.2079849,0 22.012125,-16.2181282,0 22.022049,-16.2259846,0 22.0317249,-16.2361317,0 22.0461578,-16.2449284,0 22.05723,-16.260128,0 22.0650406,-16.2647591,0 22.0750027,-16.267107,0 22.0754128,-16.2785759,0 22.0732174,-16.2886562,0 22.0693798,-16.2950573,0 22.0776215,-16.3079453,0 22.0865993,-16.3169384,0 22.095768,-16.3341923,0 22.1059925,-16.3414018,0 22.1093944,-16.3467536,0 22.1104088,-16.3510132,0 22.1162891,-16.3620529,0 22.1209641,-16.3765278,0 22.127697,-16.4063816,0 22.1278167,-16.4067343,0 22.1303139,-16.4292507,0 22.1304478,-16.4489056,0 22.1288872,-16.4506588,0 22.1300411,-16.4570885,0 22.1321759,-16.4615123,0 22.1341915,-16.4737816,0 22.1389683,-16.4831001,0 22.1372528,-16.487175,0 22.1251602,-16.4980183,0 22.1312332,-16.5011368,0 22.1397953,-16.5011806,0 22.1476536,-16.4993858,0 22.1543102,-16.5001068,0 22.1591807,-16.5058357,0 22.1692371,-16.52174,0 22.1739553,-16.5262686,0 22.1786346,-16.5341816,0 22.1904678,-16.5466251,0 22.2112589,-16.5571752,0 22.2133617,-16.5587444,0 22.2148337,-16.5595427,0 22.221529,-16.5687962,0 22.2257729,-16.5768471,0 22.251461,-16.579258,0 22.2611871,-16.5851302,0 22.265728,-16.5910091,0 22.2680782,-16.5950225,0 22.2698917,-16.6084747,0 22.2831516,-16.6241341,0 22.2899038,-16.6255787,0 22.295229,-16.63167,0 22.3186893,-16.6538105,0 22.3380089,-16.670269,0 22.3383328,-16.670506,0 22.3393688,-16.6720886,0 22.3536091,-16.6836166,0 22.3564358,-16.6914272,0 22.3552132,-16.6992245,0 22.3628178,-16.7033825,0 22.3770885,-16.708025,0 22.3802094,-16.7102743,0 22.3859768,-16.7181892,0 22.4085579,-16.7428532,0 22.4284477,-16.7634258,0 22.4468327,-16.7796574,0 22.4711666,-16.8079586,0 22.4823456,-16.8201733,0 22.492218,-16.8264351,0 22.4976787,-16.8289538,0 22.4969578,-16.8364716,0 22.5159645,-16.8571796,0 22.5273743,-16.868227,0 22.5440292,-16.8795185,0 22.5455857,-16.880198,0 22.557375,-16.8924408,0 22.5918903,-16.9292717,0 22.6190848,-16.953089,0 22.621088,-16.9593487,0 22.6375198,-16.970171,0 22.6463299,-16.9779949,0 22.6568012,-16.9897213,0 22.6773021,-17.0076969,0 22.686367,-17.017004,0 22.6941009,-17.0255044,0 22.6941891,-17.0258293,0 22.6886864,-17.033392,0 22.6927319,-17.0393658,0 22.7079964,-17.044445,0 22.7120323,-17.0452131,0 22.7127113,-17.0459595,0 22.7232041,-17.0569354,0 22.72442819999999,-17.0646706,0 22.7358898,-17.0702052,0 22.7361565,-17.0704842,0 22.7362933,-17.0706851,0 22.734911,-17.0766239,0 22.7370529,-17.0812168,0 22.74896010000001,-17.0896123,0 22.7551937,-17.0995064,0 22.7745228,-17.1118355,0 22.7858887,-17.1225224,0 22.7984352,-17.1436405,0 22.8053642,-17.1590757,0 22.8028355,-17.1634827,0 22.8037853,-17.1687641,0 22.8064384,-17.1724129,0 22.8102093,-17.1745796,0 22.8157306,-17.1767686,0 22.8157883,-17.1768646,0 22.8368797,-17.1878185,0 22.8550797,-17.1936588,0 22.8764019,-17.2032623,0 22.8958187,-17.2149391,0 22.9066162,-17.2239056,0 22.9234009,-17.2353497,0 22.9421139,-17.2509308,0 22.9647102,-17.26618,0 22.9809742,-17.2749996,0 22.9973098,-17.2829924,0 22.9979553,-17.2843647,0 23.0018188,-17.2857863,0 23.0109548,-17.2929778,0 23.0115795,-17.2999763,0 23.0106239,-17.3057156,0 23.0265884,-17.3184338,0 23.0346447,-17.3302051,0 23.0356503,-17.3328209,0 23.0379488,-17.3350328,0 23.0400352,-17.3380814,0 23.04326530000001,-17.3401489,0 23.0587692,-17.3550682,0 23.0671947,-17.3671308,0 23.0728111,-17.3849068,0 23.0847836,-17.4101562,0 23.0926819,-17.418417,0 23.1046467,-17.4243813,0 23.1137352,-17.4254825,0 23.1252708,-17.4334564,0 23.1285262,-17.4362533,0 23.1283417,-17.4411278,0 23.1295414,-17.4457188,0 23.1360073,-17.4530621,0 23.1472607,-17.4604015,0 23.1417637,-17.4679794,0 23.1467915,-17.4716511,0 23.171442,-17.4753056,0 23.183651,-17.479887,0 23.1872425,-17.4828682,0 23.1970787,-17.5021439,0 23.207859,-17.5101681,0 23.21595569999999,-17.5215816,0 23.1767159,-17.495985,0 23.130167,-17.4681358,0 23.0781193,-17.4323921,0 23.0635147,-17.4209614,0 23.0423622,-17.4044075,0 23.0214081,-17.3649063,0 22.9777946,-17.3307514,0 22.9291248,-17.3182106,0 22.9053322,-17.3156845,0 22.8901596,-17.3140736,0 22.8344307,-17.3095379,0 22.7852859,-17.304924,0 22.7194576,-17.3055744,0 22.6818683,-17.3072614,0 22.6710072,-17.3077488,0 22.6272392,-17.3115368,0 22.6059818,-17.3231258,0 22.5652313,-17.3195343,0 22.5402884,-17.3263306,0 22.5372028,-17.3271713,0 22.5300032,-17.3247103,0 22.490303,-17.3111401,0 22.4620397,-17.3068526,0 22.4585171,-17.3063183,0 22.4502652,-17.3030756,0 22.4260311,-17.2935524,0 22.381361,-17.2742119,0 22.3801308,-17.2720375,0 22.3389225,-17.2676315,0 22.3091288,-17.2626793,0 22.299942,-17.2611523,0 22.2411346,-17.2480202,0 22.1968231,-17.2455444,0 22.1451492,-17.2277946,0 22.0977173,-17.2139759,0 22.0889925,-17.2085645,0 22.0574493,-17.1890002,0 22.052515,-17.1859398,0 22.0261356,-17.1743672,0 22.0194416,-17.1714306,0 21.997797,-17.1619415,0 21.984431,-17.1555709,0 21.980623,-17.153756,0 21.9743385,-17.1507607,0 21.9658712,-17.1451621,0 21.9369698,-17.1260529,0 21.906292,-17.1103764,0 21.8703823,-17.1083622,0 21.8320847,-17.1063595,0 21.802681,-17.097477,0 21.7596321,-17.0983391,0 21.7273502,-17.0996895,0 21.6921844,-17.1112766,0 21.6746745,-17.1228968,0 21.6636734,-17.1301975,0 21.6313324,-17.1258602,0 21.6017743,-17.115806,0 21.5887165,-17.1113644,0 21.5550327,-17.0922642,0 21.5195999,-17.0771465,0 21.4795456,-17.078516,0 21.4497414,-17.0883427,0 21.4049664,-17.0965462,0 21.3643951,-17.1069908,0 21.3154469,-17.1169052,0 21.2748427,-17.1230207,0 21.264677,-17.1245518,0 21.2134285,-17.1458187,0 21.1883013,-17.1590095,0 21.1680593,-17.1696358,0 21.1675797,-17.1698875,0 21.1483415,-17.174738,0 21.1377354,-17.177412,0 21.0826626,-17.1731243,0 21.0567214,-17.1624845,0 21.038847,-17.1551533,0 21.0003414,-17.1275005,0 21.0090809,-17.0990734,0 21.040102,-17.0898514,0 21.0694084,-17.0902882,0 21.1059799,-17.1009102,0 21.1478405,-17.1007137,0 21.190876,-17.0976677,0 21.2254391,-17.083868,0 21.2568487,-17.0749386,0 21.2701759,-17.0711498,0 21.3080121,-17.0511644,0 21.3570557,-17.025259,0 21.3975124,-17.0040245,0 21.4381351,-17.0009556,0 21.4856071,-17.0256691,0 21.5390167,-17.045229,0 21.5882282,-17.0631008,0 21.6224689,-17.0782204,0 21.7114353,-17.065155,0 21.7307987,-17.030386,0 21.7551117,-17.0114841,0 21.7896996,-17.0032997,0 21.8185196,-17.0144596,0 21.8527088,-17.0244446,0 21.860194,-17.0279277,0 21.8887711,-17.0412254,0 21.9088955,-17.0229092,0 21.897789,-16.992321,0 21.8948445,-16.9865132,0 21.8837299,-16.9645901,0 21.8696308,-16.9328842,0 21.8532658,-16.91255,0 21.8464287,-16.9057431,0 21.8392155,-16.8985618,0 21.8351364,-16.8945007,0 21.818119,-16.8684883,0 21.7867832,-16.8442764,0 21.7656212,-16.8211269,0 21.7444439,-16.7962723,0 21.7016106,-16.7567825,0 21.6464176,-16.7338428,0 21.6009388,-16.725605,0 21.5715656,-16.7149906,0 21.5342598,-16.6873722,0 21.5065632,-16.6642399,0 21.4818363,-16.6393795,0 21.4421883,-16.614603,0 21.401947,-16.5892544,0 21.3784351,-16.5649452,0 21.3238506,-16.536253,0 21.286068,-16.5165577,0 21.2328129,-16.5014839,0 21.1969166,-16.4914303,0 21.1502953,-16.4831295,0 21.126437,-16.462223,0 21.1238403,-16.4599476,0 21.1021023,-16.4293499,0 21.0979342,-16.4239298,0 21.0785751,-16.398756,0 21.0586624,-16.3715553,0 21.0095215,-16.3439102,0 20.9844017,-16.3354893,0 20.952177,-16.3333511,0 20.9025478,-16.3176308,0 20.8541946,-16.3121338,0 20.8588276,-16.2939205,0 20.8831577,-16.2779026,0 20.9110889,-16.2652817,0 20.9366436,-16.2543716,0 20.9903545,-16.2598343,0 21.0393505,-16.2715626,0 21.0812683,-16.2924156,0 21.1160431,-16.3144321,0 21.1527615,-16.3534927,0 21.1845894,-16.3777866,0 21.2146511,-16.4043617,0 21.2103195,-16.3867569,0 21.2041283,-16.3612022,0 21.2020397,-16.3270969,0 21.2019232,-16.3137184,0 21.2017822,-16.2975273,0 21.2009578,-16.2917227,0 21.1966972,-16.2617264,0 21.1975365,-16.221344,0 21.2165661,-16.2155628,0 21.2406044,-16.2370529,0 21.2521725,-16.2637234,0 21.2524967,-16.3001156,0 21.2549965,-16.3240601,0 21.2557602,-16.3313751,0 21.2568895,-16.3557263,0 21.2572365,-16.3632088,0 21.2634735,-16.3933105,0 21.2691976,-16.4210979,0 21.2728329,-16.4387455,0 21.2825305,-16.4478563,0 21.2987099,-16.4630566,0 21.3435478,-16.4719124,0 21.3546568,-16.4734211,0 21.3619796,-16.4744156,0 21.3888321,-16.4780624,0 21.4038963,-16.4801083,0 21.4391823,-16.4878654,0 21.4487884,-16.4942279,0 21.4698143,-16.5081539,0 21.5137691,-16.5471172,0 21.563055,-16.5809231,0 21.573925,-16.597165,0 21.5903301,-16.6216774,0 21.6389771,-16.6492195,0 21.6516413,-16.6545797,0 21.6905575,-16.671051,0 21.737498,-16.6827693,0 21.7504349,-16.6859989,0 21.7959595,-16.698761,0 21.8297138,-16.7269382,0 21.8599606,-16.7613869,0 21.8933353,-16.8077393,0 21.9190331,-16.8615246,0 21.9391689,-16.8983021,0 21.9606171,-16.9447231,0 21.9680958,-16.9713612,0 21.9798698,-17.0076237,0 22.0067654,-17.0585327,0 22.0271072,-17.1106205,0 22.0716114,-17.1312885,0 22.1206722,-17.1326103,0 22.1806145,-17.1429195,0 22.2329559,-17.1674747,0 22.2728405,-17.1995029,0 22.3338737,-17.2001228,0 22.3667526,-17.1981373,0 22.3741436,-17.1999035,0 22.4171658,-17.2101841,0 22.4647102,-17.2313347,0 22.5194263,-17.2512741,0 22.5720959,-17.2519226,0 22.5801067,-17.2507744,0 22.622858,-17.2446346,0 22.6754951,-17.2429943,0 22.733345,-17.2293739,0 22.7974865,-17.2454349,0 22.8336334,-17.2544861,0 22.8664017,-17.2445011,0 22.8476315,-17.2348709,0 22.8262997,-17.2186584,0 22.7870483,-17.1905003,0 22.7614498,-17.1734352,0 22.7278938,-17.1397247,0 22.7059708,-17.1121178,0 22.6942596,-17.0872459,0 22.6717072,-17.0568008,0 22.6437664,-17.0252666,0 22.6119232,-16.9704781,0 22.59836200000001,-16.9405041,0 22.564724,-16.9283218,0 22.5292969,-16.916153,0 22.4865551,-16.8932533,0 22.4517384,-16.8816376,0 22.4107001,-16.8623873,0 22.400631,-16.8576641,0 22.3902075,-16.8503891,0 22.3523941,-16.8239975,0 22.3560945,-16.8056323,0 22.3575412,-16.7984523,0 22.3580132,-16.7961102,0 22.3241181,-16.7484169,0 22.3190823,-16.7413311,0 22.3178578,-16.7382189,0 22.3030396,-16.7005539,0 22.2853489,-16.671154,0 22.2675514,-16.632658,0 22.2341938,-16.5908775,0 22.2058125,-16.5643978,0 22.1661816,-16.5453911,0 22.1504993,-16.5377388,0 22.1385536,-16.5257931,0 22.1163673,-16.5078735,0 22.1010094,-16.4848347,0 22.0975952,-16.4711819,0 22.0890636,-16.4498501,0 22.0838108,-16.4250011,0 22.0714035,-16.4045868,0 22.0531979,-16.3785744,0 22.0164463,-16.3590725,0 22.0003777,-16.3505459,0 21.9990768,-16.3479824,0 21.9857292,-16.3216572,0 21.9829941,-16.2909698,0 21.9789958,-16.2760727,0 21.9761391,-16.2654285,0 21.9542675,-16.229763,0 21.9290791,-16.2168674,0 21.9146698,-16.2100155,0 21.8949127,-16.2006207,0 21.876215,-16.1814175,0 21.8663378,-16.1585306,0 21.8627548,-16.1502285,0 21.851738,-16.1241417,0 21.8311386,-16.0935707,0 21.7950211,-16.060257,0 21.7655315,-16.0331497,0 21.7384033,-16.0037498,0 21.7000256,-15.9801083,0 21.6915624,-15.9601745,0 21.6855717,-15.946064,0 21.6710777,-15.9461584,0 21.658329,-15.9229116,0 21.6360779,-15.9020004,0 21.6222477,-15.8890009,0 21.5856953,-15.8670368,0 21.5510597,-15.8575754,0 21.5307693,-15.8531456,0 21.4985619,-15.8476477,0 21.4640083,-15.8461428,0 21.4246883,-15.8440924,0 21.3972969,-15.8442469,0 21.3658466,-15.821599,0 21.3862762,-15.8118706,0 21.397131,-15.7634344,0 21.3961678,-15.7241669,0 21.3926983,-15.6718197,0 21.3838253,-15.6138048,0 21.3828243,-15.6113018,0 21.3780803,-15.5994393,0 21.3704224,-15.5802908,0 21.3684197,-15.5763177,0 21.3551361,-15.5499637,0 21.3498173,-15.5394115,0 21.3285217,-15.494154,0 21.3288555,-15.491931,0 21.3056831,-15.4610767,0 21.2696934,-15.4265318,0 21.2387848,-15.4278297,0 21.2281263,-15.4405175,0 21.2152462,-15.4558496,0 21.2156258,-15.4991217,0 21.231472,-15.5423126,0 21.2507381,-15.5684032,0 21.2680367,-15.5964393,0 21.2682457,-15.5967779,0 21.2522791,-15.6190923,0 21.240036,-15.6362028,0 21.2116108,-15.6517162,0 21.1693993,-15.6564779,0 21.1384106,-15.6509352,0 21.1192474,-15.636795,0 21.1020608,-15.6286865,0 21.0977421,-15.6266489,0 21.0945373,-15.6292567,0 21.0829678,-15.6386709,0 21.0737095,-15.6705914,0 21.0644112,-15.6973858,0 21.0443287,-15.716259,0 21.010004,-15.7403173,0 20.9822083,-15.7632027,0 20.9275551,-15.7776585,0 20.90238,-15.785717,0 20.877533,-15.7755823,0 20.8529835,-15.756896,0 20.8123531,-15.7365599,0 20.7687893,-15.7213497,0 20.7097073,-15.6987877,0 20.6673183,-15.679575,0 20.6279831,-15.6711626,0 20.5684376,-15.6656504,0 20.5261993,-15.6674776,0 20.4601727,-15.6722078,0 20.4054203,-15.6717749,0 20.3477001,-15.6724787,0 20.3185368,-15.6719713,0 20.2780247,-15.663516,0 20.2577888,-15.6447067,0 20.2499123,-15.6373854,0 20.2383087,-15.6284042,0 20.2286481,-15.6209269,0 20.2080898,-15.6050148,0 20.1698933,-15.5823078,0 20.1066017,-15.5357208,0 20.0654602,-15.5152807,0 20.0237904,-15.5073605,0 19.9655037,-15.5074234,0 19.9250412,-15.5029049,0 19.8899498,-15.5029325,0 19.8322334,-15.4961367,0 19.805288,-15.4939084,0 19.8048668,-15.4938736,0 19.7846241,-15.4881878,0 19.7772705,-15.4846289,0 19.759346,-15.4759541,0 19.7654896,-15.460865,0 19.766427,-15.457415,0 19.7766304,-15.4198627,0 19.790671,-15.3993791,0 19.7973232,-15.3896742,0 19.8151188,-15.3794165,0 19.8554668,-15.3606005,0 19.8916855,-15.3503256,0 19.9255161,-15.3383398,0 19.9551868,-15.3269224,0 20.0008965,-15.3143473,0 20.031744,-15.3017826,0 20.0326492,-15.300172,0 20.0424833,-15.2826735,0 20.0464783,-15.2755651,0 20.0415821,-15.2453852,0 20.0366993,-15.218051,0 20.0205212,-15.1890211,0 20.004343,-15.1594191,0 19.986454,-15.1440563,0 19.9566956,-15.1315546,0 19.9245815,-15.122468,0 19.8925466,-15.112157,0 19.8680782,-15.1042814,0 19.8579426,-15.0946035,0 19.8382435,-15.0695486,0 19.8332438,-15.0451816,0 19.8315811,-15.0370779,0 19.8321037,-15.0194159,0 19.8670597,-15.0011625,0 19.8866692,-15.0051374,0 19.9051018,-15.0113916,0 19.9253521,-15.0261879,0 19.943121,-15.0159168,0 19.9418907,-15.0062323,0 19.9435921,-14.987998,0 19.9345932,-14.9663553,0 19.9220505,-14.9487019,0 19.9071312,-14.93048,0 19.8874929,-14.9037984,0 19.8874302,-14.9037132,0 19.8746403,-14.8864656,0 19.8599777,-14.8666925,0 19.7784176,-14.7994881,0 19.7534447,-14.7852488,0 19.7207546,-14.7687283,0 19.7025812,-14.7586565,0 19.6836869,-14.7481852,0 19.6827145,-14.7476463,0 19.6541729,-14.7282686,0 19.628603,-14.7083178,0 19.6184635,-14.6912165,0 19.6231155,-14.6632881,0 19.6330757,-14.6268082,0 19.6395035,-14.5983076,0 19.636467,-14.5766449,0 19.6150894,-14.5663815,0 19.5812931,-14.5646639,0 19.5516891,-14.5766258,0 19.5345249,-14.5868797,0 19.5161686,-14.5948524,0 19.4990196,-14.6102352,0 19.492646,-14.6166324,0 19.4848289,-14.6244783,0 19.4676914,-14.644989,0 19.4535255,-14.669488,0 19.4429245,-14.6974106,0 19.4335346,-14.7355919,0 19.4342003,-14.762949,0 19.4414234,-14.8017082,0 19.4468632,-14.839325,0 19.452919,-14.8843479,0 19.4554081,-14.9270878,0 19.4584618,-14.957859,0 19.458198,-14.9605632,0 19.4555721,-14.9874849,0 19.4544811,-15.0222406,0 19.4539305,-15.0275496,0 19.4534605,-15.0320801,0 19.4525918,-15.0404558,0 19.4515858,-15.0501547,0 19.4314384,-15.0655222,0 19.3946961,-15.07039,0 19.3886948,-15.0711851,0 19.3589859,-15.0648899,0 19.3387737,-15.0557537,0 19.3356126,-15.0547402,0 19.3234062,-15.0508267,0 19.3191624,-15.0494661,0 19.3135395,-15.0465565,0 19.3114521,-15.050059,0 19.3058752,-15.0594164,0 19.3043461,-15.0619822,0 19.2770939,-15.0927134,0 19.2635174,-15.1331425,0 19.2820435,-15.1867123,0 19.2980261,-15.2243013,0 19.2987633,-15.2260351,0 19.3131528,-15.2518598,0 19.3184528,-15.2613716,0 19.3316059,-15.2966976,0 19.3257465,-15.3337088,0 19.3195769,-15.3625254,0 19.3153071,-15.3824684,0 19.3123702,-15.3961858,0 19.3122158,-15.3969069,0 19.3085522,-15.4117069,0 19.2992516,-15.4492788,0 19.3064671,-15.4851589,0 19.3080163,-15.5230756,0 19.3083515,-15.5312786,0 19.3084152,-15.5321064,0 19.3096924,-15.5487187,0 19.3101902,-15.5551929,0 19.3102321,-15.5564566,0 19.3127403,-15.6320496,0 19.3104172,-15.657094,0 19.3021832,-15.7014828,0 19.2897854,-15.7481403,0 19.2768459,-15.8221111,0 19.2709599,-15.8545399,0 19.2716599,-15.8661547,0 19.2719086,-15.8702846,0 19.273428,-15.8955135,0 19.2722011,-15.9107458,0 19.2699451,-15.9387541,0 19.26404,-15.963212,0 19.2766819,-16.0258102,0 19.2774179,-16.0275157,0 19.2850661,-16.0452389,0 19.2859573,-16.0473042,0 19.2958431,-16.0702076,0 19.3132362,-16.1197147,0 19.3270779,-16.1777477,0 19.3258255,-16.1851204,0 19.324315,-16.1940122,0 19.322379,-16.2054093,0 19.3206062,-16.2158451,0 19.3099613,-16.2550735,0 19.2981167,-16.2920246,0 19.2773571,-16.3454494,0 19.2631321,-16.3892136,0 19.2470989,-16.4261456,0 19.2191925,-16.4971676,0 19.1906395,-16.5477142,0 19.16745,-16.5988312,0 19.1430645,-16.6544876,0 19.1413593,-16.7056274,0 19.1479988,-16.7482548,0 19.1518494,-16.7635775,0 19.1594257,-16.793726,0 19.1688999,-16.8061612,0 19.2127266,-16.8636856,0 19.2935562,-16.937067,0 19.2962208,-16.9396782,0 19.3498707,-16.9922199,0 19.4187355,-17.0371456,0 19.4989986,-17.0866013,0 19.5553265,-17.1241016,0 19.6284618,-17.1746464,0 19.6878128,-17.2115498,0 19.6896894,-17.2126275,0 19.7437803,-17.2436931,0 19.7579632,-17.2518387,0 19.7992556,-17.2917731,0 19.8084183,-17.3006344,0 19.8420391,-17.3267231,0 19.8726559,-17.3488388,0 19.9021358,-17.3840027,0 19.9445687,-17.4254032,0 19.971283,-17.4514675,0 20.0373802,-17.5001907,0 20.071683,-17.5334532,0 20.0776958,-17.5392838,0 20.0856954,-17.5411651,0 20.0990086,-17.5442963,0 20.1002824,-17.5445956,0 20.1208725,-17.5494347,0 20.1779861,-17.5896225,0 20.2584572,-17.6252136,0 20.321476,-17.644371,0 20.3647709,-17.6703663,0 20.4351044,-17.7064972,0 20.4442196,-17.708746,0 20.5011311,-17.7227726,0 20.5781193,-17.7639503,0 20.684412,-17.7914066,0 20.7458191,-17.827486,0 20.8053379,-17.8493862,0 20.8667717,-17.8848705,0 20.9220428,-17.8976917,0 21.0052414,-17.8780727,0 21.0489464,-17.869379,0 21.1509113,-17.8723125,0 21.217638,-17.8906956,0 21.2945061,-17.9022083,0 21.3522034,-17.9155083,0 21.3783379,-17.9288387,0 21.4148846,-17.9474716,0 21.4775505,-17.9765892,0 21.4996204,-17.9930496,0 21.5153989,-18.0048177,0 21.424722,-18.0219663,0 21.4244247,-18.021669,0 21.4166756,-18.0139198,0 21.406435,-18.0105057,0 21.3852868,-18.0083909,0 21.3767834,-17.9989738,0 21.375357,-17.9981998,0 21.3680382,-17.990881,0 21.356945,-17.9866142,0 21.3467064,-17.9857597,0 21.334479,-17.9857597,0 21.3219604,-17.9857597,0 21.3091621,-17.9763737,0 21.300815,-17.9753313,0 21.2885516,-17.9694504,0 21.2852688,-17.9669876,0 21.281004,-17.9652824,0 21.2750301,-17.9686947,0 21.2673512,-17.966135,0 21.2613773,-17.9618683,0 21.2417526,-17.9550419,0 21.2289524,-17.9396839,0 21.2195663,-17.9337101,0 21.1854362,-17.9354172,0 21.1786098,-17.9379768,0 21.1572781,-17.9345627,0 21.1513042,-17.9379768,0 21.1419182,-17.9379768,0 21.138504,-17.9413891,0 21.1299706,-17.9413891,0 21.1222935,-17.9379768,0 21.1180248,-17.9379768,0 21.1069336,-17.94907,0 21.1009617,-17.9507751,0 21.0710945,-17.9465103,0 21.0659752,-17.9473629,0 21.0607554,-17.9525842,0 21.0501041,-17.9516163,0 21.0343208,-17.9534035,0 21.0163937,-17.9561329,0 21.00947,-17.957819,0 21.0050585,-17.9588336,0 20.9985657,-17.9593086,0 20.9977872,-17.9591232,0 20.980648,-17.9550419,0 20.9439564,-17.9669876,0 20.9354248,-17.9797878,0 20.9277439,-17.9849072,0 20.8978786,-17.9942932,0 20.8944664,-17.9934406,0 20.8931014,-17.9982193,0 20.882998,-18.0053864,0 20.8782539,-18.0053864,0 20.8697224,-18.0087986,0 20.8688679,-18.0139198,0 20.8675298,-18.0169293,0 20.8517704,-18.0275955,0 20.8357868,-18.0335102,0 20.8168678,-18.0346222,0 20.7956715,-18.0260887,0 20.777916,-18.0244236,0 20.7717688,-18.0234556,0 20.769886,-18.0224514,0 20.7687105,-18.0229741,0 20.7627869,-18.0220413,0 20.7564678,-18.01474,0 20.7526342,-18.0134095,0 20.752821,-18.0113583,0 20.7502613,-18.0087986,0 20.7425804,-18.007946,0 20.740431,-18.0091743,0 20.7403431,-18.0091438,0 20.719059,-18.0127983,0 20.7019386,-18.0039883,0 20.6758556,-17.986742,0 20.6541853,-17.983636,0 20.6461601,-17.9780807,0 20.6380827,-17.9807736,0 20.6158199,-17.9755554,0 20.5916119,-17.9750805,0 20.5655537,-17.9806023,0 20.5486575,-17.9831632,0 20.5475963,-17.9831897,0 20.5421825,-17.9811181,0 20.5314633,-17.9766525,0 20.5193558,-17.9632778,0 20.500435,-17.9578446,0 20.4934235,-17.9533367,0 20.4920444,-17.9528441,0 20.477457,-17.9438362,0 20.468668,-17.928257,0 20.4582024,-17.9124622,0 20.4349403,-17.9101181,0 20.4138279,-17.9070644,0 20.4104802,-17.9058502,0 20.401268,-17.9004326,0 20.3927364,-17.9004326,0 20.3901749,-17.8978729,0 20.3773766,-17.8970184,0 20.3761315,-17.8977653,0 20.3595597,-17.8923522,0 20.354429,-17.8896162,0 20.3452892,-17.8802013,0 20.3354738,-17.8762964,0 20.3261795,-17.8688602,0 20.3167915,-17.8645935,0 20.2997284,-17.8688602,0 20.2950334,-17.8759034,0 20.2853741,-17.8765793,0 20.2766876,-17.8705673,0 20.2673035,-17.8705673,0 20.2596245,-17.8739815,0 20.2562103,-17.880806,0 20.2527962,-17.8833675,0 20.2527962,-17.8893394,0 20.2502384,-17.8927536,0 20.2408504,-17.8961658,0 20.234024,-17.8893394,0 20.2263451,-17.8893394,0 20.224602,-17.8898375,0 20.2203159,-17.8880062,0 20.1987019,-17.8819389,0 20.1864484,-17.8851774,0 20.182827,-17.8833675,0 20.1700287,-17.880806,0 20.1657619,-17.8893394,0 20.1529636,-17.8910465,0 20.1290703,-17.907259,0 20.1213913,-17.9081116,0 20.1137123,-17.9123783,0 20.1085911,-17.9115257,0 20.0949752,-17.9029017,0 20.0829945,-17.8953133,0 20.059103,-17.8918991,0 20.0386238,-17.9004326,0 20.030265,-17.9023613,0 20.0184574,-17.9012623,0 20.0137077,-17.8991953,0 19.9968128,-17.8893394,0 19.9832435,-17.8909847,0 19.9776363,-17.8902149,0 19.9590969,-17.8781166,0 19.9391136,-17.8648739,0 19.9235795,-17.867292,0 19.9208698,-17.8663006,0 19.9131889,-17.8663006,0 19.8986625,-17.8766776,0 19.8953667,-17.8782291,0 19.8670979,-17.8786049,0 19.8390446,-17.8757515,0 19.8223683,-17.8766539,0 19.8159161,-17.8748341,0 19.7988491,-17.8765411,0 19.7911701,-17.880806,0 19.7826385,-17.8893394,0 19.7715454,-17.8953133,0 19.7687445,-17.9031551,0 19.7628231,-17.9085751,0 19.7414837,-17.9068279,0 19.7301235,-17.8916817,0 19.7272684,-17.8906608,0 19.7271748,-17.890192,0 19.7212009,-17.882513,0 19.7169361,-17.880806,0 19.7126675,-17.8799534,0 19.7092552,-17.8791008,0 19.7041359,-17.8782463,0 19.7049904,-17.8816605,0 19.7084026,-17.8842201,0 19.711761,-17.8867393,0 19.7049294,-17.8862648,0 19.6849174,-17.8656254,0 19.6841154,-17.8653274,0 19.6836567,-17.8645935,0 19.6776848,-17.8586216,0 19.6631775,-17.8535023,0 19.6495266,-17.8535023,0 19.6239281,-17.8603287,0 19.6136875,-17.8663006,0 19.6051559,-17.865448,0 19.595768,-17.8645935,0 19.5895577,-17.8655257,0 19.5871544,-17.864851,0 19.5816894,-17.8667068,0 19.5787029,-17.8671551,0 19.5771329,-17.8682541,0 19.57687,-17.8683434,0 19.5687964,-17.8730697,0 19.5496922,-17.8722744,0 19.5302925,-17.8674247,0 19.526289,-17.8641415,0 19.5204466,-17.8649634,0 19.512146,-17.8628883,0 19.5061722,-17.8637409,0 19.504467,-17.8671551,0 19.5036511,-17.8720541,0 19.503181,-17.872361,0 19.4998495,-17.8730267,0 19.4991912,-17.8729705,0 19.4942284,-17.8680077,0 19.4933739,-17.8697147,0 19.4862154,-17.8718619,0 19.4833655,-17.8716185,0 19.4771633,-17.8688602,0 19.4669228,-17.8671551,0 19.4583912,-17.8628883,0 19.45327,-17.865448,0 19.4498577,-17.8663006,0 19.4447365,-17.8671551,0 19.4396191,-17.8680077,0 19.4362379,-17.8686839,0 19.428932,-17.8692842,0 19.4225521,-17.8680077,0 19.4200613,-17.8690042,0 19.4074554,-17.8679523,0 19.406179,-17.867703,0 19.4061947,-17.8676856,0 19.4104556,-17.8619032,0 19.4141039,-17.8557487,0 19.4171045,-17.8492813,0 19.4194286,-17.8425635,0 19.4210538,-17.8356598,0 19.4219647,-17.8286368,0 19.4221524,-17.8215622,0 19.4216154,-17.8145039,0 19.4203589,-17.8075301,0 19.418395,-17.8007077,0 19.4157427,-17.7941025,0 19.4124276,-17.7877781,0 19.4084817,-17.7817953,0 19.403943,-17.7762116,0 19.3988551,-17.7710809,0 19.3932672,-17.7664524,0 19.3872329,-17.7623708,0 19.3820217,-17.7595346,0 19.3894634,-17.7600651,0 19.4674053,-17.7669277,0 19.5273552,-17.7697945,0 19.5789242,-17.7749157,0 19.6478748,-17.7794628,0 19.7114296,-17.7834282,0 19.7611828,-17.7828503,0 19.8145332,-17.7828274,0 19.8787003,-17.7884617,0 19.9356709,-17.79352,0 19.9938545,-17.8008347,0 20.0520763,-17.8155098,0 20.0886421,-17.8143272,0 20.1306,-17.8125668,0 20.180336,-17.8079529,0 20.2282658,-17.8022003,0 20.2654247,-17.8004303,0 20.2917881,-17.798111,0 20.3542557,-17.8183899,0 20.4197922,-17.8488522,0 20.4679165,-17.8736763,0 20.5124454,-17.897934,0 20.549139,-17.9148388,0 20.5833836,-17.9238091,0 20.6217747,-17.9248276,0 20.6649494,-17.9235592,0 20.6637018,-17.9221881,0 20.6407757,-17.8969936,0 20.5872822,-17.8790169,0 20.5385723,-17.858181,0 20.4946938,-17.8412933,0 20.4444533,-17.8184933,0 20.4284897,-17.8112488,0 20.3708038,-17.7780972,0 20.3286877,-17.7515392,0 20.2890034,-17.7295074,0 20.2644365,-17.7177173,0 20.2387184,-17.7053745,0 20.2030754,-17.6882687,0 20.1620747,-17.6701738,0 20.1544247,-17.6667976,0 20.1027699,-17.6424866,0 20.0511055,-17.6141949,0 20.0102348,-17.5858822,0 19.9687462,-17.5518894,0 19.9374733,-17.5235538,0 19.9043941,-17.4912415,0 19.870718,-17.4577923,0 19.8382549,-17.4266052,0 19.8082352,-17.405056,0 19.7722092,-17.3772659,0 19.7403831,-17.3511696,0 19.6923695,-17.3148556,0 19.660593,-17.2983971,0 19.6132202,-17.2694454,0 19.5724735,-17.2512722,0 19.5305233,-17.2291183,0 19.489193,-17.212635,0 19.4370499,-17.1774044,0 19.4294848,-17.172262,0 19.4111695,-17.1598122,0 19.4010944,-17.1529636,0 19.3668509,-17.1319058,0 19.3585644,-17.1268101,0 19.3328114,-17.1120205,0 19.2977886,-17.0665817,0 19.2967396,-17.0643787,0 19.295145,-17.0610294,0 19.2518845,-17.0193653,0 19.1998005,-16.9812412,0 19.1728611,-16.9590492,0 19.1548882,-16.9351673,0 19.1339171,-16.9040368,0 19.1315212,-16.9004803,0 19.1117325,-16.8578415,0 19.0999947,-16.8191624,0 19.09552,-16.8044109,0 19.0853214,-16.7748489,0 19.0792828,-16.72995,0 19.0827472,-16.6961593,0 19.0845833,-16.6782513,0 19.0911045,-16.6464405,0 19.0945872,-16.6277327,0 19.0999889,-16.5987167,0 19.1160469,-16.55896,0 19.1356735,-16.5157948,0 19.1606579,-16.4680862,0 19.1761074,-16.4300232,0 19.1939011,-16.3731956,0 19.1700001,-16.3498459,0 19.1288223,-16.3372688,0 19.0930462,-16.3445969,0 19.0644131,-16.3428383,0 19.0544582,-16.3367955,0 19.0476719,-16.3326761,0 19.0299587,-16.3219238,0 19.0202408,-16.3160248,0 18.9954877,-16.3008634,0 18.9820442,-16.2926292,0 18.9799606,-16.2906395,0 18.9456329,-16.2578583,0 18.9205685,-16.2344818,0 18.8853645,-16.2014103,0 18.8668499,-16.1547241,0 18.8550754,-16.1316584,0 18.8441715,-16.1102982,0 18.8227005,-16.0835056,0 18.8030186,-16.0453377,0 18.7839298,-15.9963579,0 18.7594891,-15.9513407,0 18.7455811,-15.9297073,0 18.7325821,-15.9094877,0 18.7296963,-15.9131298,0 18.6993256,-15.9397793,0 18.681455,-15.9316247,0 18.6618023,-15.922657,0 18.6600132,-15.9351025,0 18.6564807,-15.9380091,0 18.6379738,-15.9532375,0 18.6284409,-15.9753962,0 18.6247997,-16.0045242,0 18.6028194,-16.0003433,0 18.5772018,-16.0019608,0 18.5414562,-16.0012646,0 18.5158844,-16.0137329,0 18.5193996,-16.0279217,0 18.5170002,-16.0597725,0 18.5134087,-16.0916138,0 18.509222,-16.1194725,0 18.4919205,-16.1472778,0 18.4781914,-16.1779404,0 18.4674397,-16.2080421,0 18.4578838,-16.2341671,0 18.4471283,-16.2648354,0 18.4393578,-16.289257,0 18.4345665,-16.3153954,0 18.4345417,-16.3449631,0 18.4363117,-16.3688507,0 18.4317837,-16.3886242,0 18.4303265,-16.3949814,0 18.4231453,-16.4222431,0 18.4224975,-16.4247575,0 18.4193414,-16.4370078,0 18.4165611,-16.4477997,0 18.4046097,-16.4659424,0 18.3902721,-16.4823723,0 18.3622131,-16.4941921,0 18.3540401,-16.495697,0 18.3419418,-16.4781895,0 18.3365481,-16.4743513,0 18.3234577,-16.4650364,0 18.3123185,-16.4612521,0 18.2912483,-16.4540939,0 18.2554626,-16.4431324,0 18.2250671,-16.4208202,0 18.1952496,-16.4115849,0 18.161871,-16.3938007,0 18.1219769,-16.3532352,0 18.0969696,-16.3297977,0 18.0803146,-16.3069668,0 18.0636845,-16.2738991,0 18.0458832,-16.2328606,0 18.0310879,-16.1815968,0 18.0090923,-16.1547489,0 18.0072479,-16.1442661,0 18.0060192,-16.137281,0 18.004385,-16.1279907,0 17.9829538,-16.096006,0 17.9818153,-16.0943069,0 17.9628601,-16.0464191,0 17.9379539,-15.9979229,0 17.916605,-15.9596834,0 17.8863277,-15.9213896,0 17.8815951,-15.9157909,0 17.8625578,-15.8932703,0 17.8524914,-15.881362,0 17.8221264,-15.8789062,0 17.7940788,-15.8986549,0 17.7624474,-15.9200859,0 17.7224865,-15.9374762,0 17.6837044,-15.9565773,0 17.654729,-15.9775879,0 17.6502628,-15.9808264,0 17.6261665,-15.9909202,0 17.6114826,-15.9970713,0 17.5727425,-16.0007954,0 17.5368835,-16.0078517,0 17.5290375,-16.0093956,0 17.5285687,-16.0442829,0 17.5284538,-16.0528336,0 17.5258999,-16.0960522,0 17.5364151,-16.1507301,0 17.5361447,-16.1613607,0 17.5343037,-16.2337551,0 17.5328019,-16.2828481,0 17.5322514,-16.3008461,0 17.5322663,-16.3030102,0 17.5325343,-16.3417639,0 17.5326328,-16.3560066,0 17.5294647,-16.4031754,0 17.5300475,-16.4171489,0 17.5316467,-16.4554958,0 17.5338383,-16.505537,0 17.5396385,-16.5487766,0 17.5579796,-16.5915318,0 17.587635,-16.6434479,0 17.6204166,-16.6595783,0 17.6507816,-16.6847801,0 17.6805706,-16.7048607,0 17.7115021,-16.7425594,0 17.7024384,-16.7743206,0 17.7004852,-16.7752247,0 17.7840233,-16.8257675,0 17.8980316,-16.8986066,0 17.9363441,-16.9230843,0 18.0823193,-17.0309772,0 18.1944427,-17.1113701,0 18.2291222,-17.1362381,0 18.2162342,-17.1156502,0 18.1912003,-17.0638599,0 18.1667519,-17.0245609,0 18.1656788,-17.0221905,0 18.1399555,-16.9653664,0 18.1237322,-16.9423261,0 18.0994205,-16.9077988,0 18.061861,-16.8633003,0 18.026123,-16.811985,0 18.0206681,-16.8052884,0 18.0193873,-16.8105532,0 18.0164207,-16.8189396,0 18.0126148,-16.8270056,0 18.0080059,-16.8346734,0 18.0026385,-16.8418692,0 17.9965642,-16.8485235,0 17.9898414,-16.8545724,0 17.9825348,-16.8599573,0 17.9747148,-16.8646265,0 17.9664568,-16.8685348,0 17.9578404,-16.8716446,0 17.9489487,-16.8739259,0 17.9398672,-16.8753567,0 17.9306837,-16.8759231,0 17.9214868,-16.8756197,0 17.912365,-16.8744494,0 17.9034064,-16.8724234,0 17.8946973,-16.8695613,0 17.8863218,-16.8658906,0 17.8783606,-16.8614467,0 17.8708905,-16.8562725,0 17.8639835,-16.8504179,0 17.8577061,-16.8439392,0 17.8521187,-16.836899,0 17.8472752,-16.8293651,0 17.8468058,-16.8284437,0 17.8417135,-16.8220258,0 17.8410484,-16.8209912,0 17.8360919,-16.8147437,0 17.8312497,-16.8072092,0 17.8284156,-16.8016446,0 17.8268368,-16.7991877,0 17.8227855,-16.791232,0 17.8217791,-16.7886396,0 17.8189142,-16.7830131,0 17.8156926,-16.7747131,0 17.8134244,-16.7664862,0 17.813269,-16.7660858,0 17.810908,-16.7575214,0 17.8105418,-16.7553549,0 17.8069285,-16.7497286,0 17.8028793,-16.7417723,0 17.7996594,-16.7334717,0 17.7972996,-16.724907,0 17.7958226,-16.7161605,0 17.7952425,-16.7073167,0 17.7955647,-16.6984606,0 17.7967861,-16.6896776,0 17.7988948,-16.6810523,0 17.8018702,-16.6726678,0 17.8056838,-16.6646047,0 17.8102985,-16.6569407,0 17.81567,-16.6497495,0 17.8217464,-16.6431003,0 17.8284691,-16.6370573,0 17.8357735,-16.6316783,0 17.8435892,-16.6270153,0 17.8518409,-16.6231131,0 17.8604493,-16.6200091,0 17.8693315,-16.6177332,0 17.878402,-16.6163073,0 17.8875737,-16.6157452,0 17.8967583,-16.6160521,0 17.9023368,-16.6167704,0 17.8994026,-16.6107044,0 17.8968476,-16.6060669,0 17.8775249,-16.5709953,0 17.8720741,-16.5611019,0 17.8696955,-16.5528958,0 17.8654103,-16.5567506,0 17.8581094,-16.56213,0 17.8502966,-16.5667932,0 17.842047,-16.570695,0 17.8334403,-16.5737979,0 17.8245594,-16.576072,0 17.8154899,-16.5774953,0 17.8063192,-16.5780541,0 17.7971359,-16.5777429,0 17.7880285,-16.5765647,0 17.7790847,-16.5745309,0 17.7703909,-16.5716611,0 17.762031,-16.5679829,0 17.7540854,-16.5635318,0 17.7466308,-16.5583508,0 17.7397391,-16.5524896,0 17.7334766,-16.5460049,0 17.7279037,-16.5389592,0 17.7230741,-16.5314203,0 17.7190342,-16.523461,0 17.7158228,-16.5151579,0 17.7134708,-16.5065911,0 17.7122332,-16.4992264,0 17.7118113,-16.4976896,0 17.7117781,-16.4974916,0 17.7054976,-16.4921463,0 17.6992384,-16.48566,0 17.6936687,-16.4786129,0 17.6888421,-16.4710728,0 17.6878242,-16.4690655,0 17.684302,-16.4635626,0 17.6802654,-16.455602,0 17.6770571,-16.4472979,0 17.6747081,-16.4387302,0 17.6732408,-16.4299815,0 17.6726692,-16.4211362,0 17.6729987,-16.4122793,0 17.674226,-16.4034963,0 17.6763392,-16.3948717,0 17.6793179,-16.3864885,0 17.6831332,-16.3784275,0 17.6877482,-16.3707663,0 17.6931185,-16.3635787,0 17.6991923,-16.3569337,0 17.7059111,-16.3508953,0 17.7132101,-16.3455216,0 17.7210191,-16.3408644,0 17.7292628,-16.3369684,0 17.7378621,-16.333871,0 17.7467341,-16.3316021,0 17.7557934,-16.3301834,0 17.764953,-16.3296286,0 17.7741247,-16.329943,0 17.7832204,-16.3311236,0 17.7921526,-16.333159,0 17.8008353,-16.3360295,0 17.8061577,-16.3383741,0 17.8023396,-16.3253288,0 17.789299,-16.2985229,0 17.772707,-16.2643032,0 17.7675334,-16.249578,0 17.7655161,-16.2552656,0 17.7617061,-16.2633273,0 17.757096,-16.2709894,0 17.7517303,-16.278178,0 17.7456605,-16.2848239,0 17.7389451,-16.2908631,0 17.7316487,-16.2962372,0 17.7238417,-16.3008946,0 17.7155992,-16.3047902,0 17.7070006,-16.3078865,0 17.6981289,-16.3101537,0 17.6890697,-16.3115698,0 17.6799102,-16.3121212,0 17.6707387,-16.3118025,0 17.6616438,-16.3106168,0 17.6527132,-16.3085756,0 17.6440329,-16.3056984,0 17.6356867,-16.3020131,0 17.6277551,-16.2975551,0 17.6203144,-16.2923674,0 17.6134365,-16.2865,0 17.6071875,-16.2800095,0 17.6016278,-16.2729585,0 17.5968107,-16.2654148,0 17.5927827,-16.2574514,0 17.5895825,-16.2491447,0 17.5872409,-16.240575,0 17.5857802,-16.2318248,0 17.5852144,-16.2229784,0 17.585549,-16.214121,0 17.5867805,-16.205338,0 17.5888969,-16.1967138,0 17.5918778,-16.1883317,0 17.5956943,-16.1802722,0 17.6003096,-16.172613,0 17.6056792,-16.1654277,0 17.6117514,-16.1587856,0 17.6184674,-16.1527505,0 17.6257629,-16.1473805,0 17.6335673,-16.1427273,0 17.6418057,-16.1388355,0 17.6503988,-16.1357428,0 17.6592638,-16.1334787,0 17.6683156,-16.132065,0 17.6774669,-16.1315154,0 17.6866299,-16.131835,0 17.6957164,-16.1330208,0 17.704639,-16.1350614,0 17.7133118,-16.1379371,0 17.7216516,-16.1416203,0 17.729578,-16.1460754,0 17.7370148,-16.1512598,0 17.7438904,-16.1571233,0 17.748674,-16.1620893,0 17.7647305,-16.144249,0 17.8039932,-16.1706505,0 17.8259449,-16.2066135,0 17.8555832,-16.2676392,0 17.8721771,-16.3058357,0 17.8893318,-16.3576794,0 17.8999443,-16.4055004,0 17.9123249,-16.4624214,0 17.9247437,-16.5062637,0 17.9378071,-16.5324841,0 17.9561958,-16.579195,0 17.9758148,-16.6128349,0 17.9930573,-16.6436157,0 18.0186405,-16.6846695,0 18.0394783,-16.7143288,0 18.0597115,-16.7485256,0 18.0859318,-16.7799091,0 18.1085835,-16.8044529,0 18.1246681,-16.8283958,0 18.1425514,-16.8517761,0 18.1518721,-16.8678209,0 18.1544647,-16.8722839,0 18.166975,-16.8944988,0 18.1709992,-16.8997883,0 18.186058,-16.9195824,0 18.2045765,-16.9247818,0 18.2255116,-16.9140854,0 18.2566204,-16.8920746,0 18.2811527,-16.8683281,0 18.3032913,-16.8457012,0 18.3284016,-16.8321762,0 18.3540783,-16.8459187,0 18.3528442,-16.8822708,0 18.3294983,-16.916254,0 18.3073597,-16.9388771,0 18.2822247,-16.9609184,0 18.2606907,-16.9727497,0 18.2409458,-16.9851551,0 18.2307472,-17.0100975,0 18.2474289,-17.0499249,0 18.2629414,-17.0732765,0 18.2933807,-17.118269,0 18.3196526,-17.1558571,0 18.3483238,-17.1900425,0 18.384182,-17.2276592,0 18.4092808,-17.2618198,0 18.4397697,-17.2959976,0 18.462492,-17.3204899,0 18.4696693,-17.3295994,0 18.4937326,-17.3679211,0 18.4971752,-17.3734035,0 18.5277175,-17.4099018,0 18.546236,-17.4320316,0 18.5624009,-17.446136,0 18.5677834,-17.4508324,0 18.5837364,-17.4651699,0 18.5893345,-17.4701977,0 18.595159,-17.4757361,0 18.6450195,-17.5231476,0 18.667778,-17.5561256,0 18.6947346,-17.5811691,0 18.7360764,-17.6124916,0 18.7588482,-17.632412,0 18.7870159,-17.6529083,0 18.8217831,-17.6790924,0 18.8637428,-17.6990528,0 18.8997097,-17.7093506,0 18.9476643,-17.7213726,0 18.9812355,-17.7299538,0 19.0046139,-17.7334061,0 19.0561562,-17.7312431,0 19.0777454,-17.7414913,0 19.112505,-17.738718,0 19.1424809,-17.7375889,0 19.1988068,-17.7354565,0 19.2617626,-17.7463169,0 19.3230069,-17.7546653,0 19.3161582,-17.7571853,0 19.3095549,-17.7603578,0 19.3094343,-17.7604307,0 19.3093085,-17.7604912,0 19.3030612,-17.7642685,0 19.2972301,-17.7686141,0 19.2918714,-17.7734864,0 19.2870367,-17.7788384,0 19.2827725,-17.7846186,0 19.27912,-17.7907713,0 19.2761144,-17.7972374,0 19.2737847,-17.8039546,0 19.2721535,-17.8108583,0 19.2712365,-17.8178818,0 19.2710426,-17.8249576,0 19.2710864,-17.8255393,0 19.270668,-17.8253441,0 19.2665519,-17.8268875,0 19.2592068,-17.8254623,0 19.2535655,-17.8240011,0 19.2476292,-17.8202229,0 19.2440316,-17.8215315,0 19.2397823,-17.8204308,0 19.2285461,-17.8271294,0 19.2072067,-17.8225594,0 19.194746,-17.8218899,0 19.1781788,-17.8104,0 19.1686096,-17.8147907,0 19.1525478,-17.8118191,0 19.12883,-17.8118496,0 19.1178379,-17.8217678,0 19.1159534,-17.8330536,0 19.1066246,-17.839283,0 19.0997483,-17.8395349,0 19.0893764,-17.8391641,0 19.0910249,-17.8344268,0 19.0926635,-17.8275233,0 19.0935877,-17.8204991,0 19.0937886,-17.813422,0 19.0932645,-17.8063602,0 19.0920204,-17.7993815,0 19.0900685,-17.7925531,0 19.0874275,-17.7859409,0 19.0869927,-17.7851077,0 19.0867636,-17.7845341,0 19.0834592,-17.7782016,0 19.079523,-17.7722098,0 19.0749931,-17.7666162,0 19.0699131,-17.7614749,0 19.0643319,-17.7568351,0 19.0583031,-17.7527417,0 19.0518849,-17.7492339,0 19.045139,-17.7463455,0 19.0381302,-17.7441044,0 19.0309261,-17.742532,0 19.0235958,-17.7416436,0 19.0162099,-17.7414476,0 19.0088395,-17.7419461,0 19.0015554,-17.7431342,0 18.9944277,-17.7450005,0 18.987525,-17.7475271,0 18.9809137,-17.7506896,0 18.9746574,-17.7544578,0 18.9688165,-17.7587952,0 18.963447,-17.7636602,0 18.9586008,-17.769006,0 18.9543246,-17.7747811,0 18.9506595,-17.78093,0 18.947641,-17.7873934,0 18.9474781,-17.7878604,0 18.9473012,-17.7882391,0 18.9449584,-17.7949549,0 18.9433138,-17.8018583,0 18.9423835,-17.8088829,0 18.9421765,-17.8159611,0 18.942642,-17.8223055,0 18.9410152,-17.8216686,0 18.9218483,-17.8223629,0 18.8997955,-17.81707,0 18.8899612,-17.8108521,0 18.8871494,-17.8096701,0 18.883276,-17.806572,0 18.8797792,-17.806572,0 18.8784542,-17.806015,0 18.8639878,-17.8051442,0 18.8568249,-17.7971859,0 18.8493463,-17.7971859,0 18.8489944,-17.7969839,0 18.8440266,-17.7903595,0 18.8431721,-17.7835331,0 18.8363457,-17.7784119,0 18.8285284,-17.7779779,0 18.8252316,-17.7753735,0 18.7971973,-17.7696056,0 18.7910961,-17.7672943,0 18.7851486,-17.7613468,0 18.7817364,-17.7511082,0 18.7766171,-17.7425747,0 18.7707798,-17.7418456,0 18.7691479,-17.740799,0 18.7495098,-17.7419376,0 18.7426539,-17.7356238,0 18.7399254,-17.7297764,0 18.7305393,-17.7178288,0 18.7274936,-17.715955,0 18.7264996,-17.7145119,0 18.7123661,-17.7050571,0 18.7110679,-17.7043005,0 18.7109146,-17.7041779,0 18.7102421,-17.7038192,0 18.6951529,-17.6950247,0 18.6872142,-17.6887876,0 18.6745243,-17.6778393,0 18.6698236,-17.674996,0 18.6511841,-17.6598072,0 18.6301983,-17.6446978,0 18.6281242,-17.641943,0 18.6206532,-17.6372337,0 18.6170742,-17.6325652,0 18.6153469,-17.6273823,0 18.6153469,-17.6111698,0 18.6093731,-17.6060486,0 18.599987,-17.5923977,0 18.5978689,-17.592119,0 18.5972004,-17.5909023,0 18.579731,-17.5860386,0 18.5641729,-17.5830458,0 18.5624428,-17.5804501,0 18.5590286,-17.5761852,0 18.5479374,-17.5667992,0 18.5445232,-17.555706,0 18.5402565,-17.5488796,0 18.5376968,-17.5352268,0 18.5351372,-17.5292549,0 18.5310841,-17.526392,0 18.5206299,-17.5190144,0 18.5120983,-17.5028019,0 18.5086754,-17.5012809,0 18.495009,-17.492539,0 18.4924736,-17.4900036,0 18.4901679,-17.4897937,0 18.4780685,-17.4841317,0 18.4771137,-17.4831772,0 18.4737015,-17.4754963,0 18.4728489,-17.4558716,0 18.4702873,-17.4524593,0 18.4625211,-17.4467361,0 18.4611664,-17.440239,0 18.4514515,-17.4322654,0 18.448103,-17.4217396,0 18.4377267,-17.4144164,0 18.4356117,-17.4113884,0 18.4325234,-17.4098925,0 18.4216499,-17.3935814,0 18.4121924,-17.3936166,0 18.4086189,-17.3905926,0 18.3863926,-17.3868504,0 18.3812293,-17.3876779,0 18.3708496,-17.3893414,0 18.3537636,-17.3861027,0 17.558442,-17.3909673,0 16.9798298,-17.3945065,0 16.9795722,-17.3958564,0 16.9785843,-17.3958549,0 16.9721565,-17.3958454,0 16.6142817,-17.3953056,0 16.5644956,-17.3952305,0 16.5566063,-17.3944454,0 16.5479108,-17.3952055,0 16.4611283,-17.3950746,0 16.2299309,-17.3947258,0 16.1810551,-17.394577,0 16.1246166,-17.3944073,0 16.045351,-17.3941669,0 15.7683792,-17.3931217,0 15.7663975,-17.3660164,0 15.7548618,-17.3227367,0 15.7379389,-17.279953,0 15.7240934,-17.2292557,0 15.7257481,-17.1844254,0 15.6839409,-17.1197319,0 15.6634178,-17.0802879,0 15.6303816,-17.0372715,0 15.5876513,-17.0071812,0 15.5269547,-16.9808235,0 15.4510965,-16.9213009,0 15.4120331,-16.8872528,0 15.4160652,-16.8475399,0 15.4510717,-16.8161983,0 15.4902134,-16.7883167,0 15.5288754,-16.7490578,0 15.5629244,-16.7489376,0 15.5929565,-16.7334232,0 15.6017208,-16.6954632,0 15.6034441,-16.6454735,0 15.6068382,-16.6068687,0 15.6119785,-16.5722637,0 15.588666,-16.5190926,0 15.5737495,-16.4626141,0 15.5428762,-16.3928413,0 15.5391989,-16.382494,0 15.5272446,-16.3488483,0 15.5135174,-16.2946415,0 15.4938774,-16.2363682,0 15.4594259,-16.1704922,0 15.4468431,-16.1225395,0 15.4253769,-16.0699081,0 15.3980007,-16.0666885,0 15.38871,-16.0978489,0 15.3734627,-16.1283588,0 15.3561745,-16.1286888,0 15.3277435,-16.1129322,0 15.3210506,-16.1247845,0 15.3213444,-16.1509571,0 15.3156786,-16.1770439,0 15.3155146,-16.1912613,0 15.3110456,-16.216795,0 15.3045492,-16.2304745,0 15.3122692,-16.2657242,0 15.3134973,-16.2742532,0 15.3183413,-16.3078957,0 15.3197063,-16.3195575,0 15.3221416,-16.3403625,0 15.318182,-16.3732891,0 15.2998247,-16.4128342,0 15.2688885,-16.4561787,0 15.2309837,-16.4823608,0 15.1967802,-16.4977894,0 15.1959755,-16.4978257,0 15.1809587,-16.4985027,0 15.1681175,-16.4990807,0 15.1436043,-16.5027065,0 15.1111288,-16.5226974,0 15.0888443,-16.5388565,0 15.0711842,-16.5670185,0 15.0481052,-16.5985088,0 15.0316238,-16.6272526,0 15.0133352,-16.6571026,0 14.9950838,-16.6835403,0 14.9636717,-16.711483,0 14.9584837,-16.7139866,0 14.9522533,-16.7169933,0 14.9419765,-16.7264977,0 14.9331277,-16.7339952,0 14.9129868,-16.7510605,0 14.8894769,-16.775589,0 14.889369,-16.7757015,0 14.8669024,-16.8031998,0 14.8554486,-16.8178773,0 14.8480635,-16.8273411,0 14.8291086,-16.8659517,0 14.8284101,-16.8673744,0 14.8086691,-16.9136524,0 14.7962761,-16.9464073,0 14.7776585,-16.9972382,0 14.7651739,-17.036232,0 14.7470827,-17.0916023,0 14.7322598,-17.1260109,0 14.7065744,-17.1670551,0 14.673563,-17.218195,0 14.6588208,-17.2253235,0 14.6235628,-17.2423725,0 14.6222553,-17.2407742,0 14.61269,-17.2495766,0 14.5933456,-17.2634563,0 14.5809258,-17.2669598,0 14.5669086,-17.2709139,0 14.5590982,-17.2731171,0 14.545702,-17.2758007,0 14.5302896,-17.2788887,0 14.5171845,-17.2775896,0 14.4890547,-17.2748013,0 14.4362726,-17.2421303,0 14.4064941,-17.2325459,0 14.3773251,-17.2224007,0 14.3770607,-17.2222605,0 14.3675153,-17.2171991,0 14.3286486,-17.1965904,0 14.3004503,-17.201786,0 14.270421,-17.2092152,0 14.2341185,-17.1966629,0 14.2393341,-17.2075424,0 14.2110462,-17.2184029,0 14.199316,-17.2009335,0 14.1929159,-17.1914005,0 14.1974201,-17.1710377,0 14.2192307,-17.1532497,0 14.2385254,-17.143364,0 14.243851,-17.1361943,0 14.2568474,-17.1186981,0 14.2570712,-17.1040616,0 14.2571774,-17.0971222,0 14.258284,-17.0879633,0 14.2598558,-17.0749543,0 14.260601,-17.0687866,0 14.253772,-17.0411212,0 14.253108,-17.0384312,0 14.2534891,-17.03833,0 14.2586956,-17.0369473,0 14.2708406,-17.0246639,0 14.2986403,-17.0052624,0 14.3186903,-16.984024,0 14.3327274,-16.9649506,0 14.3335424,-16.9610134,0 14.3369327,-16.9446353,0 14.337883,-16.9400444,0 14.3292351,-16.9188766,0 14.329655,-16.890909,0 14.3296785,-16.8893433,0 14.3233016,-16.8716421,0 14.3216467,-16.8670483,0 14.311388,-16.8339176,0 14.305357,-16.7980175,0 14.2994051,-16.7570019,0 14.2945118,-16.7250919,0 14.2818041,-16.6964569,0 14.264142,-16.6796703,0 14.2358227,-16.6570091,0 14.2242918,-16.6300945,0 14.2294416,-16.6057434,0 14.2392712,-16.5877247,0 14.2574892,-16.5675774,0 14.2625055,-16.5517483,0 14.2599536,-16.5471244,0 14.2535721,-16.5355617,0 14.2520504,-16.5328045,0 14.2326174,-16.5154114,0 14.2203131,-16.5004139,0 14.217741,-16.4736481,0 14.2128344,-16.4434261,0 14.2124929,-16.4220058,0 14.2123865,-16.4153339,0 14.2122269,-16.4053173,0 14.2113447,-16.3984795,0 14.216507,-16.3985691,0 14.2471275,-16.3860264,0 14.271841,-16.3693962,0 14.2887564,-16.3554726,0 14.3165064,-16.3349113,0 14.3300266,-16.3200378,0 14.3141883,-16.3106779,0 14.3067951,-16.3063087,0 14.2814999,-16.2831211,0 14.2551527,-16.2508125,0 14.2437458,-16.2395688,0 14.2275419,-16.2235966,0 14.2260867,-16.2213037,0 14.2060013,-16.1896572,0 14.2055197,-16.1822548,0 14.1763744,-16.1777573,0 14.1510553,-16.1573982,0 14.1485123,-16.1522201,0 14.1394997,-16.1338692,0 14.1367598,-16.122694,0 14.1355049,-16.1212377,0 14.1249033,-16.1089344,0 14.1128519,-16.0949485,0 14.105669,-16.0866127,0 14.0996246,-16.0540733,0 14.0900717,-16.0174866,0 14.0805292,-15.9803286,0 14.0715303,-15.9465923,0 14.0711274,-15.9453043,0 14.0613241,-15.913969,0 14.0510941,-15.8830509,0 14.0501706,-15.8796372,0 14.0449057,-15.8601742,0 14.0375929,-15.8332901,0 14.031103,-15.8081419,0 14.0291805,-15.8006926,0 14.0252661,-15.788535,0 14.0218067,-15.777791,0 14.0179958,-15.7555199,0 14.023551,-15.7430983,0 14.0326308,-15.7341478,0 14.0416956,-15.7252121,0 14.0466061,-15.7194514,0 14.0574656,-15.7067118,0 14.0838385,-15.6952324,0 14.0982075,-15.6897993,0 14.100697,-15.6912165,0 14.1016703,-15.6917706,0 14.1017004,-15.6895266,0 14.102006,-15.6667395,0 14.1054573,-15.6481676,0 14.1075866,-15.6446633,0 14.1084614,-15.6432238,0 14.1074775,-15.6436505,0 14.099473,-15.6471224,0 14.076396,-15.6387367,0 14.0745831,-15.6028337,0 14.0667324,-15.5725136,0 14.0536747,-15.5329876,0 14.0405321,-15.4991512,0 14.0301708,-15.4789155,0 14.0300169,-15.4786148,0 14.0317987,-15.4778383,0 14.0654869,-15.4631567,0 14.0919085,-15.4471188,0 14.1170826,-15.4344721,0 14.1303396,-15.4233198,0 14.1443195,-15.422554,0 14.1455288,-15.4025183,0 14.145852,-15.4017383,0 14.1523237,-15.3861237,0 14.1559712,-15.381899,0 14.1668539,-15.3692942,0 14.1868,-15.3480053,0 14.1936436,-15.3281908,0 14.1951571,-15.3248177,0 14.1728503,-15.3223718,0 14.165143,-15.3215267,0 14.1515646,-15.3200378,0 14.1044121,-15.3322945,0 14.0733824,-15.3397093,0 14.0319357,-15.3292723,0 13.9893665,-15.3148232,0 13.9473374,-15.3099667,0 13.9365616,-15.3087215,0 13.9293489,-15.3077297,0 13.9199839,-15.2943306,0 13.9195967,-15.2918882,0 13.9022818,-15.2966919,0 13.8919411,-15.2748518,0 13.8914743,-15.2701523,0 13.8888798,-15.2440329,0 13.8884795,-15.2427956,0 13.8775692,-15.2090712,0 13.8666859,-15.1843691,0 13.8367796,-15.1604462,0 13.8085175,-15.1450977,0 13.7790709,-15.1297255,0 13.76229,-15.1031942,0 13.7629004,-15.0943604,0 13.7482119,-15.0926676,0 13.7310972,-15.086072,0 13.7141104,-15.0720682,0 13.6918583,-15.0534048,0 13.6750317,-15.0302849,0 13.6619864,-15.0073357,0 13.6575146,-15.0128489,0 13.6366692,-15.0164318,0 13.6088181,-15.0130358,0 13.5797405,-15.0118942,0 13.5709724,-15.014739,0 13.5708656,-15.0100098,0 13.5626965,-15.0018692,0 13.5495802,-14.985426,0 13.5495512,-14.9853896,0 13.5446835,-14.9792871,0 13.5429031,-14.9792146,0 13.5173903,-14.9781752,0 13.4886665,-14.9907093,0 13.4688206,-14.9715042,0 13.4652843,-14.9495693,0 13.4634743,-14.9383421,0 13.462182,-14.9109592,0 13.465003,-14.8859367,0 13.4738989,-14.8530579,0 13.4899502,-14.8180389,0 13.5210094,-14.8066902,0 13.5455503,-14.7946377,0 13.5758228,-14.7940979,0 13.6091394,-14.789053,0 13.6142046,-14.7868307,0 13.6161518,-14.7859763,0 13.6402292,-14.7754126,0 13.65557,-14.7693243,0 13.6622811,-14.7666603,0 13.6730862,-14.7623711,0 13.7023821,-14.749259,0 13.7182846,-14.7210627,0 13.7380953,-14.7057024,0 13.7405252,-14.7038183,0 13.7624607,-14.6786205,0 13.7683477,-14.6718578,0 13.7692572,-14.6708766,0 13.7979431,-14.639926,0 13.8300629,-14.6342649,0 13.8321814,-14.6334182,0 13.829311,-14.6392492,0 13.8268199,-14.6459188,0 13.8250121,-14.652794,0 13.8239051,-14.6598086,0 13.8235095,-14.6668951,0 13.8237332,-14.6718532,0 13.8236209,-14.6738654,0 13.8236828,-14.6752378,0 13.8222133,-14.6791711,0 13.820405,-14.6860462,0 13.8200034,-14.6885899,0 13.8193198,-14.6894774,0 13.81922,-14.6895646,0 13.8142955,-14.694798,0 13.8135843,-14.6957212,0 13.8129897,-14.6962403,0 13.808065,-14.7014735,0 13.8065443,-14.7034474,0 13.8019912,-14.7082853,0 13.8013169,-14.7091605,0 13.8007599,-14.7096466,0 13.7958346,-14.7148795,0 13.7939398,-14.7173385,0 13.7897409,-14.7217993,0 13.7893728,-14.7222769,0 13.7882582,-14.7232495,0 13.7833323,-14.7284822,0 13.7789568,-14.7341594,0 13.775174,-14.7402266,0 13.7720202,-14.7466253,0 13.7695259,-14.753294,0 13.7677152,-14.7601685,0 13.7666055,-14.7671826,0 13.7662077,-14.7742688,0 13.7665256,-14.7813587,0 13.7675561,-14.7883842,0 13.7692896,-14.7952776,0 13.7717092,-14.8019725,0 13.7747919,-14.8084043,0 13.7785079,-14.8145112,0 13.7828215,-14.8202343,0 13.7876911,-14.8255184,0 13.79307,-14.8303126,0 13.7989063,-14.8345707,0 13.8051437,-14.8382517,0 13.8117223,-14.8413201,0 13.8185785,-14.8437463,0 13.8256463,-14.8455069,0 13.8328576,-14.846585,0 13.8401428,-14.8469701,0 13.8474318,-14.8466585,0 13.8546543,-14.8456533,0 13.8617406,-14.8439641,0 13.8686224,-14.8416071,0 13.8752334,-14.8386052,0 13.8815099,-14.8349872,0 13.8873915,-14.830788,0 13.8928213,-14.8260481,0 13.8977472,-14.8208132,0 13.8981152,-14.8203354,0 13.8992299,-14.8193622,0 13.9041554,-14.8141271,0 13.90605,-14.8116672,0 13.9102486,-14.8072043,0 13.9109228,-14.8063288,0 13.9114798,-14.8058425,0 13.9164047,-14.800607,0 13.9179252,-14.7986324,0 13.922478,-14.7937922,0 13.9231891,-14.7928687,0 13.9237838,-14.7923493,0 13.9287081,-14.7871136,0 13.9298496,-14.7856309,0 13.9299494,-14.7855437,0 13.9348734,-14.7803079,0 13.9392461,-14.7746275,0 13.9395548,-14.7741317,0 13.9421871,-14.7718322,0 13.9471105,-14.766596,0 13.9514826,-14.7609153,0 13.9552612,-14.754845,0 13.9584099,-14.7484433,0 13.9608985,-14.7417722,0 13.9627031,-14.7348957,0 13.962794,-14.7343175,0 13.9632432,-14.7331132,0 13.9650476,-14.7262367,0 13.9652994,-14.7246353,0 13.9654212,-14.7243088,0 13.9672255,-14.7174323,0 13.9675345,-14.7154666,0 13.9693382,-14.7085913,0 13.9702695,-14.7026673,0 13.9740839,-14.6977085,0 13.9772785,-14.6925734,0 13.978695,-14.6907317,0 13.9787758,-14.6906018,0 13.9822769,-14.6875408,0 13.9849632,-14.6846816,0 13.9849714,-14.6846769,0 13.9883455,-14.6822637,0 13.9927487,-14.6797206,0 13.9956433,-14.6776501,0 14.0012898,-14.6774045,0 14.0085062,-14.676394,0 14.0095742,-14.6761384,0 14.0125025,-14.6762909,0 14.0197859,-14.6759735,0 14.0216058,-14.6757186,0 14.0219031,-14.675734,0 14.0291865,-14.6754163,0 14.0364028,-14.674405,0 14.0434824,-14.6727097,0 14.0503572,-14.6703468,0 14.0569607,-14.6673392,0 14.0632295,-14.6637157,0 14.069103,-14.6595113,0 14.0745247,-14.6547666,0 14.0794424,-14.6495271,0 14.0838086,-14.6438436,0 14.0875815,-14.6377706,0 14.0907246,-14.6313668,0 14.0932077,-14.6246938,0 14.095007,-14.617816,0 14.0961052,-14.6107995,0 14.0964918,-14.6037119,0 14.0961631,-14.5966216,0 14.0951224,-14.5895968,0 14.0933798,-14.5827052,0 14.090952,-14.5760131,0 14.0878626,-14.5695849,0 14.0841413,-14.5634826,0 14.0803815,-14.5585031,0 14.0863614,-14.5560055,0 14.0868959,-14.5557823,0 14.0871028,-14.5556769,0 14.1149836,-14.5414658,0 14.1345447,-14.5246822,0 14.1384172,-14.5213594,0 14.1536818,-14.4925528,0 14.1676521,-14.4705648,0 14.1924534,-14.4379339,0 14.1927025,-14.4372054,0 14.198657,-14.419796,0 14.212203,-14.3863897,0 14.2251539,-14.352972,0 14.2352009,-14.3155088,0 14.2621517,-14.2960234,0 14.2819853,-14.2769794,0 14.2948875,-14.2458353,0 14.2987814,-14.2230892,0 14.3111305,-14.1890812,0 14.320425,-14.161294,0 14.3413172,-14.109746,0 14.3334789,-14.0793772,0 14.3285093,-14.0553312,0 14.3153057,-14.0277185,0 14.2913971,-14.003911,0 14.2667894,-13.9875059,0 14.2589113,-13.9822518,0 14.2470725,-13.9743562,0 14.2376475,-13.9680703,0 14.2351561,-13.9664087,0 14.2265533,-13.9542786,0 14.2251193,-13.9522567,0 14.2183561,-13.9427204,0 14.2092209,-13.9167347,0 14.211092,-13.9146338,0 14.2251821,-13.914472,0 14.2306175,-13.9144096,0 14.2472897,-13.9072866,0 14.2528629,-13.9041051,0 14.2705593,-13.8940029,0 14.3003502,-13.8796902,0 14.3300772,-13.8693676,0 14.3651419,-13.8579931,0 14.3906679,-13.8515854,0 14.433341,-13.8454695,0 14.4358106,-13.8452686,0 14.454604,-13.8437397,0 14.4623547,-13.8431091,0 14.4689855,-13.8421818,0 14.4878378,-13.8395452,0 14.4963427,-13.8237123,0 14.4865847,-13.8030062,0 14.4832401,-13.7886848,0 14.4804964,-13.7738018,0 14.4748135,-13.7577295,0 14.4621763,-13.7318354,0 14.4573575,-13.7156646,0 14.4565363,-13.7129087,0 14.4531827,-13.7212962,0 14.4461117,-13.7389812,0 14.4334269,-13.757596,0 14.4290178,-13.7660391,0 14.4276271,-13.7687022,0 14.4263946,-13.7710624,0 14.423089,-13.7773924,0 14.4135395,-13.7835046,0 14.4039888,-13.7896175,0 14.3997046,-13.7915976,0 14.3837481,-13.7989721,0 14.3518066,-13.7995625,0 14.3306007,-13.7940569,0 14.3060398,-13.7913485,0 14.3100367,-13.78514,0 14.3092981,-13.7798759,0 14.3084316,-13.7736998,0 14.2896261,-13.7659521,0 14.2683874,-13.7633476,0 14.2624769,-13.7626228,0 14.2366505,-13.7501831,0 14.2329359,-13.7468732,0 14.220315,-13.7356272,0 14.2069635,-13.7194128,0 14.1860094,-13.6979237,0 14.1622782,-13.6649704,0 14.1438704,-13.6321106,0 14.113905,-13.6207247,0 14.1035747,-13.623715,0 14.0990629,-13.625021,0 14.1069984,-13.6468515,0 14.1124246,-13.6546268,0 14.1243439,-13.6717062,0 14.1346111,-13.6958599,0 14.1413069,-13.7216606,0 14.1551142,-13.7464476,0 14.1553256,-13.765355,0 14.1553631,-13.7687063,0 14.1363592,-13.7740717,0 14.1253443,-13.7650067,0 14.1165075,-13.7577343,0 14.1144383,-13.7551329,0 14.1008501,-13.7380505,0 14.0998102,-13.7365088,0 14.0840931,-13.7132072,0 14.0808523,-13.6981785,0 14.0769272,-13.6799765,0 14.0763787,-13.6789388,0 14.0620022,-13.651741,0 14.0379772,-13.601078,0 14.0213059,-13.5621327,0 14.0180311,-13.5544825,0 14.017737,-13.5539162,0 13.991087,-13.5026159,0 13.9863871,-13.4909064,0 13.9763145,-13.4658108,0 13.9648981,-13.4410553,0 13.9649773,-13.4360927,0 13.9652222,-13.420743,0 13.9652805,-13.4170876,0 13.9862366,-13.39921,0 14.0056286,-13.4052782,0 14.0240297,-13.3993387,0 14.0178156,-13.3815279,0 14.0210114,-13.3661747,0 14.043005,-13.3568754,0 14.0608931,-13.3457861,0 14.0519516,-13.3261596,0 14.0511894,-13.3244867,0 14.0291824,-13.3240827,0 14.0234499,-13.3239775,0 13.9921217,-13.3262529,0 13.9548826,-13.3289852,0 13.9076834,-13.3269596,0 13.876811,-13.30126,0 13.8689346,-13.2873287,0 13.8601713,-13.2718296,0 13.846983,-13.2481728,0 13.8551207,-13.2257776,0 13.8587255,-13.2158546,0 13.8738861,-13.191021,0 13.8773375,-13.1602573,0 13.8617744,-13.1376953,0 13.8675117,-13.1115408,0 13.870018,-13.106616,0 13.8778725,-13.0911818,0 13.896553,-13.0669842,0 13.9221773,-13.0509071,0 13.9419107,-13.0341482,0 13.9683199,-13.0055208,0 13.9829788,-12.9738169,0 13.9832451,-12.9730561,0 13.9888111,-12.9571524,0 13.9940977,-12.9420471,0 14.0048166,-12.9181377,0 14.0105214,-12.9054127,0 14.0106001,-12.9052372,0 14.0264654,-12.8712673,0 14.0477362,-12.8305445,0 14.0594195,-12.7990631,0 14.0637341,-12.7874374,0 14.0641307,-12.7859846,0 14.0657244,-12.7801474,0 14.0667606,-12.7763524,0 14.0777818,-12.7359856,0 14.0862303,-12.7050419,0 14.0895557,-12.6941776,0 14.1134214,-12.699255,0 14.1288662,-12.6909695,0 14.1285152,-12.6755419,0 14.1293411,-12.6601372,0 14.1487932,-12.6593466,0 14.1687794,-12.6619911,0 14.1887417,-12.6663485,0 14.2174606,-12.6759987,0 14.2428799,-12.6701689,0 14.2463675,-12.6681061,0 14.2592583,-12.6778841,0 14.2779245,-12.6902065,0 14.3015876,-12.7122173,0 14.3023319,-12.7129097,0 14.3072282,-12.7192984,0 14.3214073,-12.7377996,0 14.3239555,-12.7646837,0 14.3311119,-12.7990732,0 14.3387136,-12.8431768,0 14.3347578,-12.8716593,0 14.3566847,-12.9040184,0 14.3640909,-12.9041462,0 14.3737764,-12.904315,0 14.3928289,-12.89151,0 14.411231,-12.8826914,0 14.4361401,-12.8722687,0 14.4456338,-12.8696427,0 14.4633636,-12.8647385,0 14.4846106,-12.8628159,0 14.5081758,-12.8637838,0 14.51789,-12.8657551,0 14.5217455,-12.8902313,0 14.5219336,-12.8914251,0 14.5268517,-12.9189167,0 14.5265951,-12.9371843,0 14.5271042,-12.939556,0 14.531023,-12.9578142,0 14.5349493,-12.9721556,0 14.5424995,-12.9802752,0 14.5559883,-12.9856405,0 14.579092,-12.9780312,0 14.5963402,-12.9674692,0 14.6065893,-12.9510803,0 14.6115503,-12.9334612,0 14.6122323,-12.9315666,0 14.6182928,-12.9147291,0 14.616807,-12.8941488,0 14.6126051,-12.8803701,0 14.6240921,-12.8788509,0 14.6305778,-12.8768371,0 14.6590195,-12.8680058,0 14.6956577,-12.8611794,0 14.7147007,-12.8483105,0 14.7212362,-12.8438931,0 14.7261105,-12.8319798,0 14.7279252,-12.8173674,0 14.7280922,-12.8160229,0 14.7286901,-12.7965717,0 14.7245102,-12.7754202,0 14.7206964,-12.7638205,0 14.7177153,-12.7547531,0 14.7018948,-12.7482138,0 14.6844997,-12.7273731,0 14.6736076,-12.7191037,0 14.6675882,-12.7145338,0 14.6666498,-12.6968145,0 14.6955099,-12.6972857,0 14.7034664,-12.6751423,0 14.6875954,-12.6725998,0 14.6634645,-12.6710644,0 14.6362801,-12.6774702,0 14.6092749,-12.670743,0 14.6015635,-12.674613,0 14.6059837,-12.695817,0 14.5999527,-12.7059946,0 14.5844402,-12.7200155,0 14.5544714,-12.7159406,0 14.5509214,-12.7154579,0 14.5321035,-12.7128582,0 14.5307047,-12.712174,0 14.5139666,-12.7039871,0 14.4976759,-12.689435,0 14.480845,-12.6816216,0 14.4749107,-12.6788667,0 14.472319,-12.6776635,0 14.4695854,-12.6763945,0 14.4575357,-12.6539154,0 14.4723959,-12.6444607,0 14.489936,-12.6353787,0 14.4905713,-12.6350497,0 14.4990969,-12.6306353,0 14.5221987,-12.6213169,0 14.5347404,-12.608964,0 14.5485144,-12.5926313,0 14.549568,-12.5871964,0 14.5535908,-12.5664463,0 14.5545301,-12.5413303,0 14.5371428,-12.5216217,0 14.5232801,-12.5025406,0 14.4982281,-12.48384,0 14.4743824,-12.4634457,0 14.4535208,-12.4402428,0 14.4508486,-12.4213486,0 14.4611292,-12.4021044,0 14.4842863,-12.3876476,0 14.5128098,-12.3681393,0 14.5369949,-12.3639774,0 14.5659189,-12.3576078,0 14.5942116,-12.3540821,0 14.620677,-12.3550901,0 14.6458197,-12.36693,0 14.6719856,-12.3902054,0 14.6811239,-12.3979241,0 14.6906052,-12.4059324,0 14.6956698,-12.4104653,0 14.7127047,-12.4257116,0 14.7424192,-12.4484663,0 14.7794123,-12.4553442,0 14.8181114,-12.4668131,0 14.8604488,-12.4703379,0 14.9111509,-12.4642782,0 14.9470816,-12.4625511,0 14.9661427,-12.4445686,0 14.9604731,-12.4273472,0 14.9530668,-12.4078131,0 14.9467897,-12.3922939,0 14.9346857,-12.3721161,0 14.9273783,-12.3723112,0 14.9211473,-12.3724775,0 14.8970251,-12.3721018,0 14.8821631,-12.3721959,0 14.87113,-12.3722658,0 14.8624668,-12.3595638,0 14.8550549,-12.3411694,0 14.8698721,-12.3328362,0 14.8888655,-12.3199959,0 14.9114647,-12.3009291,0 14.9124109,-12.2977212,0 14.9151545,-12.2884197,0 14.8911772,-12.2771921,0 14.8712091,-12.2745953,0 14.8453608,-12.271903,0 14.8343566,-12.2713836,0 14.827136,-12.2710428,0 14.7971249,-12.2717075,0 14.7747679,-12.2719212,0 14.7747034,-12.2719429,0 14.7725974,-12.2726539,0 14.7505407,-12.2800999,0 14.7408209,-12.2897218,0 14.7386179,-12.2919025,0 14.7362646,-12.2921006,0 14.7208261,-12.2933996,0 14.7044573,-12.2947769,0 14.6757374,-12.2868824,0 14.6518078,-12.2727814,0 14.6336298,-12.2684832,0 14.6159391,-12.2716179,0 14.5993376,-12.2810535,0 14.5875044,-12.2859974,0 14.582515,-12.2695958,0 14.5824394,-12.2693472,0 14.5710325,-12.243453,0 14.5671387,-12.2273932,0 14.5709448,-12.2074642,0 14.5678368,-12.1771374,0 14.5734453,-12.1543818,0 14.5808945,-12.1259441,0 14.594943,-12.087904,0 14.5982037,-12.064537,0 14.5913887,-12.047286,0 14.5708828,-12.0423737,0 14.5457392,-12.0328112,0 14.5211134,-12.0283995,0 14.4794645,-12.0225506,0 14.4483528,-12.0197344,0 14.4208641,-12.0101223,0 14.419779,-12.0095991,0 14.3982201,-11.9992041,0 14.3975172,-11.9988651,0 14.392866,-11.9935759,0 14.3801718,-11.9791403,0 14.3801886,-11.9788431,0 14.3812481,-11.9601042,0 14.381753,-11.9511747,0 14.3885622,-11.9272985,0 14.3816452,-11.9180384,0 14.3647184,-11.9103174,0 14.3503263,-11.9119113,0 14.3335276,-11.9137716,0 14.3123465,-11.9156857,0 14.2987089,-11.924015,0 14.2876086,-11.9293299,0 14.2779961,-11.9339323,0 14.260849,-11.9410563,0 14.2447987,-11.9533396,0 14.2445335,-11.9710445,0 14.2585325,-11.9781494,0 14.2779474,-11.9767799,0 14.2950106,-11.9753675,0 14.3108244,-11.9790726,0 14.3152713,-11.9880536,0 14.3176727,-11.9929037,0 14.3111716,-12.0009672,0 14.3045015,-12.0092402,0 14.2867546,-12.0169249,0 14.2625952,-12.0210676,0 14.2485745,-12.0223735,0 14.2419939,-12.0229864,0 14.227788,-12.0295897,0 14.2018013,-12.037693,0 14.1839094,-12.0447178,0 14.1524649,-12.0350904,0 14.1428834,-12.0316192,0 14.1254644,-12.0253086,0 14.1492605,-12.0076571,0 14.1449278,-11.989362,0 14.1443478,-11.9869129,0 14.1415815,-11.9752321,0 14.1270752,-11.9462214,0 14.1219263,-11.9221931,0 14.1142759,-11.8864908,0 14.1192811,-11.8654693,0 14.1270752,-11.8327341,0 14.1387656,-11.8023398,0 14.1441412,-11.7883635,0 14.1483913,-11.7788635,0 14.1586475,-11.7559385,0 14.1648216,-11.7238313,0 14.1714458,-11.6893826,0 14.2021562,-11.6526641,0 14.2106972,-11.6424522,0 14.2180944,-11.6362229,0 14.2295688,-11.6265601,0 14.2431221,-11.6151466,0 14.2395922,-11.6050176,0 14.2339666,-11.5888746,0 14.2234964,-11.5588303,0 14.227584,-11.5552235,0 14.2380018,-11.546031,0 14.2447569,-11.5205132,0 14.2456818,-11.5170193,0 14.2431221,-11.4820347,0 14.2416648,-11.4782179,0 14.2383664,-11.469579,0 14.2332156,-11.4560887,0 14.2252035,-11.4351044,0 14.2124006,-11.4114195,0 14.2081375,-11.403533,0 14.2081375,-11.3762274,0 14.2087633,-11.3689262,0 14.2097045,-11.3579448,0 14.2106972,-11.3463631,0 14.2161344,-11.3414883,0 14.2175203,-11.3402457,0 14.2354422,-11.3241777,0 14.2607877,-11.3301802,0 14.2678671,-11.3318567,0 14.2772532,-11.3540421,0 14.3165045,-11.3711081,0 14.3331099,-11.3696849,0 14.3463697,-11.3685484,0 14.3477068,-11.3607485,0 14.3512795,-11.3399055,0 14.3514891,-11.3386831,0 14.3476328,-11.3284,0 14.3453935,-11.3224286,0 14.3386898,-11.3045521,0 14.3367882,-11.3025892,0 14.330861,-11.2964706,0 14.3122377,-11.2772465,0 14.2721338,-11.2601805,0 14.2697518,-11.2584536,0 14.2564271,-11.2487939,0 14.256388,-11.2487655,0 14.2380018,-11.2354364,0 14.2057447,-11.1927385,0 14.1990223,-11.1720476,0 14.1946888,-11.1485415,0 14.1934522,-11.1427848,0 14.1897602,-11.125597,0 14.1942258,-11.1184383,0 14.2059746,-11.0996037,0 14.2227021,-11.0715086,0 14.2199853,-11.070829,0 14.2115341,-11.0678173,0 14.2034226,-11.0640017,0 14.195729,-11.0594189,0 14.1885275,-11.0541131,0 14.1836122,-11.0496882,0 14.1791258,-11.0536861,0 14.1501141,-11.1279221,0 14.1449947,-11.2013044,0 14.1449947,-11.2456751,0 14.1554899,-11.298111,0 14.14466,-11.3161993,0 14.1467342,-11.33395,0 14.1470156,-11.3539534,0 14.1461176,-11.3552211,0 14.1386242,-11.3657999,0 14.1454496,-11.3796377,0 14.150588,-11.3888721,0 14.1395798,-11.4183846,0 14.1316671,-11.4370966,0 14.1397028,-11.4486704,0 14.1473973,-11.4509959,0 14.1578054,-11.4541416,0 14.1659899,-11.4560032,0 14.1732299,-11.4610676,0 14.1810837,-11.4665613,0 14.1830614,-11.4721934,0 14.1889582,-11.488986,0 14.1900452,-11.4907685,0 14.1930363,-11.4956734,0 14.1935387,-11.4964972,0 14.2003613,-11.5109034,0 14.1726188,-11.5221997,0 14.1613932,-11.5267706,0 14.1509656,-11.5436834,0 14.1481552,-11.5482416,0 14.1493767,-11.5527159,0 14.1497142,-11.553952,0 14.1542692,-11.5706367,0 14.1568975,-11.590682,0 14.1479921,-11.5973768,0 14.1407385,-11.6178851,0 14.1369486,-11.6286001,0 14.135922,-11.630158,0 14.1213226,-11.6523132,0 14.12024,-11.653949,0 14.1074982,-11.6732016,0 14.1018376,-11.6815097,0 14.0978861,-11.6873093,0 14.0968915,-11.6894303,0 14.0851355,-11.7145004,0 14.083128,-11.7304611,0 14.0744743,-11.7582979,0 14.0703877,-11.7775611,0 14.0694036,-11.7821999,0 14.0655336,-11.8044119,0 14.066169,-11.8137122,0 14.0666971,-11.8214407,0 14.0674486,-11.8324413,0 14.0724039,-11.8536711,0 14.0667286,-11.878706,0 14.0596972,-11.8774328,0 14.0414181,-11.8816671,0 14.0172024,-11.8897886,0 14.0116519,-11.893005,0 14.0000076,-11.8997526,0 13.9932842,-11.9161949,0 13.9964189,-11.9227357,0 14.002067,-11.934521,0 14.0029535,-11.9363708,0 14.01021,-11.9499927,0 14.0109453,-11.9513731,0 14.0219631,-11.9607182,0 14.0151318,-11.9684735,0 14.0137634,-11.970027,0 14.0076017,-11.9770193,0 13.9972672,-11.986724,0 13.9837389,-11.9994278,0 13.9726445,-12.0118299,0 13.9711733,-12.0134745,0 13.9741435,-12.0211325,0 13.9749203,-12.0231352,0 13.9734061,-12.0221859,0 13.9629107,-12.0156059,0 13.9610199,-12.0132804,0 13.9605805,-12.0127399,0 13.9525347,-12.0028439,0 13.9430545,-11.9956712,0 13.9372028,-11.9912438,0 13.9362745,-11.9905415,0 13.9235487,-11.9777327,0 13.9085035,-11.9631662,0 13.8975344,-11.9509611,0 13.8877506,-11.9382067,0 13.8768482,-11.9220037,0 13.8658524,-11.9174089,0 13.8648291,-11.9267875,0 13.8625763,-11.9474348,0 13.8595276,-11.9753761,0 13.8571909,-11.9851225,0 13.8494377,-12.0174608,0 13.8370781,-12.0543575,0 13.824811,-12.0855446,0 13.8137903,-12.1121826,0 13.7910013,-12.139164,0 13.7832043,-12.1478981,0 13.7664356,-12.1666822,0 13.7620163,-12.170907,0 13.7661552,-12.1231899,0 13.7789378,-12.0592744,0 13.7832413,-12.037756,0 13.8020024,-11.9772513,0 13.8174152,-11.9275446,0 13.8421907,-11.8301497,0 13.8421907,-11.7874336,0 13.8464471,-11.6776146,0 13.8464622,-11.6772232,0 13.8455029,-11.6524713,0 13.8434856,-11.6004223,0 13.8421907,-11.5670118,0 13.8430809,-11.5559741,0 13.8484249,-11.4897141,0 13.8507347,-11.4610739,0 13.8516701,-11.4545265,0 13.8554051,-11.4283816,0 13.8658654,-11.3551599,0 13.8678217,-11.341466,0 13.8849077,-11.2739725,0 13.8851509,-11.2704346,0 13.8885368,-11.2211793,0 13.8932009,-11.1533298,0 13.9006119,-11.1408167,0 13.9013548,-11.1311159,0 13.8988778,-11.1215391,0 13.8974934,-11.1161861,0 13.8953972,-11.1007175,0 13.891674,-11.077219,0 13.8914461,-11.075252,0 13.889617,-11.0594654,0 13.8887863,-11.0383081,0 13.8920364,-11.0183706,0 13.8976721,-11.0078149,0 13.903513,-10.9968748,0 13.9094591,-10.9901524,0 13.9031649,-10.9820108,0 13.8992229,-10.9772031,0 13.886507,-10.9616947,0 13.8826847,-10.944479,0 13.873064,-10.9237251,0 13.8580008,-10.9158241,0 13.8515787,-10.9124556,0 13.8358479,-10.9075823,0 13.8295336,-10.9080763,0 13.822624,-10.8991746,0 13.8194287,-10.8950581,0 13.8172541,-10.8919573,0 13.812252,-10.8845043,0 13.8079166,-10.8791342,0 13.8063233,-10.8781743,0 13.7972527,-10.8664885,0 13.792942,-10.8598027,0 13.7866688,-10.8500729,0 13.7862471,-10.8494186,0 13.7666712,-10.8190498,0 13.7643022,-10.8160146,0 13.7546968,-10.8037081,0 13.7489186,-10.7978273,0 13.7382917,-10.7870121,0 13.7280508,-10.7691838,0 13.7272282,-10.7677517,0 13.7234411,-10.7578812,0 13.7241039,-10.7523556,0 13.7266512,-10.7502689,0 13.7343245,-10.7488413,0 13.7387285,-10.7458239,0 13.7412964,-10.7405673,0 13.743084,-10.739377,0 13.747528,-10.7310166,0 13.7551165,-10.7240953,0 13.7587069,-10.7223408,0 13.7637014,-10.7199001,0 13.7699528,-10.71457,0 13.7729732,-10.7078501,0 13.775651,-10.7037001,0 13.7795095,-10.6931849,0 13.778293,-10.6893803,0 13.7783937,-10.6882868,0 13.7747784,-10.6692133,0 13.7668152,-10.6574965,0 13.7613869,-10.6495094,0 13.7577245,-10.6450789,0 13.7565651,-10.6423588,0 13.7415142,-10.6239157,0 13.7364233,-10.61931,0 13.728549,-10.6097841,0 13.7123804,-10.5902185,0 13.6535778,-10.5231562,0 13.6470299,-10.5106497,0 13.6420488,-10.5011368,0 13.6298475,-10.486268,0 13.6230736,-10.4780092,0 13.5919657,-10.447587,0 13.5578566,-10.4214411,0 13.5440229,-10.4079658,0 13.5415039,-10.4043474,0 13.5370636,-10.390913,0 13.5346527,-10.3814306,0 13.5421104,-10.3763971,0 13.548831,-10.3632355,0 13.5487633,-10.3519478,0 13.5468737,-10.3452784,0 13.5467319,-10.3436203,0 13.5465233,-10.3429979,0 13.5486879,-10.338501,0 13.5405302,-10.3124247,0 13.5340796,-10.293663,0 13.5321812,-10.2877157,0 13.5298662,-10.2804632,0 13.5166588,-10.2643557,0 13.501792,-10.2507524,0 13.4949995,-10.245078,0 13.4950562,-10.244977,0 13.4985428,-10.2451887,0 13.521452,-10.2681122,0 13.5260706,-10.2698793,0 13.5226133,-10.2633687,0 13.5229254,-10.2637672,0 13.535368,-10.2688065,0 13.5235386,-10.2534122,0 13.5130444,-10.2419538,0 13.5041313,-10.233285,0 13.4970102,-10.229023,0 13.4921846,-10.2243389,0 13.4798717,-10.2123871,0 13.4719791,-10.1975174,0 13.4626884,-10.1830854,0 13.4594167,-10.1757898,0 13.4602928,-10.1745367,0 13.4615831,-10.1694241,0 13.4584894,-10.1659822,0 13.455729,-10.1599315,0 13.4559422,-10.1530342,0 13.4496517,-10.1395721,0 13.4468381,-10.1317196,0 13.4465799,-10.1292906,0 13.4452393,-10.1272578,0 13.4447546,-10.125905,0 13.4429922,-10.1238505,0 13.4393225,-10.1182861,0 13.4307905,-10.1098155,0 13.429944,-10.1088467,0 13.4283972,-10.103756,0 13.4153824,-10.0908737,0 13.4107056,-10.0779009,0 13.3977642,-10.0785909,0 13.3900909,-10.0736752,0 13.3769608,-10.0605497,0 13.3658199,-10.0494108,0 13.3616431,-10.0438807,0 13.3617363,-10.0374784,0 13.3602209,-10.0303144,0 13.3595486,-10.029661,0 13.3575706,-10.0246096,0 13.3539353,-10.0207391,0 13.3466005,-10.0129299,0 13.3418255,-10.0089086,0 13.3356466,-10.0006609,0 13.3223839,-9.9893856,0 13.3137798,-9.978290599999999,0 13.3141594,-9.977199600000001,0 13.3301678,-9.972174600000001,0 13.3391857,-9.968112899999999,0 13.3442669,-9.963028899999999,0 13.3454771,-9.9568806,0 13.3469849,-9.9492159,0 13.3446121,-9.9386463,0 13.3237265,-9.906685599999999,0 13.3225943,-9.900520500000001,0 13.3212347,-9.893117,0 13.3181018,-9.87477,0 13.3192148,-9.869995100000001,0 13.3189468,-9.8624077,0 13.3082666,-9.845099400000001,0 13.2781283,-9.7962411,0 13.2698517,-9.7828236,0 13.2525826,-9.7601318,0 13.2388703,-9.7446611,0 13.2321234,-9.734602900000001,0 13.2244055,-9.728338300000001,0 13.2211123,-9.7246218,0 13.2082844,-9.7081184,0 13.2052003,-9.7013999,0 13.2048588,-9.700532900000001,0 13.2021732,-9.694273000000001,0 13.2016656,-9.6929558,0 13.1993589,-9.6821699,0 13.2016167,-9.6776424,0 13.2018871,-9.6771002,0 13.216238,-9.6712904,0 13.220149,-9.668914600000001,0 13.2303438,-9.662721599999999,0 13.2358818,-9.6569471,0 13.2404823,-9.648649199999999,0 13.241287,-9.6440378,0 13.243022,-9.6414957,0 13.2420938,-9.639413899999999,0 13.2422895,-9.6382923,0 13.2415552,-9.629558599999999,0 13.2364035,-9.6178522,0 13.2292105,-9.6051597,0 13.2277879,-9.602649299999999,0 13.2179432,-9.5852776,0 13.2036536,-9.5664067,0 13.2033542,-9.565467699999999,0 13.1984529,-9.5500946,0 13.1985177,-9.549917799999999,0 13.2013292,-9.5494757,0 13.2031727,-9.546938900000001,0 13.2026834,-9.541193,0 13.2021285,-9.5393858,0 13.2022002,-9.538470999999999,0 13.2065754,-9.530139,0 13.2072496,-9.525305700000001,0 13.2042027,-9.5175018,0 13.2032406,-9.516044600000001,0 13.2026224,-9.5146151,0 13.1959352,-9.499163599999999,0 13.1852741,-9.4847126,0 13.1829374,-9.481738099999999,0 13.1817913,-9.479423499999999,0 13.17945,-9.4733772,0 13.1766367,-9.466110199999999,0 13.1766723,-9.450648899999999,0 13.1795464,-9.448238399999999,0 13.1801987,-9.4346628,0 13.1797724,-9.415544499999999,0 13.1731067,-9.401536399999999,0 13.1728783,-9.3996773,0 13.169322,-9.381286599999999,0 13.162075,-9.364772800000001,0 13.1619833,-9.3644842,0 13.1587887,-9.3544397,0 13.1590023,-9.350070000000001,0 13.1559525,-9.340657200000001,0 13.1481152,-9.329916000000001,0 13.1389766,-9.3173914,0 13.1381845,-9.315628999999999,0 13.1257358,-9.2968218,0 13.1030388,-9.2553406,0 13.0894404,-9.227595300000001,0 13.0813332,-9.2110538,0 13.0756006,-9.2030897,0 13.0704294,-9.1959049,0 13.0631809,-9.1858339,0 13.0438528,-9.1551008,0 13.0039577,-9.098716700000001,0 13.0086985,-9.094371499999999,0 13.0132971,-9.0901566,0 13.0183973,-9.093127300000001,0 13.0203971,-9.0920589,0 13.021862,-9.091276199999999,0 13.0246191,-9.0859785,0 13.0259708,-9.080613100000001,0 13.028039,-9.072403899999999,0 13.034299,-9.066331099999999,0 13.0380777,-9.0626655,0 13.0430222,-9.057869,0 13.0435545,-9.0574847,0 13.0522375,-9.0512166,0 13.0529423,-9.0507078,0 13.0530668,-9.050516200000001,0 13.0593824,-9.040799099999999,0 13.063552,-9.0316812,0 13.0664037,-9.025445100000001,0 13.0786505,-8.9986639,0 13.0803413,-8.997139900000001,0 13.0887384,-8.976330799999999,0 13.0997601,-8.9562922,0 13.1043644,-8.951217700000001,0 13.1154594,-8.949795699999999,0 13.1233253,-8.9504538,0 13.1284539,-8.9529274,0 13.1351433,-8.9561539,0 13.1418514,-8.9565868,0 13.1447088,-8.955068900000001,0 13.1459085,-8.956161099999999,0 13.1516205,-8.960417700000001,0 13.1577248,-8.9640971,0 13.1604995,-8.9654189,0 13.1614502,-8.9664723,0 13.1667154,-8.971265000000001,0 13.1724279,-8.9755214,0 13.1785327,-8.979200499999999,0 13.1849709,-8.982266900000001,0 13.1916805,-8.984691,0 13.1985968,-8.986449500000001,0 13.2056533,-8.9875253,0 13.212782,-8.9879082,0 13.2199141,-8.987594400000001,0 13.2199162,-8.987594100000001,0 13.223288,-8.9932491,0 13.227513,-8.9989705,0 13.2276391,-8.999110200000001,0 13.2279695,-8.999557599999999,0 13.2327384,-9.0048397,0 13.2380052,-9.009631600000001,0 13.2437193,-9.013887199999999,0 13.2498256,-9.017565400000001,0 13.2562652,-9.020630799999999,0 13.2629762,-9.0230538,0 13.2637837,-9.023258999999999,0 13.2640783,-9.0233653,0 13.270996,-9.025122700000001,0 13.2780537,-9.0261973,0 13.2851835,-9.026579,0 13.2923165,-9.0262639,0 13.2993842,-9.0252552,0 13.3063183,-9.023562500000001,0 13.3130521,-9.021202199999999,0 13.3195206,-9.018197000000001,0 13.3256616,-9.014575799999999,0 13.3314158,-9.0103735,0 13.3367279,-9.0056306,0 13.3415467,-9.0003929,0 13.3458257,-8.994710700000001,0 13.3495238,-8.9886388,0 13.3526053,-8.9822358,0 13.3550406,-8.975563299999999,0 13.3568063,-8.968685499999999,0 13.3569625,-8.967669799999999,0 13.3570365,-8.9673815,0 13.3581156,-8.960364800000001,0 13.3584977,-8.9532767,0 13.3581792,-8.946185399999999,0 13.3571632,-8.939159399999999,0 13.3554595,-8.932266200000001,0 13.3530847,-8.925572300000001,0 13.3500615,-8.919142000000001,0 13.3470018,-8.9140139,0 13.3515635,-8.9118932,0 13.3577023,-8.9082711,0 13.3634543,-8.904067899999999,0 13.3687643,-8.899324200000001,0 13.373581,-8.8940857,0 13.377858,-8.8884028,0 13.3815543,-8.8823303,0 13.384634,-8.875926700000001,0 13.3870677,-8.8692537,0 13.388832,-8.862375500000001,0 13.3899098,-8.855358499999999,0 13.3902908,-8.8482702,0 13.3899714,-8.8411788,0 13.3898037,-8.8400198,0 13.3955925,-8.8397618,0 13.4026565,-8.8387504,0 13.4029331,-8.838682800000001,0 13.4029568,-8.8386794,0 13.4098871,-8.836983999999999,0 13.4166169,-8.8346211,0 13.4230814,-8.8316132,0 13.4292182,-8.8279896,0 13.4349682,-8.8237849,0 13.4402761,-8.819039800000001,0 13.4402791,-8.8190366,0 13.4402848,-8.819031499999999,0 13.4450994,-8.8137916,0 13.4493744,-8.8081075,0 13.4530685,-8.802034000000001,0 13.4561462,-8.795629399999999,0 13.458578,-8.7889556,0 13.4603403,-8.7820768,0 13.4614163,-8.775059199999999,0 13.4617956,-8.767970500000001,0 13.4614746,-8.760878999999999,0 13.4604565,-8.7538529,0 13.4587511,-8.7469599,0 13.4563748,-8.740266500000001,0 13.4533507,-8.7338369,0 13.4497077,-8.727733199999999,0 13.4454811,-8.7220142,0 13.4452958,-8.7218091,0 13.4452593,-8.7217597,0 13.4404897,-8.716480300000001,0 13.4352232,-8.711691399999999,0 13.4295104,-8.7074392,0 13.4234064,-8.7037645,0 13.4169698,-8.700702700000001,0 13.4102628,-8.6982833,0 13.4092245,-8.6980199,0 13.4092875,-8.697712900000001,0 13.413764,-8.6759129,0 13.4151268,-8.660105700000001,0 13.4157257,-8.6531544,0 13.4141937,-8.6404485,0 13.4140368,-8.639146800000001,0 13.413823,-8.638640199999999,0 13.411231,-8.6324968,0 13.4048523,-8.627373,0 13.4024181,-8.6254177,0 13.4008413,-8.623262799999999,0 13.3982306,-8.6196947,0 13.3967037,-8.6190227,0 13.3915176,-8.616740200000001,0 13.3882637,-8.6128502,0 13.3859034,-8.602751700000001,0 13.373558,-8.5819025,0 13.3705428,-8.5686032,0 13.3704882,-8.568362199999999,0 13.371912,-8.5495796,0 13.365572,-8.5247183,0 13.3623581,-8.512110699999999,0 13.3574591,-8.5020256,0 13.3578882,-8.496290800000001,0 13.3585424,-8.4875469,0 13.3526756,-8.4763777,0 13.3475885,-8.4666929,0 13.3519526,-8.461847300000001,0 13.3563375,-8.4615974,0 13.3637333,-8.463399900000001,0 13.3780108,-8.4706926,0 13.3815546,-8.4725027,0 13.38307,-8.469601600000001,0 13.3977175,-8.4754305,0 13.4126847,-8.481297400000001,0 13.4207916,-8.484475099999999,0 13.4240857,-8.4891258,0 13.4251477,-8.490625100000001,0 13.4326944,-8.501279800000001,0 13.4404259,-8.524278600000001,0 13.4533373,-8.546155600000001,0 13.4550953,-8.5491343,0 13.4620411,-8.5535911,0 13.4780788,-8.5638819,0 13.505208,-8.5741444,0 13.5087675,-8.574621499999999,0 13.5353518,-8.578185100000001,0 13.548306,-8.5786795,0 13.5672874,-8.579403900000001,0 13.5974522,-8.5822973,0 13.6253424,-8.5822868,0 13.6433678,-8.5815058,0 13.6508951,-8.580561599999999,0 13.6590872,-8.5795355,0 13.6873779,-8.5903749,0 13.717411,-8.601248699999999,0 13.7478685,-8.621833799999999,0 13.7538206,-8.6298777,0 13.7577484,-8.635185999999999,0 13.7740211,-8.657177900000001,0 13.8016672,-8.6725645,0 13.8199997,-8.688909499999999,0 13.8158674,-8.6928263,0 13.7989521,-8.696494100000001,0 13.7785492,-8.700094200000001,0 13.7523918,-8.7001524,0 13.7411098,-8.679373699999999,0 13.7357453,-8.671162900000001,0 13.7309055,-8.663755399999999,0 13.7164183,-8.6611862,0 13.6850634,-8.659422899999999,0 13.6731103,-8.659856400000001,0 13.66471,-8.660161,0 13.6516056,-8.6444817,0 13.6325312,-8.6383896,0 13.617979,-8.6398115,0 13.6152311,-8.6389619,0 13.5942755,-8.6324825,0 13.5674362,-8.633039500000001,0 13.5653124,-8.661020300000001,0 13.5679267,-8.6681112,0 13.5769787,-8.6926632,0 13.5824192,-8.701313300000001,0 13.5871649,-8.7088585,0 13.5978661,-8.729061099999999,0 13.6056242,-8.7514877,0 13.6198454,-8.7700491,0 13.6381741,-8.7864056,0 13.6565723,-8.7987652,0 13.6699639,-8.8058806,0 13.6725954,-8.807278800000001,0 13.6744385,-8.8082581,0 13.6980906,-8.8195782,0 13.7133536,-8.822327100000001,0 13.7230206,-8.8240681,0 13.7478657,-8.833693500000001,0 13.7700221,-8.840306099999999,0 13.7744865,-8.8416386,0 13.8026934,-8.859321599999999,0 13.8158607,-8.8721418,0 13.8376675,-8.890268300000001,0 13.8502111,-8.9059305,0 13.8604061,-8.9340048,0 13.861907,-8.938138,0 13.8671956,-8.945539399999999,0 13.8755617,-8.9572477,0 13.8864892,-8.9760592,0 13.8936787,-8.9884357,0 13.9038296,-9.008619299999999,0 13.9185629,-9.0334606,0 13.9321241,-9.0588484,0 13.9480141,-9.085839,0 13.9478802,-9.0857756,0 13.9411616,-9.0833643,0 13.9409079,-9.083300400000001,0 13.940091,-9.082913400000001,0 13.9333725,-9.0805019,0 13.9264487,-9.078756500000001,0 13.9193861,-9.0776939,0 13.9122528,-9.0773244,0 13.9051175,-9.077651400000001,0 13.8987443,-9.078571500000001,0 13.8961251,-9.0786915,0 13.8928549,-9.0791635,0 13.8927143,-9.0791424,0 13.8855811,-9.078772300000001,0 13.8784457,-9.0790989,0 13.872229,-9.0799959,0 13.869508,-9.080120300000001,0 13.8624391,-9.081140100000001,0 13.8591652,-9.081944399999999,0 13.8580943,-9.0818888,0 13.8509589,-9.0822147,0 13.8442308,-9.083185,0 13.8385413,-9.0797709,0 13.8368479,-9.0789682,0 13.8351082,-9.0779242,0 13.8301123,-9.075556000000001,0 13.8281142,-9.0743569,0 13.8216672,-9.0713007,0 13.81495,-9.0688871,0 13.8102232,-9.0676939,0 13.8088327,-9.067194300000001,0 13.8027659,-9.065662700000001,0 13.802732,-9.0656319,0 13.7970093,-9.061383899999999,0 13.7908953,-9.0577138,0 13.784449,-9.054657000000001,0 13.7777324,-9.0522429,0 13.7708102,-9.0504947,0 13.7637491,-9.049429200000001,0 13.7566169,-9.0490567,0 13.7564015,-9.0490665,0 13.7509424,-9.047687399999999,0 13.7438814,-9.0466216,0 13.7367494,-9.0462487,0 13.7296149,-9.046572400000001,0 13.7269996,-9.046948799999999,0 13.7227751,-9.0458812,0 13.7157143,-9.0448149,0 13.7155008,-9.044803699999999,0 13.7124293,-9.044027399999999,0 13.7053686,-9.042960900000001,0 13.6982367,-9.042587299999999,0 13.6911024,-9.0429102,0 13.6840342,-9.043926600000001,0 13.6771003,-9.0456266,0 13.6703673,-9.047993999999999,0 13.6639001,-9.0510058,0 13.6577609,-9.0546331,0 13.6520088,-9.058840999999999,0 13.6466992,-9.063588899999999,0 13.6418832,-9.0688312,0 13.6376072,-9.074517500000001,0 13.6339123,-9.0805928,0 13.6308343,-9.086998899999999,0 13.6284026,-9.093673900000001,0 13.6266409,-9.100553700000001,0 13.625566,-9.107571999999999,0 13.6251884,-9.114661099999999,0 13.6255118,-9.121752900000001,0 13.626533,-9.128779099999999,0 13.6282423,-9.135672,0 13.6306233,-9.142365099999999,0 13.6336531,-9.1487941,0 13.6373024,-9.154897,0 13.6415363,-9.160615,0 13.6463139,-9.1658931,0 13.6515893,-9.170680300000001,0 13.6573115,-9.1749306,0 13.6634257,-9.178603000000001,0 13.6698727,-9.1816621,0 13.6765906,-9.184078400000001,0 13.6835146,-9.1858287,0 13.6905779,-9.1868961,0 13.6907914,-9.1869072,0 13.6938641,-9.1876839,0 13.7009275,-9.188751,0 13.7080622,-9.189125000000001,0 13.7151995,-9.1888021,0 13.7178158,-9.188426,0 13.7212784,-9.189300899999999,0 13.7268164,-9.1934124,0 13.7329317,-9.1970838,0 13.7393798,-9.200141800000001,0 13.7460987,-9.202556899999999,0 13.7530235,-9.204306000000001,0 13.7600876,-9.205372000000001,0 13.7663774,-9.2057007,0 13.7714607,-9.208110899999999,0 13.7716737,-9.2081874,0 13.7746727,-9.209609199999999,0 13.77625,-9.211039400000001,0 13.7819746,-9.215287999999999,0 13.7880909,-9.218958600000001,0 13.79454,-9.2220157,0 13.8012598,-9.224429900000001,0 13.8081855,-9.226178000000001,0 13.8152503,-9.227243,0 13.8223862,-9.2276148,0 13.8248763,-9.227501500000001,0 13.8255196,-9.2276638,0 13.8325846,-9.2287286,0 13.8397206,-9.229100000000001,0 13.8468589,-9.228774599999999,0 13.8539308,-9.227755500000001,0 13.8589669,-9.2265192,0 13.8647708,-9.226254300000001,0 13.8718426,-9.225234800000001,0 13.8751178,-9.2244306,0 13.8761891,-9.224486199999999,0 13.8833274,-9.224160100000001,0 13.8871973,-9.223602,0 13.8873224,-9.223620800000001,0 13.8910293,-9.2238132,0 13.8925753,-9.2249599,0 13.8939683,-9.2257952,0 13.8940327,-9.225853600000001,0 13.8997592,-9.230100500000001,0 13.9058329,-9.233742599999999,0 13.9075265,-9.234998600000001,0 13.9136447,-9.2386672,0 13.9200955,-9.2417222,0 13.9268168,-9.2441342,0 13.9337437,-9.24588,0 13.9408096,-9.2469427,0 13.9479464,-9.247312000000001,0 13.9550852,-9.2469845,0 13.9621573,-9.2459633,0 13.9690946,-9.2442581,0 13.9743548,-9.2424052,0 13.9812107,-9.26826,0 13.9878569,-9.290091500000001,0 13.9960039,-9.3117891,0 13.9973612,-9.3154039,0 14.0091782,-9.3419018,0 14.0186777,-9.3677855,0 14.0306854,-9.3822908,0 14.040885,-9.400761599999999,0 14.0575724,-9.414209400000001,0 14.0659367,-9.421287100000001,0 14.0748272,-9.4288101,0 14.0766084,-9.430168200000001,0 14.0771313,-9.430566799999999,0 14.0789502,-9.441178600000001,0 14.0819445,-9.4586468,0 14.085104,-9.4804134,0 14.0866156,-9.4958668,0 14.0866903,-9.5019825,0 14.086874,-9.5170078,0 14.0761471,-9.532235099999999,0 14.0901613,-9.54106,0 14.0957747,-9.5445948,0 14.1137547,-9.5562948,0 14.1165533,-9.558116,0 14.1284316,-9.5640204,0 14.1356449,-9.567606,0 14.1468333,-9.573786800000001,0 14.1570358,-9.579423,0 14.1736774,-9.5968637,0 14.1816053,-9.612432500000001,0 14.185803,-9.6146648,0 14.1940768,-9.619064699999999,0 14.1960649,-9.620122,0 14.2126302,-9.615035199999999,0 14.2171526,-9.6136465,0 14.2225725,-9.606141900000001,0 14.2248907,-9.602931999999999,0 14.2385683,-9.5848961,0 14.2510023,-9.571979499999999,0 14.2656489,-9.5595342,0 14.2681227,-9.557432199999999,0 14.288105,-9.546364799999999,0 14.306157,-9.542374300000001,0 14.3070526,-9.5364629,0 14.3092424,-9.5278577,0 14.3122713,-9.519507000000001,0 14.31611,-9.511491100000001,0 14.3207214,-9.503887199999999,0 14.3260612,-9.496768599999999,0 14.3277149,-9.4949642,0 14.3259264,-9.495595700000001,0 14.3172498,-9.4977354,0 14.3084036,-9.499020399999999,0 14.2994732,-9.499438100000001,0 14.2905446,-9.4989846,0 14.2817038,-9.497664199999999,0 14.2730361,-9.4954897,0 14.2646249,-9.4924821,0 14.2565514,-9.488670300000001,0 14.2488933,-9.484090999999999,0 14.2417244,-9.4787885,0 14.2351137,-9.4728137,0 14.229125,-9.4662244,0 14.2238158,-9.4590838,0 14.2192374,-9.451461,0 14.2162344,-9.445119999999999,0 14.2158381,-9.444761700000001,0 14.2098502,-9.438172099999999,0 14.2045418,-9.431031300000001,0 14.1999642,-9.4234083,0 14.1995259,-9.4224826,0 14.1965139,-9.4191675,0 14.1912061,-9.412026600000001,0 14.1866289,-9.4044034,0 14.1828264,-9.3963714,0 14.1798352,-9.3880079,0 14.1776839,-9.379393500000001,0 14.1763933,-9.370611200000001,0 14.1759757,-9.3617455,0 14.176435,-9.3528819,0 14.1777669,-9.3441057,0 14.1799583,-9.335501300000001,0 14.1829881,-9.3271517,0 14.1868272,-9.3191372,0 14.1914384,-9.311534999999999,0 14.1967774,-9.3044183,0 14.2027928,-9.297855500000001,0 14.2094265,-9.291909800000001,0 14.2166148,-9.2866385,0 14.2242883,-9.2820923,0 14.2323734,-9.278314999999999,0 14.240792,-9.2753429,0 14.2494633,-9.2732046,0 14.2583038,-9.271920700000001,0 14.2600713,-9.2718381,0 14.2433529,-9.262800199999999,0 14.2386502,-9.257079900000001,0 14.2351704,-9.252847300000001,0 14.2249648,-9.2404335,0 14.2232445,-9.238340900000001,0 14.2204733,-9.2349701,0 14.2097425,-9.2229756,0 14.1981392,-9.210005799999999,0 14.1837708,-9.180687499999999,0 14.177803,-9.168510400000001,0 14.1772575,-9.1273766,0 14.170884,-9.100660599999999,0 14.1695952,-9.095258299999999,0 14.1681267,-9.0891026,0 14.1668568,-9.0837793,0 14.1583068,-9.0415423,0 14.1554842,-9.0275984,0 14.1491686,-9.0168401,0 14.1398855,-9.001026899999999,0 14.1276932,-8.980257999999999,0 14.1025114,-8.9529514,0 14.0944292,-8.94693,0 14.0789299,-8.935382799999999,0 14.0682897,-8.924266599999999,0 14.0588932,-8.9144497,0 14.0439046,-8.8987485,0 14.0405779,-8.895263699999999,0 14.0355526,-8.8889789,0 14.0257425,-8.8767099,0 14.0097876,-8.8575087,0 14.0040503,-8.8506041,0 13.983489,-8.8268042,0 13.9806215,-8.824334800000001,0 13.9611139,-8.8075361,0 13.9531636,-8.800924,0 13.9304204,-8.782008899999999,0 13.9266825,-8.7789001,0 13.9094143,-8.767898600000001,0 13.9096632,-8.752306900000001,0 13.9094843,-8.7498842,0 13.9082279,-8.7328644,0 13.9005585,-8.7035933,0 13.8928967,-8.673753700000001,0 13.8846683,-8.6496137,0 13.882905,-8.644440700000001,0 13.8769264,-8.618629500000001,0 13.8720093,-8.5991211,0 13.8696038,-8.5687438,0 13.8691111,-8.562521,0 13.866737,-8.5515539,0 13.8666182,-8.551005200000001,0 13.861787,-8.5286876,0 13.8615398,-8.5275459,0 13.8499823,-8.4945027,0 13.8498783,-8.4942055,0 13.8410311,-8.466628099999999,0 13.8311787,-8.429327000000001,0 13.8223451,-8.406961799999999,0 13.8259704,-8.4060691,0 13.8326908,-8.4036972,0 13.8391452,-8.400680599999999,0 13.8452715,-8.3970485,0 13.8510106,-8.3928358,0 13.8563074,-8.388083200000001,0 13.8611107,-8.382836299999999,0 13.8653744,-8.377145799999999,0 13.8690572,-8.3710664,0 13.8721239,-8.364656800000001,0 13.8745449,-8.3579787,0 13.8762969,-8.351096399999999,0 13.877363,-8.3440762,0 13.877733,-8.3369857,0 13.8774034,-8.3298933,0 13.8763775,-8.3228671,0 13.874665,-8.315975,0 13.8722826,-8.309283199999999,0 13.8692533,-8.302856200000001,0 13.8656061,-8.296755900000001,0 13.8613764,-8.291041099999999,0 13.8566047,-8.285766600000001,0 13.8513372,-8.2809834,0 13.8456245,-8.276737499999999,0 13.8395216,-8.273069599999999,0 13.8330872,-8.270015300000001,0 13.8263835,-8.2676037,0 13.8194748,-8.2658583,0 13.8124277,-8.264795599999999,0 13.80531,-8.2644261,0 13.7981902,-8.2647531,0 13.7981837,-8.264754,0 13.7979427,-8.2647651,0 13.7908894,-8.265785599999999,0 13.7839704,-8.2674898,0 13.7772523,-8.269861199999999,0 13.7707999,-8.2728769,0 13.7646752,-8.276508099999999,0 13.7641449,-8.2768973,0 13.7515593,-8.256504100000001,0 13.7443609,-8.2419446,0 13.7324638,-8.217881200000001,0 13.7202346,-8.192207700000001,0 13.7195625,-8.1907969,0 13.6901503,-8.1451197,0 13.671031,-8.108779,0 13.6428499,-8.0596991,0 13.6135387,-8.009454699999999,0 13.598711,-7.9870166,0 13.5863991,-7.968385700000001,0 13.5721099,-7.9449626,0 13.558197,-7.9221563,0 13.5144863,-7.8681912,0 13.5007603,-7.8455715,0 13.4837774,-7.8175844,0 13.4829273,-7.8161836,0 13.4600706,-7.7974515,0 13.4393749,-7.787893299999999,0 13.4129677,-7.7736497,0 13.3954325,-7.7493176,0 13.37102,-7.7226685,0 13.3698521,-7.7213936,0 13.3596306,-7.709766900000001,0 13.3439128,-7.7003787,0 13.3269558,-7.6902504,0 13.3091669,-7.6807446,0 13.2713909,-7.6554089,0 13.2352943,-7.633527300000001,0 13.2111883,-7.5896478,0 13.212184,-7.566848299999999,0 13.2094676,-7.558466100000001,0 13.2023163,-7.5363989,0 13.2010269,-7.5118384,0 13.194582,-7.484315399999999,0 13.1794271,-7.4583173,0 13.1590481,-7.4333467,0 13.1421528,-7.407879799999999,0 13.1299419,-7.379663900000001,0 13.1196955,-7.3570598,0 13.1127062,-7.341640900000001,0 13.0927204,-7.305339500000001,0 13.0869598,-7.2948761,0 13.082294,-7.2875686,0 13.0611048,-7.2543831,0 13.05305,-7.2211256,0 13.0456,-7.199669,0 13.041138,-7.1868182,0 13.0398798,-7.1831946,0 13.0408225,-7.157874099999999,0 13.0409696,-7.1539239,0 13.0422134,-7.1205134,0 13.048645,-7.0858703,0 13.0486201,-7.0836082,0 13.0485862,-7.0805332,0 13.0484314,-7.0664768,0 13.0190992,-7.0584154,0 13.0165983,-7.061961299999999,0 13.0107832,-7.0702062,0 13.0058699,-7.0734277,0 13.0098953,-7.055930600000001,0 13.000844,-7.0454664,0 12.9953251,-7.031658200000001,0 12.9899015,-7.0127215,0 12.9855728,-6.9972291,0 12.9807291,-6.978304899999999,0 12.9753962,-6.9548082,0 12.9726474,-6.9491098,0 12.9687243,-6.940976599999999,0 12.970192,-6.9284654,0 12.955677,-6.9281411,0 12.9499156,-6.9295963,0 12.9411612,-6.931807500000001,0 12.9367521,-6.9306999,0 12.9250927,-6.9277711,0 12.9425688,-7.019345800000001,0 12.9395091,-7.065233,0 12.9382963,-7.0834217,0 12.9381306,-7.086901500000001,0 12.9340248,-7.173128599999999,0 12.9310168,-7.1791443,0 12.9157002,-7.2097762,0 12.9095943,-7.2219873,0 12.9083939,-7.2243881,0 12.8978304,-7.237065200000001,0 12.8870363,-7.250019100000001,0 12.8693205,-7.2709487,0 12.8615742,-7.2801003,0 12.8594551,-7.278146699999999,0 12.8550835,-7.2707939,0 12.8507128,-7.2475896,0 12.850958,-7.2467484,0 12.8544903,-7.2395344,0 12.8542065,-7.2356066,0 12.8543959,-7.2349572,0 12.8538674,-7.230912,0 12.8537611,-7.2294411,0 12.8550873,-7.2239304,0 12.8534104,-7.2179985,0 12.8533659,-7.2128134,0 
						</coordinates>
					</LinearRing>
				</outerBoundaryIs>
				<innerBoundaryIs>
					<LinearRing>
						<coordinates>
							16.1499977,-17.3842716,0 16.1732655,-17.3673496,0 16.1923027,-17.3504276,0 16.1959686,-17.3228397,0 16.1903248,-17.2830448,0 16.182766,-17.2574158,0 16.1770668,-17.2244263,0 16.1755905,-17.1875076,0 16.1842289,-17.1569462,0 16.1935806,-17.1127605,0 16.1992569,-17.0781841,0 16.2016705,-17.0720681,0 16.2133141,-17.0425644,0 16.2277771,-17.0006059,0 16.2304764,-16.992775,0 16.2582817,-16.9561634,0 16.2932243,-16.9230289,0 16.3192177,-16.8869534,0 16.3338013,-16.8570023,0 16.3353996,-16.807024,0 16.3261127,-16.7734013,0 16.3139248,-16.729517,0 16.3059292,-16.6845379,0 16.3283691,-16.6421566,0 16.3638573,-16.6095715,0 16.4004631,-16.585516,0 16.4549713,-16.5616417,0 16.5071297,-16.5314808,0 16.559227,-16.508131,0 16.625068,-16.4699566,0 16.6257477,-16.4695625,0 16.698246,-16.426487,0 16.7359982,-16.4018288,0 16.7600994,-16.3656654,0 16.7729111,-16.3220005,0 16.741457,-16.2983913,0 16.7103901,-16.3066273,0 16.687149,-16.3084715,0 16.6656342,-16.3101788,0 16.6634935,-16.3110461,0 16.63274,-16.3235073,0 16.6290889,-16.3259831,0 16.6087666,-16.3397636,0 16.5746746,-16.3525047,0 16.5125217,-16.3683701,0 16.4617157,-16.3814964,0 16.4263668,-16.4010296,0 16.3569908,-16.4224739,0 16.3125948,-16.4472617,0 16.2959132,-16.4565755,0 16.2827988,-16.4638977,0 16.2862377,-16.464922,0 16.287823,-16.4652191,0 16.3214269,-16.4715181,0 16.3344994,-16.4739685,0 16.3642597,-16.4839516,0 16.3792263,-16.4909788,0 16.3939877,-16.4979095,0 16.3867245,-16.5130128,0 16.378212,-16.530714,0 16.3359614,-16.5635843,0 16.3277569,-16.5699673,0 16.2755966,-16.5972538,0 16.2251263,-16.6353474,0 16.1948242,-16.6878643,0 16.1794758,-16.7365646,0 16.1771559,-16.7619443,0 16.1748581,-16.7870827,0 16.1594028,-16.8471336,0 16.1487961,-16.8987103,0 16.1418209,-16.9446449,0 16.1420116,-16.9912205,0 16.1322231,-17.0166683,0 16.1086769,-17.0425243,0 16.0762482,-17.058054,0 16.0487569,-17.0687295,0 16.0336437,-17.0745983,0 16.0299668,-17.0741669,0 15.9960089,-17.0701828,0 15.9736586,-17.0943356,0 15.9858355,-17.124232,0 15.991786,-17.1388416,0 15.9978342,-17.1962566,0 16.0176828,-17.2211462,0 16.0179424,-17.2214718,0 16.0180673,-17.2220927,0 16.0259552,-17.2613049,0 16.032828,-17.2800375,0 16.0399685,-17.2994995,0 16.0421181,-17.3313885,0 16.059042,-17.3567734,0 16.0780773,-17.3694649,0 16.1055775,-17.3863869,0 16.1246166,-17.3944073,0 16.1499977,-17.3842716,0 
						</coordinates>
					</LinearRing>
					<LinearRing>
						<coordinates>
							14.2683697,-10.843585,0 14.2787966,-10.8332641,0 14.2808466,-10.8312349,0 14.2834234,-10.8152819,0 14.2798403,-10.8037016,0 14.2795124,-10.8026419,0 14.279734,-10.8024501,0 14.2937431,-10.7903233,0 14.2938961,-10.7799536,0 14.2939453,-10.7766132,0 14.2813152,-10.7638744,0 14.2772207,-10.7597446,0 14.272192,-10.7436562,0 14.2731895,-10.7156754,0 14.2701044,-10.6870508,0 14.273457,-10.6621358,0 14.2747068,-10.6528473,0 14.2736081,-10.6233359,0 14.2734509,-10.619113,0 14.2785435,-10.5912027,0 14.279892,-10.5895842,0 14.2940254,-10.5726213,0 14.3062553,-10.5762672,0 14.3131628,-10.5838165,0 14.3185606,-10.57477,0 14.3112011,-10.5580683,0 14.3111366,-10.5571836,0 14.3097401,-10.538043,0 14.3122883,-10.5238037,0 14.3116233,-10.5124089,0 14.3111862,-10.5049168,0 14.3108864,-10.4997797,0 14.3082998,-10.5014056,0 14.2907527,-10.5124356,0 14.2879176,-10.5142177,0 14.2781067,-10.5203848,0 14.2609682,-10.5531711,0 14.258481,-10.557929,0 14.2405624,-10.5895004,0 14.2364692,-10.603826,0 14.2286158,-10.6313114,0 14.2251969,-10.6660715,0 14.2234964,-10.6833611,0 14.2183771,-10.7430916,0 14.2234964,-10.7968483,0 14.2234964,-10.8197424,0 14.2234964,-10.8787632,0 14.2269742,-10.8961532,0 14.2291553,-10.8956191,0 14.2380406,-10.8943391,0 14.2470101,-10.8939258,0 14.2559773,-10.8943831,0 14.2648562,-10.8957068,0 14.2666722,-10.896161,0 14.2620754,-10.873188,0 14.2683697,-10.843585,0 
						</coordinates>
					</LinearRing>
					<LinearRing>
						<coordinates>
							14.295598,-9.6316185,0 14.2784986,-9.644453,0 14.2707767,-9.654026999999999,0 14.2815256,-9.676499400000001,0 14.2960351,-9.6808912,0 14.2957585,-9.6750589,0 14.2962158,-9.666195,0 14.2975465,-9.6574183,0 14.2997376,-9.6488133,0 14.302768,-9.6404628,0 14.3066084,-9.6324472,0 14.3112219,-9.6248437,0 14.3153066,-9.619400799999999,0 14.3132343,-9.6216478,0 14.295598,-9.6316185,0 
						</coordinates>
					</LinearRing>
					<LinearRing>
						<coordinates>
							14.3010597,-9.736263299999999,0 14.287927,-9.7340462,0 14.2859316,-9.733709299999999,0 14.2737627,-9.728350600000001,0 14.2528896,-9.7199802,0 14.2326689,-9.7070475,0 14.2296669,-9.706138299999999,0 14.2106066,-9.700366000000001,0 14.1962995,-9.692626499999999,0 14.1811037,-9.684406299999999,0 14.1755718,-9.6809394,0 14.1660843,-9.674993499999999,0 14.1580524,-9.6662769,0 14.1532907,-9.664852099999999,0 14.1504126,-9.6701365,0 14.1500021,-9.680067899999999,0 14.1494923,-9.6924019,0 14.1505986,-9.7059151,0 14.1514597,-9.716432599999999,0 14.1488333,-9.7358084,0 14.1503143,-9.753545799999999,0 14.1620846,-9.785183,0 14.1693901,-9.8135984,0 14.1703491,-9.8173285,0 14.1706047,-9.8390436,0 14.1650352,-9.8600826,0 14.1601665,-9.8640299,0 14.1484938,-9.8734932,0 14.1450864,-9.8763001,0 14.1301737,-9.8885851,0 14.1262446,-9.8936414,0 14.1152916,-9.9077368,0 14.0984449,-9.9405661,0 14.0928459,-9.9493013,0 14.084691,-9.9620237,0 14.0804901,-9.9707902,0 14.0738344,-9.9846792,0 14.0652475,-10.0113745,0 14.0566177,-10.0409241,0 14.0503101,-10.0710897,0 14.0387383,-10.1017294,0 14.0343812,-10.114339,0 14.0283413,-10.1318188,0 14.0275128,-10.1334613,0 14.0174913,-10.1533289,0 13.9961596,-10.1752469,0 13.9901819,-10.1813889,0 13.9883222,-10.1834393,0 13.9830484,-10.1892538,0 13.9848188,-10.2097531,0 13.9850254,-10.2121458,0 13.9882135,-10.2322044,0 13.9907751,-10.2551088,0 13.9998331,-10.2735624,0 14.0047598,-10.2947969,0 14.0209293,-10.3070974,0 14.0270624,-10.3260679,0 14.0298848,-10.3281362,0 14.0374632,-10.3336897,0 14.0415955,-10.3404398,0 14.0462456,-10.3327103,0 14.04752,-10.3317081,0 14.067544,-10.3159618,0 14.0823183,-10.3053789,0 14.0921877,-10.2994419,0 14.097065,-10.2965078,0 14.1130478,-10.2929071,0 14.1228657,-10.2906952,0 14.141716,-10.2807541,0 14.1674633,-10.2783661,0 14.1770449,-10.2830849,0 14.1784694,-10.283046,0 14.1936419,-10.2826322,0 14.21383,-10.2820816,0 14.2317715,-10.2846441,0 14.2382298,-10.2855054,0 14.244586,-10.2863531,0 14.2488585,-10.2872076,0 14.2510525,-10.2876145,0 14.2575693,-10.2888231,0 14.2674255,-10.2755928,0 14.2829943,-10.2501593,0 14.2956638,-10.2229576,0 14.3083229,-10.1963253,0 14.3267101,-10.165806,0 14.3280783,-10.1635351,0 14.3495665,-10.131916,0 14.3589736,-10.1184461,0 14.3728247,-10.0986128,0 14.3908175,-10.0636001,0 14.391449,-10.0623713,0 14.4061632,-10.0134907,0 14.416151,-9.9820858,0 14.4215005,-9.9652653,0 14.4269447,-9.9481468,0 14.4282792,-9.917135699999999,0 14.428689,-9.9076118,0 14.4327814,-9.895491699999999,0 14.4390459,-9.8769388,0 14.4558172,-9.8463764,0 14.4778109,-9.8176174,0 14.4804344,-9.8124018,0 14.4946156,-9.784197799999999,0 14.5030329,-9.7695249,0 14.5071471,-9.7623532,0 14.5026661,-9.7630059,0 14.4956732,-9.7633364,0 14.4934447,-9.763886599999999,0 14.484592,-9.765175599999999,0 14.4756545,-9.7655975,0 14.4667184,-9.765148099999999,0 14.4578697,-9.7638318,0 14.4491939,-9.7616613,0 14.4428293,-9.7593906,0 14.4364301,-9.761649999999999,0 14.4277471,-9.7637921,0 14.4188943,-9.765079399999999,0 14.4133001,-9.7653424,0 14.4110339,-9.765671899999999,0 14.4039603,-9.766004300000001,0 14.4020611,-9.7662803,0 14.3931236,-9.7667,0 14.3841877,-9.7662485,0 14.3753395,-9.76493,0 14.3746111,-9.7647476,0 14.3689592,-9.763905299999999,0 14.3602841,-9.7617326,0 14.3518656,-9.758726599999999,0 14.3437848,-9.7549163,0 14.3361197,-9.750338599999999,0 14.328944,-9.745037399999999,0 14.3260994,-9.7424696,0 14.3120804,-9.7404575,0 14.3010597,-9.736263299999999,0 
						</coordinates>
					</LinearRing>
					<LinearRing>
						<coordinates>
							14.3885724,-9.4283082,0 14.3867668,-9.4354128,0 14.3837406,-9.443764399999999,0 14.3799043,-9.4517813,0 14.3752949,-9.459386,0 14.3699567,-9.4665055,0 14.3683033,-9.468310199999999,0 14.3700917,-9.4676785,0 14.3787673,-9.465537299999999,0 14.3876124,-9.4642505,0 14.3965419,-9.4638305,0 14.40547,-9.4642812,0 14.4087725,-9.464773299999999,0 14.3888865,-9.4287472,0 14.3885724,-9.4283082,0 
						</coordinates>
					</LinearRing>
					<LinearRing>
						<coordinates>
							16.1008682,-8.596041700000001,0 16.1018143,-8.621173900000001,0 16.1039867,-8.638899800000001,0 16.1125412,-8.6578407,0 16.1275692,-8.6671534,0 16.1449986,-8.667928699999999,0 16.1636791,-8.6578693,0 16.1823158,-8.6529455,0 16.1922359,-8.6479225,0 16.20331,-8.6440535,0 16.2155437,-8.6401968,0 16.222427,-8.6411213,0 16.229475,-8.642067900000001,0 16.242197,-8.6496353,0 16.2532196,-8.652043300000001,0 16.2717571,-8.659104299999999,0 16.2757111,-8.673422800000001,0 16.2755642,-8.691692400000001,0 16.2696285,-8.7070417,0 16.2485695,-8.723933199999999,0 16.2345314,-8.734622,0 16.2210426,-8.7493143,0 16.2005539,-8.770299899999999,0 16.1835022,-8.789994200000001,0 16.1995754,-8.814733500000001,0 16.2104855,-8.831417099999999,0 16.2230797,-8.855544099999999,0 16.2240696,-8.8766832,0 16.224432,-8.903526299999999,0 16.2230625,-8.928636600000001,0 16.2206116,-8.9440279,0 16.2151604,-8.9702339,0 16.2046204,-8.9786777,0 16.1852856,-8.995018,0 16.1630459,-9.0107508,0 16.1478672,-9.0168552,0 16.1267986,-9.0314569,0 16.1075706,-9.0346575,0 16.0948552,-9.040268299999999,0 16.083622,-9.0452251,0 16.0649738,-9.048429499999999,0 16.0589962,-9.0666332,0 16.0770035,-9.070274400000001,0 16.0928154,-9.0672839,0 16.0997353,-9.0659752,0 16.1137104,-9.064997699999999,0 16.1393375,-9.062442799999999,0 16.152729,-9.061456700000001,0 16.1631696,-9.063701500000001,0 16.1695747,-9.065078700000001,0 16.178215,-9.0754576,0 16.1734219,-9.091965699999999,0 16.1665955,-9.0954876,0 16.1682129,-9.097522700000001,0 16.1730213,-9.109192800000001,0 16.1993675,-9.1213903,0 16.2289124,-9.138290400000001,0 16.2561646,-9.151164100000001,0 16.2840157,-9.1623278,0 16.3171558,-9.1672668,0 16.3520012,-9.1779318,0 16.3606521,-9.1779732,0 16.3771172,-9.1780519,0 16.4131546,-9.1740274,0 16.451664,-9.1618748,0 16.4895515,-9.154851900000001,0 16.5026475,-9.154530100000001,0 16.5038113,-9.1545015,0 16.5221539,-9.1540508,0 16.5535603,-9.1578026,0 16.5814667,-9.1626577,0 16.6006241,-9.1702776,0 16.6250038,-9.180232999999999,0 16.6539764,-9.199940700000001,0 16.6771564,-9.2161636,0 16.706192,-9.2273006,0 16.7294712,-9.2286701,0 16.7466869,-9.221724500000001,0 16.7556782,-9.2277813,0 16.7846909,-9.2434797,0 16.8137417,-9.2534657,0 16.8387642,-9.255985300000001,0 16.86092,-9.251050899999999,0 16.8744545,-9.2271891,0 16.8814411,-9.227253899999999,0 16.9105816,-9.2223816,0 16.943243,-9.2123957,0 16.9619198,-9.203997599999999,0 16.9742165,-9.1915426,0 16.9806595,-9.1847467,0 16.9888668,-9.174539599999999,0 16.9958992,-9.1660357,0 16.9972019,-9.141489,0 17.0019493,-9.124969500000001,0 17.0049248,-9.1130028,0 17.0114288,-9.094785699999999,0 17.0149479,-9.0896759,0 17.0258032,-9.071304,0 17.029047,-9.065814,0 17.0345186,-9.06687,0 17.0383472,-9.0676088,0 17.0429096,-9.0847807,0 17.0393429,-9.098455400000001,0 17.0346184,-9.1109791,0 17.0304661,-9.125219299999999,0 17.0298042,-9.1400614,0 17.0285263,-9.1606112,0 17.0336628,-9.179501500000001,0 17.0294247,-9.2091627,0 17.0322437,-9.2257509,0 17.0344734,-9.2440462,0 17.0402184,-9.2583742,0 17.047274,-9.2747891,0 17.0505676,-9.2824516,0 17.0621319,-9.2979717,0 17.0719528,-9.3129063,0 17.0782661,-9.3300953,0 17.0764771,-9.3380756,0 17.0600624,-9.357924499999999,0 17.0588891,-9.3574129,0 17.0466976,-9.352097499999999,0 17.0210629,-9.3530169,0 17.0065269,-9.348321,0 16.985527,-9.3538456,0 16.9696541,-9.3799782,0 16.9823322,-9.4040804,0 16.9862881,-9.425820399999999,0 17.0071812,-9.4402838,0 17.0431843,-9.462303199999999,0 17.066412,-9.477354,0 17.0785465,-9.496308300000001,0 17.0953102,-9.522154799999999,0 17.0953228,-9.522182600000001,0 17.0969481,-9.521202199999999,0 17.1050024,-9.5173611,0 17.1133971,-9.514322,0 17.1220512,-9.512114199999999,0 17.1262637,-9.5114676,0 17.1228485,-9.4938269,0 17.1293869,-9.468750999999999,0 17.119606,-9.444679300000001,0 17.1114807,-9.438898999999999,0 17.0923233,-9.425599099999999,0 17.0936127,-9.402192100000001,0 17.1046084,-9.386615000000001,0 17.1100445,-9.378913900000001,0 17.1218109,-9.3567371,0 17.1254387,-9.331066099999999,0 17.1151314,-9.296711,0 17.0931931,-9.260542900000001,0 17.0758667,-9.234123200000001,0 17.0751582,-9.2312254,0 17.0678902,-9.201500899999999,0 17.0604115,-9.184874499999999,0 17.0622864,-9.160903899999999,0 17.0606022,-9.1494675,0 17.0659237,-9.1340933,0 17.0846348,-9.117692,0 17.0893581,-9.093185500000001,0 17.0900192,-9.0897551,0 17.0826092,-9.0605669,0 17.0659161,-9.026730499999999,0 17.0543919,-9.006073000000001,0 17.0340805,-8.9967585,0 17.0194664,-9.0091953,0 17.0088997,-9.026233700000001,0 17.0071259,-9.0313578,0 17.004118,-9.049035099999999,0 17.0026975,-9.0601322,0 17.0022926,-9.063295399999999,0 16.9987373,-9.0746851,0 16.9957523,-9.088365599999999,0 16.9921989,-9.099183999999999,0 16.9822617,-9.107091,0 16.9706516,-9.101847599999999,0 16.9637623,-9.085225100000001,0 16.9609489,-9.0686388,0 16.9674492,-9.050993,0 16.973575,-9.0391549,0 16.9756851,-9.035077100000001,0 16.983345,-9.018013,0 16.9875145,-9.0009184,0 16.9853287,-8.9757719,0 16.9713326,-8.9819298,0 16.9574777,-9.009623299999999,0 16.9542675,-9.0160398,0 16.9436951,-9.033077199999999,0 16.9267368,-9.0477715,0 16.9103813,-9.0584726,0 16.9019375,-9.060846400000001,0 16.8946438,-9.0628967,0 16.8860435,-9.067766199999999,0 16.8847179,-9.0685167,0 16.88867,-9.089111300000001,0 16.8793201,-9.095308299999999,0 16.862421,-9.0991497,0 16.8356724,-9.0954733,0 16.8164577,-9.0970058,0 16.818119,-9.1107283,0 16.837204,-9.1303234,0 16.8458481,-9.144682899999999,0 16.8515015,-9.172147799999999,0 16.8496761,-9.185267400000001,0 16.8352966,-9.188869499999999,0 16.821106,-9.1924238,0 16.7978249,-9.1916332,0 16.7809505,-9.1903296,0 16.7728634,-9.180542900000001,0 16.7399998,-9.1311111,0 16.7203732,-9.1063633,0 16.6972294,-9.085578,0 16.6800957,-9.075655899999999,0 16.6711445,-9.070470800000001,0 16.6554451,-9.068601599999999,0 16.614851,-9.0482063,0 16.5702095,-9.02491,0 16.5701627,-9.0248837,0 16.5452919,-9.0109472,0 16.5343475,-8.9954147,0 16.5339846,-8.994671500000001,0 16.5280967,-8.999051,0 16.5204603,-9.003644400000001,0 16.5124077,-9.007471499999999,0 16.5040164,-9.010495300000001,0 16.4953672,-9.0126866,0 16.4865435,-9.0140244,0 16.4776303,-9.014495699999999,0 16.4687135,-9.014096,0 16.4598791,-9.012829200000001,0 16.4512122,-9.0107073,0 16.4427963,-9.007751000000001,0 16.4347126,-9.0039886,0 16.4270389,-8.9994563,0 16.4198492,-8.994198000000001,0 16.4132127,-8.9882642,0 16.4071934,-8.981712099999999,0 16.4018493,-8.9746048,0 16.3972318,-8.9670109,0 16.3933853,-8.9590035,0 16.3903469,-8.950659699999999,0 16.3881458,-8.94206,0 16.3868031,-8.933287099999999,0 16.3863318,-8.9244255,0 16.3867362,-8.9155607,0 16.3880124,-8.906777999999999,0 16.3901482,-8.898161999999999,0 16.3931227,-8.889795700000001,0 16.3969074,-8.881759600000001,0 16.4014658,-8.874131,0 16.4067538,-8.8669835,0 16.4127206,-8.860385900000001,0 16.4193087,-8.854401599999999,0 16.4264546,-8.8490883,0 16.4340895,-8.8444971,0 16.44214,-8.840672100000001,0 16.4505284,-8.837650200000001,0 16.4533526,-8.836935,0 16.4523373,-8.835804,0 16.4362164,-8.814503699999999,0 16.4212151,-8.7989254,0 16.393261,-8.805476199999999,0 16.3722531,-8.793558600000001,0 16.3706837,-8.792668300000001,0 16.3539658,-8.774212800000001,0 16.3456392,-8.7666567,0 16.335495,-8.757451100000001,0 16.3303399,-8.731067299999999,0 16.3293457,-8.725978899999999,0 16.3191662,-8.6898947,0 16.3163648,-8.6814103,0 16.3106518,-8.6641073,0 16.3032837,-8.640616400000001,0 16.3010902,-8.6240349,0 16.2969637,-8.6185797,0 16.2867165,-8.605032899999999,0 16.2852116,-8.6029768,0 16.2803936,-8.5963984,0 16.2773472,-8.5920612,0 16.2694798,-8.580860100000001,0 16.2534849,-8.5875077,0 16.2486308,-8.589525,0 16.2467442,-8.590309100000001,0 16.2283778,-8.5932811,0 16.226965,-8.5935097,0 16.2048569,-8.5972528,0 16.1787472,-8.5929556,0 16.16502,-8.5671053,0 16.1732578,-8.5546408,0 16.1826935,-8.537622499999999,0 16.1962605,-8.5126591,0 16.2032284,-8.503196000000001,0 16.2091827,-8.495109599999999,0 16.2125227,-8.489481700000001,0 16.2138939,-8.487171200000001,0 16.2194289,-8.480278500000001,0 16.2279758,-8.469635,0 16.2385693,-8.452629099999999,0 16.2390993,-8.4511083,0 16.242136,-8.4423952,0 16.2405415,-8.424107599999999,0 16.2417901,-8.415985299999999,0 16.2429943,-8.4081516,0 16.2495178,-8.3989005,0 16.2528933,-8.394113600000001,0 16.2529774,-8.393994299999999,0 16.2636318,-8.368996599999999,0 16.2684307,-8.349644700000001,0 16.2644768,-8.335899400000001,0 16.2790565,-8.3180599,0 16.3063622,-8.303554500000001,0 16.320179,-8.282845500000001,0 16.3345184,-8.2660093,0 16.3453102,-8.2426186,0 16.3237762,-8.250370999999999,0 16.2964134,-8.261483200000001,0 16.273695,-8.272071800000001,0 16.2492428,-8.2814999,0 16.2329388,-8.288164099999999,0 16.2280874,-8.289216400000001,0 16.2251824,-8.289846499999999,0 16.2307227,-8.295897500000001,0 16.2360525,-8.303009299999999,0 16.240657,-8.3106071,0 16.2444918,-8.3186178,0 16.24752,-8.326964200000001,0 16.2497124,-8.335566099999999,0 16.2510477,-8.344340499999999,0 16.2515132,-8.353203000000001,0 16.2511042,-8.362068300000001,0 16.2498247,-8.370851,0 16.2476868,-8.379466499999999,0 16.2447112,-8.387831800000001,0 16.2409263,-8.395866399999999,0 16.2363688,-8.4034928,0 16.2310823,-8.410637599999999,0 16.2251178,-8.417232,0 16.2185327,-8.423212400000001,0 16.2113904,-8.4285212,0 16.2037597,-8.4331072,0 16.2014119,-8.4342217,0 16.1997699,-8.4352085,0 16.1917243,-8.4390275,0 16.1833413,-8.4420427,0 16.1747017,-8.4442252,0 16.1658887,-8.4455537,0 16.1597081,-8.445874399999999,0 16.1601162,-8.4466591,0 16.1519871,-8.459054,0 16.1325626,-8.4896536,0 16.1226946,-8.505326,0 16.1207867,-8.5083561,0 16.1125202,-8.5242434,0 16.1088409,-8.538193400000001,0 16.1065159,-8.5470085,0 16.0992813,-8.577753100000001,0 16.1008682,-8.596041700000001,0 
						</coordinates>
					</LinearRing>
					<LinearRing>
						<coordinates>
							17.2192307,-9.806510899999999,0 17.2237816,-9.830539699999999,0 17.2218704,-9.863657999999999,0 17.224638,-9.894527399999999,0 17.2297935,-9.9145632,0 17.2314358,-9.9368553,0 17.244772,-9.9552441,0 17.2622032,-9.9719496,0 17.291811,-10.0064602,0 17.3127308,-10.0271902,0 17.3331299,-10.0347738,0 17.3587818,-10.0429687,0 17.386219,-10.0431767,0 17.408987,-10.0433464,0 17.4550705,-10.0528278,0 17.4771803,-10.067259,0 17.4771976,-10.0672703,0 17.5028572,-10.0754519,0 17.5250111,-10.0841799,0 17.543066,-10.0963039,0 17.5518169,-10.0980778,0 17.5710793,-10.099926,0 17.5885944,-10.1006184,0 17.6090145,-10.1053286,0 17.6259365,-10.1088715,0 17.6428642,-10.111269,0 17.6557102,-10.1113539,0 17.6720715,-10.1080351,0 17.685503,-10.1075516,0 17.6997337,-10.099308,0 17.7030544,-10.0973825,0 17.7052196,-10.0879966,0 17.7054234,-10.0871134,0 17.7031741,-10.0857964,0 17.7024784,-10.0853891,0 17.702738,-10.0853274,0 17.7212067,-10.0809317,0 17.750309,-10.1113949,0 17.7695446,-10.1223707,0 17.7765255,-10.1315575,0 17.7782068,-10.1332171,0 17.7899189,-10.1447783,0 17.7919196,-10.1471321,0 17.8050518,-10.1625824,0 17.8178482,-10.1809416,0 17.8377132,-10.1787767,0 17.8441792,-10.1639624,0 17.8419266,-10.1336699,0 17.8279591,-10.1164474,0 17.8198318,-10.0992594,0 17.8088131,-10.0734835,0 17.8013039,-10.0454435,0 17.799017,-10.0288639,0 17.8014336,-10.0008869,0 17.80266,-9.980326700000001,0 17.824297,-9.9656067,0 17.8523216,-9.9629192,0 17.8838444,-9.9602518,0 17.9019146,-9.969496700000001,0 17.9304962,-9.976516699999999,0 17.9433117,-9.987443900000001,0 17.9566841,-10.0092278,0 17.9647751,-10.0435495,0 17.9722881,-10.0767269,0 17.9803829,-10.1116209,0 17.9826565,-10.1379128,0 17.9925251,-10.1648178,0 18.0222759,-10.1809769,0 18.0596504,-10.1846046,0 18.0888519,-10.1859007,0 18.1098804,-10.1854372,0 18.1373501,-10.1752949,0 18.1543064,-10.164525,0 18.161934,-10.1607069,0 18.171257,-10.1560402,0 18.1923065,-10.14186,0 18.2174339,-10.1311274,0 18.2349625,-10.1254969,0 18.2536469,-10.1272993,0 18.2729149,-10.1291018,0 18.2939205,-10.142909,0 18.3067474,-10.1612473,0 18.3195648,-10.1892977,0 18.3230457,-10.2081661,0 18.3212605,-10.2367229,0 18.3288288,-10.2607508,0 18.3516026,-10.2705622,0 18.3533421,-10.2842817,0 18.3521595,-10.2968435,0 18.3696766,-10.3094893,0 18.3983135,-10.3033266,0 18.4281158,-10.3017349,0 18.453825,-10.3029804,0 18.5040684,-10.3208876,0 18.5064011,-10.3260384,0 18.5157623,-10.3037949,0 18.533884,-10.2878647,0 18.5432377,-10.2736177,0 18.5555134,-10.2599516,0 18.5660343,-10.2451363,0 18.575386,-10.2297449,0 18.5829811,-10.2194891,0 18.5993443,-10.1984091,0 18.612196,-10.1887417,0 18.6291351,-10.1790876,0 18.6501637,-10.1637354,0 18.6624279,-10.1563492,0 18.6770287,-10.1381159,0 18.6822834,-10.1227083,0 18.6916237,-10.0930319,0 18.6904526,-10.0730343,0 18.6898689,-10.0518942,0 18.6863632,-10.0336027,0 18.6857777,-10.0084648,0 18.6833534,-9.997272499999999,0 18.6816902,-9.9896002,0 18.6980324,-9.9713726,0 18.7184582,-9.961154000000001,0 18.7418022,-9.950943000000001,0 18.7581387,-9.936711300000001,0 18.7686386,-9.9190331,0 18.7752026,-9.9094088,0 18.7791367,-9.9036407,0 18.7872982,-9.884813299999999,0 18.7942944,-9.871123300000001,0 18.7997563,-9.8623808,0 18.8071194,-9.850595500000001,0 18.8199425,-9.8249254,0 18.8269329,-9.8066654,0 18.8222618,-9.7957983,0 18.8222578,-9.7892999,0 18.8222561,-9.786469500000001,0 18.8222542,-9.783803000000001,0 18.8140793,-9.764929800000001,0 18.8024044,-9.7466173,0 18.7936478,-9.7294559,0 18.7917704,-9.726207499999999,0 18.7837276,-9.7122908,0 18.7720528,-9.679696099999999,0 18.7621365,-9.6676722,0 18.7539692,-9.657938,0 18.7376423,-9.649890900000001,0 18.7143192,-9.6418219,0 18.6909981,-9.6343222,0 18.6688442,-9.623968100000001,0 18.6519375,-9.614772800000001,0 18.6443309,-9.6121672,0 18.621624,-9.6043892,0 18.618325,-9.6025122,0 18.6064701,-9.595767,0 18.5843182,-9.593976,0 18.5615845,-9.592750499999999,0 18.54002,-9.5858183,0 18.5126247,-9.582858099999999,0 18.4980602,-9.56738,0 18.4879483,-9.5574271,0 18.4875736,-9.5570583,0 18.4666061,-9.5369844,0 18.4572906,-9.5226688,0 18.4497299,-9.5009336,0 18.4357491,-9.4934511,0 18.4194374,-9.488244099999999,0 18.3920498,-9.4869881,0 18.380518,-9.487900700000001,0 18.3867798,-9.5138111,0 18.3972511,-9.5372725,0 18.408884,-9.5624533,0 18.4269352,-9.584803600000001,0 18.4455681,-9.613440499999999,0 18.463623,-9.6363602,0 18.4834309,-9.6621428,0 18.5009117,-9.681632,0 18.5248108,-9.6994314,0 18.5539627,-9.711534500000001,0 18.5848675,-9.721927600000001,0 18.6157761,-9.729463600000001,0 18.640852,-9.735832200000001,0 18.6641808,-9.742193200000001,0 18.6834259,-9.7462549,0 18.7096729,-9.7537661,0 18.7283382,-9.7635345,0 18.734946,-9.7668687,0 18.7522564,-9.7756033,0 18.7668419,-9.785928699999999,0 18.7726315,-9.798086700000001,0 18.7791004,-9.8116713,0 18.7746667,-9.826146700000001,0 18.7721081,-9.8345003,0 18.7557735,-9.836164500000001,0 18.733017,-9.821243300000001,0 18.722517,-9.8229246,0 18.7190208,-9.844621699999999,0 18.728941,-9.8583622,0 18.7347813,-9.8760891,0 18.7354894,-9.8789772,0 18.7382851,-9.890379899999999,0 18.7394581,-9.9086637,0 18.7330418,-9.922924999999999,0 18.7178688,-9.926876999999999,0 18.7143669,-9.9217253,0 18.7114468,-9.9028635,0 18.702692,-9.891984000000001,0 18.6968555,-9.877682699999999,0 18.694519,-9.872533799999999,0 18.6892681,-9.857664099999999,0 18.6828499,-9.841077800000001,0 18.6787643,-9.8290682,0 18.672348,-9.8193359,0 18.6635971,-9.807312,0 18.6455135,-9.7952557,0 18.6291809,-9.787202799999999,0 18.6116848,-9.776861200000001,0 18.5976868,-9.7722406,0 18.5743599,-9.758448599999999,0 18.5638618,-9.7538404,0 18.5387878,-9.743467300000001,0 18.5160446,-9.7370977,0 18.4909744,-9.7261477,0 18.4711494,-9.718072899999999,0 18.4530869,-9.6980095,0 18.4373589,-9.6750975,0 18.4297924,-9.657358199999999,0 18.4232273,-9.636913699999999,0 18.4228134,-9.6356249,0 18.4223284,-9.6350438,0 18.4094181,-9.6195755,0 18.3960304,-9.597243300000001,0 18.3797302,-9.574896799999999,0 18.3605175,-9.550825100000001,0 18.3488865,-9.5279284,0 18.3337574,-9.5055847,0 18.3329678,-9.4887371,0 18.3221207,-9.4889688,0 18.3046379,-9.4906044,0 18.2789974,-9.490489,0 18.2609367,-9.488121,0 18.238224,-9.4794464,0 18.2148552,-9.472174600000001,0 18.2079029,-9.491868,0 18.1909924,-9.4997816,0 18.1711826,-9.497401200000001,0 18.1502018,-9.498438800000001,0 18.1385498,-9.497237200000001,0 18.116415,-9.4919844,0 18.1036034,-9.487349500000001,0 18.0820503,-9.4838095,0 18.0669117,-9.4774475,0 18.0471153,-9.471059800000001,0 18.0255566,-9.470371200000001,0 18.00457,-9.474255599999999,0 17.9899788,-9.4850273,0 17.969574,-9.4889116,0 17.956192,-9.480839700000001,0 17.9410667,-9.4704733,0 17.9230328,-9.458375,0 17.9196644,-9.4514475,0 17.9078865,-9.457143800000001,0 17.9004521,-9.4594565,0 17.9049447,-9.465367199999999,0 17.9095989,-9.4729326,0 17.913484,-9.480914500000001,0 17.9165627,-9.489235799999999,0 17.9188051,-9.4978167,0 17.9201896,-9.5065744,0 17.920703,-9.515424599999999,0 17.9203401,-9.5242822,0 17.9191044,-9.5330618,0 17.9170076,-9.541678900000001,0 17.91407,-9.550050499999999,0 17.9103198,-9.5580961,0 17.905793,-9.565738,0 17.9005331,-9.5729027,0 17.8945909,-9.579521099999999,0 17.8880233,-9.585529599999999,0 17.8808938,-9.5908701,0 17.873271,-9.5954912,0 17.8652283,-9.5993485,0 17.8568431,-9.6024046,0 17.8549146,-9.6029009,0 17.8713036,-9.629428900000001,0 17.8875866,-9.644947999999999,0 17.8968925,-9.6541424,0 17.9201641,-9.673697499999999,0 17.9434547,-9.6875401,0 17.9684963,-9.7008209,0 18.005249,-9.790827800000001,0 18.0521793,-9.8403177,0 18.0837517,-9.872741700000001,0 18.1195889,-9.9051676,0 18.1217765,-9.906678100000001,0 18.1328916,-9.914352900000001,0 18.1455149,-9.923069099999999,0 18.1546286,-9.9293619,0 18.155426,-9.9299126,0 18.1767578,-9.954657600000001,0 18.1946774,-9.993908899999999,0 18.1767578,-10.0160933,0 18.1588402,-10.0229206,0 18.1451855,-10.0050011,0 18.131669,-9.992906700000001,0 18.1127625,-9.9759893,0 18.1124712,-9.975698100000001,0 18.0914307,-9.954657600000001,0 18.0875116,-9.9518144,0 18.0642686,-9.9349521,0 18.0504095,-9.9248976,0 18.0479126,-9.9230862,0 18.0328636,-9.8998302,0 18.0241831,-9.8864158,0 18.0197525,-9.879569099999999,0 17.9838993,-9.843715,0 17.9770889,-9.836904499999999,0 17.9412537,-9.815572700000001,0 17.8977337,-9.790827800000001,0 17.8584843,-9.7831478,0 17.8306561,-9.779417,0 17.8138027,-9.757607500000001,0 17.7946167,-9.7369261,0 17.7713871,-9.704219800000001,0 17.7654012,-9.6957424,0 17.7539673,-9.6795492,0 17.749143,-9.6712036,0 17.7400475,-9.655468900000001,0 17.723835,-9.6531649,0 17.7360249,-9.6365929,0 17.7465763,-9.617810199999999,0 17.7583141,-9.592181200000001,0 17.76564,-9.580322600000001,0 17.7598199,-9.574051000000001,0 17.7544414,-9.5669722,0 17.7497881,-9.5594041,0 17.7459048,-9.551419599999999,0 17.7428289,-9.5430957,0 17.7405899,-9.534512599999999,0 17.7392094,-9.525752900000001,0 17.7387006,-9.5169011,0 17.7390683,-9.5080423,0 17.7403089,-9.499262,0 17.7424104,-9.490644700000001,0 17.7453525,-9.4822735,0 17.7491068,-9.474228800000001,0 17.7536371,-9.4665882,0 17.7588997,-9.459425299999999,0 17.7648439,-9.452809,0 17.7714124,-9.4468029,0 17.7785419,-9.441465000000001,0 17.7861638,-9.4368465,0 17.7942047,-9.432991899999999,0 17.8025872,-9.4299383,0 17.8112306,-9.4277151,0 17.8200516,-9.426343599999999,0 17.8289655,-9.425837100000001,0 17.8378864,-9.4262003,0 17.8467284,-9.427429800000001,0 17.8502282,-9.4282702,0 17.8544178,-9.4071379,0 17.8509941,-9.380844099999999,0 17.8411274,-9.368220300000001,0 17.8184128,-9.366939500000001,0 17.8099651,-9.3677826,0 17.8114357,-9.3628979,0 17.8068504,-9.3365984,0 17.8021842,-9.3162517,0 17.8020876,-9.315830200000001,0 17.7993736,-9.303996100000001,0 17.7942142,-9.275979,0 17.7867355,-9.2445211,0 17.776166,-9.245252600000001,0 17.7640247,-9.2460928,0 17.760355,-9.2148609,0 17.7513236,-9.210781900000001,0 17.7339039,-9.2029142,0 17.7176914,-9.1901159,0 17.7123061,-9.1817683,0 17.7006264,-9.1636639,0 17.6990319,-9.147316399999999,0 17.6972141,-9.1286793,0 17.6929474,-9.103934300000001,0 17.6844139,-9.0791883,0 17.6682014,-9.0527382,0 17.6434555,-9.0442038,0 17.6144447,-9.032258000000001,0 17.5837269,-9.019458800000001,0 17.5829064,-9.019327799999999,0 17.5601768,-9.0156984,0 17.5738392,-9.029535299999999,0 17.5848122,-9.0518827,0 17.5899296,-9.085040100000001,0 17.5898805,-9.098652,0 17.5898247,-9.114163400000001,0 17.5908985,-9.139299400000001,0 17.5937252,-9.162733100000001,0 17.5930424,-9.190712,0 17.59935,-9.217597,0 17.6092052,-9.2296581,0 17.6289749,-9.2366457,0 17.6551342,-9.2488136,0 17.6754951,-9.254088400000001,0 17.6917744,-9.2621927,0 17.7028046,-9.271972699999999,0 17.7120934,-9.2811708,0 17.7167072,-9.303150199999999,0 17.6985416,-9.3296299,0 17.6704807,-9.360858,0 17.6651917,-9.375102999999999,0 17.6627998,-9.393364,0 17.6470242,-9.4075375,0 17.6364956,-9.4194613,0 17.6265583,-9.429104799999999,0 17.614872,-9.438734999999999,0 17.6025753,-9.456358,0 17.5914631,-9.4677048,0 17.6030769,-9.478636699999999,0 17.619936,-9.490175199999999,0 17.6303768,-9.503953900000001,0 17.6408272,-9.5154476,0 17.6506901,-9.528651200000001,0 17.6547108,-9.545814500000001,0 17.6511555,-9.5629253,0 17.6435642,-9.566873599999999,0 17.6272449,-9.566762900000001,0 17.6080265,-9.5620642,0 17.5958176,-9.5534134,0 17.5842247,-9.535627399999999,0 17.5819302,-9.525329599999999,0 17.5697289,-9.515535399999999,0 17.5592098,-9.5228863,0 17.5480881,-9.5359459,0 17.5300121,-9.5381041,0 17.519558,-9.5288916,0 17.5049725,-9.5327854,0 17.4892521,-9.5286741,0 17.4723587,-9.5268383,0 17.4577751,-9.53016,0 17.4408703,-9.5311775,0 17.4384937,-9.5420132,0 17.4564705,-9.5644217,0 17.4721241,-9.5856695,0 17.4941597,-9.6143904,0 17.505537,-9.6248779,0 17.4830399,-9.6397963,0 17.4686032,-9.648732600000001,0 17.4651203,-9.650888399999999,0 17.4624261,-9.649487499999999,0 17.4437885,-9.6397963,0 17.425869,-9.6363831,0 17.4113636,-9.6397963,0 17.4079514,-9.6577158,0 17.4113636,-9.6867266,0 17.4045372,-9.708058400000001,0 17.397218,-9.709229499999999,0 17.3657279,-9.714268000000001,0 17.3618736,-9.7148848,0 17.3328609,-9.711471599999999,0 17.3047028,-9.729391100000001,0 17.2756901,-9.758401900000001,0 17.2624588,-9.7937174,0 17.25564,-9.755390200000001,0 17.2541416,-9.7482478,0 17.2515034,-9.749506999999999,0 17.2431054,-9.752550400000001,0 17.2344469,-9.7547625,0 17.2256115,-9.756121800000001,0 17.2166841,-9.756615200000001,0 17.207751,-9.756238,0 17.2067264,-9.756093999999999,0 17.2111645,-9.785879100000001,0 17.2192307,-9.806510899999999,0 
						</coordinates>
					</LinearRing>
					<LinearRing>
						<coordinates>
							15.9727268,-9.516069399999999,0 15.9565144,-9.5075369,0 15.9339962,-9.4991951,0 15.925784,-9.500776699999999,0 15.917264,-9.502417599999999,0 15.9018147,-9.506630700000001,0 15.8984919,-9.5075369,0 15.850708,-9.510097500000001,0 15.8135877,-9.5063228,0 15.8170859,-9.5136208,0 15.8201177,-9.5219702,0 15.8223107,-9.530574400000001,0 15.8236437,-9.5393504,0 15.8241037,-9.548214,0 15.8236863,-9.5570795,0 15.8223954,-9.5658618,0 15.8202434,-9.574476199999999,0 15.8172509,-9.582839699999999,0 15.8134467,-9.5908719,0 15.8088674,-9.5984952,0 15.8035571,-9.605636199999999,0 15.7975668,-9.6122263,0 15.7909543,-9.6182018,0 15.7889987,-9.619648,0 15.788988,-9.619678,0 15.7851828,-9.627709899999999,0 15.7806024,-9.6353329,0 15.7752909,-9.642473600000001,0 15.7692995,-9.649063200000001,0 15.7626857,-9.655038299999999,0 15.7555134,-9.6603411,0 15.7478516,-9.6649207,0 15.7397741,-9.6687329,0 15.735317,-9.6703261,0 15.7316399,-9.6743691,0 15.725025,-9.680343499999999,0 15.7178516,-9.6856457,0 15.7101886,-9.690224499999999,0 15.7021101,-9.694035899999999,0 15.6936937,-9.6970431,0 15.6850207,-9.6992171,0 15.6761745,-9.700536899999999,0 15.6672405,-9.700989999999999,0 15.6583048,-9.700571699999999,0 15.6566004,-9.700324200000001,0 15.653029,-9.7015998,0 15.6445971,-9.703712299999999,0 15.6398102,-9.7059695,0 15.6313929,-9.708975199999999,0 15.6227191,-9.7111477,0 15.6138723,-9.712465999999999,0 15.6049378,-9.7129174,0 15.5960017,-9.712497600000001,0 15.5871502,-9.7112105,0 15.5784685,-9.7090687,0 15.5700404,-9.706092699999999,0 15.561947,-9.7023113,0 15.5542664,-9.697760799999999,0 15.5470725,-9.692485100000001,0 15.5404347,-9.686534999999999,0 15.5344168,-9.679968000000001,0 15.529077,-9.6728472,0 15.5244665,-9.6652413,0 15.5206297,-9.657223500000001,0 15.5176035,-9.648871099999999,0 15.5154171,-9.640264699999999,0 15.5140914,-9.631486900000001,0 15.5136392,-9.6226225,0 15.5140646,-9.613756800000001,0 15.5153636,-9.604975100000001,0 15.5175236,-9.5963621,0 15.5205237,-9.5880007,0 15.524335,-9.5799713,0 15.5289207,-9.572351299999999,0 15.5342366,-9.5652141,0 15.5402315,-9.558628300000001,0 15.5468476,-9.552657399999999,0 15.5540213,-9.5473587,0 15.5616835,-9.542783399999999,0 15.5697604,-9.5389754,0 15.5781742,-9.535971399999999,0 15.5866025,-9.5338607,0 15.5913874,-9.531604400000001,0 15.5998008,-9.5285998,0 15.6084703,-9.5264282,0 15.6173123,-9.5251103,0 15.6262419,-9.5246589,0 15.635173,-9.525078300000001,0 15.6366456,-9.5252924,0 15.640166,-9.521422299999999,0 15.6408623,-9.5207935,0 15.6365337,-9.5186291,0 15.5938702,-9.521189700000001,0 15.5669478,-9.515805500000001,0 15.5384064,-9.510097500000001,0 15.5381027,-9.5100721,0 15.4805365,-9.50525,0 15.4855375,-9.473330499999999,0 15.4861024,-9.463626700000001,0 15.4869661,-9.4487896,0 15.4737434,-9.432040199999999,0 15.4359589,-9.4240885,0 15.3987513,-9.416709900000001,0 15.3574934,-9.406985300000001,0 15.3197651,-9.3944492,0 15.2683441,-9.3732278,0 15.2652597,-9.3719549,0 15.2297049,-9.3737192,0 15.1669493,-9.360225700000001,0 15.126195,-9.358472799999999,0 15.1074696,-9.357023399999999,0 15.0947771,-9.356040999999999,0 15.0895309,-9.3556347,0 15.0195742,-9.3602791,0 15.0534055,-9.383347799999999,0 15.0878725,-9.406849899999999,0 15.1037006,-9.417044300000001,0 15.118275,-9.426431300000001,0 15.138216,-9.4392748,0 15.1591215,-9.4612803,0 15.1706409,-9.4734058,0 15.172165,-9.474587,0 15.1921387,-9.4900669,0 15.1966608,-9.493571599999999,0 15.204772,-9.4998579,0 15.232579,-9.514970099999999,0 15.2440233,-9.521189700000001,0 15.2715642,-9.5263066,0 15.2780552,-9.5275126,0 15.2832946,-9.530542000000001,0 15.2942686,-9.536887200000001,0 15.3012326,-9.537150499999999,0 15.318737,-9.537812199999999,0 15.3426504,-9.536440799999999,0 15.3711615,-9.540845900000001,0 15.3927364,-9.540010499999999,0 15.4176264,-9.555782300000001,0 15.4354954,-9.5743141,0 15.447463,-9.599615099999999,0 15.4477862,-9.6109796,0 15.448308,-9.6293335,0 15.4402367,-9.638477399999999,0 15.4323702,-9.6473894,0 15.4228578,-9.656121000000001,0 15.4250912,-9.656446900000001,0 15.4337707,-9.6585927,0 15.4379711,-9.6600781,0 15.4408934,-9.6596441,0 15.449827,-9.659197000000001,0 15.4587617,-9.659620800000001,0 15.4676115,-9.660911199999999,0 15.4762914,-9.6630559,0 15.4847177,-9.6660343,0 15.4928094,-9.669817699999999,0 15.5004887,-9.6743697,0 15.5076815,-9.679646399999999,0 15.5143186,-9.685597100000001,0 15.5203361,-9.692164500000001,0 15.5256762,-9.6992855,0 15.5302872,-9.706891300000001,0 15.5341249,-9.714908899999999,0 15.5371521,-9.723261000000001,0 15.5393397,-9.731867299999999,0 15.5406666,-9.7406448,0 15.5411199,-9.749509099999999,0 15.5406951,-9.758374699999999,0 15.5393964,-9.767156399999999,0 15.5372361,-9.775769499999999,0 15.534235,-9.7841311,0 15.530422,-9.792160600000001,0 15.5258336,-9.7997806,0 15.5205141,-9.806917800000001,0 15.5159954,-9.811878099999999,0 15.5254582,-9.8128685,0 15.5291615,-9.813256300000001,0 15.5623669,-9.812131600000001,0 15.60562,-9.810666599999999,0 15.6377077,-9.8095798,0 15.6483995,-9.808629099999999,0 15.6768303,-9.806100799999999,0 15.7100735,-9.807107,0 15.7165994,-9.809329699999999,0 15.7292585,-9.813641499999999,0 15.7731123,-9.8033552,0 15.7793092,-9.8007489,0 15.7941999,-9.794485999999999,0 15.797999,-9.789807400000001,0 15.8148613,-9.769041100000001,0 15.833703,-9.750430100000001,0 15.8587694,-9.7518873,0 15.8732888,-9.7541709,0 15.8762942,-9.7546436,0 15.8942966,-9.7574749,0 15.9222221,-9.7652483,0 15.9276743,-9.765097600000001,0 15.9276897,-9.764913999999999,0 15.9287586,-9.752189599999999,0 15.923787,-9.731922600000001,0 15.9203253,-9.7178106,0 15.9047413,-9.7004786,0 15.8827858,-9.6784973,0 15.8712482,-9.6652126,0 15.856905,-9.640469599999999,0 15.8933716,-9.6432085,0 15.9275036,-9.6321163,0 15.9469585,-9.611314800000001,0 15.9880877,-9.600544899999999,0 16.0495224,-9.590305300000001,0 16.0810947,-9.566413900000001,0 16.0810947,-9.550200500000001,0 16.080702,-9.5485644,0 16.0759735,-9.5288687,0 16.071855,-9.507580799999999,0 16.0708561,-9.502417599999999,0 16.0546417,-9.494737600000001,0 16.0384293,-9.4998579,0 16.0205116,-9.510097500000001,0 16.0032625,-9.512561699999999,0 15.9966192,-9.513510699999999,0 15.9821886,-9.515056100000001,0 15.9727268,-9.516069399999999,0 
						</coordinates>
					</LinearRing>
					<LinearRing>
						<coordinates>
							15.2881422,-9.717317599999999,0 15.2702608,-9.6999187,0 15.2456999,-9.705844900000001,0 15.2199501,-9.7079868,0 15.2106752,-9.708758400000001,0 15.2006886,-9.7106815,0 15.1913862,-9.7124729,0 15.1843677,-9.715037300000001,0 15.1657804,-9.7218286,0 15.1568279,-9.7250996,0 15.1450611,-9.730938999999999,0 15.1333618,-9.7367449,0 15.1196795,-9.748665799999999,0 15.1255627,-9.7549095,0 15.1441164,-9.764327,0 15.1707296,-9.7830067,0 15.18653,-9.7916066,0 15.191892,-9.794525,0 15.2020887,-9.8000749,0 15.209568,-9.804145800000001,0 15.2104552,-9.804433400000001,0 15.2178509,-9.8068308,0 15.2409534,-9.814319599999999,0 15.252817,-9.8156002,0 15.2776623,-9.818282099999999,0 15.2918786,-9.820388400000001,0 15.326067,-9.8254538,0 15.3289165,-9.8258762,0 15.3348858,-9.8282066,0 15.3390672,-9.8298389,0 15.3486671,-9.8335867,0 15.3725467,-9.8287418,0 15.3645247,-9.8249896,0 15.3568437,-9.8204347,0 15.34965,-9.8151548,0 15.343013,-9.8092009,0 15.3369966,-9.8026304,0 15.3316587,-9.7955065,0 15.3270507,-9.7878978,0 15.323217,-9.7798778,0 15.3201945,-9.7715236,0 15.3180121,-9.762915700000001,0 15.3166909,-9.754137099999999,0 15.3162435,-9.7452722,0 15.3166742,-9.7364066,0 15.3179787,-9.7276255,0 15.3180025,-9.727531000000001,0 15.3148699,-9.7262716,0 15.2881422,-9.717317599999999,0 
						</coordinates>
					</LinearRing>
					<LinearRing>
						<coordinates>
							16.0283472,-11.2339174,0 16.0169849,-11.2427416,0 16.0048085,-11.2492382,0 15.9887114,-11.2578268,0 15.961586,-11.2752094,0 15.9539378,-11.2788262,0 15.9460648,-11.2825492,0 15.9321442,-11.2891321,0 15.9192629,-11.2872601,0 15.9159203,-11.2683649,0 15.92379,-11.2416086,0 15.9319892,-11.227661,0 15.932127,-11.2274265,0 15.9327701,-11.2266193,0 15.9330624,-11.2262524,0 15.9433956,-11.2132816,0 15.9487896,-11.2002068,0 15.9529753,-11.1911163,0 15.950768,-11.181465,0 15.947341,-11.1664801,0 15.9456244,-11.1618881,0 15.931215,-11.14798,0 15.9270372,-11.1439476,0 15.9241505,-11.1393414,0 15.9190699,-11.1251218,0 15.9161539,-11.1169605,0 15.916872,-11.102685,0 15.9247103,-11.078784,0 15.9261398,-11.0508051,0 15.9273626,-11.0457729,0 15.9277635,-11.0441229,0 15.93223,-11.0257406,0 15.9370689,-11.0092316,0 15.9431286,-10.9870234,0 15.9462042,-10.9710617,0 15.9436951,-10.9638056,0 15.9416409,-10.9578648,0 15.918766,-10.9615831,0 15.9129148,-10.970145,0 15.9098606,-10.9746141,0 15.9015131,-10.990509,0 15.8913698,-11.0103807,0 15.8898004,-11.014711,0 15.8841543,-11.0302887,0 15.8734064,-11.0518665,0 15.8656034,-11.0717659,0 15.8590031,-11.088253,0 15.8536362,-11.0987608,0 15.8488541,-11.1081238,0 15.8388557,-11.1119967,0 15.8248882,-11.102107,0 15.8198175,-11.0809031,0 15.8193095,-11.0766099,0 15.8171091,-11.0580149,0 15.8190699,-11.0368986,0 15.819049,-11.0365978,0 15.8175259,-11.014596,0 15.8148556,-10.9877081,0 15.8213785,-10.9798596,0 15.8284836,-10.9713106,0 15.8409281,-10.9560404,0 15.8188686,-10.9357653,0 15.8054781,-10.9275961,0 15.7943268,-10.9303112,0 15.7901621,-10.9371138,0 15.7853889,-10.9461956,0 15.7812349,-10.9540987,0 15.7794228,-10.9575462,0 15.7742592,-10.9609043,0 15.7682238,-10.9648294,0 15.7547579,-10.9663,0 15.7571707,-10.9572611,0 15.7563543,-10.9512708,0 15.7555323,-10.9452391,0 15.7550583,-10.9338074,0 15.7363844,-10.9272804,0 15.7258787,-10.9237165,0 15.7095528,-10.916647,0 15.6961737,-10.9079027,0 15.7039032,-10.8960056,0 15.713953,-10.8864222,0 15.7210522,-10.8790874,0 15.7287912,-10.8660469,0 15.7312469,-10.8546495,0 15.7337236,-10.84097,0 15.737957,-10.8273125,0 15.7409782,-10.8176374,0 15.7440071,-10.8073921,0 15.7505293,-10.7989063,0 15.7622061,-10.8019133,0 15.7767763,-10.8083849,0 15.7925119,-10.815444,0 15.795411,-10.8148082,0 15.8048306,-10.8127422,0 15.8061056,-10.8019037,0 15.8015232,-10.7915611,0 15.798171,-10.7749481,0 15.7988167,-10.768671,0 15.7983093,-10.7606659,0 15.804348,-10.7413158,0 15.8056402,-10.7287636,0 15.807003,-10.7087822,0 15.8159828,-10.6877556,0 15.8189726,-10.6809368,0 15.8194272,-10.6791719,0 15.8232269,-10.6644211,0 15.8215809,-10.6529741,0 15.8193398,-10.642662,0 15.8093958,-10.6425352,0 15.795804,-10.6566458,0 15.7939559,-10.6628138,0 15.7891531,-10.6788425,0 15.7872372,-10.6953878,0 15.7793932,-10.7198572,0 15.7721996,-10.7374783,0 15.7667875,-10.7522631,0 15.7624709,-10.7563828,0 15.7532005,-10.7652302,0 15.7344131,-10.7712727,0 15.7255659,-10.7780142,0 15.7173281,-10.7824783,0 15.7014141,-10.7936974,0 15.6896801,-10.796401,0 15.6814117,-10.8037205,0 15.6760349,-10.8145056,0 15.6776409,-10.8293829,0 15.6875572,-10.8329401,0 15.6892042,-10.8438177,0 15.6832361,-10.8551683,0 15.673233,-10.860178,0 15.6561937,-10.8662376,0 15.6448736,-10.8855152,0 15.6462806,-10.8939837,0 15.6476326,-10.9021215,0 15.6553085,-10.9214268,0 15.6579094,-10.927968,0 15.6642923,-10.9337673,0 15.6758871,-10.9453468,0 15.688694,-10.9529428,0 15.6891646,-10.9531301,0 15.7050266,-10.9594412,0 15.7131624,-10.9658318,0 15.7294683,-10.9751854,0 15.7369191,-10.9752817,0 15.7392092,-10.9753113,0 15.7463779,-10.9828329,0 15.756835,-10.991538,0 15.7601748,-11.0092926,0 15.7547855,-11.0212221,0 15.7504576,-11.0265049,0 15.7399635,-11.0393143,0 15.7252359,-11.0476942,0 15.7040354,-11.0503687,0 15.6964941,-11.0513201,0 15.688241,-11.0563536,0 15.6877479,-11.0711345,0 15.6874027,-11.0814819,0 15.6895227,-11.1037941,0 15.6894537,-11.105729,0 15.6887074,-11.1266375,0 15.6884718,-11.1500597,0 15.687272,-11.1613414,0 15.6865301,-11.1683178,0 15.6779232,-11.2082005,0 15.6717063,-11.2223974,0 15.6677237,-11.231492,0 15.6693378,-11.2470493,0 15.6703949,-11.2572374,0 15.6847782,-11.2842789,0 15.6833171,-11.3028763,0 15.6827602,-11.3099642,0 15.6858803,-11.3153473,0 15.6954403,-11.3318415,0 15.7181416,-11.3487062,0 15.7398863,-11.3438454,0 15.7494926,-11.3211145,0 15.7525806,-11.3051577,0 15.7625866,-11.3012857,0 15.777813,-11.303196,0 15.7913961,-11.2930841,0 15.7996409,-11.285229,0 15.8044147,-11.2806807,0 15.8227301,-11.2660589,0 15.830245,-11.2770081,0 15.8272337,-11.2832976,0 15.8190085,-11.3004771,0 15.8182812,-11.3019962,0 15.8116989,-11.3156252,0 15.8132324,-11.3390694,0 15.8215874,-11.3553454,0 15.8247452,-11.3614969,0 15.830085,-11.3684775,0 15.8413837,-11.3832481,0 15.8427879,-11.3850839,0 15.8432798,-11.3857269,0 15.8541702,-11.4045262,0 15.858283,-11.4116259,0 15.875618,-11.4392662,0 15.8777233,-11.4432337,0 15.8781746,-11.4440842,0 15.8911819,-11.4685965,0 15.9078465,-11.5059385,0 15.9213521,-11.523695,0 15.924078,-11.5272789,0 15.9398084,-11.5367947,0 15.94625,-11.5406914,0 15.961052,-11.5473025,0 15.9620295,-11.547739,0 15.9753428,-11.5678968,0 15.9757552,-11.5697112,0 15.9773209,-11.5765997,0 15.9804211,-11.5902386,0 15.9767084,-11.6113329,0 15.9683571,-11.6260843,0 15.9640617,-11.6465988,0 15.9752066,-11.6516528,0 15.9821835,-11.6548166,0 15.9868317,-11.6562337,0 15.9997454,-11.6601706,0 16.0037196,-11.6595367,0 16.029726,-11.6553888,0 16.0428479,-11.6475604,0 16.0503807,-11.6430664,0 16.0604649,-11.6311884,0 16.0676117,-11.619276,0 16.0729904,-11.6084852,0 16.0743444,-11.6035556,0 16.0778389,-11.5908327,0 16.0809536,-11.5703011,0 16.0834446,-11.5537624,0 16.0847168,-11.5423508,0 16.0849171,-11.5195007,0 16.0879955,-11.5029688,0 16.0957203,-11.4916344,0 16.1133537,-11.4878416,0 16.1274319,-11.4880056,0 16.1439838,-11.4733429,0 16.1440525,-11.4653454,0 16.1471806,-11.4425287,0 16.1403027,-11.4235945,0 16.1397074,-11.418839,0 16.1370087,-11.3972769,0 16.1487846,-11.3916998,0 16.1629372,-11.3827219,0 16.1694012,-11.3810816,0 16.1537247,-11.3626194,0 16.1510841,-11.3595582,0 16.1432705,-11.3505001,0 16.140919,-11.3434212,0 16.1364117,-11.3298521,0 16.1356246,-11.3262575,0 16.1307678,-11.3040771,0 16.1304483,-11.3020722,0 16.1297141,-11.2974641,0 16.1306337,-11.2978891,0 16.1374151,-11.3002546,0 16.1443988,-11.3019526,0 16.1515176,-11.3029666,0 16.1587029,-11.3032869,0 16.1658853,-11.3029104,0 16.1729957,-11.3018407,0 16.1799655,-11.3000882,0 16.1867275,-11.2976697,0 16.1932167,-11.2946085,0 16.1993705,-11.2909342,0 16.2051296,-11.2866822,0 16.2104385,-11.2818934,0 16.2152461,-11.2766139,0 16.2153487,-11.2764762,0 16.2153554,-11.2764688,0 16.2196155,-11.2707496,0 16.2232869,-11.2646458,0 16.2263344,-11.2582161,0 16.2287287,-11.2515226,0 16.2304468,-11.2446295,0 16.2314721,-11.2376035,0 16.2317948,-11.230512,0 16.231412,-11.2234235,0 16.2303272,-11.2164062,0 16.228551,-11.2095275,0 16.2261007,-11.2028539,0 16.2229997,-11.1964495,0 16.2192779,-11.1903759,0 16.2149714,-11.1846917,0 16.2101214,-11.1794515,0 16.2047748,-11.1747059,0 16.1989831,-11.1705004,0 16.1928019,-11.1668756,0 16.1862907,-11.1638663,0 16.1795123,-11.1615016,0 16.1794684,-11.1614909,0 16.1793198,-11.161439,0 16.1723394,-11.1597415,0 16.1652241,-11.1587277,0 16.1580425,-11.1584072,0 16.1508636,-11.1587831,0 16.1437565,-11.159852,0 16.1367897,-11.1616034,0 16.1300302,-11.1640205,0 16.1235429,-11.1670801,0 16.1173905,-11.1707527,0 16.1116321,-11.1750029,0 16.1063231,-11.17979,0 16.1015148,-11.1850677,0 16.0972533,-11.1907854,0 16.0935799,-11.1968878,0 16.0905298,-11.2033164,0 16.0905077,-11.203378,0 16.0905026,-11.2033888,0 16.0881053,-11.2100816,0 16.0863839,-11.2169741,0 16.0860933,-11.2189587,0 16.083437,-11.2183933,0 16.0587711,-11.223815,0 16.0436958,-11.2276344,0 16.0329227,-11.2303638,0 16.0304515,-11.2322831,0 16.0283472,-11.2339174,0 
						</coordinates>
					</LinearRing>
					<LinearRing>
						<coordinates>
							16.3692328,-14.251413,0 16.3693905,-14.2528229,0 16.3714542,-14.2916241,0 16.3759689,-14.3201857,0 16.3756828,-14.3566494,0 16.3922253,-14.3625574,0 16.405138,-14.3780909,0 16.4097519,-14.3946762,0 16.4119931,-14.3968729,0 16.4279823,-14.4125443,0 16.4444199,-14.4326735,0 16.45158,-14.438179,0 16.4545116,-14.4304981,0 16.4617195,-14.4174585,0 16.4638691,-14.4059633,0 16.4648056,-14.4009552,0 16.4590721,-14.3758068,0 16.4556847,-14.3535318,0 16.4636269,-14.321681,0 16.4690838,-14.3046303,0 16.4709606,-14.2915335,0 16.4735336,-14.2641869,0 16.4754944,-14.2396841,0 16.4728718,-14.1946011,0 16.4748859,-14.1626825,0 16.4766283,-14.1500043,0 16.479269,-14.1307888,0 16.4828118,-14.1143459,0 16.484787,-14.1051788,0 16.4831611,-14.0923663,0 16.4808731,-14.074337,0 16.4739513,-14.0503082,0 16.4543708,-14.0416875,0 16.4527168,-14.0409594,0 16.4284534,-14.0407057,0 16.4088268,-14.0536165,0 16.3938866,-14.0722828,0 16.3830967,-14.0898504,0 16.3793678,-14.1126261,0 16.3708267,-14.1450443,0 16.3688393,-14.1718302,0 16.3682842,-14.1898226,0 16.3680477,-14.1974878,0 16.3660698,-14.2231312,0 16.3692328,-14.251413,0 
						</coordinates>
					</LinearRing>
					<LinearRing>
						<coordinates>
							13.625055,-6.6211313,0 13.6448374,-6.609261499999999,0 13.6602163,-6.593884,0 13.6704683,-6.552875,0 13.6704683,-6.5455269,0 13.6704683,-6.5016146,0 13.6577077,-6.469353300000001,0 13.6422434,-6.430256400000001,0 13.6400156,-6.4354048,0 13.6335356,-6.4443384,0 13.6282034,-6.4516897,0 13.6175175,-6.4697075,0 13.6025114,-6.5041633,0 13.59583,-6.5239716,0 13.5937243,-6.5461526,0 13.5768366,-6.589120399999999,0 13.5676166,-6.6246594,0 13.5673189,-6.625806799999999,0 13.5839026,-6.629933699999999,0 13.6038294,-6.6348925,0 13.6192074,-6.624639999999999,0 13.625055,-6.6211313,0 
						</coordinates>
					</LinearRing>
					<LinearRing>
						<coordinates>
							14.7436123,-13.2878742,0 14.736186,-13.3134422,0 14.7152205,-13.3359385,0 14.6903448,-13.341814,0 14.6684494,-13.3454533,0 14.6524582,-13.3491879,0 14.6378279,-13.3426876,0 14.6359282,-13.348917,0 14.6222191,-13.3583956,0 14.6093426,-13.3501921,0 14.6077929,-13.3341827,0 14.602622,-13.323823,0 14.5782146,-13.3382607,0 14.5671921,-13.3666182,0 14.5456285,-13.3885202,0 14.5311871,-13.4076862,0 14.5148745,-13.4336691,0 14.5148586,-13.4347916,0 14.5147093,-13.4453295,0 14.514535,-13.4576359,0 14.519001,-13.475976,0 14.5274343,-13.5063677,0 14.5308084,-13.5184097,0 14.530815,-13.5184403,0 14.5328694,-13.5279925,0 14.5341349,-13.5338764,0 14.5396328,-13.563076,0 14.5417309,-13.5819445,0 14.5443487,-13.605958,0 14.5441404,-13.6063622,0 14.5374823,-13.6192818,0 14.5511665,-13.6254749,0 14.551414,-13.6258127,0 14.5660315,-13.6457683,0 14.5668249,-13.6468515,0 14.569755,-13.6491689,0 14.5837774,-13.6602592,0 14.605752,-13.6526318,0 14.6183109,-13.6419964,0 14.6332788,-13.6279755,0 14.6406079,-13.6105958,0 14.6419629,-13.6073829,0 14.6442738,-13.601903,0 14.651536,-13.5894661,0 14.6539125,-13.5795151,0 14.6596823,-13.555356,0 14.6670437,-13.5355005,0 14.6837301,-13.524929,0 14.7031593,-13.529809,0 14.7087699,-13.5308053,0 14.7243776,-13.533577,0 14.7368126,-13.5314941,0 14.7419033,-13.50418,0 14.7438501,-13.4860916,0 14.743927,-13.4853773,0 14.7454662,-13.4585762,0 14.7498512,-13.4398108,0 14.7648249,-13.4240694,0 14.7715855,-13.4041996,0 14.7718515,-13.4039043,0 14.78477,-13.3895693,0 14.8073921,-13.375659,0 14.8235407,-13.3599319,0 14.8289595,-13.352025,0 14.8504467,-13.3340979,0 14.8594627,-13.321682,0 14.8647949,-13.3140731,0 14.8744993,-13.3002253,0 14.8788038,-13.2907748,0 14.8795628,-13.2891084,0 14.8848257,-13.2775536,0 14.8848335,-13.2769499,0 14.8851414,-13.2530117,0 14.8858115,-13.2474286,0 14.887125,-13.2364864,0 14.8868408,-13.2350826,0 14.8793564,-13.1981163,0 14.8766861,-13.1763811,0 14.8724009,-13.1541958,0 14.872262,-13.1534767,0 14.8746902,-13.146718,0 14.878993,-13.1347418,0 14.8775475,-13.1161338,0 14.876462,-13.1021605,0 14.8861637,-13.0817575,0 14.9017677,-13.0608778,0 14.9002686,-13.0397291,0 14.9002597,-13.0395715,0 14.8988295,-13.0140133,0 14.9182434,-13.0177412,0 14.9240236,-13.0269661,0 14.9247413,-13.0352673,0 14.9265938,-13.056695,0 14.9316626,-13.0756149,0 14.9348016,-13.0984131,0 14.9354439,-13.1030779,0 14.9434481,-13.1231833,0 14.9716897,-13.1427459,0 14.9721069,-13.1430349,0 14.9822516,-13.1498657,0 14.9972668,-13.159976,0 15.0390177,-13.1714573,0 15.0451422,-13.1532803,0 15.0399723,-13.1417847,0 15.0319185,-13.1251059,0 15.0231771,-13.1164103,0 15.005084,-13.1007204,0 14.9928474,-13.0885439,0 14.9854021,-13.0707321,0 14.974513,-13.0473715,0 14.97334,-13.0448551,0 14.9671402,-13.0219221,0 14.9579859,-12.9995136,0 14.9571028,-12.9760904,0 14.9515501,-12.9690043,0 14.9385338,-12.9523935,0 14.921648,-12.9355736,0 14.9144515,-12.9120026,0 14.9142914,-12.911478,0 14.9278908,-12.9082642,0 14.9461842,-12.9068327,0 14.9679642,-12.9094524,0 14.9878769,-12.9200354,0 14.989581,-12.9209561,0 15.0031023,-12.9282618,0 15.0193174,-12.9372317,0 15.0200834,-12.9376554,0 15.0377045,-12.9430618,0 15.0509785,-12.9466401,0 15.0623875,-12.9497156,0 15.0709603,-12.9488968,0 15.0830469,-12.9477425,0 15.1031322,-12.9446163,0 15.117394,-12.9381678,0 15.122695,-12.935771,0 15.1433897,-12.9309397,0 15.1496754,-12.9475908,0 15.1724625,-12.9651337,0 15.1753826,-12.9673824,0 15.1781254,-12.9667833,0 15.1925278,-12.9636374,0 15.1966399,-12.9526768,0 15.1967888,-12.95228,0 15.1947407,-12.942564,0 15.1926735,-12.9327569,0 15.1923218,-12.9310884,0 15.182518,-12.912673,0 15.1673412,-12.899888,0 15.1486235,-12.8876219,0 15.1363554,-12.8783035,0 15.1140976,-12.8665533,0 15.0904457,-12.8645231,0 15.0899553,-12.864481,0 15.0890682,-12.8656306,0 15.0803728,-12.8768988,0 15.0792609,-12.8850567,0 15.0784311,-12.8911448,0 15.0733501,-12.8946174,0 15.0653524,-12.9000835,0 15.0558872,-12.9027967,0 15.0359526,-12.8939304,0 15.0266071,-12.885654,0 15.0149612,-12.8753405,0 14.9980831,-12.8579521,0 14.9863281,-12.8505027,0 14.9805393,-12.8468342,0 14.9541864,-12.8332958,0 14.9468193,-12.8313341,0 14.935977,-12.8284473,0 14.9351995,-12.8285907,0 14.9188442,-12.8316069,0 14.8969393,-12.8392611,0 14.8844175,-12.8504858,0 14.8700027,-12.8713865,0 14.8603811,-12.8860826,0 14.8560553,-12.901432,0 14.8463802,-12.9201221,0 14.8344135,-12.9336376,0 14.8273554,-12.9468613,0 14.8312206,-12.9524288,0 14.8373632,-12.9787922,0 14.8348876,-12.9902947,0 14.8323421,-13.0021219,0 14.8213196,-13.03335,0 14.8067923,-13.0616655,0 14.7992964,-13.0935211,0 14.7942905,-13.1151361,0 14.7898739,-13.1411865,0 14.7891741,-13.1453142,0 14.7895002,-13.1653004,0 14.7891169,-13.1944094,0 14.7943212,-13.2118384,0 14.7947693,-13.2133389,0 14.7963362,-13.2287779,0 14.7990608,-13.2459459,0 14.7946288,-13.2600627,0 14.792284,-13.2675314,0 14.7881079,-13.2708902,0 14.7615137,-13.2733202,0 14.7436123,-13.2878742,0 
						</coordinates>
					</LinearRing>
					<LinearRing>
						<coordinates>
							14.465188,-13.3563404,0 14.493063,-13.3476791,0 14.4949064,-13.3425732,0 14.4927807,-13.325984,0 14.4794321,-13.3097744,0 14.4696026,-13.2953358,0 14.4612541,-13.2818089,0 14.4478884,-13.2864037,0 14.4253635,-13.2928696,0 14.4117117,-13.2957172,0 14.4083672,-13.3068315,0 14.4030638,-13.3244553,0 14.4081516,-13.3399553,0 14.4256711,-13.3462648,0 14.4281235,-13.3471479,0 14.4463396,-13.3531666,0 14.465188,-13.3563404,0 
						</coordinates>
					</LinearRing>
					<LinearRing>
						<coordinates>
							15.2090397,-9.9299126,0 15.1996536,-9.933324799999999,0 15.1928272,-9.946125,0 15.2022142,-9.976843799999999,0 15.2150126,-10.0152407,0 15.2347202,-10.0513248,0 15.2349145,-10.0540957,0 15.2350944,-10.0566616,0 15.2357225,-10.0656223,0 15.2395725,-10.0862455,0 15.2422295,-10.1091375,0 15.2437439,-10.1297293,0 15.2452145,-10.1543179,0 15.249052,-10.1760855,0 15.2534943,-10.196146,0 15.2591248,-10.2145119,0 15.2659178,-10.2334661,0 15.2722321,-10.2432709,0 15.2896461,-10.2532349,0 15.2995253,-10.2579489,0 15.3163309,-10.2701883,0 15.3215637,-10.2725487,0 15.3390512,-10.276228,0 15.3396138,-10.2760533,0 15.3531227,-10.2718582,0 15.3683621,-10.2660454,0 15.3718996,-10.2646961,0 15.3720264,-10.2532721,0 15.3631024,-10.2464144,0 15.3621788,-10.2457047,0 15.3470669,-10.2386322,0 15.3308067,-10.2298307,0 15.3217643,-10.2217608,0 15.3099852,-10.2112484,0 15.3025893,-10.1973518,0 15.301405,-10.1951265,0 15.3012261,-10.1944734,0 15.2974787,-10.1807871,0 15.2935715,-10.1647329,0 15.2901783,-10.1549711,0 15.2821198,-10.1445704,0 15.2819141,-10.1294009,0 15.2818022,-10.1211395,0 15.2806931,-10.115983,0 15.2798309,-10.1037202,0 15.2796879,-10.1016855,0 15.2797527,-10.0959721,0 15.2816734,-10.0811453,0 15.2789698,-10.062253,0 15.272646,-10.0535908,0 15.265357,-10.0220671,0 15.2602367,-10.0041475,0 15.2576518,-9.999212699999999,0 15.2508507,-9.9862289,0 15.2489057,-9.9797452,0 15.2457314,-9.969162900000001,0 15.2414646,-9.9589243,0 15.2329311,-9.946125,0 15.2184267,-9.933324799999999,0 15.2090397,-9.9299126,0 
						</coordinates>
					</LinearRing>
					<LinearRing>
						<coordinates>
							15.398119,-10.9090004,0 15.4005117,-10.9044628,0 15.3870907,-10.9002752,0 15.3760366,-10.8938332,0 15.3615351,-10.881629,0 15.3452587,-10.8711138,0 15.3402081,-10.851615,0 15.3396062,-10.8504051,0 15.3344822,-10.8401051,0 15.332263,-10.8292179,0 15.3300762,-10.8154736,0 15.3255424,-10.8022661,0 15.3179598,-10.7998724,0 15.3120813,-10.8020725,0 15.3038368,-10.8065271,0 15.3003244,-10.8064766,0 15.2903299,-10.8103313,0 15.2874041,-10.8102894,0 15.2855745,-10.8125049,0 15.2808752,-10.8181953,0 15.2842503,-10.8302422,0 15.2917547,-10.8394918,0 15.2986946,-10.8470211,0 15.3068304,-10.8522797,0 15.3108187,-10.862051,0 15.3171864,-10.8684273,0 15.3188334,-10.8781643,0 15.3158731,-10.8809786,0 15.3059673,-10.8768368,0 15.2960739,-10.8715525,0 15.2920338,-10.8682612,0 15.2867918,-10.8639908,0 15.2711794,-10.861585,0 15.2704287,-10.8614693,0 15.2612004,-10.8646986,0 15.2587405,-10.8655594,0 15.25632,-10.8664064,0 15.2493296,-10.8634481,0 15.2376022,-10.8649912,0 15.227644,-10.8654165,0 15.2197801,-10.8653019,0 15.2183547,-10.8652811,0 15.2165213,-10.8652544,0 15.2140518,-10.8649395,0 15.2013226,-10.8633165,0 15.1913176,-10.8677397,0 15.1904174,-10.8700399,0 15.1870928,-10.8785353,0 15.1957397,-10.89009,0 15.2032366,-10.8999119,0 15.21167,-10.9045223,0 15.2172012,-10.907546,0 15.2265091,-10.9128246,0 15.2346125,-10.9209423,0 15.2433424,-10.9256411,0 15.2515059,-10.9286165,0 15.2626247,-10.9293499,0 15.2743206,-10.9306612,0 15.2813797,-10.927906,0 15.283024,-10.9263426,0 15.2890749,-10.9205894,0 15.3014097,-10.9173393,0 15.303113,-10.9219341,0 15.299641,-10.933306,0 15.2994652,-10.9338818,0 15.2975264,-10.949852,0 15.296277,-10.9566898,0 15.2938881,-10.9742808,0 15.2937212,-10.9755096,0 15.2947626,-10.9869518,0 15.3016729,-10.9973354,0 15.3036169,-10.9981657,0 15.3127489,-11.0020657,0 15.3209085,-11.0056105,0 15.3383684,-11.0155745,0 15.3465233,-11.0196896,0 15.3599625,-11.0227365,0 15.3734331,-11.0229273,0 15.3863497,-11.0202541,0 15.3881389,-11.0199888,0 15.3969097,-11.0186882,0 15.3999329,-11.0101585,0 15.3982706,-11.0015659,0 15.3913622,-10.990613,0 15.3826733,-10.9819193,0 15.3825382,-10.981802,0 15.3739719,-10.9743681,0 15.367053,-10.9645576,0 15.3625212,-10.9507809,0 15.3620821,-10.9424884,0 15.3620367,-10.9416304,0 15.363055,-10.9387585,0 15.3638506,-10.9365149,0 15.3680706,-10.9257174,0 15.3727989,-10.9217854,0 15.3857174,-10.91854,0 15.398119,-10.9090004,0 
						</coordinates>
					</LinearRing>
					<LinearRing>
						<coordinates>
							15.37852,-11.1452732,0 15.378685,-11.1304188,0 15.3782053,-11.1206999,0 15.374856,-11.1057959,0 15.3727754,-11.1039122,0 15.3626747,-11.0947676,0 15.3551922,-11.0826635,0 15.3407402,-11.0653172,0 15.3388414,-11.0778599,0 15.3404198,-11.0938807,0 15.3408508,-11.1076002,0 15.3401499,-11.1178741,0 15.3317871,-11.1320391,0 15.3269386,-11.1462536,0 15.3257093,-11.1513796,0 15.3300155,-11.1582797,0 15.3314657,-11.1606035,0 15.3382912,-11.1789846,0 15.333952,-11.2000628,0 15.3337784,-11.2154865,0 15.3356732,-11.2328303,0 15.3359041,-11.2349443,0 15.33755,-11.2387293,0 15.3439035,-11.2533407,0 15.3542633,-11.2706289,0 15.3611126,-11.2872953,0 15.3680773,-11.2936792,0 15.3745554,-11.3021771,0 15.3773241,-11.305809,0 15.3895216,-11.3162642,0 15.3981762,-11.3289566,0 15.4144726,-11.3400402,0 15.4245148,-11.3333225,0 15.4270163,-11.3190746,0 15.4273469,-11.3119531,0 15.4277849,-11.3025169,0 15.4232502,-11.2881689,0 15.406496,-11.2656527,0 15.3937397,-11.2529039,0 15.3845701,-11.2339201,0 15.3742428,-11.2137766,0 15.3714781,-11.1988811,0 15.3715573,-11.1917281,0 15.3716173,-11.1863127,0 15.3743118,-11.1762775,0 15.3752851,-11.1726522,0 15.380126,-11.159008,0 15.37852,-11.1452732,0 
						</coordinates>
					</LinearRing>
					<LinearRing>
						<coordinates>
							15.3242321,-12.568265,0 15.2764235,-12.5908251,0 15.2616491,-12.5951815,0 15.245163,-12.594943,0 15.2299213,-12.5890112,0 15.2182856,-12.5768499,0 15.200716,-12.5685978,0 15.1794472,-12.5745678,0 15.166893,-12.590374,0 15.1509342,-12.5952778,0 15.1313944,-12.6041269,0 15.1132548,-12.6098508,0 15.1089296,-12.6112156,0 15.0964746,-12.618454,0 15.0927134,-12.6372442,0 15.0924568,-12.65837,0 15.0928173,-12.6772223,0 15.0942936,-12.7012281,0 15.0993195,-12.7241459,0 15.1057156,-12.7300939,0 15.108057,-12.7322712,0 15.1251402,-12.7325258,0 15.138319,-12.714447,0 15.1412849,-12.7049663,0 15.1438313,-12.6968269,0 15.1494336,-12.6895584,0 15.1534061,-12.6844044,0 15.1653147,-12.6737299,0 15.1807213,-12.6659603,0 15.1977482,-12.6707792,0 15.2135954,-12.6755791,0 15.2282333,-12.6832161,0 15.2458496,-12.6880398,0 15.2515011,-12.7086802,0 15.2477971,-12.7175121,0 15.2460014,-12.7217939,0 15.2448359,-12.7245731,0 15.2427683,-12.735054,0 15.2409381,-12.7443263,0 15.2404537,-12.7467804,0 15.2366104,-12.7555637,0 15.2320491,-12.7620085,0 15.230402,-12.7643356,0 15.2256298,-12.7727385,0 15.2205915,-12.7816486,0 15.216218,-12.7892847,0 15.2147083,-12.7914388,0 15.2123861,-12.7947521,0 15.2067261,-12.7978535,0 15.1919689,-12.8111715,0 15.1934261,-12.8374615,0 15.207428,-12.8496561,0 15.2210493,-12.8441448,0 15.2400265,-12.8341427,0 15.2618961,-12.8287477,0 15.2872152,-12.8308249,0 15.3089733,-12.8351326,0 15.313048,-12.84299,0 15.3176241,-12.8518143,0 15.3163223,-12.8626451,0 15.2996712,-12.8755417,0 15.2878076,-12.8839206,0 15.285408,-12.8856153,0 15.2865696,-12.8860998,0 15.3024216,-12.8927107,0 15.3199673,-12.9049511,0 15.339982,-12.9075184,0 15.3670321,-12.9136105,0 15.3906345,-12.9116573,0 15.38445,-12.8847342,0 15.3821103,-12.8715885,0 15.3794575,-12.8566837,0 15.3832395,-12.8438792,0 15.3898706,-12.8214283,0 15.4066916,-12.7925406,0 15.4216433,-12.7727623,0 15.431775,-12.7576117,0 15.4360209,-12.7512627,0 15.4490546,-12.7373457,0 15.4545002,-12.7315311,0 15.470561,-12.7174768,0 15.4913998,-12.6972036,0 15.5014779,-12.6899425,0 15.5139589,-12.6809502,0 15.5471897,-12.6579857,0 15.5601985,-12.645675,0 15.5617129,-12.644242,0 15.5632534,-12.6427841,0 15.5747597,-12.6258027,0 15.5782089,-12.6207123,0 15.5802393,-12.5956116,0 15.5806922,-12.5892493,0 15.5823107,-12.566514,0 15.5749227,-12.5412969,0 15.5749197,-12.5412865,0 15.5608387,-12.5365286,0 15.5477371,-12.5506287,0 15.5467952,-12.552344,0 15.5393314,-12.5659361,0 15.5251827,-12.5674582,0 15.5205083,-12.5630928,0 15.5063744,-12.5498936,0 15.5059443,-12.5494919,0 15.4945499,-12.5415914,0 15.4925022,-12.5401716,0 15.483058,-12.542326,0 15.4759254,-12.5485106,0 15.4867659,-12.5806408,0 15.4807806,-12.5896969,0 15.4556475,-12.5722179,0 15.4406416,-12.5622374,0 15.4346027,-12.5582209,0 15.4133577,-12.5624943,0 15.390378,-12.5638876,0 15.3709688,-12.561902,0 15.3242321,-12.568265,0 
						</coordinates>
					</LinearRing>
					<LinearRing>
						<coordinates>
							15.2933253,-14.8587007,0 15.30546,-14.8004541,0 15.3003512,-14.7705299,0 15.2994871,-14.7654686,0 15.2901159,-14.7570841,0 15.2670622,-14.7364578,0 15.2536245,-14.7186322,0 15.2271168,-14.6834688,0 15.2252512,-14.680994,0 15.2115457,-14.6593538,0 15.2090387,-14.6553955,0 15.1929389,-14.6507351,0 15.1766138,-14.6460094,0 15.138216,-14.639183,0 15.1092043,-14.6494226,0 15.0851546,-14.6510455,0 15.0520649,-14.6532784,0 15.0552393,-14.678448,0 15.0553064,-14.6789799,0 15.0548118,-14.6882681,0 15.0537596,-14.7080288,0 15.0539984,-14.7110874,0 15.055809,-14.7342806,0 15.0637856,-14.7618675,0 15.0649118,-14.7657671,0 15.0811424,-14.7967873,0 15.0968332,-14.8238087,0 15.1114359,-14.8428345,0 15.1295881,-14.8630486,0 15.1412764,-14.8780375,0 15.1476593,-14.8900995,0 15.1630144,-14.8965931,0 15.1713364,-14.8994421,0 15.1925707,-14.9067116,0 15.2249823,-14.9265556,0 15.2567854,-14.9480972,0 15.273674,-14.9762602,0 15.2780286,-14.9845479,0 15.2795677,-14.9874773,0 15.2944042,-14.9873991,0 15.3088732,-14.9873228,0 15.3096212,-14.9863028,0 15.3182592,-14.9745235,0 15.3088732,-14.9583111,0 15.3080144,-14.9557347,0 15.30075,-14.9339417,0 15.2960739,-14.9199133,0 15.2866879,-14.8840752,0 15.2926607,-14.8618908,0 15.2933253,-14.8587007,0 
						</coordinates>
					</LinearRing>
					<LinearRing>
						<coordinates>
							15.0595055,-11.9336128,0 15.0674169,-11.9337324,0 15.0783043,-11.933897,0 15.0994463,-11.9347858,0 15.1065217,-11.9309356,0 15.1106853,-11.9286699,0 15.1189098,-11.928793,0 15.1329336,-11.9352875,0 15.1451073,-11.9491777,0 15.1620169,-11.9602814,0 15.1760836,-11.9633455,0 15.200119,-11.9682693,0 15.2112894,-11.9678612,0 15.2230606,-11.9663191,0 15.2325544,-11.9584608,0 15.2348405,-11.9475757,0 15.2356644,-11.9436531,0 15.2215977,-11.9405909,0 15.2081308,-11.9363956,0 15.1914707,-11.9265564,0 15.1882915,-11.9246788,0 15.1666698,-11.914649,0 15.1479673,-11.906374,0 15.1367929,-11.9116103,0 15.1349688,-11.9124651,0 15.1186094,-11.9047956,0 15.10639,-11.8949003,0 15.0941505,-11.8867187,0 15.0853758,-11.8837318,0 15.0765448,-11.8853121,0 15.0718702,-11.8870514,0 15.0558891,-11.8929977,0 15.0518427,-11.8942931,0 15.0405531,-11.8979073,0 15.0252218,-11.9041009,0 15.0228386,-11.9050636,0 15.0133343,-11.9134893,0 15.0168408,-11.915914,0 15.0302296,-11.9251719,0 15.0431261,-11.9276533,0 15.0595055,-11.9336128,0 
						</coordinates>
					</LinearRing>
					<LinearRing>
						<coordinates>
							14.8074579,-10.9864016,0 14.8074131,-10.9898291,0 14.8085097,-10.9920418,0 14.811409,-10.9978924,0 14.8155746,-10.9928169,0 14.8239069,-10.9826651,0 14.8250562,-10.9769186,0 14.82516,-10.9763994,0 14.8293905,-10.9661818,0 14.8312597,-10.9576406,0 14.8349266,-10.9456997,0 14.8356399,-10.9435701,0 14.8379726,-10.9366055,0 14.8404617,-10.9252176,0 14.841691,-10.9206667,0 14.8429728,-10.9121151,0 14.8441963,-10.9081354,0 14.8496628,-10.8927946,0 14.8544636,-10.883728,0 14.8685493,-10.881094,0 14.867116,-10.9016418,0 14.8691864,-10.9228163,0 14.8708773,-10.9279842,0 14.8748589,-10.937191,0 14.8764257,-10.9520712,0 14.8810663,-10.9555731,0 14.8886786,-10.9556923,0 14.8934278,-10.9506245,0 14.893486,-10.9460545,0 14.8941727,-10.9380655,0 14.8936892,-10.9300594,0 14.8944559,-10.9157858,0 14.9045467,-10.9050884,0 14.908493,-10.9171495,0 14.9148312,-10.9252481,0 14.9170876,-10.9321404,0 14.9211283,-10.9367733,0 14.9269896,-10.9362936,0 14.9329739,-10.9261036,0 14.9351101,-10.9149424,0 14.935482,-10.9129992,0 14.9338193,-10.90494,0 14.9321709,-10.8969498,0 14.9317865,-10.8809443,0 14.9278679,-10.8665991,0 14.9262638,-10.8545742,0 14.9237034,-10.8449356,0 14.9229107,-10.8419514,0 14.9160156,-10.8315582,0 14.9155827,-10.8195524,0 14.905735,-10.8113995,0 14.8993263,-10.8090134,0 14.889369,-10.8094273,0 14.8829174,-10.8104687,0 14.8767419,-10.8097,0 14.8723974,-10.8091593,0 14.8677158,-10.8090849,0 14.8472977,-10.8036203,0 14.8378973,-10.8063278,0 14.8314238,-10.8090811,0 14.8190002,-10.8191681,0 14.8171034,-10.8299942,0 14.8192587,-10.8443127,0 14.823164,-10.8592319,0 14.8253126,-10.8741217,0 14.8238907,-10.893527,0 14.8190145,-10.9083052,0 14.8159838,-10.9162569,0 14.8122702,-10.9316244,0 14.8116035,-10.9378996,0 14.8100454,-10.9466781,0 14.8090754,-10.9521437,0 14.8095789,-10.9584379,0 14.8095417,-10.9612942,0 14.8079428,-10.9721709,0 14.8076143,-10.9744053,0 14.8075771,-10.9772615,0 14.8074579,-10.9864016,0 
						</coordinates>
					</LinearRing>
					<LinearRing>
						<coordinates>
							15.2900114,-10.5297804,0 15.2899975,-10.5294308,0 15.2895555,-10.5183477,0 15.2884846,-10.5097609,0 15.2955055,-10.5092907,0 15.3001127,-10.5156422,0 15.3035812,-10.5191212,0 15.3043974,-10.5198712,0 15.3105278,-10.5255051,0 15.3163815,-10.5250177,0 15.318758,-10.5216246,0 15.3177233,-10.5096102,0 15.3171157,-10.5073319,0 15.3143587,-10.4969931,0 15.3080425,-10.4866161,0 15.3046322,-10.4779968,0 15.3006439,-10.4687967,0 15.2966299,-10.4618835,0 15.2984533,-10.4556246,0 15.2991469,-10.4542004,0 15.3030843,-10.4461149,0 15.3056374,-10.4408722,0 15.3005505,-10.4253721,0 15.2971354,-10.417325,0 15.2960558,-10.4093094,0 15.2911396,-10.4064155,0 15.2890892,-10.4052086,0 15.2862053,-10.4017401,0 15.2738657,-10.4072752,0 15.2728809,-10.4155338,0 15.2725735,-10.4181118,0 15.273592,-10.4312677,0 15.272851,-10.4449701,0 15.2721949,-10.4512453,0 15.2716977,-10.4610408,0 15.2714415,-10.4660892,0 15.2671843,-10.4803133,0 15.2652731,-10.4939966,0 15.2655626,-10.5017514,0 15.2657213,-10.5060024,0 15.266201,-10.515152,0 15.2683306,-10.5334663,0 15.2700129,-10.5397758,0 15.2728643,-10.5461025,0 15.2745733,-10.550128,0 15.2803555,-10.5559244,0 15.2822161,-10.5574186,0 15.2861519,-10.5605793,0 15.292621,-10.5595598,0 15.2961121,-10.5590096,0 15.2978926,-10.5567493,0 15.2942843,-10.5427094,0 15.2922916,-10.534956,0 15.2900114,-10.5297804,0 
						</coordinates>
					</LinearRing>
					<LinearRing>
						<coordinates>
							15.1902666,-11.0989103,0 15.1868534,-11.1117096,0 15.1774673,-11.1228027,0 15.1612549,-11.1151228,0 15.1322432,-11.0895243,0 15.1310434,-11.0877708,0 15.1101756,-11.0572714,0 15.1100578,-11.0570993,0 15.1095772,-11.0568717,0 15.0938454,-11.0494204,0 15.0861664,-11.0605125,0 15.0838595,-11.07262,0 15.0827522,-11.0784311,0 15.0841413,-11.0950951,0 15.0844593,-11.0989103,0 15.0895796,-11.1151228,0 15.1041151,-11.1363366,0 15.121151,-11.1611996,0 15.1397556,-11.1991843,0 15.1416302,-11.2030115,0 15.1457194,-11.2111983,0 15.1541623,-11.2281013,0 15.1542625,-11.228302,0 15.1611862,-11.2375469,0 15.1645732,-11.241969,0 15.1744652,-11.2548838,0 15.1825838,-11.2624321,0 15.1912489,-11.2734156,0 15.1992584,-11.2841023,0 15.1999083,-11.2849693,0 15.203311,-11.294733,0 15.2114909,-11.3021022,0 15.2149153,-11.3051872,0 15.2230902,-11.3081636,0 15.225539,-11.3087978,0 15.2301054,-11.3099804,0 15.2460127,-11.3033562,0 15.2571049,-11.3075161,0 15.2567759,-11.2852287,0 15.2493792,-11.2656956,0 15.242444,-11.2570229,0 15.2336979,-11.2528963,0 15.2283436,-11.2475389,0 15.225585,-11.2447786,0 15.2209768,-11.2378559,0 15.2117319,-11.2262926,0 15.208885,-11.2234437,0 15.20362,-11.2181749,0 15.1960812,-11.2112074,0 15.1902819,-11.2059803,0 15.1774893,-11.1972208,0 15.1722631,-11.1931438,0 15.1664972,-11.1850595,0 15.1648607,-11.1747503,0 15.167285,-11.1679296,0 15.1790447,-11.1646757,0 15.1905633,-11.1658375,0 15.1989479,-11.1666832,0 15.2153416,-11.168066,0 15.2165005,-11.1685196,0 15.2229252,-11.1710339,0 15.2345781,-11.176918,0 15.2486095,-11.1799784,0 15.2529625,-11.1803686,0 15.2638321,-11.1813431,0 15.2767372,-11.1803865,0 15.2908859,-11.1731634,0 15.300828,-11.1750202,0 15.305007,-11.1682234,0 15.3063912,-11.1627633,0 15.3074608,-11.1585445,0 15.2885476,-11.1492276,0 15.2835674,-11.1467743,0 15.2630606,-11.1464777,0 15.2455149,-11.1433659,0 15.2312077,-11.127331,0 15.221838,-11.1168299,0 15.2193131,-11.1092554,0 15.2141581,-11.093791,0 15.2073326,-11.0801382,0 15.1962395,-11.076725,0 15.1914245,-11.0946095,0 15.1902666,-11.0989103,0 
						</coordinates>
					</LinearRing>
					<LinearRing>
						<coordinates>
							15.1195736,-11.7265673,0 15.1121957,-11.727412,0 15.1019325,-11.7285872,0 15.0947933,-11.7364788,0 15.0928793,-11.7490187,0 15.0897346,-11.7566909,0 15.0868282,-11.7637815,0 15.0836165,-11.7644811,0 15.0721083,-11.7669878,0 15.0686875,-11.7672578,0 15.0538864,-11.7684259,0 15.0385704,-11.772193,0 15.0354319,-11.7887135,0 15.0380517,-11.8007148,0 15.0404367,-11.8116407,0 15.0503626,-11.8163624,0 15.0621147,-11.8159695,0 15.0668749,-11.8152373,0 15.0756502,-11.8138876,0 15.0903788,-11.8101101,0 15.1026907,-11.8120089,0 15.1050381,-11.8120437,0 15.1156092,-11.8122005,0 15.1331921,-11.81532,0 15.1446615,-11.8171464,0 15.1490211,-11.8178406,0 15.1532612,-11.8070498,0 15.1526202,-11.8039648,0 15.1499271,-11.7910042,0 15.1483355,-11.7766981,0 15.1647558,-11.7786541,0 15.1764526,-11.7828255,0 15.185173,-11.7903814,0 15.1939278,-11.7950811,0 15.1995196,-11.7974139,0 15.2038631,-11.7992258,0 15.2178898,-11.8051434,0 15.220942,-11.8060568,0 15.2319365,-11.8093472,0 15.2453833,-11.8146858,0 15.258008,-11.8128254,0 15.2595043,-11.8126049,0 15.2649078,-11.8023996,0 15.2603149,-11.7931929,0 15.2585296,-11.7919414,0 15.2486639,-11.7850256,0 15.2322941,-11.7785034,0 15.2223997,-11.7709322,0 15.2124853,-11.7650738,0 15.2045736,-11.763243,0 15.1914005,-11.7601948,0 15.1747045,-11.751568,0 15.1686373,-11.7484331,0 15.1612005,-11.7317553,0 15.1477604,-11.7264147,0 15.1337118,-11.7227774,0 15.1195736,-11.7265673,0 
						</coordinates>
					</LinearRing>
					<LinearRing>
						<coordinates>
							15.5695457,-10.9222183,0 15.5592042,-10.9199859,0 15.5526037,-10.918561,0 15.5344172,-10.9217424,0 15.5255623,-10.9218916,0 15.5156755,-10.9220581,0 15.5084712,-10.919608,0 15.5062777,-10.918862,0 15.4981718,-10.9161053,0 15.4842625,-10.9027719,0 15.4686975,-10.8979654,0 15.4669729,-10.9003247,0 15.4656278,-10.9021649,0 15.4629076,-10.9058862,0 15.4595861,-10.91043,0 15.4592596,-10.9112233,0 15.4553766,-10.9206562,0 15.4587421,-10.9344158,0 15.4645166,-10.9419241,0 15.473176,-10.9534712,0 15.4771891,-10.9615269,0 15.4788532,-10.9701195,0 15.4728498,-10.9837494,0 15.4680729,-10.9922543,0 15.4621181,-11.0013132,0 15.4620485,-11.0075979,0 15.4666367,-11.0168028,0 15.4759216,-11.02493,0 15.4888372,-11.0222511,0 15.4953098,-11.0194836,0 15.50595,-11.0104876,0 15.5069699,-11.0048867,0 15.5071955,-11.0036478,0 15.5067244,-10.9927855,0 15.5078075,-10.9802937,0 15.5080605,-10.9773769,0 15.5076017,-10.965373,0 15.5135059,-10.9608822,0 15.519856,-10.9609685,0 15.525218,-10.9610415,0 15.539856,-10.9633601,0 15.5410042,-10.963542,0 15.5503721,-10.9636688,0 15.5508931,-10.9637221,0 15.5632439,-10.9649858,0 15.5796461,-10.9646358,0 15.5942793,-10.9654055,0 15.606576,-10.9655685,0 15.614768,-10.9662495,0 15.6253262,-10.9646769,0 15.6265034,-10.9609867,0 15.6289568,-10.9532967,0 15.6225314,-10.9450962,0 15.6185522,-10.9400177,0 15.6076709,-10.933193,0 15.6045876,-10.9312592,0 15.5853071,-10.927001,0 15.5744619,-10.9237101,0 15.5695457,-10.9222183,0 
						</coordinates>
					</LinearRing>
					<LinearRing>
						<coordinates>
							15.8675041,-14.5292969,0 15.8836823,-14.5733948,0 15.8875446,-14.6036577,0 15.8884754,-14.6304617,0 15.8867559,-14.6348486,0 15.8997469,-14.6300306,0 15.9128508,-14.6165073,0 15.9183092,-14.6108742,0 15.9202814,-14.5903749,0 15.9177179,-14.5776828,0 15.9140482,-14.559514,0 15.9185944,-14.5173798,0 15.9116926,-14.49506,0 15.9168966,-14.4846837,0 15.9170232,-14.4844313,0 15.9198551,-14.4787846,0 15.9019051,-14.4523144,0 15.8904594,-14.4523144,0 15.8856926,-14.4523144,0 15.8728933,-14.4489012,0 15.8636427,-14.4503244,0 15.850708,-14.4523144,0 15.8472948,-14.47194,0 15.8480994,-14.4733346,0 15.8532126,-14.4821976,0 15.8600941,-14.4941254,0 15.8675041,-14.5292969,0 
						</coordinates>
					</LinearRing>
					<LinearRing>
						<coordinates>
							15.5493927,-14.6288421,0 15.5469208,-14.6295061,0 15.524929,-14.6343422,0 15.5245838,-14.6350277,0 15.515233,-14.653594,0 15.517334,-14.6787052,0 15.527741,-14.6831993,0 15.5350456,-14.6863537,0 15.5695324,-14.6782637,0 15.5933599,-14.6683168,0 15.5978027,-14.6671702,0 15.6248779,-14.660182,0 15.6522894,-14.6474295,0 15.6702414,-14.6317015,0 15.6846399,-14.6153545,0 15.698514,-14.5921593,0 15.7090839,-14.5732441,0 15.7117987,-14.5683861,0 15.7173176,-14.5502138,0 15.7287397,-14.5343962,0 15.7431288,-14.5182362,0 15.7542868,-14.513751,0 15.7602596,-14.4975376,0 15.7474604,-14.4779129,0 15.7416824,-14.4745678,0 15.7312479,-14.4685268,0 15.7023668,-14.4793358,0 15.7006893,-14.4946957,0 15.6915846,-14.5156746,0 15.6754122,-14.5319996,0 15.6675091,-14.551281,0 15.6608429,-14.5654478,0 15.6501805,-14.5791527,0 15.6494265,-14.580122,0 15.6457138,-14.5811152,0 15.6255909,-14.5864984,0 15.6250496,-14.5866432,0 15.6236868,-14.5901937,0 15.6189547,-14.6025276,0 15.5950613,-14.6193142,0 15.5886396,-14.6200514,0 15.5772495,-14.6213589,0 15.5493927,-14.6288421,0 
						</coordinates>
					</LinearRing>
					<LinearRing>
						<coordinates>
							15.6609087,-14.270649,0 15.6501675,-14.2784929,0 15.6523361,-14.2979116,0 15.6617241,-14.3065872,0 15.6717052,-14.3152723,0 15.6870155,-14.3240242,0 15.6975965,-14.3321438,0 15.7071266,-14.3271351,0 15.7095242,-14.3243141,0 15.7099373,-14.3238505,0 15.7251015,-14.3068352,0 15.7263889,-14.296587,0 15.7265205,-14.283473,0 15.7250711,-14.2757316,0 15.7242727,-14.2714672,0 15.71838,-14.2625299,0 15.7166882,-14.259964,0 15.7024708,-14.2603521,0 15.6923571,-14.2647829,0 15.6795551,-14.267586,0 15.6751442,-14.2685518,0 15.6609087,-14.270649,0 
						</coordinates>
					</LinearRing>
					<LinearRing>
						<coordinates>
							15.8733711,-14.1632681,0 15.8726645,-14.1752367,0 15.8672762,-14.1814432,0 15.8566256,-14.1807423,0 15.8435965,-14.1811504,0 15.8299141,-14.1878242,0 15.8374949,-14.1998968,0 15.8563633,-14.2081156,0 15.8710833,-14.2168522,0 15.8899212,-14.2284899,0 15.8986797,-14.2417154,0 15.9109545,-14.2589741,0 15.9287176,-14.2591906,0 15.9399157,-14.250814,0 15.9519758,-14.2417927,0 15.9597473,-14.233902,0 15.969945,-14.2197666,0 15.9727308,-14.2088098,0 15.9748602,-14.2004347,0 15.9732265,-14.1850147,0 15.9686413,-14.1684208,0 15.9579916,-14.1677217,0 15.9401627,-14.174922,0 15.9306374,-14.1805086,0 15.9187708,-14.1832161,0 15.9081631,-14.1779537,0 15.8975878,-14.1692686,0 15.8875999,-14.1611614,0 15.8733711,-14.1632681,0 
						</coordinates>
					</LinearRing>
					<LinearRing>
						<coordinates>
							16.0543251,-14.0090618,0 16.053648,-14.014184,0 16.0735226,-14.0247822,0 16.0935287,-14.0375652,0 16.0952343,-14.0384106,0 16.1029568,-14.0422382,0 16.1056417,-14.0405001,0 16.1220016,-14.0299091,0 16.1317253,-14.0003576,0 16.13127,-13.991952,0 16.1307049,-13.9815207,0 16.1136436,-13.9704847,0 16.0960197,-13.9560194,0 16.0924904,-13.953013,0 16.0898609,-13.9507732,0 16.0860672,-13.951232,0 16.083839,-13.9529505,0 16.077774,-13.9576283,0 16.0741414,-13.9646107,0 16.0710869,-13.9704819,0 16.0627384,-13.9849367,0 16.0577126,-13.9961882,0 16.0543251,-14.0090618,0 
						</coordinates>
					</LinearRing>
					<LinearRing>
						<coordinates>
							16.2149944,-13.5242996,0 16.2280293,-13.5198803,0 16.236351,-13.5136948,0 16.2407303,-13.5009756,0 16.2430077,-13.4943666,0 16.2383033,-13.4799068,0 16.2366714,-13.4748907,0 16.2308178,-13.4685478,0 16.223814,-13.4581966,0 16.2156277,-13.4483995,0 16.2124905,-13.4399947,0 16.2098522,-13.4329262,0 16.2053368,-13.4268576,0 16.2039765,-13.4250294,0 16.2034283,-13.4242926,0 16.1958809,-13.4087973,0 16.1957259,-13.4054323,0 16.1953812,-13.3979464,0 16.1918983,-13.3910589,0 16.1859932,-13.3909912,0 16.1758633,-13.40172,0 16.1698475,-13.4147787,0 16.166193,-13.427865,0 16.1637344,-13.4392519,0 16.1637008,-13.4431549,0 16.163641,-13.4500952,0 16.1635246,-13.4637909,0 16.1656055,-13.4729967,0 16.1663723,-13.4763794,0 16.1665646,-13.4822537,0 16.1668396,-13.4906521,0 16.1750126,-13.502161,0 16.1879101,-13.5137215,0 16.1882325,-13.5140391,0 16.1927254,-13.5184654,0 16.1931839,-13.5189171,0 16.2014008,-13.5252876,0 16.2149944,-13.5242996,0 
						</coordinates>
					</LinearRing>
					<LinearRing>
						<coordinates>
							16.1719742,-13.7206879,0 16.1761551,-13.7160113,0 16.1851044,-13.7060013,0 16.1822422,-13.7013676,0 16.1769409,-13.6927853,0 16.1793298,-13.6734812,0 16.1794796,-13.6722708,0 16.1908474,-13.6558514,0 16.1974335,-13.6456547,0 16.2035063,-13.6383911,0 16.2042664,-13.6374821,0 16.2087765,-13.6320877,0 16.2135792,-13.6230106,0 16.201252,-13.6131706,0 16.1991135,-13.6128282,0 16.1782379,-13.6094856,0 16.1682472,-13.6030951,0 16.1576843,-13.5944147,0 16.152792,-13.61376,0 16.1373158,-13.626708,0 16.125349,-13.6436892,0 16.1250311,-13.6462039,0 16.122179,-13.6687613,0 16.1208324,-13.6875763,0 16.1204725,-13.6952244,0 16.1201077,-13.7029753,0 16.1265297,-13.7121782,0 16.1358425,-13.7135272,0 16.1376305,-13.7137861,0 16.143652,-13.7146587,0 16.1555023,-13.7113705,0 16.1585786,-13.7131106,0 16.1719742,-13.7206879,0 
						</coordinates>
					</LinearRing>
					<LinearRing>
						<coordinates>
							16.8115501,-9.699543,0 16.7682318,-9.6820033,0 16.7667637,-9.681408899999999,0 16.7166843,-9.6712141,0 16.6921673,-9.674971599999999,0 16.6483383,-9.6893902,0 16.606714,-9.695680100000001,0 16.6046898,-9.6959859,0 16.5987206,-9.696888,0 16.5869992,-9.698991299999999,0 16.5414982,-9.7071562,0 16.4953785,-9.7141027,0 16.4711474,-9.713094,0 16.4758467,-9.715861,0 16.4830535,-9.721115599999999,0 16.4897068,-9.7270456,0 16.4957424,-9.7335938,0 16.5011022,-9.740697300000001,0 16.5057346,-9.748287700000001,0 16.5095949,-9.7562918,0 16.512646,-9.7646327,0 16.5148583,-9.773230099999999,0 16.5162106,-9.7820011,0 16.5166897,-9.790861400000001,0 16.516291,-9.799725499999999,0 16.5150183,-9.8085083,0 16.5128836,-9.817125000000001,0 16.5099076,-9.8254927,0 16.5061188,-9.8335308,0 16.5015537,-9.8411618,0 16.4962561,-9.8483123,0 16.4902771,-9.8549133,0 16.4836742,-9.860901200000001,0 16.476511,-9.866218399999999,0 16.4688565,-9.8708136,0 16.4607844,-9.8746425,0 16.4523726,-9.8776682,0 16.443702,-9.879861500000001,0 16.4348563,-9.881201300000001,0 16.4259207,-9.8816747,0 16.4169813,-9.881277000000001,0 16.4081242,-9.880012199999999,0 16.3994349,-9.8778924,0 16.3909971,-9.874937900000001,0 16.3828921,-9.871177400000001,0 16.3751981,-9.866646899999999,0 16.3679891,-9.8613903,0 16.3613346,-9.855458,0 16.3552987,-9.8489074,0 16.3499396,-9.8418014,0 16.3453089,-9.8342087,0 16.3414511,-9.8262023,0 16.3384033,-9.8178593,0 16.3361949,-9.8092603,0 16.334847,-9.8004879,0 16.3343726,-9.7916267,0 16.3347762,-9.782762,0 16.3360538,-9.773979300000001,0 16.338193,-9.7653631,0 16.3411732,-9.756996300000001,0 16.3449657,-9.748959599999999,0 16.3495338,-9.7413303,0 16.3548334,-9.734181899999999,0 16.3608137,-9.7275832,0 16.3674168,-9.721597600000001,0 16.3745793,-9.7162829,0 16.3822322,-9.7116901,0 16.3903017,-9.707863400000001,0 16.3987103,-9.7048398,0 16.4073769,-9.702648200000001,0 16.4087041,-9.702447299999999,0 16.3799786,-9.689587599999999,0 16.3783531,-9.688859900000001,0 16.3423443,-9.670187,0 16.3418017,-9.669744,0 16.3012123,-9.6366014,0 16.2447224,-9.628541,0 16.2010441,-9.6229019,0 16.151392,-9.634324100000001,0 16.1502113,-9.656008699999999,0 16.1655693,-9.661128,0 16.194582,-9.6722202,0 16.2056732,-9.693553,0 16.2031136,-9.730243700000001,0 16.2030043,-9.7358656,0 16.2020245,-9.786292100000001,0 16.2268238,-9.820850399999999,0 16.2330017,-9.8500557,0 16.2386169,-9.876969300000001,0 16.2417091,-9.885730799999999,0 16.2448921,-9.894749600000001,0 16.2662506,-9.9235544,0 16.2801685,-9.9345655,0 16.2939873,-9.9581432,0 16.3066444,-9.981135399999999,0 16.3140392,-10.0057831,0 16.3226643,-10.0224466,0 16.3288651,-10.0505075,0 16.3350945,-10.0751429,0 16.3354816,-10.1002846,0 16.3282719,-10.1259146,0 16.326849,-10.1625633,0 16.3358175,-10.1603689,0 16.3361797,-10.1602802,0 16.354105,-10.1833296,0 16.3587286,-10.1965858,0 16.3621063,-10.2062702,0 16.3631134,-10.2268486,0 16.3705311,-10.2497826,0 16.3891106,-10.2648392,0 16.4123631,-10.2805147,0 16.4362526,-10.289341,0 16.4589939,-10.295867,0 16.485815,-10.3035765,0 16.5173206,-10.3101902,0 16.562788,-10.326086,0 16.575838,-10.3259317,0 16.6148014,-10.3254709,0 16.6405544,-10.3194447,0 16.6744766,-10.3152103,0 16.6809959,-10.3131926,0 16.7066822,-10.3052425,0 16.7347962,-10.2970422,0 16.7464924,-10.2936306,0 16.7903805,-10.2831964,0 16.8249092,-10.2743797,0 16.862957,-10.2627363,0 16.9027481,-10.2522478,0 16.9166766,-10.252888,0 16.9337044,-10.2536707,0 16.9669967,-10.2487642,0 16.9775581,-10.2472076,0 16.9775874,-10.2472036,0 17.0202389,-10.2412987,0 17.0316438,-10.2480683,0 17.0505199,-10.2592726,0 17.0675663,-10.2747724,0 17.0784283,-10.2846489,0 17.0958061,-10.3133631,0 17.1161137,-10.3409595,0 17.1346397,-10.3748217,0 17.1613827,-10.403039,0 17.1895113,-10.4304259,0 17.1957054,-10.4364567,0 17.2164602,-10.4570089,0 17.2207203,-10.4612274,0 17.2492638,-10.4831657,0 17.2688532,-10.4971922,0 17.2702427,-10.4981871,0 17.3029346,-10.5092993,0 17.3160189,-10.5151313,0 17.3191345,-10.51652,0 17.3251095,-10.5191832,0 17.3509701,-10.5276626,0 17.3572254,-10.5297136,0 17.3871355,-10.5353568,0 17.3887768,-10.5356665,0 17.4139214,-10.5358534,0 17.443758,-10.5326452,0 17.4753494,-10.5294466,0 17.4888363,-10.5204039,0 17.5128269,-10.5160027,0 17.5474014,-10.4962502,0 17.5726109,-10.4781427,0 17.6031113,-10.4509287,0 17.6349012,-10.442274,0 17.6440716,-10.4397774,0 17.6463771,-10.4456646,0 17.6510258,-10.4575348,0 17.6404152,-10.4826031,0 17.6274948,-10.4996567,0 17.609293,-10.5206709,0 17.5940361,-10.5354233,0 17.5623837,-10.5557728,0 17.5465223,-10.5630596,0 17.5354347,-10.5681534,0 17.5194055,-10.5768548,0 17.5125771,-10.5805616,0 17.4815331,-10.5917664,0 17.4742135,-10.5927475,0 17.4383464,-10.597555,0 17.4370575,-10.5977278,0 17.4077459,-10.5954287,0 17.4048977,-10.5952053,0 17.3900275,-10.593731,0 17.3861885,-10.5933504,0 17.3727131,-10.5989618,0 17.3749485,-10.6229753,0 17.3784065,-10.6344271,0 17.3812389,-10.6561594,0 17.3882065,-10.6682091,0 17.4010143,-10.6831608,0 17.4150314,-10.6889782,0 17.4360657,-10.6959887,0 17.4582691,-10.7035789,0 17.4751949,-10.7139854,0 17.4810104,-10.7231693,0 17.4752234,-10.7284749,0 17.4692631,-10.7339392,0 17.454607,-10.7406893,0 17.4300442,-10.7370806,0 17.4043102,-10.7334623,0 17.3856258,-10.7241821,0 17.368103,-10.7171926,0 17.3506184,-10.7010622,0 17.3395748,-10.6844101,0 17.3314877,-10.6614943,0 17.3222179,-10.6414251,0 17.3129807,-10.614502,0 17.3122103,-10.6041063,0 17.3107777,-10.584775,0 17.3050041,-10.568161,0 17.2921829,-10.5583487,0 17.2693977,-10.5535994,0 17.2484207,-10.5374355,0 17.2233391,-10.5240936,0 17.2023201,-10.5176392,0 17.1836796,-10.5032043,0 17.169138,-10.4882307,0 17.152319,-10.4612389,0 17.134304,-10.43995,0 17.1265346,-10.4258314,0 17.1134567,-10.4020662,0 17.1013927,-10.3619719,0 17.0921478,-10.341898,0 17.0758629,-10.3274775,0 17.0455208,-10.3192177,0 17.030228,-10.3156031,0 17.0204239,-10.3132858,0 16.9964848,-10.3102198,0 16.9625778,-10.3127747,0 16.9409218,-10.3188658,0 16.8988285,-10.3219128,0 16.8730984,-10.3251047,0 16.8397369,-10.3333654,0 16.8169308,-10.3360071,0 16.7935238,-10.340929,0 16.7648354,-10.349225,0 16.7350159,-10.351223,0 16.716238,-10.3630409,0 16.6940212,-10.363965,0 16.6706676,-10.3603077,0 16.6437588,-10.3640394,0 16.6133614,-10.3648787,0 16.5946828,-10.3646898,0 16.5893993,-10.3646364,0 16.5584621,-10.3591785,0 16.5327854,-10.3537722,0 16.5147305,-10.3450136,0 16.5001926,-10.3351517,0 16.4951707,-10.3368615,0 16.4855461,-10.3401384,0 16.4690094,-10.3417044,0 16.4685364,-10.3485298,0 16.4824686,-10.3581531,0 16.4987736,-10.3694153,0 16.5132904,-10.3827076,0 16.5354137,-10.3949347,0 16.5458202,-10.4110403,0 16.564415,-10.4266567,0 16.5794964,-10.4433794,0 16.5916729,-10.4577866,0 16.605011,-10.4733477,0 16.6189671,-10.4843435,0 16.6369419,-10.5062342,0 16.6450386,-10.5194569,0 16.6589909,-10.5315933,0 16.6670753,-10.5448797,0 16.6740303,-10.5563097,0 16.6792355,-10.56493,0 16.6855469,-10.5702248,0 16.6978474,-10.5805397,0 16.7280846,-10.607687,0 16.7599888,-10.6491318,0 16.7850018,-10.6716528,0 16.7933773,-10.683174,0 16.8029842,-10.6963892,0 16.8257027,-10.7126007,0 16.8281193,-10.71513,0 16.8466339,-10.7345076,0 16.8623524,-10.7477942,0 16.8810158,-10.7582502,0 16.8873979,-10.7618352,0 16.9037628,-10.7710276,0 16.9222044,-10.7754584,0 16.9333382,-10.7781334,0 16.9581165,-10.7840872,0 16.9925346,-10.804389,0 17.0146923,-10.819438,0 17.0398102,-10.8287983,0 17.0579433,-10.8312397,0 17.0796566,-10.8211412,0 17.0937595,-10.810977,0 17.1107292,-10.8116922,0 17.1305351,-10.8301411,0 17.1328155,-10.8321022,0 17.1518844,-10.848501,0 17.1660881,-10.8607159,0 17.2052689,-10.869607,0 17.2280655,-10.876646,0 17.2549438,-10.8877163,0 17.2842121,-10.8890896,0 17.3070374,-10.8909826,0 17.3344917,-10.9049063,0 17.3531704,-10.91819,0 17.359573,-10.9284628,0 17.3624725,-10.933115,0 17.3764496,-10.9509335,0 17.3827858,-10.9749756,0 17.3926411,-10.9984741,0 17.399004,-11.0173759,0 17.418232,-11.0415134,0 17.435709,-11.0650673,0 17.4526024,-11.0880442,0 17.4495811,-11.1103029,0 17.4477166,-11.1246703,0 17.4459515,-11.1382723,0 17.4441109,-11.1582556,0 17.432312,-11.1770229,0 17.41618,-11.1882287,0 17.4111538,-11.19172,0 17.4022846,-11.2099371,0 17.4127598,-11.227725,0 17.432621,-11.2438688,0 17.4583588,-11.2571974,0 17.4606361,-11.2737818,0 17.4675674,-11.2995415,0 17.4709949,-11.321847,0 17.4867668,-11.3368149,0 17.5049114,-11.3449421,0 17.5194607,-11.3736095,0 17.5193558,-11.4004612,0 17.5209751,-11.4370356,0 17.5186157,-11.4404459,0 17.4873047,-11.4325438,0 17.4574394,-11.4274244,0 17.4454937,-11.4496098,0 17.4248179,-11.4824076,0 17.4207497,-11.4888611,0 17.3876289,-11.4993157,0 17.3790798,-11.5020142,0 17.3810255,-11.5043971,0 17.3863316,-11.5108957,0 17.3985329,-11.5389814,0 17.4059213,-11.5557114,0 17.4142265,-11.5745173,0 17.4358215,-11.6026678,0 17.4538994,-11.6313639,0 17.4743233,-11.6606464,0 17.4947395,-11.6933546,0 17.4996401,-11.6980835,0 17.5091317,-11.7072427,0 17.5215551,-11.719231,0 17.5251541,-11.7227039,0 17.5444077,-11.7496752,0 17.5485153,-11.7554293,0 17.5510724,-11.7659382,0 17.5560341,-11.7863293,0 17.5571194,-11.8103275,0 17.5646133,-11.8475103,0 17.5774307,-11.8767309,0 17.6088219,-11.9050999,0 17.6137352,-11.9095392,0 17.6424961,-11.9171562,0 17.6572323,-11.9029741,0 17.6679096,-11.8721981,0 17.6677928,-11.8704047,0 17.6669299,-11.8571566,0 17.6663274,-11.8479077,0 17.6656761,-11.8379087,0 17.6493416,-11.8052406,0 17.6498187,-11.802068,0 17.6499424,-11.8012457,0 17.6399899,-11.7926111,0 17.6289234,-11.7662601,0 17.6222785,-11.7595732,0 17.6043491,-11.7415304,0 17.6048102,-11.736156,0 17.6055737,-11.7272577,0 17.6135902,-11.6945028,0 17.6143504,-11.6922222,0 17.6229763,-11.6663437,0 17.6324101,-11.6541059,0 17.6545486,-11.6253872,0 17.6741753,-11.5904016,0 17.676733,-11.5554171,0 17.6861191,-11.5588303,0 17.6955961,-11.5752558,0 17.6989193,-11.5810156,0 17.7151318,-11.612587,0 17.7151318,-11.6193056,0 17.7151318,-11.6629314,0 17.7176914,-11.7166872,0 17.7414351,-11.7435976,0 17.7432899,-11.7456999,0 17.7717553,-11.7762479,0 17.7782745,-11.7832441,0 17.7876606,-11.7900696,0 17.7908046,-11.7939472,0 17.8132591,-11.821641,0 17.8359675,-11.8341309,0 17.8473911,-11.840414,0 17.9011478,-11.8498001,0 17.9083873,-11.8524487,0 17.9361324,-11.8625994,0 17.971117,-11.8625994,0 18.0086613,-11.8625994,0 18.0436459,-11.8625994,0 18.0939903,-11.840414,0 18.0939903,-11.8088417,0 18.0820446,-11.7960434,0 18.0658321,-11.7866573,0 18.0786304,-11.7704439,0 18.1033764,-11.7738581,0 18.0914307,-11.7576456,0 18.0939903,-11.7260733,0 18.1230011,-11.7166872,0 18.1323872,-11.7388725,0 18.1511593,-11.755085,0 18.1827316,-11.755085,0 18.1940191,-11.7468074,0 18.1947052,-11.7463042,0 18.207351,-11.7370305,0 18.2083282,-11.7363138,0 18.1955299,-11.7166872,0 18.1943047,-11.7157428,0 18.1545715,-11.6851168,0 18.1545715,-11.6407461,0 18.1699314,-11.6057606,0 18.1699314,-11.5938148,0 18.1827316,-11.5844288,0 18.1699314,-11.5682163,0 18.1417732,-11.5588303,0 18.1416044,-11.5587996,0 18.1230011,-11.5554171,0 18.0974026,-11.5494442,0 18.0854587,-11.5508223,0 18.0752182,-11.5520039,0 18.0402336,-11.5494442,0 18.0282879,-11.5426178,0 18.0180473,-11.5238457,0 17.9805031,-11.5272589,0 17.9523449,-11.5238457,0 17.9105339,-11.5110464,0 17.8909214,-11.4961685,0 17.885788,-11.4922743,0 17.885788,-11.4513168,0 17.8912538,-11.4500643,0 17.9267464,-11.4419308,0 17.9395466,-11.4163313,0 17.930517,-11.3898467,0 17.9267464,-11.378787,0 17.9313078,-11.3740875,0 17.9422536,-11.3628103,0 17.9549046,-11.3497763,0 17.971117,-11.3216171,0 17.9982891,-11.277802,0 18.0000648,-11.2749386,0 17.984004,-11.2694486,0 17.9507694,-11.2580881,0 17.9320335,-11.2488403,0 17.9290703,-11.2474146,0 17.9092007,-11.237855,0 17.8858204,-11.2125807,0 17.8630352,-11.1855946,0 17.8630323,-11.1855888,0 17.8453599,-11.1502795,0 17.8449669,-11.1494942,0 17.8298359,-11.1122665,0 17.828672,-11.1096367,0 17.8170823,-11.083449,0 17.8141174,-11.0767498,0 17.8109204,-11.0735111,0 17.7942581,-11.056632,0 17.7726345,-11.0393581,0 17.7451725,-11.0174761,0 17.7282486,-10.9973726,0 17.7260693,-10.9865596,0 17.7236366,-10.9744892,0 17.720232,-10.9396172,0 17.7173538,-10.9241714,0 17.7215118,-10.9059153,0 17.7403183,-10.8831825,0 17.7620564,-10.8587532,0 17.7849522,-10.8366137,0 17.8101845,-10.8150587,0 17.8201675,-10.8036928,0 17.8413181,-10.7752542,0 17.8618412,-10.7610931,0 17.874754,-10.746315,0 17.884737,-10.7332335,0 17.8953075,-10.7190123,0 17.9052868,-10.7065001,0 17.9129257,-10.6939764,0 17.9246655,-10.6780472,0 17.9305401,-10.6683674,0 17.9416904,-10.6541491,0 17.9487362,-10.6433315,0 17.9639645,-10.6359901,0 17.9844074,-10.6498156,0 17.982605,-10.6703749,0 17.9849755,-10.6851461,0 17.9852638,-10.6869431,0 18.0060081,-10.6699314,0 18.0212078,-10.6751575,0 18.0358391,-10.6729507,0 18.0592766,-10.655365,0 18.0815334,-10.6423407,0 18.0958008,-10.6352483,0 18.1213474,-10.6225491,0 18.152359,-10.6181335,0 18.1509876,-10.5958862,0 18.1360512,-10.5774889,0 18.124648,-10.5679724,0 18.10919,-10.5550718,0 18.0642071,-10.5314131,0 18.0314999,-10.5123854,0 17.9982033,-10.497921,0 17.9567566,-10.4696951,0 17.9065609,-10.4368429,0 17.8464584,-10.397068,0 17.7594757,-10.3611126,0 17.68297,-10.3440533,0 17.6736183,-10.3386374,0 17.6450596,-10.322093,0 17.6112633,-10.2950153,0 17.5756779,-10.2793465,0 17.5243568,-10.2544212,0 17.5228348,-10.2541557,0 17.4560509,-10.2425051,0 17.418705,-10.2319469,0 17.3854961,-10.2111311,0 17.3555032,-10.1980656,0 17.3347759,-10.1890364,0 17.3036621,-10.177939,0 17.2922058,-10.1738529,0 17.2275391,-10.1396313,0 17.171627,-10.1094685,0 17.1255569,-10.0976601,0 17.1127644,-10.0872688,0 17.0941467,-10.074542,0 17.0762163,-10.0621396,0 17.0673866,-10.0560322,0 17.0394382,-10.0420799,0 17.0388662,-10.037394,0 17.0366459,-10.019206,0 17.0437908,-9.9935589,0 17.0509148,-9.9713411,0 17.0598183,-9.9439964,0 17.0675468,-9.9177847,0 17.0693874,-9.9006624,0 17.0690384,-9.857242599999999,0 17.061018,-9.829752900000001,0 17.0506401,-9.8068142,0 17.0373268,-9.7878475,0 17.0025406,-9.7498407,0 16.9833717,-9.735961,0 16.9590416,-9.707182899999999,0 16.9247837,-9.681738899999999,0 16.9225063,-9.6795616,0 16.9142418,-9.689641,0 16.8844337,-9.7013645,0 16.845314,-9.7089996,0 16.8393761,-9.7073365,0 16.8115501,-9.699543,0 
						</coordinates>
					</LinearRing>
					<LinearRing>
						<coordinates>
							16.8863665,-11.3706674,0 16.8516102,-11.395853,0 16.8350065,-11.395853,0 16.8268642,-11.395853,0 16.8219323,-11.3887295,0 16.8115044,-11.3736677,0 16.8047405,-11.3628453,0 16.795454,-11.3479866,0 16.7864893,-11.3336438,0 16.7910873,-11.3324775,0 16.7978432,-11.3300456,0 16.8043248,-11.3269718,0 16.8104697,-11.3232857,0 16.8162188,-11.3190228,0 16.8215166,-11.3142243,0 16.8263122,-11.3089364,0 16.8305594,-11.3032099,0 16.8342172,-11.2971002,0 16.8372505,-11.290666,0 16.8396302,-11.2839693,0 16.8413333,-11.2770747,0 16.8423435,-11.2700485,0 16.8426511,-11.2629584,0 16.8422533,-11.2558726,0 16.8411538,-11.2488595,0 16.8393634,-11.2419865,0 16.8368993,-11.2353198,0 16.8337852,-11.2289235,0 16.8300513,-11.2228593,0 16.8257334,-11.2171856,0 16.8208732,-11.2119569,0 16.8155175,-11.2072235,0 16.8097178,-11.2030311,0 16.8035299,-11.19942,0 16.7990411,-11.1973569,0 16.7980941,-11.1913079,0 16.7963052,-11.1844344,0 16.7938427,-11.177767,0 16.7907304,-11.1713701,0 16.7869982,-11.1653051,0 16.7826821,-11.1596304,0 16.7778236,-11.1544007,0 16.7724697,-11.1496663,0 16.7702473,-11.1480589,0 16.7675986,-11.1452075,0 16.7622449,-11.1404728,0 16.7564473,-11.1362791,0 16.7546626,-11.1352368,0 16.7541545,-11.1348693,0 16.7527447,-11.1340459,0 16.7538616,-11.1309048,0 16.7555665,-11.1240105,0 16.7565789,-11.1169842,0 16.7568732,-11.1102556,0 16.7572429,-11.10769,0 16.757553,-11.1005996,0 16.7571581,-11.0935133,0 16.7560619,-11.0864994,0 16.7542749,-11.0796253,0 16.7518146,-11.0729573,0 16.7487046,-11.0665596,0 16.7449749,-11.0604937,0 16.7406613,-11.054818,0 16.7358056,-11.0495872,0 16.7304544,-11.0448516,0 16.7246592,-11.0406569,0 16.7184758,-11.0370433,0 16.7119638,-11.0340457,0 16.7051859,-11.0316929,0 16.7017585,-11.0308652,0 16.7012444,-11.0304101,0 16.6954498,-11.0262146,0 16.6892671,-11.0226004,0 16.6827556,-11.019602,0 16.6808649,-11.0189455,0 16.6782442,-11.0166252,0 16.6724503,-11.0124292,0 16.666268,-11.0088144,0 16.6597571,-11.0058155,0 16.6552329,-11.0042439,0 16.6517714,-11.0011785,0 16.6459781,-10.9969819,0 16.6397965,-10.9933665,0 16.633286,-10.9903669,0 16.6265095,-10.9880121,0 16.6212645,-10.9867437,0 16.6198179,-10.9856956,0 16.6196589,-10.9856026,0 16.6196113,-10.985568,0 16.6134301,-10.9819519,0 16.6069201,-10.9789517,0 16.600144,-10.9765963,0 16.5931669,-10.9749083,0 16.5860559,-10.9739039,0 16.5841605,-10.9738218,0 16.577216,-10.9721413,0 16.5701051,-10.9711365,0 16.5629289,-10.9708252,0 16.5621585,-10.9708665,0 16.5572968,-10.9706555,0 16.5501241,-10.9710403,0 16.5430241,-10.9721179,0 16.5418338,-10.9724189,0 16.5364068,-10.9727098,0 16.5293067,-10.973787,0 16.5223474,-10.9755466,0 16.5155962,-10.9779715,0 16.5091178,-10.9810385,0 16.5029747,-10.984718,0 16.5003169,-10.986686,0 16.4946653,-10.9900708,0 16.4900431,-10.9934932,0 16.4894983,-10.993751,0 16.4833547,-10.9974302,0 16.4812846,-10.9989628,0 16.4770184,-10.9905434,0 16.4372022,-10.9296003,0 16.4352074,-10.9265471,0 16.3882751,-10.8821764,0 16.3816067,-10.8799663,0 16.3669951,-10.8751236,0 16.3499298,-10.8694677,0 16.3567723,-10.9058774,0 16.3584118,-10.9146013,0 16.3867584,-10.9615967,0 16.3908367,-10.968358,0 16.4130211,-11.0059023,0 16.4369144,-11.042593,0 16.4537299,-11.0762294,0 16.4543712,-11.0787069,0 16.4568252,-11.0853783,0 16.4599296,-11.0917799,0 16.4636544,-11.0978501,0 16.4679639,-11.1035303,0 16.4728166,-11.1087659,0 16.4781656,-11.1135065,0 16.4794585,-11.1144436,0 16.488706,-11.1249027,0 16.5144729,-11.1540479,0 16.5162697,-11.1560802,0 16.5586025,-11.2032982,0 16.5606403,-11.2055712,0 16.5777054,-11.2303162,0 16.6167698,-11.2579546,0 16.6353245,-11.2563915,0 16.6658096,-11.2561226,0 16.6777909,-11.2598816,0 16.6801962,-11.2620089,0 16.6859957,-11.2662039,0 16.6921841,-11.2698174,0 16.6966736,-11.2718821,0 16.697619,-11.2779317,0 16.6994066,-11.284806,0 16.7018683,-11.2914743,0 16.7029091,-11.2936139,0 16.7012653,-11.3016052,0 16.6946583,-11.3255367,0 16.713377,-11.3284435,0 16.7184963,-11.3463631,0 16.713377,-11.3557491,0 16.7083244,-11.3868008,0 16.7152396,-11.3870404,0 16.7311916,-11.3875933,0 16.7593479,-11.3867216,0 16.7690367,-11.403168,0 16.7794737,-11.4208847,0 16.7796555,-11.4211931,0 16.7880622,-11.4258373,0 16.8052718,-11.4353444,0 16.8270016,-11.4473486,0 16.8466606,-11.4611511,0 16.8480453,-11.4595413,0 16.8925327,-11.4213853,0 16.9025826,-11.4127657,0 16.9260134,-11.3926695,0 16.9497103,-11.3723451,0 16.9541626,-11.3685265,0 16.96028,-11.3639016,0 16.9847889,-11.3453722,0 17.0075974,-11.3328537,0 17.0165501,-11.32794,0 17.0494804,-11.3105145,0 17.0802898,-11.2943125,0 17.0973549,-11.2798071,0 17.0956497,-11.2576218,0 17.0922785,-11.2542508,0 17.0802898,-11.2422628,0 17.065766,-11.2484869,0 17.0384789,-11.2601805,0 17.0315173,-11.2647056,0 17.0043468,-11.2823668,0 16.9670225,-11.2984373,0 16.9429111,-11.3088188,0 16.9296567,-11.3269564,0 16.9104862,-11.3531895,0 16.9086788,-11.3544992,0 16.8863665,-11.3706674,0 
						</coordinates>
					</LinearRing>
					<LinearRing>
						<coordinates>
							16.8541679,-16.2365303,0 16.8277168,-16.2570076,0 16.8243046,-16.2774868,0 16.8257158,-16.2859531,0 16.8302784,-16.3133259,0 16.8599262,-16.3324642,0 16.9079266,-16.3013783,0 16.9548569,-16.2749271,0 16.9691276,-16.2667726,0 16.9966679,-16.2510357,0 16.998857,-16.2494227,0 17.0290928,-16.2271442,0 17.0504246,-16.2032509,0 17.0558345,-16.1939772,0 17.0623703,-16.1827736,0 17.0683441,-16.1529083,0 17.0709038,-16.1204834,0 17.0709038,-16.0786724,0 17.0683441,-16.054781,0 17.0683441,-16.037714,0 17.0563965,-16.022356,0 17.0444508,-16.022356,0 17.0384789,-16.0343018,0 17.0384789,-16.0581932,0 17.032505,-16.0846443,0 17.0205593,-16.1085377,0 17.0111732,-16.1230431,0 16.990694,-16.1324291,0 16.9727764,-16.1264553,0 16.9582691,-16.1119499,0 16.9488831,-16.0906181,0 16.9377899,-16.0701389,0 16.9377899,-16.054781,0 16.9258442,-16.0488071,0 16.9104862,-16.0488071,0 16.8985405,-16.0581932,0 16.895694,-16.0661627,0 16.890007,-16.0820847,0 16.8916506,-16.1012612,0 16.8925667,-16.1119499,0 16.890007,-16.1409626,0 16.8865948,-16.1742401,0 16.8780613,-16.2092247,0 16.8541679,-16.2365303,0 
						</coordinates>
					</LinearRing>
					<LinearRing>
						<coordinates>
							16.7961464,-8.160202999999999,0 16.78932,-8.1405773,0 16.7850533,-8.122657800000001,0 16.7961464,-8.1124182,0 16.8046799,-8.0962067,0 16.8138428,-8.0901909,0 16.8142591,-8.0896615,0 16.82731,-8.073064799999999,0 16.8285713,-8.071460699999999,0 16.8336906,-8.058661499999999,0 16.8359352,-8.0491201,0 16.8371029,-8.0441561,0 16.8336906,-8.029650699999999,0 16.8335832,-8.0296176,0 16.8225975,-8.026237500000001,0 16.8180813,-8.030753600000001,0 16.8029728,-8.0458622,0 16.7857647,-8.0576706,0 16.7724113,-8.046711,0 16.7676527,-8.0696098,0 16.7637215,-8.088526699999999,0 16.7587897,-8.130450400000001,0 16.7586021,-8.132044799999999,0 16.7534828,-8.169589,0 16.7355633,-8.184094399999999,0 16.7300342,-8.189623299999999,0 16.7159367,-8.2037201,0 16.702984,-8.2151789,0 16.6937523,-8.223345800000001,0 16.6800995,-8.2318783,0 16.6724205,-8.2446775,0 16.6770544,-8.2539467,0 16.6783924,-8.256623299999999,0 16.6707134,-8.2660093,0 16.6510887,-8.301847499999999,0 16.6373203,-8.3280727,0 16.6331692,-8.335979500000001,0 16.629755,-8.3735237,0 16.6425552,-8.4016819,0 16.6707134,-8.407655699999999,0 16.7014313,-8.403388,0 16.7227631,-8.380350099999999,0 16.7389755,-8.347925200000001,0 16.7492142,-8.3180599,0 16.7597975,-8.270029900000001,0 16.7603073,-8.267716399999999,0 16.7688408,-8.223345800000001,0 16.7910252,-8.196040200000001,0 16.7944212,-8.172275600000001,0 16.7961464,-8.160202999999999,0 
						</coordinates>
					</LinearRing>
					<LinearRing>
						<coordinates>
							16.4381237,-6.534976500000001,0 16.4232426,-6.5188632,0 16.4118195,-6.5033569,0 16.3981209,-6.483837100000001,0 16.3960814,-6.4763099,0 16.393631,-6.4672656,0 16.39149,-6.4654847,0 16.3804455,-6.4562974,0 16.364912,-6.4509997,0 16.3411789,-6.4615622,0 16.3266029,-6.481339899999999,0 16.3178158,-6.4983349,0 16.30658,-6.5152032,0 16.306139,-6.515865300000001,0 16.2967663,-6.5339928,0 16.2839737,-6.5463834,0 16.2434139,-6.5670056,0 16.2271137,-6.5844831,0 16.207922,-6.6024957,0 16.1928005,-6.6165662,0 16.1888231,-6.6211572,0 16.1776485,-6.6340556,0 16.1663435,-6.6515525,0 16.1659546,-6.6521544,0 16.1531239,-6.6679602,0 16.1332817,-6.6933713,0 16.1230146,-6.7093647,0 16.1227512,-6.709775,0 16.1075611,-6.7306809,0 16.0905838,-6.757835399999999,0 16.0898885,-6.7589827,0 16.0865501,-6.7644915,0 16.0765247,-6.781034900000001,0 16.0760957,-6.7822376,0 16.0688305,-6.802600900000001,0 16.0622311,-6.8310204,0 16.0574284,-6.8520527,0 16.0624332,-6.8743424,0 16.0697689,-6.8943806,0 16.0898151,-6.9145713,0 16.1058451,-6.9191468,0 16.1169033,-6.922303199999999,0 16.1482145,-6.9295499,0 16.1532326,-6.930711299999999,0 16.1839027,-6.924798499999999,0 16.2192879,-6.9075351,0 16.243721,-6.8867235,0 16.2594585,-6.8692317,0 16.2751942,-6.8517404,0 16.2978954,-6.829767200000001,0 16.3200188,-6.8072157,0 16.3473415,-6.7841516,0 16.3534684,-6.778628000000001,0 16.3642044,-6.768949,0 16.3905986,-6.748198300000001,0 16.3920879,-6.7470274,0 16.4095097,-6.7341084,0 16.4192618,-6.727628800000001,0 16.4373608,-6.715603399999999,0 16.4594603,-6.7061377,0 16.4750061,-6.6994791,0 16.4894554,-6.690016100000001,0 16.4929886,-6.687702200000001,0 16.51334,-6.6674023,0 16.5354271,-6.6459789,0 16.5557728,-6.6256771,0 16.5744133,-6.601367000000001,0 16.582378,-6.587517300000001,0 16.5913525,-6.571911799999999,0 16.5950241,-6.5417519,0 16.5677909,-6.536663,0 16.5627537,-6.5357218,0 16.5338917,-6.5371313,0 16.506197,-6.5368409,0 16.4807835,-6.5405607,0 16.4634571,-6.542654999999999,0 16.4381237,-6.534976500000001,0 
						</coordinates>
					</LinearRing>
					<LinearRing>
						<coordinates>
							18.8989944,-14.6275702,0 18.8675327,-14.577898,0 18.8402424,-14.5470419,0 18.8046589,-14.5127392,0 18.7637558,-14.4966583,0 18.7483482,-14.5114365,0 18.7323532,-14.5416031,0 18.729393,-14.5643978,0 18.7335491,-14.5849323,0 18.7311821,-14.6111479,0 18.7276268,-14.6196871,0 18.7472038,-14.6510973,0 18.7685642,-14.6842203,0 18.7905235,-14.7207613,0 18.8113003,-14.754446,0 18.8332691,-14.7869921,0 18.8499031,-14.8229418,0 18.8659534,-14.8680019,0 18.8802242,-14.9050789,0 18.8962784,-14.9410181,0 18.9093781,-14.9889126,0 18.9212856,-15.0282555,0 18.9314194,-15.0704384,0 18.9397736,-15.1131849,0 18.9438656,-15.1351586,0 18.9445496,-15.1388311,0 18.9481468,-15.1724482,0 18.9448057,-15.1756466,0 18.9356823,-15.1843805,0 18.9190979,-15.2401619,0 18.9188898,-15.2411195,0 18.9146253,-15.2607463,0 18.9108105,-15.2783031,0 18.9150047,-15.3181791,0 18.9141444,-15.3262791,0 18.9117975,-15.348376,0 18.9107236,-15.3584874,0 18.9102879,-15.3625898,0 18.9071056,-15.3750489,0 18.9067382,-15.3764876,0 18.9025841,-15.3927517,0 18.8963461,-15.4213877,0 18.8924621,-15.4392178,0 18.891922,-15.4416971,0 18.8830318,-15.4809637,0 18.8824771,-15.4821178,0 18.8761844,-15.4952085,0 18.8705939,-15.5068383,0 18.8658104,-15.5167894,0 18.8527393,-15.5389605,0 18.852018,-15.54125,0 18.8432407,-15.569109,0 18.8260078,-15.6020823,0 18.8164978,-15.6179962,0 18.8058014,-15.6458597,0 18.7921333,-15.6850986,0 18.7730999,-15.7135048,0 18.7708676,-15.720765,0 18.764183,-15.742506,0 18.7469196,-15.7390413,0 18.7689648,-15.798295,0 18.7813929,-15.8330817,0 18.7856541,-15.8450089,0 18.7880383,-15.8518438,0 18.810688,-15.8979998,0 18.8149954,-15.9093118,0 18.8250027,-15.9355927,0 18.836935,-15.9674873,0 18.8452881,-15.9852803,0 18.8602009,-16.017046,0 18.8607025,-16.0229034,0 18.8959484,-16.0171375,0 18.9293423,-16.0490761,0 18.9425684,-16.0595102,0 18.9633331,-16.0758915,0 18.9937191,-16.0691319,0 19.0276794,-16.0657902,0 19.0544739,-16.0499153,0 19.0663838,-16.0447311,0 19.0896072,-16.0346222,0 19.0917359,-16.0156864,0 19.0925484,-16.0084591,0 19.0859451,-15.9748793,0 19.0739765,-15.935029,0 19.0846462,-15.9003401,0 19.1108379,-15.8918524,0 19.1145134,-15.8859177,0 19.1298466,-15.8611574,0 19.125639,-15.8366804,0 19.1237831,-15.7922888,0 19.1237457,-15.7690398,0 19.1237424,-15.7669788,0 19.1236897,-15.7342358,0 19.1259766,-15.6750441,0 19.0973892,-15.6601934,0 19.0878334,-15.6356974,0 19.0791815,-15.6261849,0 19.0598259,-15.6049042,0 19.0359164,-15.5891986,0 19.0163593,-15.5763521,0 18.9847927,-15.5421247,0 18.969286,-15.5033751,0 18.973999,-15.4595432,0 18.9781075,-15.4105816,0 18.978449,-15.4060792,0 18.9795882,-15.3910594,0 18.9822102,-15.356492,0 18.9879156,-15.2978942,0 18.9880867,-15.2961369,0 18.9980958,-15.2643853,0 19.0117702,-15.2210064,0 19.0105476,-15.1919537,0 19.0116634,-15.1315737,0 19.0103989,-15.0666285,0 19.0091438,-15.0096521,0 19.005729,-14.972701,0 19.0030734,-14.9439659,0 19.0019283,-14.9315758,0 18.9941406,-14.8694477,0 18.9673443,-14.7816257,0 18.9613781,-14.7485552,0 18.9417496,-14.693224,0 18.8989944,-14.6275702,0 
						</coordinates>
					</LinearRing>
					<LinearRing>
						<coordinates>
							17.2575245,-12.5598942,0 17.2509422,-12.5865459,0 17.2382446,-12.6178778,0 17.236639,-12.6218395,0 17.2246399,-12.641678,0 17.2235775,-12.6434345,0 17.2116947,-12.6644678,0 17.2010136,-12.6803694,0 17.1879196,-12.7071018,0 17.1701202,-12.7320814,0 17.1576023,-12.7605305,0 17.1565331,-12.7630084,0 17.153429,-12.7702026,0 17.1508064,-12.7821693,0 17.1647644,-12.8046236,0 17.1835365,-12.8131561,0 17.2023087,-12.8131561,0 17.2070198,-12.8169996,0 17.2347336,-12.8396091,0 17.2455081,-12.8448581,0 17.2680111,-12.8558207,0 17.3243275,-12.8617935,0 17.3465137,-12.8481417,0 17.3601665,-12.8396091,0 17.3805885,-12.8342218,0 17.3808265,-12.8239378,0 17.3813152,-12.8028231,0 17.3841831,-12.7983408,0 17.3850236,-12.7970271,0 17.394305,-12.7825207,0 17.4038582,-12.7675896,0 17.4157124,-12.7511177,0 17.4469624,-12.7456369,0 17.487648,-12.7373648,0 17.5271702,-12.7250814,0 17.5402107,-12.7040453,0 17.54562,-12.6755314,0 17.559267,-12.6487865,0 17.5753593,-12.5975037,0 17.5801202,-12.5856091,0 17.5919991,-12.5559311,0 17.5939672,-12.5522707,0 17.6001224,-12.5408226,0 17.6109676,-12.5206518,0 17.6310978,-12.4882364,0 17.6536045,-12.4478378,0 17.655409,-12.4448345,0 17.6778717,-12.4074497,0 17.6897297,-12.3806849,0 17.7175331,-12.3351727,0 17.7370586,-12.2998877,0 17.7125721,-12.308013,0 17.7040118,-12.3091295,0 17.6929474,-12.3105726,0 17.6690559,-12.3182526,0 17.6391907,-12.3182526,0 17.6175403,-12.3064996,0 17.6093254,-12.3020401,0 17.576046,-12.2883873,0 17.5417728,-12.2940226,0 17.5376922,-12.2963591,0 17.4949856,-12.3208122,0 17.4912597,-12.3218768,0 17.4460628,-12.3347903,0 17.4352551,-12.3378782,0 17.4331231,-12.3385889,0 17.3968582,-12.3506775,0 17.3644314,-12.3890753,0 17.3214808,-12.4471395,0 17.3183556,-12.4513645,0 17.3021431,-12.4872026,0 17.296266,-12.4954774,0 17.2813034,-12.5165443,0 17.2784643,-12.5210021,0 17.2599506,-12.5500708,0 17.2575245,-12.5598942,0 
						</coordinates>
					</LinearRing>
					<LinearRing>
						<coordinates>
							17.8260574,-14.7227879,0 17.827774,-14.7444572,0 17.8235016,-14.7860374,0 17.8192482,-14.820776,0 17.8176444,-14.8372216,0 17.8174152,-14.839572,0 17.8203316,-14.8566856,0 17.8268089,-14.8743906,0 17.8362446,-14.8955307,0 17.8570004,-14.9019213,0 17.8574766,-14.9016772,0 17.8783951,-14.8909578,0 17.8962784,-14.8611193,0 17.9058743,-14.822422,0 17.9184399,-14.7808905,0 17.9250851,-14.7341919,0 17.9251823,-14.6960049,0 17.9248276,-14.6621208,0 17.9145756,-14.6685848,0 17.8949623,-14.6855726,0 17.8629036,-14.6967869,0 17.8362217,-14.6943493,0 17.830883,-14.6903191,0 17.8297024,-14.6926012,0 17.8260574,-14.7227879,0 
						</coordinates>
					</LinearRing>
					<LinearRing>
						<coordinates>
							17.0087357,-8.8463554,0 17.0092278,-8.862349500000001,0 17.0172958,-8.875553099999999,0 17.026535,-8.8876247,0 17.0380993,-8.899717300000001,0 17.0543156,-8.912421200000001,0 17.0705662,-8.9188423,0 17.0828571,-8.9041014,0 17.0864201,-8.8904266,0 17.0987606,-8.865978200000001,0 17.1017132,-8.857438999999999,0 17.1151733,-8.8409929,0 17.1181068,-8.8358793,0 17.1268921,-8.823391000000001,0 17.1426411,-8.8138161,0 17.1507568,-8.818452799999999,0 17.16119,-8.8248196,0 17.1756859,-8.832934399999999,0 17.1902008,-8.837050400000001,0 17.1972141,-8.8296852,0 17.1967182,-8.8125515,0 17.2007661,-8.798622699999999,0 17.2008572,-8.7983093,0 17.2091026,-8.776680000000001,0 17.2138329,-8.7601595,0 17.2226315,-8.7436743,0 17.2261868,-8.7299995,0 17.2198334,-8.721384,0 17.2001457,-8.706378000000001,0 17.2094975,-8.6956072,0 17.2287197,-8.686627400000001,0 17.2403946,-8.6758728,0 17.2433586,-8.6633358,0 17.2294273,-8.660369899999999,0 17.2125416,-8.667083699999999,0 17.1985149,-8.6835279,0 17.181633,-8.6890974,0 17.1682377,-8.6946964,0 17.1472569,-8.7065115,0 17.1338501,-8.7138224,0 17.1181145,-8.722253800000001,0 17.1012611,-8.7215405,0 17.0849552,-8.727682100000001,0 17.0616512,-8.737758599999999,0 17.0402304,-8.7460612,0 17.0342731,-8.7483702,0 17.0080452,-8.761272399999999,0 16.9864883,-8.7696466,0 16.9695721,-8.7797737,0 16.9654446,-8.7900133,0 16.9763927,-8.807241400000001,0 16.9897518,-8.809643700000001,0 17.0031147,-8.8114758,0 17.0088558,-8.8246593,0 17.0087357,-8.8463554,0 
						</coordinates>
					</LinearRing>
					<LinearRing>
						<coordinates>
							20.2422218,-11.1429625,0 20.2779827,-11.1457491,0 20.3201885,-11.1485176,0 20.3472042,-11.158742,0 20.368906,-11.1621199,0 20.4011726,-11.1683273,0 20.4264622,-11.1831188,0 20.4447708,-11.2064962,0 20.4759884,-11.2321234,0 20.4970779,-11.2297812,0 20.5392799,-11.2296619,0 20.565052,-11.2267303,0 20.5843849,-11.2249584,0 20.6014233,-11.2311907,0 20.6174221,-11.2574205,0 20.6368637,-11.2716408,0 20.6648979,-11.2561235,0 20.6741867,-11.2429543,0 20.6952152,-11.232029,0 20.6778297,-11.2612238,0 20.668644,-11.2898197,0 20.6857109,-11.2994747,0 20.7181282,-11.3239307,0 20.7304764,-11.3290291,0 20.7563553,-11.3403625,0 20.7786312,-11.339139,0 20.8126526,-11.3407259,0 20.8283882,-11.3275261,0 20.8494625,-11.3228741,0 20.866457,-11.3216648,0 20.8887691,-11.3255749,0 20.9198475,-11.3260193,0 20.9439125,-11.3293467,0 20.9643993,-11.3246889,0 20.9790096,-11.3183422,0 20.9759712,-11.3046446,0 20.9595718,-11.3069992,0 20.9390335,-11.3048019,0 20.915535,-11.2986155,0 20.9212894,-11.2843084,0 20.932291,-11.266552,0 20.946228,-11.2493553,0 20.9632511,-11.2521391,0 20.9878387,-11.2480335,0 21.0064392,-11.2279558,0 21.0122185,-11.2176466,0 21.0191154,-11.2004766,0 21.031908,-11.18785,0 21.0465889,-11.1912117,0 21.0714359,-11.2196636,0 21.0634708,-11.2494078,0 21.0478325,-11.2729015,0 21.0403805,-11.294076,0 21.0493908,-11.3208857,0 21.0681362,-11.3185148,0 21.0955029,-11.2955351,0 21.1117535,-11.2754622,0 21.1291466,-11.251955,0 21.1372204,-11.235919,0 21.1952,-11.2299194,0 21.2333031,-11.2302961,0 21.2719498,-11.225523,0 21.3006401,-11.2219429,0 21.3211346,-11.2195463,0 21.3462849,-11.2136955,0 21.3661499,-11.206728,0 21.3947811,-11.1999846,0 21.4228836,-11.2008101,0 21.4397125,-11.2013044,0 21.4495698,-11.1996305,0 21.4849377,-11.1936245,0 21.5239697,-11.1952696,0 21.5264778,-11.1924162,0 21.5318279,-11.1863298,0 21.5329816,-11.1784039,0 21.5373211,-11.1485891,0 21.5377121,-11.1285896,0 21.5493031,-11.1153784,0 21.5633659,-11.1152906,0 21.5898457,-11.1265507,0 21.6116161,-11.1355515,0 21.6249676,-11.1228971,0 21.6257128,-11.1164154,0 21.6276627,-11.0994558,0 21.6276693,-11.0994059,0 21.6321705,-11.0658274,0 21.6325684,-11.0628595,0 21.6357174,-11.0262737,0 21.6355441,-11.0254114,0 21.6307869,-11.0017405,0 21.6096363,-10.9955902,0 21.5869831,-10.9962614,0 21.5850449,-10.9963188,0 21.5529041,-11.0039473,0 21.5276258,-11.0097745,0 21.5172558,-11.0121651,0 21.4903278,-11.0140429,0 21.4777737,-10.9872656,0 21.4775677,-10.9655581,0 21.4668636,-10.9484806,0 21.4418983,-10.9714813,0 21.4197254,-10.9801807,0 21.3940277,-10.9883261,0 21.3761406,-11.0175648,0 21.3710785,-11.0404472,0 21.3547554,-11.0491076,0 21.3213367,-11.0464363,0 21.2980499,-11.0625591,0 21.2841454,-11.0803442,0 21.2525444,-11.0845108,0 21.2360115,-11.0697422,0 21.2352867,-11.0537491,0 21.2060032,-11.054471,0 21.1585865,-11.0587082,0 21.1357136,-11.0553913,0 21.1158657,-11.0640564,0 21.1008453,-11.0898371,0 21.0951157,-11.1052904,0 21.086607,-11.1396093,0 21.0690403,-11.1414051,0 21.0502911,-11.1414909,0 21.0413532,-11.12325,0 21.0039616,-11.1371288,0 20.9769096,-11.1246777,0 20.9777966,-11.088109,0 20.9670639,-11.0641603,0 20.9224892,-11.0574923,0 20.8908615,-11.0581932,0 20.8962784,-11.0775967,0 20.8964558,-11.1010199,0 20.8649139,-11.1142864,0 20.8345776,-11.1321154,0 20.8241749,-11.1521511,0 20.8096447,-11.1687746,0 20.7745056,-11.1717625,0 20.767952,-11.1569319,0 20.7280884,-11.154789,0 20.6883163,-11.1657801,0 20.6490517,-11.1659107,0 20.6185799,-11.1665792,0 20.573967,-11.1547184,0 20.5393028,-11.1405373,0 20.5040073,-11.118928,0 20.4828262,-11.1047029,0 20.45578,-11.0887775,0 20.4281483,-11.0728521,0 20.4077015,-11.0826149,0 20.3860817,-11.0923796,0 20.3550167,-11.090167,0 20.3122158,-11.084548,0 20.286459,-11.0886011,0 20.2630482,-11.0932178,0 20.2325459,-11.086422,0 20.2190304,-11.0784483,0 20.1873741,-11.0745058,0 20.1713108,-11.0721247,0 20.1645088,-11.0711164,0 20.1470356,-11.091712,0 20.1674215,-11.1102824,0 20.1864758,-11.1276398,0 20.2422218,-11.1429625,0 
						</coordinates>
					</LinearRing>
					<LinearRing>
						<coordinates>
							13.4839759,-9.217369400000001,0 13.4896965,-9.221622200000001,0 13.4958092,-9.2252972,0 13.5021176,-9.228293900000001,0 13.5039143,-9.2296295,0 13.5100273,-9.2333044,0 13.5164736,-9.236366200000001,0 13.5231909,-9.238785399999999,0 13.5301147,-9.2405387,0 13.5371782,-9.2416091,0 13.5443134,-9.2419864,0 13.5514514,-9.241667,0 13.5585235,-9.2406538,0 13.5654616,-9.238956699999999,0 13.5721987,-9.236592,0 13.5786701,-9.233582500000001,0 13.5848132,-9.2299571,0 13.5855167,-9.229443,0 13.5872176,-9.228651899999999,0 13.5933606,-9.225026400000001,0 13.5991162,-9.22082,0 13.604429,-9.2160732,0 13.6092478,-9.210831799999999,0 13.6135261,-9.2051462,0 13.6172229,-9.1990713,0 13.6203024,-9.1926656,0 13.6227352,-9.185990800000001,0 13.6244976,-9.1791111,0 13.625573,-9.172092900000001,0 13.6259508,-9.165003799999999,0 13.6256275,-9.157912,0 13.6246063,-9.150885799999999,0 13.622897,-9.143993,0 13.6205162,-9.137299799999999,0 13.6174867,-9.130870699999999,0 13.6138379,-9.1247677,0 13.6096049,-9.119049499999999,0 13.6048284,-9.113771099999999,0 13.6012121,-9.110488200000001,0 13.6010081,-9.1100552,0 13.5973597,-9.103952100000001,0 13.5931272,-9.098233799999999,0 13.5927172,-9.0977806,0 13.5925358,-9.0974772,0 13.5883034,-9.091758799999999,0 13.5835276,-9.0864803,0 13.5782544,-9.0816923,0 13.5725345,-9.077441200000001,0 13.5664231,-9.0737676,0 13.559979,-9.0707071,0 13.5532643,-9.068289,0 13.5463435,-9.066536599999999,0 13.5438241,-9.066154900000001,0 13.5435668,-9.0660623,0 13.5366462,-9.0643098,0 13.5295861,-9.0632398,0 13.5224545,-9.0628628,0 13.5153202,-9.0631822,0 13.5082517,-9.064195099999999,0 13.501317,-9.0658916,0 13.494583,-9.0682554,0 13.4881144,-9.071263800000001,0 13.4819735,-9.0748879,0 13.4762194,-9.079092599999999,0 13.4709076,-9.083837600000001,0 13.4660891,-9.0890772,0 13.4618103,-9.094760900000001,0 13.4581125,-9.1008339,0 13.4550313,-9.107238000000001,0 13.4525964,-9.1139113,0 13.4508313,-9.1207897,0 13.449753,-9.1278069,0 13.4493718,-9.1348953,0 13.4494698,-9.137067999999999,0 13.4490989,-9.138513400000001,0 13.4480204,-9.1455305,0 13.4476392,-9.152619,0 13.4479589,-9.1597104,0 13.4489766,-9.166736500000001,0 13.4506824,-9.173629699999999,0 13.45306,-9.1803235,0 13.4560865,-9.1867535,0 13.4597329,-9.192857800000001,0 13.4639639,-9.198577500000001,0 13.4687389,-9.2038575,0 13.474012,-9.2086471,0 13.4774725,-9.2112199,0 13.4787026,-9.212580000000001,0 13.4839759,-9.217369400000001,0 
						</coordinates>
					</LinearRing>
					<LinearRing>
						<coordinates>
							14.8082054,-14.7425327,0 14.8136138,-14.7377703,0 14.8185164,-14.7325147,0 14.8228657,-14.7268167,0 14.8266201,-14.7207312,0 14.8290899,-14.7156587,0 14.8326089,-14.7168871,0 14.8396821,-14.7186168,0 14.8468956,-14.7196632,0 14.8541797,-14.7200162,0 14.8544249,-14.7200047,0 14.8559035,-14.7202191,0 14.856247,-14.7224833,0 14.8580147,-14.72937,0 14.8604675,-14.7360548,0 14.8605484,-14.7362214,0 14.8607431,-14.7375039,0 14.862511,-14.7443905,0 14.8649641,-14.7510752,0 14.8680789,-14.7574938,0 14.8718254,-14.7635842,0 14.8742316,-14.7667449,0 14.8744223,-14.7672646,0 14.8775377,-14.7736831,0 14.8812847,-14.7797734,0 14.8856274,-14.7854769,0 14.8905241,-14.7907387,0 14.8959274,-14.7955081,0 14.9017855,-14.7997391,0 14.9080418,-14.8033909,0 14.9146361,-14.8064283,0 14.9215048,-14.8088221,0 14.9285817,-14.8105491,0 14.9357986,-14.8115928,0 14.943086,-14.811943,0 14.9503735,-14.8115964,0 14.957591,-14.8105563,0 14.9646688,-14.8088327,0 14.9715387,-14.8064424,0 14.9781346,-14.8034082,0 14.9843928,-14.7997595,0 14.9902531,-14.7955314,0 14.995659,-14.7907647,0 15.0005583,-14.7855053,0 15.004904,-14.7798038,0 15.0086543,-14.7737154,0 15.0117729,-14.7672985,0 15.01423,-14.760615,0 15.0160019,-14.7537294,0 15.0170717,-14.7467078,0 15.017429,-14.7396181,0 15.0170706,-14.7325284,0 15.0159999,-14.725507,0 15.0142273,-14.7186216,0 15.01177,-14.7119384,0 15.0086516,-14.7055217,0 15.0049022,-14.6994334,0 15.002495,-14.6962741,0 15.0023039,-14.6957544,0 15.002223,-14.6955878,0 15.0020275,-14.6943055,0 15.0017202,-14.6931112,0 15.001695,-14.692611,0 15.0006249,-14.6855895,0 15.0003136,-14.6843795,0 15.0002366,-14.6828553,0 14.9991667,-14.6758338,0 14.9989032,-14.6748095,0 14.998862,-14.6739946,0 14.9977922,-14.6669731,0 14.9975828,-14.6661593,0 14.9975247,-14.6650074,0 14.996455,-14.6579859,0 14.9961409,-14.6567651,0 14.9961225,-14.6563998,0 14.9950528,-14.6493783,0 14.9932815,-14.6424927,0 14.9908256,-14.6358092,0 14.9877089,-14.6293922,0 14.9844956,-14.6241713,0 14.9838651,-14.6228731,0 14.9801178,-14.6167843,0 14.9757759,-14.6110825,0 14.9708812,-14.6058224,0 14.9654809,-14.6010547,0 14.9596269,-14.5968252,0 14.9533756,-14.5931748,0 14.9467871,-14.5901384,0 14.939925,-14.5877454,0 14.9328551,-14.5860187,0 14.9314566,-14.5858163,0 14.9289168,-14.5846455,0 14.922055,-14.5822519,0 14.9149854,-14.5805247,0 14.9142721,-14.5804214,0 14.9125121,-14.5798073,0 14.9054427,-14.5780798,0 14.8982336,-14.5770352,0 14.8909541,-14.5766836,0 14.8891514,-14.576769,0 14.8873017,-14.5729552,0 14.8835579,-14.5668649,0 14.8792195,-14.5611612,0 14.8743282,-14.5558991,0 14.8689312,-14.5511292,0 14.8684291,-14.5507661,0 14.8677595,-14.5500456,0 14.8623627,-14.5452755,0 14.8565122,-14.5410435,0 14.8525066,-14.5387015,0 14.8509912,-14.5355752,0 14.8508893,-14.5354094,0 14.8501634,-14.5334292,0 14.8470522,-14.5270103,0 14.8433104,-14.5209193,0 14.8389739,-14.5152149,0 14.8340845,-14.509952,0 14.8286895,-14.5051811,0 14.8228406,-14.5009483,0 14.8165943,-14.4972942,0 14.8100106,-14.494254,0 14.8031529,-14.491857,0 14.7960871,-14.4901262,0 14.7888814,-14.4890783,0 14.781605,-14.4887233,0 14.7743279,-14.4890647,0 14.7671202,-14.4900993,0 14.7600511,-14.4918169,0 14.7531887,-14.4942012,0 14.7465991,-14.4972291,0 14.7403457,-14.5008716,0 14.7344886,-14.5050935,0 14.7290842,-14.5098543,0 14.7241846,-14.5151081,0 14.7198369,-14.5208044,0 14.7160831,-14.5268883,0 14.7129594,-14.5333013,0 14.7104958,-14.5399817,0 14.7087161,-14.546865,0 14.7076376,-14.5538852,0 14.7072707,-14.5609745,0 14.7076189,-14.5680646,0 14.7086791,-14.5750874,0 14.710441,-14.5819752,0 14.7128878,-14.5886616,0 14.7159959,-14.5950821,0 14.7160977,-14.595248,0 14.7168226,-14.5972286,0 14.7199309,-14.6036491,0 14.7207958,-14.6050583,0 14.7208142,-14.6051085,0 14.7227638,-14.6091352,0 14.7209016,-14.6107747,0 14.7159995,-14.6160283,0 14.7116496,-14.6217243,0 14.7078939,-14.627808,0 14.7047684,-14.6342208,0 14.7023034,-14.640901,0 14.7016771,-14.6433217,0 14.6993872,-14.6463195,0 14.6956307,-14.652403,0 14.6925045,-14.6588156,0 14.6900388,-14.6654956,0 14.6882574,-14.6723788,0 14.6871776,-14.6793987,0 14.6868097,-14.6864879,0 14.6871574,-14.693578,0 14.6882174,-14.7006008,0 14.6899796,-14.7074887,0 14.6924271,-14.7141752,0 14.6955363,-14.720596,0 14.6992774,-14.7266892,0 14.7036143,-14.7323961,0 14.7085053,-14.7376617,0 14.7139033,-14.7424353,0 14.7197564,-14.7466709,0 14.7260081,-14.7503276,0 14.7325982,-14.7533702,0 14.7394632,-14.7557693,0 14.7465369,-14.7575019,0 14.7537511,-14.7585512,0 14.7610364,-14.7589072,0 14.7683224,-14.7585663,0 14.7755389,-14.7575319,0 14.7826164,-14.7558139,0 14.7894866,-14.753429,0 14.7960834,-14.7504,0 14.802343,-14.7467562,0 14.8082054,-14.7425327,0 
						</coordinates>
					</LinearRing>
					<LinearRing>
						<coordinates>
							14.0744563,-6.019505199999999,0 14.0815404,-6.019865600000001,0 14.0886258,-6.019529,0 14.095644,-6.018498699999999,0 14.1025276,-6.0167846,0 14.1092101,-6.0144032,0 14.1156273,-6.0113775,0 14.1217172,-6.0077365,0 14.1274213,-6.0035154,0 14.1288246,-6.002246099999999,0 14.1293664,-6.0018451,0 14.1346296,-5.9970845,0 14.1394013,-5.9918303,0 14.1436355,-5.9861331,0 14.1472914,-5.9800478,0 14.150334,-5.9736329,0 14.1527337,-5.9669504,0 14.1544677,-5.9600645,0 14.1555191,-5.953041600000001,0 14.1558779,-5.9459494,0 14.1555407,-5.938856100000001,0 14.1545108,-5.93183,0 14.152798,-5.9249388,0 14.1504189,-5.9182489,0 14.1493249,-5.9159236,0 14.1484749,-5.9135333,0 14.1454525,-5.9071091,0 14.1418159,-5.901012499999999,0 14.1376001,-5.895302099999999,0 14.1328457,-5.890033,0 14.1275985,-5.8852558,0 14.1219091,-5.8810167,0 14.1158322,-5.8773563,0 14.1094264,-5.874309900000001,0 14.1027533,-5.8719069,0 14.0958771,-5.8701703,0 14.0888642,-5.869117000000001,0 14.0817819,-5.868756999999999,0 14.0746986,-5.8690937,0 14.074604,-5.869107600000001,0 14.0617704,-5.877916300000001,0 14.0475632,-5.881702,0 14.0426636,-5.8830075,0 14.0381336,-5.884213899999999,0 14.0376514,-5.8838179,0 14.0359122,-5.885105,0 14.0306495,-5.8898647,0 14.0258779,-5.8951179,0 14.0216435,-5.9008142,0 14.0179869,-5.9068986,0 14.0149435,-5.9133125,0 14.0125425,-5.919994200000001,0 14.010807,-5.9268794,0 14.0097539,-5.933901800000001,0 14.0093933,-5.9409937,0 14.0095486,-5.9442789,0 14.0093909,-5.947379400000001,0 14.0097262,-5.9544726,0 14.0107543,-5.961498599999999,0 14.0124652,-5.968390000000001,0 14.0148427,-5.9750802,0 14.0178637,-5.981504900000001,0 14.0214992,-5.9876022,0 14.0257143,-5.993313399999999,0 14.0304682,-5.9985834,0 14.0357153,-6.0033615,0 14.0414051,-6.0076016,0 14.0474826,-6.0112629,0 14.0538895,-6.0143102,0 14.0605639,-6.016714,0 14.0674416,-6.0184513,0 14.0744563,-6.019505199999999,0 
						</coordinates>
					</LinearRing>
					<LinearRing>
						<coordinates>
							16.3227797,-14.7492532,0 16.328154,-14.7444566,0 16.333019,-14.7391704,0 16.337328,-14.7334455,0 16.3410394,-14.7273371,0 16.3441176,-14.720904,0 16.3465329,-14.7142082,0 16.3482622,-14.7073143,0 16.3492888,-14.7002886,0 16.349603,-14.6931987,0 16.3492018,-14.686113,0 16.3480892,-14.6790997,0 16.3475837,-14.6771839,0 16.3491987,-14.670745,0 16.3502252,-14.6637192,0 16.3505395,-14.6566294,0 16.3501384,-14.6495436,0 16.349026,-14.6425303,0 16.347213,-14.6356569,0 16.3447169,-14.6289895,0 16.3415618,-14.6225924,0 16.3377782,-14.6165272,0 16.3334026,-14.6108522,0 16.3284769,-14.605622,0 16.3230488,-14.600887,0 16.3171704,-14.5966927,0 16.3108984,-14.5930796,0 16.3042931,-14.5900823,0 16.297418,-14.5877298,0 16.2903394,-14.5860446,0 16.2831254,-14.5850431,0 16.2758452,-14.5847347,0 16.2685691,-14.5851226,0 16.261367,-14.5862029,0 16.2543081,-14.5879653,0 16.2474605,-14.5903928,0 16.24089,-14.5934622,0 16.2346598,-14.5971437,0 16.2321403,-14.5989842,0 16.2266158,-14.599812,0 16.2195561,-14.6015734,0 16.2127076,-14.604,0 16.2061361,-14.6070684,0 16.1999049,-14.6107491,0 16.194074,-14.6150067,0 16.1886995,-14.6198002,0 16.1838332,-14.6250835,0 16.1795219,-14.6308058,0 16.1758071,-14.6369119,0 16.1727248,-14.643343,0 16.1703047,-14.6500374,0 16.16857,-14.6569305,0 16.1675376,-14.6639559,0 16.1672174,-14.6710459,0 16.1676127,-14.6781324,0 16.1687197,-14.6851471,0 16.1705278,-14.6920223,0 16.1730196,-14.6986918,0 16.1761713,-14.7050915,0 16.1799524,-14.7111595,0 16.1843266,-14.7168375,0 16.1892517,-14.7220708,0 16.1946805,-14.7268089,0 16.2005604,-14.7310061,0 16.206835,-14.734622,0 16.2134437,-14.7376217,0 16.2175398,-14.7390238,0 16.2181409,-14.7398037,0 16.2230674,-14.7450362,0 16.2284974,-14.7497733,0 16.2343786,-14.7539696,0 16.2406543,-14.7575845,0 16.2472642,-14.7605832,0 16.2541443,-14.7629368,0 16.2612286,-14.7646226,0 16.2684486,-14.7656243,0 16.2757347,-14.7659324,0 16.2830168,-14.7655439,0 16.2902245,-14.7644624,0 16.2972885,-14.7626985,0 16.3041407,-14.7602692,0 16.310715,-14.7571977,0 16.316948,-14.7535139,0 16.3227797,-14.7492532,0 
						</coordinates>
					</LinearRing>
					<LinearRing>
						<coordinates>
							15.8003006,-12.8846608,0 15.8056466,-12.8798773,0 15.8104888,-12.8746025,0 15.8147805,-12.8688875,0 15.8184803,-12.8627872,0 15.8215528,-12.8563605,0 15.8225651,-12.8535563,0 15.8240621,-12.8533336,0 15.8310743,-12.8515867,0 15.8378781,-12.8491736,0 15.8444079,-12.8461176,0 15.8506009,-12.8424481,0 15.8563972,-12.8382007,0 15.8617412,-12.833416,0 15.8665813,-12.8281404,0 15.870871,-12.8224245,0 15.8745688,-12.8163236,0 15.8776394,-12.8098963,0 15.880053,-12.8032045,0 15.8817866,-12.7963128,0 15.8828235,-12.7892876,0 15.8828452,-12.7888216,0 15.8829357,-12.7882081,0 15.8829556,-12.787781,0 15.8830386,-12.7872187,0 15.8830567,-12.7868302,0 15.8831321,-12.7863192,0 15.8834624,-12.779228,0 15.8830829,-12.7721392,0 15.8819973,-12.765121,0 15.8802163,-12.758241,0 15.8777569,-12.7515655,0 15.8746429,-12.7451587,0 15.8709043,-12.7390823,0 15.8665772,-12.7333948,0 15.8617033,-12.7281509,0 15.8563294,-12.7234011,0 15.8505074,-12.7191912,0 15.8442932,-12.7155616,0 15.8377467,-12.7125472,0 15.8309309,-12.7101772,0 15.8239114,-12.7084742,0 15.8167557,-12.7074547,0 15.8165578,-12.7074458,0 15.8162966,-12.7074086,0 15.8160984,-12.7073996,0 15.8158386,-12.7073626,0 15.8086156,-12.7070364,0 15.8013948,-12.7074066,0 15.7942457,-12.7084698,0 15.787237,-12.7102155,0 15.7804363,-12.7126271,0 15.7739089,-12.7156814,0 15.7677177,-12.719349,0 15.7619223,-12.7235945,0 15.7565785,-12.7283771,0 15.7517378,-12.7336508,0 15.7474467,-12.7393648,0 15.7437467,-12.7454641,0 15.7406734,-12.7518901,0 15.7388852,-12.7568402,0 15.7321809,-12.7585084,0 15.7253783,-12.7609187,0 15.7251013,-12.7610482,0 15.7239243,-12.7614653,0 15.7173949,-12.7645182,0 15.7112017,-12.7681846,0 15.7054043,-12.7724289,0 15.7000584,-12.7772105,0 15.6952155,-12.7824832,0 15.6909224,-12.7881964,0 15.6872203,-12.7942951,0 15.684145,-12.8007204,0 15.6817261,-12.8074107,0 15.6799869,-12.8143013,0 15.6789443,-12.8213261,0 15.6786083,-12.8284174,0 15.6789823,-12.8355068,0 15.6800627,-12.842526,0 15.6818391,-12.8494076,0 15.6842946,-12.8560851,0 15.6874054,-12.8624943,0 15.6911417,-12.8685734,0 15.6954676,-12.8742639,0 15.7003413,-12.8795108,0 15.7057159,-12.8842637,0 15.7115397,-12.8884767,0 15.7121279,-12.8888204,0 15.7125738,-12.889143,0 15.7187907,-12.8927756,0 15.7253408,-12.8957926,0 15.7321608,-12.8981651,0 15.7391852,-12.8998703,0 15.7463461,-12.9008915,0 15.7535747,-12.9012191,0 15.7608011,-12.9008499,0 15.7679558,-12.8997874,0 15.7749698,-12.8980418,0 15.7817755,-12.8956301,0 15.7883072,-12.8925754,0 15.7945022,-12.8889072,0 15.8003006,-12.8846608,0 
						</coordinates>
					</LinearRing>
					<LinearRing>
						<coordinates>
							16.3275546,-11.7887851,0 16.334752,-11.7890998,0 16.341946,-11.7887177,0 16.3490673,-11.7876425,0 16.3560472,-11.7858846,0 16.3628186,-11.783461,0 16.369316,-11.780395,0 16.375477,-11.7767162,0 16.378364,-11.7745849,0 16.3815546,-11.774415,0 16.3886753,-11.7733389,0 16.3956545,-11.7715801,0 16.402425,-11.7691556,0 16.4089216,-11.7660888,0 16.4150817,-11.7624093,0 16.4208458,-11.7581524,0 16.4261586,-11.7533592,0 16.4309688,-11.7480759,0 16.4352301,-11.7423535,0 16.4389016,-11.736247,0 16.4419478,-11.7298152,0 16.4422626,-11.7289341,0 16.4450076,-11.7287873,0 16.4521267,-11.7277098,0 16.4591042,-11.7259496,0 16.465873,-11.7235238,0 16.4723677,-11.7204558,0 16.4785258,-11.716775,0 16.4842879,-11.7125171,0 16.4895987,-11.707723,0 16.4944069,-11.7024389,0 16.4986662,-11.6967157,0 16.5023357,-11.6906086,0 16.50538,-11.6841764,0 16.5077698,-11.677481,0 16.5094823,-11.670587,0 16.5105009,-11.6635608,0 16.5105798,-11.661784,0 16.510991,-11.6610995,0 16.5140349,-11.6546673,0 16.5164243,-11.6479719,0 16.5181365,-11.6410779,0 16.5191548,-11.6340517,0 16.5194697,-11.6269609,0 16.519078,-11.6198738,0 16.5179836,-11.6128587,0 16.5161971,-11.6059831,0 16.5137358,-11.5993132,0 16.5106234,-11.5929132,0 16.5068898,-11.5868448,0 16.5049898,-11.5843466,0 16.5055094,-11.5828906,0 16.5072216,-11.5759967,0 16.5082402,-11.5689705,0 16.5085555,-11.5618796,0 16.5081644,-11.5547925,0 16.5070707,-11.5477772,0 16.5052851,-11.5409014,0 16.5028248,-11.5342313,0 16.4997135,-11.5278311,0 16.4959812,-11.5217623,0 16.4916639,-11.5160835,0 16.4868031,-11.5108492,0 16.4814457,-11.5061099,0 16.4756433,-11.5019112,0 16.4694517,-11.4982934,0 16.4629304,-11.4952915,0 16.4561424,-11.4929343,0 16.4491528,-11.4912444,0 16.442029,-11.4902383,0 16.4348395,-11.4899254,0 16.4276535,-11.490309,0 16.4205402,-11.4913852,0 16.413568,-11.4931438,0 16.406804,-11.4955678,0 16.4003133,-11.4986339,0 16.3941584,-11.5023126,0 16.3883986,-11.5065684,0 16.3830892,-11.5113605,0 16.3782816,-11.5166427,0 16.3740219,-11.5223641,0 16.3703512,-11.5284698,0 16.3673048,-11.5349008,0 16.3649123,-11.5415953,0 16.3639895,-11.5453028,0 16.3597104,-11.549164,0 16.3549017,-11.5544459,0 16.350641,-11.5601671,0 16.3469694,-11.5662725,0 16.3439222,-11.5727033,0 16.3415289,-11.5793977,0 16.3398124,-11.5862912,0 16.3387895,-11.5933173,0 16.3384701,-11.6004084,0 16.3388571,-11.6074963,0 16.3399471,-11.6145126,0 16.3417294,-11.6213898,0 16.3441871,-11.6280616,0 16.3472965,-11.6344638,0 16.3476532,-11.6350443,0 16.345596,-11.6357808,0 16.3436248,-11.6367112,0 16.338033,-11.6326632,0 16.3318397,-11.6290426,0 16.3253164,-11.6260378,0 16.3185258,-11.6236776,0 16.3115334,-11.6219847,0 16.3044063,-11.6209755,0 16.2972132,-11.6206597,0 16.2900233,-11.6210402,0 16.2829058,-11.6221135,0 16.2759292,-11.6238692,0 16.2691607,-11.6262904,0 16.2626653,-11.6293539,0 16.2565056,-11.6330301,0 16.2507409,-11.6372837,0 16.2454267,-11.6420738,0 16.2406143,-11.6473542,0 16.2363498,-11.653074,0 16.2326746,-11.6591784,0 16.2296238,-11.6656083,0 16.2272271,-11.6723021,0 16.2255075,-11.6791952,0 16.2244816,-11.6862212,0 16.2241593,-11.6933125,0 16.2245439,-11.7004008,0 16.2256316,-11.7074177,0 16.2274121,-11.7142958,0 16.2298682,-11.7209688,0 16.2329763,-11.7273723,0 16.2367066,-11.7334447,0 16.241023,-11.7391275,0 16.2458841,-11.7443659,0 16.2512431,-11.7491095,0 16.2570482,-11.7533124,0 16.2632437,-11.7569344,0 16.2697697,-11.7599403,0 16.2765634,-11.7623013,0 16.2776048,-11.7625534,0 16.2778802,-11.7629159,0 16.2827424,-11.7681535,0 16.2881024,-11.7728963,0 16.2939086,-11.7770984,0 16.300105,-11.7807194,0 16.3066319,-11.7837244,0 16.3134265,-11.7860845,0 16.3204232,-11.7877768,0 16.3275546,-11.7887851,0 
						</coordinates>
					</LinearRing>
					<LinearRing>
						<coordinates>
							16.3590844,-9.359909500000001,0 16.364362,-9.355121799999999,0 16.3691416,-9.3498433,0 16.3733771,-9.344125,0 16.3770277,-9.3380218,0 16.3800583,-9.331592499999999,0 16.3824399,-9.324899200000001,0 16.3841493,-9.3180063,0 16.3851703,-9.3109801,0 16.3854931,-9.3038884,0 16.3851145,-9.2967993,0 16.3840383,-9.2897813,0 16.3822749,-9.282901799999999,0 16.3798413,-9.2762271,0 16.3767609,-9.269821500000001,0 16.3730635,-9.263746599999999,0 16.368945,-9.258274,0 16.3674073,-9.2557475,0 16.3631287,-9.250061799999999,0 16.3583098,-9.2448199,0 16.3529971,-9.2400725,0 16.3472417,-9.235865199999999,0 16.3410991,-9.2322384,0 16.3346283,-9.2292272,0 16.3278917,-9.226860500000001,0 16.3209542,-9.225161099999999,0 16.3138824,-9.2241453,0 16.3137559,-9.224139600000001,0 16.3134908,-9.2241015,0 16.3063529,-9.223779199999999,0 16.2992175,-9.224153299999999,0 16.2921533,-9.225220500000001,0 16.2852283,-9.2269703,0 16.2785092,-9.229386,0 16.2720607,-9.2324442,0 16.2659447,-9.2361156,0 16.2602203,-9.240364899999999,0 16.2549426,-9.245151,0 16.2501623,-9.250427999999999,0 16.2459255,-9.256145099999999,0 16.2422731,-9.262247199999999,0 16.2392401,-9.268675500000001,0 16.236856,-9.275368200000001,0 16.2351436,-9.2822608,0 16.2341196,-9.289287,0 16.2337937,-9.296379,0 16.2341693,-9.3034686,0 16.2352426,-9.310487500000001,0 16.2370035,-9.317368099999999,0 16.2394349,-9.3240441,0 16.2425136,-9.330451200000001,0 16.2462098,-9.3365276,0 16.2504881,-9.3422149,0 16.2514769,-9.343290700000001,0 16.2522567,-9.344572599999999,0 16.2565351,-9.350259700000001,0 16.2613543,-9.355502899999999,0 16.266668,-9.3602516,0 16.2724248,-9.364460100000001,0 16.2785694,-9.3680878,0 16.2850425,-9.3710997,0 16.2917818,-9.3734669,0 16.2987223,-9.375166500000001,0 16.3057972,-9.376182099999999,0 16.3129383,-9.376504000000001,0 16.3200767,-9.376129199999999,0 16.3271437,-9.3750611,0 16.3340712,-9.373310099999999,0 16.3407923,-9.3708931,0 16.3472425,-9.367833299999999,0 16.3533595,-9.364160399999999,0 16.3590844,-9.359909500000001,0 
						</coordinates>
					</LinearRing>
					<LinearRing>
						<coordinates>
							15.9931565,-7.402894799999999,0 16.0000527,-7.401154099999999,0 16.0067445,-7.3987469,0 16.0131678,-7.3956964,0 16.0192604,-7.3920321,0 16.0249638,-7.387789200000001,0 16.0302231,-7.383008599999999,0 16.0321004,-7.3809312,0 16.0341903,-7.380179199999999,0 16.040613,-7.3771284,0 16.0467052,-7.3734638,0 16.0524081,-7.3692206,0 16.0576668,-7.3644398,0 16.0624306,-7.3591674,0 16.0666538,-7.3534541,0 16.0702957,-7.3473551,0 16.0733211,-7.3409291,0 16.075701,-7.334238,0 16.0774125,-7.3273462,0 16.0784391,-7.3203201,0 16.078771,-7.3132273,0 16.0784051,-7.306136199999999,0 16.0773448,-7.2991151,0 16.0756004,-7.2922315,0 16.0731888,-7.2855518,0 16.0701332,-7.279140200000001,0 16.066463,-7.2730585,0 16.0622136,-7.2673653,0 16.0574259,-7.2621153,0 16.0521461,-7.257359100000001,0 16.0464249,-7.2531425,0 16.0403175,-7.2495061,0 16.0338826,-7.2464849,0 16.0271823,-7.244107900000001,0 16.0271227,-7.244093099999999,0 16.0267035,-7.2438963,0 16.0200032,-7.2415193,0 16.0131019,-7.2398093,0 16.006066,-7.2387831,0 15.9989632,-7.238450300000001,0 15.991862,-7.2388142,0 15.9848306,-7.2398714,0 15.9779368,-7.2416116,0 15.9712469,-7.2440181,0 15.9648254,-7.2470677,0 15.9646676,-7.2471626,0 15.9649361,-7.2460825,0 15.9659645,-7.2390564,0 15.9662983,-7.231963399999999,0 15.9659344,-7.224872,0 15.9648762,-7.217850300000001,0 15.9631339,-7.210966000000001,0 15.9607245,-7.2042853,0 15.9576711,-7.1978727,0 15.9540031,-7.1917898,0 15.9497558,-7.186095199999999,0 15.9449703,-7.180843699999999,0 15.9396925,-7.176085900000001,0 15.9339733,-7.171867599999999,0 15.9278678,-7.1682294,0 15.9214347,-7.165206299999999,0 15.9147359,-7.1628275,0 15.907836,-7.1611157,0 15.9008013,-7.160087599999999,0 15.8936997,-7.1597531,0 15.8865994,-7.1601152,0 15.8795687,-7.1611706,0 15.8726755,-7.1629092,0 15.865986,-7.1653141,0 15.8595646,-7.168362200000001,0 15.8534731,-7.1720242,0 15.8477703,-7.1762648,0 15.842511,-7.1810432,0 15.8377458,-7.1863135,0 15.8335208,-7.1920248,0 15.8298765,-7.198122199999999,0 15.8268481,-7.2045469,0 15.8244648,-7.2112372,0 15.8227495,-7.2181285,0 15.8217188,-7.2251546,0 15.8213827,-7.2322477,0 15.8217445,-7.2393395,0 15.8228006,-7.2463618,0 15.824541,-7.2532469,0 15.8269489,-7.2599284,0 15.8300011,-7.2663421,0 15.8336683,-7.2724261,0 15.8379151,-7.2781219,0 15.8427007,-7.283374500000001,0 15.847979,-7.288133400000001,0 15.8536991,-7.2923526,0 15.859806,-7.2959917,0 15.8662408,-7.299015399999999,0 15.8729415,-7.3013948,0 15.8798435,-7.3031068,0 15.8868804,-7.3041349,0 15.8939843,-7.304469300000001,0 15.9010869,-7.3041068,0 15.9081196,-7.303050800000001,0 15.9130781,-7.3018,0 15.9118476,-7.3044113,0 15.9094652,-7.3111018,0 15.9077511,-7.3179934,0 15.9067218,-7.3250194,0 15.9063871,-7.3321124,0 15.9067504,-7.339203999999999,0 15.9078083,-7.346225900000001,0 15.9095505,-7.3531104,0 15.9119603,-7.3597913,0 15.9150145,-7.366204100000001,0 15.9186837,-7.3722872,0 15.9229326,-7.3779819,0 15.9277204,-7.3832333,0 15.9330007,-7.3879909,0 15.9387229,-7.392208800000001,0 15.9448318,-7.395846500000001,0 15.9512685,-7.3988687,0 15.9579711,-7.4012465,0 15.9648748,-7.402956999999999,0 15.9719134,-7.403983599999999,0 15.9790188,-7.4043164,0 15.9861227,-7.4039523,0 15.9931565,-7.402894799999999,0 
						</coordinates>
					</LinearRing>
					<LinearRing>
						<coordinates>
							16.9960185,-12.3892419,0 17.0013304,-12.3844376,0 17.0061374,-12.3791446,0 17.0103934,-12.3734139,0 17.0140573,-12.3673007,0 17.0170939,-12.3608639,0 17.019474,-12.3541654,0 17.0211748,-12.3472699,0 17.0221798,-12.3402436,0 17.0224795,-12.3331543,0 17.0220711,-12.3260703,0 17.0209585,-12.3190598,0 17.0191525,-12.3121902,0 17.0166706,-12.3055277,0 17.0135366,-12.2991364,0 17.0097808,-12.2930779,0 17.0054395,-12.2874104,0 17.0005543,-12.2821886,0 16.9951723,-12.2774627,0 16.9893455,-12.2732781,0 16.9831297,-12.2696753,0 16.976585,-12.2666887,0 16.9697742,-12.2643472,0 16.9627629,-12.2626733,0 16.9556186,-12.2616832,0 16.94841,-12.2613863,0 16.9412064,-12.2617856,0 16.9400166,-12.2619678,0 16.9371514,-12.2609823,0 16.9301403,-12.2593076,0 16.9282932,-12.2590514,0 16.9282042,-12.2590208,0 16.9211931,-12.2573458,0 16.9140489,-12.2563545,0 16.9068403,-12.2560565,0 16.8996367,-12.2564547,0 16.8925074,-12.2575452,0 16.886104,-12.2591697,0 16.8849671,-12.2568479,0 16.8812148,-12.250787,0 16.8812092,-12.2507797,0 16.8804559,-12.2492411,0 16.8767038,-12.2431802,0 16.8723659,-12.23751,0 16.867484,-12.2322853,0 16.8621052,-12.2275563,0 16.8562812,-12.2233684,0 16.8500681,-12.219762,0 16.8477866,-12.2187193,0 16.8475647,-12.2148186,0 16.8464575,-12.2078065,0 16.8446571,-12.2009349,0 16.8421808,-12.19427,0 16.8390524,-12.1878758,0 16.8353022,-12.181814,0 16.8309663,-12.176143,0 16.8291635,-12.1742123,0 16.8291849,-12.1737156,0 16.8287825,-12.1666304,0 16.8277829,-12.1602947,0 16.8276375,-12.1577345,0 16.8265314,-12.1507222,0 16.824732,-12.1438503,0 16.8222569,-12.137185,0 16.8191299,-12.1307904,0 16.8153811,-12.1247282,0 16.8110467,-12.1190566,0 16.8061684,-12.1138302,0 16.8007932,-12.1090995,0 16.7958309,-12.1055275,0 16.7937484,-12.1036944,0 16.7879282,-12.0995045,0 16.7822637,-12.0962127,0 16.7821421,-12.0940635,0 16.7823638,-12.0935945,0 16.7847487,-12.0868974,0 16.7864551,-12.0800025,0 16.7874665,-12.0729762,0 16.7875397,-12.0712854,0 16.7876078,-12.0710101,0 16.7886193,-12.0639838,0 16.7888379,-12.0589305,0 16.7894046,-12.0549937,0 16.7897114,-12.0479036,0 16.7893107,-12.0408182,0 16.7882064,-12.0338054,0 16.7869746,-12.0290951,0 16.7888628,-12.0250981,0 16.7912473,-12.018401,0 16.7929533,-12.0115062,0 16.7939646,-12.0044799,0 16.7942714,-11.9973899,0 16.7938708,-11.9903044,0 16.7927668,-11.9832916,0 16.7909701,-11.9764192,0 16.7884979,-11.9697532,0 16.7853742,-11.9633578,0 16.7846712,-11.9622198,0 16.7844508,-11.9616254,0 16.7813273,-11.9552299,0 16.7775823,-11.9491666,0 16.7732519,-11.9434939,0 16.7683779,-11.9382663,0 16.7630072,-11.9335341,0 16.7571915,-11.929343,0 16.7509867,-11.9257331,0 16.7444527,-11.9227394,0 16.7376522,-11.9203906,0 16.7362245,-11.9200478,0 16.7376657,-11.9184621,0 16.7419222,-11.9127356,0 16.7455881,-11.9066258,0 16.748628,-11.9001915,0 16.7510129,-11.8934947,0 16.7527197,-11.8866,0 16.753732,-11.8795738,0 16.7540402,-11.8724836,0 16.7536413,-11.8653978,0 16.7525393,-11.8583846,0 16.7507448,-11.8515116,0 16.7482751,-11.8448449,0 16.7451541,-11.8384486,0 16.7414118,-11.8323845,0 16.7370843,-11.8267107,0 16.7322133,-11.8214821,0 16.7268457,-11.8167488,0 16.7210332,-11.8125564,0 16.7148316,-11.8089454,0 16.7083008,-11.8059503,0 16.7015036,-11.8036002,0 16.6945053,-11.8019176,0 16.6873734,-11.8009186,0 16.6801764,-11.800613,0 16.6729836,-11.8010037,0 16.6658643,-11.8020869,0 16.6588869,-11.8038521,0 16.6521186,-11.8062825,0 16.6456245,-11.8093547,0 16.6394672,-11.813039,0 16.6337059,-11.8173,0 16.6283962,-11.8220967,0 16.6235891,-11.827383,0 16.6193309,-11.8331079,0 16.6156627,-11.8392164,0 16.6126199,-11.8456496,0 16.6102318,-11.8523456,0 16.6085214,-11.8592399,0 16.6075053,-11.8662662,0 16.6071933,-11.8733567,0 16.6075884,-11.8804432,0 16.6086869,-11.8874574,0 16.6104784,-11.8943318,0 16.6129455,-11.9010001,0 16.6160645,-11.9073981,0 16.6198055,-11.9134641,0 16.6241325,-11.9191397,0 16.6290037,-11.9243703,0 16.6343722,-11.9291053,0 16.6401864,-11.9332993,0 16.6463902,-11.9369117,0 16.6529239,-11.9399078,0 16.6597244,-11.9422587,0 16.6611522,-11.9426019,0 16.6597104,-11.9441872,0 16.6554516,-11.9499128,0 16.6517831,-11.9560218,0 16.6487402,-11.9624554,0 16.6463524,-11.9691517,0 16.6446426,-11.9760462,0 16.6436274,-11.9830724,0 16.6433166,-11.9901628,0 16.6437133,-11.9972491,0 16.6448136,-12.0042629,0 16.6466071,-12.0111368,0 16.6490765,-12.0178044,0 16.6494214,-12.0185114,0 16.6481966,-12.0211008,0 16.6458084,-12.0277971,0 16.6440984,-12.0346916,0 16.6430832,-12.0417178,0 16.6428618,-12.0467714,0 16.6422929,-12.0507082,0 16.6422188,-12.0523991,0 16.6421505,-12.0526744,0 16.6419031,-12.0543869,0 16.640981,-12.0563358,0 16.6385925,-12.0630321,0 16.6368822,-12.0699265,0 16.6358668,-12.0769528,0 16.6356561,-12.0817598,0 16.6336517,-12.0873786,0 16.6319412,-12.0942731,0 16.6309256,-12.1012993,0 16.6306148,-12.1083897,0 16.6310117,-12.115476,0 16.6321126,-12.1224898,0 16.6339069,-12.1293636,0 16.636221,-12.1356088,0 16.6367503,-12.1376364,0 16.6392211,-12.144304,0 16.6423443,-12.1507011,0 16.6426345,-12.1511711,0 16.6430928,-12.1524079,0 16.6462163,-12.158805,0 16.6499621,-12.1648699,0 16.6542943,-12.1705444,0 16.6591712,-12.1757737,0 16.6645458,-12.1805074,0 16.6703664,-12.1846998,0 16.6765767,-12.1883107,0 16.680888,-12.1902846,0 16.6828893,-12.1943813,0 16.6838476,-12.1959323,0 16.6841336,-12.1977505,0 16.68593,-12.2046237,0 16.6884027,-12.2112906,0 16.691528,-12.2176869,0 16.6952758,-12.223751,0 16.6996101,-12.2294244,0 16.7015907,-12.2315469,0 16.7024411,-12.2369511,0 16.7042384,-12.2438241,0 16.7067121,-12.2504907,0 16.7098384,-12.2568867,0 16.7135872,-12.2629504,0 16.7179226,-12.2686234,0 16.7228026,-12.2738511,0 16.7281804,-12.2785831,0 16.7340041,-12.2827738,0 16.7402177,-12.2863828,0 16.7424995,-12.2874263,0 16.7427201,-12.2913274,0 16.7438252,-12.2983402,0 16.7456242,-12.3052126,0 16.7480996,-12.3118786,0 16.7512278,-12.3182738,0 16.7549786,-12.3243367,0 16.7549843,-12.3243441,0 16.7557371,-12.3258831,0 16.7594882,-12.3319458,0 16.7638257,-12.3376178,0 16.7687081,-12.3428444,0 16.7740881,-12.3475752,0 16.7799141,-12.3517645,0 16.7861298,-12.3553722,0 16.7926755,-12.3583633,0 16.7994879,-12.360709,0 16.8065015,-12.3623868,0 16.8136487,-12.3633806,0 16.8208605,-12.3636806,0 16.8280674,-12.3632841,0 16.8352,-12.3621948,0 16.8416064,-12.3605712,0 16.8427434,-12.3628931,0 16.8464969,-12.3689543,0 16.8508369,-12.3746246,0 16.8557215,-12.3798492,0 16.8611037,-12.3845779,0 16.8669317,-12.3887651,0 16.8731493,-12.3923704,0 16.8796967,-12.3953592,0 16.8865106,-12.3977025,0 16.8935254,-12.3993778,0 16.8953735,-12.3996341,0 16.8954626,-12.3996648,0 16.9024775,-12.4013399,0 16.9096257,-12.4023308,0 16.9168383,-12.4026282,0 16.9240458,-12.402229,0 16.9252362,-12.4020467,0 16.928103,-12.4030321,0 16.9351181,-12.4047063,0 16.9422664,-12.4056964,0 16.949479,-12.4059928,0 16.9566864,-12.4055928,0 16.9638191,-12.4045,0 16.9708084,-12.4027252,0 16.9775869,-12.4002854,0 16.9840893,-12.3972041,0 16.990253,-12.3935111,0 16.9960185,-12.3892419,0 
						</coordinates>
					</LinearRing>
					<LinearRing>
						<coordinates>
							16.7395863,-11.5901724,0 16.7467733,-11.5897808,0 16.7538867,-11.5886964,0 16.760858,-11.5869297,0 16.7676199,-11.5844976,0 16.7741074,-11.5814235,0 16.7741679,-11.5813872,0 16.7747289,-11.5811214,0 16.7748412,-11.5810541,0 16.7750853,-11.5809384,0 16.7812357,-11.5772521,0 16.7869898,-11.5729891,0 16.7922923,-11.5681904,0 16.7970921,-11.5629023,0 16.8013428,-11.5571757,0 16.8050038,-11.5510659,0 16.8080396,-11.5446316,0 16.8104212,-11.5379348,0 16.8121256,-11.5310401,0 16.8131364,-11.5240139,0 16.8134441,-11.5169237,0 16.8130456,-11.509838,0 16.8119448,-11.5028249,0 16.8101525,-11.495952,0 16.8076859,-11.4892853,0 16.8045689,-11.4828892,0 16.8044045,-11.4826225,0 16.80417,-11.4821414,0 16.8004325,-11.4760774,0 16.7961105,-11.4704038,0 16.7912458,-11.4651752,0 16.7858851,-11.4604421,0 16.78008,-11.4562499,0 16.7738865,-11.452639,0 16.7673641,-11.4496441,0 16.7605756,-11.4472942,0 16.7535864,-11.4456117,0 16.7464637,-11.444613,0 16.7392761,-11.4443075,0 16.7320927,-11.4446984,0 16.7249826,-11.4457817,0 16.7180144,-11.4475472,0 16.7112549,-11.4499778,0 16.7047694,-11.4530501,0 16.6986202,-11.4567345,0 16.6928666,-11.4609957,0 16.6875639,-11.4657926,0 16.6827632,-11.471079,0 16.6785108,-11.476804,0 16.6748477,-11.4829126,0 16.671809,-11.4893458,0 16.6718,-11.4893713,0 16.6712297,-11.4905786,0 16.6688449,-11.4972747,0 16.667137,-11.504169,0 16.6661224,-11.5111953,0 16.665811,-11.5182858,0 16.6662059,-11.5253722,0 16.6673033,-11.5323864,0 16.6690926,-11.5392607,0 16.6715567,-11.5459289,0 16.6746719,-11.5523267,0 16.6784082,-11.5583926,0 16.6827297,-11.5640681,0 16.6875947,-11.5692984,0 16.6929564,-11.5740333,0 16.6987631,-11.578227,0 16.7049589,-11.5818392,0 16.7114841,-11.5848351,0 16.7182758,-11.5871858,0 16.7252685,-11.5888686,0 16.7323949,-11.5898673,0 16.7395863,-11.5901724,0 
						</coordinates>
					</LinearRing>
					<LinearRing>
						<coordinates>
							17.6250952,-15.9026094,0 17.6299471,-15.8972962,0 17.6342372,-15.8915483,0 17.6379243,-15.885421,0 17.6409729,-15.8789735,0 17.6433537,-15.8722679,0 17.6450438,-15.8653686,0 17.6460271,-15.8583423,0 17.6462941,-15.8512565,0 17.6458424,-15.8441794,0 17.6446764,-15.8371793,0 17.6438218,-15.8340448,0 17.6438491,-15.8333211,0 17.6433976,-15.826244,0 17.6422318,-15.8192439,0 17.6403631,-15.812388,0 17.6378095,-15.8057424,0 17.635565,-15.801293,0 17.6340264,-15.7956467,0 17.633313,-15.7937898,0 17.632551,-15.7892114,0 17.630683,-15.7823554,0 17.6281302,-15.7757095,0 17.6249172,-15.7693379,0 17.6210749,-15.7633019,0 17.6166405,-15.7576595,0 17.6116566,-15.752465,0 17.6061712,-15.7477685,0 17.6002371,-15.7436151,0 17.5939114,-15.7400448,0 17.5872551,-15.7370919,0 17.5803321,-15.734785,0 17.573209,-15.7331461,0 17.5659545,-15.732191,0 17.5586382,-15.731929,0 17.5550363,-15.7321428,0 17.5546912,-15.7300628,0 17.5528266,-15.7232056,0 17.5502772,-15.7165584,0 17.5470677,-15.7101851,0 17.5432289,-15.7041471,0 17.5387979,-15.6985026,0 17.5338174,-15.6933058,0 17.5283352,-15.6886068,0 17.5224043,-15.6844507,0 17.5162677,-15.6809828,0 17.5145144,-15.679754,0 17.508192,-15.6761807,0 17.5015387,-15.6732247,0 17.4946185,-15.6709146,0 17.487498,-15.6692724,0 17.4802457,-15.6683142,0 17.4729314,-15.6680489,0 17.4656254,-15.6684794,0 17.458398,-15.6696013,0 17.4513188,-15.671404,0 17.4444558,-15.67387,0 17.4378752,-15.6769757,0 17.4316403,-15.6806913,0 17.425811,-15.6849808,0 17.4204435,-15.6898032,0 17.4155896,-15.6951119,0 17.4112959,-15.7008559,0 17.4076039,-15.7069798,0 17.4045491,-15.7134249,0 17.4021611,-15.7201289,0 17.4004628,-15.7270273,0 17.3994708,-15.7340538,0 17.3991947,-15.7411406,0 17.3996371,-15.7482194,0 17.4007939,-15.7552222,0 17.4026541,-15.7620814,0 17.4051997,-15.768731,0 17.4084064,-15.7751068,0 17.4122432,-15.7811475,0 17.4166732,-15.7867948,0 17.4216538,-15.7919944,0 17.427137,-15.796696,0 17.43307,-15.8008544,0 17.4392095,-15.8043243,0 17.4409637,-15.8055536,0 17.4472895,-15.8091284,0 17.453947,-15.8120855,0 17.460872,-15.8143963,0 17.4679977,-15.8160386,0 17.4752553,-15.8169965,0 17.482575,-15.8172609,0 17.484119,-15.8171697,0 17.4841413,-15.8175242,0 17.4853017,-15.8245261,0 17.4871656,-15.831384,0 17.4897151,-15.838032,0 17.4929256,-15.8444061,0 17.4957135,-15.8487894,0 17.4965147,-15.8503801,0 17.4970383,-15.8523055,0 17.4970104,-15.8530293,0 17.4974571,-15.8601074,0 17.4986184,-15.867109,0 17.5004834,-15.8739667,0 17.503034,-15.8806144,0 17.5062458,-15.8869881,0 17.5100878,-15.8930263,0 17.5145232,-15.8986708,0 17.5195091,-15.9038673,0 17.5249977,-15.9085656,0 17.5309359,-15.9127205,0 17.5372666,-15.916292,0 17.5439288,-15.9192456,0 17.5508582,-15.9215528,0 17.557988,-15.9231915,0 17.5652495,-15.9241458,0 17.5725728,-15.9244065,0 17.5798871,-15.9239712,0 17.587122,-15.922844,0 17.5942077,-15.9210358,0 17.601076,-15.9185641,0 17.6076606,-15.9154527,0 17.613898,-15.9117317,0 17.6197283,-15.9074368,0 17.6250952,-15.9026094,0 
						</coordinates>
					</LinearRing>
					<LinearRing>
						<coordinates>
							21.4197943,-14.2494899,0 21.4258942,-14.2456959,0 21.4315832,-14.241337,0 21.4368066,-14.2364551,0 21.4415141,-14.2310973,0 21.4456603,-14.2253153,0 21.4456605,-14.2253149,0 21.4462055,-14.2245548,0 21.4497506,-14.2184042,0 21.4526605,-14.2119443,0 21.4549072,-14.2052373,0 21.4564692,-14.1983478,0 21.4573316,-14.1913421,0 21.457486,-14.1842877,0 21.456931,-14.1772524,0 21.4556722,-14.1703041,0 21.4537215,-14.1635096,0 21.451098,-14.1569343,0 21.4478268,-14.1506414,0 21.4439394,-14.1446916,0 21.4394735,-14.1391421,0 21.4344718,-14.1340462,0 21.4289826,-14.1294531,0 21.4230586,-14.1254069,0 21.416757,-14.1219466,0 21.4101383,-14.1191056,0 21.4032662,-14.1169111,0 21.3962068,-14.1153842,0 21.389028,-14.1145398,0 21.3817989,-14.114386,0 21.374589,-14.1149242,0 21.3739462,-14.1150348,0 21.3738388,-14.1150428,0 21.3667175,-14.116268,0 21.3597534,-14.1181683,0 21.3530134,-14.1207255,0 21.3465625,-14.123915,0 21.3404628,-14.1277061,0 21.3347729,-14.1320624,0 21.3344354,-14.1323776,0 21.3342084,-14.1325514,0 21.3289832,-14.137431,0 21.3242731,-14.1427868,0 21.3201234,-14.1485674,0 21.3165742,-14.1547171,0 21.3136597,-14.1611767,0 21.3114081,-14.1678839,0 21.309841,-14.1747743,0 21.3089737,-14.1817813,0 21.3088146,-14.1888375,0 21.3093652,-14.195875,0 21.3106204,-14.2028259,0 21.3125681,-14.2096232,0 21.3151896,-14.2162015,0 21.3184596,-14.2224974,0 21.3223468,-14.22845,0 21.3268136,-14.2340023,0 21.331817,-14.2391005,0 21.3373089,-14.2436955,0 21.3432362,-14.2477432,0 21.349542,-14.2512044,0 21.3561653,-14.2540458,0 21.3630423,-14.2562402,0 21.3701067,-14.2577662,0 21.3702471,-14.2577827,0 21.3708765,-14.2579187,0 21.3780602,-14.2587617,0 21.3852941,-14.2589138,0 21.3925082,-14.2583733,0 21.3996331,-14.2571456,0 21.4066002,-14.2552425,0 21.4133422,-14.2526824,0 21.4197943,-14.2494899,0 
						</coordinates>
					</LinearRing>
					<LinearRing>
						<coordinates>
							20.630896,-11.145148,0 20.6375869,-11.1426408,0 20.6439964,-11.1394979,0 20.650063,-11.1357498,0 20.6557282,-11.1314324,0 20.6609374,-11.1265874,0 20.6656404,-11.1212615,0 20.6679848,-11.1180115,0 20.6681159,-11.1181489,0 20.6735087,-11.1227934,0 20.6793366,-11.1268933,0 20.6855435,-11.1304091,0 20.6920696,-11.1333069,0 20.6988519,-11.1355589,0 20.7058251,-11.1371434,0 20.7129219,-11.138045,0 20.720074,-11.1382552,0 20.7272124,-11.1377719,0 20.7342683,-11.1365999,0 20.7411738,-11.1347504,0 20.7478622,-11.1322413,0 20.7542693,-11.1290967,0 20.7603331,-11.1253471,0 20.7659955,-11.1210285,0 20.7712018,-11.1161826,0 20.7759018,-11.1108561,0 20.7800505,-11.1051002,0 20.7836079,-11.0989705,0 20.7865397,-11.092526,0 20.7888178,-11.0858287,0 20.7904203,-11.0789431,0 20.7913318,-11.0719356,0 20.7915436,-11.0648735,0 20.7910537,-11.057825,0 20.7898669,-11.0508578,0 20.7879946,-11.044039,0 20.785455,-11.0374342,0 20.7822724,-11.0311071,0 20.7784776,-11.0251185,0 20.774107,-11.019526,0 20.7692029,-11.0143835,0 20.7638123,-11.0097405,0 20.7579871,-11.0056417,0 20.7517835,-11.0021265,0 20.7452611,-10.9992287,0 20.7384827,-10.9969764,0 20.7315135,-10.9953911,0 20.7244205,-10.9944882,0 20.717272,-10.9942764,0 20.7101369,-10.9947577,0 20.7030837,-10.9959276,0 20.6961804,-10.9977747,0 20.6894934,-11.0002814,0 20.6830871,-11.0034235,0 20.6770232,-11.0071708,0 20.67136,-11.0114873,0 20.6661522,-11.0163313,0 20.6614499,-11.0216564,0 20.6591056,-11.0249061,0 20.6589747,-11.0247686,0 20.6535845,-11.0201229,0 20.6477596,-11.0160213,0 20.6415558,-11.0125032,0 20.635033,-11.0096027,0 20.6282539,-11.0073476,0 20.6212837,-11.0057596,0 20.6141895,-11.0048541,0 20.6070395,-11.0046397,0 20.5999026,-11.0051186,0 20.5928475,-11.0062862,0 20.585942,-11.0081313,0 20.5792527,-11.0106361,0 20.5728438,-11.0137765,0 20.5667772,-11.0175224,0 20.5611113,-11.0218377,0 20.5559006,-11.0266808,0 20.5511953,-11.0320052,0 20.5470409,-11.0377596,0 20.5434773,-11.0438886,0 20.5405388,-11.0503331,0 20.538254,-11.0570312,0 20.5366447,-11.0639183,0 20.5357266,-11.070928,0 20.5355086,-11.0779929,0 20.5359928,-11.0850449,0 20.5371746,-11.092016,0 20.5390427,-11.098839,0 20.541579,-11.1054483,0 20.5447593,-11.1117802,0 20.5485528,-11.1177736,0 20.5529231,-11.1233707,0 20.557828,-11.1285177,0 20.5632203,-11.1331649,0 20.5690481,-11.1372676,0 20.5752551,-11.1407863,0 20.5817815,-11.143687,0 20.5885645,-11.1459418,0 20.5955386,-11.147529,0 20.6026367,-11.1484333,0 20.6097903,-11.148646,0 20.6169304,-11.1481652,0 20.6239883,-11.1469954,0 20.630896,-11.145148,0 
						</coordinates>
					</LinearRing>
					<LinearRing>
						<coordinates>
							20.74731,-8.516619800000001,0 20.7529476,-8.5123263,0 20.7581351,-8.5075035,0 20.7628227,-8.5021977,0 20.7669653,-8.4964601,0 20.7705229,-8.490345899999999,0 20.77341,-8.4840263,0 20.7735209,-8.483972100000001,0 20.7795532,-8.480249499999999,0 20.7851899,-8.475956200000001,0 20.7903766,-8.471133500000001,0 20.7950633,-8.465827900000001,0 20.7992051,-8.4600905,0 20.8027621,-8.453976600000001,0 20.8056999,-8.447545,0 20.8079905,-8.4408578,0 20.808655,-8.4380386,0 20.8099009,-8.434401100000001,0 20.8115222,-8.4275226,0 20.8124585,-8.420519000000001,0 20.8127011,-8.4134577,0 20.8122475,-8.4064067,0 20.8111021,-8.399433999999999,0 20.809276,-8.392606600000001,0 20.8067869,-8.3859902,0 20.8036587,-8.3796485,0 20.7999215,-8.3736426,0 20.7956113,-8.368030299999999,0 20.7907696,-8.362865599999999,0 20.7854431,-8.3581983,0 20.7796829,-8.3540732,0 20.7735446,-8.350529999999999,0 20.7670871,-8.347602999999999,0 20.7603727,-8.345320299999999,0 20.7534659,-8.3437038,0 20.7464333,-8.342769199999999,0 20.7393425,-8.342525500000001,0 20.7322618,-8.3429751,0 20.7252592,-8.3441136,0 20.7184023,-8.3459301,0 20.7117571,-8.3484072,0 20.7053875,-8.351521,0 20.6993548,-8.355241599999999,0 20.6937172,-8.3595331,0 20.6885291,-8.3643544,0 20.6838402,-8.3696588,0 20.679696,-8.3753955,0 20.6761362,-8.381509100000001,0 20.6731953,-8.387940800000001,0 20.670941,-8.3945136,0 20.6651886,-8.398060900000001,0 20.65955,-8.4023526,0 20.6543608,-8.407173999999999,0 20.6496712,-8.412478699999999,0 20.6455261,-8.418215699999999,0 20.6419657,-8.4243296,0 20.6390241,-8.4307616,0 20.6367299,-8.4374497,0 20.6351051,-8.4443296,0 20.6341655,-8.451335,0 20.63392,-8.458398300000001,0 20.6343712,-8.4654516,0 20.6355147,-8.472426799999999,0 20.6373396,-8.479256899999999,0 20.6398282,-8.4858759,0 20.6429566,-8.49222,0 20.6466948,-8.498228299999999,0 20.6510066,-8.5038427,0 20.6558506,-8.509009199999999,0 20.6611801,-8.513677899999999,0 20.6669437,-8.517804099999999,0 20.6730859,-8.5213477,0 20.6795475,-8.524274800000001,0 20.6862662,-8.526557199999999,0 20.6931773,-8.5281729,0 20.7002141,-8.5291063,0 20.7073089,-8.5293484,0 20.7143932,-8.528897000000001,0 20.7213989,-8.527756500000001,0 20.7282584,-8.525937799999999,0 20.7349057,-8.5234585,0 20.7412767,-8.5203425,0 20.74731,-8.516619800000001,0 
						</coordinates>
					</LinearRing>
					<LinearRing>
						<coordinates>
							20.8273482,-7.5038638,0 20.8333713,-7.5001511,0 20.8390007,-7.495867000000001,0 20.8441821,-7.4910529,0 20.8488657,-7.485755100000001,0 20.8530063,-7.4800247,0 20.8565641,-7.473916900000001,0 20.8594502,-7.4676103,0 20.859591,-7.467451000000001,0 20.8637314,-7.461720799999999,0 20.8672891,-7.4556131,0 20.8702298,-7.449186900000001,0 20.8725253,-7.4425039,0 20.8741535,-7.4356286,0 20.8750987,-7.428627100000001,0 20.875352,-7.4215668,0 20.8749108,-7.4145158,0 20.8737795,-7.4075418,0 20.871969,-7.400712099999999,0 20.8694968,-7.394092300000001,0 20.8663866,-7.3877463,0 20.8626684,-7.381735,0 20.858378,-7.3761163,0 20.8535568,-7.3709444,0 20.8482511,-7.366269,0 20.8425119,-7.3621351,0 20.8363946,-7.3585825,0 20.829958,-7.3556455,0 20.823264,-7.3533524,0 20.8163771,-7.3517251,0 20.8093636,-7.3507795,0 20.8022909,-7.350524699999999,0 20.7952272,-7.350963,0 20.7882404,-7.3520904,0 20.7813978,-7.353895999999999,0 20.7747652,-7.3563625,0 20.7684067,-7.359466,0 20.7623833,-7.3631769,0 20.7567531,-7.3674592,0 20.7515704,-7.372272,0 20.746885,-7.3775687,0 20.7427421,-7.383298400000001,0 20.7391818,-7.389405899999999,0 20.7388685,-7.3900899,0 20.7359545,-7.393384000000001,0 20.7318114,-7.399113800000001,0 20.7282509,-7.4052215,0 20.7253071,-7.4116482,0 20.7230086,-7.418332,0 20.7213774,-7.4252085,0 20.7204294,-7.4322116,0 20.7201738,-7.4392737,0 20.7206129,-7.446326699999999,0 20.7206826,-7.4467575,0 20.7208107,-7.448814800000001,0 20.7219405,-7.4557909,0 20.72375,-7.4626228,0 20.7262219,-7.4692448,0 20.7293323,-7.475593,0 20.7330513,-7.4816062,0 20.7373431,-7.4872265,0 20.7421663,-7.4923998,0 20.7474744,-7.497076200000001,0 20.7532164,-7.5012106,0 20.7593368,-7.5047633,0 20.7657767,-7.5077,0 20.772474,-7.5099924,0 20.7793642,-7.511618600000001,0 20.7863809,-7.5125627,0 20.7934565,-7.5128158,0 20.8005227,-7.512375499999999,0 20.8075116,-7.511246,0 20.8143557,-7.509438199999999,0 20.8209892,-7.5069695,0 20.8273482,-7.5038638,0 
						</coordinates>
					</LinearRing>
				</innerBoundaryIs>
			</Polygon>
		</Placemark>
		<Placemark>
			<name>Mancha SV [10]</name>
			<styleUrl>#sv</styleUrl>
			<Polygon>
				<tessellate>1</tessellate>
				<outerBoundaryIs>
					<LinearRing>
						<coordinates>
							13.2822628,-8.7652369,0 13.2866192,-8.757864,0 13.2914553,-8.7543945,0 13.295352,-8.7546024,0 13.3003948,-8.7544732,0 13.30581,-8.754334399999999,0 13.3101921,-8.7579861,0 13.3145107,-8.7586525,0 13.3166585,-8.758984,0 13.3164498,-8.7603417,0 13.3161755,-8.765432000000001,0 13.3127177,-8.764906,0 13.3055929,-8.764525799999999,0 13.301861,-8.7646914,0 13.2986857,-8.7645219,0 13.2915577,-8.764837999999999,0 13.2844952,-8.7658475,0 13.2820093,-8.766455000000001,0 13.2822628,-8.7652369,0 
						</coordinates>
					</LinearRing>
				</outerBoundaryIs>
			</Polygon>
		</Placemark>
		<Placemark>
			<name>Mancha SV [11]</name>
			<styleUrl>#sv</styleUrl>
			<Polygon>
				<tessellate>1</tessellate>
				<outerBoundaryIs>
					<LinearRing>
						<coordinates>
							16.6024513,-11.1705856,0 16.5529594,-11.1245089,0 16.5527026,-11.1240445,0 16.5527069,-11.1240429,0 16.5591877,-11.1209747,0 16.5650094,-11.1174874,0 16.5652794,-11.117683,0 16.5714632,-11.1212997,0 16.5779763,-11.1243003,0 16.5825022,-11.1258728,0 16.5859646,-11.1289389,0 16.5917602,-11.1331363,0 16.5979445,-11.1367524,0 16.6044581,-11.1397523,0 16.6063496,-11.1404092,0 16.608971,-11.1427301,0 16.6125456,-11.1453185,0 16.6131598,-11.1459803,0 16.6112267,-11.1514083,0 16.6095182,-11.1583024,0 16.6085023,-11.1653286,0 16.6081886,-11.1724194,0 16.6083136,-11.174681,0 16.6024513,-11.1705856,0 
						</coordinates>
					</LinearRing>
				</outerBoundaryIs>
			</Polygon>
		</Placemark>
		<Placemark>
			<name>Mancha SV [12]</name>
			<styleUrl>#sv</styleUrl>
			<Polygon>
				<tessellate>1</tessellate>
				<outerBoundaryIs>
					<LinearRing>
						<coordinates>
							12.297081,-6.120670799999999,0 12.2869749,-6.125595599999999,0 12.2869034,-6.132952700000001,0 12.2951107,-6.1351318,0 12.2805948,-6.1471238,0 12.2786596,-6.1505422,0 12.2737103,-6.142066,0 12.2700424,-6.130104499999999,0 12.27143,-6.1197586,0 12.2725424,-6.117793700000001,0 12.28759,-6.109509000000001,0 12.2932884,-6.1065041,0 12.2863741,-6.1128774,0 12.2875214,-6.115407900000001,0 12.2944164,-6.1147261,0 12.2997065,-6.110593300000001,0 12.3047628,-6.1092191,0 12.3095884,-6.110144099999999,0 12.3130331,-6.113367099999999,0 12.314641,-6.1165915,0 12.3149252,-6.1171613,0 12.3130875,-6.1197324,0 12.297081,-6.120670799999999,0 
						</coordinates>
					</LinearRing>
				</outerBoundaryIs>
			</Polygon>
		</Placemark>
		<Placemark>
			<name>Mancha SV [13]</name>
			<styleUrl>#sv</styleUrl>
			<Polygon>
				<tessellate>1</tessellate>
				<outerBoundaryIs>
					<LinearRing>
						<coordinates>
							12.3018396,-6.1019557,0 12.2994804,-6.1041541,0 12.2972865,-6.1043959,0 12.2990751,-6.1034527,0 12.3018396,-6.1019557,0 
						</coordinates>
					</LinearRing>
				</outerBoundaryIs>
			</Polygon>
		</Placemark>
		<Placemark>
			<name>Mancha SV [14]</name>
			<styleUrl>#sv</styleUrl>
			<Polygon>
				<tessellate>1</tessellate>
				<outerBoundaryIs>
					<LinearRing>
						<coordinates>
							12.3077574,-6.100024199999999,0 12.304141,-6.100709499999999,0 12.3181448,-6.0931263,0 12.323122,-6.098250400000001,0 12.3220925,-6.1016014,0 12.3203955,-6.1027975,0 12.3137312,-6.1023307,0 12.3077574,-6.100024199999999,0 
						</coordinates>
					</LinearRing>
				</outerBoundaryIs>
			</Polygon>
		</Placemark>
		<Placemark>
			<name>Mancha SV [15]</name>
			<styleUrl>#sv</styleUrl>
			<Polygon>
				<tessellate>1</tessellate>
				<outerBoundaryIs>
					<LinearRing>
						<coordinates>
							12.6318998,-6.0509076,0 12.6216775,-6.045796,0 12.6245718,-6.0442486,0 12.6369143,-6.0464773,0 12.6490631,-6.0445614,0 12.652772,-6.0453429,0 12.6465292,-6.0529604,0 12.6421623,-6.053877400000001,0 12.6318998,-6.0509076,0 
						</coordinates>
					</LinearRing>
				</outerBoundaryIs>
			</Polygon>
		</Placemark>
		<Placemark>
			<name>Mancha SV [16]</name>
			<styleUrl>#sv</styleUrl>
			<Polygon>
				<tessellate>1</tessellate>
				<outerBoundaryIs>
					<LinearRing>
						<coordinates>
							12.9482641,-5.963200099999999,0 12.9480007,-5.9632439,0 12.9473451,-5.9585228,0 12.9507914,-5.956531,0 12.9523993,-5.9590621,0 12.951251,-5.9611316,0 12.9482641,-5.963200099999999,0 
						</coordinates>
					</LinearRing>
				</outerBoundaryIs>
			</Polygon>
		</Placemark>
		<Placemark>
			<name>Mancha SV [17]</name>
			<styleUrl>#sv</styleUrl>
			<Polygon>
				<tessellate>1</tessellate>
				<outerBoundaryIs>
					<LinearRing>
						<coordinates>
							12.2412116,-5.7512823,0 12.2328644,-5.7397432,0 12.2205629,-5.72293,0 12.2128267,-5.7079368,0 12.203476,-5.687781300000001,0 12.1901369,-5.6658187,0 12.1841784,-5.6485953,0 12.1589222,-5.6456852,0 12.142844,-5.6405726,0 12.1509867,-5.625402000000001,0 12.1573162,-5.6073222,0 12.1640902,-5.5901647,0 12.1671734,-5.5773306,0 12.180975,-5.5657783,0 12.1891975,-5.5651913,0 12.2023983,-5.5694942,0 12.2203074,-5.557991,0 12.223688,-5.5417326,0 12.2243528,-5.5415211,0 12.2284899,-5.5371552,0 12.2305651,-5.5284147,0 12.2287464,-5.5044913,0 12.2305965,-5.4904609,0 12.2235079,-5.4564095,0 12.2216778,-5.4467449,0 12.2136555,-5.4294829,0 12.2077045,-5.4076223,0 12.1941891,-5.3698783,0 12.1756191,-5.3404112,0 12.1733547,-5.336817,0 12.1719931,-5.3346557,0 12.1694646,-5.3306424,0 12.1681981,-5.3176883,0 12.1731186,-5.3123412,0 12.1733605,-5.3102552,0 12.1738119,-5.3063622,0 12.1685457,-5.2923222,0 12.1628151,-5.2808108,0 12.1524963,-5.2672253,0 12.1318464,-5.2297535,0 12.1311836,-5.22855,0 12.1311874,-5.2234859,0 12.1337649,-5.2141041,0 12.1351042,-5.2092295,0 12.133502,-5.202785,0 12.1309834,-5.1979489,0 12.1284624,-5.1950474,0 12.1215811,-5.1871271,0 12.1165409,-5.177227,0 12.0976562,-5.1502222,0 12.0910969,-5.1408424,0 12.0874319,-5.1311731,0 12.0672192,-5.1063229,0 12.0617046,-5.0995431,0 12.0570134,-5.0937733,0 12.0525894,-5.0883322,0 12.0475483,-5.0786629,0 12.0374575,-5.0696754,0 12.0305843,-5.0574727,0 12.0284505,-5.0547901,0 12.0366554,-5.0502863,0 12.0340481,-5.0624385,0 12.048893,-5.0596261,0 12.0673504,-5.061224,0 12.0704107,-5.0773501,0 12.0753622,-5.0852232,0 12.0798178,-5.0866674,0 12.0887346,-5.0895576,0 12.1003828,-5.0933323,0 12.1043172,-5.0846794,0 12.1081753,-5.0761943,0 12.1274548,-5.0603261,0 12.1304684,-5.0396657,0 12.1301909,-5.0259756,0 12.1301422,-5.0235705,0 12.1155701,-5.0206409,0 12.1030006,-5.0239429,0 12.1025598,-5.0265614,0 12.0994081,-5.045279,0 12.0959787,-5.0574622,0 12.0928307,-5.0686488,0 12.0809956,-5.0659804,0 12.0736151,-5.0481949,0 12.0599947,-5.0404501,0 12.0487995,-5.043077,0 12.0349665,-5.0339484,0 12.0248632,-5.042563,0 12.0215671,-5.0461363,0 12.0171595,-5.0405951,0 12.0174131,-5.0372052,0 12.0220089,-5.0364113,0 12.0245142,-5.0321455,0 12.0281878,-5.0301456,0 12.0283766,-5.0257869,0 12.0147791,-5.0289211,0 12.0127287,-5.0283132,0 12.0108786,-5.0277638,0 12.0102053,-5.0272226,0 12.012351,-5.0248694,0 12.0151081,-5.0216913,0 12.0177261,-5.0189738,0 12.0194625,-5.017909,0 12.0342236,-5.0088577,0 12.0487299,-4.9975462,0 12.0626812,-4.9866638,0 12.0780602,-4.9741993,0 12.08426,-4.9689841,0 12.1032715,-4.9586291,0 12.110384,-4.9531946,0 12.1170502,-4.9466043,0 12.1324511,-4.9311481,0 12.140275,-4.9222698,0 12.1530533,-4.8970452,0 12.1665363,-4.885211,0 12.1781228,-4.8480308,0 12.1821972,-4.8349565,0 12.2010903,-4.7743301,0 12.209734,-4.7850947,0 12.2230759,-4.8004189,0 12.2339516,-4.8099675,0 12.2482529,-4.8190947,0 12.2571163,-4.8233328,0 12.2671528,-4.8232136,0 12.296361,-4.8214669,0 12.317894,-4.8090544,0 12.3245468,-4.8038373,0 12.3314199,-4.7997727,0 12.3475475,-4.777638,0 12.3530855,-4.7661438,0 12.3591242,-4.7536139,0 12.3607845,-4.7446609,0 12.3598811,-4.7399447,0 12.3587547,-4.7340642,0 12.3587646,-4.7340547,0 12.3610964,-4.7318058,0 12.3723278,-4.7275963,0 12.3715935,-4.7164993,0 12.3713388,-4.7104878,0 12.3724585,-4.7033143,0 12.3744936,-4.6959057,0 12.3806753,-4.6917171,0 12.3854809,-4.6879988,0 12.3863564,-4.6775889,0 12.3867922,-4.6718054,0 12.3869001,-4.6684726,0 12.3869944,-4.6655607,0 12.3956947,-4.6602058,0 12.397954,-4.6511765,0 12.398513,-4.647941,0 12.4023209,-4.6436658,0 12.4148464,-4.6365085,0 12.4268208,-4.629662,0 12.4341812,-4.6207671,0 12.4488382,-4.611949,0 12.4545717,-4.607408,0 12.4586983,-4.6042304,0 12.4906654,-4.5992708,0 12.518281,-4.5970254,0 12.5356407,-4.593523,0 12.5443268,-4.5906215,0 12.5534697,-4.587954,0 12.5556246,-4.5874335,0 12.5589533,-4.5866294,0 12.5657873,-4.5880804,0 12.5712767,-4.5858355,0 12.5765362,-4.5840487,0 12.5872602,-4.5836978,0 12.5938873,-4.5819244,0 12.6007557,-4.5783129,0 12.6094313,-4.57725,0 12.6158237,-4.5766253,0 12.6386871,-4.5688028,0 12.6645555,-4.5552554,0 12.6849356,-4.5434928,0 12.6850596,-4.5432442,0 12.6951027,-4.5231109,0 12.6981153,-4.5157766,0 12.7011204,-4.5093617,0 12.7077789,-4.5027533,0 12.7135038,-4.4993577,0 12.7187567,-4.4984889,0 12.7272158,-4.4955802,0 12.7408209,-4.5092945,0 12.7537699,-4.5183992,0 12.7641106,-4.5110021,0 12.7702713,-4.5065932,0 12.7512503,-4.4829273,0 12.7283907,-4.453011,0 12.7247802,-4.4421321,0 12.7252388,-4.439764,0 12.7258911,-4.4372468,0 12.7281704,-4.4284205,0 12.7276812,-4.4219475,0 12.7340775,-4.4154449,0 12.7436838,-4.4086928,0 12.7541885,-4.3975449,0 12.7636697,-4.3905984,0 12.7670898,-4.3914709,0 12.7904654,-4.4121833,0 12.8020353,-4.4231138,0 12.8161602,-4.426703,0 12.8248549,-4.4226432,0 12.8347073,-4.415832,0 12.8470554,-4.4111161,0 12.8671656,-4.4060135,0 12.8725195,-4.426784,0 12.8758163,-4.4479966,0 12.8825779,-4.4623361,0 12.8873158,-4.4713602,0 12.8922825,-4.4806175,0 12.9176846,-4.5071096,0 12.9481268,-4.5308895,0 12.9758024,-4.5597091,0 13.0005226,-4.5868893,0 13.0184422,-4.6061764,0 13.020751,-4.6171737,0 13.0281897,-4.6177855,0 13.0312653,-4.6222796,0 13.0423069,-4.6241398,0 13.0518913,-4.6249237,0 13.0538342,-4.623932,0 13.0552139,-4.6245246,0 13.0646524,-4.630487,0 13.0681706,-4.6298351,0 13.0755692,-4.6362076,0 13.0803013,-4.6466169,0 13.0768356,-4.6534925,0 13.0729151,-4.6601324,0 13.0707216,-4.6688032,0 13.0739794,-4.6730399,0 13.0832605,-4.6864867,0 13.0819135,-4.6881814,0 13.0753021,-4.6857963,0 13.0677264,-4.6830616,0 13.0570412,-4.6792045,0 13.0523939,-4.6775284,0 13.0457392,-4.6802874,0 13.0354195,-4.6897192,0 13.0316357,-4.6918619,0 13.0301399,-4.692709,0 13.0223398,-4.693398,0 13.0136232,-4.6982269,0 12.9971037,-4.6998334,0 12.9860945,-4.7030535,0 12.9753084,-4.7099524,0 12.9740887,-4.7105484,0 12.9658775,-4.7145553,0 12.955348,-4.7193794,0 12.9431896,-4.722136,0 12.9234571,-4.732255,0 12.914279,-4.734551,0 12.8984489,-4.7343154,0 12.892025,-4.7317824,0 12.8798637,-4.7322364,0 12.8766508,-4.7333865,0 12.8727512,-4.7384462,0 12.8674726,-4.7391353,0 12.8631124,-4.7391329,0 12.86059,-4.7412028,0 12.8571611,-4.7512835,0 12.8524727,-4.75429,0 12.8470516,-4.7536221,0 12.844082,-4.7542521,0 12.8394794,-4.7552285,0 12.8364973,-4.7598295,0 12.8367252,-4.7646604,0 12.8362257,-4.7657452,0 12.8320618,-4.7687101,0 12.8210745,-4.7734318,0 12.8150606,-4.7853403,0 12.8090715,-4.7935658,0 12.798749,-4.8012857,0 12.7959757,-4.8063216,0 12.7883806,-4.8156805,0 12.785803,-4.8191668,0 12.7833138,-4.8225336,0 12.7807369,-4.8324037,0 12.7770195,-4.8420315,0 12.7749376,-4.8461523,0 12.7751245,-4.8523684,0 12.7766542,-4.8625102,0 12.7620125,-4.8671913,0 12.750989,-4.8769722,0 12.7461433,-4.8845158,0 12.728055,-4.8923807,0 12.7117481,-4.9067068,0 12.7027254,-4.9241004,0 12.6978436,-4.9367042,0 12.7037001,-4.9480424,0 12.6974686,-4.9543333,0 12.6935511,-4.954392,0 12.6717596,-4.9590392,0 12.6672316,-4.9575778,0 12.6658087,-4.9571185,0 12.6613646,-4.9569111,0 12.649662,-4.9509201,0 12.6448421,-4.9504571,0 12.6395655,-4.9509134,0 12.634284,-4.9550529,0 12.6326752,-4.961493,0 12.6351986,-4.9674768,0 12.6354247,-4.967911,0 12.6280041,-4.9670219,0 12.6170158,-4.9715047,0 12.6210375,-4.9837432,0 12.6328545,-4.9912333,0 12.6332722,-4.9967599,0 12.6295633,-5.0045428,0 12.622653,-5.0132108,0 12.617629,-5.0223435,0 12.6149817,-5.021759,0 12.6064863,-5.0268159,0 12.6036068,-5.0327067,0 12.6027105,-5.0345404,0 12.5943804,-5.0398226,0 12.5938797,-5.0403006,0 12.5867424,-5.0401435,0 12.5805416,-5.0475006,0 12.5748024,-5.0509491,0 12.5690632,-5.0511746,0 12.5677169,-5.0509842,0 12.5559826,-5.049324,0 12.5525322,-5.0503998,0 12.552309,-5.0504694,0 12.550156,-5.0525489,0 12.5444339,-5.0580754,0 12.5442524,-5.0581365,0 12.5335112,-5.0598583,0 12.5219562,-5.0697241,0 12.5190163,-5.0704579,0 12.5105247,-5.0702205,0 12.4985905,-5.0662994,0 12.4921675,-5.0651445,0 12.4880314,-5.0658293,0 12.4793091,-5.0692725,0 12.4749441,-5.0757108,0 12.47317,-5.0813292,0 12.4682875,-5.0823665,0 12.4615669,-5.0958619,0 12.451663,-5.1072035,0 12.4599075,-5.1150551,0 12.4666224,-5.1214514,0 12.475297,-5.1316295,0 12.4964428,-5.132369,0 12.5119114,-5.1396732,0 12.5191259,-5.1517162,0 12.5151424,-5.1652446,0 12.5147963,-5.180654,0 12.5222311,-5.1936202,0 12.5209284,-5.2147694,0 12.5190325,-5.2237191,0 12.5177298,-5.2446399,0 12.5184917,-5.2642007,0 12.5176153,-5.2699706,0 12.5160847,-5.2800474,0 12.5167007,-5.2887959,0 12.5173283,-5.2961645,0 12.5147018,-5.3108563,0 12.5180597,-5.319407,0 12.5170918,-5.3262973,0 12.5185452,-5.3447175,0 12.514286,-5.3648686,0 12.5174446,-5.3683996,0 12.5172739,-5.4183168,0 12.5162939,-5.4466952,0 12.5160828,-5.4528089,0 12.5157871,-5.4891524,0 12.5193415,-5.5294523,0 12.5162468,-5.5722036,0 12.5184164,-5.6134071,0 12.5169697,-5.6497369,0 12.517417,-5.6780376,0 12.5197067,-5.7042899,0 12.5199471,-5.7298279,0 12.5207064,-5.7346045,0 12.5171747,-5.7347889,0 12.4794696,-5.736751999999999,0 12.4785444,-5.7368001,0 12.3910227,-5.741356799999999,0 12.3553129,-5.7432106,0 12.3452902,-5.7424769,0 12.3071184,-5.742373000000001,0 12.2969829,-5.7439432,0 12.2810745,-5.7428007,0 12.2656851,-5.7432847,0 12.264926,-5.743510700000001,0 12.259942,-5.7449979,0 12.2470884,-5.7488332,0 12.2412116,-5.7512823,0 
						</coordinates>
					</LinearRing>
				</outerBoundaryIs>
			</Polygon>
		</Placemark>
		<Placemark>
			<name>Mancha SV [18]</name>
			<styleUrl>#sv</styleUrl>
			<Polygon>
				<tessellate>1</tessellate>
				<outerBoundaryIs>
					<LinearRing>
						<coordinates>
							13.2640324,-15.0966825,0 13.2711376,-15.0897318,0 13.2839966,-15.0771523,0 13.3002472,-15.0655212,0 13.3229437,-15.0585814,0 13.335112,-15.0545848,0 13.3474417,-15.0505352,0 13.3581687,-15.0390357,0 13.3662205,-15.0304041,0 13.3990355,-15.0219545,0 13.4012938,-15.0171785,0 13.4072428,-15.0278206,0 13.4158602,-15.043951,0 13.4322987,-15.0545397,0 13.4473381,-15.0770664,0 13.4493361,-15.0981903,0 13.4658909,-15.1025114,0 13.4711037,-15.1100225,0 13.4689875,-15.1287842,0 13.4805079,-15.1489582,0 13.4996052,-15.1442108,0 13.5043755,-15.1431665,0 13.50951,-15.1552343,0 13.5276775,-15.1692715,0 13.5559282,-15.1846437,0 13.5744534,-15.1902361,0 13.5740328,-15.2026634,0 13.5718126,-15.2276869,0 13.570406,-15.2401924,0 13.5718699,-15.2538481,0 13.5606709,-15.2531033,0 13.5442886,-15.2721481,0 13.5404444,-15.288022,0 13.5146513,-15.3011818,0 13.4931108,-15.3070476,0 13.4884453,-15.3083181,0 13.4776182,-15.311265,0 13.4570789,-15.3296518,0 13.4479399,-15.3419991,0 13.4346747,-15.3502678,0 13.4160728,-15.3618631,0 13.4129083,-15.3646075,0 13.4031601,-15.373061,0 13.3919207,-15.3828078,0 13.3852663,-15.3885784,0 13.3681335,-15.382534,0 13.3441496,-15.3609695,0 13.3225574,-15.3388805,0 13.3067732,-15.324316,0 13.29824,-15.3186221,0 13.2856321,-15.3102093,0 13.2647266,-15.2835722,0 13.2629551,-15.2820328,0 13.2465944,-15.2678156,0 13.256608,-15.2406778,0 13.2694321,-15.2221432,0 13.2739697,-15.2017269,0 13.2569761,-15.1888399,0 13.2649832,-15.1736231,0 13.2650123,-15.1733934,0 13.2667331,-15.1598087,0 13.2670708,-15.1571426,0 13.2524462,-15.1448736,0 13.2324867,-15.1319246,0 13.2388702,-15.12476,0 13.2464428,-15.1162605,0 13.2543707,-15.1074371,0 13.2640324,-15.0966825,0 
						</coordinates>
					</LinearRing>
				</outerBoundaryIs>
			</Polygon>
		</Placemark>
		<Placemark>
			<name>Mancha SV [19]</name>
			<styleUrl>#sv</styleUrl>
			<Polygon>
				<tessellate>1</tessellate>
				<outerBoundaryIs>
					<LinearRing>
						<coordinates>
							13.012311,-12.9433889,0 13.0078316,-12.9447911,0 12.9850216,-12.951931,0 12.9774453,-12.9563592,0 12.9752235,-12.9576578,0 12.9647474,-12.9371071,0 12.9654369,-12.9329643,0 12.9664777,-12.9317897,0 12.9744759,-12.9227629,0 12.9726725,-12.9193411,0 12.9668055,-12.921916,0 12.9627977,-12.9216835,0 12.9592943,-12.9214802,0 12.9559297,-12.9159152,0 12.9522142,-12.90977,0 12.9514894,-12.9035606,0 12.9540405,-12.8952694,0 12.9529095,-12.8928499,0 12.9726467,-12.8905573,0 12.9992971,-12.8842869,0 13.0287409,-12.8860683,0 13.0529346,-12.884881,0 13.0770311,-12.8888264,0 13.0998421,-12.8984547,0 13.1143703,-12.9096165,0 13.1276255,-12.92589,0 13.1285404,-12.9284599,0 13.1346298,-12.9455635,0 13.1353045,-12.9474583,0 13.1306896,-12.9510822,0 13.1254236,-12.9634994,0 13.1181145,-12.9807339,0 13.102726,-12.9641886,0 13.0901603,-12.9486521,0 13.0848646,-12.9421043,0 13.0650959,-12.9274015,0 13.0528302,-12.9300284,0 13.0384531,-12.9331074,0 13.012311,-12.9433889,0 
						</coordinates>
					</LinearRing>
				</outerBoundaryIs>
			</Polygon>
		</Placemark>
		<Placemark>
			<name>Mancha SV [20]</name>
			<styleUrl>#sv</styleUrl>
			<Polygon>
				<tessellate>1</tessellate>
				<outerBoundaryIs>
					<LinearRing>
						<coordinates>
							13.4484245,-12.5441594,0 13.4511647,-12.5466282,0 13.4543157,-12.5489523,0 13.4383698,-12.5600157,0 13.4238958,-12.5791397,0 13.413003,-12.59548,0 13.3963957,-12.6019955,0 13.3839731,-12.6023729,0 13.388855,-12.5983467,0 13.3950853,-12.588459,0 13.4074488,-12.5753899,0 13.4228354,-12.5639734,0 13.4327726,-12.5568991,0 13.4434509,-12.5470533,0 13.4484245,-12.5441594,0 
						</coordinates>
					</LinearRing>
				</outerBoundaryIs>
			</Polygon>
		</Placemark>
		<Placemark>
			<name>Mancha SV [21]</name>
			<styleUrl>#sv</styleUrl>
			<Polygon>
				<tessellate>1</tessellate>
				<outerBoundaryIs>
					<LinearRing>
						<coordinates>
							13.5062323,-12.4043503,0 13.5146036,-12.3905373,0 13.5213289,-12.3769388,0 13.5322237,-12.3675499,0 13.5426292,-12.3597765,0 13.5427774,-12.3596174,0 13.5434589,-12.3614283,0 13.546032,-12.3607225,0 13.5485079,-12.3534632,0 13.5490398,-12.3528919,0 13.5500737,-12.3520377,0 13.5542698,-12.3559656,0 13.5489422,-12.3689822,0 13.5478926,-12.3704815,0 13.5484476,-12.3708666,0 13.5431576,-12.3924913,0 13.5392704,-12.4129772,0 13.5401907,-12.4169426,0 13.5435054,-12.4312254,0 13.5401281,-12.4287354,0 13.5339548,-12.4250532,0 13.5274441,-12.4219833,0 13.5206588,-12.4195553,0 13.5136641,-12.4177925,0 13.5065274,-12.4167119,0 13.4993174,-12.4163238,0 13.4983194,-12.4163664,0 13.5062323,-12.4043503,0 
						</coordinates>
					</LinearRing>
				</outerBoundaryIs>
			</Polygon>
		</Placemark>
		<Placemark>
			<name>Mancha SV [22]</name>
			<styleUrl>#sv</styleUrl>
			<Polygon>
				<tessellate>1</tessellate>
				<outerBoundaryIs>
					<LinearRing>
						<coordinates>
							13.5784721,-12.4606009,0 13.5709482,-12.4740542,0 13.5694483,-12.4680326,0 13.5670519,-12.4613372,0 13.5639993,-12.4549049,0 13.5606227,-12.4493,0 13.5784721,-12.4606009,0 
						</coordinates>
					</LinearRing>
				</outerBoundaryIs>
			</Polygon>
		</Placemark>
		<Placemark>
			<name>Mancha SV [23]</name>
			<styleUrl>#sv</styleUrl>
			<Polygon>
				<tessellate>1</tessellate>
				<outerBoundaryIs>
					<LinearRing>
						<coordinates>
							13.4953321,-10.2382298,0 13.4971399,-10.2359343,0 13.5108633,-10.2483673,0 13.5139639,-10.2523259,0 13.4953321,-10.2382298,0 
						</coordinates>
					</LinearRing>
				</outerBoundaryIs>
			</Polygon>
		</Placemark>
		<Placemark>
			<name>Mancha SV [24]</name>
			<styleUrl>#sv</styleUrl>
			<Polygon>
				<tessellate>1</tessellate>
				<outerBoundaryIs>
					<LinearRing>
						<coordinates>
							14.5801697,-17.3423843,0 14.5622501,-17.3585968,0 14.5345049,-17.388731,0 14.4892023,-17.3885239,0 14.4631453,-17.3884048,0 14.3947916,-17.388092,0 14.4239168,-17.3758106,0 14.4535322,-17.3588867,0 14.4873772,-17.3419666,0 14.5233364,-17.318697,0 14.5454146,-17.3084413,0 14.5520544,-17.305357,0 14.5536152,-17.3045057,0 14.561206,-17.3003659,0 14.5733423,-17.2937469,0 14.5890334,-17.2951743,0 14.6015015,-17.2963085,0 14.6057673,-17.3150806,0 14.5801697,-17.3423843,0 
						</coordinates>
					</LinearRing>
				</outerBoundaryIs>
			</Polygon>
		</Placemark>
		<Placemark>
			<name>Mancha SV [25]</name>
			<styleUrl>#sv</styleUrl>
			<Polygon>
				<tessellate>1</tessellate>
				<outerBoundaryIs>
					<LinearRing>
						<coordinates>
							16.5637716,-7.372097200000001,0 16.5597935,-7.3691001,0 16.5614016,-7.351891999999999,0 16.5622959,-7.342322299999999,0 16.568018,-7.3403843,0 16.5802746,-7.3362331,0 16.5964731,-7.339445,0 16.6045399,-7.3410444,0 16.6252937,-7.3520899,0 16.6361698,-7.3607093,0 16.6362286,-7.3607559,0 16.6494427,-7.374575599999999,0 16.6666247,-7.385376900000001,0 16.6724911,-7.3890648,0 16.6868534,-7.4046059,0 16.6873281,-7.4052172,0 16.7029209,-7.4252977,0 16.717226,-7.4505329,0 16.7275429,-7.4660339,0 16.7415579,-7.4836856,0 16.7453423,-7.488452,0 16.7544498,-7.512497900000001,0 16.7590144,-7.5252543,0 16.7646904,-7.541116699999999,0 16.779562,-7.5697803,0 16.7927418,-7.5915833,0 16.8059597,-7.6076818,0 16.8255463,-7.6244111,0 16.8451653,-7.636004,0 16.8735981,-7.626572600000001,0 16.8985214,-7.6228094,0 16.9176617,-7.617850799999999,0 16.9219161,-7.6160669,0 16.9403,-7.6083589,0 16.9524765,-7.6056175,0 16.9583434,-7.601639900000001,0 16.9699154,-7.5937943,0 16.9792461,-7.581899199999999,0 16.9794625,-7.581518600000001,0 16.9886036,-7.5654397,0 16.9915485,-7.5563393,0 16.9974365,-7.5387092,0 16.9975166,-7.5244489,0 16.9999352,-7.506218,0 17.001594,-7.5002248,0 17.0046597,-7.489149100000001,0 17.0105648,-7.468096699999999,0 17.0193577,-7.4476418,0 17.0246958,-7.4399846,0 17.0316086,-7.4300685,0 17.0490379,-7.4176726,0 17.0710812,-7.4075971,0 17.0886002,-7.398036,0 17.0761551,-7.384643399999999,0 17.0752602,-7.3836803,0 17.0705793,-7.3824848,0 17.0590801,-7.3795476,0 17.0382614,-7.377085700000001,0 17.0244122,-7.37012,0 17.010561,-7.3637247,0 16.996151,-7.3539019,0 16.9875469,-7.340709199999999,0 16.9784374,-7.3143935,0 16.9814748,-7.304402999999999,0 16.9877626,-7.2837215,0 16.9873466,-7.2954092,0 16.99333,-7.300520900000001,0 17.0043755,-7.304964100000001,0 17.0061188,-7.303926500000001,0 17.0064736,-7.2998996,0 17.0130997,-7.2988663,0 17.0305481,-7.2978692,0 17.036787,-7.301269099999999,0 17.0405712,-7.3143349,0 17.0452271,-7.3211913,0 17.0519295,-7.325048,0 17.0602207,-7.325675,0 17.0648365,-7.327479399999999,0 17.0764637,-7.3427839,0 17.085586,-7.344073999999999,0 17.0871811,-7.345349300000001,0 17.1014862,-7.3454504,0 17.1080422,-7.345496000000001,0 17.1096306,-7.3462133,0 17.1131821,-7.3522172,0 17.1161018,-7.357151299999999,0 17.1159096,-7.363525900000001,0 17.1137095,-7.3716952,0 17.1117077,-7.3765182,0 17.1145916,-7.391886200000001,0 17.1083927,-7.4175944,0 17.1101685,-7.4226789,0 17.1136341,-7.4254189,0 17.1279106,-7.426269499999999,0 17.1329689,-7.424867599999999,0 17.1347029,-7.423303399999999,0 17.1366405,-7.4230886,0 17.1411991,-7.420114,0 17.1481533,-7.409843,0 17.1491613,-7.409905800000001,0 17.1529655,-7.419259499999999,0 17.1608238,-7.4251938,0 17.1711826,-7.4253736,0 17.1790161,-7.4267139,0 17.1852608,-7.4321961,0 17.1879006,-7.4366583,0 17.1820984,-7.4439569,0 17.1753707,-7.4479623,0 17.170166,-7.4475503,0 17.165081,-7.4490857,0 17.1454906,-7.454999000000001,0 17.1389202,-7.4570352,0 17.125782,-7.4611068,0 17.1009178,-7.456333200000001,0 17.0812416,-7.4561648,0 17.0666847,-7.4725795,0 17.0584927,-7.489049399999999,0 17.0456505,-7.5089011,0 17.0356979,-7.529349300000001,0 17.0297623,-7.5561056,0 17.0192413,-7.5742679,0 17.0104408,-7.595295399999999,0 17.0057144,-7.6123676,0 16.9882622,-7.626473900000001,0 16.9655819,-7.6433854,0 16.9440613,-7.659164400000001,0 16.942518,-7.659601599999999,0 16.922596,-7.665244600000001,0 16.9098665,-7.6681824,0 16.898819,-7.670732,0 16.8906211,-7.671389900000001,0 16.8733215,-7.6727781,0 16.8683297,-7.671948599999999,0 16.8568878,-7.6700471,0 16.8478622,-7.6685472,0 16.8345076,-7.666297400000001,0 16.8299255,-7.665525400000001,0 16.7986774,-7.6612363,0 16.782526,-7.6508131,0 16.7753574,-7.645608,0 16.7658062,-7.6386728,0 16.7537289,-7.6254358,0 16.7411156,-7.6059179,0 16.7395524,-7.6025724,0 16.7325478,-7.5875802,0 16.7274399,-7.571558,0 16.7165432,-7.5554786,0 16.7074184,-7.534284100000001,0 16.6990374,-7.5237168,0 16.6919155,-7.5147371,0 16.6882519,-7.501768199999999,0 16.6851292,-7.490713599999999,0 16.6848044,-7.489471300000001,0 16.6812965,-7.4760529,0 16.6800461,-7.471270100000001,0 16.6593609,-7.4488201,0 16.6490784,-7.4287543,0 16.6398697,-7.421247,0 16.6081753,-7.4015341,0 16.582819,-7.3864474,0 16.5637716,-7.372097200000001,0 
						</coordinates>
					</LinearRing>
				</outerBoundaryIs>
			</Polygon>
		</Placemark>
		<Placemark>
			<name>Mancha SV [26]</name>
			<styleUrl>#sv</styleUrl>
			<Polygon>
				<tessellate>1</tessellate>
				<outerBoundaryIs>
					<LinearRing>
						<coordinates>
							20.736884,-12.7355701,0 20.7502861,-12.7249107,0 20.7708359,-12.7151289,0 20.7843952,-12.7162228,0 20.7980556,-12.7315874,0 20.8009666,-12.7393756,0 20.8046627,-12.7492647,0 20.8084199,-12.7624292,0 20.8088951,-12.7640944,0 20.8102028,-12.7743592,0 20.8120213,-12.7886343,0 20.8179951,-12.7994614,0 20.8216286,-12.8131495,0 20.8241081,-12.8296986,0 20.8307419,-12.8502283,0 20.8307753,-12.8546427,0 20.8308067,-12.8587914,0 20.8073082,-12.869729,0 20.7866383,-12.8640957,0 20.7723808,-12.8465482,0 20.7699871,-12.8436022,0 20.7521038,-12.8151178,0 20.7449074,-12.7974443,0 20.730072,-12.7826509,0 20.714695,-12.7747107,0 20.7028141,-12.7610474,0 20.7039347,-12.7597439,0 20.7121677,-12.7501678,0 20.7136859,-12.749357,0 20.7315388,-12.7398214,0 20.736884,-12.7355701,0 
						</coordinates>
					</LinearRing>
				</outerBoundaryIs>
			</Polygon>
		</Placemark>
		<Placemark>
			<name>Mancha SV [27]</name>
			<styleUrl>#sv</styleUrl>
			<Polygon>
				<tessellate>1</tessellate>
				<outerBoundaryIs>
					<LinearRing>
						<coordinates>
							20.7882514,-12.5607012,0 20.7829955,-12.5485858,0 20.7772026,-12.5352325,0 20.7748175,-12.5287022,0 20.7700705,-12.5157048,0 20.7669964,-12.507288,0 20.756237,-12.4844837,0 20.7555103,-12.4650688,0 20.7736492,-12.4501562,0 20.8060303,-12.4511786,0 20.8290348,-12.4579449,0 20.8493314,-12.4637091,0 20.8508587,-12.4641428,0 20.857565,-12.4661564,0 20.8715076,-12.4703426,0 20.8874893,-12.4822721,0 20.8970043,-12.4836519,0 20.902813,-12.4844942,0 20.9028873,-12.4942026,0 20.8994675,-12.5090637,0 20.8954239,-12.5193586,0 20.8830464,-12.5266435,0 20.8749084,-12.5314331,0 20.8702641,-12.5400181,0 20.8721619,-12.5577145,0 20.8775902,-12.5748224,0 20.8918381,-12.5901842,0 20.902586,-12.6095552,0 20.908617,-12.6283751,0 20.9027294,-12.6392553,0 20.8993263,-12.6455441,0 20.8852553,-12.6543861,0 20.8764629,-12.6599112,0 20.854187,-12.6742725,0 20.8351989,-12.664915,0 20.8334961,-12.6640759,0 20.8325421,-12.6628054,0 20.8198147,-12.6458559,0 20.8181888,-12.6416768,0 20.8096104,-12.619627,0 20.7999611,-12.5882559,0 20.7977115,-12.5829592,0 20.7885799,-12.5614586,0 20.7882514,-12.5607012,0 
						</coordinates>
					</LinearRing>
				</outerBoundaryIs>
			</Polygon>
		</Placemark>
		<Placemark>
			<name>Mancha SV [28]</name>
			<styleUrl>#sv</styleUrl>
			<Polygon>
				<tessellate>1</tessellate>
				<outerBoundaryIs>
					<LinearRing>
						<coordinates>
							21.1362686,-13.086978,0 21.1581554,-13.0942936,0 21.1805763,-13.0947533,0 21.2065296,-13.0946236,0 21.2189255,-13.0957022,0 21.2307491,-13.0984945,0 21.2287514,-13.1102934,0 21.2279434,-13.1150656,0 21.2199754,-13.1298544,0 21.2180748,-13.1333818,0 21.2051236,-13.1429061,0 21.2040043,-13.1437292,0 21.1886978,-13.1478024,0 21.1698208,-13.1478949,0 21.1581078,-13.1582279,0 21.1492596,-13.1582708,0 21.1292038,-13.1589384,0 21.1120853,-13.1578779,0 21.1069783,-13.1533744,0 21.096632,-13.1442509,0 21.0962763,-13.1379382,0 21.0953425,-13.1213677,0 21.0952492,-13.1197109,0 21.1022129,-13.105978,0 21.1150913,-13.0939293,0 21.1362686,-13.086978,0 
						</coordinates>
					</LinearRing>
				</outerBoundaryIs>
			</Polygon>
		</Placemark>
		<Placemark>
			<name>Mancha SV [29]</name>
			<styleUrl>#sv</styleUrl>
			<Polygon>
				<tessellate>1</tessellate>
				<outerBoundaryIs>
					<LinearRing>
						<coordinates>
							23.3220654,-17.559433,0 23.3419266,-17.5661869,0 23.3531015,-17.5696645,0 23.3575897,-17.5749245,0 23.3643036,-17.5792751,0 23.377134,-17.5782529,0 23.3951022,-17.5855854,0 23.4045677,-17.5941162,0 23.4201736,-17.6096954,0 23.4240131,-17.612442,0 23.4262142,-17.6291962,0 23.4273281,-17.6349907,0 23.428154,-17.6392803,0 23.3789602,-17.6491887,0 23.378315,-17.6493187,0 23.3752861,-17.64501,0 23.36273,-17.6271572,0 23.3293672,-17.6058862,0 23.2937107,-17.5831528,0 23.2621937,-17.560257,0 23.2508736,-17.5498276,0 23.2523641,-17.5495759,0 23.2559528,-17.5523129,0 23.2728043,-17.5575409,0 23.2975292,-17.5555897,0 23.3077816,-17.5571956,0 23.3132706,-17.5619164,0 23.3161411,-17.5612221,0 23.3194492,-17.5590232,0 23.3220654,-17.559433,0 
						</coordinates>
					</LinearRing>
				</outerBoundaryIs>
			</Polygon>
		</Placemark>
		<Placemark>
			<name>Mancha SV [30]</name>
			<styleUrl>#sv</styleUrl>
			<Polygon>
				<tessellate>1</tessellate>
				<outerBoundaryIs>
					<LinearRing>
						<coordinates>
							22.7893066,-12.7633839,0 22.7916558,-12.7404343,0 22.7929344,-12.7279434,0 22.7974061,-12.704645,0 22.8017197,-12.6821709,0 22.8005047,-12.6376429,0 22.7993202,-12.595397,0 22.7988396,-12.5611372,0 22.81744,-12.5438128,0 22.8491821,-12.5400572,0 22.8867874,-12.5345221,0 22.9191246,-12.5313234,0 22.9554577,-12.5195122,0 23.0081539,-12.4995213,0 23.0085829,-12.4992794,0 23.0128098,-12.4968967,0 23.0062847,-12.4926891,0 23.0120062,-12.4806369,0 23.0182762,-12.4674292,0 23.02283600000001,-12.4621532,0 23.0362167,-12.4466705,0 23.0629406,-12.4229593,0 23.0844746,-12.4067268,0 23.10758209999999,-12.3779106,0 23.1123506,-12.3672926,0 23.1137267,-12.3642284,0 23.1212463,-12.3474846,0 23.1249504,-12.3200274,0 23.134985,-12.2833595,0 23.1460972,-12.2465382,0 23.1467476,-12.2443867,0 23.1461229,-12.2411528,0 23.1403618,-12.2113304,0 23.12746050000001,-12.174921,0 23.1191425,-12.1304626,0 23.100481,-12.1015425,0 23.0773048,-12.0458241,0 23.0690861,-12.0070734,0 23.0604248,-11.9780369,0 23.0710712,-11.9475397,0 23.0756397,-11.934453,0 23.102705,-11.8975887,0 23.1101017,-11.8913493,0 23.1438923,-11.8628454,0 23.1827049,-11.8269815,0 23.2092381,-11.7952538,0 23.2425709,-11.7480183,0 23.2692051,-11.7237101,0 23.2705331,-11.7224087,0 23.2758317,-11.7172162,0 23.2981205,-11.6953735,0 23.3002094,-11.6921931,0 23.3158951,-11.6683102,0 23.3246307,-11.6265001,0 23.3310947,-11.589859,0 23.3242188,-11.5630903,0 23.3192549,-11.5514288,0 23.307766,-11.5244379,0 23.2990589,-11.4931202,0 23.2862759,-11.4635639,0 23.2691402,-11.4180622,0 23.2634182,-11.3895636,0 23.2516918,-11.3519955,0 23.2381115,-11.3081617,0 23.2179298,-11.2541208,0 23.2149868,-11.2153044,0 23.2185898,-11.1826954,0 23.2356339,-11.147644,0 23.2698288,-11.1232433,0 23.2923946,-11.1046906,0 23.3108368,-11.085043,0 23.3258171,-11.0688648,0 23.3482742,-11.0440254,0 23.3619499,-11.0198631,0 23.3642098,-10.9858635,0 23.3774834,-10.9787521,0 23.4062595,-10.956728,0 23.4334755,-10.9477034,0 23.4677162,-10.9410381,0 23.4759372,-10.9413308,0 23.5055695,-10.9462652,0 23.5341663,-10.95786,0 23.534593,-10.9579707,0 23.5426044,-10.9629192,0 23.5654835,-10.9792585,0 23.5762062,-10.9895029,0 23.5846782,-10.9929665,0 23.5863476,-10.9941587,0 23.5891212,-10.9934563,0 23.6004066,-10.9941769,0 23.6290569,-10.9905796,0 23.6364975,-10.9935913,0 23.6506748,-11.0030613,0 23.664402,-11.0072393,0 23.6720829,-11.0081825,0 23.6814003,-11.0068264,0 23.6851482,-11.0061703,0 23.6930485,-11.0047874,0 23.7021275,-11.0066338,0 23.7079411,-11.0078163,0 23.7174969,-11.0048504,0 23.7305527,-10.9977541,0 23.737318,-10.9929409,0 23.7454681,-10.9922705,0 23.7633839,-10.9973736,0 23.7808266,-11.006156,0 23.8015294,-11.0206751,0 23.8046627,-11.0255842,0 23.8170738,-11.0386467,0 23.8405762,-11.0397787,0 23.8547211,-11.0384264,0 23.8886299,-11.0188618,0 23.9123554,-10.9824686,0 23.9163517,-10.9732278,0 23.9166374,-10.9730873,0 23.9257278,-10.9666643,0 23.9446068,-10.9549665,0 23.9604645,-10.9384336,0 23.9702702,-10.9211998,0 23.9730892,-10.9053345,0 23.97962,-10.8968344,0 23.9870758,-10.8922462,0 23.988522,-10.8921336,0 23.9929432,-10.8952539,0 23.9865913,-10.9037457,0 23.9865761,-10.9134064,0 23.9909878,-10.9205427,0 24.0009842,-10.9283791,0 24.002821,-10.9295273,0 24.0116825,-10.9350653,0 24.0156345,-10.9389811,0 24.0179806,-10.9434032,0 24.020277,-10.9477291,0 24.0151367,-10.9606009,0 24.0211849,-10.9645205,0 24.0256004,-10.9693565,0 24.02559279999999,-10.9755449,0 24.0255871,-10.9790163,0 24.0202007,-11.001091,0 24.0164509,-11.0178757,0 24.0138702,-11.030983,0 24.0115128,-11.0496101,0 24.013588,-11.0650253,0 24.0145683,-11.0681124,0 24.0176524,-11.0778028,0 24.0167789,-11.0833149,0 24.0189532,-11.0878653,0 24.0186653,-11.095624,0 24.0130672,-11.101367,0 24.0076981,-11.109868,0 24.0061798,-11.1181278,0 24.0055847,-11.1213675,0 24.0065098,-11.1259689,0 24.0092241,-11.1278079,0 24.0075588,-11.1322289,0 24.0207405,-11.1393442,0 24.0318465,-11.1388444,0 24.0351276,-11.1497021,0 24.0371018,-11.1664574,0 24.0339336,-11.1877756,0 24.036288,-11.209035,0 24.0359612,-11.2207794,0 24.0347385,-11.2628727,0 24.0370502,-11.275527,0 24.0400715,-11.2822018,0 24.0419499,-11.2848725,0 24.0416546,-11.2973394,0 24.0511742,-11.3075838,0 24.0565739,-11.3128347,0 24.067709,-11.3430729,0 24.0721664,-11.3654547,0 24.0746593,-11.3818169,0 24.0813563,-11.4004461,0 24.0811062,-11.4013367,0 24.0544453,-11.4094458,0 24.0212116,-11.4207802,0 23.9968891,-11.4382677,0 23.9672852,-11.4558287,0 23.9465179,-11.4755478,0 23.9183407,-11.4748011,0 23.9111519,-11.4994678,0 23.9075722,-11.5255982,0 23.9069958,-11.5298061,0 23.9119091,-11.5304965,0 23.9208755,-11.5317564,0 23.9328804,-11.5334435,0 23.9550629,-11.5268469,0 23.9789734,-11.5185099,0 23.9975185,-11.5056772,0 24.0166397,-11.4922628,0 24.025366,-11.4859894,0 24.025116,-11.4881325,0 24.0267696,-11.5069447,0 24.0343113,-11.5140381,0 24.0364773,-11.5203392,0 24.0364723,-11.5239563,0 24.0274003,-11.5453839,0 24.0251675,-11.5474253,0 24.0171146,-11.5600386,0 24.0134518,-11.5681809,0 24.0130768,-11.568778,0 24.0034885,-11.5839453,0 24.0019954,-11.5892138,0 23.9982376,-11.5952721,0 23.994442,-11.6015701,0 23.9890461,-11.6180935,0 23.9907074,-11.6348972,0 23.975708,-11.6432152,0 23.9754503,-11.65018,0 23.9711704,-11.6556625,0 23.9722862,-11.6591988,0 23.9750003,-11.6623374,0 23.973999,-11.689394,0 23.9796829,-11.7043562,0 23.9832153,-11.7147255,0 23.9922619,-11.7220068,0 23.9918938,-11.7133474,0 23.9960953,-11.7179911,0 23.9972551,-11.7352877,0 23.9965286,-11.7395906,0 24.0011978,-11.7784386,0 24.006403,-11.7904053,0 24.0156231,-11.8044081,0 24.0084038,-11.8156567,0 24.0139885,-11.8331747,0 24.0132296,-11.8365536,0 23.9808426,-11.8509846,0 23.923418,-11.8923531,0 23.9146461,-11.8984537,0 23.9153671,-11.9021778,0 23.9251652,-11.9243202,0 23.9310837,-11.9596567,0 23.9331646,-12.0104675,0 23.9325409,-12.0413237,0 23.9212227,-12.0660448,0 23.9071178,-12.0993738,0 23.8819599,-12.1397095,0 23.870018,-12.1627216,0 23.8593788,-12.1931419,0 23.8665718,-12.2315003,0 23.8678188,-12.2381506,0 23.8877011,-12.2524516,0 23.8880768,-12.2527218,0 23.9066448,-12.2713127,0 23.9159756,-12.2997417,0 23.9230556,-12.3339138,0 23.9299679,-12.3583775,0 23.9320889,-12.3783388,0 23.9322278,-12.3821705,0 23.9332485,-12.4103069,0 23.932066,-12.4428787,0 23.9283943,-12.4680595,0 23.9097233,-12.477458,0 23.8920975,-12.4794159,0 23.8834019,-12.4538345,0 23.8752861,-12.4276762,0 23.8683796,-12.4032116,0 23.8506413,-12.3651876,0 23.840786,-12.3401928,0 23.8109722,-12.3177528,0 23.7802734,-12.3118858,0 23.7491474,-12.3151598,0 23.7228012,-12.322937,0 23.7214584,-12.3475142,0 23.7325802,-12.3782091,0 23.7481918,-12.3962774,0 23.7717476,-12.3971033,0 23.7890396,-12.4100075,0 23.8036118,-12.4355106,0 23.8023243,-12.4629412,0 23.8117104,-12.4947977,0 23.8452625,-12.4943399,0 23.8485661,-12.5148544,0 23.8291016,-12.5465317,0 23.801384,-12.5777473,0 23.7790833,-12.616312,0 23.7549057,-12.6486177,0 23.7502954,-12.6618835,0 23.7441424,-12.679588,0 23.7397518,-12.6922216,0 23.7227497,-12.7312784,0 23.6920052,-12.7596664,0 23.6731945,-12.7659124,0 23.6666805,-12.7680753,0 23.6597767,-12.7703676,0 23.6560253,-12.770101,0 23.6463406,-12.7694126,0 23.6326351,-12.7684383,0 23.6277962,-12.7610779,0 23.6076415,-12.747296,0 23.6015682,-12.7431431,0 23.5922522,-12.734571,0 23.5746384,-12.7183638,0 23.5481796,-12.7215567,0 23.524931,-12.7052917,0 23.4955425,-12.6736832,0 23.4705276,-12.6568632,0 23.4459534,-12.6309004,0 23.4642868,-12.5992632,0 23.4946423,-12.5828943,0 23.5220337,-12.5654163,0 23.5507412,-12.5564852,0 23.5850296,-12.5292053,0 23.6159496,-12.5122442,0 23.642065,-12.4896317,0 23.6351452,-12.4634504,0 23.6076221,-12.436964,0 23.5855427,-12.418972,0 23.5778588,-12.4084087,0 23.5608463,-12.3850212,0 23.5689602,-12.3420801,0 23.5760898,-12.3141342,0 23.5762362,-12.3135604,0 23.57890129999999,-12.3031139,0 23.5783997,-12.2986298,0 23.5536652,-12.3068647,0 23.5242767,-12.3443632,0 23.4926968,-12.3921661,0 23.4738731,-12.4289551,0 23.4528522,-12.4754772,0 23.4351959,-12.5122471,0 23.407732,-12.5617008,0 23.3790436,-12.6088781,0 23.3531284,-12.6457415,0 23.3202076,-12.687253,0 23.2807751,-12.7271252,0 23.236536,-12.7619076,0 23.1937542,-12.7772503,0 23.1694652,-12.7863721,0 23.1404324,-12.7972755,0 23.119957,-12.8072157,0 23.0832291,-12.8338947,0 23.0712124,-12.8527111,0 23.057888,-12.8735752,0 23.0510539,-12.8781348,0 23.0321484,-12.890748,0 23.0109893,-12.9048605,0 23.0100212,-12.9055061,0 22.9837875,-12.9257755,0 22.92983630000001,-12.9457693,0 22.8975773,-12.957531,0 22.8670998,-12.9704123,0 22.8375378,-12.9650116,0 22.8208122,-12.949769,0 22.8145351,-12.9360876,0 22.81168750000001,-12.9298801,0 22.8087276,-12.8942041,0 22.8081379,-12.8870955,0 22.8048286,-12.8614349,0 22.795149,-12.8356849,0 22.7913589,-12.8256025,0 22.7927418,-12.7981806,0 22.7893066,-12.7633839,0 
						</coordinates>
					</LinearRing>
				</outerBoundaryIs>
			</Polygon>
		</Placemark>
		<Placemark>
			<name>Mancha SV [31]</name>
			<styleUrl>#sv</styleUrl>
			<Polygon>
				<tessellate>1</tessellate>
				<outerBoundaryIs>
					<LinearRing>
						<coordinates>
							12.2947422,-16.9526482,0 12.2872714,-16.9578285,0 12.2793087,-16.9622788,0 12.2709308,-16.9659561,0 12.2622184,-16.968825,0 12.2532556,-16.9708578,0 12.2441289,-16.972035,0 12.2349263,-16.9723452,0 12.2257364,-16.9717855,0 12.216648,-16.9703612,0 12.2077487,-16.9680861,0 12.1991243,-16.9649822,0 12.1908579,-16.9610795,0 12.1830292,-16.9564154,0 12.1757137,-16.9510352,0 12.1689818,-16.9449905,0 12.1628982,-16.9383397,0 12.1575217,-16.931147,0 12.1529038,-16.9234816,0 12.1490891,-16.9154173,0 12.146114,-16.907032,0 12.1440073,-16.8984063,0 12.1427889,-16.8896233,0 12.1424707,-16.8807677,0 12.1430553,-16.8719246,0 12.1445373,-16.8631793,0 12.146902,-16.8546159,0 12.1501267,-16.8463169,0 12.1541803,-16.838362,0 12.1590236,-16.830828,0 12.1646099,-16.8237871,0 12.1708855,-16.8173073,0 12.1777898,-16.8114508,0 12.1852566,-16.806274,0 12.1932138,-16.8018267,0 12.201585,-16.7981517,0 12.2102896,-16.7952843,0 12.2192439,-16.7932522,0 12.2283618,-16.7920749,0 12.2375557,-16.7917636,0 12.246737,-16.7923216,0 12.2558175,-16.7937433,0 12.2647099,-16.7960152,0 12.2733285,-16.7991154,0 12.2815906,-16.8030141,0 12.2894166,-16.8076739,0 12.2967311,-16.8130498,0 12.3034638,-16.8190902,0 12.3095497,-16.825737,0 12.3149303,-16.8329263,0 12.3195537,-16.8405887,0 12.3233752,-16.8486507,0 12.326358,-16.8570345,0 12.3284732,-16.8656595,0 12.3297003,-16.8744426,0 12.3300274,-16.8832993,0 12.3294513,-16.8921441,0 12.3279772,-16.9008919,0 12.3256194,-16.9094585,0 12.3224004,-16.9177613,0 12.3183512,-16.9257202,0 12.3135106,-16.9332586,0 12.3079253,-16.9403037,0 12.301649,-16.9467878,0 12.2947422,-16.9526482,0 
						</coordinates>
					</LinearRing>
				</outerBoundaryIs>
			</Polygon>
		</Placemark>
		<Placemark>
			<name>Mancha SV [32]</name>
			<styleUrl>#sv</styleUrl>
			<Polygon>
				<tessellate>1</tessellate>
				<outerBoundaryIs>
					<LinearRing>
						<coordinates>
							13.0129927,-7.4333531,0 13.0058299,-7.438605899999999,0 12.9981857,-7.4431325,0 12.9901336,-7.446889199999999,0 12.9817514,-7.4498399,0 12.9731196,-7.451956100000001,0 12.9643217,-7.4532174,0 12.9554422,-7.4536118,0 12.9465668,-7.4531354,0 12.9377811,-7.4517928,0 12.9291696,-7.449597,0 12.9208153,-7.4465691,0 12.9127988,-7.4427384,0 12.9051973,-7.438141700000001,0 12.8980839,-7.4328234,0 12.8915272,-7.4268347,0 12.8855903,-7.4202333,0 12.8803304,-7.4130828,0 12.8757981,-7.4054521,0 12.872037,-7.397414699999999,0 12.8690833,-7.389048000000001,0 12.8669654,-7.3804325,0 12.8657036,-7.3716514,0 12.86531,-7.362789,0 12.8657883,-7.353930900000001,0 12.867134,-7.3451621,0 12.869334,-7.336567199999999,0 12.872367,-7.328229000000001,0 12.8762039,-7.3202276,0 12.8808076,-7.3126402,0 12.8861339,-7.305539699999999,0 12.8921313,-7.298994600000001,0 12.8987423,-7.2930678,0 12.905903,-7.2878163,0 12.9135447,-7.2832908,0 12.9215937,-7.2795348,0 12.9299725,-7.2765845,0 12.9386006,-7.2744682,0 12.9473948,-7.2732064,0 12.9562706,-7.2728112,0 12.9651425,-7.2732865,0 12.9739251,-7.2746276,0 12.9825339,-7.2768217,0 12.990886,-7.2798477,0 12.9989011,-7.2836764,0 13.0065018,-7.288271099999999,0 13.0136151,-7.293587399999999,0 13.0201725,-7.2995743,0 13.0261107,-7.306174000000001,0 13.0313727,-7.3133231,0 13.0359076,-7.3209527,0 13.0396717,-7.328989400000001,0 13.0426289,-7.3373558,0 13.0447505,-7.3459713,0 13.046016,-7.3547529,0 13.0464133,-7.3636161,0 13.0459384,-7.372475400000001,0 13.0445959,-7.381245599999999,0 13.0423986,-7.3898422,0 13.0393677,-7.3981824,0 13.0355323,-7.406185700000001,0 13.0309293,-7.4137752,0 13.0256032,-7.4208776,0 13.019605,-7.427424600000001,0 13.0129927,-7.4333531,0 
						</coordinates>
					</LinearRing>
				</outerBoundaryIs>
			</Polygon>
		</Placemark>
		<Placemark>
			<name>Mancha SV [33]</name>
			<styleUrl>#sv</styleUrl>
			<Polygon>
				<tessellate>1</tessellate>
				<outerBoundaryIs>
					<LinearRing>
						<coordinates>
							22.7928198,-17.5726552,0 22.7856859,-17.5781819,0 22.7780212,-17.5830112,0 22.7698994,-17.5870965,0 22.7613987,-17.5903983,0 22.7526011,-17.5928848,0 22.7435914,-17.594532,0 22.7344564,-17.595324,0 22.7252843,-17.595253,0 22.7161636,-17.5943196,0 22.7071821,-17.5925329,0 22.6984265,-17.58991,0 22.6899814,-17.5864761,0 22.6819281,-17.5822644,0 22.6743444,-17.5773154,0 22.6673033,-17.5716769,0 22.6608727,-17.5654032,0 22.6551147,-17.5585547,0 22.6500847,-17.5511975,0 22.6458312,-17.5434026,0 22.642395,-17.5352451,0 22.6398093,-17.5268035,0 22.6380987,-17.5181594,0 22.6372798,-17.509396,0 22.6373602,-17.5005978,0 22.6383391,-17.4918495,0 22.6402069,-17.4832355,0 22.6429455,-17.4748387,0 22.6465283,-17.46674,0 22.6509207,-17.4590173,0 22.6560803,-17.4517451,0 22.6619574,-17.4449933,0 22.6684951,-17.4388269,0 22.6756306,-17.4333052,0 22.6832951,-17.4284814,0 22.6914148,-17.4244017,0 22.6999115,-17.4211055,0 22.7087034,-17.4186243,0 22.717706,-17.416982,0 22.7268326,-17.4161943,0 22.7359955,-17.4162688,0 22.7451066,-17.4172047,0 22.7540782,-17.418993,0 22.7628241,-17.4216163,0 22.7712603,-17.4250495,0 22.7793055,-17.4292594,0 22.7868824,-17.4342056,0 22.7939182,-17.4398405,0 22.8003452,-17.4461098,0 22.8061015,-17.4529533,0 22.8111318,-17.460305,0 22.8153875,-17.4680943,0 22.8188276,-17.4762462,0 22.8214191,-17.4846824,0 22.8231367,-17.4933216,0 22.823964,-17.5020807,0 22.8238928,-17.5108755,0 22.8229236,-17.5196212,0 22.8210657,-17.5282337,0 22.8183367,-17.5366301,0 22.8147629,-17.5447295,0 22.8103786,-17.5524539,0 22.8052257,-17.5597289,0 22.799354,-17.5664843,0 22.7928198,-17.5726552,0 
						</coordinates>
					</LinearRing>
				</outerBoundaryIs>
			</Polygon>
		</Placemark>
		<atom:link rel="app" href="https://www.google.com/earth/about/versions/#earth-pro" title="Google Earth Pro 7.3.7.1155"></atom:link>
	</Folder>
</Document>
</kml>
