{"type":"FeatureCollection","features":[{"type":"Feature","properties":{"ISOCSUID":"AO19","LANDFORM":"TH","LITHOLOGY":"MB2","SOILS":"CMo","WRB":"Ferralic Cambisols","DOMSOILS":"CM","CODE_WRB":"CM-fl"},"geometry":{"type":"Polygon","coordinates":[[[13.0975,-4.62777],[13.09632,-4.62917],[13.07817,-4.62533],[13.06465,-4.63049],[13.0467,-4.62087],[13.02065,-4.59765],[13.02013,-4.5854],[13.00448,-4.57692],[12.9888,-4.56012],[12.98187,-4.55183],[12.97512,-4.53337],[12.9664,-4.53225],[12.95441,-4.52052],[12.93338,-4.49126],[12.9242,-4.48946],[12.91981,-4.48416],[12.91562,-4.47216],[12.90828,-4.47265],[12.90253,-4.46968],[12.90109,-4.45697],[12.89192,-4.45747],[12.89816,-4.41929],[12.89559,-4.41075],[12.89028,-4.40245],[12.87466,-4.39883],[12.86406,-4.39055],[12.83247,-4.40642],[12.82282,-4.40323],[12.7938,-4.37932],[12.78415,-4.37682],[12.7773,-4.38403],[12.75419,-4.39754],[12.72768,-4.42195],[12.72367,-4.44786],[12.7256,-4.46751],[12.7185,-4.47101],[12.70058,-4.4667],[12.69254,-4.46628],[12.68498,-4.46885],[12.68065,-4.47512],[12.67953,-4.48183],[12.66819,-4.49101],[12.68657,-4.54792],[12.71214,-4.58829],[12.71506,-4.61506],[12.75426,-4.6921],[12.82846,-4.7404],[12.84408,-4.75425],[12.85829,-4.75501],[12.85715,-4.75132],[12.86059,-4.7412],[12.87275,-4.73845],[12.87665,-4.73339],[12.89202,-4.73178],[12.89845,-4.73432],[12.91428,-4.73455],[12.92346,-4.73225],[12.94319,-4.72214],[12.96588,-4.71456],[12.98609,-4.70305],[13.01362,-4.69823],[13.02234,-4.6934],[13.03014,-4.69271],[13.05239,-4.67753],[13.08428,-4.68904],[13.093,-4.68766],[13.10126,-4.68145],[13.10516,-4.6681],[13.09988,-4.65706],[13.09942,-4.64555],[13.0969,-4.64118],[13.09873,-4.63566],[13.0975,-4.62777]]]}},{"type":"Feature","properties":{"ISOCSUID":"AO18","LANDFORM":"SH","LITHOLOGY":"MB2","SOILS":"FRx","WRB":"Xanthi-Acric Ferralsols","DOMSOILS":"FR","CODE_WRB":"FR-ac-xa"},"geometry":{"type":"Polygon","coordinates":[[[12.66819,-4.49101],[12.66468,-4.49646],[12.6629,-4.50757],[12.65396,-4.51131],[12.6494,-4.51827],[12.65199,-4.53375],[12.63146,-4.5609],[12.55002,-4.57516],[12.55563,-4.58744],[12.58056,-4.60224],[12.66678,-4.67813],[12.66667,-4.71222],[12.6791,-4.75059],[12.69101,-4.75768],[12.73227,-4.75978],[12.75845,-4.77061],[12.76353,-4.77471],[12.79124,-4.83217],[12.79249,-4.83215],[12.79404,-4.82653],[12.80092,-4.81918],[12.81515,-4.78582],[12.83122,-4.77432],[12.83673,-4.76466],[12.8365,-4.75983],[12.83948,-4.75523],[12.84408,-4.75425],[12.82846,-4.7404],[12.75426,-4.6921],[12.71506,-4.61506],[12.71214,-4.58829],[12.68657,-4.54792],[12.66819,-4.49101]]]}},{"type":"Feature","properties":{"ISOCSUID":"AO17","LANDFORM":"LP","LITHOLOGY":"SC2","SOILS":"FRx","WRB":"Areni-Acric Ferralsols (Xanthic)","DOMSOILS":"FR","CODE_WRB":"FR-ac-ar"},"geometry":{"type":"Polygon","coordinates":[[[12.55002,-4.57516],[12.4535,-4.59429],[12.43973,-4.59458],[12.43007,-4.58976],[12.42389,-4.59511],[12.40505,-4.59033],[12.40254,-4.59543],[12.38972,-4.60173],[12.39666,-4.61511],[12.39486,-4.62414],[12.40224,-4.63289],[12.39795,-4.65118],[12.39569,-4.66021],[12.38699,-4.66556],[12.38548,-4.688],[12.37449,-4.69591],[12.37134,-4.71049],[12.37233,-4.7276],[12.3611,-4.73181],[12.35654,-4.7362],[12.39003,-4.77495],[12.42487,-4.83774],[12.43931,-4.86083],[12.45667,-4.88171],[12.49215,-4.94282],[12.50304,-4.9715],[12.5192,-4.99577],[12.53661,-5.01495],[12.5494,-5.03515],[12.55253,-5.0504],[12.5748,-5.05095],[12.58674,-5.04014],[12.59753,-5.04038],[12.6012,-5.03762],[12.60649,-5.02682],[12.61498,-5.02176],[12.62439,-5.02384],[12.62898,-5.022],[12.64139,-4.9852],[12.64047,-4.9776],[12.63268,-4.96149],[12.63428,-4.95505],[12.63957,-4.95091],[12.64484,-4.95046],[12.67176,-4.95904],[12.69355,-4.95439],[12.71145,-4.95412],[12.72381,-4.94306],[12.72654,-4.93224],[12.72672,-4.91061],[12.72991,-4.90301],[12.74045,-4.89539],[12.75463,-4.8765],[12.77069,-4.87439],[12.7787,-4.86931],[12.78647,-4.85503],[12.80023,-4.8461],[12.8023,-4.84241],[12.80161,-4.83919],[12.79124,-4.83217],[12.76353,-4.77471],[12.75845,-4.77061],[12.73227,-4.75978],[12.69101,-4.75768],[12.6791,-4.75059],[12.66667,-4.71222],[12.66678,-4.67813],[12.58056,-4.60224],[12.55563,-4.58744],[12.55002,-4.57516]]]}},{"type":"Feature","properties":{"ISOCSUID":"AO16","LANDFORM":"LL","LITHOLOGY":"SC2","SOILS":"FRx","WRB":"Areni-Acric Ferralsols (Xanthic)","DOMSOILS":"FR","CODE_WRB":"FR-ac-ar"},"geometry":{"type":"Polygon","coordinates":[[[12.35654,-4.7362],[12.35727,-4.75055],[12.34878,-4.75267],[12.34192,-4.75778],[12.33851,-4.76705],[12.339,-4.77468],[12.32645,-4.79369],[12.31293,-4.79976],[12.3065,-4.80002],[12.30325,-4.79147],[12.2975,-4.78942],[12.29017,-4.79315],[12.27892,-4.79389],[12.26971,-4.7856],[12.26282,-4.78539],[12.25504,-4.79283],[12.24587,-4.79679],[12.24513,-4.78338],[12.23456,-4.77949],[12.2368,-4.767],[12.2191,-4.76267],[12.21103,-4.753],[12.206,-4.75856],[12.17812,-4.84803],[12.20348,-4.88516],[12.21612,-4.91162],[12.24201,-4.93558],[12.2546,-4.96431],[12.28625,-4.98784],[12.33439,-5.04701],[12.35524,-5.06572],[12.42107,-5.15888],[12.47141,-5.2255],[12.49389,-5.24992],[12.53061,-5.28095],[12.5378,-5.28189],[12.53918,-5.19213],[12.53745,-5.13715],[12.53492,-5.13462],[12.52155,-5.1335],[12.49397,-5.12105],[12.48732,-5.11598],[12.47126,-5.09319],[12.4708,-5.08882],[12.47931,-5.06927],[12.48803,-5.06583],[12.51902,-5.07046],[12.53922,-5.06311],[12.55253,-5.0504],[12.5494,-5.03515],[12.53661,-5.01495],[12.5192,-4.99577],[12.50304,-4.9715],[12.49215,-4.94282],[12.45667,-4.88171],[12.43931,-4.86083],[12.42487,-4.83774],[12.39003,-4.77495],[12.35654,-4.7362]]]}},{"type":"Feature","properties":{"ISOCSUID":"AO15","LANDFORM":"LL","LITHOLOGY":"SC2","SOILS":"ARo","WRB":"Ferrali-Hypoluvic Arenosols","DOMSOILS":"AR","CODE_WRB":"AR-lvw-fl"},"geometry":{"type":"Polygon","coordinates":[[[12.17812,-4.84803],[12.16654,-4.88521],[12.03416,-5.00104],[12.01892,-5.01774],[12.04541,-5.02614],[12.0769,-5.03036],[12.1132,-5.02502],[12.14824,-5.0242],[12.15779,-5.0341],[12.16155,-5.04614],[12.15951,-5.06087],[12.14771,-5.07536],[12.13035,-5.08118],[12.07911,-5.08671],[12.05701,-5.09377],[12.08743,-5.13117],[12.0911,-5.14084],[12.12846,-5.19505],[12.17257,-5.22726],[12.20438,-5.24455],[12.22485,-5.25473],[12.25678,-5.26633],[12.29598,-5.28777],[12.33868,-5.30703],[12.39049,-5.35835],[12.40216,-5.37741],[12.41902,-5.39602],[12.46092,-5.42719],[12.48714,-5.43863],[12.52316,-5.44859],[12.52896,-5.44646],[12.53849,-5.44742],[12.5378,-5.28189],[12.53061,-5.28095],[12.49389,-5.24992],[12.47141,-5.2255],[12.42107,-5.15888],[12.35524,-5.06572],[12.33439,-5.04701],[12.28625,-4.98784],[12.2546,-4.96431],[12.24201,-4.93558],[12.21612,-4.91162],[12.20348,-4.88516],[12.17812,-4.84803]]]}},{"type":"Feature","properties":{"ISOCSUID":"AO11","LANDFORM":"LV","LITHOLOGY":"UF","SOILS":"GLe","WRB":"Eutric Gleysols","DOMSOILS":"GL","CODE_WRB":"GL-eu"},"geometry":{"type":"Polygon","coordinates":[[[12.01892,-5.01774],[12.01021,-5.02722],[12.01478,-5.02892],[12.02838,-5.02579],[12.02819,-5.03015],[12.02201,-5.03641],[12.01741,-5.03721],[12.01716,-5.0406],[12.05701,-5.09377],[12.07911,-5.08671],[12.13035,-5.08118],[12.14771,-5.07536],[12.15951,-5.06087],[12.16155,-5.04614],[12.15779,-5.0341],[12.14824,-5.0242],[12.1132,-5.02502],[12.0769,-5.03036],[12.04541,-5.02614],[12.01892,-5.01774]]]}},{"type":"Feature","properties":{"ISOCSUID":"AO13","LANDFORM":"LL","LITHOLOGY":"SC2","SOILS":"FRx","WRB":"Xanthi-Acric Ferralsols","DOMSOILS":"FR","CODE_WRB":"FR-ac-xa"},"geometry":{"type":"Polygon","coordinates":[[[12.53849,-5.44742],[12.52896,-5.44646],[12.52316,-5.44859],[12.48714,-5.43863],[12.46092,-5.42719],[12.41902,-5.39602],[12.40216,-5.37741],[12.39049,-5.35835],[12.33868,-5.30703],[12.29598,-5.28777],[12.25678,-5.26633],[12.22485,-5.25473],[12.20438,-5.24455],[12.17257,-5.22726],[12.12846,-5.19505],[12.1351,-5.20923],[12.13118,-5.22855],[12.16855,-5.29232],[12.17381,-5.30636],[12.17312,-5.31234],[12.16645,-5.32177],[12.16851,-5.32913],[12.19419,-5.36988],[12.21366,-5.42948],[12.22168,-5.44674],[12.2306,-5.49046],[12.22875,-5.50449],[12.23057,-5.52841],[12.22849,-5.53716],[12.22435,-5.54152],[12.21355,-5.54496],[12.18508,-5.53986],[12.1752,-5.54675],[12.16669,-5.56399],[12.16599,-5.57434],[12.15769,-5.60239],[12.1409,-5.62905],[12.13952,-5.6348],[12.14044,-5.63981],[12.15892,-5.64569],[12.18418,-5.6486],[12.19014,-5.66582],[12.21283,-5.70794],[12.25583,-5.67886],[12.29252,-5.65923],[12.32068,-5.62254],[12.33262,-5.59353],[12.34116,-5.58243],[12.36334,-5.58243],[12.39235,-5.59353],[12.41198,-5.60803],[12.42563,-5.60803],[12.45123,-5.59097],[12.49133,-5.58243],[12.51096,-5.61059],[12.51096,-5.64216],[12.46573,-5.69336],[12.46317,-5.71555],[12.47947,-5.73675],[12.5351,-5.73385],[12.53728,-5.68417],[12.53617,-5.59493],[12.53849,-5.44742]]]}},{"type":"Feature","properties":{"ISOCSUID":"AO12","LANDFORM":"LL","LITHOLOGY":"SC2","SOILS":"ARo","WRB":"Ferrali-Hypoluvic Arenosols","DOMSOILS":"AR","CODE_WRB":"AR-lvw-fl"},"geometry":{"type":"Polygon","coordinates":[[[12.21283,-5.70794],[12.22056,-5.72293],[12.24121,-5.75128],[12.26569,-5.74328],[12.31553,-5.74528],[12.47947,-5.73675],[12.46317,-5.71555],[12.46573,-5.69336],[12.51096,-5.64216],[12.51096,-5.61059],[12.49133,-5.58243],[12.45123,-5.59097],[12.42563,-5.60803],[12.41198,-5.60803],[12.39235,-5.59353],[12.36334,-5.58243],[12.34116,-5.58243],[12.33262,-5.59353],[12.32068,-5.62254],[12.29252,-5.65923],[12.25583,-5.67886],[12.21283,-5.70794]]]}},{"type":"Feature","properties":{"ISOCSUID":"AO14","LANDFORM":"LL","LITHOLOGY":"SC2","SOILS":"ARg","WRB":"Areni-Gleyic Umbrisols","DOMSOILS":"AR","CODE_WRB":"UM-gl-ar"},"geometry":{"type":"Polygon","coordinates":[[[12.22056,-5.72293],[12.19014,-5.66582],[12.18418,-5.6486],[12.15892,-5.64569],[12.14044,-5.63981],[12.15212,-5.66679],[12.15119,-5.68266],[12.15302,-5.69094],[12.15944,-5.70245],[12.18284,-5.72985],[12.19408,-5.75401],[12.20663,-5.76925],[12.22161,-5.75945],[12.24121,-5.75128],[12.22056,-5.72293]]]}},{"type":"Feature","properties":{"ISOCSUID":"AO144","LANDFORM":"LP","LITHOLOGY":"MB2","SOILS":"CMo","WRB":"Humi-Ferralic Cambisols","DOMSOILS":"CM","CODE_WRB":"CM-fl-hu"},"geometry":{"type":"Polygon","coordinates":[[[13.96068,-5.85254],[13.96351,-5.89332],[13.95753,-5.95398],[13.96094,-6.01549],[13.99256,-6.06077],[14.00622,-6.0958],[14.00366,-6.15988],[13.98999,-6.25044],[13.98487,-6.35467],[13.98487,-6.43241],[13.98743,-6.48538],[14.01391,-6.51528],[14.04894,-6.49649],[14.06016,-6.46908],[14.05919,-6.43498],[14.08055,-6.34698],[14.08312,-6.30939],[14.09935,-6.28803],[14.11558,-6.29059],[14.14207,-6.31964],[14.1583,-6.35979],[14.16086,-6.38115],[14.17966,-6.3897],[14.19845,-6.37603],[14.2087,-6.3521],[14.21127,-6.33075],[14.23006,-6.29316],[14.25142,-6.30682],[14.28645,-6.35467],[14.29414,-6.37859],[14.28645,-6.42131],[14.2967,-6.45377],[14.31454,-6.49073],[14.3266,-6.5281],[14.33942,-6.55458],[14.35309,-6.61097],[14.35821,-6.65625],[14.37445,-6.67505],[14.39068,-6.68871],[14.40862,-6.67505],[14.40862,-6.6161],[14.40606,-6.5973],[14.41204,-6.57936],[14.42742,-6.58192],[14.45134,-6.60841],[14.48124,-6.60328],[14.52139,-6.57594],[14.53264,-6.56117],[14.54122,-6.50914],[14.54013,-6.46297],[14.52294,-6.41254],[14.51487,-6.37024],[14.51188,-6.33658],[14.51639,-6.30248],[14.52542,-6.27415],[14.52444,-6.26217],[14.53684,-6.25072],[14.52908,-6.18892],[14.53165,-6.14364],[14.56411,-6.1146],[14.56069,-6.09324],[14.54788,-6.07701],[14.52139,-6.06077],[14.49149,-6.03173],[14.48893,-6.0266],[14.50516,-5.9967],[14.52396,-5.97534],[14.54788,-5.97021],[14.56924,-5.9574],[14.56924,-5.9386],[14.55498,-5.90097],[14.50338,-5.89018],[14.48733,-5.89691],[14.45863,-5.90118],[14.36602,-5.89604],[14.2952,-5.8823],[14.23159,-5.88922],[14.17726,-5.86161],[14.16399,-5.86879],[14.15018,-5.86907],[14.13155,-5.86408],[14.07895,-5.86612],[14.06177,-5.87792],[14.03813,-5.88421],[13.98627,-5.84163],[13.96068,-5.85254]]]}},{"type":"Feature","properties":{"ISOCSUID":"AO142","LANDFORM":"LP","LITHOLOGY":"MA1","SOILS":"FRx","WRB":"Xanthi-Humic Ferralsols","DOMSOILS":"FR","CODE_WRB":"FR-hu-xa"},"geometry":{"type":"Polygon","coordinates":[[[13.57298,-5.87408],[13.58454,-5.89606],[13.61123,-5.91823],[13.65252,-5.92874],[13.69962,-5.93652],[13.7695,-5.96011],[13.76894,-5.96355],[13.80375,-6.02489],[13.82938,-6.12229],[13.82938,-6.15817],[13.80887,-6.22993],[13.81912,-6.25044],[13.8345,-6.32733],[13.82938,-6.4196],[13.814,-6.56313],[13.81912,-6.65027],[13.80375,-6.66565],[13.77299,-6.68615],[13.72686,-6.71178],[13.68072,-6.71178],[13.65509,-6.70153],[13.61671,-6.69592],[13.61819,-6.70394],[13.6063,-6.72422],[13.56643,-6.72569],[13.54325,-6.73092],[13.53268,-6.74096],[13.53241,-6.75692],[13.53314,-6.78145],[13.53682,-6.80261],[13.54673,-6.83132],[13.57479,-6.87977],[13.58238,-6.909],[13.59439,-6.98507],[13.60638,-7.02751],[13.61992,-7.06418],[13.67559,-7.06634],[13.71148,-7.08171],[13.72686,-7.10222],[13.73711,-7.12785],[13.74223,-7.15348],[13.75761,-7.17398],[13.77812,-7.18423],[13.79349,-7.19961],[13.78837,-7.2355],[13.814,-7.24575],[13.814,-7.2765],[13.79862,-7.29701],[13.76786,-7.34827],[13.72328,-7.34977],[13.76569,-7.3951],[13.79388,-7.44072],[13.83137,-7.4848],[13.8754,-7.55525],[13.86869,-7.57623],[13.85199,-7.60672],[13.83789,-7.65494],[13.83866,-7.67892],[13.86122,-7.75353],[13.88892,-7.79686],[13.9237,-7.83234],[13.96743,-7.88967],[14.03011,-7.9599],[14.06768,-7.96745],[14.10333,-7.94871],[14.12626,-7.92802],[14.15282,-7.93478],[14.18902,-7.95713],[14.22623,-7.98862],[14.30372,-8.123],[14.32617,-8.17477],[14.36192,-8.23077],[14.42468,-8.26555],[14.46626,-8.28054],[14.52383,-8.31464],[14.63325,-8.33647],[14.67952,-8.34923],[14.70287,-8.38272],[14.70595,-8.4136],[14.68773,-8.42986],[14.66564,-8.43177],[14.62442,-8.43052],[14.59835,-8.42608],[14.56064,-8.42373],[14.46825,-8.42786],[14.4468,-8.42521],[14.43093,-8.43863],[14.41473,-8.47546],[14.42199,-8.53668],[14.45665,-8.59152],[14.48081,-8.65075],[14.48734,-8.68227],[14.50998,-8.72605],[14.54339,-8.74832],[14.62856,-8.76917],[14.66898,-8.78983],[14.70312,-8.80239],[14.78384,-8.80941],[14.82759,-8.7987],[14.86472,-8.805],[14.87255,-8.82911],[14.85116,-8.86532],[14.82831,-8.87866],[14.79266,-8.89179],[14.74519,-8.919],[14.68433,-8.94656],[14.67368,-8.96009],[14.63675,-8.98061],[14.63121,-9.00336],[14.65172,-9.03568],[14.67186,-9.05258],[14.68014,-9.08584],[14.68867,-9.14424],[14.72133,-9.18419],[14.72494,-9.19373],[14.74274,-9.19368],[14.80087,-9.20033],[14.83449,-9.21229],[14.8781,-9.21699],[14.92166,-9.2251],[15.00748,-9.20644],[15.05659,-9.19006],[15.15121,-9.16351],[15.29065,-9.13586],[15.33247,-9.14389],[15.37676,-9.13938],[15.42614,-9.14864],[15.48609,-9.14891],[15.52141,-9.15532],[15.5317,-9.12898],[15.53366,-9.10844],[15.51509,-9.10305],[15.49716,-9.09309],[15.48331,-9.08205],[15.46987,-9.08757],[15.44011,-9.09458],[15.41747,-9.08912],[15.41113,-9.0839],[15.39986,-9.04947],[15.40005,-9.03234],[15.40431,-9.01584],[15.42067,-9.00864],[15.43521,-9.00942],[15.45677,-9.00629],[15.49002,-8.99819],[15.54361,-8.99265],[15.59783,-8.98139],[15.60787,-8.96668],[15.61148,-8.95473],[15.62233,-8.93686],[15.6011,-8.88949],[15.59793,-8.85804],[15.59714,-8.82205],[15.60457,-8.77762],[15.61182,-8.75468],[15.60134,-8.75302],[15.5887,-8.73857],[15.58829,-8.72201],[15.57395,-8.70354],[15.56768,-8.69147],[15.55593,-8.64791],[15.54067,-8.6066],[15.5334,-8.57966],[15.52293,-8.52528],[15.50114,-8.49872],[15.49324,-8.47691],[15.4366,-8.41992],[15.4184,-8.41592],[15.3934,-8.419],[15.38111,-8.42796],[15.37518,-8.43872],[15.37324,-8.45696],[15.37473,-8.47925],[15.38421,-8.51535],[15.38779,-8.55993],[15.38295,-8.57756],[15.37823,-8.58377],[15.37735,-8.59487],[15.38823,-8.615],[15.40017,-8.64828],[15.40359,-8.67388],[15.41724,-8.70289],[15.42151,-8.72849],[15.43686,-8.75579],[15.44454,-8.78139],[15.45478,-8.79078],[15.46588,-8.79505],[15.46076,-8.82064],[15.4582,-8.8872],[15.46588,-8.9401],[15.4471,-8.96741],[15.41383,-8.97679],[15.39761,-8.97509],[15.39591,-8.96314],[15.38396,-8.95973],[15.3686,-8.98447],[15.34471,-8.98703],[15.32765,-8.98447],[15.30205,-9.00837],[15.28839,-9.00837],[15.27645,-9.0041],[15.29181,-8.97082],[15.29437,-8.94778],[15.30973,-8.9128],[15.31997,-8.85989],[15.32338,-8.87525],[15.32338,-8.89659],[15.33362,-8.91621],[15.34471,-8.92645],[15.35666,-8.92645],[15.3942,-8.90085],[15.41127,-8.87696],[15.41724,-8.7831],[15.40956,-8.75409],[15.34794,-8.69582],[15.33073,-8.67559],[15.32453,-8.6578],[15.30963,-8.63931],[15.29689,-8.6357],[15.25564,-8.63453],[15.24417,-8.62123],[15.23302,-8.53029],[15.20004,-8.51895],[15.13742,-8.50946],[15.11776,-8.50174],[15.11099,-8.48508],[15.11342,-8.47541],[15.13178,-8.446],[15.13721,-8.42838],[15.14408,-8.38795],[15.13278,-8.36095],[15.13423,-8.337],[15.12819,-8.30723],[15.13286,-8.25592],[15.1031,-8.17271],[15.08209,-8.13414],[15.07429,-8.10777],[15.07546,-8.05814],[15.08237,-8.01429],[15.07368,-7.97003],[15.06646,-7.96767],[15.02375,-7.90701],[14.98957,-7.87796],[14.94239,-7.84607],[14.9219,-7.81607],[14.91383,-7.81252],[14.90645,-7.80042],[14.88815,-7.78073],[14.87801,-7.75775],[14.86761,-7.75587],[14.85729,-7.74715],[14.84879,-7.73218],[14.82599,-7.70328],[14.79492,-7.6423],[14.77829,-7.62948],[14.77707,-7.63403],[14.73263,-7.62246],[14.71387,-7.63927],[14.69526,-7.64524],[14.68488,-7.64164],[14.66484,-7.62476],[14.62525,-7.59729],[14.61442,-7.58398],[14.60652,-7.56902],[14.61087,-7.54684],[14.6174,-7.53497],[14.633,-7.53752],[14.6612,-7.55054],[14.69106,-7.56872],[14.70839,-7.57243],[14.7046,-7.5524],[14.68767,-7.51903],[14.67928,-7.49664],[14.67279,-7.46288],[14.68559,-7.45796],[14.70485,-7.48965],[14.7191,-7.50643],[14.74148,-7.52163],[14.75177,-7.5315],[14.76484,-7.55053],[14.78317,-7.56566],[14.79758,-7.57046],[14.8075,-7.56435],[14.80606,-7.54208],[14.79133,-7.51674],[14.75925,-7.49055],[14.74773,-7.48636],[14.73281,-7.47585],[14.71404,-7.45102],[14.70644,-7.41324],[14.70078,-7.36011],[14.69121,-7.33941],[14.65648,-7.29777],[14.66702,-7.28825],[14.68603,-7.2937],[14.70537,-7.31855],[14.71383,-7.3358],[14.72808,-7.35143],[14.73999,-7.36988],[14.78742,-7.41628],[14.83512,-7.48778],[14.87228,-7.52431],[14.89876,-7.52777],[14.89732,-7.5133],[14.92296,-7.49945],[14.94727,-7.49983],[14.98155,-7.48953],[15.00124,-7.48926],[15.03221,-7.51313],[15.04946,-7.52252],[15.08517,-7.53847],[15.1267,-7.55165],[15.14679,-7.56622],[15.1588,-7.57895],[15.18014,-7.63575],[15.19851,-7.65028],[15.21045,-7.66928],[15.25528,-7.70018],[15.28186,-7.70628],[15.28709,-7.71003],[15.31348,-7.67593],[15.32477,-7.64985],[15.32966,-7.6271],[15.33049,-7.60486],[15.32236,-7.55511],[15.32218,-7.51917],[15.23136,-7.41175],[15.22576,-7.39513],[15.22909,-7.35753],[15.22296,-7.33691],[15.21708,-7.29462],[15.20878,-7.26256],[15.19857,-7.24473],[15.19387,-7.22798],[15.18713,-7.23373],[15.16746,-7.23457],[15.15133,-7.2292],[15.134,-7.22666],[15.11722,-7.22754],[15.11766,-7.23896],[15.14563,-7.27131],[15.1541,-7.28855],[15.18256,-7.32833],[15.18057,-7.35054],[15.18554,-7.37115],[15.18449,-7.41163],[15.18201,-7.42528],[15.17318,-7.43827],[15.15517,-7.4437],[15.13089,-7.44162],[15.1073,-7.42986],[15.09304,-7.41196],[15.05838,-7.40744],[15.02654,-7.40752],[14.98917,-7.38812],[14.97611,-7.36738],[14.96995,-7.35131],[14.96251,-7.29759],[14.95407,-7.27806],[14.93922,-7.263],[14.91914,-7.25014],[14.89441,-7.23891],[14.88245,-7.2239],[14.8622,-7.17852],[14.84272,-7.11948],[14.84132,-7.09266],[14.85359,-7.08259],[14.88658,-7.07969],[14.88332,-7.06368],[14.89094,-7.05468],[14.90611,-7.04351],[14.93751,-7.02862],[14.95951,-7.02554],[15.00908,-7.03658],[15.05423,-7.03157],[15.09422,-7.02192],[15.11694,-7.00744],[15.13024,-7.0065],[15.13331,-6.99116],[15.12481,-6.97678],[15.09961,-6.95815],[15.08822,-6.94373],[15.07672,-6.93956],[15.06938,-6.92519],[15.03305,-6.91894],[15.02032,-6.92045],[14.98163,-6.91871],[14.96265,-6.91214],[14.94314,-6.901],[14.92416,-6.89386],[14.8994,-6.88777],[14.84608,-6.85557],[14.83314,-6.82857],[14.83451,-6.81149],[14.82887,-6.80114],[14.83141,-6.78294],[14.81924,-6.78616],[14.81393,-6.7952],[14.79247,-6.80226],[14.78684,-6.79077],[14.78696,-6.78165],[14.80431,-6.73462],[14.849,-6.67151],[14.86527,-6.66323],[14.88166,-6.64525],[14.87431,-6.63317],[14.85936,-6.62894],[14.82001,-6.63628],[14.80666,-6.64234],[14.79915,-6.64222],[14.79349,-6.63415],[14.80187,-6.61035],[14.83711,-6.56305],[14.84262,-6.53807],[14.83303,-6.52082],[14.82332,-6.51325],[14.79913,-6.50944],[14.77576,-6.53243],[14.77098,-6.54488],[14.76337,-6.55331],[14.75686,-6.56574],[14.73593,-6.57736],[14.71567,-6.58215],[14.70531,-6.5797],[14.68069,-6.56505],[14.67736,-6.55474],[14.66943,-6.54378],[14.66447,-6.5266],[14.66296,-6.50948],[14.66778,-6.49475],[14.68666,-6.46316],[14.69394,-6.43593],[14.67183,-6.36321],[14.65274,-6.32472],[14.65004,-6.31101],[14.65387,-6.28373],[14.67411,-6.23565],[14.70638,-6.1929],[14.73374,-6.17171],[14.76677,-6.15859],[14.77329,-6.14445],[14.78765,-6.10369],[14.79353,-6.0941],[14.82034,-6.02563],[14.83297,-5.9837],[14.83168,-5.94952],[14.81994,-5.922],[14.79298,-5.88122],[14.69907,-5.88104],[14.61076,-5.90972],[14.59514,-5.91025],[14.55498,-5.90097],[14.56924,-5.9386],[14.56924,-5.9574],[14.54788,-5.97021],[14.52396,-5.97534],[14.50516,-5.9967],[14.48893,-6.0266],[14.49149,-6.03173],[14.52139,-6.06077],[14.54788,-6.07701],[14.56069,-6.09324],[14.56411,-6.1146],[14.53165,-6.14364],[14.52908,-6.18892],[14.53684,-6.25072],[14.54079,-6.24707],[14.57886,-6.24487],[14.58517,-6.24783],[14.59964,-6.24352],[14.61404,-6.24433],[14.61842,-6.26149],[14.60359,-6.29257],[14.59247,-6.30434],[14.57475,-6.33537],[14.57603,-6.36843],[14.57871,-6.38329],[14.59153,-6.41598],[14.61194,-6.48527],[14.60869,-6.51199],[14.61414,-6.53602],[14.61708,-6.57082],[14.62477,-6.57338],[14.63587,-6.57338],[14.64613,-6.56825],[14.65467,-6.57082],[14.63331,-6.60328],[14.57436,-6.62977],[14.55813,-6.63233],[14.55301,-6.61761],[14.54498,-6.61348],[14.53502,-6.58254],[14.53264,-6.56117],[14.52139,-6.57594],[14.48124,-6.60328],[14.45134,-6.60841],[14.42742,-6.58192],[14.41204,-6.57936],[14.40606,-6.5973],[14.40862,-6.6161],[14.40862,-6.67505],[14.39068,-6.68871],[14.37445,-6.67505],[14.35821,-6.65625],[14.35309,-6.61097],[14.33942,-6.55458],[14.3266,-6.5281],[14.31454,-6.49073],[14.2967,-6.45377],[14.28645,-6.42131],[14.29414,-6.37859],[14.28645,-6.35467],[14.25142,-6.30682],[14.23006,-6.29316],[14.21127,-6.33075],[14.2087,-6.3521],[14.19845,-6.37603],[14.17966,-6.3897],[14.16086,-6.38115],[14.1583,-6.35979],[14.14207,-6.31964],[14.11558,-6.29059],[14.09935,-6.28803],[14.08312,-6.30939],[14.08055,-6.34698],[14.05919,-6.43498],[14.06016,-6.46908],[14.04894,-6.49649],[14.01391,-6.51528],[13.98743,-6.48538],[13.98487,-6.43241],[13.98487,-6.35467],[13.98999,-6.25044],[14.00366,-6.15988],[14.00622,-6.0958],[13.99256,-6.06077],[13.96094,-6.01549],[13.95753,-5.95398],[13.96351,-5.89332],[13.96068,-5.85254],[13.95142,-5.85785],[13.94315,-5.85834],[13.8949,-5.85529],[13.87653,-5.85858],[13.8552,-5.86762],[13.82927,-5.87507],[13.59173,-5.87632],[13.57298,-5.87408]]]}},{"type":"Feature","properties":{"ISOCSUID":"AO185","LANDFORM":"LP","LITHOLOGY":"SC2","SOILS":"ARo","WRB":"Dystri-Ferralic Arenosols","DOMSOILS":"AR","CODE_WRB":"AR-fl-dy"},"geometry":{"type":"Polygon","coordinates":[[[15.78112,-5.87847],[15.77713,-5.90863],[15.76066,-5.94428],[15.73547,-5.98836],[15.73345,-6.01794],[15.74297,-6.04653],[15.74938,-6.09843],[15.74405,-6.17183],[15.73972,-6.20195],[15.73321,-6.21952],[15.79059,-6.24761],[15.7863,-6.27318],[15.78997,-6.31139],[15.79017,-6.35127],[15.78543,-6.36431],[15.77612,-6.43255],[15.78172,-6.45085],[15.79892,-6.4619],[15.82138,-6.46561],[15.83515,-6.47376],[15.837,-6.52221],[15.83101,-6.54549],[15.81251,-6.54924],[15.78945,-6.54667],[15.76673,-6.5686],[15.75836,-6.59869],[15.75778,-6.65851],[15.76216,-6.74348],[15.75606,-6.83574],[15.75696,-6.86254],[15.76719,-6.87977],[15.78434,-6.89824],[15.76341,-6.91279],[15.74408,-6.9399],[15.72894,-6.9511],[15.74375,-6.97353],[15.74411,-6.99519],[15.72255,-7.01373],[15.7043,-7.04712],[15.68504,-7.06625],[15.6588,-7.08871],[15.61047,-7.12341],[15.59234,-7.14369],[15.57706,-7.16744],[15.5766,-7.21248],[15.5677,-7.23403],[15.55365,-7.2498],[15.53208,-7.26661],[15.51411,-7.26979],[15.49571,-7.25927],[15.47392,-7.24129],[15.4486,-7.2301],[15.43394,-7.24814],[15.41298,-7.26096],[15.39788,-7.25962],[15.39472,-7.29093],[15.39887,-7.3349],[15.40156,-7.35319],[15.41178,-7.37158],[15.41368,-7.40925],[15.41208,-7.4503],[15.40906,-7.46166],[15.4002,-7.47808],[15.38456,-7.47957],[15.36914,-7.45995],[15.36063,-7.445],[15.33863,-7.39335],[15.33429,-7.36705],[15.31741,-7.32403],[15.31246,-7.30172],[15.30728,-7.29879],[15.29149,-7.31453],[15.27827,-7.30693],[15.27233,-7.2692],[15.26677,-7.24973],[15.26292,-7.18067],[15.25747,-7.15151],[15.25559,-7.11385],[15.25822,-7.08538],[15.23603,-7.06673],[15.23322,-7.09813],[15.22229,-7.14415],[15.20743,-7.17928],[15.20488,-7.1992],[15.19765,-7.22476],[15.19387,-7.22798],[15.19857,-7.24473],[15.20878,-7.26256],[15.21708,-7.29462],[15.22296,-7.33691],[15.22909,-7.35753],[15.22576,-7.39513],[15.23136,-7.41175],[15.32218,-7.51917],[15.32236,-7.55511],[15.33049,-7.60486],[15.32966,-7.6271],[15.32256,-7.65496],[15.34318,-7.66152],[15.37541,-7.68024],[15.39191,-7.70729],[15.39177,-7.72041],[15.38286,-7.74025],[15.38586,-7.7492],[15.41815,-7.74475],[15.43841,-7.74618],[15.45861,-7.75388],[15.48384,-7.77876],[15.50441,-7.80529],[15.54288,-7.84006],[15.55315,-7.85504],[15.56291,-7.8643],[15.56914,-7.87865],[15.56096,-7.88424],[15.54938,-7.88352],[15.52464,-7.86549],[15.49657,-7.83486],[15.4862,-7.82844],[15.44543,-7.79363],[15.4184,-7.77499],[15.38888,-7.77172],[15.38197,-7.77487],[15.38064,-7.78359],[15.38968,-7.80483],[15.39823,-7.81807],[15.42521,-7.84185],[15.48742,-7.87753],[15.50353,-7.88916],[15.53555,-7.93126],[15.54822,-7.93885],[15.58728,-7.97419],[15.60167,-7.98409],[15.63081,-8.02728],[15.64076,-8.05321],[15.692,-8.05269],[15.7321,-8.0561],[15.75855,-8.08938],[15.75855,-8.1218],[15.76794,-8.15508],[15.79439,-8.16874],[15.82767,-8.17215],[15.87716,-8.18153],[15.90703,-8.22505],[15.92068,-8.2643],[15.92298,-8.32617],[15.93193,-8.32797],[15.90557,-8.35332],[15.88792,-8.37879],[15.90464,-8.39156],[15.95043,-8.40012],[15.9654,-8.414],[15.96875,-8.42889],[15.96858,-8.44773],[15.94462,-8.46342],[15.92819,-8.48205],[15.91131,-8.48584],[15.8961,-8.49878],[15.90412,-8.5103],[15.92671,-8.51686],[15.93826,-8.52499],[15.93222,-8.54947],[15.93843,-8.56953],[15.95401,-8.58057],[16.00868,-8.64004],[16.04509,-8.66275],[16.08367,-8.70375],[16.11778,-8.6918],[16.12376,-8.68241],[16.10399,-8.6389],[16.09928,-8.57775],[16.11252,-8.52424],[16.16012,-8.44666],[16.12696,-8.39711],[16.12715,-8.37542],[16.13364,-8.36236],[16.15182,-8.34089],[16.20794,-8.29359],[16.23294,-8.28816],[16.34531,-8.24262],[16.40755,-8.22275],[16.42555,-8.2218],[16.51,-8.17761],[16.53631,-8.14992],[16.564,-8.08914],[16.57751,-8.06474],[16.59038,-8.04889],[16.60497,-8.03648],[16.62943,-8.02132],[16.65994,-8.01414],[16.69327,-8.01283],[16.72803,-8.01774],[16.75692,-8.03399],[16.78576,-8.05767],[16.80297,-8.04586],[16.8226,-8.02624],[16.83369,-8.02965],[16.8371,-8.04416],[16.83369,-8.05866],[16.82857,-8.07146],[16.81384,-8.09019],[16.83644,-8.11636],[16.85021,-8.14103],[16.8559,-8.15935],[16.87655,-8.19892],[16.89724,-8.23222],[16.93017,-8.25763],[16.99146,-8.29871],[16.99538,-8.32386],[16.99046,-8.37347],[16.9956,-8.38836],[17.02219,-8.40972],[17.00184,-8.4141],[16.97,-8.39727],[16.94799,-8.38851],[16.94565,-8.39077],[16.9519,-8.41423],[16.97098,-8.42924],[17.01561,-8.44334],[17.03121,-8.45775],[17.00719,-8.49693],[17.01751,-8.52156],[17.04759,-8.54352],[17.05625,-8.55387],[17.06368,-8.57677],[17.07443,-8.63053],[17.09462,-8.65925],[17.09448,-8.68551],[17.11132,-8.68794],[17.14756,-8.646],[17.15871,-8.62496],[17.17392,-8.60396],[17.21033,-8.60591],[17.22392,-8.59752],[17.21819,-8.58035],[17.1887,-8.55328],[17.16265,-8.53479],[17.18009,-8.53208],[17.24673,-8.56631],[17.27052,-8.57164],[17.35598,-8.55689],[17.36866,-8.58096],[17.36912,-8.60837],[17.3818,-8.63244],[17.43117,-8.63681],[17.45146,-8.64781],[17.47357,-8.63998],[17.49283,-8.61956],[17.50219,-8.60307],[17.5162,-8.58719],[17.5203,-8.57808],[17.52623,-8.54615],[17.52171,-8.51358],[17.52497,-8.47324],[17.48014,-8.45049],[17.51811,-8.39083],[17.52284,-8.36974],[17.51832,-8.33603],[17.52118,-8.19621],[17.50571,-8.14531],[17.49831,-8.10816],[17.50359,-8.09336],[17.51234,-8.08517],[17.50548,-8.08283],[17.50348,-8.07552],[17.50473,-8.06884],[17.51397,-8.05809],[17.5172,-8.04654],[17.52431,-8.04502],[17.53108,-8.04879],[17.53259,-8.04394],[17.52804,-8.03553],[17.50754,-8.0132],[17.4956,-8.00425],[17.48376,-8.0],[17.49204,-7.99848],[17.48925,-7.99344],[17.48849,-7.98128],[17.48995,-7.95396],[17.47619,-7.98302],[17.46745,-7.99323],[17.44884,-8.00736],[17.4256,-8.01746],[17.40008,-8.02126],[17.38902,-8.02917],[17.38026,-8.04451],[17.37827,-8.1027],[17.36992,-8.15572],[17.38083,-8.18091],[17.39649,-8.18388],[17.39238,-8.19355],[17.32137,-8.24552],[17.30735,-8.26596],[17.29091,-8.30578],[17.27574,-8.32336],[17.24723,-8.33797],[17.18515,-8.33062],[17.1056,-8.22436],[17.10544,-8.14445],[17.09566,-8.12896],[17.07191,-8.12191],[17.04647,-8.10685],[17.06048,-8.08985],[17.07687,-8.0626],[17.06534,-8.04937],[17.06082,-8.02708],[17.04117,-8.01549],[17.0285,-7.9994],[17.01421,-7.96219],[17.01839,-7.9394],[17.00631,-7.92217],[16.9896,-7.90434],[16.93938,-7.86908],[16.89081,-7.8498],[16.86127,-7.84668],[16.84107,-7.83223],[16.82264,-7.81493],[16.79802,-7.76677],[16.80455,-7.74116],[16.78807,-7.69023],[16.76565,-7.6632],[16.75942,-7.64146],[16.74389,-7.62477],[16.68569,-7.58084],[16.59552,-7.55826],[16.547,-7.54122],[16.5274,-7.53075],[16.45923,-7.51063],[16.39565,-7.4974],[16.36805,-7.47371],[16.35259,-7.45187],[16.34564,-7.37765],[16.35449,-7.3555],[16.36795,-7.33512],[16.4123,-7.28485],[16.43558,-7.26685],[16.51958,-7.24778],[16.60509,-7.26178],[16.62767,-7.25745],[16.6526,-7.24858],[16.71458,-7.23493],[16.7458,-7.23638],[16.77064,-7.24175],[16.81735,-7.26273],[16.83757,-7.26691],[16.85499,-7.25567],[16.87196,-7.22332],[16.87551,-7.21024],[16.86663,-7.14801],[16.86684,-7.11209],[16.87581,-7.06314],[16.88107,-7.05236],[16.89678,-7.0354],[16.93888,-6.99877],[16.94414,-6.97568],[16.93568,-6.95876],[16.94414,-6.93126],[16.91053,-6.93669],[16.87368,-6.93485],[16.84488,-6.9209],[16.82711,-6.89851],[16.77648,-6.86496],[16.76113,-6.8272],[16.7322,-6.74484],[16.71545,-6.65635],[16.70532,-6.61636],[16.66003,-6.48544],[16.64368,-6.42773],[16.63781,-6.35818],[16.60987,-6.22689],[16.58224,-6.13891],[16.51669,-5.88258],[16.51169,-5.87844],[16.50433,-5.87803],[16.49517,-5.88201],[16.47818,-5.88281],[16.45461,-5.89631],[16.44335,-5.89615],[16.4146,-5.8922],[16.40447,-5.88836],[16.39639,-5.88243],[16.38434,-5.86756],[16.36594,-5.86469],[16.24902,-5.86706],[16.16015,-5.87222],[15.97731,-5.87818],[15.86268,-5.8791],[15.85695,-5.88075],[15.78112,-5.87847]]]}},{"type":"Feature","properties":{"ISOCSUID":"AO33","LANDFORM":"LP","LITHOLOGY":"MA2","SOILS":"FRx","WRB":"Xanthi-Acric Ferralsols","DOMSOILS":"FR","CODE_WRB":"FR-ac-xa"},"geometry":{"type":"Polygon","coordinates":[[[13.04499,-5.87057],[13.04936,-5.89076],[13.04906,-5.95417],[13.02464,-6.02765],[13.02497,-6.04076],[13.02861,-6.06191],[13.03517,-6.08085],[13.0674,-6.14421],[13.08477,-6.17136],[13.10459,-6.22135],[13.10667,-6.23336],[13.10235,-6.27998],[13.10366,-6.30279],[13.10172,-6.34491],[13.07205,-6.35907],[13.05803,-6.36845],[13.05606,-6.38151],[13.06152,-6.39758],[13.08852,-6.43464],[13.09657,-6.46729],[13.09644,-6.50547],[13.09431,-6.52708],[13.08874,-6.5469],[13.09178,-6.56976],[13.0737,-6.64174],[13.07209,-6.66622],[13.05997,-6.69673],[13.06116,-6.72582],[13.05603,-6.75307],[13.05043,-6.77461],[13.03784,-6.79941],[13.01391,-6.81257],[13.00647,-6.80898],[13.01063,-6.7974],[12.95929,-6.82959],[12.92859,-6.86425],[12.92844,-6.87166],[12.93913,-6.88672],[12.96954,-6.89823],[12.97019,-6.92847],[12.99776,-6.93364],[13.02064,-6.94612],[13.04521,-6.96092],[13.10279,-7.00324],[13.11621,-7.02748],[13.14733,-7.06408],[13.15739,-7.08311],[13.18317,-7.09622],[13.19154,-7.11237],[13.20929,-7.12187],[13.22352,-7.13472],[13.2365,-7.15211],[13.26217,-7.17148],[13.2968,-7.20757],[13.31849,-7.224],[13.33308,-7.2494],[13.35585,-7.26689],[13.38768,-7.24062],[13.40819,-7.20986],[13.40819,-7.1586],[13.48593,-7.14323],[13.50643,-7.12272],[13.50643,-7.07659],[13.51669,-7.05608],[13.58332,-7.07146],[13.61992,-7.06418],[13.60638,-7.02751],[13.59439,-6.98507],[13.58238,-6.909],[13.57479,-6.87977],[13.54673,-6.83132],[13.53682,-6.80261],[13.53314,-6.78145],[13.53268,-6.74096],[13.54325,-6.73092],[13.56643,-6.72569],[13.6063,-6.72422],[13.61819,-6.70394],[13.60908,-6.66215],[13.59112,-6.66578],[13.57592,-6.67687],[13.55626,-6.67875],[13.5583,-6.66055],[13.57684,-6.58912],[13.59372,-6.54615],[13.59583,-6.52397],[13.61752,-6.46971],[13.64002,-6.4354],[13.6628,-6.38344],[13.67587,-6.36092],[13.69937,-6.33461],[13.74826,-6.27235],[13.7786,-6.21484],[13.78186,-6.08505],[13.76414,-6.04143],[13.75266,-6.00362],[13.75232,-5.98881],[13.76693,-5.976],[13.7695,-5.96011],[13.69962,-5.93652],[13.65252,-5.92874],[13.61123,-5.91823],[13.58454,-5.89606],[13.57298,-5.87408],[13.55795,-5.87527],[13.54855,-5.87898],[13.53177,-5.87834],[13.50693,-5.86876],[13.39575,-5.87047],[13.38656,-5.87211],[13.38175,-5.87603],[13.35909,-5.90071],[13.34898,-5.90097],[13.27238,-5.87037],[13.24778,-5.86514],[13.23446,-5.86495],[13.18417,-5.87497],[13.1376,-5.89695],[13.12268,-5.90089],[13.1151,-5.90045],[13.10268,-5.89428],[13.09413,-5.88805],[13.09037,-5.87965],[13.08268,-5.87282],[13.04499,-5.87057]]]}},{"type":"Feature","properties":{"ISOCSUID":"AO187","LANDFORM":"LP","LITHOLOGY":"SC2","SOILS":"ARo","WRB":"Dystri-Ferralic Arenosols","DOMSOILS":"AR","CODE_WRB":"AR-fl-dy"},"geometry":{"type":"Polygon","coordinates":[[[15.11726,-5.87173],[15.10486,-5.93274],[15.08761,-5.97859],[15.08622,-5.99907],[15.11385,-6.04903],[15.11943,-6.06449],[15.1198,-6.08214],[15.11671,-6.09975],[15.10841,-6.11899],[15.09784,-6.13591],[15.08207,-6.15389],[15.0525,-6.21608],[15.04886,-6.23141],[15.04916,-6.25419],[15.03612,-6.33146],[15.02721,-6.35297],[15.00551,-6.38282],[14.96536,-6.41182],[14.95415,-6.43159],[14.95481,-6.47148],[14.96142,-6.49722],[14.97224,-6.50878],[15.0249,-6.54322],[15.05369,-6.54879],[15.08869,-6.56585],[15.11956,-6.59026],[15.12122,-6.59655],[15.11298,-6.6101],[15.09164,-6.60864],[15.07475,-6.62092],[15.06877,-6.63849],[15.08128,-6.65464],[15.10073,-6.66918],[15.10811,-6.67955],[15.11814,-6.71048],[15.12468,-6.74306],[15.1383,-6.76322],[15.15111,-6.80388],[15.16077,-6.81713],[15.1781,-6.86698],[15.19403,-6.88831],[15.20685,-6.89371],[15.21886,-6.88868],[15.22143,-6.86649],[15.24616,-6.87597],[15.26808,-6.87858],[15.29478,-6.86814],[15.32414,-6.87711],[15.34265,-6.87453],[15.37399,-6.8613],[15.39063,-6.87123],[15.41189,-6.98839],[15.41969,-7.0153],[15.4288,-7.02797],[15.44661,-7.03848],[15.46509,-7.03931],[15.47719,-7.04347],[15.49387,-7.05055],[15.50591,-7.05983],[15.50177,-7.0689],[15.48552,-7.07494],[15.46468,-7.07751],[15.44506,-7.07495],[15.4255,-7.06612],[15.40889,-7.0522],[15.40321,-7.043],[15.38886,-7.03367],[15.3742,-7.05228],[15.3615,-7.05096],[15.34718,-7.03935],[15.32859,-7.04763],[15.33475,-7.0654],[15.35017,-7.08215],[15.36305,-7.11997],[15.36517,-7.13768],[15.36207,-7.15645],[15.36886,-7.17023],[15.38681,-7.16821],[15.39944,-7.17694],[15.39569,-7.20198],[15.40046,-7.24196],[15.39788,-7.25962],[15.41298,-7.26096],[15.43394,-7.24814],[15.4486,-7.2301],[15.47392,-7.24129],[15.49571,-7.25927],[15.51411,-7.26979],[15.53208,-7.26661],[15.55365,-7.2498],[15.5677,-7.23403],[15.5766,-7.21248],[15.57706,-7.16744],[15.59234,-7.14369],[15.61047,-7.12341],[15.6588,-7.08871],[15.68504,-7.06625],[15.7043,-7.04712],[15.72255,-7.01373],[15.74411,-6.99519],[15.74375,-6.97353],[15.72894,-6.9511],[15.74408,-6.9399],[15.76341,-6.91279],[15.78434,-6.89824],[15.76719,-6.87977],[15.75696,-6.86254],[15.75606,-6.83574],[15.76216,-6.74348],[15.75778,-6.65851],[15.75836,-6.59869],[15.76673,-6.5686],[15.78945,-6.54667],[15.81251,-6.54924],[15.83101,-6.54549],[15.837,-6.52221],[15.83515,-6.47376],[15.82138,-6.46561],[15.79892,-6.4619],[15.78172,-6.45085],[15.77612,-6.43255],[15.78543,-6.36431],[15.79017,-6.35127],[15.78997,-6.31139],[15.7863,-6.27318],[15.79059,-6.24761],[15.73321,-6.21952],[15.73972,-6.20195],[15.74405,-6.17183],[15.74938,-6.09843],[15.74297,-6.04653],[15.73345,-6.01794],[15.73547,-5.98836],[15.76066,-5.94428],[15.77713,-5.90863],[15.78112,-5.87847],[15.67011,-5.8701],[15.52587,-5.87689],[15.11726,-5.87173]]]}},{"type":"Feature","properties":{"ISOCSUID":"AO22","LANDFORM":"SH","LITHOLOGY":"MA2","SOILS":"LVx","WRB":"Chromic Luvisols","DOMSOILS":"LV","CODE_WRB":"LV-cr"},"geometry":{"type":"Polygon","coordinates":[[[13.04906,-5.95417],[13.04936,-5.89076],[13.04499,-5.87057],[13.01946,-5.87624],[12.98614,-5.89759],[12.9682,-5.90614],[12.96905,-5.90955],[12.95795,-5.91554],[12.95367,-5.92152],[12.95837,-5.94688],[12.95633,-5.95837],[12.96298,-6.02856],[12.96195,-6.05246],[12.95441,-6.08721],[12.96185,-6.08776],[12.96922,-6.09419],[12.98197,-6.15143],[13.00125,-6.19857],[13.0278,-6.22764],[13.0356,-6.27281],[13.03506,-6.36281],[13.02357,-6.45258],[13.03123,-6.47497],[13.02931,-6.48519],[13.03476,-6.50183],[13.04353,-6.5573],[13.04578,-6.59155],[13.03076,-6.68411],[13.02173,-6.70386],[13.00763,-6.71666],[12.9959,-6.73421],[13.01043,-6.75206],[13.01389,-6.78292],[13.00647,-6.80898],[13.01391,-6.81257],[13.03784,-6.79941],[13.05043,-6.77461],[13.05603,-6.75307],[13.06116,-6.72582],[13.05997,-6.69673],[13.07209,-6.66622],[13.0737,-6.64174],[13.09178,-6.56976],[13.08874,-6.5469],[13.09431,-6.52708],[13.09734,-6.48782],[13.09657,-6.46729],[13.08852,-6.43464],[13.06152,-6.39758],[13.05606,-6.38151],[13.05803,-6.36845],[13.07205,-6.35907],[13.10172,-6.34491],[13.10366,-6.30279],[13.10235,-6.27998],[13.10667,-6.23336],[13.10459,-6.22135],[13.08477,-6.17136],[13.0674,-6.14421],[13.03517,-6.08085],[13.02861,-6.06191],[13.02497,-6.04076],[13.02464,-6.02765],[13.04906,-5.95417]]]}},{"type":"Feature","properties":{"ISOCSUID":"AO148","LANDFORM":"LL","LITHOLOGY":"SC2","SOILS":"FRx","WRB":"Xanthi-Acric Ferralsols","DOMSOILS":"FR","CODE_WRB":"FR-ac-xa"},"geometry":{"type":"Polygon","coordinates":[[[14.79298,-5.88122],[14.81994,-5.922],[14.83168,-5.94952],[14.83297,-5.9837],[14.82034,-6.02563],[14.76677,-6.15859],[14.73374,-6.17171],[14.70638,-6.1929],[14.67411,-6.23565],[14.65387,-6.28373],[14.65004,-6.31101],[14.65274,-6.32472],[14.67183,-6.36321],[14.69394,-6.43593],[14.68666,-6.46316],[14.66778,-6.49475],[14.66296,-6.50948],[14.66447,-6.5266],[14.66943,-6.54378],[14.67736,-6.55474],[14.68069,-6.56505],[14.70531,-6.5797],[14.71567,-6.58215],[14.73593,-6.57736],[14.75686,-6.56574],[14.76337,-6.55331],[14.77098,-6.54488],[14.77576,-6.53243],[14.79913,-6.50944],[14.82332,-6.51325],[14.83303,-6.52082],[14.84262,-6.53807],[14.83711,-6.56305],[14.80187,-6.61035],[14.79349,-6.63415],[14.79915,-6.64222],[14.80666,-6.64234],[14.82001,-6.63628],[14.85936,-6.62894],[14.87431,-6.63317],[14.88166,-6.64525],[14.86527,-6.66323],[14.849,-6.67151],[14.80431,-6.73462],[14.78696,-6.78165],[14.78684,-6.79077],[14.79247,-6.80226],[14.81393,-6.7952],[14.81924,-6.78616],[14.83141,-6.78294],[14.82887,-6.80114],[14.83451,-6.81149],[14.83314,-6.82857],[14.84608,-6.85557],[14.8994,-6.88777],[14.92416,-6.89386],[14.94314,-6.901],[14.96265,-6.91214],[14.98163,-6.91871],[15.02032,-6.92045],[15.03305,-6.91894],[15.06938,-6.92519],[15.07672,-6.93956],[15.08822,-6.94373],[15.09961,-6.95815],[15.12481,-6.97678],[15.13331,-6.99116],[15.13024,-7.0065],[15.11694,-7.00744],[15.09422,-7.02192],[15.05423,-7.03157],[15.00908,-7.03658],[14.95951,-7.02554],[14.93751,-7.02862],[14.90611,-7.04351],[14.89094,-7.05468],[14.88332,-7.06368],[14.88658,-7.07969],[14.89504,-7.09693],[14.90697,-7.11309],[14.91534,-7.13717],[14.92721,-7.1596],[14.95616,-7.20339],[14.98991,-7.23357],[15.00771,-7.24411],[15.01626,-7.25394],[15.0247,-7.27346],[15.04061,-7.29766],[15.04094,-7.31819],[15.06049,-7.32762],[15.07721,-7.33244],[15.11269,-7.36606],[15.14399,-7.41045],[15.15071,-7.42937],[15.15849,-7.4427],[15.17318,-7.43827],[15.18201,-7.42528],[15.18449,-7.41163],[15.18554,-7.37115],[15.18057,-7.35054],[15.18256,-7.32833],[15.1541,-7.28855],[15.14563,-7.27131],[15.11766,-7.23896],[15.11722,-7.22754],[15.134,-7.22666],[15.15133,-7.2292],[15.16746,-7.23457],[15.18713,-7.23373],[15.19765,-7.22476],[15.20488,-7.1992],[15.20743,-7.17928],[15.22229,-7.14415],[15.23322,-7.09813],[15.23603,-7.06673],[15.2233,-7.05579],[15.19772,-7.01835],[15.16237,-6.97734],[15.15459,-6.95043],[15.15939,-6.93568],[15.18741,-6.91102],[15.19387,-6.90142],[15.20685,-6.89371],[15.19403,-6.88831],[15.1781,-6.86698],[15.16077,-6.81713],[15.15111,-6.80388],[15.1383,-6.76322],[15.12468,-6.74306],[15.11814,-6.71048],[15.10811,-6.67955],[15.10073,-6.66918],[15.08128,-6.65464],[15.06877,-6.63849],[15.07475,-6.62092],[15.09164,-6.60864],[15.11298,-6.6101],[15.12122,-6.59655],[15.11956,-6.59026],[15.08869,-6.56585],[15.05369,-6.54879],[15.0249,-6.54322],[14.97224,-6.50878],[14.96142,-6.49722],[14.95481,-6.47148],[14.95391,-6.45152],[14.95415,-6.43159],[14.96536,-6.41182],[15.00551,-6.38282],[15.02721,-6.35297],[15.03612,-6.33146],[15.04916,-6.25419],[15.04886,-6.23141],[15.0525,-6.21608],[15.08207,-6.15389],[15.09784,-6.13591],[15.10841,-6.11899],[15.11671,-6.09975],[15.1198,-6.08214],[15.11943,-6.06449],[15.11385,-6.04903],[15.08622,-5.99907],[15.08761,-5.97859],[15.10486,-5.93274],[15.11726,-5.87173],[14.96137,-5.87348],[14.79298,-5.88122]]]}},{"type":"Feature","properties":{"ISOCSUID":"AO188","LANDFORM":"CV","LITHOLOGY":"SC2","SOILS":"ARo","WRB":"Ferralic Arenosols","DOMSOILS":"AR","CODE_WRB":"AR-fl"},"geometry":{"type":"Polygon","coordinates":[[[16.51669,-5.88258],[16.58224,-6.13891],[16.60987,-6.22689],[16.63781,-6.35818],[16.64368,-6.42773],[16.66003,-6.48544],[16.70532,-6.61636],[16.71545,-6.65635],[16.7322,-6.74484],[16.77648,-6.86496],[16.82711,-6.89851],[16.84488,-6.9209],[16.87368,-6.93485],[16.91053,-6.93669],[16.94414,-6.93126],[16.93568,-6.9101],[16.93991,-6.90376],[16.9378,-6.87413],[16.92087,-6.86144],[16.91452,-6.85086],[16.89549,-6.85721],[16.87952,-6.85051],[16.87628,-6.84685],[16.87171,-6.80527],[16.8507,-6.78928],[16.83678,-6.77132],[16.83155,-6.75267],[16.83398,-6.7384],[16.83082,-6.71544],[16.8271,-6.71087],[16.80635,-6.7032],[16.80103,-6.6991],[16.79378,-6.6826],[16.79232,-6.67158],[16.79409,-6.66214],[16.79196,-6.65388],[16.78313,-6.64222],[16.78003,-6.6273],[16.77964,-6.60478],[16.77657,-6.594],[16.76302,-6.58405],[16.75707,-6.5851],[16.75128,-6.57917],[16.74941,-6.57298],[16.75118,-6.5578],[16.76118,-6.54201],[16.76295,-6.52847],[16.75583,-6.5187],[16.7337,-6.50753],[16.72723,-6.50089],[16.72514,-6.49584],[16.72718,-6.49078],[16.73314,-6.48661],[16.73587,-6.47993],[16.73446,-6.47396],[16.72752,-6.46434],[16.71367,-6.45336],[16.71111,-6.44625],[16.71613,-6.43749],[16.72967,-6.43191],[16.7324,-6.42547],[16.72985,-6.41973],[16.71323,-6.40762],[16.70037,-6.41112],[16.69347,-6.41023],[16.69069,-6.40564],[16.69179,-6.39437],[16.70321,-6.37685],[16.70249,-6.37134],[16.69765,-6.36722],[16.68821,-6.36427],[16.69001,-6.35553],[16.69943,-6.35595],[16.71578,-6.36139],[16.72219,-6.35608],[16.7249,-6.34411],[16.72487,-6.33882],[16.71815,-6.32621],[16.71712,-6.30345],[16.70948,-6.29084],[16.71149,-6.27749],[16.71853,-6.25953],[16.71827,-6.25332],[16.71037,-6.23565],[16.71606,-6.22344],[16.7259,-6.21236],[16.73087,-6.19395],[16.72946,-6.18821],[16.72115,-6.17996],[16.72154,-6.16594],[16.70264,-6.15337],[16.69778,-6.14603],[16.68856,-6.1394],[16.67062,-6.13787],[16.65953,-6.12435],[16.64552,-6.1274],[16.64251,-6.12258],[16.64295,-6.11729],[16.64821,-6.11244],[16.64911,-6.10692],[16.64793,-6.09979],[16.64378,-6.09682],[16.61158,-6.09167],[16.60673,-6.08571],[16.60533,-6.08134],[16.60806,-6.07535],[16.62529,-6.07528],[16.63034,-6.07342],[16.63284,-6.06789],[16.62799,-6.06124],[16.62201,-6.06081],[16.61008,-6.06592],[16.6025,-6.06549],[16.59902,-6.05884],[16.60767,-6.04063],[16.60535,-6.0342],[16.6062,-6.0204],[16.59831,-6.00181],[16.59966,-5.99651],[16.60629,-5.98867],[16.60604,-5.98476],[16.60327,-5.98178],[16.59154,-5.97838],[16.58922,-5.97448],[16.58919,-5.96666],[16.60059,-5.94224],[16.59797,-5.928],[16.59974,-5.91855],[16.59072,-5.9108],[16.56933,-5.90726],[16.54648,-5.89316],[16.53107,-5.89027],[16.51669,-5.88258]]]}},{"type":"Feature","properties":{"ISOCSUID":"AO150","LANDFORM":"LP","LITHOLOGY":"UE","SOILS":"ARo","WRB":"Ferrali-Hypoluvic Arenosols","DOMSOILS":"AR","CODE_WRB":"AR-lvw-fl"},"geometry":{"type":"Polygon","coordinates":[[[14.96079,-6.17422],[14.97935,-6.16483],[14.98431,-6.13586],[14.98727,-6.13022],[15.00803,-6.12883],[15.03635,-6.12187],[15.05091,-6.10899],[15.05736,-6.09941],[15.05808,-6.08746],[15.0411,-6.06215],[15.04326,-6.02631],[15.04109,-6.01546],[15.02903,-6.01242],[15.01565,-6.02303],[14.99716,-6.02787],[14.98911,-6.02661],[14.97711,-6.01845],[14.97373,-6.01213],[14.97499,-6.00361],[14.98555,-5.98783],[14.98329,-5.98438],[14.9701,-5.98019],[14.961,-5.97037],[14.94746,-5.94738],[14.93764,-5.95007],[14.91487,-5.97476],[14.91465,-5.99241],[14.92307,-6.0102],[14.93019,-6.03935],[14.94321,-6.05834],[14.94881,-6.07096],[14.95495,-6.13427],[14.95514,-6.16502],[14.96079,-6.17422]]]}},{"type":"Feature","properties":{"ISOCSUID":"AO9","LANDFORM":"LV","LITHOLOGY":"UM","SOILS":"FLs","WRB":"Hyposodi-Salic Fluvisols","DOMSOILS":"FL","CODE_WRB":"FL-sz-sow"},"geometry":{"type":"Polygon","coordinates":[[[12.94275,-5.96412],[12.95125,-5.96113],[12.95079,-5.95653],[12.94045,-5.96251],[12.94275,-5.96412]]]}},{"type":"Feature","properties":{"ISOCSUID":"AO10","LANDFORM":"LV","LITHOLOGY":"UF","SOILS":"FLe","WRB":"Eutric Fluvisols","DOMSOILS":"FL","CODE_WRB":"FL-eu"},"geometry":{"type":"Polygon","coordinates":[[[12.89302,-6.00267],[12.87826,-6.03007],[12.86411,-6.04683],[12.84258,-6.05773],[12.76186,-6.08949],[12.73877,-6.0918],[12.69883,-6.10056],[12.67795,-6.10747],[12.65525,-6.1189],[12.60958,-6.12581],[12.58638,-6.13323],[12.54125,-6.14185],[12.46126,-6.16328],[12.44103,-6.16622],[12.42354,-6.17548],[12.39701,-6.17654],[12.3748,-6.18442],[12.38283,-6.22063],[12.39062,-6.23392],[12.39982,-6.23528],[12.41464,-6.21571],[12.41441,-6.20638],[12.42912,-6.21207],[12.45502,-6.2144],[12.47795,-6.19274],[12.51468,-6.17254],[12.54285,-6.17606],[12.55038,-6.17453],[12.64097,-6.19831],[12.7037,-6.20376],[12.73618,-6.19369],[12.76294,-6.18121],[12.80676,-6.15146],[12.81832,-6.14944],[12.83033,-6.15428],[12.86094,-6.15098],[12.88944,-6.13313],[12.89079,-6.12717],[12.89789,-6.11765],[12.90668,-6.11044],[12.91719,-6.10328],[12.93804,-6.09748],[12.95092,-6.08695],[12.95441,-6.08721],[12.95934,-6.06834],[12.96298,-6.02856],[12.95633,-5.95837],[12.95217,-5.9655],[12.94643,-5.96918],[12.93425,-5.96986],[12.92919,-5.97354],[12.92506,-5.98619],[12.91862,-5.9924],[12.89302,-6.00267]]]}},{"type":"Feature","properties":{"ISOCSUID":"AO145","LANDFORM":"LP","LITHOLOGY":"MB2","SOILS":"NTh","WRB":"Dystri-Ferralic Nitisols","DOMSOILS":"NT","CODE_WRB":"NT-fl-dy"},"geometry":{"type":"Polygon","coordinates":[[[13.64224,-6.43026],[13.67047,-6.50161],[13.67047,-6.55288],[13.66022,-6.59388],[13.64484,-6.60926],[13.60383,-6.63489],[13.56732,-6.62581],[13.5583,-6.66055],[13.55626,-6.67875],[13.57592,-6.67687],[13.59112,-6.66578],[13.60908,-6.66215],[13.61671,-6.69592],[13.65509,-6.70153],[13.68072,-6.71178],[13.72686,-6.71178],[13.77299,-6.68615],[13.80375,-6.66565],[13.81912,-6.65027],[13.814,-6.56313],[13.82938,-6.4196],[13.8345,-6.32733],[13.81912,-6.25044],[13.80887,-6.22993],[13.82938,-6.15817],[13.82938,-6.12229],[13.80375,-6.02489],[13.76894,-5.96355],[13.76693,-5.976],[13.75232,-5.98881],[13.75266,-6.00362],[13.76414,-6.04143],[13.78186,-6.08505],[13.7786,-6.21484],[13.74826,-6.27235],[13.69937,-6.33461],[13.67587,-6.36092],[13.6628,-6.38344],[13.64224,-6.43026]]]}},{"type":"Feature","properties":{"ISOCSUID":"AO9","LANDFORM":"LV","LITHOLOGY":"UM","SOILS":"FLs","WRB":"Hyposodi-Salic Fluvisols","DOMSOILS":"FL","CODE_WRB":"FL-sz-sow"},"geometry":{"type":"Polygon","coordinates":[[[12.75989,-5.98934],[12.73962,-5.99139],[12.73364,-5.99461],[12.73157,-5.99852],[12.73387,-6.00197],[12.74283,-6.00128],[12.75041,-6.00634],[12.75524,-6.00658],[12.76374,-6.00244],[12.77408,-6.00153],[12.78075,-5.99463],[12.79155,-5.98981],[12.79423,-5.98579],[12.78879,-5.98047],[12.78195,-5.98047],[12.75989,-5.98934]]]}},{"type":"Feature","properties":{"ISOCSUID":"AO9","LANDFORM":"LV","LITHOLOGY":"UM","SOILS":"FLs","WRB":"Hyposodi-Salic Fluvisols","DOMSOILS":"FL","CODE_WRB":"FL-sz-sow"},"geometry":{"type":"Polygon","coordinates":[[[12.79818,-5.98303],[12.79362,-5.9928],[12.79568,-5.99832],[12.79844,-5.99832],[12.80717,-5.99005],[12.80758,-5.98559],[12.80331,-5.98047],[12.79818,-5.98303]]]}},{"type":"Feature","properties":{"ISOCSUID":"AO9","LANDFORM":"LV","LITHOLOGY":"UM","SOILS":"FLs","WRB":"Hyposodi-Salic Fluvisols","DOMSOILS":"FL","CODE_WRB":"FL-sz-sow"},"geometry":{"type":"Polygon","coordinates":[[[12.90713,-5.99285],[12.9177,-5.98826],[12.92138,-5.98366],[12.92023,-5.9809],[12.91471,-5.98136],[12.90621,-5.98848],[12.90713,-5.99285]]]}},{"type":"Feature","properties":{"ISOCSUID":"AO9","LANDFORM":"LV","LITHOLOGY":"UM","SOILS":"FLs","WRB":"Hyposodi-Salic Fluvisols","DOMSOILS":"FL","CODE_WRB":"FL-sz-sow"},"geometry":{"type":"Polygon","coordinates":[[[12.84945,-5.99605],[12.85888,-5.99605],[12.86094,-5.99329],[12.85175,-5.99053],[12.84945,-5.99605]]]}},{"type":"Feature","properties":{"ISOCSUID":"AO9","LANDFORM":"LV","LITHOLOGY":"UM","SOILS":"FLs","WRB":"Hyposodi-Salic Fluvisols","DOMSOILS":"FL","CODE_WRB":"FL-sz-sow"},"geometry":{"type":"Polygon","coordinates":[[[12.78189,-6.00774],[12.79017,-6.00384],[12.7904,-5.99694],[12.78281,-6.00084],[12.78028,-6.00567],[12.78189,-6.00774]]]}},{"type":"Feature","properties":{"ISOCSUID":"AO9","LANDFORM":"LV","LITHOLOGY":"UM","SOILS":"FLs","WRB":"Hyposodi-Salic Fluvisols","DOMSOILS":"FL","CODE_WRB":"FL-sz-sow"},"geometry":{"type":"Polygon","coordinates":[[[12.84118,-6.01789],[12.86554,-6.00364],[12.86807,-5.99743],[12.84693,-6.00248],[12.83475,-6.01122],[12.83589,-6.01743],[12.84118,-6.01789]]]}},{"type":"Feature","properties":{"ISOCSUID":"AO9","LANDFORM":"LV","LITHOLOGY":"UM","SOILS":"FLs","WRB":"Hyposodi-Salic Fluvisols","DOMSOILS":"FL","CODE_WRB":"FL-sz-sow"},"geometry":{"type":"Polygon","coordinates":[[[12.3748,-6.18442],[12.39701,-6.17654],[12.42354,-6.17548],[12.44103,-6.16622],[12.46126,-6.16328],[12.54125,-6.14185],[12.58638,-6.13323],[12.60958,-6.12581],[12.65525,-6.1189],[12.67795,-6.10747],[12.69883,-6.10056],[12.73877,-6.0918],[12.76186,-6.08949],[12.84258,-6.05773],[12.86411,-6.04683],[12.87826,-6.03007],[12.89302,-6.00267],[12.86623,-6.01307],[12.85428,-6.0241],[12.83428,-6.03582],[12.82233,-6.03651],[12.80487,-6.04294],[12.79797,-6.04224],[12.77867,-6.03327],[12.7465,-6.04199],[12.72926,-6.03807],[12.70858,-6.03782],[12.6856,-6.02447],[12.67435,-6.02217],[12.66975,-6.02653],[12.66469,-6.04124],[12.6571,-6.04699],[12.64423,-6.06354],[12.64009,-6.06353],[12.63067,-6.05617],[12.62056,-6.05501],[12.61298,-6.04995],[12.60654,-6.04994],[12.59275,-6.06051],[12.58585,-6.06234],[12.57689,-6.07107],[12.58217,-6.07775],[12.58585,-6.07821],[12.58929,-6.08419],[12.57459,-6.08073],[12.57183,-6.07268],[12.57387,-6.06254],[12.56977,-6.0598],[12.56357,-6.05911],[12.55529,-6.066],[12.54702,-6.06576],[12.53943,-6.06967],[12.53024,-6.07035],[12.52978,-6.07265],[12.53529,-6.07794],[12.53138,-6.08346],[12.52242,-6.08],[12.51552,-6.08137],[12.51092,-6.09287],[12.5162,-6.10874],[12.52493,-6.12093],[12.51665,-6.11863],[12.51206,-6.11402],[12.50954,-6.10551],[12.4969,-6.09101],[12.49116,-6.09055],[12.48496,-6.08617],[12.4822,-6.08732],[12.47875,-6.09491],[12.47543,-6.09621],[12.473,-6.09421],[12.46633,-6.09949],[12.46242,-6.10777],[12.45599,-6.10179],[12.44611,-6.09925],[12.41646,-6.10612],[12.41163,-6.10979],[12.40405,-6.11047],[12.38865,-6.10494],[12.37095,-6.1063],[12.36681,-6.10906],[12.38864,-6.12264],[12.38863,-6.12931],[12.3806,-6.12126],[12.36612,-6.12055],[12.35716,-6.11525],[12.34428,-6.1203],[12.33486,-6.1196],[12.32727,-6.12672],[12.32957,-6.13063],[12.34542,-6.1364],[12.34611,-6.13893],[12.34289,-6.14053],[12.32772,-6.13707],[12.30771,-6.15935],[12.30334,-6.16003],[12.29071,-6.15427],[12.28956,-6.14944],[12.29669,-6.14117],[12.31462,-6.13912],[12.31807,-6.13614],[12.31992,-6.12717],[12.30959,-6.11014],[12.29971,-6.11059],[12.29442,-6.11473],[12.28752,-6.11541],[12.28637,-6.11288],[12.30293,-6.10094],[12.3204,-6.1028],[12.3243,-6.10004],[12.3365,-6.07798],[12.33558,-6.07476],[12.33007,-6.07498],[12.31869,-6.08179],[12.30983,-6.09129],[12.28316,-6.10368],[12.27741,-6.10919],[12.27143,-6.11976],[12.27004,-6.1301],[12.27371,-6.14207],[12.31005,-6.19816],[12.3748,-6.18442]]]}},{"type":"Feature","properties":{"ISOCSUID":"AO9","LANDFORM":"LV","LITHOLOGY":"UM","SOILS":"FLs","WRB":"Hyposodi-Salic Fluvisols","DOMSOILS":"FL","CODE_WRB":"FL-sz-sow"},"geometry":{"type":"Polygon","coordinates":[[[12.74099,-6.02497],[12.74696,-6.02152],[12.76305,-6.02038],[12.76512,-6.01578],[12.76351,-6.0121],[12.74581,-6.01255],[12.73616,-6.0176],[12.72973,-6.01415],[12.72375,-6.01484],[12.72008,-6.01989],[12.72237,-6.02312],[12.7295,-6.02496],[12.74099,-6.02497]]]}},{"type":"Feature","properties":{"ISOCSUID":"AO9","LANDFORM":"LV","LITHOLOGY":"UM","SOILS":"FLs","WRB":"Hyposodi-Salic Fluvisols","DOMSOILS":"FL","CODE_WRB":"FL-sz-sow"},"geometry":{"type":"Polygon","coordinates":[[[12.79683,-6.02661],[12.80832,-6.02385],[12.80832,-6.01649],[12.80303,-6.01672],[12.79568,-6.02247],[12.79683,-6.02661]]]}},{"type":"Feature","properties":{"ISOCSUID":"AO9","LANDFORM":"LV","LITHOLOGY":"UM","SOILS":"FLs","WRB":"Hyposodi-Salic Fluvisols","DOMSOILS":"FL","CODE_WRB":"FL-sz-sow"},"geometry":{"type":"Polygon","coordinates":[[[12.64216,-6.05388],[12.64653,-6.05296],[12.66216,-6.03389],[12.664,-6.0309],[12.66102,-6.02698],[12.65504,-6.02606],[12.64355,-6.03157],[12.63551,-6.02927],[12.62861,-6.03018],[12.61023,-6.03454],[12.60563,-6.03798],[12.61137,-6.04328],[12.64216,-6.05388]]]}},{"type":"Feature","properties":{"ISOCSUID":"AO21","LANDFORM":"LL","LITHOLOGY":"SO2","SOILS":"LVg","WRB":"Calci-Gleyic Luvisols","DOMSOILS":"LV","CODE_WRB":"LV-gl-cc"},"geometry":{"type":"Polygon","coordinates":[[[12.96185,-6.08776],[12.95092,-6.08695],[12.93804,-6.09748],[12.91719,-6.10328],[12.89789,-6.11765],[12.89079,-6.12717],[12.88257,-6.16514],[12.88573,-6.1806],[12.88005,-6.2061],[12.88563,-6.21591],[12.89611,-6.21045],[12.90142,-6.2043],[12.91753,-6.17562],[12.92302,-6.15979],[12.92753,-6.13483],[12.93806,-6.1271],[12.93884,-6.14648],[12.93623,-6.16237],[12.93766,-6.17778],[12.93447,-6.19423],[12.93857,-6.22109],[12.97124,-6.29189],[12.96912,-6.31325],[12.97609,-6.30966],[12.98933,-6.31109],[13.00648,-6.31888],[13.01138,-6.33437],[13.00859,-6.35994],[12.99776,-6.38363],[12.99712,-6.41724],[12.99401,-6.42913],[12.98561,-6.44661],[12.97674,-6.45781],[12.96451,-6.4638],[12.94712,-6.46797],[12.93767,-6.47973],[12.92916,-6.50233],[12.92345,-6.52898],[12.91201,-6.5538],[12.94465,-6.56764],[12.96476,-6.60286],[12.9697,-6.64628],[12.96406,-6.7003],[12.90108,-6.76216],[12.89043,-6.7756],[12.88154,-6.78737],[12.87342,-6.81911],[12.84337,-6.81957],[12.84091,-6.82749],[12.84262,-6.85832],[12.83798,-6.889],[12.8205,-6.91523],[12.83632,-6.91462],[12.87183,-6.90117],[12.88959,-6.87933],[12.89332,-6.86574],[12.91676,-6.84802],[12.92293,-6.82764],[12.92952,-6.81524],[12.97128,-6.77627],[12.98086,-6.75825],[12.99151,-6.7448],[12.99877,-6.72729],[13.02173,-6.70386],[13.03076,-6.68411],[13.04109,-6.62621],[13.04139,-6.61026],[13.04578,-6.59155],[13.04507,-6.5676],[13.03476,-6.50183],[13.02931,-6.48519],[13.03123,-6.47497],[13.02357,-6.45258],[13.03506,-6.36281],[13.03635,-6.29447],[13.03157,-6.24196],[13.0278,-6.22764],[13.00125,-6.19857],[12.988,-6.16751],[12.98197,-6.15143],[12.96922,-6.09419],[12.96185,-6.08776]]]}},{"type":"Feature","properties":{"ISOCSUID":"AO12","LANDFORM":"LL","LITHOLOGY":"SC2","SOILS":"ARo","WRB":"Ferrali-Hypoluvic Arenosols","DOMSOILS":"AR","CODE_WRB":"AR-lvw-fl"},"geometry":{"type":"Polygon","coordinates":[[[12.3748,-6.18442],[12.31005,-6.19816],[12.34167,-6.23848],[12.35614,-6.26402],[12.37497,-6.28956],[12.39862,-6.33327],[12.41239,-6.36593],[12.42847,-6.38985],[12.4721,-6.47196],[12.50816,-6.5513],[12.52447,-6.58074],[12.5372,-6.59833],[12.59694,-6.55167],[12.61647,-6.55612],[12.63635,-6.54348],[12.64834,-6.52096],[12.64536,-6.49696],[12.64991,-6.47142],[12.66157,-6.46543],[12.6871,-6.45861],[12.68612,-6.44947],[12.66359,-6.42217],[12.65414,-6.40428],[12.66242,-6.39422],[12.68117,-6.37984],[12.69355,-6.36646],[12.70375,-6.34618],[12.71428,-6.30997],[12.75158,-6.26591],[12.78572,-6.26335],[12.81473,-6.25141],[12.83094,-6.23434],[12.85398,-6.22581],[12.87958,-6.22922],[12.94159,-6.22932],[12.93447,-6.19423],[12.93766,-6.17778],[12.93623,-6.16237],[12.93884,-6.14648],[12.93806,-6.1271],[12.92753,-6.13483],[12.92302,-6.15979],[12.91753,-6.17562],[12.90142,-6.2043],[12.89611,-6.21045],[12.88563,-6.21591],[12.88005,-6.2061],[12.88573,-6.1806],[12.88257,-6.16514],[12.88944,-6.13313],[12.86094,-6.15098],[12.83033,-6.15428],[12.81832,-6.14944],[12.80676,-6.15146],[12.76294,-6.18121],[12.73618,-6.19369],[12.7037,-6.20376],[12.64097,-6.19831],[12.55038,-6.17453],[12.54285,-6.17606],[12.51468,-6.17254],[12.47795,-6.19274],[12.45502,-6.2144],[12.42912,-6.21207],[12.41441,-6.20638],[12.41464,-6.21571],[12.39982,-6.23528],[12.39062,-6.23392],[12.38283,-6.22063],[12.3748,-6.18442]]]}},{"type":"Feature","properties":{"ISOCSUID":"AO20","LANDFORM":"LL","LITHOLOGY":"SC2","SOILS":"ARo","WRB":"Ferralic Arenosols","DOMSOILS":"AR","CODE_WRB":"AR-fl"},"geometry":{"type":"Polygon","coordinates":[[[12.71428,-6.30997],[12.70375,-6.34618],[12.69355,-6.36646],[12.68117,-6.37984],[12.66242,-6.39422],[12.65414,-6.40428],[12.66359,-6.42217],[12.68612,-6.44947],[12.6871,-6.45861],[12.66157,-6.46543],[12.64991,-6.47142],[12.64536,-6.49696],[12.64834,-6.52096],[12.63635,-6.54348],[12.61647,-6.55612],[12.59694,-6.55167],[12.5372,-6.59833],[12.54239,-6.61041],[12.55044,-6.62053],[12.55618,-6.64329],[12.57456,-6.67456],[12.58421,-6.68606],[12.60675,-6.70378],[12.63916,-6.74632],[12.70032,-6.80451],[12.72079,-6.83325],[12.74149,-6.85142],[12.74953,-6.86314],[12.7608,-6.88843],[12.77598,-6.90636],[12.78495,-6.92635],[12.79139,-6.93417],[12.7953,-6.93509],[12.79593,-6.94128],[12.80827,-6.93108],[12.83798,-6.889],[12.84262,-6.85832],[12.84091,-6.82749],[12.84337,-6.81957],[12.87342,-6.81911],[12.88154,-6.78737],[12.89043,-6.7756],[12.90108,-6.76216],[12.96406,-6.7003],[12.9697,-6.64628],[12.96476,-6.60286],[12.94465,-6.56764],[12.91201,-6.5538],[12.92345,-6.52898],[12.92916,-6.50233],[12.93767,-6.47973],[12.94712,-6.46797],[12.96451,-6.4638],[12.97674,-6.45781],[12.98561,-6.44661],[12.99401,-6.42913],[12.99712,-6.41724],[12.99776,-6.38363],[13.00859,-6.35994],[13.01138,-6.33437],[13.00648,-6.31888],[12.98933,-6.31109],[12.97609,-6.30966],[12.96912,-6.31325],[12.97124,-6.29189],[12.95412,-6.2522],[12.94159,-6.22932],[12.87958,-6.22922],[12.85398,-6.22581],[12.83094,-6.23434],[12.81473,-6.25141],[12.78572,-6.26335],[12.75158,-6.26591],[12.71428,-6.30997]]]}},{"type":"Feature","properties":{"ISOCSUID":"AO147","LANDFORM":"LP","LITHOLOGY":"MA4","SOILS":"FRx","WRB":"Xanthi-Humic Ferralsols","DOMSOILS":"FR","CODE_WRB":"FR-hu-xa"},"geometry":{"type":"Polygon","coordinates":[[[14.54079,-6.24707],[14.52444,-6.26217],[14.52542,-6.27415],[14.51388,-6.31667],[14.51279,-6.35368],[14.52294,-6.41254],[14.54013,-6.46297],[14.54122,-6.50914],[14.53241,-6.56255],[14.53502,-6.58254],[14.54498,-6.61348],[14.55301,-6.61761],[14.55813,-6.63233],[14.57436,-6.62977],[14.63331,-6.60328],[14.65467,-6.57082],[14.64613,-6.56825],[14.63587,-6.57338],[14.62477,-6.57338],[14.61708,-6.57082],[14.61414,-6.53602],[14.60869,-6.51199],[14.61194,-6.48527],[14.59153,-6.41598],[14.57871,-6.38329],[14.57603,-6.36843],[14.57475,-6.33537],[14.59247,-6.30434],[14.60359,-6.29257],[14.61842,-6.26149],[14.61404,-6.24433],[14.59964,-6.24352],[14.58517,-6.24783],[14.57886,-6.24487],[14.54079,-6.24707]]]}},{"type":"Feature","properties":{"ISOCSUID":"AO146","LANDFORM":"LP","LITHOLOGY":"SC5","SOILS":"LPe","WRB":"Petric Plinthosols","DOMSOILS":"LP","CODE_WRB":"PT-pt"},"geometry":{"type":"Polygon","coordinates":[[[13.56732,-6.62581],[13.60383,-6.63489],[13.64484,-6.60926],[13.66022,-6.59388],[13.67047,-6.55288],[13.67047,-6.50161],[13.64224,-6.43026],[13.61752,-6.46971],[13.60251,-6.50416],[13.59583,-6.52397],[13.59372,-6.54615],[13.57684,-6.58912],[13.56732,-6.62581]]]}},{"type":"Feature","properties":{"ISOCSUID":"AO186","LANDFORM":"LP","LITHOLOGY":"SC2","SOILS":"ARh","WRB":"Hyperdystric Arenosols","DOMSOILS":"AR","CODE_WRB":"AR-dyh"},"geometry":{"type":"Polygon","coordinates":[[[16.15323,-6.93071],[16.1839,-6.9248],[16.21929,-6.90754],[16.24372,-6.88672],[16.27519,-6.85174],[16.32002,-6.80722],[16.3642,-6.76895],[16.43736,-6.7156],[16.47501,-6.69948],[16.49299,-6.6877],[16.55577,-6.62568],[16.57441,-6.60137],[16.59135,-6.57191],[16.59502,-6.54175],[16.56275,-6.53572],[16.5062,-6.53684],[16.46346,-6.54265],[16.43812,-6.53498],[16.42324,-6.51886],[16.39812,-6.48384],[16.39363,-6.46727],[16.38045,-6.4563],[16.36491,-6.451],[16.34118,-6.46156],[16.3266,-6.48134],[16.29677,-6.53399],[16.28397,-6.54638],[16.24341,-6.56701],[16.17765,-6.63406],[16.10756,-6.73068],[16.07652,-6.78103],[16.06883,-6.8026],[16.05743,-6.85205],[16.06977,-6.89438],[16.08982,-6.91457],[16.15323,-6.93071]]]}},{"type":"Feature","properties":{"ISOCSUID":"AO10","LANDFORM":"LV","LITHOLOGY":"UF","SOILS":"FLe","WRB":"Eutric Fluvisols","DOMSOILS":"FL","CODE_WRB":"FL-eu"},"geometry":{"type":"Polygon","coordinates":[[[13.01063,-6.7974],[13.01389,-6.78292],[13.01043,-6.75206],[12.9959,-6.73421],[12.99151,-6.7448],[12.98086,-6.75825],[12.97128,-6.77627],[12.92952,-6.81524],[12.92293,-6.82764],[12.91676,-6.84802],[12.89332,-6.86574],[12.88959,-6.87933],[12.88068,-6.89168],[12.87183,-6.90117],[12.83632,-6.91462],[12.8205,-6.91523],[12.80827,-6.93108],[12.79593,-6.94128],[12.79806,-6.94658],[12.81741,-6.96491],[12.8339,-6.94991],[12.86134,-6.93571],[12.87936,-6.93042],[12.91873,-6.92617],[12.94116,-6.93181],[12.95568,-6.92814],[12.97019,-6.92847],[12.96954,-6.89823],[12.93913,-6.88672],[12.92844,-6.87166],[12.92859,-6.86425],[12.95929,-6.82959],[13.01063,-6.7974]]]}},{"type":"Feature","properties":{"ISOCSUID":"AO151","LANDFORM":"LP","LITHOLOGY":"SC2","SOILS":"FRu","WRB":"Humic Ferralsols","DOMSOILS":"FR","CODE_WRB":"FR-hu"},"geometry":{"type":"Polygon","coordinates":[[[15.21886,-6.88868],[15.19387,-6.90142],[15.18741,-6.91102],[15.15939,-6.93568],[15.15459,-6.95043],[15.16237,-6.97734],[15.19772,-7.01835],[15.2233,-7.05579],[15.25822,-7.08538],[15.25559,-7.11385],[15.25747,-7.15151],[15.26292,-7.18067],[15.26677,-7.24973],[15.27233,-7.2692],[15.27827,-7.30693],[15.29149,-7.31453],[15.30728,-7.29879],[15.31246,-7.30172],[15.31741,-7.32403],[15.33429,-7.36705],[15.33863,-7.39335],[15.36063,-7.445],[15.36914,-7.45995],[15.38456,-7.47957],[15.4002,-7.47808],[15.40906,-7.46166],[15.41208,-7.4503],[15.41368,-7.40925],[15.41178,-7.37158],[15.40156,-7.35319],[15.39472,-7.29093],[15.40046,-7.24196],[15.39569,-7.20198],[15.39944,-7.17694],[15.38681,-7.16821],[15.36886,-7.17023],[15.36207,-7.15645],[15.36517,-7.13768],[15.36305,-7.11997],[15.35017,-7.08215],[15.33475,-7.0654],[15.32859,-7.04763],[15.34718,-7.03935],[15.3615,-7.05096],[15.3742,-7.05228],[15.38886,-7.03367],[15.40321,-7.043],[15.40889,-7.0522],[15.4255,-7.06612],[15.44506,-7.07495],[15.46468,-7.07751],[15.48552,-7.07494],[15.50177,-7.0689],[15.50591,-7.05983],[15.49387,-7.05055],[15.47719,-7.04347],[15.46509,-7.03931],[15.44661,-7.03848],[15.4288,-7.02797],[15.41969,-7.0153],[15.41189,-6.98839],[15.39063,-6.87123],[15.37399,-6.8613],[15.34265,-6.87453],[15.32414,-6.87711],[15.29478,-6.86814],[15.26808,-6.87858],[15.24616,-6.87597],[15.22143,-6.86649],[15.21886,-6.88868]]]}},{"type":"Feature","properties":{"ISOCSUID":"AO191","LANDFORM":"LP","LITHOLOGY":"UE","SOILS":"ARo","WRB":"Dystri-Ferralic Arenosols","DOMSOILS":"AR","CODE_WRB":"AR-fl-dy"},"geometry":{"type":"Polygon","coordinates":[[[19.99292,-6.99911],[19.98146,-7.0611],[19.97387,-7.17627],[19.9694,-7.21277],[19.96911,-7.27834],[19.96634,-7.30743],[19.97055,-7.34335],[19.96788,-7.39411],[19.95287,-7.40211],[19.92616,-7.38217],[19.91681,-7.36051],[19.91266,-7.33656],[19.91024,-7.30919],[19.9122,-7.22422],[19.9215,-7.09878],[19.91737,-7.07826],[19.9161,-7.0509],[19.9063,-6.99984],[19.83389,-6.99777],[19.76472,-6.99933],[19.76472,-7.0552],[19.77581,-7.09786],[19.79373,-7.12688],[19.81165,-7.16271],[19.78946,-7.22671],[19.77922,-7.31289],[19.78946,-7.43406],[19.75021,-7.54157],[19.75021,-7.57058],[19.76472,-7.63117],[19.77922,-7.67383],[19.82957,-7.77793],[19.84635,-7.83229],[19.84011,-7.86425],[19.83209,-7.8905],[19.82988,-7.91675],[19.84445,-7.93785],[19.86537,-7.95039],[19.87761,-7.96579],[19.9427,-8.00169],[19.95643,-7.96059],[19.94864,-7.90125],[19.94733,-7.86531],[19.92882,-7.73639],[19.92175,-7.70787],[19.91121,-7.6822],[19.87975,-7.63659],[19.87273,-7.61948],[19.87033,-7.59838],[19.8725,-7.56301],[19.8811,-7.54247],[19.89087,-7.52421],[19.90707,-7.52135],[19.94242,-7.53045],[19.97029,-7.54924],[19.98604,-7.57717],[20.01238,-7.63875],[20.04296,-7.73912],[20.05601,-7.80528],[20.05786,-7.82867],[20.07196,-7.87144],[20.08399,-7.96272],[20.08991,-7.98896],[20.08593,-8.00551],[20.05188,-8.01456],[20.04193,-7.99703],[20.03967,-7.99771],[20.03719,-8.00814],[20.03465,-8.02483],[20.05202,-8.07004],[20.07012,-8.1416],[20.06808,-8.1562],[20.05472,-8.16575],[20.06044,-8.17799],[20.07372,-8.19053],[20.0926,-8.18698],[20.10823,-8.18068],[20.1221,-8.16981],[20.18112,-8.1389],[20.20951,-8.13143],[20.2229,-8.14111],[20.22998,-8.16278],[20.24282,-8.17874],[20.26429,-8.17927],[20.32178,-8.18828],[20.33052,-8.19454],[20.33701,-8.21336],[20.33949,-8.24246],[20.33688,-8.29497],[20.31973,-8.34124],[20.31463,-8.36523],[20.31416,-8.3835],[20.32347,-8.38804],[20.35766,-8.37712],[20.37278,-8.38165],[20.38109,-8.4136],[20.38362,-8.44898],[20.37848,-8.46384],[20.35133,-8.48959],[20.33637,-8.51417],[20.34635,-8.53241],[20.35394,-8.54096],[20.4052,-8.56538],[20.42861,-8.5933],[20.44247,-8.67719],[20.43334,-8.70519],[20.42944,-8.73432],[20.40728,-8.82059],[20.3964,-8.8503],[20.37914,-8.88175],[20.36599,-8.92175],[20.36619,-8.95601],[20.36861,-8.97371],[20.36699,-8.99541],[20.38574,-9.01821],[20.4067,-9.01987],[20.43499,-9.01302],[20.4577,-8.98719],[20.47854,-8.97],[20.50107,-8.94482],[20.53039,-8.89049],[20.54053,-8.83679],[20.53516,-8.8151],[20.52575,-8.798],[20.51966,-8.75406],[20.48069,-8.65482],[20.46692,-8.58806],[20.46482,-8.52927],[20.47553,-8.47501],[20.48408,-8.44758],[20.48853,-8.41618],[20.4843,-8.38993],[20.45423,-8.31238],[20.45756,-8.28783],[20.47983,-8.22784],[20.48545,-8.19644],[20.43105,-8.0248],[20.44419,-7.99224],[20.47009,-7.95908],[20.49894,-7.93675],[20.53425,-7.92923],[20.55873,-7.94913],[20.56701,-7.97535],[20.56846,-8.02157],[20.56351,-8.06381],[20.56903,-8.11002],[20.5725,-8.19961],[20.56042,-8.30866],[20.55751,-8.39885],[20.55145,-8.45082],[20.55353,-8.50333],[20.54377,-8.5222],[20.52529,-8.53766],[20.52015,-8.55366],[20.55766,-8.6055],[20.59481,-8.68989],[20.60979,-8.75835],[20.61416,-8.80516],[20.61639,-8.87824],[20.58827,-8.93714],[20.56811,-8.96804],[20.56241,-8.9869],[20.55573,-9.03374],[20.56848,-9.11651],[20.56905,-9.13297],[20.57323,-9.13134],[20.5923,-9.1113],[20.62823,-9.0872],[20.65143,-9.07627],[20.6735,-9.06992],[20.70089,-9.07496],[20.73483,-9.10226],[20.77213,-9.11174],[20.76971,-9.09699],[20.77121,-9.06158],[20.76688,-9.02562],[20.77128,-8.98963],[20.78036,-8.95762],[20.78226,-8.89651],[20.79296,-8.84794],[20.79272,-8.81482],[20.80926,-8.76908],[20.81681,-8.68855],[20.81169,-8.62234],[20.81667,-8.58864],[20.80892,-8.5607],[20.8043,-8.48307],[20.78783,-8.3724],[20.78765,-8.34785],[20.7931,-8.29817],[20.80037,-8.25991],[20.81346,-8.22333],[20.82091,-8.21017],[20.86096,-8.21287],[20.86527,-8.24539],[20.85819,-8.30877],[20.85921,-8.36813],[20.8661,-8.43717],[20.87152,-8.4634],[20.9091,-8.51805],[20.91568,-8.54314],[20.92751,-8.57164],[20.94545,-8.63779],[20.95371,-8.65431],[20.95164,-8.68857],[20.95214,-8.75309],[20.94888,-8.78279],[20.95138,-8.80619],[20.95743,-8.83643],[20.9693,-8.86721],[20.98991,-8.90024],[20.99704,-8.91962],[21.00309,-8.94986],[21.00505,-8.97726],[21.0104,-8.99094],[21.01474,-9.02575],[21.01246,-9.03205],[20.99789,-9.02811],[20.97853,-9.00764],[20.9669,-9.00826],[20.96111,-9.01228],[20.95543,-9.03001],[20.95443,-9.05114],[20.95953,-9.1088],[20.95861,-9.14078],[20.95362,-9.17279],[20.95155,-9.20649],[20.93943,-9.22139],[20.91787,-9.21805],[20.90606,-9.19697],[20.8952,-9.14619],[20.87821,-8.9738],[20.88166,-8.89099],[20.88731,-8.86755],[20.89277,-8.82071],[20.89197,-8.79102],[20.89412,-8.7676],[20.89048,-8.74764],[20.88275,-8.72426],[20.85552,-8.73636],[20.85459,-8.76776],[20.84755,-8.83859],[20.84562,-8.89341],[20.83043,-8.96371],[20.82449,-9.02655],[20.827,-9.05166],[20.82384,-9.09793],[20.85798,-9.22972],[20.86228,-9.25883],[20.86886,-9.28336],[20.87135,-9.30505],[20.86862,-9.32905],[20.87124,-9.36845],[20.89019,-9.42683],[20.97606,-9.43998],[20.99364,-9.45247],[21.01411,-9.46266],[21.03465,-9.48084],[21.05564,-9.48994],[21.07265,-9.42412],[21.08372,-9.35153],[21.08408,-9.32469],[21.08908,-9.29497],[21.08933,-9.25441],[21.09604,-9.22069],[21.09927,-9.18755],[21.09781,-9.15215],[21.0847,-9.11395],[21.0886,-9.02142],[21.09541,-8.99969],[21.09383,-8.94887],[21.08545,-8.91979],[21.08442,-8.8644],[21.0768,-8.78565],[21.07241,-8.74627],[21.06146,-8.68523],[21.06064,-8.65612],[21.05071,-8.57681],[21.02744,-8.49984],[21.00147,-8.44573],[20.99664,-8.42235],[20.97226,-8.34882],[20.95942,-8.26326],[20.9568,-8.22503],[20.95943,-8.1902],[20.95794,-8.14626],[20.96275,-8.09317],[20.97,-8.05547],[21.03566,-7.85261],[21.09904,-7.59331],[21.12104,-7.52248],[21.13389,-7.46595],[21.13677,-7.39407],[21.1395,-7.3741],[21.13985,-7.27889],[20.9725,-7.27783],[20.88269,-7.28014],[20.87909,-7.292],[20.88775,-7.36782],[20.8905,-7.42655],[20.89476,-7.45447],[20.89148,-7.48015],[20.88474,-7.50756],[20.85435,-7.54875],[20.82551,-7.56312],[20.81672,-7.54775],[20.81428,-7.53065],[20.81171,-7.41545],[20.8007,-7.33166],[20.80051,-7.30486],[20.79224,-7.28049],[20.59726,-7.28123],[20.57892,-7.30105],[20.56926,-7.32788],[20.53785,-7.39356],[20.52465,-7.41128],[20.50085,-7.39994],[20.49325,-7.38684],[20.49195,-7.36346],[20.4974,-7.3087],[20.50301,-7.28018],[20.50287,-7.2568],[20.51529,-7.20715],[20.52124,-7.141],[20.52684,-7.11191],[20.54901,-7.05141],[20.57411,-7.00003],[20.58662,-6.96864],[20.58762,-6.94412],[20.60079,-6.91302],[20.55244,-6.91233],[20.53376,-6.91453],[20.4268,-6.91138],[20.39255,-6.91353],[20.317,-6.913],[20.31414,-6.92063],[20.31552,-6.9325],[20.30984,-6.9387],[20.31205,-6.95454],[20.30888,-6.97177],[20.30149,-6.98079],[20.30372,-6.98899],[20.30171,-6.99803],[19.99292,-6.99911]]]}},{"type":"Feature","properties":{"ISOCSUID":"AO192","LANDFORM":"CV","LITHOLOGY":"MA2","SOILS":"FRr","WRB":"Rhodic Ferralsols","DOMSOILS":"FR","CODE_WRB":"FR-ro"},"geometry":{"type":"Polygon","coordinates":[[[20.60079,-6.91302],[20.58762,-6.94412],[20.58662,-6.96864],[20.57411,-7.00003],[20.54901,-7.05141],[20.52684,-7.11191],[20.52124,-7.141],[20.51529,-7.20715],[20.50287,-7.2568],[20.50301,-7.28018],[20.4974,-7.3087],[20.49195,-7.36346],[20.49325,-7.38684],[20.50085,-7.39994],[20.52465,-7.41128],[20.53785,-7.39356],[20.56926,-7.32788],[20.57892,-7.30105],[20.59726,-7.28123],[20.54168,-7.28143],[20.53622,-7.2193],[20.54105,-7.20585],[20.54067,-7.18674],[20.5451,-7.16055],[20.54361,-7.14408],[20.55158,-7.11265],[20.56734,-7.08884],[20.57526,-7.06958],[20.58008,-7.03565],[20.58951,-7.006],[20.59633,-6.99742],[20.60852,-6.99164],[20.61136,-6.98854],[20.61365,-6.97837],[20.61847,-6.97556],[20.62144,-6.92864],[20.62715,-6.9134],[20.60079,-6.91302]]]}},{"type":"Feature","properties":{"ISOCSUID":"AO20","LANDFORM":"LL","LITHOLOGY":"SC2","SOILS":"ARo","WRB":"Ferralic Arenosols","DOMSOILS":"AR","CODE_WRB":"AR-fl"},"geometry":{"type":"Polygon","coordinates":[[[12.92509,-6.92777],[12.91873,-6.92617],[12.87936,-6.93042],[12.86134,-6.93571],[12.8339,-6.94991],[12.81741,-6.96491],[12.83302,-7.0137],[12.82957,-7.02403],[12.83232,-7.04632],[12.84751,-7.10056],[12.84819,-7.11894],[12.84451,-7.12881],[12.84267,-7.15615],[12.84796,-7.17844],[12.84773,-7.19659],[12.85509,-7.22393],[12.85071,-7.24759],[12.85508,-7.27079],[12.86157,-7.2801],[12.90839,-7.22439],[12.93402,-7.17313],[12.94257,-7.01935],[12.92509,-6.92777]]]}},{"type":"Feature","properties":{"ISOCSUID":"AO23","LANDFORM":"LL","LITHOLOGY":"SC2","SOILS":"LXh","WRB":"Areni-Ferric Lixisols","DOMSOILS":"LX","CODE_WRB":"LX-fr-ar"},"geometry":{"type":"Polygon","coordinates":[[[12.97019,-6.92847],[12.95568,-6.92814],[12.94116,-6.93181],[12.92509,-6.92777],[12.94257,-7.01935],[12.93402,-7.17313],[12.90839,-7.22439],[12.86157,-7.2801],[12.89743,-7.31675],[12.91538,-7.35007],[12.92735,-7.39877],[12.93989,-7.42982],[12.94369,-7.45045],[12.95175,-7.46102],[12.95797,-7.48467],[12.96441,-7.49249],[12.96718,-7.51017],[12.97339,-7.52877],[13.00977,-7.5862],[13.00678,-7.60709],[13.02705,-7.63121],[13.0411,-7.67438],[13.05699,-7.70377],[13.06298,-7.72605],[13.06252,-7.73293],[13.07289,-7.75911],[13.08141,-7.7699],[13.08994,-7.78643],[13.10606,-7.80595],[13.11574,-7.83603],[13.11482,-7.84842],[13.12312,-7.86954],[13.15238,-7.90972],[13.15916,-7.9226],[13.17187,-7.90208],[13.18336,-7.87607],[13.18149,-7.85149],[13.17548,-7.83139],[13.12957,-7.74423],[13.11436,-7.68969],[13.09974,-7.66597],[13.08388,-7.64623],[13.07134,-7.63568],[13.05182,-7.62612],[13.04254,-7.62706],[13.02189,-7.61633],[13.02688,-7.59761],[13.04678,-7.58607],[13.03365,-7.54528],[13.03077,-7.51383],[13.03724,-7.47746],[13.04243,-7.41711],[13.03726,-7.38448],[13.00837,-7.32052],[12.98049,-7.23492],[12.97609,-7.16182],[12.96231,-7.09593],[12.98385,-7.08786],[13.00587,-7.07343],[13.0099,-7.05593],[13.00084,-7.04547],[12.99533,-7.03166],[12.9754,-6.95481],[12.96872,-6.94098],[12.97019,-6.92847]]]}},{"type":"Feature","properties":{"ISOCSUID":"AO32","LANDFORM":"SH","LITHOLOGY":"MA2","SOILS":"LVx","WRB":"Chromic Luvisols","DOMSOILS":"LV","CODE_WRB":"LV-cr"},"geometry":{"type":"Polygon","coordinates":[[[12.97019,-6.92847],[12.96872,-6.94098],[12.9754,-6.95481],[12.99533,-7.03166],[13.00084,-7.04547],[13.0099,-7.05593],[13.00587,-7.07343],[13.01078,-7.07021],[13.0191,-7.05842],[13.04843,-7.06648],[13.04865,-7.08587],[13.04221,-7.12051],[13.03988,-7.18319],[13.05305,-7.22113],[13.0611,-7.25438],[13.08696,-7.29488],[13.11271,-7.34164],[13.14215,-7.40788],[13.15905,-7.43335],[13.17943,-7.45832],[13.19458,-7.48432],[13.20103,-7.51184],[13.20232,-7.5364],[13.21218,-7.56685],[13.21119,-7.58965],[13.23529,-7.63353],[13.30917,-7.68074],[13.35963,-7.70977],[13.39543,-7.74932],[13.41297,-7.77365],[13.46007,-7.79745],[13.48293,-7.81618],[13.51449,-7.86819],[13.5582,-7.92216],[13.61354,-8.00945],[13.69015,-8.14512],[13.71956,-8.1908],[13.75156,-8.2565],[13.77474,-8.29407],[13.80458,-8.35117],[13.86154,-8.52755],[13.86911,-8.56252],[13.87201,-8.59912],[13.90823,-8.73286],[13.90941,-8.7679],[13.92668,-8.7789],[13.98349,-8.8268],[14.04058,-8.89526],[14.07893,-8.93538],[14.10251,-8.95295],[14.12769,-8.98026],[14.15548,-9.0276],[14.17726,-9.12738],[14.1778,-9.16851],[14.19814,-9.21001],[14.24335,-9.2628],[14.29362,-9.28997],[14.3251,-9.32766],[14.36033,-9.38883],[14.38889,-9.42875],[14.4099,-9.46682],[14.41937,-9.49726],[14.43412,-9.52551],[14.4962,-9.6294],[14.51219,-9.72158],[14.55711,-9.7367],[14.58761,-9.76692],[14.60015,-9.78827],[14.6283,-9.82016],[14.64111,-9.82209],[14.67033,-9.81857],[14.68206,-9.8142],[14.70257,-9.81831],[14.71819,-9.8165],[14.74104,-9.80945],[14.80516,-9.81391],[14.82666,-9.82054],[14.85527,-9.81871],[14.87234,-9.80642],[14.8742,-9.79845],[14.8545,-9.78785],[14.82721,-9.77771],[14.82962,-9.77203],[14.88036,-9.77227],[14.92979,-9.78447],[14.96326,-9.81413],[14.99047,-9.83112],[15.01987,-9.83314],[15.01388,-9.82462],[15.02703,-9.79912],[15.06679,-9.79173],[15.09734,-9.77391],[15.11273,-9.75472],[15.13336,-9.73674],[15.15683,-9.7251],[15.19139,-9.71247],[15.2457,-9.70584],[15.27026,-9.69992],[15.28814,-9.71732],[15.33403,-9.73397],[15.3445,-9.73641],[15.36851,-9.72761],[15.38685,-9.70388],[15.40233,-9.67496],[15.43237,-9.64739],[15.44831,-9.62933],[15.44746,-9.59962],[15.4355,-9.57431],[15.41763,-9.55578],[15.39274,-9.54001],[15.37116,-9.54085],[15.34265,-9.53644],[15.29427,-9.53689],[15.27806,-9.52751],[15.24402,-9.52119],[15.20477,-9.49986],[15.17064,-9.47341],[15.13822,-9.43927],[15.01957,-9.36028],[14.97157,-9.37953],[14.92019,-9.38901],[14.86945,-9.39335],[14.83751,-9.38541],[14.76035,-9.36018],[14.72896,-9.35567],[14.69341,-9.3568],[14.6504,-9.3498],[14.63154,-9.32321],[14.6424,-9.29484],[14.66469,-9.28321],[14.69622,-9.27745],[14.72944,-9.27514],[14.74247,-9.25879],[14.74158,-9.23764],[14.72133,-9.18419],[14.68867,-9.14424],[14.68014,-9.08584],[14.67186,-9.05258],[14.65172,-9.03568],[14.63121,-9.00336],[14.63675,-8.98061],[14.67368,-8.96009],[14.68433,-8.94656],[14.74519,-8.919],[14.79266,-8.89179],[14.82831,-8.87866],[14.85116,-8.86532],[14.87255,-8.82911],[14.86472,-8.805],[14.82759,-8.7987],[14.78384,-8.80941],[14.70312,-8.80239],[14.66898,-8.78983],[14.62856,-8.76917],[14.54339,-8.74832],[14.50998,-8.72605],[14.48734,-8.68227],[14.48081,-8.65075],[14.45665,-8.59152],[14.42199,-8.53668],[14.41473,-8.47546],[14.43093,-8.43863],[14.4468,-8.42521],[14.46825,-8.42786],[14.56064,-8.42373],[14.59835,-8.42608],[14.62442,-8.43052],[14.66564,-8.43177],[14.68773,-8.42986],[14.70595,-8.4136],[14.70287,-8.38272],[14.67952,-8.34923],[14.63325,-8.33647],[14.52383,-8.31464],[14.46626,-8.28054],[14.42468,-8.26555],[14.36192,-8.23077],[14.32617,-8.17477],[14.30372,-8.123],[14.22623,-7.98862],[14.18902,-7.95713],[14.15282,-7.93478],[14.12626,-7.92802],[14.10333,-7.94871],[14.06768,-7.96745],[14.03011,-7.9599],[13.96743,-7.88967],[13.9237,-7.83234],[13.88892,-7.79686],[13.86122,-7.75353],[13.83866,-7.67892],[13.83789,-7.65494],[13.85199,-7.60672],[13.86869,-7.57623],[13.8754,-7.55525],[13.83137,-7.4848],[13.79388,-7.44072],[13.76569,-7.3951],[13.72328,-7.34977],[13.69007,-7.34855],[13.66987,-7.34529],[13.6051,-7.34342],[13.5168,-7.32965],[13.49247,-7.33143],[13.46364,-7.3257],[13.44351,-7.31844],[13.42001,-7.30598],[13.39713,-7.29124],[13.37378,-7.27022],[13.35302,-7.26636],[13.33308,-7.2494],[13.31849,-7.224],[13.2968,-7.20757],[13.26217,-7.17148],[13.2365,-7.15211],[13.22352,-7.13472],[13.20929,-7.12187],[13.19154,-7.11237],[13.18317,-7.09622],[13.15739,-7.08311],[13.14733,-7.06408],[13.11621,-7.02748],[13.10279,-7.00324],[13.04521,-6.96092],[13.02064,-6.94612],[12.99776,-6.93364],[12.97019,-6.92847]]]}},{"type":"Feature","properties":{"ISOCSUID":"AO184","LANDFORM":"LP","LITHOLOGY":"UE","SOILS":"ARh","WRB":"Hyperdystric Arenosols","DOMSOILS":"AR","CODE_WRB":"AR-dyh"},"geometry":{"type":"Polygon","coordinates":[[[16.93888,-6.99877],[16.89678,-7.0354],[16.88107,-7.05236],[16.87581,-7.06314],[16.86684,-7.11209],[16.86663,-7.14801],[16.87551,-7.21024],[16.87196,-7.22332],[16.85499,-7.25567],[16.83757,-7.26691],[16.81735,-7.26273],[16.77064,-7.24175],[16.7458,-7.23638],[16.71458,-7.23493],[16.6526,-7.24858],[16.62767,-7.25745],[16.60509,-7.26178],[16.51958,-7.24778],[16.43558,-7.26685],[16.4123,-7.28485],[16.36795,-7.33512],[16.35449,-7.3555],[16.34564,-7.37765],[16.35259,-7.45187],[16.36805,-7.47371],[16.39565,-7.4974],[16.45923,-7.51063],[16.5274,-7.53075],[16.547,-7.54122],[16.59552,-7.55826],[16.68569,-7.58084],[16.74389,-7.62477],[16.75942,-7.64146],[16.76565,-7.6632],[16.78807,-7.69023],[16.80455,-7.74116],[16.79802,-7.76677],[16.82264,-7.81493],[16.84107,-7.83223],[16.86127,-7.84668],[16.89081,-7.8498],[16.93938,-7.86908],[16.9896,-7.90434],[17.00631,-7.92217],[17.01839,-7.9394],[17.01421,-7.96219],[17.0285,-7.9994],[17.04117,-8.01549],[17.06082,-8.02708],[17.06534,-8.04937],[17.07687,-8.0626],[17.06048,-8.08985],[17.04647,-8.10685],[17.07191,-8.12191],[17.09566,-8.12896],[17.10544,-8.14445],[17.1056,-8.22436],[17.18515,-8.33062],[17.24723,-8.33797],[17.27574,-8.32336],[17.29091,-8.30578],[17.30735,-8.26596],[17.32137,-8.24552],[17.39238,-8.19355],[17.39649,-8.18388],[17.38083,-8.18091],[17.36992,-8.15572],[17.37827,-8.1027],[17.38026,-8.04451],[17.38902,-8.02917],[17.40008,-8.02126],[17.4256,-8.01746],[17.44884,-8.00736],[17.46745,-7.99323],[17.47619,-7.98302],[17.48995,-7.95396],[17.48441,-7.95054],[17.47249,-7.96162],[17.46833,-7.95958],[17.46762,-7.95591],[17.4717,-7.94487],[17.46181,-7.94584],[17.45811,-7.94402],[17.45184,-7.9351],[17.44236,-7.92735],[17.44388,-7.9115],[17.45415,-7.89331],[17.45501,-7.88344],[17.44551,-7.8727],[17.43331,-7.87436],[17.42476,-7.86959],[17.4222,-7.86501],[17.42401,-7.85811],[17.43131,-7.84545],[17.42758,-7.83766],[17.42021,-7.83724],[17.40527,-7.84306],[17.40296,-7.84169],[17.40269,-7.83503],[17.40912,-7.83087],[17.41163,-7.82672],[17.41092,-7.8226],[17.40353,-7.81919],[17.39181,-7.82338],[17.38672,-7.82088],[17.38553,-7.81354],[17.39099,-7.79997],[17.38841,-7.79241],[17.37871,-7.78603],[17.35127,-7.78134],[17.34412,-7.77816],[17.32953,-7.76263],[17.32144,-7.75853],[17.32024,-7.74936],[17.32871,-7.73921],[17.33112,-7.71693],[17.32697,-7.71603],[17.3233,-7.71811],[17.31984,-7.71629],[17.31745,-7.70092],[17.31445,-7.70002],[17.30641,-7.70327],[17.30016,-7.69711],[17.29231,-7.6937],[17.29091,-7.68957],[17.29984,-7.67989],[17.29879,-7.6567],[17.30035,-7.64705],[17.30629,-7.63691],[17.30118,-7.62867],[17.29608,-7.62319],[17.27994,-7.61776],[17.27391,-7.61136],[17.26631,-7.6091],[17.2589,-7.60247],[17.25521,-7.60134],[17.24993,-7.60344],[17.24506,-7.5968],[17.23746,-7.59592],[17.23349,-7.58606],[17.22055,-7.57809],[17.21754,-7.57374],[17.2154,-7.56066],[17.2061,-7.54302],[17.19986,-7.53892],[17.19798,-7.53296],[17.20524,-7.51225],[17.19988,-7.49942],[17.18694,-7.48984],[17.17473,-7.48783],[17.16665,-7.48373],[17.15625,-7.47506],[17.15366,-7.46404],[17.16508,-7.44909],[17.12578,-7.46111],[17.10092,-7.45633],[17.08124,-7.45616],[17.06668,-7.47258],[17.0357,-7.52935],[17.02976,-7.55611],[17.01924,-7.57427],[17.00571,-7.61237],[16.94406,-7.65916],[16.89882,-7.67073],[16.87332,-7.67278],[16.79868,-7.66124],[16.76581,-7.63867],[16.75373,-7.62544],[16.74112,-7.60592],[16.72744,-7.57156],[16.71654,-7.55548],[16.70742,-7.53428],[16.69192,-7.51474],[16.68005,-7.47127],[16.65936,-7.44882],[16.64908,-7.42875],[16.58282,-7.38645],[16.55979,-7.3691],[16.5623,-7.34232],[16.58027,-7.33623],[16.60454,-7.34104],[16.62529,-7.35209],[16.64944,-7.37458],[16.67249,-7.38906],[16.70292,-7.4253],[16.72754,-7.46603],[16.74534,-7.48845],[16.76469,-7.54112],[16.79274,-7.59158],[16.80596,-7.60768],[16.82555,-7.62441],[16.84517,-7.636],[16.8736,-7.62657],[16.91766,-7.61785],[16.95248,-7.60562],[16.96992,-7.59379],[16.9886,-7.56544],[16.99744,-7.53871],[16.99994,-7.50622],[17.01056,-7.4681],[17.01936,-7.44764],[17.03161,-7.43007],[17.04904,-7.41767],[17.0886,-7.39804],[17.07526,-7.38368],[17.03826,-7.37709],[17.01056,-7.36372],[16.99615,-7.3539],[16.98755,-7.34071],[16.97844,-7.31439],[16.98946,-7.27814],[17.00036,-7.28687],[17.00283,-7.28658],[17.00395,-7.2633],[16.9886,-7.23075],[16.98027,-7.22206],[16.95834,-7.20975],[16.95371,-7.20334],[16.95479,-7.18864],[16.96853,-7.17571],[16.97035,-7.17019],[16.96893,-7.16353],[16.95369,-7.15257],[16.95043,-7.14431],[16.9508,-7.12616],[16.94824,-7.1202],[16.94038,-7.11311],[16.9336,-7.09132],[16.92805,-7.08422],[16.92889,-7.06859],[16.93897,-7.06073],[16.94335,-7.0614],[16.94894,-7.07517],[16.95263,-7.07791],[16.96001,-7.07971],[16.96803,-7.07439],[16.97054,-7.06909],[16.96931,-7.05255],[16.97154,-7.04313],[16.98222,-7.02434],[16.98011,-7.00953],[16.96741,-6.98414],[16.94414,-6.97568],[16.93888,-6.99877]]]}},{"type":"Feature","properties":{"ISOCSUID":"AO192","LANDFORM":"CV","LITHOLOGY":"MA2","SOILS":"FRr","WRB":"Rhodic Ferralsols","DOMSOILS":"FR","CODE_WRB":"FR-ro"},"geometry":{"type":"Polygon","coordinates":[[[19.9063,-6.99984],[19.9161,-7.0509],[19.91737,-7.07826],[19.9215,-7.09878],[19.9122,-7.22422],[19.91024,-7.30919],[19.91266,-7.33656],[19.91681,-7.36051],[19.92616,-7.38217],[19.95287,-7.40211],[19.96788,-7.39411],[19.97055,-7.34335],[19.96634,-7.30743],[19.96911,-7.27834],[19.9694,-7.21277],[19.97387,-7.17627],[19.98146,-7.0611],[19.99292,-6.99911],[19.9063,-6.99984]]]}},{"type":"Feature","properties":{"ISOCSUID":"AO189","LANDFORM":"LP","LITHOLOGY":"UE","SOILS":"ARl","WRB":"Ferrali-Hypoluvic Arenosols","DOMSOILS":"AR","CODE_WRB":"AR-lvw-fl"},"geometry":{"type":"Polygon","coordinates":[[[19.58981,-6.99981],[19.61795,-7.03387],[19.63246,-7.06203],[19.66147,-7.07995],[19.6828,-7.10213],[19.69646,-7.12688],[19.70414,-7.19855],[19.71864,-7.23439],[19.72888,-7.27705],[19.72205,-7.29839],[19.70414,-7.30521],[19.67854,-7.28047],[19.66147,-7.22671],[19.64697,-7.20196],[19.62137,-7.16954],[19.59321,-7.14479],[19.55737,-7.12688],[19.52217,-7.113],[19.50848,-7.13698],[19.50344,-7.17003],[19.49557,-7.17779],[19.50241,-7.18978],[19.50097,-7.19965],[19.50505,-7.20909],[19.50383,-7.22034],[19.49963,-7.2295],[19.50283,-7.23366],[19.50088,-7.25202],[19.49269,-7.27402],[19.49515,-7.2869],[19.49214,-7.28987],[19.49257,-7.29492],[19.48838,-7.30225],[19.49203,-7.30801],[19.48716,-7.3135],[19.49009,-7.32339],[19.49649,-7.33078],[19.49533,-7.3333],[19.49825,-7.34061],[19.50103,-7.34161],[19.50348,-7.3554],[19.49442,-7.36798],[19.51487,-7.40764],[19.52097,-7.4246],[19.53289,-7.43158],[19.53172,-7.43504],[19.5267,-7.43617],[19.52628,-7.44464],[19.53745,-7.4493],[19.54474,-7.45703],[19.5493,-7.4736],[19.54161,-7.46857],[19.53659,-7.46855],[19.52191,-7.47387],[19.51181,-7.48922],[19.48282,-7.50669],[19.49387,-7.53302],[19.48263,-7.54529],[19.48373,-7.55646],[19.47366,-7.5668],[19.46206,-7.5706],[19.38123,-7.56871],[19.37985,-7.57717],[19.36863,-7.58289],[19.37769,-7.61686],[19.38465,-7.62792],[19.38689,-7.63689],[19.39786,-7.65097],[19.39892,-7.66567],[19.40139,-7.67464],[19.40688,-7.68202],[19.40929,-7.70087],[19.40233,-7.70886],[19.40092,-7.7139],[19.39734,-7.73569],[19.38983,-7.75814],[19.39137,-7.76871],[19.38628,-7.77395],[19.38668,-7.78268],[19.36163,-7.8119],[19.36439,-7.86126],[19.35492,-7.86675],[19.35597,-7.87921],[19.34789,-7.88416],[19.34646,-7.89467],[19.3431,-7.89936],[19.34586,-7.90436],[19.35389,-7.90827],[19.35665,-7.91271],[19.35792,-7.93845],[19.37435,-7.99028],[19.3744,-8.0],[18.8002,-8.0],[18.79998,-7.9934],[18.78575,-7.96917],[18.77951,-7.96669],[18.77811,-7.96371],[18.77901,-7.96026],[18.78337,-7.95748],[18.77951,-7.92158],[18.66446,-7.92104],[18.67693,-7.94199],[18.69259,-7.98712],[18.69955,-8.04592],[18.6955,-8.05846],[18.68332,-8.06755],[18.64156,-8.06856],[18.62126,-8.06335],[18.56733,-8.05631],[18.54471,-8.0665],[18.53426,-8.09328],[18.53425,-8.10755],[18.54526,-8.13613],[18.55917,-8.16072],[18.58527,-8.19448],[18.65722,-8.24553],[18.67288,-8.25985],[18.68449,-8.27872],[18.7408,-8.34854],[18.75997,-8.36115],[18.82037,-8.42697],[18.82909,-8.43099],[18.85581,-8.45675],[18.90289,-8.50939],[18.91921,-8.56937],[18.93205,-8.6362],[18.93206,-8.64762],[18.94663,-8.69561],[18.95422,-8.7316],[18.96704,-8.75846],[18.9973,-8.78765],[19.01532,-8.79226],[19.045,-8.81402],[19.116,-8.85926],[19.14221,-8.88786],[19.18365,-8.97415],[19.22514,-9.07072],[19.24905,-9.09988],[19.28183,-9.19129],[19.2941,-9.21415],[19.29998,-9.23872],[19.32225,-9.30499],[19.33523,-9.37925],[19.34519,-9.40325],[19.36104,-9.45696],[19.36344,-9.48666],[19.36172,-9.49751],[19.32636,-9.58144],[19.29325,-9.63852],[19.28107,-9.66706],[19.27123,-9.70246],[19.26662,-9.73045],[19.26024,-9.74586],[19.2341,-9.80066],[19.21547,-9.81065],[19.22017,-9.83949],[19.2075,-9.93201],[19.19415,-9.97198],[19.17156,-10.07077],[19.17056,-10.16789],[19.18585,-10.23075],[19.20756,-10.28335],[19.22755,-10.34622],[19.2487,-10.40224],[19.31279,-10.50849],[19.35572,-10.42693],[19.36739,-10.41723],[19.39429,-10.42354],[19.40483,-10.43097],[19.41305,-10.44298],[19.42241,-10.4487],[19.43935,-10.44357],[19.4557,-10.43501],[19.47505,-10.41825],[19.46848,-10.40646],[19.46612,-10.39503],[19.4619,-10.34932],[19.46411,-10.3019],[19.46101,-10.23563],[19.45745,-10.21563],[19.45618,-10.17679],[19.44496,-10.12822],[19.45012,-10.09452],[19.45001,-10.05167],[19.44061,-10.0271],[19.42536,-10.00195],[19.39421,-9.91624],[19.39235,-9.8694],[19.39404,-9.84769],[19.40214,-9.81971],[19.40324,-9.79115],[19.4102,-9.77401],[19.42289,-9.71805],[19.42225,-9.69805],[19.41636,-9.67349],[19.41391,-9.62836],[19.40339,-9.61635],[19.39,-9.62548],[19.38478,-9.63519],[19.36807,-9.71857],[19.36816,-9.75684],[19.36129,-9.81281],[19.34972,-9.85279],[19.34157,-9.86306],[19.33339,-9.85563],[19.32226,-9.83619],[19.3152,-9.80762],[19.31455,-9.78078],[19.31853,-9.73222],[19.32081,-9.70995],[19.32775,-9.68482],[19.34744,-9.62544],[19.36188,-9.56662],[19.37115,-9.54264],[19.39783,-9.48898],[19.41176,-9.46957],[19.42922,-9.46102],[19.43859,-9.48044],[19.44521,-9.55813],[19.44181,-9.59468],[19.44147,-9.68779],[19.44449,-9.72892],[19.45042,-9.76719],[19.44997,-9.81632],[19.46236,-9.86774],[19.46072,-9.90772],[19.4749,-9.97228],[19.47966,-10.00656],[19.4879,-10.02999],[19.50881,-9.99344],[19.52212,-9.95346],[19.52668,-9.91576],[19.5294,-9.84607],[19.52033,-9.73582],[19.51023,-9.67126],[19.49724,-9.61528],[19.49241,-9.55416],[19.50276,-9.50276],[19.51262,-9.48677],[19.52715,-9.47535],[19.55567,-9.46394],[19.57839,-9.46109],[19.59762,-9.46395],[19.63266,-9.48795],[19.67125,-9.52451],[19.70928,-9.56734],[19.735,-9.58961],[19.7537,-9.6016],[19.77996,-9.60845],[19.81619,-9.63014],[19.89446,-9.66722],[19.97223,-9.71741],[20.03304,-9.75162],[20.07272,-9.75499],[20.10535,-9.74866],[20.12922,-9.73949],[20.17982,-9.71256],[20.20132,-9.69824],[20.2315,-9.67077],[20.24193,-9.65818],[20.26287,-9.64957],[20.29435,-9.64722],[20.31829,-9.6546],[20.33876,-9.66655],[20.33543,-9.69512],[20.3234,-9.73456],[20.2963,-9.79117],[20.27482,-9.80949],[20.25685,-9.83066],[20.21909,-9.86215],[20.18823,-9.8742],[20.05726,-9.94181],[20.03927,-9.96297],[20.01786,-10.00413],[20.01039,-10.03041],[20.00585,-10.05898],[20.03299,-10.12008],[20.0453,-10.13091],[20.08569,-10.14971],[20.11607,-10.15252],[20.16393,-10.14788],[20.22978,-10.11977],[20.30904,-10.09105],[20.38423,-10.06803],[20.41156,-10.04854],[20.46101,-10.02042],[20.49006,-9.99692],[20.54878,-9.95905],[20.57315,-9.93727],[20.61382,-9.90973],[20.64224,-9.88393],[20.65787,-9.86503],[20.667,-9.83358],[20.67315,-9.8222],[20.66213,-9.80446],[20.65004,-9.73995],[20.63578,-9.70058],[20.63439,-9.66689],[20.63892,-9.64631],[20.65153,-9.61485],[20.69827,-9.54444],[20.74314,-9.45918],[20.76157,-9.42884],[20.78374,-9.35108],[20.78045,-9.29798],[20.78078,-9.26257],[20.78462,-9.22886],[20.77485,-9.16436],[20.77458,-9.12667],[20.77213,-9.11174],[20.73483,-9.10226],[20.70089,-9.07496],[20.6735,-9.06992],[20.65143,-9.07627],[20.62823,-9.0872],[20.5923,-9.1113],[20.57323,-9.13134],[20.56905,-9.13297],[20.57335,-9.15019],[20.56766,-9.17019],[20.54677,-9.18167],[20.54511,-9.19482],[20.54952,-9.24849],[20.55548,-9.27017],[20.54047,-9.29077],[20.51783,-9.30112],[20.50499,-9.29773],[20.49791,-9.28233],[20.49427,-9.25835],[20.4959,-9.24007],[20.48435,-9.16015],[20.47371,-9.1322],[20.45857,-9.13224],[20.43419,-9.14201],[20.42493,-9.15231],[20.40492,-9.21347],[20.39813,-9.24832],[20.38985,-9.32601],[20.38838,-9.37456],[20.39814,-9.44993],[20.39946,-9.47677],[20.3927,-9.51563],[20.38184,-9.55221],[20.36801,-9.58137],[20.33139,-9.59916],[20.31331,-9.59749],[20.30804,-9.5935],[20.2998,-9.57981],[20.3006,-9.51241],[20.31997,-9.43184],[20.33287,-9.34271],[20.32791,-9.2896],[20.32828,-9.25191],[20.32053,-9.2188],[20.318,-9.1834],[20.31784,-9.1537],[20.32409,-9.12628],[20.33964,-9.09769],[20.38126,-9.04905],[20.42649,-9.02268],[20.43499,-9.01302],[20.4067,-9.01987],[20.38574,-9.01821],[20.36699,-8.99541],[20.36861,-8.97371],[20.36619,-8.95601],[20.36599,-8.92175],[20.37914,-8.88175],[20.3964,-8.8503],[20.40728,-8.82059],[20.42944,-8.73432],[20.43334,-8.70519],[20.44247,-8.67719],[20.42861,-8.5933],[20.4052,-8.56538],[20.35394,-8.54096],[20.34635,-8.53241],[20.33637,-8.51417],[20.35133,-8.48959],[20.37848,-8.46384],[20.38362,-8.44898],[20.38109,-8.4136],[20.37278,-8.38165],[20.35766,-8.37712],[20.32347,-8.38804],[20.31416,-8.3835],[20.31463,-8.36523],[20.31973,-8.34124],[20.33688,-8.29497],[20.33949,-8.24246],[20.33701,-8.21336],[20.33052,-8.19454],[20.32178,-8.18828],[20.26429,-8.17927],[20.24282,-8.17874],[20.22998,-8.16278],[20.2229,-8.14111],[20.20951,-8.13143],[20.18112,-8.1389],[20.1221,-8.16981],[20.10823,-8.18068],[20.0926,-8.18698],[20.07372,-8.19053],[20.06044,-8.17799],[20.04423,-8.14082],[20.02611,-8.11173],[19.99524,-8.08266],[19.97489,-8.07013],[19.96258,-8.04161],[19.9602,-8.04143],[19.95103,-8.02688],[19.9487,-8.01456],[19.9427,-8.00169],[19.87761,-7.96579],[19.86537,-7.95039],[19.84445,-7.93785],[19.82988,-7.91675],[19.83209,-7.8905],[19.84011,-7.86425],[19.84635,-7.83229],[19.82957,-7.77793],[19.77922,-7.67383],[19.76472,-7.63117],[19.75021,-7.57058],[19.75021,-7.54157],[19.78946,-7.43406],[19.77922,-7.31289],[19.78946,-7.22671],[19.81165,-7.16271],[19.79373,-7.12688],[19.77581,-7.09786],[19.76472,-7.0552],[19.76472,-6.99933],[19.58981,-6.99981]]]}},{"type":"Feature","properties":{"ISOCSUID":"AO192","LANDFORM":"CV","LITHOLOGY":"MA2","SOILS":"FRr","WRB":"Rhodic Ferralsols","DOMSOILS":"FR","CODE_WRB":"FR-ro"},"geometry":{"type":"Polygon","coordinates":[[[19.52217,-7.113],[19.55737,-7.12688],[19.59321,-7.14479],[19.62137,-7.16954],[19.64697,-7.20196],[19.66147,-7.22671],[19.67854,-7.28047],[19.70414,-7.30521],[19.72205,-7.29839],[19.72888,-7.27705],[19.71864,-7.23439],[19.70414,-7.19855],[19.69646,-7.12688],[19.6828,-7.10213],[19.66147,-7.07995],[19.63246,-7.06203],[19.61795,-7.03387],[19.58981,-6.99981],[19.54379,-6.99942],[19.54374,-7.01243],[19.54734,-7.03025],[19.56279,-7.05744],[19.53806,-7.0808],[19.52217,-7.113]]]}},{"type":"Feature","properties":{"ISOCSUID":"AO34","LANDFORM":"SH","LITHOLOGY":"MA2","SOILS":"CMo","WRB":"Ferrali-Endoleptic Cambisols (Ferric)","DOMSOILS":"CM","CODE_WRB":"CM-len-fl"},"geometry":{"type":"Polygon","coordinates":[[[13.61992,-7.06418],[13.58332,-7.07146],[13.51669,-7.05608],[13.50643,-7.07659],[13.50643,-7.12272],[13.48593,-7.14323],[13.40819,-7.1586],[13.40819,-7.20986],[13.38768,-7.24062],[13.35585,-7.26689],[13.37378,-7.27022],[13.39713,-7.29124],[13.44351,-7.31844],[13.46364,-7.3257],[13.49247,-7.33143],[13.5168,-7.32965],[13.6051,-7.34342],[13.66987,-7.34529],[13.69007,-7.34855],[13.72328,-7.34977],[13.76786,-7.34827],[13.79862,-7.29701],[13.814,-7.2765],[13.814,-7.24575],[13.78837,-7.2355],[13.79349,-7.19961],[13.77812,-7.18423],[13.75761,-7.17398],[13.74223,-7.15348],[13.73711,-7.12785],[13.72686,-7.10222],[13.71148,-7.08171],[13.67559,-7.06634],[13.61992,-7.06418]]]}},{"type":"Feature","properties":{"ISOCSUID":"AO25","LANDFORM":"LL","LITHOLOGY":"MA2","SOILS":"CMx","WRB":"Eutri-Chromic Cambisols","DOMSOILS":"CM","CODE_WRB":"CM-cr-eu"},"geometry":{"type":"Polygon","coordinates":[[[13.01078,-7.07021],[12.98385,-7.08786],[12.96231,-7.09593],[12.97609,-7.16182],[12.98049,-7.23492],[13.00837,-7.32052],[13.03726,-7.38448],[13.04243,-7.41711],[13.03724,-7.47746],[13.03077,-7.51383],[13.03365,-7.54528],[13.04678,-7.58607],[13.02688,-7.59761],[13.02189,-7.61633],[13.04254,-7.62706],[13.05182,-7.62612],[13.07134,-7.63568],[13.08388,-7.64623],[13.09974,-7.66597],[13.11436,-7.68969],[13.12957,-7.74423],[13.17548,-7.83139],[13.18149,-7.85149],[13.18336,-7.87607],[13.16629,-7.9112],[13.19521,-7.92541],[13.21612,-7.95497],[13.24062,-8.01086],[13.25688,-8.04145],[13.29305,-8.09473],[13.30899,-8.11162],[13.32141,-8.13072],[13.34223,-8.16712],[13.36574,-8.21557],[13.39135,-8.24408],[13.45369,-8.29675],[13.4815,-8.33329],[13.48413,-8.34933],[13.49909,-8.39017],[13.5021,-8.41763],[13.50715,-8.42801],[13.53364,-8.44112],[13.56063,-8.45879],[13.58004,-8.4786],[13.63545,-8.56879],[13.6509,-8.58056],[13.65909,-8.57954],[13.71741,-8.60125],[13.74787,-8.62183],[13.77402,-8.65718],[13.80167,-8.67256],[13.82,-8.68891],[13.83845,-8.6984],[13.86118,-8.73025],[13.89157,-8.75653],[13.90941,-8.7679],[13.90823,-8.73286],[13.87201,-8.59912],[13.86911,-8.56252],[13.86154,-8.52755],[13.80458,-8.35117],[13.77474,-8.29407],[13.75156,-8.2565],[13.71956,-8.1908],[13.69015,-8.14512],[13.61354,-8.00945],[13.5582,-7.92216],[13.51449,-7.86819],[13.48293,-7.81618],[13.46007,-7.79745],[13.41297,-7.77365],[13.39543,-7.74932],[13.35963,-7.70977],[13.30917,-7.68074],[13.23529,-7.63353],[13.21119,-7.58965],[13.21218,-7.56685],[13.20232,-7.5364],[13.20103,-7.51184],[13.19458,-7.48432],[13.17943,-7.45832],[13.15905,-7.43335],[13.14215,-7.40788],[13.11271,-7.34164],[13.08696,-7.29488],[13.0611,-7.25438],[13.05305,-7.22113],[13.03988,-7.18319],[13.04221,-7.12051],[13.04865,-7.08587],[13.04843,-7.06648],[13.0191,-7.05842],[13.01078,-7.07021]]]}},{"type":"Feature","properties":{"ISOCSUID":"AO149","LANDFORM":"SE","LITHOLOGY":"MB2","SOILS":"NTh","WRB":"Dystri-Ferralic Nitisols","DOMSOILS":"NT","CODE_WRB":"NT-fl-dy"},"geometry":{"type":"Polygon","coordinates":[[[15.15849,-7.4427],[15.15071,-7.42937],[15.14399,-7.41045],[15.11269,-7.36606],[15.07721,-7.33244],[15.06049,-7.32762],[15.04094,-7.31819],[15.04061,-7.29766],[15.0247,-7.27346],[15.01626,-7.25394],[15.00771,-7.24411],[14.98991,-7.23357],[14.95616,-7.20339],[14.92721,-7.1596],[14.91534,-7.13717],[14.90697,-7.11309],[14.89504,-7.09693],[14.88658,-7.07969],[14.85359,-7.08259],[14.84132,-7.09266],[14.84272,-7.11948],[14.87229,-7.20377],[14.88245,-7.2239],[14.89441,-7.23891],[14.91914,-7.25014],[14.93922,-7.263],[14.95407,-7.27806],[14.96251,-7.29759],[14.96995,-7.35131],[14.97611,-7.36738],[14.98917,-7.38812],[15.02654,-7.40752],[15.05838,-7.40744],[15.09304,-7.41196],[15.1073,-7.42986],[15.13089,-7.44162],[15.15849,-7.4427]]]}},{"type":"Feature","properties":{"ISOCSUID":"AO143","LANDFORM":"SH","LITHOLOGY":"MB2","SOILS":"CMo","WRB":"Ferralic Cambisols","DOMSOILS":"CM","CODE_WRB":"CM-fl"},"geometry":{"type":"Polygon","coordinates":[[[14.5034,-7.19766],[14.52253,-7.19457],[14.53422,-7.18564],[14.53209,-7.17192],[14.52418,-7.15867],[14.51052,-7.14304],[14.46836,-7.13946],[14.44166,-7.14698],[14.40996,-7.13959],[14.39099,-7.13184],[14.37667,-7.12246],[14.35443,-7.10097],[14.34118,-7.09789],[14.33477,-7.1012],[14.33859,-7.11666],[14.3448,-7.1276],[14.34408,-7.13728],[14.3381,-7.15086],[14.34832,-7.16359],[14.43714,-7.17998],[14.45957,-7.18892],[14.5034,-7.19766]]]}},{"type":"Feature","properties":{"ISOCSUID":"AO192","LANDFORM":"CV","LITHOLOGY":"MA2","SOILS":"FRr","WRB":"Rhodic Ferralsols","DOMSOILS":"FR","CODE_WRB":"FR-ro"},"geometry":{"type":"Polygon","coordinates":[[[20.18592,-7.48734],[20.19974,-7.47306],[20.20252,-7.45081],[20.21669,-7.39204],[20.22334,-7.33557],[20.23977,-7.26939],[20.24468,-7.2135],[20.25263,-7.18555],[20.25368,-7.16673],[20.25016,-7.15647],[20.23972,-7.15079],[20.21661,-7.15312],[20.19987,-7.16056],[20.18724,-7.17655],[20.17403,-7.19481],[20.16546,-7.2165],[20.15578,-7.24502],[20.15128,-7.2724],[20.14359,-7.3551],[20.15088,-7.42409],[20.16385,-7.47255],[20.17202,-7.48565],[20.18592,-7.48734]]]}},{"type":"Feature","properties":{"ISOCSUID":"AO143","LANDFORM":"SH","LITHOLOGY":"MB2","SOILS":"CMo","WRB":"Ferralic Cambisols","DOMSOILS":"CM","CODE_WRB":"CM-fl"},"geometry":{"type":"Polygon","coordinates":[[[14.55731,-7.3577],[14.57293,-7.3574],[14.58402,-7.35074],[14.58356,-7.34218],[14.57213,-7.33172],[14.54326,-7.28503],[14.51303,-7.25428],[14.50226,-7.23813],[14.45211,-7.22586],[14.42958,-7.22433],[14.38928,-7.21108],[14.33781,-7.21074],[14.32789,-7.21683],[14.33522,-7.23008],[14.36048,-7.24307],[14.38705,-7.24582],[14.44916,-7.27143],[14.46299,-7.27509],[14.48297,-7.29426],[14.50117,-7.31682],[14.55731,-7.3577]]]}},{"type":"Feature","properties":{"ISOCSUID":"AO143","LANDFORM":"SH","LITHOLOGY":"MB2","SOILS":"CMo","WRB":"Ferralic Cambisols","DOMSOILS":"CM","CODE_WRB":"CM-fl"},"geometry":{"type":"Polygon","coordinates":[[[14.55814,-7.50773],[14.5738,-7.50572],[14.59125,-7.49974],[14.58967,-7.4883],[14.58047,-7.48358],[14.57775,-7.47041],[14.56924,-7.45829],[14.53677,-7.42009],[14.52589,-7.41192],[14.51856,-7.39811],[14.46945,-7.35049],[14.44499,-7.32098],[14.42785,-7.30585],[14.41235,-7.29702],[14.39463,-7.28246],[14.35721,-7.26982],[14.27809,-7.26043],[14.24736,-7.26558],[14.16986,-7.26474],[14.14028,-7.26933],[14.09089,-7.28382],[14.07566,-7.29665],[14.06964,-7.31194],[14.07057,-7.32679],[14.08305,-7.34299],[14.09572,-7.34665],[14.13478,-7.36562],[14.20898,-7.39549],[14.2262,-7.40493],[14.25616,-7.41403],[14.30333,-7.43427],[14.31132,-7.44183],[14.33146,-7.45017],[14.35366,-7.47567],[14.37554,-7.48404],[14.38168,-7.45962],[14.36746,-7.44225],[14.38593,-7.44543],[14.39108,-7.45008],[14.39958,-7.46278],[14.40287,-7.47539],[14.44887,-7.4973],[14.46281,-7.49412],[14.46242,-7.48042],[14.45153,-7.47281],[14.4436,-7.4607],[14.43576,-7.44174],[14.44163,-7.43614],[14.45602,-7.44209],[14.48065,-7.4602],[14.48747,-7.46944],[14.52187,-7.49342],[14.55814,-7.50773]]]}},{"type":"Feature","properties":{"ISOCSUID":"AO181","LANDFORM":"LV","LITHOLOGY":"UF","SOILS":"FLe","WRB":"Eutric Fluvisols","DOMSOILS":"FL","CODE_WRB":"FL-eu"},"geometry":{"type":"Polygon","coordinates":[[[17.00283,-7.28658],[17.00036,-7.28687],[16.98946,-7.27814],[16.97844,-7.31439],[16.98755,-7.34071],[16.99615,-7.3539],[17.01056,-7.36372],[17.03826,-7.37709],[17.07526,-7.38368],[17.0886,-7.39804],[17.04904,-7.41767],[17.03161,-7.43007],[17.01936,-7.44764],[17.01056,-7.4681],[16.99994,-7.50622],[16.99744,-7.53871],[16.9886,-7.56544],[16.96992,-7.59379],[16.95248,-7.60562],[16.91766,-7.61785],[16.8736,-7.62657],[16.84517,-7.636],[16.82555,-7.62441],[16.80596,-7.60768],[16.79274,-7.59158],[16.76469,-7.54112],[16.74534,-7.48845],[16.72754,-7.46603],[16.70292,-7.4253],[16.67249,-7.38906],[16.64944,-7.37458],[16.62529,-7.35209],[16.60454,-7.34104],[16.58027,-7.33623],[16.5623,-7.34232],[16.55979,-7.3691],[16.58282,-7.38645],[16.64908,-7.42875],[16.65936,-7.44882],[16.68005,-7.47127],[16.69192,-7.51474],[16.70742,-7.53428],[16.71654,-7.55548],[16.72744,-7.57156],[16.74112,-7.60592],[16.75373,-7.62544],[16.76581,-7.63867],[16.79868,-7.66124],[16.87332,-7.67278],[16.89882,-7.67073],[16.94406,-7.65916],[17.00571,-7.61237],[17.01924,-7.57427],[17.02976,-7.55611],[17.0357,-7.52935],[17.06668,-7.47258],[17.08124,-7.45616],[17.10092,-7.45633],[17.12578,-7.46111],[17.17017,-7.44755],[17.18512,-7.44873],[17.18809,-7.44459],[17.18851,-7.43769],[17.18526,-7.4322],[17.17902,-7.42671],[17.16082,-7.42519],[17.15297,-7.41926],[17.1483,-7.4078],[17.14507,-7.40552],[17.14093,-7.40623],[17.13887,-7.40922],[17.13732,-7.42094],[17.13297,-7.42487],[17.11363,-7.42542],[17.11017,-7.42268],[17.10839,-7.41759],[17.11459,-7.39189],[17.11171,-7.37652],[17.11668,-7.36454],[17.1164,-7.35765],[17.10963,-7.34621],[17.10363,-7.3435],[17.0919,-7.34497],[17.07646,-7.34278],[17.06484,-7.32748],[17.05193,-7.32505],[17.04523,-7.32119],[17.04057,-7.31433],[17.03679,-7.30127],[17.03055,-7.29787],[17.00551,-7.30005],[17.00202,-7.29294],[17.00283,-7.28658]]]}},{"type":"Feature","properties":{"ISOCSUID":"AO192","LANDFORM":"CV","LITHOLOGY":"MA2","SOILS":"FRr","WRB":"Rhodic Ferralsols","DOMSOILS":"FR","CODE_WRB":"FR-ro"},"geometry":{"type":"Polygon","coordinates":[[[21.26778,-7.27862],[21.27084,-7.30727],[21.28343,-7.35739],[21.28717,-7.38759],[21.28098,-7.40873],[21.27944,-7.43041],[21.28715,-7.45147],[21.28968,-7.47655],[21.28654,-7.51478],[21.29449,-7.56265],[21.32452,-7.51341],[21.35268,-7.48782],[21.37477,-7.47608],[21.3593,-7.42997],[21.36245,-7.39345],[21.36258,-7.3444],[21.34185,-7.29092],[21.33964,-7.27885],[21.26778,-7.27862]]]}},{"type":"Feature","properties":{"ISOCSUID":"AO191","LANDFORM":"LP","LITHOLOGY":"UE","SOILS":"ARo","WRB":"Dystri-Ferralic Arenosols","DOMSOILS":"AR","CODE_WRB":"AR-fl-dy"},"geometry":{"type":"Polygon","coordinates":[[[21.21022,-7.27875],[21.21156,-7.34237],[21.21904,-7.4062],[21.20795,-7.5306],[21.18978,-7.57347],[21.17287,-7.62832],[21.13434,-7.73062],[21.13054,-7.76145],[21.13034,-7.80823],[21.122,-7.85107],[21.12688,-7.88014],[21.14573,-7.916],[21.15938,-7.9553],[21.18997,-8.00707],[21.22284,-8.05313],[21.25886,-8.12827],[21.25674,-8.15111],[21.20044,-8.14741],[21.20004,-8.16852],[21.21915,-8.23235],[21.23547,-8.30818],[21.23351,-8.35042],[21.24019,-8.38464],[21.23822,-8.42575],[21.27757,-8.54314],[21.31852,-8.70505],[21.36412,-8.79901],[21.39976,-8.88103],[21.38828,-8.89765],[21.38161,-8.93195],[21.38998,-8.95703],[21.40888,-8.98833],[21.41562,-9.02483],[21.44247,-9.09663],[21.44857,-9.12629],[21.45316,-9.18166],[21.4421,-9.1888],[21.46718,-9.18615],[21.48413,-9.19404],[21.50684,-9.1939],[21.52571,-9.15895],[21.54903,-9.12359],[21.5694,-9.04218],[21.58138,-8.9593],[21.57299,-8.8737],[21.57727,-8.83599],[21.58086,-8.72748],[21.57111,-8.62135],[21.57362,-8.52142],[21.5726,-8.47576],[21.56812,-8.43412],[21.55857,-8.40678],[21.55065,-8.36801],[21.53526,-8.33728],[21.52176,-8.32196],[21.4991,-8.31981],[21.48308,-8.34445],[21.47632,-8.36675],[21.47603,-8.39758],[21.48827,-8.46315],[21.48975,-8.4974],[21.50201,-8.56468],[21.50475,-8.6092],[21.51204,-8.64227],[21.50774,-8.67826],[21.49577,-8.70346],[21.48961,-8.72804],[21.47534,-8.75611],[21.45635,-8.77678],[21.44354,-8.774],[21.43695,-8.75291],[21.43782,-8.72207],[21.44601,-8.66493],[21.43695,-8.62844],[21.42875,-8.55884],[21.42728,-8.52574],[21.4171,-8.49155],[21.40333,-8.38374],[21.3901,-8.33358],[21.40264,-8.3084],[21.40724,-8.24045],[21.40758,-8.15141],[21.38983,-8.11328],[21.3735,-8.10424],[21.35539,-8.09008],[21.36502,-8.06434],[21.37026,-8.00268],[21.37976,-7.96325],[21.37945,-7.92845],[21.35874,-7.88235],[21.30531,-7.87066],[21.29419,-7.85817],[21.29453,-7.83078],[21.29902,-7.81364],[21.29414,-7.78628],[21.29285,-7.70528],[21.30007,-7.67044],[21.30484,-7.61964],[21.28654,-7.51478],[21.28968,-7.47655],[21.28715,-7.45147],[21.27944,-7.43041],[21.28098,-7.40873],[21.28717,-7.38759],[21.28343,-7.35739],[21.27449,-7.32721],[21.26778,-7.27862],[21.21022,-7.27875]]]}},{"type":"Feature","properties":{"ISOCSUID":"AO192","LANDFORM":"CV","LITHOLOGY":"MA2","SOILS":"FRr","WRB":"Rhodic Ferralsols","DOMSOILS":"FR","CODE_WRB":"FR-ro"},"geometry":{"type":"Polygon","coordinates":[[[21.13985,-7.27889],[21.1395,-7.3741],[21.13677,-7.39407],[21.13389,-7.46595],[21.12104,-7.52248],[21.09904,-7.59331],[21.03566,-7.85261],[20.97,-8.05547],[20.96275,-8.09317],[20.95794,-8.14626],[20.95943,-8.1902],[20.9568,-8.22503],[20.95942,-8.26326],[20.97226,-8.34882],[20.99664,-8.42235],[21.00147,-8.44573],[21.02744,-8.49984],[21.05071,-8.57681],[21.06064,-8.65612],[21.06146,-8.68523],[21.07241,-8.74627],[21.0768,-8.78565],[21.08442,-8.8644],[21.08545,-8.91979],[21.09383,-8.94887],[21.09515,-8.96885],[21.09541,-8.99969],[21.0886,-9.02142],[21.0847,-9.11395],[21.09781,-9.15215],[21.09927,-9.18755],[21.09604,-9.22069],[21.08933,-9.25441],[21.08908,-9.29497],[21.08408,-9.32469],[21.08372,-9.35153],[21.07265,-9.42412],[21.05234,-9.50646],[21.04919,-9.54989],[21.05933,-9.5784],[21.06388,-9.63607],[21.07298,-9.68058],[21.0641,-9.73603],[21.06045,-9.79032],[21.05419,-9.80977],[21.05285,-9.86061],[21.04722,-9.88635],[21.0526,-9.90232],[21.06028,-9.91313],[21.07781,-9.91705],[21.0894,-9.90671],[21.09796,-9.88268],[21.10719,-9.8695],[21.11996,-9.86258],[21.12386,-9.91055],[21.12916,-9.91566],[21.1466,-9.90758],[21.15567,-9.87612],[21.14493,-9.70823],[21.15098,-9.66479],[21.15221,-9.60195],[21.15014,-9.56369],[21.1526,-9.50884],[21.15916,-9.45797],[21.16758,-9.41909],[21.16977,-9.26373],[21.19538,-9.19507],[21.21206,-9.10247],[21.21164,-9.05279],[21.21027,-9.02938],[21.19808,-8.96435],[21.20046,-8.90209],[21.19839,-8.86385],[21.18783,-8.78453],[21.18769,-8.76798],[21.1668,-8.70299],[21.15764,-8.65051],[21.13896,-8.56954],[21.13517,-8.53245],[21.11027,-8.47149],[21.10705,-8.43268],[21.06591,-8.22739],[21.06423,-8.16291],[21.07675,-8.0607],[21.08356,-8.04183],[21.10677,-8.04344],[21.1268,-8.08157],[21.13712,-8.13745],[21.14791,-8.17849],[21.14844,-8.31204],[21.15691,-8.42388],[21.16291,-8.44668],[21.18549,-8.50708],[21.19388,-8.53786],[21.21953,-8.68445],[21.25478,-8.79447],[21.26222,-8.8481],[21.27002,-8.87546],[21.28724,-8.98158],[21.28934,-9.02269],[21.28498,-9.0564],[21.28522,-9.08324],[21.2924,-9.10547],[21.28909,-9.19173],[21.28237,-9.22203],[21.28149,-9.25516],[21.27281,-9.32717],[21.2676,-9.39745],[21.24656,-9.52493],[21.23287,-9.5587],[21.23256,-9.59069],[21.22527,-9.62443],[21.22396,-9.67527],[21.21602,-9.70102],[21.21685,-9.73015],[21.21004,-9.75132],[21.20292,-9.80562],[21.19612,-9.82965],[21.19281,-9.85194],[21.19273,-9.91078],[21.19575,-9.92276],[21.21439,-9.91924],[21.2288,-9.89803],[21.23589,-9.84144],[21.25007,-9.79452],[21.25906,-9.75506],[21.28802,-9.66522],[21.30064,-9.64231],[21.31463,-9.57654],[21.317,-9.51541],[21.32258,-9.48739],[21.33339,-9.39366],[21.33838,-9.36508],[21.35142,-9.3256],[21.35539,-9.24961],[21.35937,-9.23817],[21.39417,-9.22369],[21.41034,-9.20932],[21.45316,-9.18166],[21.44857,-9.12629],[21.44247,-9.09663],[21.41562,-9.02483],[21.40888,-8.98833],[21.38998,-8.95703],[21.38161,-8.93195],[21.38828,-8.89765],[21.39976,-8.88103],[21.36412,-8.79901],[21.31852,-8.70505],[21.27757,-8.54314],[21.23822,-8.42575],[21.24019,-8.38464],[21.23351,-8.35042],[21.23547,-8.30818],[21.21915,-8.23235],[21.20004,-8.16852],[21.20044,-8.14741],[21.25674,-8.15111],[21.25886,-8.12827],[21.22284,-8.05313],[21.18997,-8.00707],[21.15938,-7.9553],[21.14573,-7.916],[21.12688,-7.88014],[21.122,-7.85107],[21.13034,-7.80823],[21.13054,-7.76145],[21.13434,-7.73062],[21.17287,-7.62832],[21.18978,-7.57347],[21.20795,-7.5306],[21.21904,-7.4062],[21.21156,-7.34237],[21.21022,-7.27875],[21.13985,-7.27889]]]}},{"type":"Feature","properties":{"ISOCSUID":"AO191","LANDFORM":"LP","LITHOLOGY":"UE","SOILS":"ARo","WRB":"Dystri-Ferralic Arenosols","DOMSOILS":"AR","CODE_WRB":"AR-fl-dy"},"geometry":{"type":"Polygon","coordinates":[[[21.33964,-7.27885],[21.34185,-7.29092],[21.36258,-7.3444],[21.36245,-7.39345],[21.3593,-7.42997],[21.37477,-7.47608],[21.38912,-7.46288],[21.39876,-7.44115],[21.42009,-7.4319],[21.43131,-7.45636],[21.4421,-7.49679],[21.44539,-7.53955],[21.44569,-7.6331],[21.44847,-7.68328],[21.45717,-7.74713],[21.465,-7.84008],[21.46219,-7.91142],[21.46851,-7.9673],[21.50368,-8.06923],[21.56673,-8.23035],[21.62468,-8.33957],[21.64928,-8.41932],[21.73725,-8.5603],[21.73514,-8.58144],[21.74084,-8.62708],[21.74767,-8.7258],[21.75575,-8.77656],[21.74749,-8.82115],[21.74798,-8.86854],[21.75328,-8.93075],[21.74164,-9.04275],[21.77418,-9.15046],[21.77703,-9.2007],[21.77629,-9.24125],[21.75672,-9.31849],[21.73949,-9.3426],[21.72036,-9.35115],[21.72437,-9.40153],[21.71894,-9.4404],[21.71757,-9.4764],[21.72081,-9.50836],[21.73212,-9.5317],[21.75279,-9.55784],[21.78812,-9.59129],[21.83648,-9.64407],[21.86884,-9.67125],[21.90511,-9.69227],[21.90255,-9.67083],[21.89346,-9.66181],[21.87593,-9.65314],[21.87789,-9.64121],[21.87081,-9.6308],[21.87111,-9.62299],[21.87535,-9.61498],[21.87174,-9.6046],[21.86648,-9.59789],[21.86817,-9.56572],[21.8632,-9.55188],[21.84782,-9.53749],[21.83574,-9.51646],[21.8299,-9.49732],[21.83001,-9.48606],[21.83307,-9.48034],[21.83484,-9.46496],[21.82936,-9.45709],[21.79606,-9.42759],[21.79289,-9.42043],[21.79364,-9.41469],[21.8023,-9.40443],[21.81195,-9.36407],[21.80903,-9.35462],[21.81575,-9.33649],[21.81229,-9.28611],[21.80613,-9.25418],[21.80171,-9.11143],[21.80491,-9.08343],[21.80288,-9.0566],[21.80423,-9.01947],[21.81081,-8.98116],[21.81981,-8.89659],[21.82467,-8.80633],[21.84884,-8.72908],[21.85344,-8.66967],[21.85946,-8.63537],[21.88834,-8.51127],[21.88803,-8.48216],[21.89354,-8.40106],[21.88838,-8.35372],[21.88168,-8.32409],[21.8692,-8.29735],[21.86015,-8.26545],[21.83604,-8.23595],[21.82066,-8.20752],[21.80239,-8.1814],[21.76209,-8.10007],[21.76487,-8.08749],[21.74079,-8.05913],[21.73582,-8.02721],[21.7304,-7.89429],[21.7317,-7.85091],[21.75116,-7.71556],[21.75943,-7.67443],[21.78782,-7.56471],[21.80037,-7.49103],[21.79528,-7.44772],[21.78066,-7.37768],[21.74034,-7.28293],[21.60903,-7.28071],[21.62971,-7.32681],[21.66036,-7.38363],[21.67348,-7.42233],[21.67904,-7.45708],[21.68312,-7.51751],[21.67863,-7.53066],[21.65248,-7.52114],[21.60036,-7.46102],[21.57949,-7.45773],[21.56046,-7.46413],[21.5447,-7.45111],[21.54597,-7.40205],[21.53659,-7.32968],[21.5283,-7.30921],[21.53188,-7.28092],[21.33964,-7.27885]]]}},{"type":"Feature","properties":{"ISOCSUID":"AO192","LANDFORM":"CV","LITHOLOGY":"MA2","SOILS":"FRr","WRB":"Rhodic Ferralsols","DOMSOILS":"FR","CODE_WRB":"FR-ro"},"geometry":{"type":"Polygon","coordinates":[[[20.79224,-7.28049],[20.80051,-7.30486],[20.8007,-7.33166],[20.81171,-7.41545],[20.81428,-7.53065],[20.81672,-7.54775],[20.82551,-7.56312],[20.85435,-7.54875],[20.88474,-7.50756],[20.89148,-7.48015],[20.89476,-7.45447],[20.8905,-7.42655],[20.88775,-7.36782],[20.87909,-7.292],[20.88269,-7.28014],[20.79224,-7.28049]]]}},{"type":"Feature","properties":{"ISOCSUID":"AO192","LANDFORM":"CV","LITHOLOGY":"MA2","SOILS":"FRr","WRB":"Rhodic Ferralsols","DOMSOILS":"FR","CODE_WRB":"FR-ro"},"geometry":{"type":"Polygon","coordinates":[[[21.53188,-7.28092],[21.5283,-7.30921],[21.53659,-7.32968],[21.54597,-7.40205],[21.5447,-7.45111],[21.56046,-7.46413],[21.57949,-7.45773],[21.60036,-7.46102],[21.65248,-7.52114],[21.67863,-7.53066],[21.68312,-7.51751],[21.67904,-7.45708],[21.67348,-7.42233],[21.66036,-7.38363],[21.62971,-7.32681],[21.60903,-7.28071],[21.53188,-7.28092]]]}},{"type":"Feature","properties":{"ISOCSUID":"AO192","LANDFORM":"CV","LITHOLOGY":"MA2","SOILS":"FRr","WRB":"Rhodic Ferralsols","DOMSOILS":"FR","CODE_WRB":"FR-ro"},"geometry":{"type":"Polygon","coordinates":[[[21.74034,-7.28293],[21.78066,-7.37768],[21.79528,-7.44772],[21.80037,-7.49103],[21.78782,-7.56471],[21.75943,-7.67443],[21.75116,-7.71556],[21.7317,-7.85091],[21.7304,-7.89429],[21.73582,-8.02721],[21.74079,-8.05913],[21.76487,-8.08749],[21.76209,-8.10007],[21.80239,-8.1814],[21.82066,-8.20752],[21.83604,-8.23595],[21.86015,-8.26545],[21.8692,-8.29735],[21.88168,-8.32409],[21.88838,-8.35372],[21.89354,-8.40106],[21.88803,-8.48216],[21.88834,-8.51127],[21.85946,-8.63537],[21.85344,-8.66967],[21.84884,-8.72908],[21.82467,-8.80633],[21.81981,-8.89659],[21.81081,-8.98116],[21.80423,-9.01947],[21.80288,-9.0566],[21.80491,-9.08343],[21.80171,-9.11143],[21.80613,-9.25418],[21.81229,-9.28611],[21.81575,-9.33649],[21.81874,-9.33127],[21.82548,-9.32811],[21.829,-9.32355],[21.83182,-9.29393],[21.84001,-9.28458],[21.8479,-9.25708],[21.86054,-9.24111],[21.86299,-9.22688],[21.86317,-9.20712],[21.85971,-9.18135],[21.86096,-9.17217],[21.85391,-9.15923],[21.84784,-9.14079],[21.84365,-9.11915],[21.84284,-9.08123],[21.84343,-9.06814],[21.85162,-9.05719],[21.85858,-9.05541],[21.86208,-9.05154],[21.8523,-9.03421],[21.85056,-9.02271],[21.85761,-8.9612],[21.86625,-8.92681],[21.86156,-8.90954],[21.86376,-8.89646],[21.8708,-8.88458],[21.86841,-8.86825],[21.87174,-8.85748],[21.88321,-8.84127],[21.88099,-8.8316],[21.89417,-8.8053],[21.89855,-8.78168],[21.90446,-8.76657],[21.89919,-8.73712],[21.89866,-8.71897],[21.91617,-8.6725],[21.91215,-8.65776],[21.91363,-8.64744],[21.91741,-8.63829],[21.93633,-8.61388],[21.93341,-8.60466],[21.9226,-8.59997],[21.92402,-8.59608],[21.93052,-8.59178],[21.93274,-8.57687],[21.94507,-8.56526],[21.94685,-8.5476],[21.94238,-8.53056],[21.94499,-8.523],[21.9555,-8.50955],[21.95976,-8.49695],[21.95891,-8.48891],[21.94981,-8.47413],[21.95072,-8.45071],[21.94286,-8.42653],[21.93222,-8.40393],[21.92011,-8.39142],[21.91811,-8.38359],[21.92005,-8.3735],[21.91928,-8.3565],[21.92233,-8.35033],[21.93396,-8.33942],[21.93726,-8.33141],[21.93617,-8.32451],[21.93095,-8.31528],[21.92271,-8.30832],[21.90023,-8.2964],[21.89613,-8.29108],[21.89597,-8.25733],[21.87786,-8.19723],[21.88091,-8.1906],[21.88809,-8.187],[21.88929,-8.18173],[21.88659,-8.17505],[21.85485,-8.14399],[21.84873,-8.13222],[21.84406,-8.11473],[21.83383,-8.10017],[21.82711,-8.07991],[21.81397,-8.05614],[21.78795,-8.0311],[21.78145,-8.01175],[21.77123,-8.00044],[21.75975,-7.9599],[21.74545,-7.9388],[21.74547,-7.92802],[21.76807,-7.90744],[21.77067,-7.89363],[21.77093,-7.87887],[21.76206,-7.84536],[21.76419,-7.83107],[21.77478,-7.82453],[21.77785,-7.81727],[21.7767,-7.80415],[21.76942,-7.79563],[21.76804,-7.77742],[21.78361,-7.76],[21.78584,-7.75467],[21.78437,-7.74548],[21.78604,-7.74051],[21.79547,-7.73078],[21.7966,-7.71386],[21.81104,-7.68225],[21.81234,-7.67251],[21.81033,-7.66184],[21.81292,-7.65651],[21.82381,-7.65303],[21.82936,-7.63722],[21.82821,-7.62217],[21.83677,-7.61755],[21.84767,-7.60488],[21.84842,-7.59991],[21.84261,-7.58305],[21.84532,-7.5771],[21.85159,-7.57306],[21.85328,-7.55375],[21.83893,-7.53172],[21.83636,-7.52],[21.84026,-7.50609],[21.84839,-7.4958],[21.85691,-7.47503],[21.85673,-7.47024],[21.84365,-7.46305],[21.84329,-7.45661],[21.85326,-7.4489],[21.85567,-7.44247],[21.85348,-7.42646],[21.83966,-7.41742],[21.82881,-7.40287],[21.83021,-7.39601],[21.83824,-7.38578],[21.83475,-7.37253],[21.82923,-7.36553],[21.82778,-7.35007],[21.81974,-7.32755],[21.78713,-7.30289],[21.78434,-7.28765],[21.78059,-7.28389],[21.74034,-7.28293]]]}},{"type":"Feature","properties":{"ISOCSUID":"AO143","LANDFORM":"SH","LITHOLOGY":"MB2","SOILS":"CMo","WRB":"Ferralic Cambisols","DOMSOILS":"CM","CODE_WRB":"CM-fl"},"geometry":{"type":"Polygon","coordinates":[[[14.89876,-7.52777],[14.87228,-7.52431],[14.83512,-7.48778],[14.78742,-7.41628],[14.73999,-7.36988],[14.72808,-7.35143],[14.71383,-7.3358],[14.70537,-7.31855],[14.68603,-7.2937],[14.66702,-7.28825],[14.65648,-7.29777],[14.69121,-7.33941],[14.70078,-7.36011],[14.70644,-7.41324],[14.71404,-7.45102],[14.73281,-7.47585],[14.74773,-7.48636],[14.75925,-7.49055],[14.79133,-7.51674],[14.80606,-7.54208],[14.8075,-7.56435],[14.79758,-7.57046],[14.78317,-7.56566],[14.76484,-7.55053],[14.75177,-7.5315],[14.74148,-7.52163],[14.7191,-7.50643],[14.70485,-7.48965],[14.68559,-7.45796],[14.67279,-7.46288],[14.67928,-7.49664],[14.68767,-7.51903],[14.7046,-7.5524],[14.70839,-7.57243],[14.69106,-7.56872],[14.6612,-7.55054],[14.633,-7.53752],[14.6174,-7.53497],[14.61087,-7.54684],[14.60652,-7.56902],[14.61442,-7.58398],[14.62525,-7.59729],[14.66484,-7.62476],[14.68488,-7.64164],[14.69526,-7.64524],[14.71387,-7.63927],[14.73263,-7.62246],[14.77707,-7.63403],[14.77829,-7.62948],[14.79492,-7.6423],[14.82599,-7.70328],[14.84879,-7.73218],[14.85729,-7.74715],[14.86761,-7.75587],[14.87801,-7.75775],[14.88815,-7.78073],[14.90645,-7.80042],[14.91383,-7.81252],[14.9219,-7.81607],[14.94239,-7.84607],[14.98957,-7.87796],[15.02375,-7.90701],[15.06646,-7.96767],[15.07368,-7.97003],[15.08237,-8.01429],[15.07546,-8.05814],[15.07429,-8.10777],[15.08209,-8.13414],[15.1031,-8.17271],[15.13286,-8.25592],[15.12819,-8.30723],[15.13423,-8.337],[15.13278,-8.36095],[15.14408,-8.38795],[15.13721,-8.42838],[15.13178,-8.446],[15.11342,-8.47541],[15.11099,-8.48508],[15.11776,-8.50174],[15.13742,-8.50946],[15.20004,-8.51895],[15.23302,-8.53029],[15.24417,-8.62123],[15.25564,-8.63453],[15.29689,-8.6357],[15.30963,-8.63931],[15.32453,-8.6578],[15.33073,-8.67559],[15.34794,-8.69582],[15.40956,-8.75409],[15.41724,-8.7831],[15.41127,-8.87696],[15.3942,-8.90085],[15.35666,-8.92645],[15.34471,-8.92645],[15.33362,-8.91621],[15.32338,-8.89659],[15.32338,-8.87525],[15.31997,-8.85989],[15.30973,-8.9128],[15.29437,-8.94778],[15.29181,-8.97082],[15.27645,-9.0041],[15.28839,-9.00837],[15.30205,-9.00837],[15.32765,-8.98447],[15.34471,-8.98703],[15.3686,-8.98447],[15.38396,-8.95973],[15.39591,-8.96314],[15.39761,-8.97509],[15.41383,-8.97679],[15.4471,-8.96741],[15.46588,-8.9401],[15.4582,-8.8872],[15.46076,-8.82064],[15.46588,-8.79505],[15.45478,-8.79078],[15.44454,-8.78139],[15.43686,-8.75579],[15.42151,-8.72849],[15.41724,-8.70289],[15.40359,-8.67388],[15.40017,-8.64828],[15.38823,-8.615],[15.37735,-8.59487],[15.35676,-8.58176],[15.3306,-8.53114],[15.32844,-8.51626],[15.33353,-8.47637],[15.3302,-8.46205],[15.31931,-8.44991],[15.29021,-8.40438],[15.27149,-8.36472],[15.25766,-8.35596],[15.25452,-8.32566],[15.25763,-8.30744],[15.25324,-8.28511],[15.23716,-8.2706],[15.22386,-8.26641],[15.21128,-8.25024],[15.19442,-8.20261],[15.17947,-8.14132],[15.1774,-8.1196],[15.16745,-8.07779],[15.14409,-8.04205],[15.13732,-8.02597],[15.13175,-8.00648],[15.12988,-7.96822],[15.12024,-7.94981],[15.10766,-7.93593],[15.0969,-7.93247],[15.09331,-7.92315],[15.08955,-7.89856],[15.08108,-7.8796],[15.06509,-7.85995],[15.05375,-7.83923],[15.04383,-7.8115],[15.01691,-7.78398],[14.97395,-7.74652],[14.95442,-7.71673],[14.94884,-7.7001],[14.95328,-7.66879],[14.95705,-7.6611],[14.94533,-7.65611],[14.93289,-7.63196],[14.91914,-7.57355],[14.90719,-7.55682],[14.89876,-7.52777]]]}},{"type":"Feature","properties":{"ISOCSUID":"AO143","LANDFORM":"SH","LITHOLOGY":"MB2","SOILS":"CMo","WRB":"Ferralic Cambisols","DOMSOILS":"CM","CODE_WRB":"CM-fl"},"geometry":{"type":"Polygon","coordinates":[[[14.3677,-7.66189],[14.48954,-7.69482],[14.50791,-7.70655],[14.54934,-7.72666],[14.57829,-7.72829],[14.59905,-7.73549],[14.61111,-7.74311],[14.60982,-7.75279],[14.60163,-7.75892],[14.57791,-7.75567],[14.57433,-7.7636],[14.57997,-7.77454],[14.58481,-7.80201],[14.59268,-7.81983],[14.59653,-7.8353],[14.60402,-7.83828],[14.62949,-7.84099],[14.64897,-7.85786],[14.67968,-7.94569],[14.68871,-7.9641],[14.71961,-7.99485],[14.74143,-8.01119],[14.76044,-8.0212],[14.802,-8.03615],[14.83848,-8.04016],[14.87337,-8.03273],[14.88863,-8.01813],[14.91056,-8.02704],[14.92332,-8.02724],[14.93039,-8.01822],[14.93249,-7.94235],[14.92986,-7.9212],[14.92139,-7.9028],[14.91925,-7.8885],[14.91139,-7.8684],[14.89882,-7.85394],[14.86832,-7.83691],[14.85441,-7.83668],[14.84393,-7.84051],[14.83629,-7.84895],[14.81507,-7.83149],[14.79686,-7.80551],[14.78998,-7.80027],[14.7508,-7.78308],[14.7398,-7.78176],[14.72888,-7.77531],[14.7059,-7.76009],[14.67851,-7.72883],[14.66128,-7.71713],[14.6015,-7.68304],[14.51856,-7.64854],[14.47199,-7.62435],[14.44558,-7.60734],[14.42391,-7.58415],[14.41713,-7.57205],[14.40106,-7.56207],[14.37112,-7.53304],[14.31821,-7.50317],[14.26445,-7.46648],[14.11086,-7.38883],[14.07588,-7.3658],[14.05967,-7.3675],[14.05455,-7.38286],[14.07417,-7.40419],[14.08441,-7.42894],[14.11428,-7.45539],[14.16035,-7.51341],[14.29773,-7.5996],[14.32419,-7.63714],[14.3677,-7.66189]]]}},{"type":"Feature","properties":{"ISOCSUID":"AO194","LANDFORM":"CV","LITHOLOGY":"MB2","SOILS":"FRr","WRB":"Rhodic Ferralsols","DOMSOILS":"FR","CODE_WRB":"FR-ro"},"geometry":{"type":"Polygon","coordinates":[[[21.29449,-7.56265],[21.30484,-7.61964],[21.30007,-7.67044],[21.29285,-7.70528],[21.29414,-7.78628],[21.33135,-7.77793],[21.3706,-7.78817],[21.41326,-7.77452],[21.43886,-7.77025],[21.45828,-7.76332],[21.44847,-7.68328],[21.44569,-7.6331],[21.44539,-7.53955],[21.4421,-7.49679],[21.43131,-7.45636],[21.42009,-7.4319],[21.39876,-7.44115],[21.38912,-7.46288],[21.37477,-7.47608],[21.35268,-7.48782],[21.32452,-7.51341],[21.29449,-7.56265]]]}},{"type":"Feature","properties":{"ISOCSUID":"AO152","LANDFORM":"LL","LITHOLOGY":"MB2","SOILS":"FRu","WRB":"Humic Ferralsols","DOMSOILS":"FR","CODE_WRB":"FR-hu"},"geometry":{"type":"Polygon","coordinates":[[[14.89876,-7.52777],[14.90719,-7.55682],[14.91914,-7.57355],[14.93289,-7.63196],[14.94533,-7.65611],[14.96204,-7.66322],[15.01058,-7.67253],[15.0291,-7.67396],[15.05039,-7.6857],[15.06468,-7.70132],[15.0639,-7.75494],[15.06817,-7.77031],[15.07501,-7.78398],[15.16317,-7.84888],[15.19461,-7.88644],[15.20239,-7.91509],[15.24167,-7.97844],[15.23971,-8.04804],[15.2527,-8.07848],[15.25247,-8.09902],[15.26083,-8.12882],[15.28808,-8.18173],[15.30324,-8.22647],[15.30708,-8.24594],[15.33112,-8.27596],[15.34759,-8.30874],[15.36836,-8.3724],[15.38356,-8.36291],[15.39623,-8.3728],[15.41746,-8.39536],[15.42544,-8.40974],[15.49324,-8.47691],[15.50114,-8.49872],[15.52293,-8.52528],[15.54067,-8.6066],[15.55593,-8.64791],[15.56768,-8.69147],[15.57395,-8.70354],[15.58829,-8.72201],[15.5887,-8.73857],[15.60134,-8.75302],[15.62107,-8.75614],[15.65236,-8.76569],[15.66387,-8.77784],[15.67376,-8.77683],[15.6913,-8.76678],[15.71577,-8.70315],[15.72368,-8.66671],[15.72074,-8.61186],[15.71469,-8.57695],[15.71384,-8.54554],[15.70897,-8.50951],[15.70173,-8.47744],[15.70551,-8.44838],[15.70583,-8.41527],[15.70101,-8.37525],[15.69051,-8.32145],[15.67216,-8.29895],[15.66543,-8.27545],[15.64473,-8.25634],[15.63333,-8.23621],[15.60565,-8.21929],[15.60577,-8.20673],[15.57374,-8.21828],[15.54583,-8.22361],[15.52032,-8.22155],[15.51532,-8.20036],[15.51896,-8.185],[15.50166,-8.17563],[15.49312,-8.1601],[15.49508,-8.13958],[15.49235,-8.11476],[15.48025,-8.11597],[15.44955,-8.11155],[15.42574,-8.11407],[15.40909,-8.09785],[15.404,-8.08637],[15.40218,-8.04068],[15.39828,-8.02579],[15.37625,-7.9724],[15.36465,-7.92031],[15.36018,-7.9054],[15.35278,-7.89332],[15.34949,-7.87558],[15.32452,-7.82843],[15.31587,-7.80744],[15.30375,-7.80865],[15.2901,-7.7967],[15.29181,-7.78646],[15.30119,-7.77708],[15.31411,-7.77426],[15.31424,-7.76266],[15.30591,-7.73116],[15.29565,-7.71618],[15.28186,-7.70628],[15.25528,-7.70018],[15.21045,-7.66928],[15.19851,-7.65028],[15.18014,-7.63575],[15.1588,-7.57895],[15.14679,-7.56622],[15.1267,-7.55165],[15.08517,-7.53847],[15.04946,-7.52252],[15.03221,-7.51313],[15.00124,-7.48926],[14.98155,-7.48953],[14.94727,-7.49983],[14.92296,-7.49945],[14.89732,-7.5133],[14.89876,-7.52777]]]}},{"type":"Feature","properties":{"ISOCSUID":"AO192","LANDFORM":"CV","LITHOLOGY":"MA2","SOILS":"FRr","WRB":"Rhodic Ferralsols","DOMSOILS":"FR","CODE_WRB":"FR-ro"},"geometry":{"type":"Polygon","coordinates":[[[20.52276,-7.8528],[20.53895,-7.84705],[20.55961,-7.81447],[20.58649,-7.75905],[20.59326,-7.7305],[20.59485,-7.70882],[20.57266,-7.68036],[20.55505,-7.64391],[20.54835,-7.59088],[20.5463,-7.54069],[20.53983,-7.5253],[20.52531,-7.51736],[20.50797,-7.52083],[20.48545,-7.53173],[20.4676,-7.54775],[20.45912,-7.58086],[20.48461,-7.67833],[20.50228,-7.72564],[20.50267,-7.78953],[20.51337,-7.83343],[20.52276,-7.8528]]]}},{"type":"Feature","properties":{"ISOCSUID":"AO193","LANDFORM":"CV","LITHOLOGY":"MA2","SOILS":"ARo","WRB":"Dystri-Ferralic Arenosols","DOMSOILS":"AR","CODE_WRB":"AR-fl-dy"},"geometry":{"type":"Polygon","coordinates":[[[20.05472,-8.16575],[20.06808,-8.1562],[20.07012,-8.1416],[20.05202,-8.07004],[20.03465,-8.02483],[20.03805,-8.00312],[20.03967,-7.99771],[20.04193,-7.99703],[20.05188,-8.01456],[20.06856,-8.01124],[20.08593,-8.00551],[20.08991,-7.98896],[20.08399,-7.96272],[20.07196,-7.87144],[20.05786,-7.82867],[20.05601,-7.80528],[20.04296,-7.73912],[20.01238,-7.63875],[19.98604,-7.57717],[19.97029,-7.54924],[19.94242,-7.53045],[19.90707,-7.52135],[19.89087,-7.52421],[19.8725,-7.56301],[19.87033,-7.59838],[19.87273,-7.61948],[19.87975,-7.63659],[19.91121,-7.6822],[19.92175,-7.70787],[19.92882,-7.73639],[19.94733,-7.86531],[19.94864,-7.90125],[19.95643,-7.96059],[19.9427,-8.00169],[19.9487,-8.01456],[19.95103,-8.02688],[19.9602,-8.04143],[19.96258,-8.04161],[19.97489,-8.07013],[19.99524,-8.08266],[20.02611,-8.11173],[20.04423,-8.14082],[20.05472,-8.16575]]]}},{"type":"Feature","properties":{"ISOCSUID":"AO152","LANDFORM":"LL","LITHOLOGY":"MB2","SOILS":"FRu","WRB":"Humic Ferralsols","DOMSOILS":"FR","CODE_WRB":"FR-hu"},"geometry":{"type":"Polygon","coordinates":[[[15.28709,-7.71003],[15.29565,-7.71618],[15.30591,-7.73116],[15.31424,-7.76266],[15.31411,-7.77426],[15.32871,-7.76401],[15.38586,-7.7492],[15.38286,-7.74025],[15.39177,-7.72041],[15.39191,-7.70729],[15.37541,-7.68024],[15.34318,-7.66152],[15.32256,-7.65496],[15.31348,-7.67593],[15.28709,-7.71003]]]}},{"type":"Feature","properties":{"ISOCSUID":"AO154","LANDFORM":"SE","LITHOLOGY":"MB2","SOILS":"FRu","WRB":"Humic Ferralsols","DOMSOILS":"FR","CODE_WRB":"FR-hu"},"geometry":{"type":"Polygon","coordinates":[[[15.0639,-7.75494],[15.06468,-7.70132],[15.05039,-7.6857],[15.0291,-7.67396],[15.01058,-7.67253],[14.95705,-7.6611],[14.95328,-7.66879],[14.94884,-7.7001],[14.95442,-7.71673],[14.97395,-7.74652],[15.01691,-7.78398],[15.04383,-7.8115],[15.05375,-7.83923],[15.06509,-7.85995],[15.08108,-7.8796],[15.08955,-7.89856],[15.09331,-7.92315],[15.0969,-7.93247],[15.10766,-7.93593],[15.12024,-7.94981],[15.12988,-7.96822],[15.13175,-8.00648],[15.14409,-8.04205],[15.16745,-8.07779],[15.1774,-8.1196],[15.17947,-8.14132],[15.20282,-8.229],[15.21128,-8.25024],[15.22386,-8.26641],[15.23716,-8.2706],[15.25324,-8.28511],[15.25763,-8.30744],[15.25452,-8.32566],[15.25766,-8.35596],[15.27149,-8.36472],[15.29021,-8.40438],[15.31931,-8.44991],[15.3302,-8.46205],[15.33353,-8.47637],[15.32844,-8.51626],[15.3306,-8.53114],[15.35676,-8.58176],[15.37735,-8.59487],[15.37823,-8.58377],[15.38295,-8.57756],[15.38779,-8.55993],[15.38421,-8.51535],[15.37473,-8.47925],[15.37324,-8.45696],[15.37518,-8.43872],[15.38111,-8.42796],[15.3934,-8.419],[15.4184,-8.41592],[15.4366,-8.41992],[15.42544,-8.40974],[15.41746,-8.39536],[15.39623,-8.3728],[15.38356,-8.36291],[15.36836,-8.3724],[15.34759,-8.30874],[15.33112,-8.27596],[15.30708,-8.24594],[15.30324,-8.22647],[15.28808,-8.18173],[15.26083,-8.12882],[15.25247,-8.09902],[15.2527,-8.07848],[15.23971,-8.04804],[15.24167,-7.97844],[15.20239,-7.91509],[15.19461,-7.88644],[15.16317,-7.84888],[15.07501,-7.78398],[15.06817,-7.77031],[15.0639,-7.75494]]]}},{"type":"Feature","properties":{"ISOCSUID":"AO155","LANDFORM":"LV","LITHOLOGY":"UF","SOILS":"FLe","WRB":"Eutric Fluvisols","DOMSOILS":"FL","CODE_WRB":"FL-eu"},"geometry":{"type":"Polygon","coordinates":[[[15.38586,-7.7492],[15.32871,-7.76401],[15.31411,-7.77426],[15.30119,-7.77708],[15.29181,-7.78646],[15.2901,-7.7967],[15.30375,-7.80865],[15.31587,-7.80744],[15.38888,-7.77172],[15.4184,-7.77499],[15.44543,-7.79363],[15.4862,-7.82844],[15.49657,-7.83486],[15.52464,-7.86549],[15.54938,-7.88352],[15.56096,-7.88424],[15.56914,-7.87865],[15.56291,-7.8643],[15.55315,-7.85504],[15.54288,-7.84006],[15.50441,-7.80529],[15.48384,-7.77876],[15.45861,-7.75388],[15.43841,-7.74618],[15.41815,-7.74475],[15.38586,-7.7492]]]}},{"type":"Feature","properties":{"ISOCSUID":"AO192","LANDFORM":"CV","LITHOLOGY":"MA2","SOILS":"FRr","WRB":"Rhodic Ferralsols","DOMSOILS":"FR","CODE_WRB":"FR-ro"},"geometry":{"type":"Polygon","coordinates":[[[21.29414,-7.78628],[21.29902,-7.81364],[21.29453,-7.83078],[21.29419,-7.85817],[21.30531,-7.87066],[21.35874,-7.88235],[21.37945,-7.92845],[21.37976,-7.96325],[21.37026,-8.00268],[21.36502,-8.06434],[21.35539,-8.09008],[21.3735,-8.10424],[21.38983,-8.11328],[21.40758,-8.15141],[21.40724,-8.24045],[21.40264,-8.3084],[21.3901,-8.33358],[21.40333,-8.38374],[21.4171,-8.49155],[21.42728,-8.52574],[21.42875,-8.55884],[21.43695,-8.62844],[21.44601,-8.66493],[21.43782,-8.72207],[21.43695,-8.75291],[21.44354,-8.774],[21.45635,-8.77678],[21.47534,-8.75611],[21.48961,-8.72804],[21.49577,-8.70346],[21.50774,-8.67826],[21.51204,-8.64227],[21.50475,-8.6092],[21.50201,-8.56468],[21.48975,-8.4974],[21.48827,-8.46315],[21.47603,-8.39758],[21.47632,-8.36675],[21.48308,-8.34445],[21.4991,-8.31981],[21.52176,-8.32196],[21.53526,-8.33728],[21.55065,-8.36801],[21.55857,-8.40678],[21.56812,-8.43412],[21.5726,-8.47576],[21.57362,-8.52142],[21.57111,-8.62135],[21.58086,-8.72748],[21.57727,-8.83599],[21.57299,-8.8737],[21.58138,-8.9593],[21.5694,-9.04218],[21.54903,-9.12359],[21.52571,-9.15895],[21.50684,-9.1939],[21.50539,-9.22532],[21.50819,-9.33553],[21.51932,-9.40286],[21.52831,-9.48962],[21.53488,-9.50672],[21.55071,-9.51633],[21.55547,-9.52601],[21.56651,-9.52251],[21.59183,-9.48979],[21.60491,-9.39832],[21.60661,-9.27552],[21.60358,-9.0865],[21.59971,-9.04769],[21.60731,-8.99225],[21.62443,-8.95902],[21.63258,-8.90129],[21.63481,-8.83333],[21.63031,-8.78996],[21.62938,-8.75457],[21.63201,-8.72658],[21.64141,-8.67856],[21.65565,-8.64935],[21.67355,-8.63895],[21.68864,-8.63656],[21.69793,-8.69302],[21.69191,-8.73018],[21.68956,-8.89977],[21.68181,-8.93808],[21.6845,-9.1465],[21.68744,-9.20702],[21.67812,-9.2642],[21.6847,-9.3384],[21.69648,-9.35088],[21.71224,-9.35478],[21.73949,-9.3426],[21.75672,-9.31849],[21.77629,-9.24125],[21.77703,-9.2007],[21.77418,-9.15046],[21.74164,-9.04275],[21.75328,-8.93075],[21.74798,-8.86854],[21.74749,-8.82115],[21.75575,-8.77656],[21.74767,-8.7258],[21.74084,-8.62708],[21.73514,-8.58144],[21.73725,-8.5603],[21.64928,-8.41932],[21.62468,-8.33957],[21.56673,-8.23035],[21.50368,-8.06923],[21.46851,-7.9673],[21.46219,-7.91142],[21.465,-7.84008],[21.45828,-7.76332],[21.43886,-7.77025],[21.41326,-7.77452],[21.3706,-7.78817],[21.33135,-7.77793],[21.29414,-7.78628]]]}},{"type":"Feature","properties":{"ISOCSUID":"AO152","LANDFORM":"LL","LITHOLOGY":"MB2","SOILS":"FRu","WRB":"Humic Ferralsols","DOMSOILS":"FR","CODE_WRB":"FR-hu"},"geometry":{"type":"Polygon","coordinates":[[[15.38197,-7.77487],[15.31587,-7.80744],[15.32452,-7.82843],[15.34949,-7.87558],[15.35278,-7.89332],[15.36018,-7.9054],[15.36948,-7.94288],[15.40026,-7.95106],[15.41402,-7.96495],[15.4339,-8.00346],[15.43835,-8.02065],[15.44346,-8.03042],[15.44328,-8.04697],[15.45236,-8.06593],[15.48209,-8.09194],[15.49235,-8.11476],[15.49508,-8.13958],[15.49312,-8.1601],[15.50166,-8.17563],[15.51896,-8.185],[15.51532,-8.20036],[15.52032,-8.22155],[15.54583,-8.22361],[15.57374,-8.21828],[15.60577,-8.20673],[15.60565,-8.21929],[15.63333,-8.23621],[15.64473,-8.25634],[15.66543,-8.27545],[15.67216,-8.29895],[15.69051,-8.32145],[15.70101,-8.37525],[15.70583,-8.41527],[15.70551,-8.44838],[15.70173,-8.47744],[15.70897,-8.50951],[15.71384,-8.54554],[15.71469,-8.57695],[15.72074,-8.61186],[15.72368,-8.66671],[15.71577,-8.70315],[15.6913,-8.76678],[15.67376,-8.77683],[15.66387,-8.77784],[15.65236,-8.76569],[15.61182,-8.75468],[15.60457,-8.77762],[15.59714,-8.82205],[15.59793,-8.85804],[15.6011,-8.88949],[15.62233,-8.93686],[15.6438,-8.92261],[15.67243,-8.90929],[15.67505,-8.93845],[15.68117,-8.96651],[15.70725,-8.97656],[15.72536,-8.96823],[15.72729,-8.94998],[15.72478,-8.9094],[15.71854,-8.89276],[15.70072,-8.87254],[15.7148,-8.85959],[15.72759,-8.86033],[15.73559,-8.87471],[15.75185,-8.87721],[15.75902,-8.85732],[15.79705,-8.83268],[15.83145,-8.82284],[15.8594,-8.8192],[15.87161,-8.81935],[15.89648,-8.8328],[15.90998,-8.81926],[15.90787,-8.79639],[15.89699,-8.77856],[15.87325,-8.76798],[15.86233,-8.75414],[15.86833,-8.73423],[15.84404,-8.72193],[15.82615,-8.70857],[15.84009,-8.64823],[15.84052,-8.60256],[15.83327,-8.56992],[15.81558,-8.53715],[15.8063,-8.47423],[15.81152,-8.41436],[15.81629,-8.40129],[15.83217,-8.3798],[15.86265,-8.34879],[15.88265,-8.3205],[15.92298,-8.32617],[15.92068,-8.2643],[15.90703,-8.22505],[15.87716,-8.18153],[15.82767,-8.17215],[15.79439,-8.16874],[15.76794,-8.15508],[15.75855,-8.1218],[15.75855,-8.08938],[15.7321,-8.0561],[15.692,-8.05269],[15.64076,-8.05321],[15.63081,-8.02728],[15.60167,-7.98409],[15.58728,-7.97419],[15.54822,-7.93885],[15.53555,-7.93126],[15.50353,-7.88916],[15.48742,-7.87753],[15.44305,-7.85351],[15.41085,-7.83023],[15.39823,-7.81807],[15.38968,-7.80483],[15.38064,-7.78359],[15.38197,-7.77487]]]}},{"type":"Feature","properties":{"ISOCSUID":"AO193","LANDFORM":"CV","LITHOLOGY":"MA2","SOILS":"ARo","WRB":"Dystri-Ferralic Arenosols","DOMSOILS":"AR","CODE_WRB":"AR-fl-dy"},"geometry":{"type":"Polygon","coordinates":[[[20.29794,-8.07248],[20.31764,-8.06901],[20.33322,-8.05585],[20.34181,-8.03529],[20.34153,-7.98622],[20.32903,-7.92804],[20.31905,-7.9041],[20.31369,-7.87843],[20.28841,-7.81287],[20.28081,-7.80091],[20.24425,-7.79071],[20.22982,-7.80101],[20.22355,-7.82099],[20.23373,-7.88316],[20.25437,-7.95045],[20.25627,-7.98012],[20.28044,-8.05425],[20.29096,-8.06964],[20.29794,-8.07248]]]}},{"type":"Feature","properties":{"ISOCSUID":"AO24","LANDFORM":"LL","LITHOLOGY":"SC1","SOILS":"CMx","WRB":"Eutri-Chromic Cambisols","DOMSOILS":"CM","CODE_WRB":"CM-cr-eu"},"geometry":{"type":"Polygon","coordinates":[[[13.16629,-7.9112],[13.15916,-7.9226],[13.16413,-7.94254],[13.18072,-7.96274],[13.18534,-7.97491],[13.19163,-8.00872],[13.20556,-8.03139],[13.21212,-8.05593],[13.23487,-8.09166],[13.26501,-8.12896],[13.26806,-8.1402],[13.2651,-8.14917],[13.26889,-8.17097],[13.27514,-8.17508],[13.29007,-8.19374],[13.30143,-8.22388],[13.34646,-8.28293],[13.387,-8.36221],[13.39901,-8.40878],[13.39072,-8.4125],[13.39409,-8.44143],[13.39275,-8.44993],[13.38427,-8.46192],[13.38307,-8.4696],[13.42079,-8.48448],[13.43269,-8.50128],[13.44043,-8.52428],[13.4551,-8.54913],[13.47808,-8.56388],[13.50521,-8.57414],[13.53535,-8.57819],[13.59745,-8.5823],[13.6509,-8.58056],[13.63545,-8.56879],[13.58004,-8.4786],[13.56063,-8.45879],[13.53364,-8.44112],[13.50715,-8.42801],[13.5021,-8.41763],[13.49909,-8.39017],[13.48413,-8.34933],[13.4815,-8.33329],[13.45369,-8.29675],[13.39135,-8.24408],[13.36574,-8.21557],[13.34223,-8.16712],[13.32141,-8.13072],[13.30899,-8.11162],[13.29305,-8.09473],[13.25688,-8.04145],[13.24062,-8.01086],[13.21612,-7.95497],[13.19521,-7.92541],[13.16629,-7.9112]]]}},{"type":"Feature","properties":{"ISOCSUID":"AO182","LANDFORM":"LP","LITHOLOGY":"UE","SOILS":"ARo","WRB":"Dystri-Ferralic Arenosols","DOMSOILS":"AR","CODE_WRB":"AR-fl-dy"},"geometry":{"type":"Polygon","coordinates":[[[18.26446,-7.99302],[18.30519,-8.0638],[18.32889,-8.13696],[18.34451,-8.17412],[18.36072,-8.20558],[18.38217,-8.23478],[18.40362,-8.25599],[18.4419,-8.27555],[18.47439,-8.28824],[18.5301,-8.31928],[18.54983,-8.33705],[18.56839,-8.3588],[18.58231,-8.40509],[18.57824,-8.42562],[18.55037,-8.43865],[18.45338,-8.46568],[18.45859,-8.48853],[18.50793,-8.53497],[18.52012,-8.55271],[18.52011,-8.57212],[18.51545,-8.58809],[18.49221,-8.59656],[18.4591,-8.59186],[18.44341,-8.58495],[18.39639,-8.55336],[18.35171,-8.50635],[18.29314,-8.43017],[18.25837,-8.37692],[18.24912,-8.35291],[18.22943,-8.31914],[18.18597,-8.27441],[18.16976,-8.24921],[18.11945,-8.15079],[18.10732,-8.12162],[18.10179,-8.09369],[18.10036,-8.09906],[18.0,-8.0976],[17.98196,-8.11272],[17.97248,-8.10927],[17.95877,-8.09101],[17.93987,-8.08239],[17.88492,-8.07897],[17.82524,-8.09148],[17.81794,-8.09531],[17.80529,-8.10797],[17.79682,-8.11091],[17.78372,-8.11279],[17.75719,-8.10139],[17.72112,-8.09686],[17.68525,-8.1015],[17.61132,-8.12849],[17.56695,-8.12792],[17.54863,-8.14732],[17.5503,-8.16731],[17.55715,-8.19589],[17.55823,-8.21816],[17.56449,-8.25245],[17.57309,-8.28048],[17.5867,-8.3679],[17.59356,-8.39706],[17.60565,-8.42626],[17.61723,-8.43718],[17.61719,-8.44803],[17.60951,-8.4552],[17.62425,-8.46189],[17.65503,-8.47069],[17.67482,-8.47071],[17.70483,-8.46288],[17.72637,-8.44532],[17.75609,-8.40955],[17.77646,-8.3937],[17.80203,-8.38758],[17.83802,-8.38723],[17.8734,-8.4],[17.90645,-8.41846],[17.98708,-8.45545],[18.02592,-8.48249],[18.05025,-8.51402],[18.10068,-8.56795],[18.17443,-8.58602],[18.22729,-8.58799],[18.29291,-8.61684],[18.326,-8.63926],[18.35097,-8.65307],[18.37652,-8.67316],[18.40498,-8.68641],[18.46245,-8.78714],[18.4752,-8.84314],[18.47635,-8.87341],[18.47226,-8.89566],[18.43266,-8.96745],[18.41226,-9.01762],[18.41572,-9.06046],[18.43199,-9.0788],[18.47387,-9.11438],[18.54893,-9.15978],[18.59607,-9.17537],[18.67466,-9.21847],[18.69562,-9.2271],[18.7224,-9.23233],[18.74977,-9.24269],[18.78761,-9.24395],[18.84411,-9.2738],[18.86684,-9.29728],[18.92569,-9.33569],[18.96593,-9.38891],[18.98925,-9.4118],[19.00326,-9.4324],[19.03067,-9.45816],[19.05865,-9.46907],[19.09248,-9.49084],[19.12229,-9.54915],[19.14391,-9.58403],[19.16201,-9.60234],[19.17139,-9.63035],[19.18601,-9.65722],[19.18491,-9.6932],[19.1788,-9.71341],[19.20662,-9.77092],[19.21547,-9.81065],[19.22244,-9.8075],[19.2341,-9.80066],[19.26024,-9.74586],[19.26662,-9.73045],[19.27123,-9.70246],[19.28107,-9.66706],[19.29325,-9.63852],[19.32636,-9.58144],[19.36172,-9.49751],[19.36344,-9.48666],[19.36104,-9.45696],[19.34519,-9.40325],[19.33523,-9.37925],[19.32225,-9.30499],[19.29998,-9.23872],[19.2941,-9.21415],[19.28183,-9.19129],[19.24905,-9.09988],[19.22514,-9.07072],[19.18365,-8.97415],[19.14221,-8.88786],[19.116,-8.85926],[19.045,-8.81402],[19.01532,-8.79226],[18.9973,-8.78765],[18.96704,-8.75846],[18.95422,-8.7316],[18.94663,-8.69561],[18.93206,-8.64762],[18.93205,-8.6362],[18.91921,-8.56937],[18.90289,-8.50939],[18.85581,-8.45675],[18.82909,-8.43099],[18.82037,-8.42697],[18.75997,-8.36115],[18.7408,-8.34854],[18.68449,-8.27872],[18.67288,-8.25985],[18.65722,-8.24553],[18.58527,-8.19448],[18.55917,-8.16072],[18.54526,-8.13613],[18.53425,-8.10755],[18.53426,-8.09328],[18.54471,-8.0665],[18.56733,-8.05631],[18.62126,-8.06335],[18.64156,-8.06856],[18.68332,-8.06755],[18.6955,-8.05846],[18.69955,-8.04592],[18.69259,-7.98712],[18.67693,-7.94199],[18.66446,-7.92104],[18.53232,-7.92038],[18.53069,-7.92586],[18.53511,-7.93272],[18.53195,-7.94192],[18.53576,-7.96003],[18.53115,-7.9938],[18.52732,-8.0],[18.39107,-8.0],[18.39845,-8.01322],[18.38618,-8.01762],[18.37566,-8.02733],[18.36493,-8.02142],[18.35933,-8.02592],[18.35402,-8.02653],[18.33088,-8.01905],[18.33003,-8.01445],[18.32637,-8.01278],[18.31938,-8.01772],[18.3127,-8.01762],[18.30424,-8.01381],[18.30197,-8.01171],[18.29981,-8.0],[18.30766,-7.99384],[18.30117,-7.99017],[18.28514,-7.98776],[18.26446,-7.99302]]]}},{"type":"Feature","properties":{"ISOCSUID":"AO192","LANDFORM":"CV","LITHOLOGY":"MA2","SOILS":"FRr","WRB":"Rhodic Ferralsols","DOMSOILS":"FR","CODE_WRB":"FR-ro"},"geometry":{"type":"Polygon","coordinates":[[[20.56905,-9.13297],[20.56848,-9.11651],[20.55573,-9.03374],[20.56241,-8.9869],[20.56811,-8.96804],[20.58827,-8.93714],[20.61639,-8.87824],[20.61416,-8.80516],[20.60979,-8.75835],[20.59481,-8.68989],[20.55766,-8.6055],[20.52015,-8.55366],[20.52529,-8.53766],[20.54377,-8.5222],[20.55353,-8.50333],[20.55145,-8.45082],[20.55751,-8.39885],[20.56042,-8.30866],[20.5725,-8.19961],[20.56903,-8.11002],[20.56351,-8.06381],[20.56846,-8.02157],[20.56701,-7.97535],[20.55873,-7.94913],[20.53425,-7.92923],[20.49894,-7.93675],[20.47009,-7.95908],[20.44419,-7.99224],[20.43105,-8.0248],[20.48545,-8.19644],[20.47983,-8.22784],[20.45756,-8.28783],[20.45423,-8.31238],[20.4843,-8.38993],[20.48853,-8.41618],[20.48408,-8.44758],[20.47553,-8.47501],[20.46482,-8.52927],[20.46692,-8.58806],[20.48069,-8.65482],[20.51966,-8.75406],[20.52575,-8.798],[20.53516,-8.8151],[20.54053,-8.83679],[20.53039,-8.89049],[20.50107,-8.94482],[20.47854,-8.97],[20.4577,-8.98719],[20.42649,-9.02268],[20.38126,-9.04905],[20.33964,-9.09769],[20.32409,-9.12628],[20.31784,-9.1537],[20.318,-9.1834],[20.32053,-9.2188],[20.32828,-9.25191],[20.32791,-9.2896],[20.33287,-9.34271],[20.31997,-9.43184],[20.3006,-9.51241],[20.29908,-9.55468],[20.2998,-9.57981],[20.30804,-9.5935],[20.31331,-9.59749],[20.33139,-9.59916],[20.36801,-9.58137],[20.38184,-9.55221],[20.3927,-9.51563],[20.39946,-9.47677],[20.39814,-9.44993],[20.38838,-9.37456],[20.38985,-9.32601],[20.40209,-9.22718],[20.42493,-9.15231],[20.43419,-9.14201],[20.45857,-9.13224],[20.47371,-9.1322],[20.48435,-9.16015],[20.4959,-9.24007],[20.49427,-9.25835],[20.49791,-9.28233],[20.50499,-9.29773],[20.51783,-9.30112],[20.54047,-9.29077],[20.55548,-9.27017],[20.54952,-9.24849],[20.54511,-9.19482],[20.54677,-9.18167],[20.56766,-9.17019],[20.57335,-9.15019],[20.56905,-9.13297]]]}},{"type":"Feature","properties":{"ISOCSUID":"AO155","LANDFORM":"LV","LITHOLOGY":"UF","SOILS":"FLe","WRB":"Eutric Fluvisols","DOMSOILS":"FL","CODE_WRB":"FL-eu"},"geometry":{"type":"Polygon","coordinates":[[[15.48209,-8.09194],[15.45236,-8.06593],[15.44328,-8.04697],[15.44346,-8.03042],[15.43835,-8.02065],[15.4339,-8.00346],[15.41402,-7.96495],[15.40026,-7.95106],[15.36948,-7.94288],[15.37625,-7.9724],[15.3887,-8.00054],[15.40218,-8.04068],[15.404,-8.08637],[15.40909,-8.09785],[15.42574,-8.11407],[15.44955,-8.11155],[15.48025,-8.11597],[15.49235,-8.11476],[15.48209,-8.09194]]]}},{"type":"Feature","properties":{"ISOCSUID":"AO183","LANDFORM":"SH","LITHOLOGY":"UE","SOILS":"ARo","WRB":"Dystri-Ferralic Arenosols","DOMSOILS":"AR","CODE_WRB":"AR-fl-dy"},"geometry":{"type":"Polygon","coordinates":[[[18.10179,-8.09369],[18.10732,-8.12162],[18.11945,-8.15079],[18.16976,-8.24921],[18.18597,-8.27441],[18.22943,-8.31914],[18.24912,-8.35291],[18.25837,-8.37692],[18.29314,-8.43017],[18.35171,-8.50635],[18.39639,-8.55336],[18.44341,-8.58495],[18.4591,-8.59186],[18.49221,-8.59656],[18.51545,-8.58809],[18.52011,-8.57212],[18.52012,-8.55271],[18.50793,-8.53497],[18.45859,-8.48853],[18.45338,-8.46568],[18.55037,-8.43865],[18.57824,-8.42562],[18.58231,-8.40509],[18.56839,-8.3588],[18.54983,-8.33705],[18.5301,-8.31928],[18.47439,-8.28824],[18.4419,-8.27555],[18.40362,-8.25599],[18.38217,-8.23478],[18.36072,-8.20558],[18.34451,-8.17412],[18.32889,-8.13696],[18.30519,-8.0638],[18.26446,-7.99302],[18.24206,-7.99307],[18.22653,-7.98923],[18.21698,-7.98945],[18.20901,-7.99365],[18.15323,-8.00854],[18.13517,-8.03479],[18.0982,-8.04018],[18.09505,-8.05485],[18.08749,-8.06799],[18.10347,-8.08733],[18.10179,-8.09369]]]}},{"type":"Feature","properties":{"ISOCSUID":"AO164","LANDFORM":"LD","LITHOLOGY":"MB2","SOILS":"LVx","WRB":"Chromi-Humic Luvisols","DOMSOILS":"LV","CODE_WRB":"LV-hu-cr"},"geometry":{"type":"Polygon","coordinates":[[[16.77241,-8.04671],[16.75692,-8.03399],[16.72803,-8.01774],[16.69327,-8.01283],[16.65994,-8.01414],[16.63921,-8.03169],[16.60955,-8.04395],[16.59953,-8.06724],[16.59928,-8.10377],[16.58445,-8.15156],[16.5843,-8.17324],[16.55564,-8.20605],[16.49551,-8.24011],[16.50165,-8.28939],[16.49192,-8.35151],[16.4854,-8.36971],[16.47749,-8.41929],[16.4653,-8.45215],[16.46422,-8.5237],[16.46763,-8.57063],[16.48896,-8.6133],[16.53163,-8.66023],[16.55296,-8.67729],[16.58197,-8.70972],[16.59648,-8.73873],[16.57088,-8.78822],[16.57515,-8.81723],[16.59306,-8.82832],[16.61781,-8.84966],[16.63231,-8.8744],[16.61013,-8.88123],[16.55723,-8.88891],[16.52822,-8.88891],[16.4873,-8.87646],[16.52173,-8.96959],[16.53435,-8.99541],[16.54529,-9.01095],[16.65545,-9.0686],[16.67114,-9.07047],[16.69723,-9.08558],[16.72037,-9.10636],[16.78095,-9.19033],[16.82111,-9.19242],[16.84968,-9.18527],[16.8515,-9.17215],[16.84585,-9.14468],[16.8372,-9.13032],[16.81812,-9.11073],[16.81646,-9.09701],[16.83567,-9.09547],[16.86242,-9.09915],[16.87932,-9.09531],[16.88867,-9.08911],[16.88472,-9.06852],[16.89464,-9.0629],[16.91038,-9.05847],[16.9437,-9.03308],[16.97133,-8.98193],[16.98533,-8.97577],[16.98751,-9.00092],[16.98335,-9.01801],[16.96095,-9.06864],[16.96376,-9.08523],[16.97065,-9.10185],[16.98226,-9.10709],[16.9922,-9.09918],[17.00229,-9.0633],[17.00713,-9.03136],[17.01947,-9.0092],[17.03408,-8.99676],[17.05439,-9.00607],[17.08261,-9.06057],[17.09002,-9.08976],[17.08463,-9.11769],[17.06592,-9.13409],[17.0606,-9.14947],[17.06229,-9.1609],[17.06041,-9.18487],[17.06789,-9.2015],[17.07587,-9.23412],[17.11513,-9.29671],[17.12544,-9.33107],[17.12181,-9.35674],[17.11004,-9.37891],[17.09361,-9.40219],[17.09232,-9.4256],[17.11961,-9.44468],[17.12939,-9.46875],[17.12285,-9.49383],[17.12739,-9.51728],[17.15927,-9.55239],[17.17488,-9.57766],[17.21832,-9.63285],[17.23965,-9.68557],[17.26246,-9.79372],[17.27569,-9.7584],[17.3047,-9.72939],[17.33286,-9.71147],[17.36187,-9.71488],[17.40454,-9.70806],[17.41136,-9.68673],[17.40795,-9.65772],[17.41136,-9.6398],[17.42587,-9.63638],[17.44379,-9.6398],[17.46512,-9.65089],[17.50554,-9.62488],[17.49416,-9.61439],[17.43849,-9.54201],[17.44087,-9.53118],[17.47236,-9.52684],[17.50497,-9.53279],[17.51956,-9.52889],[17.53001,-9.5381],[17.54809,-9.53595],[17.55921,-9.52289],[17.56973,-9.51554],[17.58193,-9.52533],[17.58422,-9.53563],[17.59582,-9.55341],[17.60803,-9.56206],[17.62724,-9.56676],[17.64356,-9.56687],[17.65116,-9.56293],[17.65471,-9.54581],[17.65069,-9.52865],[17.61994,-9.49018],[17.59146,-9.4677],[17.60258,-9.45636],[17.61487,-9.43874],[17.6628,-9.39336],[17.66519,-9.3751],[17.67048,-9.36086],[17.69854,-9.32963],[17.71671,-9.30315],[17.71209,-9.28117],[17.69177,-9.26219],[17.6755,-9.25409],[17.65513,-9.24881],[17.60921,-9.22966],[17.59935,-9.2176],[17.59304,-9.19071],[17.59373,-9.16273],[17.5909,-9.1393],[17.58993,-9.08504],[17.58481,-9.05188],[17.57384,-9.02954],[17.54602,-9.00136],[17.51543,-8.98812],[17.51303,-8.95773],[17.50553,-8.94168],[17.47308,-8.9089],[17.45921,-8.88881],[17.45172,-8.86992],[17.43148,-8.84407],[17.37063,-8.79565],[17.35732,-8.78071],[17.34808,-8.7675],[17.3424,-8.73834],[17.31826,-8.67706],[17.28405,-8.66081],[17.24286,-8.64563],[17.21743,-8.61802],[17.21033,-8.60591],[17.17392,-8.60396],[17.15871,-8.62496],[17.14756,-8.646],[17.11132,-8.68794],[17.09448,-8.68551],[17.09462,-8.65925],[17.07443,-8.63053],[17.06368,-8.57677],[17.05625,-8.55387],[17.04759,-8.54352],[17.01751,-8.52156],[17.00719,-8.49693],[17.03121,-8.45775],[17.01561,-8.44334],[16.97098,-8.42924],[16.9519,-8.41423],[16.94565,-8.39077],[16.94799,-8.38851],[16.97,-8.39727],[17.00184,-8.4141],[17.02219,-8.40972],[16.9956,-8.38836],[16.99046,-8.37347],[16.99538,-8.32386],[16.99146,-8.29871],[16.93017,-8.25763],[16.89724,-8.23222],[16.87655,-8.19892],[16.8559,-8.15935],[16.85021,-8.14103],[16.83644,-8.11636],[16.81384,-8.09019],[16.80468,-8.09621],[16.79615,-8.11242],[16.78505,-8.12266],[16.79615,-8.1602],[16.79103,-8.19604],[16.76884,-8.22335],[16.74921,-8.31806],[16.73898,-8.34793],[16.72276,-8.38035],[16.70143,-8.40339],[16.67071,-8.40766],[16.64256,-8.40168],[16.62976,-8.37352],[16.63317,-8.33598],[16.67071,-8.26601],[16.67839,-8.25662],[16.67242,-8.24468],[16.6801,-8.23188],[16.69375,-8.22335],[16.75348,-8.16959],[16.76372,-8.08853],[16.77241,-8.04671]]]}},{"type":"Feature","properties":{"ISOCSUID":"AO163","LANDFORM":"SH","LITHOLOGY":"MB2","SOILS":"LVx","WRB":"Chromi-Humic Luvisols","DOMSOILS":"LV","CODE_WRB":"LV-hu-cr"},"geometry":{"type":"Polygon","coordinates":[[[16.49551,-8.24011],[16.55564,-8.20605],[16.5843,-8.17324],[16.58445,-8.15156],[16.59928,-8.10377],[16.59953,-8.06724],[16.60955,-8.04395],[16.63921,-8.03169],[16.65994,-8.01414],[16.62943,-8.02132],[16.60497,-8.03648],[16.59038,-8.04889],[16.57751,-8.06474],[16.564,-8.08914],[16.53631,-8.14992],[16.51,-8.17761],[16.42555,-8.2218],[16.40755,-8.22275],[16.34531,-8.24262],[16.33452,-8.26601],[16.30636,-8.30355],[16.27906,-8.31806],[16.26448,-8.3359],[16.26843,-8.34964],[16.26363,-8.369],[16.25298,-8.39399],[16.24299,-8.40815],[16.24054,-8.42411],[16.24214,-8.4424],[16.23857,-8.45263],[16.19626,-8.51266],[16.16502,-8.56711],[16.17875,-8.59296],[16.20486,-8.59725],[16.24674,-8.59031],[16.26948,-8.58086],[16.28521,-8.60298],[16.35483,-8.51216],[16.38818,-8.48112],[16.41911,-8.46148],[16.44412,-8.4549],[16.4653,-8.45215],[16.47749,-8.41929],[16.4854,-8.36971],[16.49192,-8.35151],[16.50165,-8.28939],[16.49551,-8.24011]]]}},{"type":"Feature","properties":{"ISOCSUID":"AO166","LANDFORM":"LL","LITHOLOGY":"SC2","SOILS":"ARh","WRB":"Hyperdystric Arenosols","DOMSOILS":"AR","CODE_WRB":"AR-dyh"},"geometry":{"type":"Polygon","coordinates":[[[16.78576,-8.05767],[16.77241,-8.04671],[16.76372,-8.08853],[16.75348,-8.16959],[16.69375,-8.22335],[16.6801,-8.23188],[16.67242,-8.24468],[16.67839,-8.25662],[16.67071,-8.26601],[16.63317,-8.33598],[16.62976,-8.37352],[16.64256,-8.40168],[16.67071,-8.40766],[16.70143,-8.40339],[16.72276,-8.38035],[16.73898,-8.34793],[16.74921,-8.31806],[16.76884,-8.22335],[16.79103,-8.19604],[16.79615,-8.1602],[16.78505,-8.12266],[16.79615,-8.11242],[16.80468,-8.09621],[16.81384,-8.09019],[16.82857,-8.07146],[16.8371,-8.04416],[16.83369,-8.02965],[16.8226,-8.02624],[16.80297,-8.04586],[16.78576,-8.05767]]]}},{"type":"Feature","properties":{"ISOCSUID":"AO191","LANDFORM":"LP","LITHOLOGY":"UE","SOILS":"ARo","WRB":"Dystri-Ferralic Arenosols","DOMSOILS":"AR","CODE_WRB":"AR-fl-dy"},"geometry":{"type":"Polygon","coordinates":[[[21.16896,-9.30657],[21.2281,-9.2908],[21.28149,-9.25516],[21.28237,-9.22203],[21.28909,-9.19173],[21.2924,-9.10547],[21.28522,-9.08324],[21.28498,-9.0564],[21.28934,-9.02269],[21.28724,-8.98158],[21.27002,-8.87546],[21.26222,-8.8481],[21.25478,-8.79447],[21.21953,-8.68445],[21.19388,-8.53786],[21.18549,-8.50708],[21.16291,-8.44668],[21.15691,-8.42388],[21.14844,-8.31204],[21.14791,-8.17849],[21.13712,-8.13745],[21.1268,-8.08157],[21.10677,-8.04344],[21.08356,-8.04183],[21.07675,-8.0607],[21.06635,-8.13722],[21.06392,-8.19601],[21.06591,-8.22739],[21.10705,-8.43268],[21.11027,-8.47149],[21.13517,-8.53245],[21.13896,-8.56954],[21.15764,-8.65051],[21.1668,-8.70299],[21.18769,-8.76798],[21.18783,-8.78453],[21.19839,-8.86385],[21.20046,-8.90209],[21.19808,-8.96435],[21.21027,-9.02938],[21.21206,-9.10247],[21.19538,-9.19507],[21.16977,-9.26373],[21.16896,-9.30657]]]}},{"type":"Feature","properties":{"ISOCSUID":"AO181","LANDFORM":"LV","LITHOLOGY":"UF","SOILS":"FLe","WRB":"Eutric Fluvisols","DOMSOILS":"FL","CODE_WRB":"FL-eu"},"geometry":{"type":"Polygon","coordinates":[[[17.51234,-8.08517],[17.50359,-8.09336],[17.49831,-8.10816],[17.50571,-8.14531],[17.52118,-8.19621],[17.51832,-8.33603],[17.52284,-8.36974],[17.51811,-8.39083],[17.48014,-8.45049],[17.52766,-8.47481],[17.54097,-8.48803],[17.55082,-8.49381],[17.55551,-8.483],[17.57125,-8.46541],[17.5858,-8.45695],[17.60951,-8.4552],[17.61719,-8.44803],[17.61723,-8.43718],[17.60565,-8.42626],[17.59356,-8.39706],[17.5867,-8.3679],[17.57309,-8.28048],[17.56449,-8.25245],[17.55823,-8.21816],[17.55715,-8.19589],[17.5503,-8.16731],[17.54863,-8.14732],[17.56695,-8.12792],[17.56033,-8.12745],[17.54302,-8.11539],[17.52938,-8.10188],[17.52826,-8.09249],[17.51234,-8.08517]]]}},{"type":"Feature","properties":{"ISOCSUID":"AO193","LANDFORM":"CV","LITHOLOGY":"MA2","SOILS":"ARo","WRB":"Dystri-Ferralic Arenosols","DOMSOILS":"AR","CODE_WRB":"AR-fl-dy"},"geometry":{"type":"Polygon","coordinates":[[[20.89019,-9.42683],[20.87124,-9.36845],[20.86862,-9.32905],[20.87135,-9.30505],[20.86886,-9.28336],[20.86228,-9.25883],[20.85798,-9.22972],[20.82384,-9.09793],[20.827,-9.05166],[20.82449,-9.02655],[20.83043,-8.96371],[20.84562,-8.89341],[20.84755,-8.83859],[20.85459,-8.76776],[20.85552,-8.73636],[20.88275,-8.72426],[20.89048,-8.74764],[20.89412,-8.7676],[20.89197,-8.79102],[20.89277,-8.82071],[20.88731,-8.86755],[20.88166,-8.89099],[20.87821,-8.9738],[20.8952,-9.14619],[20.90606,-9.19697],[20.91787,-9.21805],[20.93943,-9.22139],[20.95155,-9.20649],[20.95362,-9.17279],[20.95861,-9.14078],[20.95953,-9.1088],[20.95443,-9.05114],[20.95543,-9.03001],[20.96111,-9.01228],[20.9669,-9.00826],[20.97853,-9.00764],[20.99789,-9.02811],[21.01246,-9.03205],[21.0147,-9.02004],[21.0104,-8.99094],[21.00505,-8.97726],[21.00309,-8.94986],[20.99704,-8.91962],[20.98991,-8.90024],[20.9693,-8.86721],[20.95743,-8.83643],[20.95138,-8.80619],[20.94888,-8.78279],[20.95214,-8.75309],[20.95164,-8.68857],[20.95371,-8.65431],[20.94545,-8.63779],[20.92751,-8.57164],[20.91568,-8.54314],[20.9091,-8.51805],[20.87152,-8.4634],[20.8661,-8.43717],[20.85921,-8.36813],[20.85819,-8.30877],[20.86527,-8.24539],[20.86096,-8.21287],[20.82091,-8.21017],[20.81346,-8.22333],[20.80037,-8.25991],[20.7931,-8.29817],[20.78765,-8.34785],[20.78783,-8.3724],[20.8043,-8.48307],[20.80892,-8.5607],[20.81667,-8.58864],[20.81169,-8.62234],[20.81681,-8.68855],[20.80926,-8.76908],[20.79272,-8.81482],[20.79296,-8.84794],[20.78226,-8.89651],[20.78036,-8.95762],[20.77128,-8.98963],[20.76688,-9.02562],[20.77121,-9.06158],[20.76971,-9.09699],[20.77458,-9.12667],[20.77485,-9.16436],[20.78462,-9.22886],[20.78078,-9.26257],[20.78045,-9.29798],[20.78374,-9.35108],[20.76157,-9.42884],[20.74314,-9.45918],[20.69827,-9.54444],[20.65153,-9.61485],[20.63892,-9.64631],[20.63439,-9.66689],[20.63578,-9.70058],[20.65004,-9.73995],[20.66213,-9.80446],[20.67983,-9.83296],[20.70327,-9.84888],[20.7272,-9.84937],[20.73586,-9.8362],[20.73169,-9.82422],[20.73253,-9.7768],[20.73016,-9.77224],[20.72942,-9.74996],[20.72229,-9.73114],[20.72394,-9.71628],[20.71773,-9.66147],[20.72167,-9.64146],[20.72912,-9.62258],[20.7487,-9.5871],[20.77818,-9.55215],[20.7949,-9.52639],[20.80466,-9.50579],[20.81034,-9.48635],[20.84983,-9.46791],[20.88986,-9.44434],[20.89019,-9.42683]]]}},{"type":"Feature","properties":{"ISOCSUID":"AO162","LANDFORM":"SE","LITHOLOGY":"MA4","SOILS":"RGd","WRB":"Dystri-Arenic Regosols","DOMSOILS":"RG","CODE_WRB":"RG-ar-dy"},"geometry":{"type":"Polygon","coordinates":[[[16.30636,-8.30355],[16.33452,-8.26601],[16.34531,-8.24262],[16.23294,-8.28816],[16.20794,-8.29359],[16.15182,-8.34089],[16.13364,-8.36236],[16.12715,-8.37542],[16.12696,-8.39711],[16.16012,-8.44666],[16.11252,-8.52424],[16.09928,-8.57775],[16.10399,-8.6389],[16.11254,-8.65784],[16.12757,-8.66715],[16.145,-8.66793],[16.16368,-8.65787],[16.21554,-8.6402],[16.22948,-8.64207],[16.2422,-8.64964],[16.27176,-8.6591],[16.27571,-8.67342],[16.27556,-8.69169],[16.26963,-8.70704],[16.23453,-8.73462],[16.22104,-8.74931],[16.22786,-8.7688],[16.2806,-8.78939],[16.32758,-8.80304],[16.35305,-8.81703],[16.37451,-8.82469],[16.38665,-8.83338],[16.39525,-8.85004],[16.41551,-8.86225],[16.42643,-8.8795],[16.44489,-8.89968],[16.46326,-8.93128],[16.48304,-9.01087],[16.49218,-9.03381],[16.50197,-9.04819],[16.51237,-9.058],[16.54257,-9.06574],[16.57739,-9.07924],[16.60182,-9.0812],[16.62776,-9.11801],[16.63465,-9.13179],[16.68498,-9.1774],[16.75568,-9.22778],[16.78469,-9.24348],[16.81374,-9.25347],[16.83876,-9.25599],[16.86092,-9.25105],[16.87445,-9.22719],[16.88144,-9.22725],[16.86782,-9.21059],[16.8353,-9.18887],[16.82111,-9.19242],[16.78095,-9.19033],[16.72037,-9.10636],[16.69723,-9.08558],[16.67114,-9.07047],[16.65545,-9.0686],[16.54529,-9.01095],[16.53435,-8.99541],[16.52173,-8.96959],[16.4873,-8.87646],[16.47252,-8.85829],[16.42122,-8.79893],[16.39326,-8.80548],[16.37068,-8.79267],[16.33549,-8.75745],[16.32935,-8.72598],[16.30328,-8.64062],[16.30109,-8.62403],[16.26948,-8.58086],[16.24674,-8.59031],[16.20486,-8.59725],[16.17875,-8.59296],[16.16502,-8.56711],[16.19626,-8.51266],[16.23857,-8.45263],[16.24214,-8.4424],[16.24054,-8.42411],[16.24299,-8.40815],[16.25298,-8.39399],[16.26363,-8.369],[16.26843,-8.34964],[16.26448,-8.3359],[16.27906,-8.31806],[16.30636,-8.30355]]]}},{"type":"Feature","properties":{"ISOCSUID":"AO156","LANDFORM":"LP","LITHOLOGY":"MA4","SOILS":"FRr","WRB":"Rhodic Ferralsols","DOMSOILS":"FR","CODE_WRB":"FR-ro"},"geometry":{"type":"Polygon","coordinates":[[[16.11254,-8.65784],[16.12376,-8.68241],[16.11778,-8.6918],[16.08367,-8.70375],[16.04509,-8.66275],[16.00868,-8.64004],[15.95401,-8.58057],[15.93843,-8.56953],[15.93222,-8.54947],[15.93826,-8.52499],[15.92671,-8.51686],[15.90412,-8.5103],[15.8961,-8.49878],[15.91131,-8.48584],[15.92819,-8.48205],[15.94462,-8.46342],[15.96858,-8.44773],[15.96875,-8.42889],[15.9654,-8.414],[15.95043,-8.40012],[15.90464,-8.39156],[15.88792,-8.37879],[15.90557,-8.35332],[15.93193,-8.32797],[15.88265,-8.3205],[15.87381,-8.33523],[15.83217,-8.3798],[15.81629,-8.40129],[15.81152,-8.41436],[15.8063,-8.47423],[15.81558,-8.53715],[15.83327,-8.56992],[15.84052,-8.60256],[15.84009,-8.64823],[15.82615,-8.70857],[15.84404,-8.72193],[15.86833,-8.73423],[15.86233,-8.75414],[15.87325,-8.76798],[15.89699,-8.77856],[15.90787,-8.79639],[15.90998,-8.81926],[15.89648,-8.8328],[15.87161,-8.81935],[15.8594,-8.8192],[15.83145,-8.82284],[15.79705,-8.83268],[15.75902,-8.85732],[15.75185,-8.87721],[15.73559,-8.87471],[15.72759,-8.86033],[15.7148,-8.85959],[15.70072,-8.87254],[15.71854,-8.89276],[15.72478,-8.9094],[15.72729,-8.94998],[15.72536,-8.96823],[15.70725,-8.97656],[15.68117,-8.96651],[15.67505,-8.93845],[15.67243,-8.90929],[15.63093,-8.92986],[15.6192,-8.93942],[15.60787,-8.96668],[15.59783,-8.98139],[15.54361,-8.99265],[15.49002,-8.99819],[15.45677,-9.00629],[15.43521,-9.00942],[15.42067,-9.00864],[15.40431,-9.01584],[15.40005,-9.03234],[15.39986,-9.04947],[15.41113,-9.0839],[15.41747,-9.08912],[15.44011,-9.09458],[15.46987,-9.08757],[15.48331,-9.08205],[15.49716,-9.09309],[15.51509,-9.10305],[15.53366,-9.10844],[15.5317,-9.12898],[15.52141,-9.15532],[15.5773,-9.16615],[15.67732,-9.17663],[15.82119,-9.16764],[15.93892,-9.15256],[15.98032,-9.1445],[16.0572,-9.13857],[16.09928,-9.11908],[16.1442,-9.10705],[16.17342,-9.09197],[16.17822,-9.07546],[16.16957,-9.06508],[16.15273,-9.06146],[16.09974,-9.06598],[16.077,-9.07027],[16.059,-9.06663],[16.06497,-9.04843],[16.08362,-9.04523],[16.10757,-9.03466],[16.1268,-9.03146],[16.14787,-9.01686],[16.16305,-9.01075],[16.21516,-8.97023],[16.22306,-8.92864],[16.22308,-8.85554],[16.21049,-8.83142],[16.1835,-8.78999],[16.23453,-8.73462],[16.26963,-8.70704],[16.27556,-8.69169],[16.27571,-8.67342],[16.27176,-8.6591],[16.2422,-8.64964],[16.22948,-8.64207],[16.21554,-8.6402],[16.16368,-8.65787],[16.145,-8.66793],[16.12757,-8.66715],[16.11254,-8.65784]]]}},{"type":"Feature","properties":{"ISOCSUID":"AO176","LANDFORM":"LP","LITHOLOGY":"SC2","SOILS":"FRh","WRB":"Haplic Ferralsols","DOMSOILS":"FR","CODE_WRB":"FR-ha"},"geometry":{"type":"Polygon","coordinates":[[[18.19677,-8.58686],[18.17443,-8.58602],[18.10068,-8.56795],[18.05025,-8.51402],[18.02592,-8.48249],[17.98708,-8.45545],[17.90645,-8.41846],[17.8734,-8.4],[17.83802,-8.38723],[17.80203,-8.38758],[17.77646,-8.3937],[17.75609,-8.40955],[17.72637,-8.44532],[17.70483,-8.46288],[17.67482,-8.47071],[17.67285,-8.47397],[17.69428,-8.49078],[17.71632,-8.50177],[17.73544,-8.51617],[17.74287,-8.55504],[17.75384,-8.57623],[17.81819,-8.62401],[17.83903,-8.65212],[17.86855,-8.6974],[17.87838,-8.71687],[17.90148,-8.77239],[17.92052,-8.83188],[17.94135,-8.87368],[17.95372,-8.88215],[17.96232,-8.85896],[17.98677,-8.84539],[18.01875,-8.84671],[18.04549,-8.85085],[18.07628,-8.86357],[18.10765,-8.88087],[18.12156,-8.90606],[18.11096,-8.97796],[18.09752,-9.00987],[18.08054,-9.06574],[18.07758,-9.09085],[18.07811,-9.11655],[18.09551,-9.14748],[18.117,-9.17386],[18.13151,-9.19907],[18.1698,-9.27693],[18.18603,-9.32498],[18.19237,-9.36557],[18.20979,-9.40163],[18.21486,-9.47217],[18.26094,-9.48812],[18.279,-9.49049],[18.39205,-9.48699],[18.41944,-9.48824],[18.43575,-9.49345],[18.44973,-9.50093],[18.45729,-9.52267],[18.46661,-9.53698],[18.51262,-9.58286],[18.54002,-9.58582],[18.56158,-9.59275],[18.60647,-9.59577],[18.62162,-9.60439],[18.65194,-9.61477],[18.691,-9.63432],[18.73764,-9.64989],[18.75397,-9.65794],[18.77205,-9.6797],[18.78373,-9.71229],[18.81408,-9.76493],[18.82226,-9.78647],[18.84385,-9.79871],[18.87302,-9.80793],[18.89752,-9.80457],[18.9115,-9.78518],[18.90915,-9.76175],[18.9097,-9.7292],[18.90618,-9.70063],[18.91725,-9.68466],[18.93881,-9.675],[18.96448,-9.68477],[18.98899,-9.70139],[19.02049,-9.7146],[19.04734,-9.73008],[19.07127,-9.74726],[19.0981,-9.74903],[19.13309,-9.74738],[19.16516,-9.73829],[19.1788,-9.71341],[19.18491,-9.6932],[19.18601,-9.65722],[19.17139,-9.63035],[19.16201,-9.60234],[19.14391,-9.58403],[19.12229,-9.54915],[19.09248,-9.49084],[19.05865,-9.46907],[19.03067,-9.45816],[19.00326,-9.4324],[18.98925,-9.4118],[18.96593,-9.38891],[18.92569,-9.33569],[18.86684,-9.29728],[18.84411,-9.2738],[18.78761,-9.24395],[18.74977,-9.24269],[18.7224,-9.23233],[18.69562,-9.2271],[18.67466,-9.21847],[18.59607,-9.17537],[18.54893,-9.15978],[18.47387,-9.11438],[18.43199,-9.0788],[18.41572,-9.06046],[18.41226,-9.01762],[18.43266,-8.96745],[18.47226,-8.89566],[18.47635,-8.87341],[18.4752,-8.84314],[18.46245,-8.78714],[18.40498,-8.68641],[18.39113,-8.67997],[18.40781,-8.77549],[18.41651,-8.79951],[18.39788,-8.82912],[18.37346,-8.83644],[18.33859,-8.81631],[18.29387,-8.77557],[18.25264,-8.74283],[18.18011,-8.66655],[18.16968,-8.64823],[18.16914,-8.62539],[18.17789,-8.60088],[18.19677,-8.58686]]]}},{"type":"Feature","properties":{"ISOCSUID":"AO165","LANDFORM":"LD","LITHOLOGY":"SC2","SOILS":"FRr","WRB":"Rhodi-Acric Ferralsols","DOMSOILS":"FR","CODE_WRB":"FR-ac-ro"},"geometry":{"type":"Polygon","coordinates":[[[16.4653,-8.45215],[16.44412,-8.4549],[16.41911,-8.46148],[16.38818,-8.48112],[16.35483,-8.51216],[16.28521,-8.60298],[16.30109,-8.62403],[16.30328,-8.64062],[16.32935,-8.72598],[16.33549,-8.75745],[16.37068,-8.79267],[16.39326,-8.80548],[16.42122,-8.79893],[16.4873,-8.87646],[16.52822,-8.88891],[16.55723,-8.88891],[16.61013,-8.88123],[16.63231,-8.8744],[16.61781,-8.84966],[16.59306,-8.82832],[16.57515,-8.81723],[16.57088,-8.78822],[16.59648,-8.73873],[16.58197,-8.70972],[16.55296,-8.67729],[16.53163,-8.66023],[16.48896,-8.6133],[16.46763,-8.57063],[16.46422,-8.5237],[16.4653,-8.45215]]]}},{"type":"Feature","properties":{"ISOCSUID":"AO174","LANDFORM":"LD","LITHOLOGY":"SC2","SOILS":"ARo","WRB":"Hyperdystri-Ferralic Arenosols","DOMSOILS":"AR","CODE_WRB":"AR-fl-dyh"},"geometry":{"type":"Polygon","coordinates":[[[17.60951,-8.4552],[17.5858,-8.45695],[17.57125,-8.46541],[17.55551,-8.483],[17.55082,-8.49381],[17.54097,-8.48803],[17.52497,-8.47324],[17.52171,-8.51358],[17.52623,-8.54615],[17.5203,-8.57808],[17.5162,-8.58719],[17.50219,-8.60307],[17.48407,-8.63035],[17.47357,-8.63998],[17.45146,-8.64781],[17.43117,-8.63681],[17.3818,-8.63244],[17.36912,-8.60837],[17.36866,-8.58096],[17.35598,-8.55689],[17.27052,-8.57164],[17.24673,-8.56631],[17.18009,-8.53208],[17.16265,-8.53479],[17.1887,-8.55328],[17.21819,-8.58035],[17.22392,-8.59752],[17.21033,-8.60591],[17.21743,-8.61802],[17.24286,-8.64563],[17.28405,-8.66081],[17.31826,-8.67706],[17.3424,-8.73834],[17.34808,-8.7675],[17.37063,-8.79565],[17.43148,-8.84407],[17.45172,-8.86992],[17.45921,-8.88881],[17.47308,-8.9089],[17.50553,-8.94168],[17.51303,-8.95773],[17.51543,-8.98812],[17.54602,-9.00136],[17.56018,-9.0157],[17.58373,-9.01946],[17.6682,-9.05274],[17.68441,-9.07919],[17.69295,-9.10393],[17.70063,-9.16366],[17.71769,-9.19012],[17.7339,-9.20291],[17.76035,-9.21486],[17.76402,-9.24609],[17.78674,-9.24452],[17.80685,-9.3366],[17.81144,-9.3629],[17.80997,-9.36778],[17.84113,-9.36822],[17.85099,-9.38084],[17.85442,-9.40714],[17.8491,-9.43395],[17.85428,-9.4574],[17.87116,-9.46264],[17.88806,-9.46331],[17.94347,-9.44193],[17.94527,-9.41909],[17.94072,-9.37223],[17.92508,-9.33787],[17.90957,-9.25383],[17.91038,-9.16131],[17.9058,-9.13273],[17.90889,-9.06308],[17.9207,-8.99177],[17.95058,-8.90286],[17.95372,-8.88215],[17.94135,-8.87368],[17.92052,-8.83188],[17.88936,-8.74091],[17.86855,-8.6974],[17.81819,-8.62401],[17.75384,-8.57623],[17.74287,-8.55504],[17.73544,-8.51617],[17.71632,-8.50177],[17.69428,-8.49078],[17.67285,-8.47397],[17.67482,-8.47071],[17.65503,-8.47069],[17.62425,-8.46189],[17.60951,-8.4552]]]}},{"type":"Feature","properties":{"ISOCSUID":"AO10","LANDFORM":"LV","LITHOLOGY":"UF","SOILS":"FLe","WRB":"Eutric Fluvisols","DOMSOILS":"FL","CODE_WRB":"FL-eu"},"geometry":{"type":"Polygon","coordinates":[[[13.36557,-8.52472],[13.38624,-8.53343],[13.43808,-8.59161],[13.51519,-8.63545],[13.59428,-8.63248],[13.61798,-8.63981],[13.63253,-8.63839],[13.65161,-8.64448],[13.66471,-8.66016],[13.68506,-8.65942],[13.73091,-8.66376],[13.75239,-8.70015],[13.77855,-8.70009],[13.81587,-8.69283],[13.82,-8.68891],[13.80167,-8.67256],[13.77402,-8.65718],[13.74787,-8.62183],[13.71741,-8.60125],[13.65909,-8.57954],[13.59745,-8.5823],[13.53535,-8.57819],[13.50521,-8.57414],[13.47808,-8.56388],[13.4551,-8.54913],[13.44043,-8.52428],[13.43269,-8.50128],[13.42079,-8.48448],[13.38307,-8.4696],[13.38155,-8.4725],[13.36373,-8.4634],[13.35195,-8.46185],[13.34759,-8.46669],[13.35854,-8.48755],[13.35746,-8.50203],[13.36557,-8.52472]]]}},{"type":"Feature","properties":{"ISOCSUID":"AO27","LANDFORM":"LL","LITHOLOGY":"SO2","SOILS":"LVx","WRB":"Chromic Luvisols","DOMSOILS":"LV","CODE_WRB":"LV-cr"},"geometry":{"type":"Polygon","coordinates":[[[13.56744,-8.63304],[13.54075,-8.63597],[13.51519,-8.63545],[13.43808,-8.59161],[13.38624,-8.53343],[13.36557,-8.52472],[13.37191,-8.54958],[13.37049,-8.56836],[13.37356,-8.5819],[13.3859,-8.60275],[13.38826,-8.61285],[13.41123,-8.6325],[13.41404,-8.63915],[13.41573,-8.65315],[13.40929,-8.69771],[13.42909,-8.70677],[13.48468,-8.75246],[13.50954,-8.76096],[13.5543,-8.795],[13.57951,-8.81721],[13.60064,-8.83991],[13.61411,-8.86816],[13.64362,-8.87732],[13.67029,-8.88242],[13.6875,-8.89647],[13.70574,-8.9191],[13.72695,-8.9378],[13.74112,-8.96035],[13.7554,-8.97662],[13.75961,-9.00355],[13.74322,-9.00951],[13.73566,-9.00936],[13.71778,-8.99987],[13.69859,-8.99892],[13.68709,-8.99069],[13.6557,-8.95466],[13.64366,-8.94414],[13.58965,-8.87052],[13.55626,-8.85043],[13.46787,-8.81665],[13.43964,-8.80179],[13.4101,-8.79489],[13.39051,-8.78478],[13.37478,-8.76335],[13.36619,-8.77197],[13.35532,-8.77156],[13.3516,-8.76629],[13.34651,-8.76494],[13.33774,-8.76751],[13.32175,-8.75977],[13.31019,-8.75799],[13.30581,-8.75433],[13.29535,-8.7546],[13.3151,-8.80719],[13.32808,-8.82973],[13.33357,-8.84755],[13.35149,-8.88619],[13.36867,-8.9014],[13.38549,-8.90404],[13.41008,-8.89541],[13.4139,-8.87664],[13.40975,-8.848],[13.42761,-8.85751],[13.46118,-8.89989],[13.49971,-8.92581],[13.5066,-8.96422],[13.52741,-8.97207],[13.57094,-8.97809],[13.59116,-8.98649],[13.60974,-9.02342],[13.61277,-9.05033],[13.58317,-9.08],[13.58281,-9.10113],[13.56986,-9.10944],[13.54764,-9.11584],[13.49574,-9.12107],[13.47753,-9.1304],[13.45269,-9.16067],[13.46641,-9.1673],[13.5105,-9.1762],[13.5232,-9.18275],[13.55625,-9.19084],[13.58134,-9.18735],[13.60768,-9.17931],[13.62742,-9.18256],[13.66085,-9.20265],[13.67822,-9.20814],[13.69249,-9.22556],[13.71731,-9.27346],[13.72708,-9.28165],[13.81225,-9.27303],[13.82501,-9.27613],[13.84076,-9.31071],[13.8832,-9.37819],[13.92848,-9.41492],[13.94903,-9.42474],[13.97877,-9.46072],[13.99572,-9.49417],[14.04206,-9.51275],[14.07615,-9.53224],[14.08687,-9.51701],[14.0851,-9.48041],[14.07713,-9.43057],[14.04088,-9.40076],[14.03069,-9.38229],[14.01868,-9.36779],[13.98786,-9.29009],[13.97132,-9.23095],[13.97072,-9.19495],[13.95992,-9.14162],[13.96042,-9.10965],[13.89368,-8.98844],[13.86191,-8.93814],[13.85021,-8.90593],[13.83767,-8.89027],[13.80269,-8.85932],[13.77449,-8.84164],[13.72302,-8.82407],[13.69809,-8.81958],[13.65657,-8.79877],[13.63817,-8.78641],[13.61985,-8.77005],[13.60562,-8.75149],[13.59787,-8.72906],[13.57698,-8.69266],[13.56531,-8.66102],[13.56744,-8.63304]]]}},{"type":"Feature","properties":{"ISOCSUID":"AO178","LANDFORM":"SH","LITHOLOGY":"MA2","SOILS":"FRh","WRB":"Acric Ferralsols","DOMSOILS":"FR","CODE_WRB":"FR-ac"},"geometry":{"type":"Polygon","coordinates":[[[18.19677,-8.58686],[18.17789,-8.60088],[18.16914,-8.62539],[18.16968,-8.64823],[18.18011,-8.66655],[18.25264,-8.74283],[18.29387,-8.77557],[18.33859,-8.81631],[18.37346,-8.83644],[18.39788,-8.82912],[18.41651,-8.79951],[18.40781,-8.77549],[18.39113,-8.67997],[18.37652,-8.67316],[18.35097,-8.65307],[18.326,-8.63926],[18.29291,-8.61684],[18.22729,-8.58799],[18.19677,-8.58686]]]}},{"type":"Feature","properties":{"ISOCSUID":"AO26","LANDFORM":"LP","LITHOLOGY":"SC1","SOILS":"CMe","WRB":"Eutric Cambisols","DOMSOILS":"CM","CODE_WRB":"CM-eu"},"geometry":{"type":"Polygon","coordinates":[[[13.82,-8.68891],[13.81587,-8.69283],[13.77855,-8.70009],[13.75239,-8.70015],[13.73091,-8.66376],[13.68506,-8.65942],[13.66471,-8.66016],[13.65161,-8.64448],[13.63253,-8.63839],[13.61798,-8.63981],[13.59428,-8.63248],[13.56744,-8.63304],[13.56531,-8.66102],[13.57698,-8.69266],[13.59787,-8.72906],[13.60562,-8.75149],[13.61985,-8.77005],[13.63817,-8.78641],[13.65657,-8.79877],[13.69809,-8.81958],[13.72302,-8.82407],[13.77449,-8.84164],[13.80269,-8.85932],[13.83767,-8.89027],[13.85021,-8.90593],[13.86191,-8.93814],[13.89368,-8.98844],[13.96042,-9.10965],[13.95992,-9.14162],[13.97072,-9.19495],[13.97132,-9.23095],[13.98786,-9.29009],[14.01868,-9.36779],[14.03069,-9.38229],[14.04088,-9.40076],[14.07713,-9.43057],[14.0851,-9.48041],[14.08687,-9.51701],[14.07615,-9.53224],[14.11655,-9.55812],[14.15704,-9.57942],[14.17368,-9.59686],[14.18161,-9.61243],[14.19606,-9.62012],[14.21715,-9.61365],[14.23857,-9.5849],[14.251,-9.57198],[14.26812,-9.55743],[14.28811,-9.54636],[14.31442,-9.54055],[14.3371,-9.5438],[14.35039,-9.55204],[14.34954,-9.5703],[14.32568,-9.60816],[14.31323,-9.62165],[14.2785,-9.64445],[14.27078,-9.65403],[14.28153,-9.6765],[14.328,-9.68875],[14.36067,-9.68818],[14.38451,-9.6926],[14.40007,-9.70601],[14.40217,-9.72204],[14.3898,-9.7304],[14.36515,-9.74082],[14.35461,-9.74406],[14.31208,-9.74046],[14.28593,-9.73371],[14.25289,-9.71998],[14.23267,-9.70705],[14.21061,-9.70037],[14.1811,-9.68441],[14.16608,-9.67499],[14.15805,-9.66628],[14.15329,-9.66485],[14.15041,-9.67014],[14.15146,-9.71643],[14.14883,-9.73581],[14.15031,-9.75355],[14.16208,-9.78518],[14.17035,-9.81733],[14.1706,-9.83904],[14.16504,-9.86008],[14.13017,-9.88859],[14.11529,-9.90774],[14.08469,-9.96202],[14.07383,-9.98468],[14.05662,-10.04092],[14.05031,-10.07109],[14.02834,-10.13182],[14.01749,-10.15333],[13.98305,-10.18925],[13.99078,-10.25511],[13.99983,-10.27356],[14.00476,-10.2948],[14.02093,-10.3071],[14.02706,-10.32607],[14.03746,-10.33369],[14.0416,-10.34044],[14.04625,-10.33271],[14.09706,-10.29651],[14.12287,-10.2907],[14.14172,-10.28075],[14.16746,-10.27837],[14.17704,-10.28308],[14.21383,-10.28208],[14.25757,-10.28882],[14.28299,-10.25016],[14.30832,-10.19633],[14.32808,-10.16354],[14.37282,-10.09861],[14.39145,-10.06237],[14.42694,-9.94815],[14.42869,-9.90761],[14.43905,-9.87694],[14.45582,-9.84638],[14.47781,-9.81762],[14.51733,-9.74459],[14.50745,-9.70043],[14.4962,-9.6294],[14.43412,-9.52551],[14.41937,-9.49726],[14.4099,-9.46682],[14.38889,-9.42875],[14.36033,-9.38883],[14.3251,-9.32766],[14.29362,-9.28997],[14.24335,-9.2628],[14.19814,-9.21001],[14.1778,-9.16851],[14.17726,-9.12738],[14.15548,-9.0276],[14.12769,-8.98026],[14.10251,-8.95295],[14.07893,-8.93538],[14.04058,-8.89526],[13.98349,-8.8268],[13.92668,-8.7789],[13.89157,-8.75653],[13.86118,-8.73025],[13.83845,-8.6984],[13.82,-8.68891]]]}},{"type":"Feature","properties":{"ISOCSUID":"AO195","LANDFORM":"LP","LITHOLOGY":"UE","SOILS":"ARl","WRB":"Ferrali-Hypoluvic Arenosols","DOMSOILS":"AR","CODE_WRB":"AR-lvw-fl"},"geometry":{"type":"Polygon","coordinates":[[[21.50684,-9.1939],[21.48413,-9.19404],[21.46718,-9.18615],[21.4421,-9.1888],[21.41034,-9.20932],[21.39417,-9.22369],[21.35937,-9.23817],[21.35539,-9.24961],[21.35142,-9.3256],[21.33838,-9.36508],[21.33339,-9.39366],[21.32258,-9.48739],[21.317,-9.51541],[21.31463,-9.57654],[21.30064,-9.64231],[21.28802,-9.66522],[21.25906,-9.75506],[21.25007,-9.79452],[21.23589,-9.84144],[21.2288,-9.89803],[21.21439,-9.91924],[21.19575,-9.92276],[21.19273,-9.91078],[21.19281,-9.85194],[21.19612,-9.82965],[21.20292,-9.80562],[21.21004,-9.75132],[21.21685,-9.73015],[21.21602,-9.70102],[21.22396,-9.67527],[21.22527,-9.62443],[21.23256,-9.59069],[21.23287,-9.5587],[21.24656,-9.52493],[21.2676,-9.39745],[21.27281,-9.32717],[21.28149,-9.25516],[21.2281,-9.2908],[21.16896,-9.30657],[21.16758,-9.41909],[21.15916,-9.45797],[21.1526,-9.50884],[21.15014,-9.56369],[21.15221,-9.60195],[21.15098,-9.66479],[21.14493,-9.70823],[21.15567,-9.87612],[21.1466,-9.90758],[21.12916,-9.91566],[21.12386,-9.91055],[21.11996,-9.86258],[21.10719,-9.8695],[21.09796,-9.88268],[21.0894,-9.90671],[21.07781,-9.91705],[21.06028,-9.91313],[21.0526,-9.90232],[21.04722,-9.88635],[21.05285,-9.86061],[21.05419,-9.80977],[21.06045,-9.79032],[21.0641,-9.73603],[21.07298,-9.68058],[21.06388,-9.63607],[21.05933,-9.5784],[21.04919,-9.54989],[21.05234,-9.50646],[21.05564,-9.48994],[21.03465,-9.48084],[21.01411,-9.46266],[20.99364,-9.45247],[20.97606,-9.43998],[20.89019,-9.42683],[20.88986,-9.44434],[20.84983,-9.46791],[20.81034,-9.48635],[20.80466,-9.50579],[20.7949,-9.52639],[20.77818,-9.55215],[20.7487,-9.5871],[20.72912,-9.62258],[20.72167,-9.64146],[20.71773,-9.66147],[20.71844,-9.67917],[20.72394,-9.71628],[20.72229,-9.73114],[20.72942,-9.74996],[20.73016,-9.77224],[20.73253,-9.7768],[20.73169,-9.82422],[20.73586,-9.8362],[20.7272,-9.84937],[20.70327,-9.84888],[20.67983,-9.83296],[20.67315,-9.8222],[20.667,-9.83358],[20.65787,-9.86503],[20.64224,-9.88393],[20.61382,-9.90973],[20.57315,-9.93727],[20.54878,-9.95905],[20.49006,-9.99692],[20.46101,-10.02042],[20.41156,-10.04854],[20.38423,-10.06803],[20.30904,-10.09105],[20.22978,-10.11977],[20.16393,-10.14788],[20.11607,-10.15252],[20.08569,-10.14971],[20.0453,-10.13091],[20.03299,-10.12008],[20.00585,-10.05898],[20.01039,-10.03041],[20.01786,-10.00413],[20.03927,-9.96297],[20.05726,-9.94181],[20.18823,-9.8742],[20.21909,-9.86215],[20.25685,-9.83066],[20.27482,-9.80949],[20.2963,-9.79117],[20.3234,-9.73456],[20.33543,-9.69512],[20.33876,-9.66655],[20.31829,-9.6546],[20.29435,-9.64722],[20.26287,-9.64957],[20.24193,-9.65818],[20.2315,-9.67077],[20.20132,-9.69824],[20.17982,-9.71256],[20.12922,-9.73949],[20.10535,-9.74866],[20.07272,-9.75499],[20.03304,-9.75162],[19.97223,-9.71741],[19.89446,-9.66722],[19.81619,-9.63014],[19.77996,-9.60845],[19.7537,-9.6016],[19.735,-9.58961],[19.70928,-9.56734],[19.67125,-9.52451],[19.63266,-9.48795],[19.59762,-9.46395],[19.57839,-9.46109],[19.55567,-9.46394],[19.52715,-9.47535],[19.51262,-9.48677],[19.50276,-9.50276],[19.49241,-9.55416],[19.49306,-9.57815],[19.49724,-9.61528],[19.51023,-9.67126],[19.52033,-9.73582],[19.5294,-9.84607],[19.52668,-9.91576],[19.52212,-9.95346],[19.50881,-9.99344],[19.4879,-10.02999],[19.49929,-10.13854],[19.50816,-10.17453],[19.51757,-10.19967],[19.53002,-10.26081],[19.52366,-10.28537],[19.52382,-10.33736],[19.50356,-10.40705],[19.48727,-10.41815],[19.48324,-10.4596],[19.47575,-10.49787],[19.46002,-10.52071],[19.44783,-10.55384],[19.42804,-10.58925],[19.40472,-10.62179],[19.38785,-10.65834],[19.35765,-10.75087],[19.33623,-10.85425],[19.32941,-10.94623],[19.33302,-10.98851],[19.36532,-11.02625],[19.40289,-11.05885],[19.45973,-11.06461],[19.5148,-11.06464],[19.5757,-11.0578],[19.63955,-11.05667],[19.72504,-11.04524],[19.77718,-11.04866],[19.89268,-11.0703],[19.91738,-11.09313],[19.94094,-11.12168],[19.95826,-11.19879],[19.9502,-11.23193],[19.93097,-11.25652],[19.88499,-11.33825],[19.88923,-11.37081],[19.92571,-11.39991],[19.98866,-11.44213],[20.05687,-11.47861],[20.09165,-11.51341],[20.13047,-11.53163],[20.16289,-11.56072],[20.21175,-11.59091],[20.24832,-11.62455],[20.32641,-11.73521],[20.35315,-11.79056],[20.36856,-11.81452],[20.38453,-11.83333],[20.41252,-11.85889],[20.42107,-11.85438],[20.47565,-11.84681],[20.53687,-11.86835],[20.56758,-11.89339],[20.61119,-11.91496],[20.60747,-11.88356],[20.59851,-11.86131],[20.59056,-11.81335],[20.58158,-11.78767],[20.59372,-11.75736],[20.62652,-11.74583],[20.66292,-11.74457],[20.70571,-11.73415],[20.72085,-11.71581],[20.71666,-11.70383],[20.69476,-11.67877],[20.67536,-11.67484],[20.62608,-11.679],[20.56628,-11.69175],[20.55207,-11.67351],[20.55111,-11.61467],[20.5338,-11.56902],[20.44389,-11.54756],[20.43729,-11.52301],[20.4947,-11.50858],[20.51055,-11.51025],[20.52049,-11.50451],[20.52156,-11.48794],[20.49976,-11.47372],[20.48206,-11.4572],[20.49489,-11.44402],[20.56872,-11.43296],[20.62152,-11.43451],[20.69649,-11.50282],[20.72539,-11.52443],[20.74786,-11.54891],[20.75224,-11.57395],[20.77387,-11.57624],[20.78677,-11.57448],[20.7921,-11.58131],[20.79693,-11.59958],[20.81685,-11.5955],[20.84877,-11.54682],[20.83516,-11.53145],[20.80809,-11.52013],[20.80033,-11.50188],[20.81907,-11.49723],[20.83904,-11.50116],[20.8625,-11.49992],[20.94586,-11.50587],[21.00852,-11.49131],[21.03684,-11.43749],[21.06259,-11.42994],[21.08415,-11.41328],[21.11639,-11.41027],[21.15089,-11.39753],[21.24245,-11.33823],[21.31628,-11.33155],[21.36633,-11.33954],[21.41412,-11.33698],[21.437,-11.32401],[21.45933,-11.32902],[21.48386,-11.31859],[21.51903,-11.31838],[21.56878,-11.30836],[21.60497,-11.29214],[21.63178,-11.27654],[21.64748,-11.2633],[21.70484,-11.19778],[21.72103,-11.17654],[21.74741,-11.12094],[21.76478,-11.10025],[21.81777,-11.07017],[21.84059,-11.06658],[21.86468,-11.07383],[21.90956,-11.1055],[21.92909,-11.12307],[21.97917,-11.14783],[22.00622,-11.15562],[22.02683,-11.1646],[22.04253,-11.15876],[22.02654,-11.13946],[22.02326,-11.10864],[22.04892,-11.09758],[22.08595,-11.10814],[22.11127,-11.1188],[22.14059,-11.12027],[22.16117,-11.12582],[22.20061,-11.19005],[22.22559,-11.22069],[22.26083,-11.2318],[22.25904,-11.2271],[22.27001,-11.19521],[22.26895,-11.18232],[22.26372,-11.16595],[22.25431,-11.14793],[22.24625,-11.13568],[22.22707,-11.11667],[22.22088,-11.10443],[22.21658,-11.08806],[22.22004,-11.03541],[22.20974,-11.01256],[22.20683,-10.99804],[22.20789,-10.95412],[22.2061,-10.94513],[22.19901,-10.9299],[22.18196,-10.90745],[22.18187,-10.89955],[22.17098,-10.86635],[22.16662,-10.84353],[22.18273,-10.81997],[22.20538,-10.80493],[22.22561,-10.78362],[22.25118,-10.76855],[22.2685,-10.74897],[22.27664,-10.69634],[22.27524,-10.6775],[22.26439,-10.65131],[22.24718,-10.63146],[22.18679,-10.61997],[22.12654,-10.62047],[22.06472,-10.63696],[21.93661,-10.63738],[21.8136,-10.6777],[21.78391,-10.69162],[21.7511,-10.68785],[21.71996,-10.67549],[21.72267,-10.65433],[21.75733,-10.61182],[21.84194,-10.59237],[21.90624,-10.58847],[21.97573,-10.57766],[22.03497,-10.54121],[22.08262,-10.5654],[22.11253,-10.57259],[22.14927,-10.56315],[22.1818,-10.5446],[22.20575,-10.54211],[22.23664,-10.53328],[22.25279,-10.51486],[22.25823,-10.4811],[22.24171,-10.37155],[22.21664,-10.27921],[22.20978,-10.2427],[22.19426,-10.21541],[22.18986,-10.18917],[22.17473,-10.14473],[22.158,-10.11231],[22.14293,-10.07244],[22.13554,-10.03994],[22.12407,-10.00747],[22.11849,-9.97952],[22.1023,-9.94195],[22.08509,-9.91695],[22.02219,-9.87689],[21.95861,-9.82653],[21.93319,-9.79645],[21.92821,-9.76735],[21.91024,-9.72407],[21.90511,-9.69227],[21.86884,-9.67125],[21.83648,-9.64407],[21.78812,-9.59129],[21.75279,-9.55784],[21.73212,-9.5317],[21.72081,-9.50836],[21.71757,-9.4764],[21.71894,-9.4404],[21.72437,-9.40153],[21.72036,-9.35115],[21.71224,-9.35478],[21.69648,-9.35088],[21.6847,-9.3384],[21.67812,-9.2642],[21.68744,-9.20702],[21.6845,-9.1465],[21.68181,-8.93808],[21.68956,-8.89977],[21.69191,-8.73018],[21.69793,-8.69302],[21.68864,-8.63656],[21.67355,-8.63895],[21.65565,-8.64935],[21.64141,-8.67856],[21.63201,-8.72658],[21.62938,-8.75457],[21.63031,-8.78996],[21.63481,-8.83333],[21.63258,-8.90129],[21.62443,-8.95902],[21.60731,-8.99225],[21.59971,-9.04769],[21.60358,-9.0865],[21.60661,-9.27552],[21.60491,-9.39832],[21.59183,-9.48979],[21.56651,-9.52251],[21.55547,-9.52601],[21.55071,-9.51633],[21.53488,-9.50672],[21.52831,-9.48962],[21.51932,-9.40286],[21.50819,-9.33553],[21.50539,-9.22532],[21.50684,-9.1939]]]}},{"type":"Feature","properties":{"ISOCSUID":"AO166","LANDFORM":"LL","LITHOLOGY":"SC2","SOILS":"ARh","WRB":"Hyperdystric Arenosols","DOMSOILS":"AR","CODE_WRB":"AR-dyh"},"geometry":{"type":"Polygon","coordinates":[[[17.07057,-8.91884],[17.08286,-8.9041],[17.08642,-8.89043],[17.10171,-8.85744],[17.12689,-8.82339],[17.14264,-8.81382],[17.17569,-8.83293],[17.1902,-8.83705],[17.19721,-8.82969],[17.19672,-8.81255],[17.20086,-8.79831],[17.22619,-8.73],[17.21983,-8.72138],[17.20015,-8.70638],[17.2095,-8.69561],[17.22872,-8.68663],[17.24039,-8.67587],[17.24336,-8.66334],[17.22943,-8.66037],[17.21254,-8.66708],[17.19851,-8.68353],[17.16824,-8.6947],[17.11811,-8.72225],[17.10126,-8.72154],[17.08496,-8.72768],[16.98649,-8.76965],[16.96957,-8.77977],[16.96544,-8.79001],[16.97639,-8.80724],[17.00311,-8.81148],[17.00886,-8.82466],[17.00923,-8.86235],[17.0173,-8.87555],[17.0381,-8.89972],[17.05432,-8.91242],[17.07057,-8.91884]]]}},{"type":"Feature","properties":{"ISOCSUID":"AO10","LANDFORM":"LV","LITHOLOGY":"UF","SOILS":"FLe","WRB":"Eutric Fluvisols","DOMSOILS":"FL","CODE_WRB":"FL-eu"},"geometry":{"type":"Polygon","coordinates":[[[13.37478,-8.76335],[13.39051,-8.78478],[13.4101,-8.79489],[13.43964,-8.80179],[13.46787,-8.81665],[13.55626,-8.85043],[13.58965,-8.87052],[13.64366,-8.94414],[13.6557,-8.95466],[13.68709,-8.99069],[13.69859,-8.99892],[13.71778,-8.99987],[13.73566,-9.00936],[13.74322,-9.00951],[13.75961,-9.00355],[13.7554,-8.97662],[13.74112,-8.96035],[13.72695,-8.9378],[13.70574,-8.9191],[13.6875,-8.89647],[13.67029,-8.88242],[13.64362,-8.87732],[13.61411,-8.86816],[13.60064,-8.83991],[13.57951,-8.81721],[13.5543,-8.795],[13.50954,-8.76096],[13.48468,-8.75246],[13.42909,-8.70677],[13.40929,-8.69771],[13.39513,-8.73713],[13.40002,-8.74538],[13.38734,-8.75073],[13.37478,-8.76335]]]}},{"type":"Feature","properties":{"ISOCSUID":"AO157","LANDFORM":"LP","LITHOLOGY":"SC2","SOILS":"ARh","WRB":"Eutric Arenosols","DOMSOILS":"AR","CODE_WRB":"AR-eu"},"geometry":{"type":"Polygon","coordinates":[[[16.22104,-8.74931],[16.1835,-8.78999],[16.21049,-8.83142],[16.22308,-8.85554],[16.22306,-8.92864],[16.21516,-8.97023],[16.16305,-9.01075],[16.14787,-9.01686],[16.1268,-9.03146],[16.10757,-9.03466],[16.08362,-9.04523],[16.06497,-9.04843],[16.059,-9.06663],[16.077,-9.07027],[16.09974,-9.06598],[16.15273,-9.06146],[16.16957,-9.06508],[16.17822,-9.07546],[16.17342,-9.09197],[16.1666,-9.09549],[16.17302,-9.10919],[16.22891,-9.13829],[16.28402,-9.16233],[16.31716,-9.16727],[16.352,-9.17793],[16.37712,-9.17805],[16.41315,-9.17403],[16.45166,-9.16187],[16.48955,-9.15485],[16.52215,-9.15405],[16.58147,-9.16266],[16.60062,-9.17028],[16.625,-9.18023],[16.67716,-9.21616],[16.70619,-9.2273],[16.72947,-9.22867],[16.74669,-9.22172],[16.68498,-9.1774],[16.63465,-9.13179],[16.62776,-9.11801],[16.60182,-9.0812],[16.57739,-9.07924],[16.54257,-9.06574],[16.51237,-9.058],[16.50197,-9.04819],[16.49218,-9.03381],[16.48304,-9.01087],[16.46326,-8.93128],[16.44489,-8.89968],[16.42643,-8.8795],[16.41551,-8.86225],[16.39525,-8.85004],[16.38665,-8.83338],[16.37451,-8.82469],[16.35305,-8.81703],[16.32758,-8.80304],[16.2806,-8.78939],[16.22786,-8.7688],[16.22104,-8.74931]]]}},{"type":"Feature","properties":{"ISOCSUID":"AO28","LANDFORM":"LL","LITHOLOGY":"SC2","SOILS":"LVx","WRB":"Chromic Luvisols","DOMSOILS":"LV","CODE_WRB":"LV-cr"},"geometry":{"type":"Polygon","coordinates":[[[13.0133,-9.09016],[13.00396,-9.09872],[13.08133,-9.21105],[13.13103,-9.3065],[13.14812,-9.32992],[13.16044,-9.3111],[13.19316,-9.24211],[13.21953,-9.20098],[13.25509,-9.16632],[13.27635,-9.1502],[13.30682,-9.13885],[13.38148,-9.1307],[13.40417,-9.13118],[13.41852,-9.1429],[13.45269,-9.16067],[13.47753,-9.1304],[13.49574,-9.12107],[13.54764,-9.11584],[13.56986,-9.10944],[13.58281,-9.10113],[13.58317,-9.08],[13.61277,-9.05033],[13.60974,-9.02342],[13.59116,-8.98649],[13.57094,-8.97809],[13.52741,-8.97207],[13.5066,-8.96422],[13.49971,-8.92581],[13.46118,-8.89989],[13.42761,-8.85751],[13.40975,-8.848],[13.4139,-8.87664],[13.41008,-8.89541],[13.40771,-8.89764],[13.38549,-8.90404],[13.36867,-8.9014],[13.35149,-8.88619],[13.33357,-8.84755],[13.32808,-8.82973],[13.3151,-8.80719],[13.29535,-8.7546],[13.29146,-8.75439],[13.28226,-8.76524],[13.27819,-8.78479],[13.26049,-8.79565],[13.24681,-8.7955],[13.24472,-8.79252],[13.23321,-8.80406],[13.22236,-8.80779],[13.21341,-8.82184],[13.21046,-8.83312],[13.20792,-8.83565],[13.20559,-8.83084],[13.20237,-8.83384],[13.20221,-8.84947],[13.18658,-8.87068],[13.17735,-8.87577],[13.16818,-8.89443],[13.15712,-8.90228],[13.15344,-8.90827],[13.15495,-8.93746],[13.14577,-8.9545],[13.13514,-8.95615],[13.12333,-8.95045],[13.10436,-8.95122],[13.08874,-8.97633],[13.05938,-9.0408],[13.05294,-9.05071],[13.02804,-9.0724],[13.02186,-9.09128],[13.0184,-9.09313],[13.0133,-9.09016]]]}},{"type":"Feature","properties":{"ISOCSUID":"AO1","LANDFORM":"LP","LITHOLOGY":"UE","SOILS":"DU","WRB":"Protic Arenosols","DOMSOILS":"DU","CODE_WRB":"AR-pr"},"geometry":{"type":"Polygon","coordinates":[[[13.19656,-8.82743],[13.2276,-8.78938],[13.23935,-8.78082],[13.24535,-8.77988],[13.25202,-8.77319],[13.2642,-8.75842],[13.26141,-8.75542],[13.2248,-8.7841],[13.21677,-8.7977],[13.19444,-8.81802],[13.19308,-8.82354],[13.19656,-8.82743]]]}},{"type":"Feature","properties":{"ISOCSUID":"AO175","LANDFORM":"LD","LITHOLOGY":"MA2","SOILS":"FRh","WRB":"Acric Ferralsols","DOMSOILS":"FR","CODE_WRB":"FR-ac"},"geometry":{"type":"Polygon","coordinates":[[[17.95372,-8.88215],[17.95058,-8.90286],[17.9207,-8.99177],[17.90889,-9.06308],[17.9058,-9.13273],[17.91038,-9.16131],[17.90957,-9.25383],[17.92508,-9.33787],[17.94072,-9.37223],[17.94527,-9.41909],[17.94347,-9.44193],[17.91966,-9.45145],[17.92303,-9.45837],[17.96957,-9.48891],[17.98998,-9.48503],[18.00457,-9.47426],[18.02556,-9.47037],[18.04712,-9.47106],[18.08205,-9.48381],[18.1036,-9.48735],[18.13855,-9.49724],[18.19099,-9.49978],[18.2079,-9.49187],[18.21486,-9.47217],[18.20979,-9.40163],[18.19237,-9.36557],[18.18603,-9.32498],[18.1698,-9.27693],[18.13151,-9.19907],[18.117,-9.17386],[18.09551,-9.14748],[18.07811,-9.11655],[18.07758,-9.09085],[18.08054,-9.06574],[18.09752,-9.00987],[18.11096,-8.97796],[18.12156,-8.90606],[18.10765,-8.88087],[18.07628,-8.86357],[18.04549,-8.85085],[18.01875,-8.84671],[17.98677,-8.84539],[17.96232,-8.85896],[17.95372,-8.88215]]]}},{"type":"Feature","properties":{"ISOCSUID":"AO1","LANDFORM":"LP","LITHOLOGY":"UE","SOILS":"DU","WRB":"Protic Arenosols","DOMSOILS":"DU","CODE_WRB":"AR-pr"},"geometry":{"type":"Polygon","coordinates":[[[13.00396,-9.09872],[13.0133,-9.09016],[13.00907,-9.07454],[13.01206,-9.06901],[13.00648,-9.06191],[13.01107,-9.05201],[13.01218,-9.03729],[13.02324,-9.02714],[13.03519,-9.00411],[13.03378,-8.99975],[13.02938,-8.99839],[13.0282,-8.99241],[13.03902,-8.97835],[13.04896,-8.97579],[13.04778,-8.97097],[13.05975,-8.95506],[13.07657,-8.94121],[13.0835,-8.93912],[13.09292,-8.92276],[13.09986,-8.92228],[13.10236,-8.91215],[13.11044,-8.9089],[13.11203,-8.90154],[13.11619,-8.90107],[13.12009,-8.89439],[13.13833,-8.88696],[13.14082,-8.87431],[13.14749,-8.86785],[13.14655,-8.86441],[13.12648,-8.87345],[13.11614,-8.88889],[13.09815,-8.90137],[13.0915,-8.91495],[13.0802,-8.92143],[13.0498,-8.95395],[13.03642,-8.96319],[13.03067,-8.97264],[13.02152,-8.99864],[13.02571,-9.00529],[13.02181,-9.01611],[13.01767,-9.02233],[13.0045,-9.02606],[12.99829,-9.03642],[12.99335,-9.07551],[12.99476,-9.08287],[13.00396,-9.09872]]]}},{"type":"Feature","properties":{"ISOCSUID":"AO1","LANDFORM":"LP","LITHOLOGY":"UE","SOILS":"DU","WRB":"Protic Arenosols","DOMSOILS":"DU","CODE_WRB":"AR-pr"},"geometry":{"type":"Polygon","coordinates":[[[13.10711,-8.94385],[13.12212,-8.93874],[13.12165,-8.93621],[13.10939,-8.93626],[13.11008,-8.93396],[13.11932,-8.93277],[13.12231,-8.92931],[13.12849,-8.91366],[13.12683,-8.90332],[13.12268,-8.90495],[13.11371,-8.91854],[13.10818,-8.92178],[13.10567,-8.92938],[13.1006,-8.93537],[13.10015,-8.93859],[13.10711,-8.94385]]]}},{"type":"Feature","properties":{"ISOCSUID":"AO1","LANDFORM":"LP","LITHOLOGY":"UE","SOILS":"DU","WRB":"Protic Arenosols","DOMSOILS":"DU","CODE_WRB":"AR-pr"},"geometry":{"type":"Polygon","coordinates":[[[13.13668,-8.93684],[13.14215,-8.93163],[13.13643,-8.93293],[13.13434,-8.92927],[13.13203,-8.92973],[13.13065,-8.93273],[13.13251,-8.93571],[13.13668,-8.93684]]]}},{"type":"Feature","properties":{"ISOCSUID":"AO1","LANDFORM":"LP","LITHOLOGY":"UE","SOILS":"DU","WRB":"Protic Arenosols","DOMSOILS":"DU","CODE_WRB":"AR-pr"},"geometry":{"type":"Polygon","coordinates":[[[13.05143,-8.98262],[13.05638,-8.98128],[13.05685,-8.9729],[13.05059,-8.97946],[13.05143,-8.98262]]]}},{"type":"Feature","properties":{"ISOCSUID":"AO161","LANDFORM":"TE","LITHOLOGY":"MA4","SOILS":"LPq","WRB":"Lithic Leptosols","DOMSOILS":"LP","CODE_WRB":"LP-li"},"geometry":{"type":"Polygon","coordinates":[[[16.8353,-9.18887],[16.86782,-9.21059],[16.88144,-9.22725],[16.91058,-9.22238],[16.94324,-9.2124],[16.96192,-9.204],[16.9959,-9.16604],[16.9972,-9.14149],[17.01143,-9.09479],[17.02905,-9.06581],[17.03835,-9.06761],[17.04291,-9.08478],[17.03047,-9.12522],[17.02853,-9.16061],[17.03366,-9.1795],[17.02942,-9.20916],[17.03447,-9.24405],[17.05057,-9.28245],[17.07195,-9.31291],[17.07827,-9.3301],[17.07648,-9.33808],[17.06006,-9.35792],[17.0467,-9.3521],[17.02106,-9.35302],[17.00653,-9.34832],[16.98553,-9.35385],[16.96965,-9.37998],[16.98233,-9.40408],[16.98629,-9.42582],[17.06641,-9.47735],[17.09531,-9.52215],[17.10626,-9.54624],[17.12189,-9.56522],[17.14728,-9.61741],[17.16348,-9.6404],[17.1837,-9.67769],[17.19637,-9.71093],[17.21116,-9.78588],[17.21923,-9.80651],[17.22378,-9.83054],[17.22187,-9.86366],[17.23144,-9.93686],[17.24477,-9.95524],[17.2622,-9.97195],[17.29181,-10.00646],[17.31273,-10.02719],[17.33313,-10.03477],[17.35878,-10.04297],[17.40899,-10.04335],[17.45507,-10.05283],[17.4772,-10.06727],[17.52501,-10.08418],[17.54307,-10.0963],[17.58859,-10.10062],[17.64286,-10.11127],[17.6855,-10.10755],[17.70305,-10.09738],[17.70542,-10.08711],[17.63026,-10.03977],[17.60286,-10.02931],[17.57019,-10.02508],[17.48672,-10.02049],[17.40509,-9.99933],[17.36371,-9.98359],[17.32938,-9.95877],[17.2992,-9.92311],[17.28475,-9.89272],[17.2488,-9.72278],[17.23965,-9.68557],[17.22985,-9.66036],[17.21832,-9.63285],[17.17488,-9.57766],[17.15927,-9.55239],[17.12739,-9.51728],[17.12285,-9.49383],[17.12939,-9.46875],[17.11961,-9.44468],[17.09232,-9.4256],[17.09361,-9.40219],[17.11004,-9.37891],[17.12181,-9.35674],[17.12544,-9.33107],[17.11513,-9.29671],[17.07587,-9.23412],[17.06789,-9.2015],[17.06041,-9.18487],[17.06229,-9.1609],[17.0606,-9.14947],[17.06592,-9.13409],[17.08463,-9.11769],[17.09002,-9.08976],[17.08261,-9.06057],[17.05439,-9.00607],[17.03408,-8.99676],[17.01947,-9.0092],[17.00713,-9.03136],[17.00229,-9.0633],[16.9922,-9.09918],[16.98226,-9.10709],[16.97065,-9.10185],[16.96376,-9.08523],[16.96095,-9.06864],[16.98335,-9.01801],[16.98751,-9.00092],[16.98533,-8.97577],[16.97133,-8.98193],[16.9437,-9.03308],[16.91038,-9.05847],[16.89464,-9.0629],[16.88472,-9.06852],[16.88867,-9.08911],[16.87932,-9.09531],[16.86242,-9.09915],[16.83567,-9.09547],[16.81646,-9.09701],[16.81812,-9.11073],[16.8372,-9.13032],[16.84585,-9.14468],[16.8515,-9.17215],[16.84968,-9.18527],[16.8353,-9.18887]]]}},{"type":"Feature","properties":{"ISOCSUID":"AO168","LANDFORM":"LD","LITHOLOGY":"SC2","SOILS":"ARh","WRB":"Eutric Arenosols","DOMSOILS":"AR","CODE_WRB":"AR-eu"},"geometry":{"type":"Polygon","coordinates":[[[17.56018,-9.0157],[17.57384,-9.02954],[17.58481,-9.05188],[17.58993,-9.08504],[17.5909,-9.1393],[17.59373,-9.16273],[17.59304,-9.19071],[17.59935,-9.2176],[17.60921,-9.22966],[17.65513,-9.24881],[17.6755,-9.25409],[17.69177,-9.26219],[17.71209,-9.28117],[17.71671,-9.30315],[17.72957,-9.27957],[17.74824,-9.26541],[17.76402,-9.24609],[17.76035,-9.21486],[17.7339,-9.20291],[17.71769,-9.19012],[17.70063,-9.16366],[17.69295,-9.10393],[17.68441,-9.07919],[17.6682,-9.05274],[17.58373,-9.01946],[17.56018,-9.0157]]]}},{"type":"Feature","properties":{"ISOCSUID":"AO160","LANDFORM":"LP","LITHOLOGY":"MA4","SOILS":"FRr","WRB":"Rhodi-Acric Ferralsols","DOMSOILS":"FR","CODE_WRB":"FR-ac-ro"},"geometry":{"type":"Polygon","coordinates":[[[16.74669,-9.22172],[16.72947,-9.22867],[16.70619,-9.2273],[16.67716,-9.21616],[16.625,-9.18023],[16.60062,-9.17028],[16.58147,-9.16266],[16.52215,-9.15405],[16.48955,-9.15485],[16.45166,-9.16187],[16.41315,-9.17403],[16.37712,-9.17805],[16.38157,-9.19425],[16.37262,-9.22156],[16.3835,-9.24567],[16.43114,-9.25989],[16.45592,-9.29442],[16.52671,-9.33058],[16.55926,-9.33948],[16.59078,-9.32952],[16.61258,-9.29376],[16.6452,-9.29238],[16.66952,-9.31375],[16.71348,-9.35931],[16.72956,-9.39373],[16.76563,-9.40265],[16.82511,-9.39293],[16.86188,-9.38128],[16.87992,-9.3843],[16.88354,-9.46145],[16.89795,-9.48671],[16.89891,-9.52099],[16.89174,-9.55177],[16.89617,-9.59123],[16.91634,-9.63082],[16.9254,-9.67603],[16.92251,-9.67956],[16.95904,-9.70718],[16.98337,-9.73596],[17.00254,-9.74984],[17.03733,-9.78785],[17.05064,-9.80681],[17.06102,-9.82975],[17.06904,-9.85724],[17.06755,-9.91778],[17.03665,-10.01921],[17.03944,-10.04208],[17.06739,-10.05603],[17.12556,-10.09766],[17.17163,-10.10947],[17.29221,-10.17385],[17.33478,-10.18904],[17.3855,-10.21113],[17.4187,-10.23195],[17.45605,-10.24251],[17.52436,-10.25442],[17.61126,-10.29502],[17.64506,-10.32209],[17.67362,-10.33864],[17.69131,-10.29726],[17.69137,-10.27898],[17.71083,-10.22026],[17.71501,-10.19229],[17.71742,-10.17003],[17.71226,-10.13915],[17.69973,-10.09931],[17.6855,-10.10755],[17.64286,-10.11127],[17.58859,-10.10062],[17.55182,-10.09808],[17.54307,-10.0963],[17.52501,-10.08418],[17.4772,-10.06727],[17.45507,-10.05283],[17.40899,-10.04335],[17.35878,-10.04297],[17.33313,-10.03477],[17.31273,-10.02719],[17.24477,-9.95524],[17.23144,-9.93686],[17.22187,-9.86366],[17.22378,-9.83054],[17.21923,-9.80651],[17.21116,-9.78588],[17.19637,-9.71093],[17.1837,-9.67769],[17.16348,-9.6404],[17.14728,-9.61741],[17.12189,-9.56522],[17.10626,-9.54624],[17.09531,-9.52215],[17.06641,-9.47735],[16.98629,-9.42582],[16.98233,-9.40408],[16.96965,-9.37998],[16.98553,-9.35385],[17.00653,-9.34832],[17.02106,-9.35302],[17.0467,-9.3521],[17.06006,-9.35792],[17.07648,-9.33808],[17.07827,-9.3301],[17.07195,-9.31291],[17.05057,-9.28245],[17.03447,-9.24405],[17.02942,-9.20916],[17.03366,-9.1795],[17.02853,-9.16061],[17.03047,-9.12522],[17.04291,-9.08478],[17.03835,-9.06761],[17.02905,-9.06581],[17.01143,-9.09479],[16.9972,-9.14149],[16.9959,-9.16604],[16.96192,-9.204],[16.94324,-9.2124],[16.91058,-9.22238],[16.87445,-9.22719],[16.86092,-9.25105],[16.83876,-9.25599],[16.81374,-9.25347],[16.78469,-9.24348],[16.74669,-9.22172]]]}},{"type":"Feature","properties":{"ISOCSUID":"AO159","LANDFORM":"LP","LITHOLOGY":"MA2","SOILS":"FRh","WRB":"Rhodi-Arenic Ferralsols","DOMSOILS":"FR","CODE_WRB":"FR-ar-ro"},"geometry":{"type":"Polygon","coordinates":[[[16.1666,-9.09549],[16.13653,-9.1091],[16.14791,-9.11898],[16.13001,-9.13258],[16.08349,-9.19543],[16.05664,-9.2031],[16.02168,-9.20668],[15.99723,-9.20581],[15.98612,-9.21139],[15.97664,-9.22955],[15.94858,-9.30631],[15.95645,-9.33725],[15.97627,-9.33464],[16.00886,-9.33846],[16.0355,-9.35592],[16.04298,-9.36572],[16.03124,-9.37643],[16.00027,-9.38634],[15.98973,-9.39249],[16.02092,-9.42314],[16.01788,-9.43796],[15.99137,-9.46962],[15.96378,-9.49271],[15.93881,-9.48269],[15.934,-9.4992],[15.97273,-9.51607],[16.02051,-9.5101],[16.03843,-9.49986],[16.05464,-9.49474],[16.07086,-9.50242],[16.08109,-9.5502],[16.08109,-9.56641],[16.04952,-9.59031],[15.98809,-9.60054],[15.94696,-9.61131],[15.9275,-9.63212],[15.89337,-9.64321],[15.8569,-9.64047],[15.87125,-9.66521],[15.92033,-9.71781],[15.92876,-9.75219],[15.92767,-9.7651],[16.01554,-9.76582],[16.0961,-9.75878],[16.18227,-9.77635],[16.20202,-9.78629],[16.20567,-9.69355],[16.19458,-9.67222],[16.15021,-9.65601],[16.15139,-9.63432],[16.20104,-9.6229],[16.30121,-9.6366],[16.34234,-9.67019],[16.37835,-9.68886],[16.40974,-9.70291],[16.45865,-9.71257],[16.49538,-9.7141],[16.5415,-9.70716],[16.64834,-9.68939],[16.69217,-9.67497],[16.71668,-9.67121],[16.76676,-9.68141],[16.81155,-9.69954],[16.84531,-9.709],[16.88443,-9.70136],[16.91424,-9.68964],[16.9254,-9.67603],[16.91634,-9.63082],[16.89617,-9.59123],[16.89174,-9.55177],[16.89891,-9.52099],[16.89795,-9.48671],[16.88354,-9.46145],[16.87992,-9.3843],[16.86188,-9.38128],[16.82511,-9.39293],[16.76563,-9.40265],[16.72956,-9.39373],[16.71348,-9.35931],[16.66952,-9.31375],[16.6452,-9.29238],[16.61258,-9.29376],[16.59078,-9.32952],[16.55926,-9.33948],[16.52671,-9.33058],[16.45592,-9.29442],[16.43114,-9.25989],[16.3835,-9.24567],[16.37262,-9.22156],[16.38157,-9.19425],[16.37712,-9.17805],[16.352,-9.17793],[16.31716,-9.16727],[16.28402,-9.16233],[16.22891,-9.13829],[16.17302,-9.10919],[16.1666,-9.09549]]]}},{"type":"Feature","properties":{"ISOCSUID":"AO158","LANDFORM":"LP","LITHOLOGY":"MA2","SOILS":"FRh","WRB":"Acric Ferralsols","DOMSOILS":"FR","CODE_WRB":"FR-ac"},"geometry":{"type":"Polygon","coordinates":[[[16.13653,-9.1091],[16.09928,-9.11908],[16.0572,-9.13857],[15.98032,-9.1445],[15.93892,-9.15256],[15.82119,-9.16764],[15.67732,-9.17663],[15.5773,-9.16615],[15.52141,-9.15532],[15.53585,-9.17732],[15.55377,-9.18244],[15.59387,-9.20121],[15.60752,-9.21913],[15.60752,-9.2379],[15.5751,-9.26691],[15.55377,-9.2908],[15.54865,-9.31214],[15.55377,-9.33091],[15.5623,-9.34115],[15.58363,-9.35736],[15.61264,-9.36248],[15.62288,-9.39149],[15.628,-9.43415],[15.628,-9.47597],[15.63653,-9.48365],[15.63653,-9.51863],[15.65701,-9.52887],[15.6809,-9.52887],[15.7048,-9.52631],[15.75002,-9.50498],[15.80036,-9.50498],[15.85071,-9.5101],[15.89849,-9.50754],[15.934,-9.4992],[15.93881,-9.48269],[15.96378,-9.49271],[15.99137,-9.46962],[16.01788,-9.43796],[16.02092,-9.42314],[15.98973,-9.39249],[16.00027,-9.38634],[16.03124,-9.37643],[16.04298,-9.36572],[16.0355,-9.35592],[16.00886,-9.33846],[15.97627,-9.33464],[15.95645,-9.33725],[15.94858,-9.30631],[15.97664,-9.22955],[15.98612,-9.21139],[15.99723,-9.20581],[16.02168,-9.20668],[16.05664,-9.2031],[16.08349,-9.19543],[16.13001,-9.13258],[16.14791,-9.11898],[16.13653,-9.1091]]]}},{"type":"Feature","properties":{"ISOCSUID":"AO10","LANDFORM":"LV","LITHOLOGY":"UF","SOILS":"FLe","WRB":"Eutric Fluvisols","DOMSOILS":"FL","CODE_WRB":"FL-eu"},"geometry":{"type":"Polygon","coordinates":[[[13.46641,-9.1673],[13.41852,-9.1429],[13.40417,-9.13118],[13.38148,-9.1307],[13.30682,-9.13885],[13.27635,-9.1502],[13.25509,-9.16632],[13.21953,-9.20098],[13.20516,-9.22295],[13.19316,-9.24211],[13.16044,-9.3111],[13.14812,-9.32992],[13.15595,-9.34066],[13.16208,-9.36477],[13.16932,-9.38129],[13.19013,-9.34373],[13.19757,-9.31875],[13.21142,-9.29449],[13.23591,-9.26073],[13.25783,-9.24006],[13.27162,-9.21808],[13.28944,-9.19903],[13.31522,-9.18987],[13.34029,-9.18811],[13.35901,-9.18279],[13.4161,-9.18112],[13.44156,-9.19021],[13.46636,-9.20386],[13.48297,-9.21962],[13.50373,-9.2309],[13.52689,-9.2388],[13.54954,-9.24212],[13.57006,-9.23396],[13.58685,-9.24001],[13.59691,-9.29905],[13.61211,-9.29536],[13.64147,-9.28166],[13.66073,-9.27919],[13.68916,-9.28547],[13.70823,-9.29441],[13.72923,-9.32739],[13.8217,-9.36962],[13.84305,-9.38758],[13.86099,-9.40723],[13.89003,-9.42518],[13.90114,-9.43799],[13.91566,-9.4491],[13.92488,-9.45264],[13.94437,-9.49835],[13.96764,-9.53821],[13.99338,-9.56954],[14.02214,-9.59407],[14.02894,-9.60677],[14.03926,-9.61781],[14.04868,-9.61228],[14.06367,-9.58513],[14.07424,-9.58019],[14.08932,-9.58504],[14.11472,-9.60207],[14.11805,-9.61299],[14.1195,-9.63244],[14.13774,-9.66019],[14.15805,-9.66628],[14.16608,-9.67499],[14.1811,-9.68441],[14.21061,-9.70037],[14.23267,-9.70705],[14.25289,-9.71998],[14.28593,-9.73371],[14.31208,-9.74046],[14.35461,-9.74406],[14.3898,-9.7304],[14.40217,-9.72204],[14.40007,-9.70601],[14.38451,-9.6926],[14.36067,-9.68818],[14.328,-9.68875],[14.28153,-9.6765],[14.27078,-9.65403],[14.2785,-9.64445],[14.31323,-9.62165],[14.32568,-9.60816],[14.34954,-9.5703],[14.35039,-9.55204],[14.3371,-9.5438],[14.31442,-9.54055],[14.28811,-9.54636],[14.26812,-9.55743],[14.251,-9.57198],[14.23857,-9.5849],[14.21715,-9.61365],[14.19606,-9.62012],[14.18161,-9.61243],[14.17368,-9.59686],[14.15704,-9.57942],[14.11655,-9.55812],[14.05825,-9.52105],[13.99572,-9.49417],[13.97877,-9.46072],[13.94903,-9.42474],[13.92848,-9.41492],[13.8832,-9.37819],[13.84076,-9.31071],[13.82501,-9.27613],[13.81225,-9.27303],[13.72708,-9.28165],[13.71731,-9.27346],[13.69249,-9.22556],[13.67822,-9.20814],[13.66085,-9.20265],[13.62742,-9.18256],[13.60768,-9.17931],[13.58134,-9.18735],[13.55625,-9.19084],[13.5232,-9.18275],[13.5105,-9.1762],[13.46641,-9.1673]]]}},{"type":"Feature","properties":{"ISOCSUID":"AO139","LANDFORM":"LP","LITHOLOGY":"MA2","SOILS":"LVx","WRB":"Rhodic Luvisols","DOMSOILS":"LV","CODE_WRB":"LV-ro"},"geometry":{"type":"Polygon","coordinates":[[[15.52141,-9.15532],[15.48609,-9.14891],[15.42614,-9.14864],[15.37676,-9.13938],[15.33247,-9.14389],[15.29065,-9.13586],[15.15121,-9.16351],[15.11043,-9.17588],[15.11874,-9.20186],[15.09478,-9.35604],[15.16695,-9.36023],[15.2297,-9.37372],[15.26526,-9.37195],[15.31977,-9.39445],[15.35749,-9.40699],[15.47374,-9.43204],[15.48697,-9.44879],[15.48054,-9.50525],[15.53841,-9.5101],[15.59387,-9.52119],[15.63653,-9.51863],[15.63653,-9.48365],[15.628,-9.47597],[15.628,-9.43415],[15.62288,-9.39149],[15.61264,-9.36248],[15.58363,-9.35736],[15.5623,-9.34115],[15.55377,-9.33091],[15.54865,-9.31214],[15.55377,-9.2908],[15.5751,-9.26691],[15.60752,-9.2379],[15.60752,-9.21913],[15.59387,-9.20121],[15.55377,-9.18244],[15.53585,-9.17732],[15.52141,-9.15532]]]}},{"type":"Feature","properties":{"ISOCSUID":"AO141","LANDFORM":"LP","LITHOLOGY":"MA2","SOILS":"PHl","WRB":"Chromi-Luvic Phaeozems","DOMSOILS":"PH","CODE_WRB":"PH-lv-cr"},"geometry":{"type":"Polygon","coordinates":[[[15.11043,-9.17588],[15.05659,-9.19006],[15.00748,-9.20644],[14.92166,-9.2251],[14.8781,-9.21699],[14.83449,-9.21229],[14.80087,-9.20033],[14.74274,-9.19368],[14.72494,-9.19373],[14.74158,-9.23764],[14.74247,-9.25879],[14.72944,-9.27514],[14.69622,-9.27745],[14.66469,-9.28321],[14.6424,-9.29484],[14.63154,-9.32321],[14.6504,-9.3498],[14.69341,-9.3568],[14.72896,-9.35567],[14.76035,-9.36018],[14.83751,-9.38541],[14.86945,-9.39335],[14.92019,-9.38901],[14.97157,-9.37953],[15.01957,-9.36028],[15.09478,-9.35604],[15.11874,-9.20186],[15.11043,-9.17588]]]}},{"type":"Feature","properties":{"ISOCSUID":"AO27","LANDFORM":"LL","LITHOLOGY":"SO2","SOILS":"LVx","WRB":"Chromic Luvisols","DOMSOILS":"LV","CODE_WRB":"LV-cr"},"geometry":{"type":"Polygon","coordinates":[[[13.39578,-9.18151],[13.41432,-9.24906],[13.42273,-9.26751],[13.44123,-9.27532],[13.49414,-9.2804],[13.54783,-9.30777],[13.58828,-9.36114],[13.60297,-9.38772],[13.65129,-9.42467],[13.67138,-9.44278],[13.69157,-9.49003],[13.70203,-9.5268],[13.70605,-9.5303],[13.71704,-9.57051],[13.72215,-9.57861],[13.72364,-9.59463],[13.72339,-9.60948],[13.70406,-9.61482],[13.67794,-9.60802],[13.65632,-9.61044],[13.63053,-9.6185],[13.58236,-9.63981],[13.56407,-9.65201],[13.54485,-9.68476],[13.53135,-9.68963],[13.51326,-9.69041],[13.49918,-9.69526],[13.4829,-9.72578],[13.47166,-9.73469],[13.45527,-9.73836],[13.44089,-9.72663],[13.43127,-9.70986],[13.42346,-9.68971],[13.41779,-9.64731],[13.41686,-9.56788],[13.39352,-9.56911],[13.3697,-9.56462],[13.32875,-9.57233],[13.31797,-9.5881],[13.31717,-9.60065],[13.32383,-9.61907],[13.33984,-9.63655],[13.37086,-9.66291],[13.38273,-9.68429],[13.39034,-9.74844],[13.39641,-9.76799],[13.39143,-9.7856],[13.38305,-9.79743],[13.36603,-9.80336],[13.34849,-9.80528],[13.3319,-9.78722],[13.29385,-9.76185],[13.27819,-9.75695],[13.25924,-9.74055],[13.25835,-9.7251],[13.27223,-9.69969],[13.27139,-9.68139],[13.263,-9.66178],[13.24108,-9.58476],[13.23095,-9.56455],[13.20298,-9.56552],[13.21794,-9.58528],[13.2364,-9.61785],[13.24156,-9.62956],[13.24229,-9.63829],[13.24048,-9.64865],[13.23034,-9.66272],[13.20189,-9.6771],[13.19936,-9.68217],[13.20196,-9.69435],[13.20828,-9.70812],[13.26985,-9.78282],[13.31895,-9.86241],[13.31535,-9.88657],[13.32082,-9.90107],[13.35688,-9.89116],[13.36563,-9.89134],[13.36938,-9.91027],[13.38072,-9.92879],[13.39905,-9.9486],[13.44932,-9.97763],[13.47105,-10.00379],[13.50752,-10.05539],[13.51635,-10.11842],[13.52892,-10.13468],[13.5496,-10.15452],[13.54408,-10.17041],[13.49015,-10.18074],[13.47089,-10.17978],[13.46158,-10.16942],[13.45545,-10.18146],[13.4564,-10.18514],[13.47936,-10.22251],[13.49581,-10.22486],[13.53323,-10.22333],[13.56122,-10.22676],[13.57996,-10.2237],[13.59586,-10.21659],[13.60401,-10.18419],[13.60111,-10.1487],[13.59145,-10.13251],[13.5894,-10.1159],[13.59543,-10.10459],[13.60072,-10.10298],[13.61892,-10.13134],[13.63376,-10.11736],[13.63348,-10.09964],[13.64391,-10.10442],[13.64953,-10.11767],[13.65535,-10.15321],[13.65929,-10.16243],[13.67099,-10.16095],[13.68288,-10.14861],[13.69691,-10.14832],[13.70774,-10.16396],[13.71618,-10.18356],[13.70725,-10.19366],[13.69089,-10.19334],[13.67053,-10.18837],[13.64767,-10.19306],[13.62029,-10.2228],[13.62062,-10.23766],[13.69858,-10.29292],[13.70762,-10.31138],[13.72674,-10.32147],[13.75237,-10.32654],[13.78019,-10.3408],[13.83836,-10.35792],[13.85825,-10.35659],[13.96136,-10.37855],[13.98063,-10.38005],[14.00761,-10.3737],[14.02174,-10.36768],[14.0416,-10.34044],[14.03746,-10.33369],[14.02706,-10.32607],[14.02093,-10.3071],[14.00476,-10.2948],[13.99983,-10.27356],[13.99078,-10.25511],[13.98305,-10.18925],[14.01749,-10.15333],[14.02834,-10.13182],[14.05031,-10.07109],[14.05662,-10.04092],[14.07383,-9.98468],[14.08469,-9.96202],[14.11529,-9.90774],[14.13017,-9.88859],[14.16504,-9.86008],[14.1706,-9.83904],[14.17035,-9.81733],[14.16208,-9.78518],[14.15031,-9.75355],[14.14883,-9.73581],[14.15146,-9.71643],[14.15041,-9.67014],[14.15329,-9.66485],[14.13774,-9.66019],[14.1195,-9.63244],[14.11805,-9.61299],[14.11472,-9.60207],[14.08932,-9.58504],[14.07424,-9.58019],[14.06367,-9.58513],[14.04868,-9.61228],[14.03926,-9.61781],[14.02894,-9.60677],[14.02214,-9.59407],[13.99338,-9.56954],[13.96764,-9.53821],[13.94437,-9.49835],[13.92488,-9.45264],[13.91566,-9.4491],[13.90114,-9.43799],[13.89003,-9.42518],[13.86099,-9.40723],[13.84305,-9.38758],[13.8217,-9.36962],[13.72923,-9.32739],[13.70823,-9.29441],[13.68916,-9.28547],[13.66073,-9.27919],[13.64147,-9.28166],[13.61211,-9.29536],[13.59691,-9.29905],[13.58685,-9.24001],[13.57006,-9.23396],[13.54954,-9.24212],[13.52689,-9.2388],[13.50373,-9.2309],[13.48297,-9.21962],[13.46636,-9.20386],[13.44156,-9.19021],[13.4161,-9.18112],[13.39578,-9.18151]]]}},{"type":"Feature","properties":{"ISOCSUID":"AO28","LANDFORM":"LL","LITHOLOGY":"SC2","SOILS":"LVx","WRB":"Chromic Luvisols","DOMSOILS":"LV","CODE_WRB":"LV-cr"},"geometry":{"type":"Polygon","coordinates":[[[13.39578,-9.18151],[13.35901,-9.18279],[13.34029,-9.18811],[13.31522,-9.18987],[13.28944,-9.19903],[13.27162,-9.21808],[13.25783,-9.24006],[13.23591,-9.26073],[13.21142,-9.29449],[13.19757,-9.31875],[13.19013,-9.34373],[13.16932,-9.38129],[13.17672,-9.43093],[13.17664,-9.46611],[13.18997,-9.49595],[13.20725,-9.52531],[13.20198,-9.53889],[13.20317,-9.54694],[13.20133,-9.54948],[13.19531,-9.55042],[13.19416,-9.55387],[13.20298,-9.56552],[13.23095,-9.56455],[13.24108,-9.58476],[13.263,-9.66178],[13.27139,-9.68139],[13.27223,-9.69969],[13.25835,-9.7251],[13.25924,-9.74055],[13.27819,-9.75695],[13.29385,-9.76185],[13.3319,-9.78722],[13.34849,-9.80528],[13.36603,-9.80336],[13.38305,-9.79743],[13.39143,-9.7856],[13.39641,-9.76799],[13.39034,-9.74844],[13.38273,-9.68429],[13.37086,-9.66291],[13.33984,-9.63655],[13.32383,-9.61907],[13.31717,-9.60065],[13.31797,-9.5881],[13.32875,-9.57233],[13.3697,-9.56462],[13.39352,-9.56911],[13.41686,-9.56788],[13.41779,-9.64731],[13.42346,-9.68971],[13.43127,-9.70986],[13.44089,-9.72663],[13.45527,-9.73836],[13.47166,-9.73469],[13.4829,-9.72578],[13.49918,-9.69526],[13.51326,-9.69041],[13.53135,-9.68963],[13.54485,-9.68476],[13.56407,-9.65201],[13.58236,-9.63981],[13.63053,-9.6185],[13.65632,-9.61044],[13.67794,-9.60802],[13.70406,-9.61482],[13.72339,-9.60948],[13.72215,-9.57861],[13.71704,-9.57051],[13.70605,-9.5303],[13.70203,-9.5268],[13.69157,-9.49003],[13.67138,-9.44278],[13.65129,-9.42467],[13.60297,-9.38772],[13.58828,-9.36114],[13.54783,-9.30777],[13.49414,-9.2804],[13.44123,-9.27532],[13.42273,-9.26751],[13.41432,-9.24906],[13.39578,-9.18151]]]}},{"type":"Feature","properties":{"ISOCSUID":"AO167","LANDFORM":"LD","LITHOLOGY":"SC2","SOILS":"RGd","WRB":"Dystri-Arenic Regosols","DOMSOILS":"RG","CODE_WRB":"RG-ar-dy"},"geometry":{"type":"Polygon","coordinates":[[[17.76402,-9.24609],[17.74824,-9.26541],[17.72957,-9.27957],[17.71844,-9.30063],[17.69854,-9.32963],[17.67048,-9.36086],[17.66519,-9.3751],[17.6628,-9.39336],[17.61487,-9.43874],[17.60258,-9.45636],[17.59146,-9.4677],[17.61994,-9.49018],[17.65069,-9.52865],[17.65471,-9.54581],[17.65116,-9.56293],[17.64356,-9.56687],[17.62724,-9.56676],[17.60803,-9.56206],[17.59582,-9.55341],[17.58422,-9.53563],[17.58193,-9.52533],[17.56973,-9.51554],[17.55921,-9.52289],[17.54809,-9.53595],[17.53001,-9.5381],[17.51956,-9.52889],[17.50497,-9.53279],[17.47236,-9.52684],[17.44087,-9.53118],[17.43849,-9.54201],[17.49416,-9.61439],[17.50554,-9.62488],[17.46512,-9.65089],[17.44379,-9.6398],[17.42587,-9.63638],[17.41136,-9.6398],[17.40795,-9.65772],[17.41136,-9.68673],[17.40454,-9.70806],[17.36187,-9.71488],[17.33286,-9.71147],[17.3047,-9.72939],[17.27569,-9.7584],[17.26246,-9.79372],[17.28475,-9.89272],[17.2992,-9.92311],[17.32938,-9.95877],[17.36371,-9.98359],[17.40509,-9.99933],[17.48672,-10.02049],[17.57019,-10.02508],[17.60286,-10.02931],[17.61642,-10.03448],[17.66223,-10.02633],[17.69039,-10.00159],[17.70869,-9.97745],[17.72914,-9.97187],[17.75252,-9.96173],[17.77241,-9.94701],[17.79465,-9.92487],[17.80579,-9.90608],[17.81988,-9.87589],[17.83401,-9.83313],[17.83641,-9.80801],[17.83066,-9.77942],[17.79462,-9.73693],[17.75397,-9.67955],[17.74005,-9.65547],[17.72383,-9.65316],[17.6759,-9.65848],[17.67133,-9.63103],[17.67968,-9.57511],[17.68846,-9.56146],[17.68101,-9.52428],[17.67876,-9.50028],[17.67941,-9.47915],[17.68588,-9.46206],[17.70743,-9.46448],[17.73532,-9.48751],[17.75518,-9.47221],[17.76571,-9.45914],[17.8032,-9.39026],[17.81144,-9.3629],[17.78674,-9.24452],[17.76402,-9.24609]]]}},{"type":"Feature","properties":{"ISOCSUID":"AO140","LANDFORM":"SH","LITHOLOGY":"MA2","SOILS":"LPq","WRB":"Lithic Leptosols","DOMSOILS":"LP","CODE_WRB":"LP-li"},"geometry":{"type":"Polygon","coordinates":[[[15.01957,-9.36028],[15.13822,-9.43927],[15.17064,-9.47341],[15.20477,-9.49986],[15.24402,-9.52119],[15.27806,-9.52751],[15.27007,-9.51254],[15.28932,-9.51111],[15.30845,-9.51938],[15.32831,-9.51567],[15.37336,-9.50032],[15.39495,-9.4972],[15.4369,-9.49893],[15.46014,-9.50554],[15.48054,-9.50525],[15.48697,-9.44879],[15.47374,-9.43204],[15.35749,-9.40699],[15.31977,-9.39445],[15.26526,-9.37195],[15.2297,-9.37372],[15.16695,-9.36023],[15.08953,-9.35563],[15.01957,-9.36028]]]}},{"type":"Feature","properties":{"ISOCSUID":"AO168","LANDFORM":"LD","LITHOLOGY":"SC2","SOILS":"ARh","WRB":"Eutric Arenosols","DOMSOILS":"AR","CODE_WRB":"AR-eu"},"geometry":{"type":"Polygon","coordinates":[[[17.87116,-9.46264],[17.85428,-9.4574],[17.8491,-9.43395],[17.85442,-9.40714],[17.85099,-9.38084],[17.84113,-9.36822],[17.81841,-9.36694],[17.80997,-9.36778],[17.8032,-9.39026],[17.76571,-9.45914],[17.75518,-9.47221],[17.73532,-9.48751],[17.70743,-9.46448],[17.68588,-9.46206],[17.67941,-9.47915],[17.67876,-9.50028],[17.68101,-9.52428],[17.68846,-9.56146],[17.67968,-9.57511],[17.67133,-9.63103],[17.6759,-9.65848],[17.72383,-9.65316],[17.73602,-9.63659],[17.7671,-9.57796],[17.78288,-9.56378],[17.81089,-9.55252],[17.82488,-9.5509],[17.8619,-9.52972],[17.8764,-9.52546],[17.8875,-9.51863],[17.8875,-9.50412],[17.8764,-9.48962],[17.87116,-9.46264]]]}},{"type":"Feature","properties":{"ISOCSUID":"AO173","LANDFORM":"LD","LITHOLOGY":"SC2","SOILS":"ALg","WRB":"Gleyic Alisols","DOMSOILS":"AL","CODE_WRB":"AL-gl"},"geometry":{"type":"Polygon","coordinates":[[[17.91966,-9.45145],[17.88806,-9.46331],[17.87116,-9.46264],[17.8764,-9.48962],[17.8875,-9.50412],[17.8875,-9.51863],[17.8764,-9.52546],[17.8619,-9.52972],[17.82488,-9.5509],[17.83302,-9.55894],[17.85041,-9.5956],[17.8713,-9.62943],[17.89689,-9.65414],[17.92016,-9.6737],[17.9685,-9.70082],[18.0052,-9.71531],[18.07223,-9.73452],[18.14334,-9.75887],[18.19579,-9.78255],[18.2832,-9.84751],[18.34151,-9.87691],[18.36835,-9.88502],[18.49259,-9.95065],[18.54453,-9.97198],[18.56437,-9.9772],[18.58947,-9.98186],[18.6099,-9.98193],[18.68335,-9.99727],[18.68169,-9.9896],[18.69803,-9.97137],[18.7418,-9.95094],[18.75814,-9.93671],[18.77914,-9.90364],[18.79429,-9.87112],[18.81994,-9.82493],[18.82693,-9.80667],[18.82226,-9.7958],[18.82225,-9.7838],[18.81408,-9.76493],[18.78373,-9.71229],[18.77205,-9.6797],[18.75397,-9.65794],[18.73764,-9.64989],[18.691,-9.63432],[18.65194,-9.61477],[18.62162,-9.60439],[18.60647,-9.59577],[18.56158,-9.59275],[18.54002,-9.58582],[18.51262,-9.58286],[18.46661,-9.53698],[18.45729,-9.52267],[18.44973,-9.50093],[18.43575,-9.49345],[18.41944,-9.48824],[18.38052,-9.4879],[18.38678,-9.51381],[18.40888,-9.56245],[18.42694,-9.5848],[18.44557,-9.61344],[18.50091,-9.68163],[18.52481,-9.69943],[18.55396,-9.71153],[18.58487,-9.72193],[18.70967,-9.75377],[18.75226,-9.7756],[18.76684,-9.78593],[18.7791,-9.81167],[18.77211,-9.8345],[18.75577,-9.83616],[18.73302,-9.82124],[18.72252,-9.82292],[18.71902,-9.84462],[18.72894,-9.85836],[18.73829,-9.89038],[18.73946,-9.90866],[18.73304,-9.92292],[18.71787,-9.92688],[18.71437,-9.92173],[18.71145,-9.90286],[18.70269,-9.89198],[18.67876,-9.82907],[18.6636,-9.80731],[18.64551,-9.79526],[18.61168,-9.77686],[18.59769,-9.77224],[18.57436,-9.75845],[18.47115,-9.71807],[18.45309,-9.69801],[18.43736,-9.6751],[18.42281,-9.63562],[18.36052,-9.55083],[18.34889,-9.52793],[18.33376,-9.50558],[18.33297,-9.48874],[18.279,-9.49049],[18.26094,-9.48812],[18.21486,-9.47217],[18.2079,-9.49187],[18.19099,-9.49978],[18.17118,-9.4974],[18.1502,-9.49844],[18.08205,-9.48381],[18.04712,-9.47106],[18.02556,-9.47037],[18.00457,-9.47426],[17.98998,-9.48503],[17.96957,-9.48891],[17.92303,-9.45837],[17.91966,-9.45145]]]}},{"type":"Feature","properties":{"ISOCSUID":"AO190","LANDFORM":"LV","LITHOLOGY":"SC2","SOILS":"FRx","WRB":"Areni-Acric Ferralsols (Xanthic)","DOMSOILS":"FR","CODE_WRB":"FR-ac-ar"},"geometry":{"type":"Polygon","coordinates":[[[19.48727,-10.41815],[19.50356,-10.40705],[19.50994,-10.38877],[19.51628,-10.35906],[19.52382,-10.33736],[19.52366,-10.28537],[19.53002,-10.26081],[19.51757,-10.19967],[19.50816,-10.17453],[19.49929,-10.13854],[19.4879,-10.02999],[19.47966,-10.00656],[19.4749,-9.97228],[19.46072,-9.90772],[19.46236,-9.86774],[19.44997,-9.81632],[19.45042,-9.76719],[19.44449,-9.72892],[19.44147,-9.68779],[19.44181,-9.59468],[19.44521,-9.55813],[19.43859,-9.48044],[19.42922,-9.46102],[19.41176,-9.46957],[19.39783,-9.48898],[19.37115,-9.54264],[19.36188,-9.56662],[19.34744,-9.62544],[19.32081,-9.70995],[19.31455,-9.78078],[19.3152,-9.80762],[19.32226,-9.83619],[19.33339,-9.85563],[19.34157,-9.86306],[19.34972,-9.85279],[19.36129,-9.81281],[19.36816,-9.75684],[19.36807,-9.71857],[19.38478,-9.63519],[19.39,-9.62548],[19.40339,-9.61635],[19.41391,-9.62836],[19.41636,-9.67349],[19.42225,-9.69805],[19.42289,-9.71805],[19.4102,-9.77401],[19.40324,-9.79115],[19.40214,-9.81971],[19.39404,-9.84769],[19.39235,-9.8694],[19.39421,-9.91624],[19.42536,-10.00195],[19.44061,-10.0271],[19.45001,-10.05167],[19.45012,-10.09452],[19.44496,-10.12822],[19.45618,-10.17679],[19.45745,-10.21563],[19.46101,-10.23563],[19.46411,-10.3019],[19.4619,-10.34932],[19.46612,-10.39503],[19.46848,-10.40646],[19.47612,-10.42017],[19.48727,-10.41815]]]}},{"type":"Feature","properties":{"ISOCSUID":"AO181","LANDFORM":"LV","LITHOLOGY":"UF","SOILS":"FLe","WRB":"Eutric Fluvisols","DOMSOILS":"FL","CODE_WRB":"FL-eu"},"geometry":{"type":"Polygon","coordinates":[[[18.38052,-9.4879],[18.33297,-9.48874],[18.33376,-9.50558],[18.34889,-9.52793],[18.36052,-9.55083],[18.42281,-9.63562],[18.43736,-9.6751],[18.45309,-9.69801],[18.47115,-9.71807],[18.57436,-9.75845],[18.59769,-9.77224],[18.61168,-9.77686],[18.64551,-9.79526],[18.6636,-9.80731],[18.67876,-9.82907],[18.70269,-9.89198],[18.71145,-9.90286],[18.71437,-9.92173],[18.71787,-9.92688],[18.73304,-9.92292],[18.73946,-9.90866],[18.73829,-9.89038],[18.72894,-9.85836],[18.71902,-9.84462],[18.72252,-9.82292],[18.73302,-9.82124],[18.75577,-9.83616],[18.77211,-9.8345],[18.7791,-9.81167],[18.76684,-9.78593],[18.75226,-9.7756],[18.70967,-9.75377],[18.58487,-9.72193],[18.55396,-9.71153],[18.52481,-9.69943],[18.50091,-9.68163],[18.44557,-9.61344],[18.42694,-9.5848],[18.40888,-9.56245],[18.38678,-9.51381],[18.38052,-9.4879]]]}},{"type":"Feature","properties":{"ISOCSUID":"AO138","LANDFORM":"LP","LITHOLOGY":"MA1","SOILS":"LXh","WRB":"Chromi-Humic Lixisols","DOMSOILS":"LX","CODE_WRB":"LX-hu-cr"},"geometry":{"type":"Polygon","coordinates":[[[15.53841,-9.5101],[15.46014,-9.50554],[15.4369,-9.49893],[15.39495,-9.4972],[15.37336,-9.50032],[15.32831,-9.51567],[15.30845,-9.51938],[15.28932,-9.51111],[15.27007,-9.51254],[15.27806,-9.52751],[15.29427,-9.53689],[15.34265,-9.53644],[15.37116,-9.54085],[15.39274,-9.54001],[15.41763,-9.55578],[15.4355,-9.57431],[15.44746,-9.59962],[15.47096,-9.58281],[15.49073,-9.58765],[15.49219,-9.61452],[15.50476,-9.63926],[15.56192,-9.63718],[15.63083,-9.62611],[15.71146,-9.60833],[15.75403,-9.60774],[15.80122,-9.61063],[15.86466,-9.60306],[15.85357,-9.62272],[15.8569,-9.64047],[15.89337,-9.64321],[15.9275,-9.63212],[15.94696,-9.61131],[15.98809,-9.60054],[16.04952,-9.59031],[16.08109,-9.56641],[16.08109,-9.5502],[16.07086,-9.50242],[16.05464,-9.49474],[16.03843,-9.49986],[16.02051,-9.5101],[15.97273,-9.51607],[15.934,-9.4992],[15.89849,-9.50754],[15.85071,-9.5101],[15.80036,-9.50498],[15.75002,-9.50498],[15.7048,-9.52631],[15.6809,-9.52887],[15.65701,-9.52887],[15.63653,-9.51863],[15.59387,-9.52119],[15.53841,-9.5101]]]}},{"type":"Feature","properties":{"ISOCSUID":"AO169","LANDFORM":"LP","LITHOLOGY":"SC3","SOILS":"LVx","WRB":"Chromi-Humic Luvisols","DOMSOILS":"LV","CODE_WRB":"LV-hu-cr"},"geometry":{"type":"Polygon","coordinates":[[[17.82488,-9.5509],[17.81089,-9.55252],[17.78288,-9.56378],[17.7671,-9.57796],[17.73602,-9.63659],[17.72383,-9.65316],[17.74005,-9.65547],[17.75397,-9.67955],[17.79462,-9.73693],[17.83066,-9.77942],[17.89773,-9.79083],[17.97709,-9.8369],[18.01975,-9.87957],[18.04791,-9.92309],[18.09143,-9.95466],[18.14519,-10.005],[18.15884,-10.02292],[18.17676,-10.01609],[18.19468,-9.99391],[18.17676,-9.95466],[18.15543,-9.92991],[18.11959,-9.90517],[18.08375,-9.87274],[18.00525,-9.79083],[17.9685,-9.70082],[17.92016,-9.6737],[17.8713,-9.62943],[17.85041,-9.5956],[17.83302,-9.55894],[17.82488,-9.5509]]]}},{"type":"Feature","properties":{"ISOCSUID":"AO137","LANDFORM":"LP","LITHOLOGY":"MA4","SOILS":"ARh","WRB":"Eutric Arenosols","DOMSOILS":"AR","CODE_WRB":"AR-eu"},"geometry":{"type":"Polygon","coordinates":[[[15.86466,-9.60306],[15.80122,-9.61063],[15.75403,-9.60774],[15.71146,-9.60833],[15.63083,-9.62611],[15.56192,-9.63718],[15.50476,-9.63926],[15.49219,-9.61452],[15.49073,-9.58765],[15.47096,-9.58281],[15.44746,-9.59962],[15.44831,-9.62933],[15.43237,-9.64739],[15.40233,-9.67496],[15.38685,-9.70388],[15.36851,-9.72761],[15.3445,-9.73641],[15.33403,-9.73397],[15.28814,-9.71732],[15.27026,-9.69992],[15.2457,-9.70584],[15.19139,-9.71247],[15.15683,-9.7251],[15.13336,-9.73674],[15.11968,-9.74867],[15.12556,-9.75491],[15.14412,-9.76433],[15.17073,-9.78301],[15.20957,-9.80415],[15.24095,-9.81432],[15.32892,-9.82588],[15.34867,-9.83359],[15.42413,-9.81523],[15.47264,-9.80734],[15.52916,-9.81326],[15.63771,-9.80958],[15.67683,-9.8061],[15.71007,-9.80711],[15.72926,-9.81364],[15.77311,-9.80336],[15.7942,-9.79449],[15.81486,-9.76904],[15.8337,-9.75043],[15.85877,-9.75189],[15.92767,-9.7651],[15.92876,-9.75219],[15.92033,-9.71781],[15.87125,-9.66521],[15.8569,-9.64047],[15.85357,-9.62272],[15.86466,-9.60306]]]}},{"type":"Feature","properties":{"ISOCSUID":"AO135","LANDFORM":"LD","LITHOLOGY":"MB2","SOILS":"ALg","WRB":"Gleyic Alisols","DOMSOILS":"AL","CODE_WRB":"AL-gl"},"geometry":{"type":"Polygon","coordinates":[[[16.92251,-9.67956],[16.91424,-9.68964],[16.88443,-9.70136],[16.84531,-9.709],[16.81155,-9.69954],[16.76676,-9.68141],[16.71668,-9.67121],[16.69217,-9.67497],[16.64834,-9.68939],[16.49538,-9.7141],[16.45865,-9.71257],[16.40974,-9.70291],[16.34234,-9.67019],[16.30121,-9.6366],[16.20104,-9.6229],[16.15139,-9.63432],[16.15021,-9.65601],[16.19458,-9.67222],[16.20567,-9.69355],[16.20202,-9.78629],[16.22682,-9.82085],[16.23862,-9.87697],[16.24489,-9.89475],[16.26625,-9.92355],[16.28017,-9.93457],[16.30664,-9.98114],[16.31404,-10.00578],[16.32266,-10.02245],[16.33509,-10.07514],[16.33548,-10.10028],[16.32827,-10.12591],[16.32685,-10.16256],[16.33618,-10.16028],[16.3541,-10.18333],[16.36211,-10.20627],[16.36311,-10.22685],[16.37053,-10.24978],[16.41236,-10.28051],[16.48582,-10.30358],[16.51732,-10.31019],[16.56279,-10.32609],[16.6148,-10.32547],[16.64055,-10.31944],[16.67448,-10.31521],[16.74649,-10.29363],[16.90275,-10.25225],[16.9337,-10.25367],[17.02024,-10.2413],[17.05052,-10.25927],[17.07843,-10.28465],[17.09581,-10.31336],[17.11611,-10.34096],[17.13464,-10.37482],[17.22072,-10.46123],[17.27024,-10.49819],[17.35723,-10.52971],[17.38878,-10.53567],[17.41392,-10.53585],[17.47535,-10.52945],[17.48884,-10.5204],[17.51283,-10.516],[17.5474,-10.49625],[17.57261,-10.47814],[17.60311,-10.45093],[17.64407,-10.43978],[17.65103,-10.45753],[17.64042,-10.4826],[17.60929,-10.52067],[17.59404,-10.53542],[17.56238,-10.55577],[17.51258,-10.58056],[17.48153,-10.59177],[17.43706,-10.59773],[17.38619,-10.59335],[17.37271,-10.59896],[17.38124,-10.65616],[17.40101,-10.68316],[17.45827,-10.70358],[17.47519,-10.71399],[17.48101,-10.72317],[17.46926,-10.73394],[17.45461,-10.74069],[17.40431,-10.73346],[17.3681,-10.71719],[17.35062,-10.70106],[17.33957,-10.68441],[17.32222,-10.64143],[17.31298,-10.6145],[17.31078,-10.58477],[17.305,-10.56816],[17.29218,-10.55835],[17.2694,-10.5536],[17.24842,-10.53744],[17.22334,-10.52409],[17.20232,-10.51764],[17.18368,-10.5032],[17.16914,-10.48823],[17.15232,-10.46124],[17.1343,-10.43995],[17.11346,-10.40207],[17.10139,-10.36197],[17.09215,-10.3419],[17.07586,-10.32748],[17.02042,-10.31329],[16.99648,-10.31022],[16.96258,-10.31277],[16.94092,-10.31887],[16.8731,-10.3251],[16.83974,-10.33337],[16.79352,-10.34093],[16.76484,-10.34923],[16.73502,-10.35122],[16.71624,-10.36304],[16.69402,-10.36397],[16.67067,-10.36031],[16.64376,-10.36404],[16.5894,-10.36464],[16.53279,-10.35377],[16.50019,-10.33515],[16.48555,-10.34014],[16.46901,-10.3417],[16.46854,-10.34853],[16.49877,-10.36942],[16.51329,-10.38271],[16.53541,-10.39493],[16.54582,-10.41104],[16.56441,-10.42666],[16.60501,-10.47335],[16.61897,-10.48434],[16.64504,-10.51946],[16.65899,-10.53159],[16.67924,-10.56493],[16.72808,-10.60769],[16.75999,-10.64913],[16.785,-10.67165],[16.80298,-10.69639],[16.8257,-10.7126],[16.86235,-10.74779],[16.90376,-10.77103],[16.95812,-10.78409],[17.01469,-10.81944],[17.03981,-10.8288],[17.05794,-10.83124],[17.07966,-10.82114],[17.09376,-10.81098],[17.11073,-10.81169],[17.16609,-10.86072],[17.20527,-10.86961],[17.25494,-10.88772],[17.30704,-10.89098],[17.33449,-10.90491],[17.35317,-10.91819],[17.37645,-10.95093],[17.38279,-10.97498],[17.399,-11.01738],[17.4526,-11.08804],[17.44411,-11.15826],[17.43231,-11.17702],[17.41115,-11.19172],[17.40228,-11.20994],[17.41276,-11.22773],[17.43262,-11.24387],[17.45836,-11.2572],[17.47099,-11.32185],[17.48677,-11.33681],[17.50491,-11.34494],[17.51946,-11.37361],[17.52098,-11.43704],[17.51862,-11.44045],[17.56922,-11.45132],[17.59482,-11.46668],[17.61018,-11.49569],[17.62639,-11.50849],[17.67076,-11.52726],[17.67673,-11.55542],[17.68612,-11.55883],[17.71513,-11.61259],[17.71769,-11.71669],[17.77827,-11.78324],[17.78766,-11.79007],[17.81326,-11.82164],[17.84739,-11.84041],[17.90115,-11.8498],[17.93613,-11.8626],[18.04365,-11.8626],[18.09399,-11.84041],[18.09399,-11.80884],[18.08204,-11.79604],[18.06583,-11.78666],[18.07863,-11.77044],[18.10338,-11.77386],[18.09143,-11.75765],[18.09399,-11.72607],[18.123,-11.71669],[18.13239,-11.73887],[18.15116,-11.75508],[18.18273,-11.75508],[18.20833,-11.73631],[18.19553,-11.71669],[18.15457,-11.68512],[18.15457,-11.64075],[18.16993,-11.60576],[18.16993,-11.59381],[18.18273,-11.58443],[18.16993,-11.56822],[18.14177,-11.55883],[18.0974,-11.54944],[18.07522,-11.552],[18.04023,-11.54944],[18.02829,-11.54262],[18.01805,-11.52385],[17.9805,-11.52726],[17.95234,-11.52385],[17.91053,-11.51105],[17.88579,-11.49227],[17.88579,-11.45132],[17.92675,-11.44193],[17.93955,-11.41633],[17.92675,-11.37879],[17.9549,-11.34978],[18.00006,-11.27494],[17.95077,-11.25809],[17.9092,-11.23785],[17.86304,-11.18559],[17.84497,-11.14949],[17.81412,-11.07675],[17.79426,-11.05663],[17.74517,-11.01748],[17.72825,-10.99737],[17.71735,-10.92417],[17.72151,-10.90592],[17.76206,-10.85875],[17.81018,-10.81506],[17.84132,-10.77525],[17.86184,-10.76109],[17.87475,-10.74632],[17.90529,-10.7065],[17.94874,-10.64333],[17.96396,-10.63599],[17.98441,-10.64982],[17.9826,-10.67037],[17.98526,-10.68694],[18.00601,-10.66993],[18.02121,-10.67516],[18.03584,-10.67295],[18.05928,-10.65536],[18.12135,-10.62255],[18.15236,-10.61813],[18.15099,-10.59589],[18.13605,-10.57749],[18.10919,-10.55507],[18.0315,-10.51239],[17.9982,-10.49792],[17.84646,-10.39707],[17.75948,-10.36111],[17.68297,-10.34405],[17.64506,-10.32209],[17.61126,-10.29502],[17.52436,-10.25442],[17.45605,-10.24251],[17.4187,-10.23195],[17.3855,-10.21113],[17.33478,-10.18904],[17.29221,-10.17385],[17.17163,-10.10947],[17.12556,-10.09766],[17.06739,-10.05603],[17.03944,-10.04208],[17.03665,-10.01921],[17.06755,-9.91778],[17.06939,-9.90066],[17.06904,-9.85724],[17.06102,-9.82975],[17.05064,-9.80681],[17.03733,-9.78785],[17.00254,-9.74984],[16.98337,-9.73596],[16.95904,-9.70718],[16.92251,-9.67956]]]}},{"type":"Feature","properties":{"ISOCSUID":"AO28","LANDFORM":"LL","LITHOLOGY":"SC2","SOILS":"LVx","WRB":"Chromic Luvisols","DOMSOILS":"LV","CODE_WRB":"LV-cr"},"geometry":{"type":"Polygon","coordinates":[[[13.55587,-9.95981],[13.5747,-9.95104],[13.57429,-9.94132],[13.56636,-9.92688],[13.55647,-9.89125],[13.56303,-9.88282],[13.58063,-9.87746],[13.6157,-9.87416],[13.63368,-9.88081],[13.67091,-9.88783],[13.68437,-9.88581],[13.70436,-9.87649],[13.71431,-9.87498],[13.7248,-9.91118],[13.73733,-9.92971],[13.75197,-9.92656],[13.76025,-9.91987],[13.77713,-9.88763],[13.77728,-9.87849],[13.78336,-9.86318],[13.81149,-9.85573],[13.82718,-9.86003],[13.84758,-9.86157],[13.87389,-9.85808],[13.90299,-9.86263],[13.92873,-9.85912],[13.94867,-9.85264],[13.96582,-9.83811],[13.99553,-9.80382],[13.99371,-9.77122],[13.98578,-9.75621],[13.99883,-9.74218],[14.00323,-9.72226],[13.97668,-9.70405],[13.97115,-9.6851],[13.96026,-9.67289],[13.92231,-9.67617],[13.90893,-9.67363],[13.8917,-9.65731],[13.88383,-9.63888],[13.87576,-9.63358],[13.86238,-9.63161],[13.77649,-9.67737],[13.75783,-9.67757],[13.75368,-9.68149],[13.78138,-9.69974],[13.78937,-9.71018],[13.76393,-9.73197],[13.71688,-9.75561],[13.70575,-9.75825],[13.68992,-9.72823],[13.67242,-9.72845],[13.66004,-9.73621],[13.65349,-9.74407],[13.65098,-9.75431],[13.63613,-9.77058],[13.59963,-9.78985],[13.58145,-9.7952],[13.55438,-9.80894],[13.53102,-9.81018],[13.47656,-9.82164],[13.45555,-9.82178],[13.44894,-9.83307],[13.44775,-9.86733],[13.45672,-9.88865],[13.471,-9.90609],[13.48595,-9.91896],[13.52236,-9.9397],[13.53672,-9.9537],[13.55587,-9.95981]]]}},{"type":"Feature","properties":{"ISOCSUID":"AO196","LANDFORM":"LV","LITHOLOGY":"MA2","SOILS":"FRx","WRB":"Areni-Acric Ferralsols (Xanthic)","DOMSOILS":"FR","CODE_WRB":"FR-ac-ar"},"geometry":{"type":"Polygon","coordinates":[[[21.90255,-9.67083],[21.91024,-9.72407],[21.92821,-9.76735],[21.93319,-9.79645],[21.95861,-9.82653],[21.98923,-9.85143],[22.02219,-9.87689],[22.08509,-9.91695],[22.1023,-9.94195],[22.11849,-9.97952],[22.12407,-10.00747],[22.13554,-10.03994],[22.14293,-10.07244],[22.158,-10.11231],[22.17473,-10.14473],[22.18986,-10.18917],[22.19426,-10.21541],[22.20978,-10.2427],[22.21664,-10.27921],[22.24171,-10.37155],[22.25823,-10.4811],[22.25279,-10.51486],[22.23664,-10.53328],[22.20575,-10.54211],[22.1818,-10.5446],[22.14927,-10.56315],[22.11253,-10.57259],[22.08262,-10.5654],[22.03497,-10.54121],[21.97573,-10.57766],[21.90624,-10.58847],[21.84194,-10.59237],[21.75733,-10.61182],[21.72267,-10.65433],[21.71996,-10.67549],[21.7511,-10.68785],[21.78391,-10.69162],[21.8136,-10.6777],[21.93661,-10.63738],[22.06472,-10.63696],[22.12654,-10.62047],[22.18679,-10.61997],[22.24718,-10.63146],[22.26439,-10.65131],[22.27524,-10.6775],[22.27664,-10.69634],[22.2685,-10.74897],[22.25118,-10.76855],[22.22561,-10.78362],[22.20538,-10.80493],[22.18273,-10.81997],[22.16662,-10.84353],[22.17369,-10.87492],[22.18079,-10.85201],[22.2316,-10.81262],[22.26664,-10.79564],[22.30157,-10.79223],[22.31095,-10.78287],[22.32778,-10.77242],[22.33394,-10.75775],[22.3343,-10.74073],[22.32854,-10.7331],[22.32783,-10.70526],[22.32422,-10.69005],[22.3141,-10.67618],[22.3189,-10.65574],[22.31608,-10.60007],[22.31835,-10.57662],[22.31479,-10.55567],[22.31651,-10.54372],[22.31146,-10.53586],[22.2888,-10.52051],[22.27767,-10.51628],[22.27797,-10.50847],[22.29009,-10.50373],[22.2927,-10.49754],[22.29595,-10.46698],[22.30933,-10.45052],[22.31036,-10.43673],[22.32281,-10.42027],[22.32924,-10.39939],[22.32795,-10.38512],[22.31538,-10.35812],[22.3125,-10.34016],[22.30679,-10.3277],[22.29875,-10.31568],[22.28512,-10.30661],[22.28214,-10.30175],[22.28599,-10.28454],[22.28014,-10.26081],[22.26306,-10.24687],[22.25601,-10.22865],[22.25164,-10.22333],[22.24492,-10.22121],[22.23619,-10.20941],[22.2386,-10.19885],[22.23571,-10.18342],[22.22267,-10.15872],[22.22424,-10.13711],[22.22012,-10.12926],[22.22507,-10.12079],[22.22582,-10.11344],[22.22064,-10.09386],[22.225,-10.0709],[22.21251,-10.03654],[22.21866,-10.0221],[22.21778,-10.01726],[22.20991,-10.01398],[22.20139,-10.0061],[22.1982,-9.99894],[22.20874,-9.98684],[22.18934,-9.94737],[22.19197,-9.9375],[22.19136,-9.92692],[22.18587,-9.91745],[22.16718,-9.9058],[22.15269,-9.89166],[22.13017,-9.89423],[22.1222,-9.87784],[22.11665,-9.87527],[22.10574,-9.87724],[22.09569,-9.8859],[22.08231,-9.8782],[22.07327,-9.87766],[22.06821,-9.87302],[22.06414,-9.8608],[22.05516,-9.85337],[22.04464,-9.83649],[22.04188,-9.83394],[22.03489,-9.8371],[22.02541,-9.83518],[22.01236,-9.81575],[22.0077,-9.79226],[22.0022,-9.78463],[22.0064,-9.76217],[21.97652,-9.76591],[21.94837,-9.75241],[21.93824,-9.70635],[21.93753,-9.6905],[21.93424,-9.68678],[21.91714,-9.68203],[21.90255,-9.67083]]]}},{"type":"Feature","properties":{"ISOCSUID":"AO177","LANDFORM":"SH","LITHOLOGY":"SC2","SOILS":"FRr","WRB":"Rhodic Ferralsols","DOMSOILS":"FR","CODE_WRB":"FR-ro"},"geometry":{"type":"Polygon","coordinates":[[[19.1788,-9.71341],[19.16516,-9.73829],[19.13309,-9.74738],[19.0981,-9.74903],[19.07127,-9.74726],[19.04734,-9.73008],[19.02049,-9.7146],[18.98899,-9.70139],[18.96448,-9.68477],[18.93881,-9.675],[18.91725,-9.68466],[18.90618,-9.70063],[18.9097,-9.7292],[18.90915,-9.76175],[18.9115,-9.78518],[18.89752,-9.80457],[18.87302,-9.80793],[18.84385,-9.79871],[18.82226,-9.78647],[18.82226,-9.7958],[18.82693,-9.80667],[18.81994,-9.82493],[18.79429,-9.87112],[18.77914,-9.90364],[18.75814,-9.93671],[18.7418,-9.95094],[18.69803,-9.97137],[18.68169,-9.9896],[18.68578,-10.00846],[18.69162,-10.09303],[18.67703,-10.13812],[18.66243,-10.15635],[18.59934,-10.19841],[18.53388,-10.28786],[18.51576,-10.30379],[18.5064,-10.32604],[18.53855,-10.33778],[18.55647,-10.35911],[18.55988,-10.38813],[18.55647,-10.40263],[18.55779,-10.42335],[18.57475,-10.39656],[18.60164,-10.37438],[18.66535,-10.34032],[18.70275,-10.31244],[18.76,-10.26234],[18.79737,-10.22303],[18.84349,-10.1826],[18.85752,-10.19464],[18.8669,-10.25293],[18.88269,-10.27069],[18.89846,-10.2633],[18.94928,-10.252],[18.99016,-10.23838],[19.00361,-10.25041],[19.00833,-10.28755],[19.01772,-10.32185],[19.03762,-10.34988],[19.05459,-10.36649],[19.10433,-10.40715],[19.14644,-10.42607],[19.17047,-10.45982],[19.18628,-10.47641],[19.21563,-10.53588],[19.27069,-10.58109],[19.31169,-10.60856],[19.33159,-10.61429],[19.3456,-10.60231],[19.34788,-10.57775],[19.3285,-10.54288],[19.3097,-10.50172],[19.2487,-10.40224],[19.22755,-10.34622],[19.20756,-10.28335],[19.18585,-10.23075],[19.17056,-10.16789],[19.17156,-10.07077],[19.19415,-9.97198],[19.2075,-9.93201],[19.22017,-9.83949],[19.20662,-9.77092],[19.1788,-9.71341]]]}},{"type":"Feature","properties":{"ISOCSUID":"AO172","LANDFORM":"LP","LITHOLOGY":"SC2","SOILS":"ALh","WRB":"Rhodi-Humic Alisols","DOMSOILS":"AL","CODE_WRB":"AL-hu-ro"},"geometry":{"type":"Polygon","coordinates":[[[17.83066,-9.77942],[17.83641,-9.80801],[17.83401,-9.83313],[17.81988,-9.87589],[17.79465,-9.92487],[17.77241,-9.94701],[17.75252,-9.96173],[17.72914,-9.97187],[17.70869,-9.97745],[17.69039,-10.00159],[17.66223,-10.02633],[17.61642,-10.03448],[17.63026,-10.03977],[17.70248,-10.08539],[17.72121,-10.08093],[17.75031,-10.11139],[17.76954,-10.12237],[17.80505,-10.16258],[17.81785,-10.18094],[17.83771,-10.17878],[17.84418,-10.16396],[17.84193,-10.13367],[17.82796,-10.11645],[17.81983,-10.09926],[17.80881,-10.07348],[17.8013,-10.04544],[17.79902,-10.02886],[17.80266,-9.98033],[17.8243,-9.96561],[17.88384,-9.96025],[17.90191,-9.9695],[17.9305,-9.97652],[17.94331,-9.98744],[17.95668,-10.00923],[17.98038,-10.11162],[17.98266,-10.13791],[17.99253,-10.16482],[18.02228,-10.18098],[18.05965,-10.1846],[18.10988,-10.18544],[18.13735,-10.17529],[18.19231,-10.14186],[18.21743,-10.13113],[18.23496,-10.1255],[18.27291,-10.1291],[18.29392,-10.14291],[18.30675,-10.16125],[18.31956,-10.1893],[18.32305,-10.20817],[18.32126,-10.23672],[18.32883,-10.26075],[18.3516,-10.27056],[18.35216,-10.29684],[18.36968,-10.30949],[18.39831,-10.30333],[18.45382,-10.30298],[18.50407,-10.32089],[18.5064,-10.32604],[18.51576,-10.30379],[18.53388,-10.28786],[18.59934,-10.19841],[18.66243,-10.15635],[18.67703,-10.13812],[18.69162,-10.09303],[18.68987,-10.05189],[18.68335,-9.99727],[18.6099,-9.98193],[18.58947,-9.98186],[18.56437,-9.9772],[18.54453,-9.97198],[18.49259,-9.95065],[18.36835,-9.88502],[18.34151,-9.87691],[18.2832,-9.84751],[18.19579,-9.78255],[18.14334,-9.75887],[18.07223,-9.73452],[18.0052,-9.71531],[17.9685,-9.70082],[18.00525,-9.79083],[18.08375,-9.87274],[18.11959,-9.90517],[18.15543,-9.92991],[18.17676,-9.95466],[18.19468,-9.99391],[18.17676,-10.01609],[18.15884,-10.02292],[18.14519,-10.005],[18.09143,-9.95466],[18.04791,-9.92309],[18.01975,-9.87957],[17.97709,-9.8369],[17.89773,-9.79083],[17.83066,-9.77942]]]}},{"type":"Feature","properties":{"ISOCSUID":"AO31","LANDFORM":"SH","LITHOLOGY":"MA2","SOILS":"LVx","WRB":"Chromic Luvisols","DOMSOILS":"LV","CODE_WRB":"LV-cr"},"geometry":{"type":"Polygon","coordinates":[[[14.48043,-9.8124],[14.45582,-9.84638],[14.43905,-9.87694],[14.42869,-9.90761],[14.42694,-9.94815],[14.39145,-10.06237],[14.37282,-10.09861],[14.32808,-10.16354],[14.30832,-10.19633],[14.28299,-10.25016],[14.23936,-10.31556],[14.2609,-10.35154],[14.2675,-10.34988],[14.30409,-10.36538],[14.32925,-10.36354],[14.35199,-10.36737],[14.37118,-10.37399],[14.39319,-10.38809],[14.41395,-10.40788],[14.43096,-10.44474],[14.41998,-10.47712],[14.40633,-10.4906],[14.40905,-10.50493],[14.43368,-10.50021],[14.47949,-10.48614],[14.49703,-10.48644],[14.52549,-10.50007],[14.54944,-10.50219],[14.56714,-10.49049],[14.58111,-10.45244],[14.57672,-10.43179],[14.57826,-10.40496],[14.59406,-10.36123],[14.58859,-10.33371],[14.62372,-10.32916],[14.63724,-10.32367],[14.64622,-10.30782],[14.6332,-10.27675],[14.61354,-10.26157],[14.59783,-10.25616],[14.56796,-10.26137],[14.52172,-10.30916],[14.50701,-10.31634],[14.49311,-10.30753],[14.47561,-10.26381],[14.47464,-10.20837],[14.49251,-10.1841],[14.52112,-10.18459],[14.53992,-10.17748],[14.54947,-10.16222],[14.55559,-10.14232],[14.56798,-10.12413],[14.58503,-10.1251],[14.59722,-10.13045],[14.6131,-10.12215],[14.62497,-10.10806],[14.64674,-10.09642],[14.67027,-10.12709],[14.6935,-10.13662],[14.71628,-10.13699],[14.74797,-10.12494],[14.77669,-10.1174],[14.79729,-10.1046],[14.80858,-10.08992],[14.81228,-10.07455],[14.8009,-10.05209],[14.79889,-10.02692],[14.78757,-9.99931],[14.78783,-9.93475],[14.78422,-9.89813],[14.77699,-9.87116],[14.75735,-9.85599],[14.69695,-9.83501],[14.69694,-9.81718],[14.68206,-9.8142],[14.67033,-9.81857],[14.64111,-9.82209],[14.6283,-9.82016],[14.60015,-9.78827],[14.58761,-9.76692],[14.55711,-9.7367],[14.51219,-9.72158],[14.51733,-9.74459],[14.48043,-9.8124]]]}},{"type":"Feature","properties":{"ISOCSUID":"AO75","LANDFORM":"LL","LITHOLOGY":"MA1","SOILS":"FRx","WRB":"Xanthi-Acric Ferralsols","DOMSOILS":"FR","CODE_WRB":"FR-ac-xa"},"geometry":{"type":"Polygon","coordinates":[[[15.32607,-9.82545],[15.24095,-9.81432],[15.20957,-9.80415],[15.17073,-9.78301],[15.14412,-9.76433],[15.12556,-9.75491],[15.11968,-9.74867],[15.09734,-9.77391],[15.06679,-9.79173],[15.02703,-9.79912],[15.01388,-9.82462],[15.02363,-9.83848],[15.03088,-9.86602],[15.02768,-9.88939],[15.02973,-9.91285],[15.04091,-9.95301],[15.03943,-9.97813],[15.06765,-10.05854],[15.06823,-10.10655],[15.04856,-10.13938],[15.03434,-10.15631],[15.04573,-10.17991],[15.02059,-10.18238],[14.99338,-10.16196],[14.97653,-10.15542],[14.95067,-10.16816],[14.91339,-10.20643],[14.88507,-10.22826],[14.86671,-10.24797],[14.85038,-10.25729],[14.88991,-10.24989],[14.96073,-10.24648],[15.00852,-10.25587],[15.0307,-10.26611],[15.13651,-10.3045],[15.20392,-10.31389],[15.29949,-10.33949],[15.44028,-10.31389],[15.47868,-10.26269],[15.49148,-10.22088],[15.49148,-10.21491],[15.47868,-10.18248],[15.47612,-10.11252],[15.50172,-10.07668],[15.52049,-10.08009],[15.5495,-10.09972],[15.57851,-10.11252],[15.59131,-10.10569],[15.59131,-10.0835],[15.5879,-10.06388],[15.59728,-10.05108],[15.61607,-10.04238],[15.59238,-10.01864],[15.5584,-9.97419],[15.53519,-9.96131],[15.51117,-9.96955],[15.47685,-9.95879],[15.45986,-9.91056],[15.43889,-9.90684],[15.42358,-9.9192],[15.40089,-9.91317],[15.39352,-9.89307],[15.38087,-9.87575],[15.33153,-9.85277],[15.32607,-9.82545]]]}},{"type":"Feature","properties":{"ISOCSUID":"AO90","LANDFORM":"LP","LITHOLOGY":"SC2","SOILS":"ARo","WRB":"Ferralic Arenosols","DOMSOILS":"AR","CODE_WRB":"AR-fl"},"geometry":{"type":"Polygon","coordinates":[[[16.20202,-9.78629],[16.18227,-9.77635],[16.0961,-9.75878],[16.01554,-9.76582],[15.92222,-9.76525],[15.8943,-9.75747],[15.8337,-9.75043],[15.81486,-9.76904],[15.7942,-9.79449],[15.77311,-9.80336],[15.72926,-9.81364],[15.71007,-9.80711],[15.67683,-9.8061],[15.63771,-9.80958],[15.52916,-9.81326],[15.47264,-9.80734],[15.42413,-9.81523],[15.34867,-9.83359],[15.32607,-9.82545],[15.33153,-9.85277],[15.38087,-9.87575],[15.39352,-9.89307],[15.40089,-9.91317],[15.42358,-9.9192],[15.43889,-9.90684],[15.45986,-9.91056],[15.47685,-9.95879],[15.51117,-9.96955],[15.53519,-9.96131],[15.5584,-9.97419],[15.59238,-10.01864],[15.61607,-10.04238],[15.65177,-10.03429],[15.67893,-10.0615],[15.71152,-10.07278],[15.74425,-10.12863],[15.77369,-10.16386],[15.80567,-10.17969],[15.83828,-10.18982],[15.90686,-10.22667],[15.94722,-10.28487],[15.95862,-10.31644],[15.98313,-10.32074],[16.00068,-10.31866],[16.02537,-10.30182],[16.04883,-10.29182],[16.11389,-10.33658],[16.15179,-10.34674],[16.18675,-10.35914],[16.21947,-10.4315],[16.27557,-10.50755],[16.37995,-10.62068],[16.41524,-10.67192],[16.45168,-10.7283],[16.46651,-10.78045],[16.49886,-10.83849],[16.53085,-10.86796],[16.54958,-10.86815],[16.55905,-10.8534],[16.56264,-10.84201],[16.57121,-10.7901],[16.57208,-10.74897],[16.55874,-10.64999],[16.56471,-10.63291],[16.57767,-10.61991],[16.59408,-10.6155],[16.61464,-10.60314],[16.6264,-10.59354],[16.64062,-10.5674],[16.64728,-10.5641],[16.61681,-10.5426],[16.60525,-10.52306],[16.56694,-10.48267],[16.54724,-10.4579],[16.49204,-10.41162],[16.47455,-10.40458],[16.45185,-10.3912],[16.43094,-10.37441],[16.4064,-10.34053],[16.39848,-10.33921],[16.37873,-10.323],[16.3566,-10.31305],[16.31195,-10.26914],[16.30457,-10.2422],[16.30033,-10.18845],[16.3116,-10.16629],[16.32685,-10.16256],[16.32827,-10.12591],[16.33548,-10.10028],[16.33509,-10.07514],[16.32266,-10.02245],[16.31404,-10.00578],[16.30664,-9.98114],[16.28017,-9.93457],[16.26625,-9.92355],[16.24489,-9.89475],[16.23862,-9.87697],[16.22682,-9.82085],[16.20202,-9.78629]]]}},{"type":"Feature","properties":{"ISOCSUID":"AO69","LANDFORM":"SH","LITHOLOGY":"IA1","SOILS":"CMo","WRB":"Chromi-Ferralic Cambisols","DOMSOILS":"CM","CODE_WRB":"CM-fl-cr"},"geometry":{"type":"Polygon","coordinates":[[[15.01987,-9.83314],[14.99047,-9.83112],[14.96326,-9.81413],[14.92979,-9.78447],[14.88036,-9.77227],[14.82962,-9.77203],[14.82721,-9.77771],[14.8545,-9.78785],[14.8742,-9.79845],[14.87234,-9.80642],[14.85527,-9.81871],[14.82666,-9.82054],[14.80516,-9.81391],[14.74104,-9.80945],[14.71819,-9.8165],[14.69694,-9.81718],[14.69695,-9.83501],[14.75735,-9.85599],[14.77699,-9.87116],[14.78422,-9.89813],[14.78783,-9.93475],[14.78757,-9.99931],[14.79889,-10.02692],[14.8009,-10.05209],[14.81228,-10.07455],[14.80858,-10.08992],[14.79729,-10.1046],[14.77669,-10.1174],[14.74797,-10.12494],[14.71628,-10.13699],[14.6935,-10.13662],[14.67027,-10.12709],[14.64674,-10.09642],[14.62497,-10.10806],[14.6131,-10.12215],[14.59722,-10.13045],[14.58503,-10.1251],[14.56798,-10.12413],[14.55559,-10.14232],[14.54947,-10.16222],[14.53992,-10.17748],[14.52112,-10.18459],[14.49251,-10.1841],[14.47464,-10.20837],[14.47561,-10.26381],[14.49311,-10.30753],[14.50701,-10.31634],[14.52172,-10.30916],[14.56796,-10.26137],[14.59783,-10.25616],[14.61354,-10.26157],[14.6332,-10.27675],[14.64622,-10.30782],[14.63724,-10.32367],[14.62372,-10.32916],[14.58859,-10.33371],[14.59406,-10.36123],[14.57826,-10.40496],[14.57672,-10.43179],[14.58111,-10.45244],[14.56714,-10.49049],[14.54944,-10.50219],[14.52549,-10.50007],[14.49703,-10.48644],[14.47949,-10.48614],[14.43368,-10.50021],[14.40905,-10.50493],[14.40633,-10.4906],[14.41998,-10.47712],[14.43096,-10.44474],[14.41395,-10.40788],[14.39319,-10.38809],[14.37118,-10.37399],[14.35199,-10.36737],[14.32925,-10.36354],[14.30409,-10.36538],[14.2675,-10.34988],[14.24638,-10.35521],[14.25585,-10.38624],[14.27893,-10.40665],[14.29139,-10.43372],[14.28752,-10.4588],[14.31089,-10.49978],[14.3112,-10.55807],[14.31856,-10.57477],[14.31316,-10.58382],[14.30626,-10.57627],[14.29403,-10.57262],[14.27854,-10.5912],[14.27345,-10.61911],[14.27471,-10.65285],[14.2701,-10.68705],[14.27319,-10.71568],[14.27219,-10.74366],[14.27722,-10.75974],[14.29395,-10.77661],[14.29374,-10.79032],[14.27951,-10.80264],[14.28342,-10.81528],[14.28085,-10.83123],[14.26837,-10.84359],[14.26208,-10.87319],[14.26862,-10.90587],[14.2683,-10.92701],[14.27825,-10.96719],[14.30142,-10.98474],[14.22281,-11.07134],[14.18976,-11.1256],[14.19902,-11.17205],[14.20574,-11.19274],[14.238,-11.23544],[14.27213,-11.26018],[14.31224,-11.27725],[14.33869,-11.30455],[14.35149,-11.33868],[14.34637,-11.36855],[14.3165,-11.37111],[14.27725,-11.35404],[14.26787,-11.33186],[14.23544,-11.32418],[14.2107,-11.34636],[14.20814,-11.40353],[14.2252,-11.4351],[14.24312,-11.48203],[14.24568,-11.51702],[14.238,-11.54603],[14.2235,-11.55883],[14.24312,-11.61515],[14.2107,-11.64245],[14.17145,-11.68938],[14.15865,-11.75594],[14.12708,-11.83273],[14.11428,-11.88649],[14.12708,-11.94622],[14.14158,-11.97523],[14.14926,-12.00766],[14.12546,-12.02531],[14.18391,-12.04472],[14.24199,-12.02299],[14.28675,-12.01692],[14.3045,-12.00924],[14.31767,-11.9929],[14.31082,-11.97907],[14.29501,-11.97537],[14.25853,-11.97815],[14.24453,-11.97104],[14.2448,-11.95334],[14.26085,-11.94106],[14.31235,-11.91569],[14.36472,-11.91032],[14.38165,-11.91804],[14.38856,-11.9273],[14.38175,-11.95117],[14.38017,-11.97914],[14.39752,-11.99887],[14.42086,-12.01012],[14.44835,-12.01973],[14.54574,-12.03281],[14.57088,-12.04237],[14.59139,-12.04729],[14.60662,-12.01704],[14.61771,-11.98718],[14.62625,-11.95475],[14.65611,-11.9411],[14.66379,-11.90868],[14.66976,-11.86772],[14.69963,-11.82164],[14.73477,-11.78628],[14.71544,-11.78196],[14.68722,-11.78436],[14.66223,-11.76453],[14.65252,-11.74437],[14.67024,-11.73724],[14.68569,-11.72378],[14.68653,-11.70436],[14.65565,-11.68729],[14.64555,-11.65227],[14.62997,-11.63316],[14.6007,-11.62696],[14.59648,-11.59261],[14.60419,-11.5436],[14.5887,-11.51821],[14.57624,-11.48543],[14.57075,-11.45848],[14.58038,-11.44093],[14.5742,-11.37793],[14.58102,-11.33612],[14.5759,-11.28663],[14.59382,-11.21666],[14.61705,-11.20442],[14.59408,-11.16976],[14.58574,-11.13705],[14.58317,-11.11129],[14.58635,-11.09306],[14.59884,-11.07956],[14.60466,-11.08194],[14.62356,-11.11368],[14.63778,-11.10249],[14.65563,-11.08221],[14.67863,-11.07116],[14.69347,-11.05712],[14.66234,-11.01947],[14.63676,-10.96191],[14.63254,-10.92755],[14.63424,-10.88873],[14.64372,-10.83746],[14.68899,-10.77935],[14.68524,-10.75358],[14.66435,-10.69724],[14.70815,-10.7031],[14.72403,-10.69707],[14.71903,-10.67756],[14.69835,-10.64865],[14.68877,-10.62107],[14.68268,-10.59526],[14.6812,-10.57523],[14.68379,-10.55642],[14.69639,-10.53263],[14.70826,-10.51968],[14.73482,-10.50126],[14.78884,-10.48442],[14.83924,-10.47494],[14.82898,-10.45478],[14.79393,-10.40794],[14.79359,-10.38908],[14.8466,-10.40307],[14.88116,-10.3979],[14.90702,-10.38688],[14.90495,-10.3657],[14.88243,-10.34364],[14.8598,-10.33128],[14.81771,-10.33175],[14.75603,-10.3559],[14.74437,-10.35343],[14.72713,-10.33143],[14.73856,-10.30705],[14.76621,-10.29264],[14.79101,-10.27305],[14.80291,-10.25667],[14.83551,-10.26576],[14.86671,-10.24797],[14.88507,-10.22826],[14.91339,-10.20643],[14.95067,-10.16816],[14.97653,-10.15542],[14.99338,-10.16196],[15.02059,-10.18238],[15.04573,-10.17991],[15.03434,-10.15631],[15.04856,-10.13938],[15.06823,-10.10655],[15.06765,-10.05854],[15.03943,-9.97813],[15.04091,-9.95301],[15.02973,-9.91285],[15.02768,-9.88939],[15.03088,-9.86602],[15.02363,-9.83848],[15.01987,-9.83314]]]}},{"type":"Feature","properties":{"ISOCSUID":"AO28","LANDFORM":"LL","LITHOLOGY":"SC2","SOILS":"LVx","WRB":"Chromic Luvisols","DOMSOILS":"LV","CODE_WRB":"LV-cr"},"geometry":{"type":"Polygon","coordinates":[[[13.34548,-9.95688],[13.35048,-9.95559],[13.37142,-9.95945],[13.38237,-9.96768],[13.40239,-10.02352],[13.42076,-10.04161],[13.43664,-10.06822],[13.45808,-10.14409],[13.45849,-10.16598],[13.47089,-10.17978],[13.49015,-10.18074],[13.54408,-10.17041],[13.5496,-10.15452],[13.52892,-10.13468],[13.51635,-10.11842],[13.50752,-10.05539],[13.50014,-10.04324],[13.44932,-9.97763],[13.39905,-9.9486],[13.38072,-9.92879],[13.36938,-9.91027],[13.36563,-9.89134],[13.35688,-9.89116],[13.32082,-9.90107],[13.34461,-9.93865],[13.34698,-9.94922],[13.34548,-9.95688]]]}},{"type":"Feature","properties":{"ISOCSUID":"AO73","LANDFORM":"TH","LITHOLOGY":"IA1","SOILS":"LPq","WRB":"Lithic Leptosols","DOMSOILS":"LP","CODE_WRB":"LP-li"},"geometry":{"type":"Polygon","coordinates":[[[15.23472,-10.05132],[15.24223,-10.10914],[15.24521,-10.15432],[15.25349,-10.19615],[15.26592,-10.23347],[15.27223,-10.24327],[15.32156,-10.27255],[15.33905,-10.27623],[15.3719,-10.2647],[15.37203,-10.25327],[15.36218,-10.2457],[15.33081,-10.22983],[15.30999,-10.21125],[15.3014,-10.19513],[15.29018,-10.15497],[15.28212,-10.14457],[15.27969,-10.10169],[15.28167,-10.08115],[15.27897,-10.06225],[15.27265,-10.05359],[15.26024,-10.00415],[15.25085,-9.98623],[15.24146,-9.95892],[15.23293,-9.94613],[15.21843,-9.93332],[15.20904,-9.92991],[15.19965,-9.93332],[15.19283,-9.94613],[15.21501,-10.01524],[15.23472,-10.05132]]]}},{"type":"Feature","properties":{"ISOCSUID":"AO27","LANDFORM":"LL","LITHOLOGY":"SO2","SOILS":"LVx","WRB":"Chromic Luvisols","DOMSOILS":"LV","CODE_WRB":"LV-cr"},"geometry":{"type":"Polygon","coordinates":[[[13.34548,-9.95688],[13.34427,-9.96303],[13.33919,-9.96811],[13.31416,-9.9772],[13.31373,-9.98525],[13.35757,-10.02461],[13.36063,-10.03242],[13.36115,-10.04322],[13.36582,-10.04941],[13.39009,-10.07368],[13.40221,-10.08144],[13.43932,-10.11829],[13.44658,-10.12929],[13.44805,-10.14308],[13.45849,-10.16598],[13.45808,-10.14409],[13.43664,-10.06822],[13.42076,-10.04161],[13.40239,-10.02352],[13.38237,-9.96768],[13.37142,-9.95945],[13.35048,-9.95559],[13.34548,-9.95688]]]}},{"type":"Feature","properties":{"ISOCSUID":"AO171","LANDFORM":"SH","LITHOLOGY":"MA4","SOILS":"FRr","WRB":"Rhodi-Acric Ferralsols","DOMSOILS":"FR","CODE_WRB":"FR-ac-ro"},"geometry":{"type":"Polygon","coordinates":[[[17.70248,-10.08539],[17.70542,-10.08711],[17.70305,-10.09738],[17.69973,-10.09931],[17.71226,-10.13915],[17.71742,-10.17003],[17.71501,-10.19229],[17.71083,-10.22026],[17.69137,-10.27898],[17.69131,-10.29726],[17.67362,-10.33864],[17.68297,-10.34405],[17.75948,-10.36111],[17.84646,-10.39707],[17.9982,-10.49792],[18.0315,-10.51239],[18.10919,-10.55507],[18.13605,-10.57749],[18.15099,-10.59589],[18.15649,-10.59473],[18.28456,-10.61362],[18.34363,-10.61846],[18.41616,-10.62848],[18.49922,-10.63452],[18.57526,-10.64337],[18.59983,-10.64117],[18.68348,-10.61689],[18.70337,-10.60039],[18.72383,-10.57188],[18.72734,-10.54219],[18.72499,-10.50676],[18.71329,-10.48215],[18.69809,-10.47182],[18.66886,-10.46144],[18.59286,-10.45719],[18.56188,-10.44279],[18.55779,-10.42335],[18.55647,-10.40263],[18.55988,-10.38813],[18.55647,-10.35911],[18.53855,-10.33778],[18.5064,-10.32604],[18.50407,-10.32089],[18.45382,-10.30298],[18.39831,-10.30333],[18.36968,-10.30949],[18.35216,-10.29684],[18.3516,-10.27056],[18.32883,-10.26075],[18.32126,-10.23672],[18.32305,-10.20817],[18.31956,-10.1893],[18.30675,-10.16125],[18.29392,-10.14291],[18.27291,-10.1291],[18.23496,-10.1255],[18.21743,-10.13113],[18.19231,-10.14186],[18.13735,-10.17529],[18.10988,-10.18544],[18.05965,-10.1846],[18.02228,-10.18098],[17.99253,-10.16482],[17.98266,-10.13791],[17.98038,-10.11162],[17.95668,-10.00923],[17.94331,-9.98744],[17.9305,-9.97652],[17.90191,-9.9695],[17.88384,-9.96025],[17.8243,-9.96561],[17.80266,-9.98033],[17.79902,-10.02886],[17.8013,-10.04544],[17.80881,-10.07348],[17.81983,-10.09926],[17.82796,-10.11645],[17.84193,-10.13367],[17.84418,-10.16396],[17.83771,-10.17878],[17.81785,-10.18094],[17.80505,-10.16258],[17.76954,-10.12237],[17.75031,-10.11139],[17.72121,-10.08093],[17.70248,-10.08539]]]}},{"type":"Feature","properties":{"ISOCSUID":"AO88","LANDFORM":"LP","LITHOLOGY":"MA2","SOILS":"FRh","WRB":"Acric Ferralsols","DOMSOILS":"FR","CODE_WRB":"FR-ac"},"geometry":{"type":"Polygon","coordinates":[[[15.49148,-10.21491],[15.49489,-10.26269],[15.5111,-10.29426],[15.61349,-10.3173],[15.63909,-10.3045],[15.67749,-10.3173],[15.7065,-10.38727],[15.72869,-10.42908],[15.72869,-10.48028],[15.7321,-10.54428],[15.7961,-10.56987],[15.8217,-10.59889],[15.8345,-10.62449],[15.81934,-10.64266],[15.83706,-10.71408],[15.87545,-10.78746],[15.91385,-10.8105],[15.93348,-10.78746],[15.93945,-10.75589],[15.91129,-10.63046],[15.90105,-10.59889],[15.92409,-10.59206],[15.93945,-10.60486],[16.02649,-10.6151],[16.06488,-10.6151],[16.09692,-10.61006],[16.1116,-10.60338],[16.12566,-10.60068],[16.15977,-10.5788],[16.17734,-10.57557],[16.18955,-10.58485],[16.20575,-10.60618],[16.22491,-10.62296],[16.24439,-10.67346],[16.2583,-10.69019],[16.2846,-10.69391],[16.31563,-10.6914],[16.32786,-10.69839],[16.33886,-10.7128],[16.34393,-10.73913],[16.35209,-10.74265],[16.35667,-10.75527],[16.3577,-10.77357],[16.35526,-10.78668],[16.34514,-10.80828],[16.36661,-10.83194],[16.34358,-10.85797],[16.34993,-10.86947],[16.38828,-10.88218],[16.43521,-10.92655],[16.47702,-10.99054],[16.50859,-11.05283],[16.53078,-11.0844],[16.55296,-11.12451],[16.60245,-11.17059],[16.65621,-11.20813],[16.72532,-11.23544],[16.77225,-11.26701],[16.77737,-11.31906],[16.82686,-11.39585],[16.85161,-11.39585],[16.91049,-11.35319],[16.94291,-11.30882],[17.00435,-11.28237],[17.03848,-11.26018],[17.08029,-11.24226],[17.09565,-11.25762],[17.09735,-11.27981],[17.08029,-11.29431],[17.04948,-11.31051],[17.07109,-11.32555],[17.14016,-11.34956],[17.15887,-11.36057],[17.20278,-11.37464],[17.22736,-11.38569],[17.27439,-11.43096],[17.31095,-11.44576],[17.33195,-11.46992],[17.36474,-11.48445],[17.37908,-11.50201],[17.42075,-11.48886],[17.45744,-11.42742],[17.51862,-11.44045],[17.52098,-11.43704],[17.51946,-11.37361],[17.50491,-11.34494],[17.48677,-11.33681],[17.47099,-11.32185],[17.45836,-11.2572],[17.43262,-11.24387],[17.41276,-11.22773],[17.40228,-11.20994],[17.41115,-11.19172],[17.43231,-11.17702],[17.44411,-11.15826],[17.4526,-11.08804],[17.399,-11.01738],[17.38279,-10.97498],[17.37645,-10.95093],[17.35317,-10.91819],[17.33449,-10.90491],[17.30704,-10.89098],[17.25494,-10.88772],[17.20527,-10.86961],[17.16609,-10.86072],[17.11073,-10.81169],[17.09376,-10.81098],[17.07966,-10.82114],[17.05794,-10.83124],[17.03981,-10.8288],[17.01469,-10.81944],[16.95812,-10.78409],[16.93334,-10.77813],[16.93438,-10.82074],[16.97448,-10.89412],[17.00605,-10.96153],[17.02909,-11.02211],[17.03336,-11.05198],[17.00605,-11.07929],[16.97278,-11.09379],[16.95571,-11.11086],[16.96168,-11.12963],[16.97278,-11.15011],[16.97448,-11.16888],[16.95742,-11.17741],[16.94291,-11.15864],[16.9284,-11.15437],[16.90963,-11.15267],[16.89257,-11.16547],[16.86356,-11.17571],[16.83796,-11.18851],[16.80468,-11.21325],[16.78335,-11.20898],[16.78164,-11.18424],[16.75177,-11.17315],[16.74324,-11.15267],[16.7458,-11.14157],[16.76628,-11.1083],[16.77055,-11.06393],[16.76628,-10.99481],[16.77737,-10.87279],[16.79188,-10.80794],[16.80894,-10.78661],[16.85673,-10.76784],[16.86235,-10.74779],[16.8257,-10.7126],[16.80298,-10.69639],[16.785,-10.67165],[16.75999,-10.64913],[16.72808,-10.60769],[16.68555,-10.57022],[16.65697,-10.571],[16.64728,-10.5641],[16.64062,-10.5674],[16.6264,-10.59354],[16.59408,-10.6155],[16.57767,-10.61991],[16.56471,-10.63291],[16.55874,-10.64999],[16.57208,-10.74897],[16.57121,-10.7901],[16.55905,-10.8534],[16.54958,-10.86815],[16.53085,-10.86796],[16.49886,-10.83849],[16.46651,-10.78045],[16.45168,-10.7283],[16.41524,-10.67192],[16.37995,-10.62068],[16.27557,-10.50755],[16.21947,-10.4315],[16.18675,-10.35914],[16.15179,-10.34674],[16.11389,-10.33658],[16.04883,-10.29182],[16.02537,-10.30182],[16.00068,-10.31866],[15.98313,-10.32074],[15.95862,-10.31644],[15.94722,-10.28487],[15.90686,-10.22667],[15.83828,-10.18982],[15.80567,-10.17969],[15.77369,-10.16386],[15.74425,-10.12863],[15.71152,-10.07278],[15.67893,-10.0615],[15.65177,-10.03429],[15.61607,-10.04238],[15.59728,-10.05108],[15.5879,-10.06388],[15.59131,-10.0835],[15.59131,-10.10569],[15.57851,-10.11252],[15.5495,-10.09972],[15.52049,-10.08009],[15.50172,-10.07668],[15.47612,-10.11252],[15.47868,-10.18248],[15.49148,-10.21491]]]}},{"type":"Feature","properties":{"ISOCSUID":"AO10","LANDFORM":"LV","LITHOLOGY":"UF","SOILS":"FLe","WRB":"Eutric Fluvisols","DOMSOILS":"FL","CODE_WRB":"FL-eu"},"geometry":{"type":"Polygon","coordinates":[[[13.53095,-10.28786],[13.55671,-10.28495],[13.58122,-10.28658],[13.60155,-10.29385],[13.61425,-10.30325],[13.63431,-10.3265],[13.64512,-10.34386],[13.66304,-10.35564],[13.6851,-10.36465],[13.70183,-10.37812],[13.72446,-10.38828],[13.75184,-10.39396],[13.78222,-10.39512],[13.80311,-10.40467],[13.82522,-10.41081],[13.85966,-10.41376],[13.89416,-10.41328],[14.00444,-10.42679],[14.03023,-10.42269],[14.04386,-10.41095],[14.05462,-10.39572],[14.0806,-10.34077],[14.10181,-10.32974],[14.15455,-10.32099],[14.18493,-10.31734],[14.23936,-10.31556],[14.25757,-10.28882],[14.21383,-10.28208],[14.17704,-10.28308],[14.16746,-10.27837],[14.14172,-10.28075],[14.12287,-10.2907],[14.09706,-10.29651],[14.06754,-10.31596],[14.04625,-10.33271],[14.02174,-10.36768],[14.00761,-10.3737],[13.98063,-10.38005],[13.96136,-10.37855],[13.85825,-10.35659],[13.83836,-10.35792],[13.78019,-10.3408],[13.75237,-10.32654],[13.72674,-10.32147],[13.70762,-10.31138],[13.69858,-10.29292],[13.62062,-10.23766],[13.62029,-10.2228],[13.64767,-10.19306],[13.67053,-10.18837],[13.69089,-10.19334],[13.70725,-10.19366],[13.71618,-10.18356],[13.70774,-10.16396],[13.69691,-10.14832],[13.68288,-10.14861],[13.67099,-10.16095],[13.65929,-10.16243],[13.65535,-10.15321],[13.64953,-10.11767],[13.64391,-10.10442],[13.63348,-10.09964],[13.63376,-10.11736],[13.61892,-10.13134],[13.60072,-10.10298],[13.59543,-10.10459],[13.5894,-10.1159],[13.59145,-10.13251],[13.60111,-10.1487],[13.60401,-10.18419],[13.59586,-10.21659],[13.57996,-10.2237],[13.56122,-10.22676],[13.53323,-10.22333],[13.49581,-10.22486],[13.47936,-10.22251],[13.48896,-10.23443],[13.52023,-10.25888],[13.52607,-10.26988],[13.52145,-10.26811],[13.49854,-10.24519],[13.49506,-10.24498],[13.49299,-10.24867],[13.51914,-10.27222],[13.53095,-10.28786]]]}},{"type":"Feature","properties":{"ISOCSUID":"AO136","LANDFORM":"LV","LITHOLOGY":"UF","SOILS":"FLe","WRB":"Hyposalic Fluvisols","DOMSOILS":"FL","CODE_WRB":"FL-szw"},"geometry":{"type":"Polygon","coordinates":[[[16.61681,-10.5426],[16.65697,-10.571],[16.68555,-10.57022],[16.67924,-10.56493],[16.65899,-10.53159],[16.64504,-10.51946],[16.61897,-10.48434],[16.60501,-10.47335],[16.56441,-10.42666],[16.54582,-10.41104],[16.53541,-10.39493],[16.51329,-10.38271],[16.49877,-10.36942],[16.46854,-10.34853],[16.46901,-10.3417],[16.48555,-10.34014],[16.50019,-10.33515],[16.53279,-10.35377],[16.5894,-10.36464],[16.64376,-10.36404],[16.67067,-10.36031],[16.69402,-10.36397],[16.71624,-10.36304],[16.73502,-10.35122],[16.76484,-10.34923],[16.79352,-10.34093],[16.83974,-10.33337],[16.8731,-10.3251],[16.94092,-10.31887],[16.96258,-10.31277],[16.99648,-10.31022],[17.02042,-10.31329],[17.07586,-10.32748],[17.09215,-10.3419],[17.10139,-10.36197],[17.11346,-10.40207],[17.1343,-10.43995],[17.15232,-10.46124],[17.16914,-10.48823],[17.18368,-10.5032],[17.20232,-10.51764],[17.22334,-10.52409],[17.24842,-10.53744],[17.2694,-10.5536],[17.29218,-10.55835],[17.305,-10.56816],[17.31078,-10.58477],[17.31298,-10.6145],[17.32222,-10.64143],[17.33957,-10.68441],[17.35062,-10.70106],[17.3681,-10.71719],[17.40431,-10.73346],[17.45461,-10.74069],[17.46926,-10.73394],[17.48101,-10.72317],[17.47519,-10.71399],[17.45827,-10.70358],[17.40101,-10.68316],[17.38124,-10.65616],[17.37271,-10.59896],[17.38619,-10.59335],[17.43706,-10.59773],[17.48153,-10.59177],[17.51258,-10.58056],[17.56238,-10.55577],[17.59404,-10.53542],[17.60929,-10.52067],[17.64042,-10.4826],[17.65103,-10.45753],[17.64407,-10.43978],[17.60311,-10.45093],[17.57261,-10.47814],[17.5474,-10.49625],[17.51283,-10.516],[17.48884,-10.5204],[17.47535,-10.52945],[17.41392,-10.53585],[17.38878,-10.53567],[17.35723,-10.52971],[17.27024,-10.49819],[17.22072,-10.46123],[17.13464,-10.37482],[17.11611,-10.34096],[17.09581,-10.31336],[17.07843,-10.28465],[17.05052,-10.25927],[17.02024,-10.2413],[16.9337,-10.25367],[16.90275,-10.25225],[16.74649,-10.29363],[16.67448,-10.31521],[16.64055,-10.31944],[16.6148,-10.32547],[16.56279,-10.32609],[16.51732,-10.31019],[16.48582,-10.30358],[16.41236,-10.28051],[16.37053,-10.24978],[16.36311,-10.22685],[16.36211,-10.20627],[16.3541,-10.18333],[16.33618,-10.16028],[16.3116,-10.16629],[16.30033,-10.18845],[16.30457,-10.2422],[16.31195,-10.26914],[16.3566,-10.31305],[16.37873,-10.323],[16.39848,-10.33921],[16.4064,-10.34053],[16.43094,-10.37441],[16.45185,-10.3912],[16.47455,-10.40458],[16.49204,-10.41162],[16.54724,-10.4579],[16.56694,-10.48267],[16.60525,-10.52306],[16.61681,-10.5426]]]}},{"type":"Feature","properties":{"ISOCSUID":"AO179","LANDFORM":"LP","LITHOLOGY":"UE","SOILS":"ARo","WRB":"Hyperdystri-Ferralic Arenosols","DOMSOILS":"AR","CODE_WRB":"AR-fl-dyh"},"geometry":{"type":"Polygon","coordinates":[[[19.19862,-10.50223],[19.18628,-10.47641],[19.17047,-10.45982],[19.14644,-10.42607],[19.10433,-10.40715],[19.05459,-10.36649],[19.03762,-10.34988],[19.01772,-10.32185],[19.00833,-10.28755],[19.00361,-10.25041],[18.99016,-10.23838],[18.94928,-10.252],[18.89846,-10.2633],[18.88269,-10.27069],[18.8669,-10.25293],[18.85752,-10.19464],[18.84349,-10.1826],[18.79737,-10.22303],[18.76,-10.26234],[18.70275,-10.31244],[18.66535,-10.34032],[18.60164,-10.37438],[18.57475,-10.39656],[18.55779,-10.42335],[18.56188,-10.44279],[18.59286,-10.45719],[18.66886,-10.46144],[18.69809,-10.47182],[18.71329,-10.48215],[18.72499,-10.50676],[18.72734,-10.54219],[18.72608,-10.55287],[18.82095,-10.62016],[18.84611,-10.64251],[18.87069,-10.65571],[18.91342,-10.68725],[18.96142,-10.70736],[18.986,-10.71427],[19.01701,-10.71319],[19.04861,-10.71555],[19.08313,-10.70933],[19.10124,-10.69508],[19.15553,-10.61805],[19.17653,-10.58323],[19.19862,-10.50223]]]}},{"type":"Feature","properties":{"ISOCSUID":"AO74","LANDFORM":"SH","LITHOLOGY":"MB3","SOILS":"FRh","WRB":"Acric Ferralsols","DOMSOILS":"FR","CODE_WRB":"FR-ac"},"geometry":{"type":"Polygon","coordinates":[[[14.85038,-10.25729],[14.83551,-10.26576],[14.80291,-10.25667],[14.79101,-10.27305],[14.76621,-10.29264],[14.73856,-10.30705],[14.72713,-10.33143],[14.74437,-10.35343],[14.75603,-10.3559],[14.81771,-10.33175],[14.8598,-10.33128],[14.88243,-10.34364],[14.90495,-10.3657],[14.90702,-10.38688],[14.88116,-10.3979],[14.8466,-10.40307],[14.79359,-10.38908],[14.79393,-10.40794],[14.82898,-10.45478],[14.83924,-10.47494],[14.78884,-10.48442],[14.73482,-10.50126],[14.70826,-10.51968],[14.69639,-10.53263],[14.68379,-10.55642],[14.6812,-10.57523],[14.68268,-10.59526],[14.68877,-10.62107],[14.69835,-10.64865],[14.71903,-10.67756],[14.72403,-10.69707],[14.70815,-10.7031],[14.66435,-10.69724],[14.68524,-10.75358],[14.68899,-10.77935],[14.64372,-10.83746],[14.63424,-10.88873],[14.63254,-10.92755],[14.63676,-10.96191],[14.66234,-11.01947],[14.69347,-11.05712],[14.67863,-11.07116],[14.65563,-11.08221],[14.63778,-11.10249],[14.62356,-11.11368],[14.60466,-11.08194],[14.59884,-11.07956],[14.58635,-11.09306],[14.58317,-11.11129],[14.58574,-11.13705],[14.59408,-11.16976],[14.61705,-11.20442],[14.70067,-11.21951],[14.74564,-11.23225],[14.76416,-11.24969],[14.77148,-11.27266],[14.78796,-11.26835],[14.81141,-11.22302],[14.82324,-11.21464],[14.83716,-11.22628],[14.84262,-11.2578],[14.86291,-11.32097],[14.86303,-11.35754],[14.87316,-11.39027],[14.86532,-11.40728],[14.84041,-11.4286],[14.79806,-11.43707],[14.78052,-11.43279],[14.7614,-11.41534],[14.74511,-11.44936],[14.73474,-11.4789],[14.70159,-11.50064],[14.67102,-11.50528],[14.67087,-11.47272],[14.66291,-11.4543],[14.60435,-11.44647],[14.58038,-11.44093],[14.57075,-11.45848],[14.57624,-11.48543],[14.5887,-11.51821],[14.60419,-11.5436],[14.59648,-11.59261],[14.6007,-11.62696],[14.62997,-11.63316],[14.64555,-11.65227],[14.65565,-11.68729],[14.68653,-11.70436],[14.68569,-11.72378],[14.67024,-11.73724],[14.65252,-11.74437],[14.66223,-11.76453],[14.68722,-11.78436],[14.71544,-11.78196],[14.75874,-11.79409],[14.7735,-11.78862],[14.77139,-11.7703],[14.76221,-11.75358],[14.74717,-11.7362],[14.7326,-11.72854],[14.71765,-11.7043],[14.71056,-11.66362],[14.69413,-11.61993],[14.7009,-11.59662],[14.72393,-11.58614],[14.74494,-11.59448],[14.76205,-11.5879],[14.78079,-11.59105],[14.83507,-11.6142],[14.83534,-11.63877],[14.8245,-11.65974],[14.80847,-11.67377],[14.81938,-11.6928],[14.825,-11.71174],[14.82349,-11.73743],[14.83077,-11.76497],[14.84901,-11.8081],[14.87487,-11.8982],[14.85594,-11.90819],[14.82776,-11.9066],[14.81864,-11.92988],[14.85043,-12.01607],[14.85021,-12.1246],[14.85381,-12.16465],[14.88079,-12.16964],[14.90206,-12.16198],[14.93289,-12.14189],[14.95318,-12.11822],[14.97541,-12.12713],[14.98448,-12.15411],[15.00862,-12.15163],[15.02412,-12.13473],[15.04475,-12.08306],[15.05798,-12.0587],[15.08289,-12.04022],[15.1224,-12.02939],[15.16304,-12.02256],[15.20536,-12.02262],[15.23252,-12.01159],[15.3205,-11.92431],[15.34564,-11.90469],[15.34312,-11.89778],[15.34776,-11.851],[15.35516,-11.81969],[15.35722,-11.79344],[15.35511,-11.7717],[15.37137,-11.73594],[15.34251,-11.69154],[15.32764,-11.6559],[15.319,-11.6415],[15.29845,-11.64177],[15.27762,-11.61577],[15.21066,-11.61993],[15.18067,-11.62464],[15.14911,-11.61274],[15.13054,-11.59533],[15.10776,-11.58584],[15.07926,-11.56485],[15.05725,-11.54052],[15.03574,-11.5242],[15.01659,-11.50676],[15.00388,-11.49114],[14.98471,-11.47599],[14.98804,-11.56566],[14.98718,-11.60405],[14.9778,-11.61088],[14.97012,-11.59893],[14.965,-11.57334],[14.95561,-11.49398],[14.95464,-11.44068],[14.93232,-11.39634],[14.92387,-11.36878],[14.91181,-11.34859],[14.89931,-11.31754],[14.88727,-11.29564],[14.85895,-11.21863],[14.83765,-11.18801],[14.832,-11.17192],[14.85442,-11.16028],[14.89233,-11.17516],[14.91867,-11.17786],[14.95373,-11.18583],[14.9994,-11.18939],[15.01749,-11.19653],[15.04948,-11.21644],[15.08678,-11.23415],[15.08609,-11.24271],[15.07483,-11.25282],[15.05496,-11.24795],[15.0467,-11.2524],[15.04814,-11.27813],[15.06088,-11.29147],[15.0654,-11.30525],[15.0569,-11.32911],[15.06033,-11.33659],[15.07371,-11.34537],[15.10539,-11.34413],[15.12311,-11.33297],[15.13088,-11.32109],[15.14959,-11.32537],[15.16171,-11.29241],[15.17155,-11.30341],[15.17363,-11.32572],[15.17759,-11.33778],[15.17554,-11.36232],[15.17941,-11.38237],[15.19562,-11.40089],[15.20363,-11.41758],[15.21356,-11.42172],[15.21895,-11.41209],[15.23431,-11.40203],[15.2401,-11.40897],[15.24515,-11.42904],[15.23252,-11.45571],[15.21952,-11.46409],[15.20777,-11.46563],[15.19196,-11.46254],[15.18145,-11.45839],[15.17041,-11.44966],[15.15959,-11.42207],[15.15091,-11.41166],[15.14288,-11.39668],[15.13301,-11.38797],[15.11434,-11.37969],[15.08273,-11.37521],[15.04811,-11.37698],[15.04132,-11.4043],[15.02794,-11.39495],[15.01752,-11.38394],[15.0125,-11.36329],[15.01448,-11.34561],[15.01227,-11.33415],[15.00207,-11.30599],[14.99821,-11.28594],[15.00272,-11.25287],[14.99828,-11.2328],[14.989,-11.22466],[14.95216,-11.21781],[14.90647,-11.21538],[14.89238,-11.21687],[14.89579,-11.2255],[14.90502,-11.23707],[14.91895,-11.24814],[14.92752,-11.26599],[14.93307,-11.29064],[14.9416,-11.31192],[14.94538,-11.33712],[14.96207,-11.36309],[14.97632,-11.39587],[14.98837,-11.4172],[15.02433,-11.45032],[15.0663,-11.47267],[15.08605,-11.48839],[15.1426,-11.56808],[15.16358,-11.58039],[15.21405,-11.58342],[15.22601,-11.56131],[15.24493,-11.54902],[15.27678,-11.5352],[15.30741,-11.52535],[15.35912,-11.51809],[15.48906,-11.49305],[15.52314,-11.48895],[15.599,-11.47169],[15.62661,-11.46805],[15.65072,-11.46209],[15.69371,-11.44609],[15.71658,-11.44695],[15.72528,-11.45621],[15.73381,-11.42999],[15.75429,-11.41633],[15.785,-11.40609],[15.81572,-11.40439],[15.8362,-11.39415],[15.84328,-11.38573],[15.82475,-11.3615],[15.81323,-11.33907],[15.8117,-11.31563],[15.83025,-11.27701],[15.82273,-11.26606],[15.77781,-11.3032],[15.76259,-11.30129],[15.75258,-11.30516],[15.74949,-11.32111],[15.73989,-11.34385],[15.71814,-11.34871],[15.69544,-11.33184],[15.68276,-11.30996],[15.68478,-11.28428],[15.67039,-11.25724],[15.66772,-11.23149],[15.67792,-11.2082],[15.68653,-11.16832],[15.68952,-11.10379],[15.6874,-11.08148],[15.68824,-11.05635],[15.69649,-11.05132],[15.72524,-11.04769],[15.73996,-11.03931],[15.75479,-11.02122],[15.76017,-11.00929],[15.75683,-10.99154],[15.73921,-10.97531],[15.72947,-10.97519],[15.70503,-10.95944],[15.68869,-10.95294],[15.67589,-10.94535],[15.65791,-10.92797],[15.64763,-10.90212],[15.64487,-10.88552],[15.65619,-10.86624],[15.68324,-10.85517],[15.6892,-10.84382],[15.68756,-10.83294],[15.67764,-10.82938],[15.67603,-10.81451],[15.68141,-10.80372],[15.68968,-10.7964],[15.70141,-10.7937],[15.73441,-10.77127],[15.7532,-10.76523],[15.76679,-10.75226],[15.78724,-10.69539],[15.78915,-10.67884],[15.7958,-10.65665],[15.8094,-10.64254],[15.81934,-10.64266],[15.8345,-10.62449],[15.8217,-10.59889],[15.7961,-10.56987],[15.7321,-10.54428],[15.72869,-10.48028],[15.72869,-10.42908],[15.7065,-10.38727],[15.67749,-10.3173],[15.63909,-10.3045],[15.61349,-10.3173],[15.5111,-10.29426],[15.49489,-10.26269],[15.49148,-10.21491],[15.49148,-10.22088],[15.47868,-10.26269],[15.44028,-10.31389],[15.29949,-10.33949],[15.20392,-10.31389],[15.13651,-10.3045],[15.0307,-10.26611],[15.00852,-10.25587],[14.96073,-10.24648],[14.88991,-10.24989],[14.85038,-10.25729]]]}},{"type":"Feature","properties":{"ISOCSUID":"AO29","LANDFORM":"LL","LITHOLOGY":"SO2","SOILS":"CLl","WRB":"Luvic Calcisols","DOMSOILS":"CL","CODE_WRB":"CL-lv"},"geometry":{"type":"Polygon","coordinates":[[[14.18493,-10.31734],[14.10181,-10.32974],[14.0806,-10.34077],[14.05462,-10.39572],[14.04386,-10.41095],[14.03023,-10.42269],[14.00444,-10.42679],[13.89416,-10.41328],[13.85966,-10.41376],[13.82522,-10.41081],[13.80311,-10.40467],[13.78222,-10.39512],[13.75184,-10.39396],[13.72446,-10.38828],[13.70183,-10.37812],[13.6851,-10.36465],[13.66304,-10.35564],[13.64512,-10.34386],[13.63431,-10.3265],[13.61425,-10.30325],[13.60155,-10.29385],[13.58122,-10.28658],[13.55671,-10.28495],[13.53095,-10.28786],[13.54748,-10.35236],[13.54475,-10.36319],[13.52884,-10.3872],[13.52887,-10.39111],[13.55786,-10.42144],[13.59197,-10.44759],[13.62985,-10.48627],[13.64594,-10.43359],[13.6501,-10.39539],[13.66551,-10.38255],[13.67869,-10.43309],[13.70435,-10.47189],[13.72054,-10.48306],[13.74987,-10.47735],[13.76779,-10.49027],[13.78275,-10.50485],[13.82042,-10.52557],[13.82243,-10.54618],[13.83322,-10.56582],[13.8662,-10.58817],[13.88603,-10.5914],[13.91004,-10.59014],[13.92395,-10.59841],[13.9202,-10.6132],[13.90138,-10.61912],[13.87511,-10.61577],[13.8405,-10.62196],[13.82167,-10.62845],[13.80544,-10.619],[13.80222,-10.60179],[13.81034,-10.56995],[13.78763,-10.5638],[13.76179,-10.57015],[13.72855,-10.60978],[13.76139,-10.64951],[13.77478,-10.66921],[13.77839,-10.68829],[13.77752,-10.69773],[13.76995,-10.71457],[13.7447,-10.73359],[13.73873,-10.74582],[13.7241,-10.75236],[13.72344,-10.75788],[13.73829,-10.78701],[13.76667,-10.81905],[13.78667,-10.85007],[13.81585,-10.84148],[13.83626,-10.84645],[13.85907,-10.84746],[13.87384,-10.83974],[13.90141,-10.83626],[13.89704,-10.85275],[13.91416,-10.88051],[13.91005,-10.91814],[13.93079,-10.93968],[13.93339,-10.95973],[13.942,-10.97075],[13.96299,-10.97685],[14.01221,-10.97549],[14.04667,-10.98184],[14.06577,-10.9797],[14.0615,-10.97012],[14.07709,-10.94641],[14.10385,-10.88233],[14.10482,-10.8572],[14.09749,-10.83878],[14.10035,-10.80512],[14.11412,-10.78538],[14.13043,-10.75196],[14.16633,-10.62347],[14.17529,-10.61106],[14.18918,-10.58217],[14.20683,-10.57563],[14.2129,-10.56089],[14.20859,-10.53624],[14.19946,-10.52122],[14.19157,-10.50165],[14.19739,-10.42576],[14.20123,-10.40354],[14.21293,-10.36375],[14.23936,-10.31556],[14.18493,-10.31734]]]}},{"type":"Feature","properties":{"ISOCSUID":"AO30","LANDFORM":"SP","LITHOLOGY":"MA2","SOILS":"CLl","WRB":"Areni-Calcic Luvisols","DOMSOILS":"CL","CODE_WRB":"LV-cc-ar"},"geometry":{"type":"Polygon","coordinates":[[[14.2609,-10.35154],[14.23936,-10.31556],[14.21293,-10.36375],[14.20123,-10.40354],[14.19739,-10.42576],[14.19157,-10.50165],[14.19946,-10.52122],[14.20859,-10.53624],[14.2129,-10.56089],[14.20683,-10.57563],[14.18918,-10.58217],[14.17529,-10.61106],[14.16633,-10.62347],[14.13043,-10.75196],[14.11412,-10.78538],[14.10035,-10.80512],[14.09749,-10.83878],[14.10482,-10.8572],[14.10385,-10.88233],[14.07709,-10.94641],[14.0615,-10.97012],[14.06999,-10.98913],[14.06025,-11.01295],[14.05906,-11.08893],[14.05311,-11.13282],[14.04122,-11.14345],[13.99568,-11.17003],[13.99657,-11.18776],[14.02379,-11.20884],[14.02292,-11.22654],[14.00747,-11.23997],[13.98388,-11.24867],[13.97123,-11.27014],[13.95279,-11.32351],[13.94485,-11.41707],[13.90658,-11.4992],[13.89789,-11.52874],[13.88569,-11.55708],[13.88129,-11.57528],[13.87999,-11.65525],[13.88254,-11.67929],[13.89208,-11.7069],[13.90577,-11.73173],[13.9017,-11.76536],[13.89423,-11.7915],[13.88202,-11.82041],[13.87742,-11.8506],[13.87704,-11.87402],[13.86585,-11.91741],[13.87685,-11.922],[13.9085,-11.96317],[13.93627,-11.99054],[13.95253,-12.00284],[13.96291,-12.01561],[13.97492,-12.02314],[13.97117,-12.01347],[14.02196,-11.96072],[14.01095,-11.95137],[13.99328,-11.91619],[14.00001,-11.89975],[14.0172,-11.88979],[14.04142,-11.88167],[14.0597,-11.87743],[14.06673,-11.87871],[14.0724,-11.85367],[14.06745,-11.83244],[14.06553,-11.80441],[14.08514,-11.7145],[14.09789,-11.68731],[14.13695,-11.6286],[14.14799,-11.59738],[14.1569,-11.59068],[14.14816,-11.54824],[14.16139,-11.52677],[14.20036,-11.5109],[14.18896,-11.48899],[14.18108,-11.46656],[14.16599,-11.456],[14.1397,-11.44867],[14.13167,-11.4371],[14.15059,-11.38887],[14.13862,-11.3658],[14.14702,-11.35395],[14.14466,-11.3162],[14.15549,-11.29811],[14.14499,-11.24568],[14.14499,-11.2013],[14.15011,-11.12792],[14.17913,-11.05369],[14.21838,-11.0187],[14.238,-10.97433],[14.23374,-10.92996],[14.2235,-10.87876],[14.2235,-10.79685],[14.21838,-10.74309],[14.22862,-10.63131],[14.24056,-10.5895],[14.27811,-10.52038],[14.31089,-10.49978],[14.28752,-10.4588],[14.29139,-10.43372],[14.27893,-10.40665],[14.25585,-10.38624],[14.24638,-10.35521],[14.2609,-10.35154]]]}},{"type":"Feature","properties":{"ISOCSUID":"AO28","LANDFORM":"LL","LITHOLOGY":"SC2","SOILS":"LVx","WRB":"Chromic Luvisols","DOMSOILS":"LV","CODE_WRB":"LV-cr"},"geometry":{"type":"Polygon","coordinates":[[[13.72855,-10.60978],[13.76179,-10.57015],[13.78763,-10.5638],[13.81034,-10.56995],[13.80222,-10.60179],[13.80544,-10.619],[13.82167,-10.62845],[13.8405,-10.62196],[13.87511,-10.61577],[13.90138,-10.61912],[13.9202,-10.6132],[13.92395,-10.59841],[13.91004,-10.59014],[13.88603,-10.5914],[13.8662,-10.58817],[13.83322,-10.56582],[13.82243,-10.54618],[13.82042,-10.52557],[13.78275,-10.50485],[13.76779,-10.49027],[13.74987,-10.47735],[13.72054,-10.48306],[13.70435,-10.47189],[13.67869,-10.43309],[13.66551,-10.38255],[13.6501,-10.39539],[13.64594,-10.43359],[13.62985,-10.48627],[13.64205,-10.50114],[13.65358,-10.52316],[13.72855,-10.60978]]]}},{"type":"Feature","properties":{"ISOCSUID":"AO73","LANDFORM":"TH","LITHOLOGY":"IA1","SOILS":"LPq","WRB":"Lithic Leptosols","DOMSOILS":"LP","CODE_WRB":"LP-li"},"geometry":{"type":"Polygon","coordinates":[[[15.28615,-10.56058],[15.29611,-10.55901],[15.29789,-10.55675],[15.29001,-10.52978],[15.28848,-10.50976],[15.29551,-10.50929],[15.31053,-10.52551],[15.31638,-10.52502],[15.31876,-10.52162],[15.31436,-10.49699],[15.29663,-10.46188],[15.30564,-10.44087],[15.29606,-10.40931],[15.28621,-10.40174],[15.27387,-10.40728],[15.27144,-10.46609],[15.26527,-10.494],[15.27001,-10.53978],[15.27457,-10.55013],[15.28615,-10.56058]]]}},{"type":"Feature","properties":{"ISOCSUID":"AO209","LANDFORM":"LP","LITHOLOGY":"UE","SOILS":"ARo","WRB":"Rubi-Ferralic Arenosols","DOMSOILS":"AR","CODE_WRB":"AR-fl-ru"},"geometry":{"type":"Polygon","coordinates":[[[19.48727,-10.41815],[19.48314,-10.42018],[19.47612,-10.42017],[19.47505,-10.41825],[19.4557,-10.43501],[19.43935,-10.44357],[19.42241,-10.4487],[19.41305,-10.44298],[19.40483,-10.43097],[19.39429,-10.42354],[19.36739,-10.41723],[19.35572,-10.42693],[19.31279,-10.50849],[19.3285,-10.54288],[19.34788,-10.57775],[19.3456,-10.60231],[19.33159,-10.61429],[19.31169,-10.60856],[19.27584,-10.58468],[19.24332,-10.64218],[19.23518,-10.6673],[19.18852,-10.74836],[19.11377,-10.85222],[19.08746,-10.87274],[19.05645,-10.88696],[19.03419,-10.88063],[19.01836,-10.86174],[18.92698,-10.79926],[18.84852,-10.75507],[18.83037,-10.74188],[18.79818,-10.72693],[18.72913,-10.70387],[18.69168,-10.69804],[18.61737,-10.6778],[18.59281,-10.66686],[18.57175,-10.64964],[18.5666,-10.64221],[18.49922,-10.63452],[18.41616,-10.62848],[18.45356,-10.68176],[18.49507,-10.72192],[18.62672,-10.83837],[18.65189,-10.87331],[18.66652,-10.92135],[18.68819,-11.01854],[18.71046,-11.0746],[18.73742,-11.13296],[18.75267,-11.17757],[18.78258,-11.22222],[18.79549,-11.2651],[18.80902,-11.35484],[18.81139,-11.39883],[18.80554,-11.44395],[18.77217,-11.60209],[18.76749,-11.64321],[18.74931,-11.702],[18.72114,-11.74818],[18.64538,-11.85933],[18.60014,-11.94143],[18.55135,-12.00294],[18.53253,-12.03372],[18.50016,-12.10785],[18.46894,-12.19226],[18.46539,-12.23794],[18.4759,-12.34364],[18.47411,-12.39275],[18.47643,-12.43844],[18.48814,-12.53786],[18.48753,-12.58925],[18.47918,-12.75538],[18.47208,-12.80274],[18.47087,-12.84271],[18.46201,-12.8775],[18.45312,-12.93913],[18.44129,-12.98818],[18.42823,-13.09545],[18.42999,-13.12057],[18.45174,-13.21313],[18.47824,-13.30685],[18.50773,-13.3492],[18.54018,-13.40753],[18.60866,-13.46884],[18.64587,-13.50891],[18.73567,-13.58281],[18.76286,-13.60972],[18.78415,-13.63546],[18.79952,-13.66004],[18.81788,-13.72799],[18.83149,-13.75769],[18.841,-13.83417],[18.84464,-13.9825],[18.84938,-14.00191],[18.84494,-14.02828],[18.87429,-14.0784],[18.89564,-14.13663],[18.91817,-14.17547],[18.99003,-14.37865],[19.01385,-14.47562],[19.03169,-14.5264],[19.05132,-14.57604],[19.08402,-14.64507],[19.10725,-14.71124],[19.17324,-14.79741],[19.19646,-14.84019],[19.21079,-14.88865],[19.22866,-14.92343],[19.22935,-14.97187],[19.2389,-14.99866],[19.23065,-15.03112],[19.24372,-15.03285],[19.26919,-15.0044],[19.30053,-14.94746],[19.32287,-14.85118],[19.29771,-14.74059],[19.27373,-14.62086],[19.27006,-14.56727],[19.26167,-14.52052],[19.26278,-14.48403],[19.26974,-14.40992],[19.29697,-14.39912],[19.30482,-14.46584],[19.38159,-14.4617],[19.40549,-14.44719],[19.41573,-14.40282],[19.43023,-14.37296],[19.45498,-14.37808],[19.4601,-14.41733],[19.48484,-14.45146],[19.50873,-14.44719],[19.53348,-14.43184],[19.54799,-14.40282],[19.56334,-14.36357],[19.57785,-14.34395],[19.59748,-14.35333],[19.6026,-14.38832],[19.6026,-14.42757],[19.6171,-14.47109],[19.67598,-14.50607],[19.6956,-14.5402],[19.7596,-14.62809],[19.81336,-14.69209],[19.88674,-14.80045],[19.92684,-14.84909],[19.97548,-14.94295],[20.01473,-15.00609],[20.04886,-15.00609],[20.05398,-14.96684],[20.05398,-14.94295],[20.07319,-14.90124],[20.05706,-14.87961],[20.05164,-14.86138],[20.07945,-14.84482],[20.16153,-14.88288],[20.18889,-14.89423],[20.2198,-14.90329],[20.25544,-14.90835],[20.28329,-14.89975],[20.29272,-14.8872],[20.28487,-14.86385],[20.26456,-14.83882],[20.22449,-14.78133],[20.19168,-14.74605],[20.1327,-14.69656],[20.09448,-14.64247],[20.08129,-14.61228],[20.08584,-14.57408],[20.10416,-14.56208],[20.16198,-14.62242],[20.19769,-14.64858],[20.22154,-14.67362],[20.25677,-14.71744],[20.27892,-14.7533],[20.29274,-14.78519],[20.31427,-14.81535],[20.38876,-14.86989],[20.4471,-14.89938],[20.48449,-14.89928],[20.51777,-14.90546],[20.56228,-14.90533],[20.61576,-14.91429],[20.67277,-14.9181],[20.7197,-14.92421],[20.76729,-14.93829],[20.86063,-14.95674],[20.90287,-14.96968],[20.92664,-14.97187],[20.9987,-15.00062],[21.05474,-15.02829],[21.10128,-15.05486],[21.12588,-15.08493],[21.21027,-15.15915],[21.2859,-15.24534],[21.3083,-15.29136],[21.33994,-15.32915],[21.34542,-15.32021],[21.35756,-15.28369],[21.36864,-15.26085],[21.38313,-15.22146],[21.39163,-15.17756],[21.39646,-15.1217],[21.38535,-15.07733],[21.37471,-15.01928],[21.35114,-14.97439],[21.32647,-14.93863],[21.30142,-14.92566],[21.27097,-14.90473],[21.24108,-14.88096],[21.20278,-14.84468],[21.17649,-14.82429],[21.16494,-14.79186],[21.17712,-14.75932],[21.19588,-14.73415],[21.21951,-14.72263],[21.25511,-14.72359],[21.32059,-14.74832],[21.34906,-14.74817],[21.39418,-14.75191],[21.44219,-14.74764],[21.47587,-14.7332],[21.53063,-14.6924],[21.53596,-14.63081],[21.53263,-14.59435],[21.53349,-14.56128],[21.52421,-14.52143],[21.52621,-14.48379],[21.51383,-14.42913],[21.49989,-14.39728],[21.48861,-14.33406],[21.49044,-14.27759],[21.48291,-14.23429],[21.49017,-14.18863],[21.5134,-14.14229],[21.52895,-14.09771],[21.53919,-14.05544],[21.54493,-13.97726],[21.52906,-13.92773],[21.50102,-13.90279],[21.47224,-13.92407],[21.46399,-13.98972],[21.45604,-14.02456],[21.44093,-14.05374],[21.40084,-14.07051],[21.37012,-14.07582],[21.35973,-14.04108],[21.36348,-13.99828],[21.37942,-13.93031],[21.38025,-13.89265],[21.36723,-13.76265],[21.36156,-13.72559],[21.30947,-13.6517],[21.21108,-13.55235],[21.14146,-13.49277],[21.10641,-13.46897],[21.08022,-13.44456],[21.06051,-13.41725],[20.99161,-13.29256],[20.97879,-13.23839],[20.94877,-13.17345],[20.93659,-13.15508],[20.9369,-13.16437],[20.93169,-13.17695],[20.88488,-13.22908],[20.85858,-13.26286],[20.8311,-13.29893],[20.78437,-13.36759],[20.76708,-13.42701],[20.76377,-13.45955],[20.77179,-13.50632],[20.78273,-13.54908],[20.82122,-13.64138],[20.868,-13.73192],[20.88953,-13.76493],[20.89808,-13.80027],[20.9375,-13.85145],[20.95844,-13.88274],[20.97287,-13.91292],[20.982,-13.94482],[20.98184,-13.99959],[20.9639,-14.05043],[20.94284,-14.08189],[20.90752,-14.10713],[20.85915,-14.12899],[20.81182,-14.13374],[20.65664,-14.12173],[20.64113,-14.10296],[20.63253,-14.05736],[20.61636,-14.02832],[20.61903,-13.98496],[20.61104,-13.94049],[20.61847,-13.90167],[20.60464,-13.86692],[20.59648,-13.79449],[20.57958,-13.74205],[20.55334,-13.70732],[20.55009,-13.66111],[20.5162,-13.62868],[20.50333,-13.55625],[20.49068,-13.51748],[20.46805,-13.48672],[20.42475,-13.45773],[20.35357,-13.40311],[20.31569,-13.38721],[20.27416,-13.35134],[20.22911,-13.31832],[20.16619,-13.24994],[20.10562,-13.17469],[20.08652,-13.13076],[20.10106,-13.08736],[20.134,-13.06904],[20.16996,-13.06499],[20.19829,-13.06779],[20.23254,-13.07629],[20.26505,-13.08879],[20.33368,-13.12461],[20.40959,-13.19179],[20.45801,-13.19738],[20.52764,-13.19776],[20.5777,-13.1822],[20.60168,-13.15131],[20.60501,-13.11933],[20.56131,-13.01956],[20.53995,-13.00078],[20.50566,-12.98546],[20.37874,-12.96181],[20.33036,-12.95507],[20.2837,-12.94032],[20.24411,-12.92384],[20.21098,-12.90221],[20.16963,-12.88572],[20.13649,-12.85894],[20.09986,-12.84244],[20.00351,-12.77976],[19.9574,-12.74497],[19.93018,-12.71702],[19.8982,-12.67765],[19.87207,-12.6257],[19.85126,-12.57547],[19.84694,-12.52636],[19.88686,-12.49892],[19.91975,-12.48119],[19.95157,-12.48916],[19.99707,-12.52795],[20.02127,-12.54162],[20.06015,-12.545],[20.09193,-12.54382],[20.12837,-12.53006],[20.15128,-12.52089],[20.18119,-12.49799],[20.21564,-12.44482],[20.22729,-12.42139],[20.26568,-12.33736],[20.30701,-12.25903],[20.32147,-12.21503],[20.35228,-12.1527],[20.36093,-12.12184],[20.3483,-12.07218],[20.33342,-12.04079],[20.32502,-12.01054],[20.33665,-11.98824],[20.3618,-11.96647],[20.40617,-11.9399],[20.39089,-11.91671],[20.36902,-11.89392],[20.37539,-11.87848],[20.41252,-11.85889],[20.38453,-11.83333],[20.36856,-11.81452],[20.35315,-11.79056],[20.32641,-11.73521],[20.24832,-11.62455],[20.21175,-11.59091],[20.16289,-11.56072],[20.13047,-11.53163],[20.09165,-11.51341],[20.05687,-11.47861],[19.98866,-11.44213],[19.92571,-11.39991],[19.88923,-11.37081],[19.88499,-11.33825],[19.93097,-11.25652],[19.9502,-11.23193],[19.95826,-11.19879],[19.94094,-11.12168],[19.91738,-11.09313],[19.89268,-11.0703],[19.77718,-11.04866],[19.72504,-11.04524],[19.63955,-11.05667],[19.5757,-11.0578],[19.5148,-11.06464],[19.45973,-11.06461],[19.40289,-11.05885],[19.36532,-11.02625],[19.33302,-10.98851],[19.32941,-10.94623],[19.33623,-10.85425],[19.35765,-10.75087],[19.38785,-10.65834],[19.40472,-10.62179],[19.42804,-10.58925],[19.44783,-10.55384],[19.46002,-10.52071],[19.47575,-10.49787],[19.48324,-10.4596],[19.48727,-10.41815]]]}},{"type":"Feature","properties":{"ISOCSUID":"AO59","LANDFORM":"TE","LITHOLOGY":"IA1","SOILS":"LPe","WRB":"Eutric Leptosols","DOMSOILS":"LP","CODE_WRB":"LP-eu"},"geometry":{"type":"Polygon","coordinates":[[[14.20574,-11.19274],[14.19902,-11.17205],[14.18976,-11.1256],[14.22281,-11.07134],[14.30142,-10.98474],[14.27825,-10.96719],[14.2683,-10.92701],[14.26862,-10.90587],[14.26208,-10.87319],[14.26837,-10.84359],[14.28085,-10.83123],[14.28342,-10.81528],[14.27951,-10.80264],[14.29374,-10.79032],[14.29395,-10.77661],[14.27722,-10.75974],[14.27219,-10.74366],[14.27319,-10.71568],[14.2701,-10.68705],[14.27471,-10.65285],[14.27345,-10.61911],[14.27854,-10.5912],[14.29403,-10.57262],[14.30626,-10.57627],[14.31316,-10.58382],[14.31856,-10.57477],[14.3112,-10.55807],[14.31089,-10.49978],[14.27811,-10.52038],[14.24056,-10.5895],[14.22862,-10.63131],[14.21838,-10.74309],[14.2235,-10.79685],[14.2235,-10.87876],[14.23374,-10.92996],[14.238,-10.97433],[14.21838,-11.0187],[14.17913,-11.05369],[14.15011,-11.12792],[14.14499,-11.2013],[14.14499,-11.24568],[14.15549,-11.29811],[14.14466,-11.3162],[14.14702,-11.35395],[14.13862,-11.3658],[14.15059,-11.38887],[14.13167,-11.4371],[14.1397,-11.44867],[14.16599,-11.456],[14.18108,-11.46656],[14.18896,-11.48899],[14.20036,-11.5109],[14.16139,-11.52677],[14.14816,-11.54824],[14.1569,-11.59068],[14.14799,-11.59738],[14.13695,-11.6286],[14.09789,-11.68731],[14.08514,-11.7145],[14.06553,-11.80441],[14.06745,-11.83244],[14.0724,-11.85367],[14.06673,-11.87871],[14.0597,-11.87743],[14.04142,-11.88167],[14.0172,-11.88979],[14.00001,-11.89975],[13.99328,-11.91619],[14.01095,-11.95137],[14.02196,-11.96072],[13.97117,-12.01347],[13.98077,-12.03822],[13.94761,-12.05359],[13.91196,-12.07692],[13.89266,-12.10683],[13.87679,-12.14309],[13.86324,-12.18054],[13.84692,-12.31561],[13.83883,-12.34287],[13.83226,-12.38445],[13.82019,-12.40307],[13.79536,-12.40944],[13.78435,-12.39895],[13.77304,-12.44214],[13.74659,-12.51074],[13.72595,-12.54747],[13.71372,-12.57465],[13.68602,-12.61066],[13.64007,-12.68058],[13.62029,-12.70017],[13.60418,-12.74611],[13.58575,-12.78972],[13.57327,-12.85468],[13.60554,-12.8135],[13.62519,-12.80068],[13.65167,-12.80068],[13.68157,-12.79043],[13.73796,-12.63494],[13.76103,-12.61871],[13.83706,-12.59222],[13.86013,-12.52217],[13.89003,-12.50252],[13.93617,-12.4],[13.9524,-12.32738],[13.95924,-12.28124],[13.98914,-12.23853],[14.00879,-12.15907],[14.02588,-12.14198],[14.05834,-12.07278],[14.14926,-12.00766],[14.14158,-11.97523],[14.12708,-11.94622],[14.11428,-11.88649],[14.12708,-11.83273],[14.15865,-11.75594],[14.17145,-11.68938],[14.2107,-11.64245],[14.24312,-11.61515],[14.2235,-11.55883],[14.238,-11.54603],[14.24568,-11.51702],[14.24312,-11.48203],[14.2252,-11.4351],[14.20814,-11.40353],[14.2107,-11.34636],[14.23544,-11.32418],[14.26787,-11.33186],[14.27725,-11.35404],[14.3165,-11.37111],[14.34637,-11.36855],[14.35149,-11.33868],[14.33869,-11.30455],[14.31224,-11.27725],[14.27213,-11.26018],[14.238,-11.23544],[14.20574,-11.19274]]]}},{"type":"Feature","properties":{"ISOCSUID":"AO180","LANDFORM":"SH","LITHOLOGY":"SC2","SOILS":"FRx","WRB":"Xanthi-Arenic Ferralsols","DOMSOILS":"FR","CODE_WRB":"FR-ar-xa"},"geometry":{"type":"Polygon","coordinates":[[[19.27584,-10.58468],[19.21563,-10.53588],[19.19862,-10.50223],[19.17653,-10.58323],[19.11818,-10.67283],[19.10124,-10.69508],[19.08313,-10.70933],[19.04861,-10.71555],[19.01701,-10.71319],[18.986,-10.71427],[18.96142,-10.70736],[18.91342,-10.68725],[18.87069,-10.65571],[18.84611,-10.64251],[18.82095,-10.62016],[18.72608,-10.55287],[18.72383,-10.57188],[18.70337,-10.60039],[18.68348,-10.61689],[18.59983,-10.64117],[18.5666,-10.64221],[18.57175,-10.64964],[18.59281,-10.66686],[18.61737,-10.6778],[18.69168,-10.69804],[18.72913,-10.70387],[18.79818,-10.72693],[18.83037,-10.74188],[18.84852,-10.75507],[18.92698,-10.79926],[19.01836,-10.86174],[19.03419,-10.88063],[19.05645,-10.88696],[19.08746,-10.87274],[19.11377,-10.85222],[19.18852,-10.74836],[19.23518,-10.6673],[19.24332,-10.64218],[19.27584,-10.58468]]]}},{"type":"Feature","properties":{"ISOCSUID":"AO87","LANDFORM":"LL","LITHOLOGY":"SC2","SOILS":"ARo","WRB":"Ferralic Arenosols","DOMSOILS":"AR","CODE_WRB":"AR-fl"},"geometry":{"type":"Polygon","coordinates":[[[16.09692,-10.61006],[16.09387,-10.62374],[16.09955,-10.6438],[16.09887,-10.65522],[16.08826,-10.66424],[16.07124,-10.67032],[16.05176,-10.69009],[16.05438,-10.72497],[16.0843,-10.85045],[16.08617,-10.90475],[16.09707,-10.93002],[16.11671,-11.02967],[16.12478,-11.04519],[16.15571,-11.05926],[16.17027,-11.06971],[16.18953,-11.0785],[16.19526,-11.09399],[16.19398,-11.10655],[16.17966,-11.13667],[16.18825,-11.16133],[16.22966,-11.18523],[16.24421,-11.19739],[16.25755,-11.21525],[16.27151,-11.22855],[16.27942,-11.26463],[16.24762,-11.28256],[16.2288,-11.29035],[16.21922,-11.31366],[16.22844,-11.33319],[16.23715,-11.34357],[16.27057,-11.34395],[16.31403,-11.33643],[16.33032,-11.32774],[16.35312,-11.28658],[16.36615,-11.26901],[16.38562,-11.25323],[16.40803,-11.23633],[16.43624,-11.2252],[16.46325,-11.2192],[16.51436,-11.21299],[16.51307,-11.21973],[16.52523,-11.24042],[16.54625,-11.25263],[16.57024,-11.25802],[16.61677,-11.25795],[16.57771,-11.23032],[16.56064,-11.20557],[16.46422,-11.0972],[16.43691,-11.04259],[16.35841,-10.9146],[16.34993,-10.86947],[16.34358,-10.85797],[16.36661,-10.83194],[16.34514,-10.80828],[16.35526,-10.78668],[16.3577,-10.77357],[16.35667,-10.75527],[16.35209,-10.74265],[16.34393,-10.73913],[16.33886,-10.7128],[16.32786,-10.69839],[16.31563,-10.6914],[16.2846,-10.69391],[16.2583,-10.69019],[16.24439,-10.67346],[16.22491,-10.62296],[16.20575,-10.60618],[16.18955,-10.58485],[16.17734,-10.57557],[16.15977,-10.5788],[16.12566,-10.60068],[16.1116,-10.60338],[16.09692,-10.61006]]]}},{"type":"Feature","properties":{"ISOCSUID":"AO78","LANDFORM":"LL","LITHOLOGY":"MA2","SOILS":"FRh","WRB":"Acric Ferralsols","DOMSOILS":"FR","CODE_WRB":"FR-ac"},"geometry":{"type":"Polygon","coordinates":[[[15.81934,-10.64266],[15.82323,-10.66442],[15.81897,-10.68094],[15.807,-10.70878],[15.80435,-10.74132],[15.79831,-10.76067],[15.79817,-10.77495],[15.80611,-10.8019],[15.80483,-10.81274],[15.79251,-10.81544],[15.75053,-10.79891],[15.74401,-10.80739],[15.73372,-10.84097],[15.72879,-10.86605],[15.72105,-10.87909],[15.7039,-10.89601],[15.69617,-10.9079],[15.70955,-10.91665],[15.75506,-10.93381],[15.75717,-10.95726],[15.75476,-10.9663],[15.76822,-10.96483],[15.77942,-10.95755],[15.79433,-10.93031],[15.80548,-10.9276],[15.81887,-10.93577],[15.84093,-10.95604],[15.81486,-10.98771],[15.81907,-11.0369],[15.81711,-11.05801],[15.81982,-11.0809],[15.82489,-11.10211],[15.83886,-11.112],[15.84885,-11.10812],[15.89137,-11.01038],[15.90986,-10.97461],[15.91877,-10.96158],[15.94164,-10.95786],[15.9462,-10.97106],[15.92614,-11.05081],[15.92471,-11.07878],[15.91687,-11.10268],[15.91615,-11.11696],[15.92704,-11.14395],[15.94562,-11.16189],[15.95298,-11.19112],[15.9434,-11.21328],[15.92379,-11.24161],[15.91592,-11.26836],[15.91926,-11.28726],[15.93214,-11.28913],[15.96159,-11.27521],[16.01698,-11.24274],[16.03292,-11.23036],[16.08344,-11.21839],[16.10333,-11.22263],[16.11721,-11.24393],[16.1252,-11.26916],[16.13641,-11.32985],[16.14327,-11.3505],[16.1694,-11.38108],[16.13701,-11.39728],[16.1403,-11.42359],[16.14718,-11.44253],[16.14398,-11.47334],[16.12743,-11.48801],[16.11335,-11.48784],[16.09572,-11.49163],[16.088,-11.50297],[16.08492,-11.5195],[16.08344,-11.55376],[16.07299,-11.60849],[16.06046,-11.63119],[16.05038,-11.64307],[16.02973,-11.65539],[15.99975,-11.66017],[15.96406,-11.6466],[15.96836,-11.62608],[15.97671,-11.61133],[15.98042,-11.59024],[15.97534,-11.5679],[15.96203,-11.54774],[15.92408,-11.52728],[15.90785,-11.50594],[15.87562,-11.43927],[15.84328,-11.38573],[15.8362,-11.39415],[15.81572,-11.40439],[15.785,-11.40609],[15.75429,-11.41633],[15.73381,-11.42999],[15.72528,-11.45621],[15.74388,-11.47416],[15.75187,-11.49654],[15.75166,-11.51825],[15.7349,-11.55174],[15.72776,-11.56136],[15.70834,-11.56683],[15.69492,-11.55865],[15.68418,-11.57679],[15.67871,-11.59558],[15.66626,-11.60798],[15.64391,-11.61169],[15.62045,-11.61023],[15.60236,-11.60085],[15.59844,-11.58252],[15.58275,-11.56745],[15.56402,-11.56263],[15.54633,-11.57096],[15.42216,-11.60239],[15.40386,-11.61127],[15.3879,-11.62191],[15.39119,-11.64252],[15.4309,-11.66136],[15.44427,-11.67354],[15.44353,-11.68724],[15.43247,-11.73279],[15.45358,-11.73537],[15.46192,-11.72406],[15.51506,-11.69622],[15.57163,-11.67642],[15.58234,-11.66343],[15.59767,-11.65621],[15.61233,-11.65812],[15.60983,-11.67236],[15.59266,-11.68642],[15.58026,-11.69311],[15.59002,-11.71495],[15.60394,-11.73113],[15.57011,-11.76552],[15.57998,-11.77651],[15.5982,-11.77561],[15.6633,-11.7839],[15.69873,-11.76437],[15.7171,-11.74747],[15.73005,-11.74421],[15.76403,-11.75208],[15.77155,-11.7636],[15.76143,-11.77832],[15.74504,-11.7724],[15.7344,-11.77969],[15.74898,-11.78959],[15.74644,-11.80955],[15.71931,-11.82062],[15.6958,-11.8226],[15.67931,-11.82696],[15.65882,-11.81983],[15.63535,-11.81781],[15.62123,-11.81934],[15.63097,-11.84346],[15.62476,-11.87651],[15.59796,-11.85445],[15.54442,-11.86344],[15.53391,-11.85644],[15.55887,-11.82936],[15.55904,-11.81279],[15.54555,-11.81147],[15.53254,-11.81986],[15.51606,-11.82306],[15.50437,-11.81776],[15.49493,-11.82163],[15.4971,-11.8388],[15.4881,-11.85639],[15.46512,-11.86235],[15.44584,-11.85295],[15.42351,-11.85378],[15.42602,-11.89266],[15.41672,-11.93709],[15.44228,-12.01742],[15.4538,-12.03929],[15.46829,-12.05834],[15.49463,-12.06898],[15.52379,-12.09052],[15.54775,-12.10398],[15.56886,-12.10883],[15.60007,-12.10468],[15.6449,-12.08985],[15.65908,-12.08319],[15.67272,-12.07137],[15.69514,-12.06309],[15.69145,-12.07961],[15.69647,-12.10595],[15.72116,-12.10684],[15.7581,-12.11703],[15.8113,-12.08743],[15.83252,-12.08084],[15.9116,-12.0487],[15.93163,-12.04323],[15.94805,-12.04743],[15.97487,-12.07118],[15.98059,-12.08953],[15.96463,-12.09904],[15.98723,-12.13394],[16.00344,-12.17746],[16.00857,-12.20221],[16.0171,-12.2261],[16.01454,-12.32167],[16.00344,-12.3814],[15.98467,-12.44625],[15.99833,-12.46502],[16.00344,-12.5111],[15.99833,-12.56059],[15.96505,-12.64421],[15.94461,-12.67622],[15.95744,-12.69065],[15.96723,-12.71476],[15.98123,-12.72977],[16.00294,-12.73917],[16.05644,-12.75294],[16.06342,-12.76273],[16.06977,-12.77822],[16.07705,-12.82113],[16.07566,-12.84567],[16.07728,-12.86167],[16.07476,-12.87992],[16.08098,-12.91025],[16.09691,-12.90872],[16.11111,-12.90261],[16.12181,-12.89245],[16.15283,-12.84999],[16.16308,-12.82213],[16.17223,-12.78569],[16.17498,-12.73947],[16.16866,-12.72112],[16.15467,-12.70326],[16.14192,-12.67856],[16.13387,-12.65619],[16.14287,-12.63688],[16.17946,-12.62702],[16.1972,-12.61923],[16.21317,-12.61027],[16.22093,-12.5978],[16.21873,-12.57893],[16.19699,-12.57354],[16.17985,-12.58191],[16.12557,-12.59385],[16.10131,-12.60728],[16.07454,-12.63723],[16.05631,-12.63473],[16.05236,-12.61527],[16.07814,-12.56246],[16.09711,-12.54784],[16.11601,-12.5412],[16.14077,-12.53806],[16.16025,-12.53143],[16.18679,-12.5266],[16.21094,-12.52459],[16.23043,-12.51795],[16.28719,-12.48775],[16.29889,-12.49701],[16.2811,-12.51281],[16.27562,-12.53559],[16.28611,-12.54884],[16.28771,-12.56885],[16.326,-12.56756],[16.34566,-12.56228],[16.34494,-12.5552],[16.38765,-12.51397],[16.42567,-12.46812],[16.43883,-12.44141],[16.44246,-12.42717],[16.44762,-12.36783],[16.45501,-12.32393],[16.47296,-12.283],[16.4896,-12.2609],[16.50865,-12.22911],[16.51871,-12.22122],[16.54811,-12.22209],[16.55797,-12.24104],[16.55017,-12.26266],[16.5441,-12.28945],[16.53901,-12.34194],[16.55296,-12.3655],[16.57227,-12.38111],[16.58408,-12.37609],[16.69619,-12.24185],[16.70934,-12.20884],[16.71249,-12.17746],[16.70263,-12.15737],[16.67686,-12.1417],[16.66524,-12.12159],[16.6677,-12.10505],[16.68653,-12.10353],[16.70368,-12.08827],[16.7139,-12.05352],[16.73934,-12.02807],[16.73301,-12.00801],[16.73845,-11.98407],[16.72394,-11.95652],[16.72294,-11.93023],[16.70895,-11.9141],[16.70027,-11.89345],[16.69515,-11.86884],[16.67612,-11.81552],[16.6711,-11.77549],[16.67303,-11.73497],[16.62969,-11.73509],[16.60085,-11.74508],[16.57246,-11.77336],[16.5576,-11.79834],[16.55505,-11.82745],[16.55927,-11.89376],[16.56541,-11.93895],[16.5641,-11.95836],[16.5558,-11.96913],[16.53639,-11.97121],[16.50374,-11.93603],[16.49449,-11.91537],[16.48169,-11.89924],[16.46473,-11.88878],[16.44243,-11.88512],[16.44106,-11.91138],[16.45086,-11.93662],[16.4817,-11.9775],[16.50043,-11.98683],[16.48855,-12.00385],[16.46916,-12.00307],[16.4503,-12.01145],[16.43845,-12.02331],[16.46356,-12.04471],[16.48174,-12.05062],[16.49804,-12.07249],[16.4891,-12.08954],[16.46195,-12.10296],[16.43175,-12.13291],[16.41988,-12.1465],[16.40263,-12.17316],[16.38081,-12.18092],[16.37694,-12.14889],[16.38713,-12.1233],[16.3909,-12.09249],[16.37891,-12.04667],[16.35483,-12.04355],[16.3368,-12.01994],[16.31398,-12.00712],[16.28162,-12.01133],[16.23882,-11.99829],[16.24368,-11.98006],[16.35603,-11.96531],[16.39774,-11.9669],[16.40954,-11.96074],[16.40145,-11.94295],[16.35029,-11.94868],[16.29758,-11.92697],[16.27424,-11.90671],[16.26998,-11.89794],[16.22894,-11.91477],[16.21366,-11.9146],[16.21353,-11.9306],[16.19879,-11.93671],[16.18769,-11.92916],[16.15482,-11.85566],[16.14552,-11.84413],[16.15096,-11.82591],[16.18108,-11.80626],[16.18769,-11.7892],[16.19287,-11.73099],[16.19247,-11.70813],[16.19747,-11.67277],[16.2071,-11.64432],[16.22259,-11.6165],[16.24564,-11.59676],[16.26155,-11.58837],[16.26288,-11.57011],[16.25197,-11.5397],[16.25575,-11.50775],[16.2834,-11.49949],[16.30513,-11.49631],[16.33219,-11.48746],[16.38799,-11.47893],[16.40316,-11.48995],[16.41349,-11.51587],[16.41949,-11.50269],[16.44992,-11.51329],[16.47868,-11.51188],[16.51562,-11.51513],[16.5537,-11.52237],[16.60475,-11.52289],[16.63298,-11.51289],[16.66745,-11.44696],[16.69532,-11.4021],[16.70832,-11.3868],[16.71338,-11.35575],[16.7185,-11.34636],[16.71338,-11.32844],[16.69466,-11.32554],[16.67519,-11.34363],[16.63098,-11.37633],[16.61916,-11.38992],[16.58825,-11.44903],[16.577,-11.46434],[16.56285,-11.47333],[16.54112,-11.47711],[16.5253,-11.47466],[16.49549,-11.4595],[16.46523,-11.42662],[16.44891,-11.4133],[16.43014,-11.41311],[16.38163,-11.3903],[16.37056,-11.38104],[16.33287,-11.32636],[16.31403,-11.33643],[16.27057,-11.34395],[16.23715,-11.34357],[16.22844,-11.33319],[16.21922,-11.31366],[16.2288,-11.29035],[16.24762,-11.28256],[16.27942,-11.26463],[16.27151,-11.22855],[16.25755,-11.21525],[16.24421,-11.19739],[16.22966,-11.18523],[16.18825,-11.16133],[16.17966,-11.13667],[16.19398,-11.10655],[16.19526,-11.09399],[16.18953,-11.0785],[16.17027,-11.06971],[16.15571,-11.05926],[16.12478,-11.04519],[16.11671,-11.02967],[16.09707,-10.93002],[16.08617,-10.90475],[16.0843,-10.85045],[16.05438,-10.72497],[16.05176,-10.69009],[16.07124,-10.67032],[16.08826,-10.66424],[16.09887,-10.65522],[16.09955,-10.6438],[16.09387,-10.62374],[16.09692,-10.61006],[16.06488,-10.6151],[16.02649,-10.6151],[15.93945,-10.60486],[15.92409,-10.59206],[15.90105,-10.59889],[15.91129,-10.63046],[15.93945,-10.75589],[15.93348,-10.78746],[15.91385,-10.8105],[15.87545,-10.78746],[15.83706,-10.71408],[15.81934,-10.64266]]]}},{"type":"Feature","properties":{"ISOCSUID":"AO210","LANDFORM":"LP","LITHOLOGY":"UE","SOILS":"ARo","WRB":"Rubi-Ferralic Arenosols","DOMSOILS":"AR","CODE_WRB":"AR-fl-ru"},"geometry":{"type":"Polygon","coordinates":[[[18.41616,-10.62848],[18.34363,-10.61846],[18.28456,-10.61362],[18.15649,-10.59473],[18.15099,-10.59589],[18.15236,-10.61813],[18.12135,-10.62255],[18.05928,-10.65536],[18.03584,-10.67295],[18.02121,-10.67516],[18.00601,-10.66993],[17.98526,-10.68694],[17.98483,-10.72124],[17.98945,-10.74811],[17.9976,-10.76644],[18.01452,-10.78881],[18.04782,-10.82099],[18.07409,-10.85655],[18.07699,-10.86913],[18.07575,-10.90112],[18.03938,-10.93521],[18.02122,-10.94025],[18.00772,-10.95446],[18.00358,-10.97044],[18.00819,-11.00703],[18.03209,-11.06086],[18.0537,-11.09183],[18.07126,-11.09935],[18.10225,-11.13264],[18.14079,-11.20768],[18.14311,-11.22141],[18.14133,-11.23225],[18.09555,-11.26173],[18.05097,-11.2792],[18.04244,-11.27976],[18.04034,-11.314],[18.04201,-11.35857],[18.04778,-11.40373],[18.08231,-11.43819],[18.13094,-11.46815],[18.19884,-11.56445],[18.34598,-11.70052],[18.36183,-11.70687],[18.38121,-11.69781],[18.43995,-11.65464],[18.46989,-11.64562],[18.50218,-11.6406],[18.53681,-11.64987],[18.49393,-11.69655],[18.4675,-11.71873],[18.44106,-11.73405],[18.43048,-11.76142],[18.44866,-11.79177],[18.43513,-11.81285],[18.41163,-11.82076],[18.3799,-11.84404],[18.34583,-11.84161],[18.32235,-11.82894],[18.31234,-11.84775],[18.29999,-11.86369],[18.28295,-11.87047],[18.26238,-11.87266],[18.18603,-11.86716],[18.15725,-11.8613],[18.13902,-11.87435],[18.08605,-11.92835],[18.06954,-11.95739],[18.02661,-11.97373],[17.99313,-11.96841],[17.92374,-11.9863],[17.90725,-11.99991],[17.89014,-12.02437],[17.85595,-12.06415],[17.84824,-12.08924],[17.83702,-12.10631],[17.82633,-12.14394],[17.80974,-12.18954],[17.76544,-12.25152],[17.68973,-12.38068],[17.67787,-12.40745],[17.592,-12.55593],[17.57536,-12.5975],[17.55927,-12.64879],[17.54562,-12.67553],[17.54021,-12.70405],[17.52717,-12.72508],[17.48765,-12.73736],[17.41571,-12.75112],[17.38132,-12.80282],[17.38105,-12.86277],[17.38445,-12.89591],[17.39255,-12.93023],[17.39823,-12.98108],[17.39044,-13.00957],[17.36071,-13.06359],[17.33403,-13.09478],[17.30087,-13.12193],[17.25241,-13.13982],[17.22697,-13.15446],[17.18715,-13.21293],[17.16882,-13.21964],[17.11271,-13.23127],[17.07773,-13.24748],[17.03933,-13.25772],[16.99146,-13.27693],[16.98902,-13.29061],[16.97886,-13.31335],[16.91442,-13.42807],[16.91656,-13.46462],[16.93228,-13.50414],[16.92378,-13.54287],[16.913,-13.56731],[16.8951,-13.59625],[16.8471,-13.71337],[16.84324,-13.76411],[16.84581,-13.78971],[16.85677,-13.77451],[16.87458,-13.76269],[16.90242,-13.75438],[16.92716,-13.76944],[16.9299,-13.80541],[16.94603,-13.87858],[16.95588,-13.91461],[16.96578,-13.94036],[16.96854,-13.97519],[16.96782,-13.998],[16.95975,-14.06238],[16.94837,-14.0851],[16.92425,-14.1596],[16.91026,-14.22278],[16.91128,-14.25074],[16.91993,-14.28959],[16.96851,-14.35589],[16.99752,-14.4361],[17.01715,-14.55556],[17.02289,-14.6229],[17.02326,-14.66337],[17.01888,-14.70324],[17.01866,-14.74313],[17.01371,-14.77843],[17.00403,-14.81083],[17.00382,-14.84844],[16.99662,-14.86206],[17.01815,-14.93746],[17.02095,-14.96769],[17.019,-14.99673],[17.01299,-15.01035],[16.99517,-15.01191],[16.97631,-14.98725],[16.95387,-14.96711],[16.93373,-14.95952],[16.91567,-15.0021],[16.91897,-15.046],[16.91611,-15.12573],[16.90217,-15.17232],[16.90441,-15.19513],[16.89659,-15.21044],[16.97718,-15.24817],[16.98595,-15.27217],[16.97647,-15.29449],[17.03894,-15.36204],[17.0934,-15.4035],[17.12128,-15.41569],[17.16069,-15.41744],[17.15707,-15.39321],[17.17913,-15.38142],[17.2035,-15.38276],[17.25398,-15.39284],[17.27709,-15.40896],[17.31687,-15.42122],[17.32946,-15.39911],[17.33248,-15.38888],[17.33139,-15.3661],[17.30555,-15.29927],[17.26367,-15.23287],[17.24838,-15.20029],[17.2408,-15.17004],[17.25045,-15.14049],[17.28376,-15.1305],[17.30212,-15.1426],[17.31985,-15.16324],[17.32986,-15.18155],[17.33806,-15.20838],[17.34326,-15.24032],[17.35798,-15.27062],[17.37223,-15.27186],[17.38933,-15.16718],[17.39657,-15.14331],[17.42041,-15.12411],[17.44296,-15.12769],[17.46121,-15.16827],[17.45992,-15.19219],[17.4628,-15.21556],[17.45494,-15.2474],[17.45906,-15.25768],[17.44644,-15.29006],[17.44875,-15.30773],[17.44389,-15.33276],[17.43694,-15.43065],[17.44392,-15.46772],[17.45446,-15.50537],[17.49108,-15.57054],[17.50463,-15.60365],[17.52596,-15.626],[17.54323,-15.61986],[17.56053,-15.6103],[17.57427,-15.59445],[17.58804,-15.57007],[17.59885,-15.54395],[17.63888,-15.4924],[17.6897,-15.41358],[17.72063,-15.40865],[17.72832,-15.42123],[17.72746,-15.43628],[17.74617,-15.41564],[17.78014,-15.3908],[17.80044,-15.36188],[17.83039,-15.28175],[17.85013,-15.23573],[17.85737,-15.19534],[17.86044,-15.16061],[17.86889,-15.1128],[17.872,-15.06098],[17.87924,-15.01658],[17.87581,-14.96984],[17.8784,-14.89096],[17.857,-14.90192],[17.83624,-14.89553],[17.82681,-14.87439],[17.82033,-14.85669],[17.81742,-14.83957],[17.82777,-14.74446],[17.82606,-14.72279],[17.83088,-14.69032],[17.81492,-14.67826],[17.80491,-14.65369],[17.7907,-14.64392],[17.78544,-14.61994],[17.75837,-14.55422],[17.75548,-14.52969],[17.74488,-14.50853],[17.73187,-14.49647],[17.71418,-14.46957],[17.64258,-14.43831],[17.60226,-14.44432],[17.57854,-14.45043],[17.56188,-14.46685],[17.49794,-14.60038],[17.47052,-14.63496],[17.43844,-14.65012],[17.42666,-14.63009],[17.42321,-14.60555],[17.43823,-14.55777],[17.44128,-14.53898],[17.4509,-14.50598],[17.43148,-14.47278],[17.41849,-14.46185],[17.40134,-14.4526],[17.35943,-14.41637],[17.34174,-14.39685],[17.3377,-14.3723],[17.34197,-14.34496],[17.36169,-14.30747],[17.36004,-14.27895],[17.36436,-14.23849],[17.35675,-14.21905],[17.30981,-14.1263],[17.2839,-14.09872],[17.26693,-14.05752],[17.24281,-14.02824],[17.25297,-14.00664],[17.28086,-13.98918],[17.32512,-14.01462],[17.33451,-14.03123],[17.34087,-14.06493],[17.35789,-14.097],[17.38039,-14.09432],[17.42612,-14.05929],[17.521,-14.01034],[17.55947,-14.00833],[17.57003,-14.03064],[17.56516,-14.06769],[17.5485,-14.09039],[17.50039,-14.13283],[17.47718,-14.16461],[17.47819,-14.20739],[17.48755,-14.23654],[17.5017,-14.25089],[17.52709,-14.27103],[17.55487,-14.28548],[17.61402,-14.30527],[17.64363,-14.30832],[17.66669,-14.32044],[17.69213,-14.3303],[17.71931,-14.35157],[17.75054,-14.40308],[17.76821,-14.43854],[17.77462,-14.4745],[17.78758,-14.4991],[17.80713,-14.50321],[17.83025,-14.50107],[17.84508,-14.49488],[17.87481,-14.46085],[17.87306,-14.45058],[17.87726,-14.43007],[17.87082,-14.40381],[17.87807,-14.34968],[17.86216,-14.31937],[17.84859,-14.30161],[17.78303,-14.23963],[17.76478,-14.20416],[17.73425,-14.12127],[17.75559,-14.11342],[17.781,-14.1284],[17.82174,-14.16401],[17.83529,-14.18519],[17.85123,-14.20411],[17.86537,-14.22871],[17.87773,-14.25673],[17.89721,-14.28022],[17.92089,-14.28435],[17.93691,-14.27304],[17.95361,-14.22694],[17.94538,-14.20009],[17.93595,-14.18407],[17.92009,-14.1355],[17.91125,-14.11891],[17.91073,-14.08924],[17.89782,-14.04696],[17.8825,-14.02178],[17.91033,-14.01509],[17.93279,-14.02435],[17.95814,-14.06784],[17.98175,-14.09078],[17.98881,-14.11193],[18.01841,-14.10809],[18.04156,-14.0797],[18.04988,-14.05978],[18.05471,-14.01588],[18.06244,-14.00052],[18.06604,-13.97088],[18.06262,-13.91096],[18.03726,-13.87717],[18.02254,-13.84743],[18.00132,-13.81251],[17.98128,-13.78673],[17.98724,-13.76565],[18.02037,-13.75499],[18.04988,-13.78139],[18.0882,-13.83636],[18.08994,-13.85463],[18.11952,-13.85021],[18.12603,-13.8434],[18.1385,-13.81608],[18.15391,-13.79618],[18.17936,-13.77919],[18.21423,-13.79191],[18.21776,-13.80106],[18.21727,-13.82703],[18.24435,-13.81715],[18.28279,-13.80991],[18.30763,-13.80945],[18.34724,-13.81647],[18.39039,-13.8292],[18.41934,-13.85614],[18.4347,-13.87845],[18.46896,-13.95446],[18.48313,-13.99729],[18.49909,-14.01732],[18.56535,-14.05749],[18.62038,-14.1016],[18.6405,-14.13817],[18.67899,-14.22841],[18.68373,-14.25123],[18.71216,-14.3055],[18.73467,-14.31526],[18.76725,-14.31136],[18.79923,-14.31488],[18.83476,-14.2916],[18.86641,-14.27527],[18.84892,-14.21351],[18.80862,-14.13412],[18.75175,-14.00848],[18.73221,-13.94909],[18.70558,-13.88284],[18.68074,-13.83027],[18.64408,-13.79307],[18.51461,-13.74982],[18.48152,-13.73429],[18.44429,-13.70961],[18.37934,-13.63631],[18.34753,-13.54601],[18.32576,-13.46488],[18.32461,-13.44262],[18.32935,-13.42381],[18.36538,-13.4194],[18.39014,-13.46288],[18.43376,-13.57034],[18.44496,-13.60576],[18.46798,-13.63838],[18.52114,-13.69564],[18.54655,-13.7157],[18.62221,-13.72738],[18.66891,-13.74466],[18.72509,-13.84182],[18.76178,-13.91324],[18.79966,-13.95956],[18.84494,-14.02828],[18.84938,-14.00191],[18.84464,-13.9825],[18.841,-13.83417],[18.83149,-13.75769],[18.81788,-13.72799],[18.79952,-13.66004],[18.78415,-13.63546],[18.76286,-13.60972],[18.73567,-13.58281],[18.64587,-13.50891],[18.60866,-13.46884],[18.54018,-13.40753],[18.50773,-13.3492],[18.47824,-13.30685],[18.45174,-13.21313],[18.42999,-13.12057],[18.42823,-13.09545],[18.44129,-12.98818],[18.45312,-12.93913],[18.46201,-12.8775],[18.47087,-12.84271],[18.47208,-12.80274],[18.47918,-12.75538],[18.48753,-12.58925],[18.48814,-12.53786],[18.47643,-12.43844],[18.47411,-12.39275],[18.4759,-12.34364],[18.46539,-12.23794],[18.46894,-12.19226],[18.50016,-12.10785],[18.53253,-12.03372],[18.55135,-12.00294],[18.60014,-11.94143],[18.64538,-11.85933],[18.72114,-11.74818],[18.74931,-11.702],[18.76749,-11.64321],[18.77217,-11.60209],[18.78212,-11.549],[18.80554,-11.44395],[18.81139,-11.39883],[18.80902,-11.35484],[18.79549,-11.2651],[18.78258,-11.22222],[18.75267,-11.17757],[18.73742,-11.13296],[18.71046,-11.0746],[18.68819,-11.01854],[18.66652,-10.92135],[18.65189,-10.87331],[18.62672,-10.83837],[18.49507,-10.72192],[18.45356,-10.68176],[18.41616,-10.62848]]]}},{"type":"Feature","properties":{"ISOCSUID":"AO134","LANDFORM":"LP","LITHOLOGY":"SC2","SOILS":"FRr","WRB":"Rhodi-Acric Ferralsols","DOMSOILS":"FR","CODE_WRB":"FR-ac-ro"},"geometry":{"type":"Polygon","coordinates":[[[17.98526,-10.68694],[17.9826,-10.67037],[17.98441,-10.64982],[17.96396,-10.63599],[17.94874,-10.64333],[17.90529,-10.7065],[17.87475,-10.74632],[17.86184,-10.76109],[17.84132,-10.77525],[17.81018,-10.81506],[17.76206,-10.85875],[17.72151,-10.90592],[17.71735,-10.92417],[17.72825,-10.99737],[17.74517,-11.01748],[17.79426,-11.05663],[17.81412,-11.07675],[17.84497,-11.14949],[17.86304,-11.18559],[17.9092,-11.23785],[17.95077,-11.25809],[18.01872,-11.28132],[18.05097,-11.2792],[18.09555,-11.26173],[18.1249,-11.24417],[18.14133,-11.23225],[18.14311,-11.22141],[18.14079,-11.20768],[18.10225,-11.13264],[18.07126,-11.09935],[18.0537,-11.09183],[18.03209,-11.06086],[18.00819,-11.00703],[18.00358,-10.97044],[18.00772,-10.95446],[18.02122,-10.94025],[18.03938,-10.93521],[18.07575,-10.90112],[18.07699,-10.86913],[18.07409,-10.85655],[18.04782,-10.82099],[18.01452,-10.78881],[17.9976,-10.76644],[17.98945,-10.74811],[17.98483,-10.72124],[17.98526,-10.68694]]]}},{"type":"Feature","properties":{"ISOCSUID":"AO73","LANDFORM":"TH","LITHOLOGY":"IA1","SOILS":"LPq","WRB":"Lithic Leptosols","DOMSOILS":"LP","CODE_WRB":"LP-li"},"geometry":{"type":"Polygon","coordinates":[[[15.75476,-10.9663],[15.75717,-10.95726],[15.75506,-10.93381],[15.70955,-10.91665],[15.69617,-10.9079],[15.7039,-10.89601],[15.72105,-10.87909],[15.72879,-10.86605],[15.73372,-10.84097],[15.74401,-10.80739],[15.75053,-10.79891],[15.79251,-10.81544],[15.80483,-10.81274],[15.80611,-10.8019],[15.79817,-10.77495],[15.79831,-10.76067],[15.80435,-10.74132],[15.807,-10.70878],[15.81897,-10.68094],[15.82323,-10.66442],[15.81934,-10.64266],[15.8094,-10.64254],[15.7958,-10.65665],[15.78915,-10.67884],[15.78724,-10.69539],[15.76679,-10.75226],[15.7532,-10.76523],[15.73441,-10.77127],[15.70141,-10.7937],[15.68968,-10.7964],[15.68141,-10.80372],[15.67603,-10.81451],[15.67764,-10.82938],[15.68756,-10.83294],[15.6892,-10.84382],[15.68324,-10.85517],[15.65619,-10.86624],[15.64487,-10.88552],[15.64763,-10.90212],[15.65791,-10.92797],[15.67589,-10.94535],[15.70503,-10.95944],[15.72947,-10.97519],[15.74528,-10.97539],[15.75476,-10.9663]]]}},{"type":"Feature","properties":{"ISOCSUID":"AO89","LANDFORM":"LP","LITHOLOGY":"SC2","SOILS":"ARo","WRB":"Ferralic Arenosols","DOMSOILS":"AR","CODE_WRB":"AR-fl"},"geometry":{"type":"Polygon","coordinates":[[[16.93334,-10.77813],[16.90376,-10.77103],[16.86235,-10.74779],[16.85673,-10.76784],[16.80894,-10.78661],[16.79188,-10.80794],[16.77737,-10.87279],[16.76628,-10.99481],[16.77055,-11.06393],[16.76628,-11.1083],[16.7458,-11.14157],[16.74324,-11.15267],[16.75177,-11.17315],[16.78164,-11.18424],[16.78335,-11.20898],[16.80468,-11.21325],[16.83796,-11.18851],[16.86356,-11.17571],[16.89257,-11.16547],[16.90963,-11.15267],[16.9284,-11.15437],[16.94291,-11.15864],[16.95742,-11.17741],[16.97448,-11.16888],[16.97278,-11.15011],[16.96168,-11.12963],[16.95571,-11.11086],[16.97278,-11.09379],[17.00605,-11.07929],[17.03336,-11.05198],[17.02909,-11.02211],[17.00605,-10.96153],[16.97448,-10.89412],[16.93438,-10.82074],[16.93334,-10.77813]]]}},{"type":"Feature","properties":{"ISOCSUID":"AO73","LANDFORM":"TH","LITHOLOGY":"IA1","SOILS":"LPq","WRB":"Lithic Leptosols","DOMSOILS":"LP","CODE_WRB":"LP-li"},"geometry":{"type":"Polygon","coordinates":[[[15.37343,-11.02293],[15.39691,-11.01869],[15.39993,-11.01016],[15.39827,-11.00157],[15.39136,-10.99061],[15.37397,-10.97437],[15.36705,-10.96456],[15.36204,-10.94163],[15.36807,-10.92572],[15.3728,-10.92179],[15.38572,-10.91854],[15.39812,-10.909],[15.40051,-10.90446],[15.38709,-10.90028],[15.37604,-10.89383],[15.34526,-10.87111],[15.34021,-10.85161],[15.33448,-10.84011],[15.32554,-10.80227],[15.31796,-10.79987],[15.30384,-10.80653],[15.2874,-10.81029],[15.28088,-10.8182],[15.28425,-10.83024],[15.29869,-10.84702],[15.30683,-10.85228],[15.31082,-10.86205],[15.31719,-10.86843],[15.31883,-10.87816],[15.31587,-10.88098],[15.29607,-10.87155],[15.28679,-10.86399],[15.27043,-10.86147],[15.25632,-10.86641],[15.24933,-10.86345],[15.22764,-10.86542],[15.20132,-10.86332],[15.19132,-10.86774],[15.18709,-10.87854],[15.20324,-10.89991],[15.22651,-10.91282],[15.23461,-10.92094],[15.24334,-10.92564],[15.25151,-10.92862],[15.27432,-10.93066],[15.28138,-10.92791],[15.28907,-10.92059],[15.30141,-10.91734],[15.30311,-10.92193],[15.29947,-10.93388],[15.29372,-10.97551],[15.29476,-10.98695],[15.30167,-10.99734],[15.34652,-11.01969],[15.37343,-11.02293]]]}},{"type":"Feature","properties":{"ISOCSUID":"AO73","LANDFORM":"TH","LITHOLOGY":"IA1","SOILS":"LPq","WRB":"Lithic Leptosols","DOMSOILS":"LP","CODE_WRB":"LP-li"},"geometry":{"type":"Polygon","coordinates":[[[14.81141,-10.99789],[14.82391,-10.98267],[14.8442,-10.90814],[14.85446,-10.88373],[14.86855,-10.88109],[14.86712,-10.90164],[14.86919,-10.92282],[14.87486,-10.93719],[14.87643,-10.95207],[14.88107,-10.95557],[14.88868,-10.95569],[14.89343,-10.95062],[14.89446,-10.91579],[14.90455,-10.90509],[14.90849,-10.91715],[14.92113,-10.93677],[14.92699,-10.93629],[14.93297,-10.9261],[14.93548,-10.913],[14.92626,-10.85457],[14.92291,-10.84195],[14.91602,-10.83156],[14.91558,-10.81955],[14.90574,-10.8114],[14.89933,-10.80901],[14.86772,-10.80908],[14.8473,-10.80362],[14.83142,-10.80908],[14.819,-10.81917],[14.8171,-10.82999],[14.82531,-10.87412],[14.82389,-10.89353],[14.81598,-10.91626],[14.80908,-10.95214],[14.80741,-10.98983],[14.81141,-10.99789]]]}},{"type":"Feature","properties":{"ISOCSUID":"AO10","LANDFORM":"LV","LITHOLOGY":"UF","SOILS":"FLe","WRB":"Eutric Fluvisols","DOMSOILS":"FL","CODE_WRB":"FL-eu"},"geometry":{"type":"Polygon","coordinates":[[[13.82953,-10.90808],[13.83585,-10.90758],[13.85158,-10.91246],[13.87306,-10.92373],[13.88268,-10.94448],[13.88651,-10.96169],[13.91751,-11.00057],[13.93435,-11.01003],[13.96232,-11.01913],[13.98517,-11.01898],[14.03273,-11.01187],[14.0638,-11.00425],[14.06999,-10.98913],[14.06577,-10.9797],[14.04667,-10.98184],[14.01221,-10.97549],[13.96299,-10.97685],[13.942,-10.97075],[13.93339,-10.95973],[13.93079,-10.93968],[13.91005,-10.91814],[13.91416,-10.88051],[13.89704,-10.85275],[13.90141,-10.83626],[13.87384,-10.83974],[13.85907,-10.84746],[13.83626,-10.84645],[13.81585,-10.84148],[13.78667,-10.85007],[13.82953,-10.90808]]]}},{"type":"Feature","properties":{"ISOCSUID":"AO86","LANDFORM":"TE","LITHOLOGY":"MA2","SOILS":"LPe","WRB":"Eutric Leptosols","DOMSOILS":"LP","CODE_WRB":"LP-eu"},"geometry":{"type":"Polygon","coordinates":[[[16.34993,-10.86947],[16.35841,-10.9146],[16.43691,-11.04259],[16.46422,-11.0972],[16.56064,-11.20557],[16.57771,-11.23032],[16.61677,-11.25795],[16.66581,-11.25612],[16.705,-11.26908],[16.7049,-11.28393],[16.69466,-11.32554],[16.71338,-11.32844],[16.7185,-11.34636],[16.71338,-11.35575],[16.70832,-11.3868],[16.75935,-11.38672],[16.77966,-11.42119],[16.827,-11.44735],[16.84666,-11.46115],[16.95416,-11.36853],[16.98479,-11.34537],[17.08029,-11.29431],[17.09735,-11.27981],[17.09565,-11.25762],[17.08029,-11.24226],[17.03848,-11.26018],[17.00435,-11.28237],[16.94291,-11.30882],[16.91049,-11.35319],[16.85161,-11.39585],[16.82686,-11.39585],[16.77737,-11.31906],[16.77225,-11.26701],[16.72532,-11.23544],[16.65621,-11.20813],[16.60245,-11.17059],[16.55296,-11.12451],[16.53078,-11.0844],[16.50859,-11.05283],[16.47702,-10.99054],[16.43521,-10.92655],[16.38828,-10.88218],[16.34993,-10.86947]]]}},{"type":"Feature","properties":{"ISOCSUID":"AO232","LANDFORM":"LP","LITHOLOGY":"MA2","SOILS":"FRh","WRB":"Chromi-Acric Ferralsols","DOMSOILS":"FR","CODE_WRB":"FR-ac-cr"},"geometry":{"type":"Polygon","coordinates":[[[23.3646,-10.98006],[23.36195,-11.01986],[23.34827,-11.04403],[23.29239,-11.10469],[23.23563,-11.14764],[23.21859,-11.1827],[23.21499,-11.2153],[23.21793,-11.25412],[23.23811,-11.30816],[23.26342,-11.38956],[23.26914,-11.41806],[23.29906,-11.49312],[23.30777,-11.52444],[23.32422,-11.56309],[23.33109,-11.58986],[23.3159,-11.66831],[23.29812,-11.69537],[23.24257,-11.74802],[23.20924,-11.79525],[23.1827,-11.82698],[23.10271,-11.89759],[23.07564,-11.93445],[23.06042,-11.97804],[23.0773,-12.04582],[23.10048,-12.10154],[23.11914,-12.13046],[23.12746,-12.17492],[23.14036,-12.21133],[23.1461,-12.24654],[23.18782,-12.23763],[23.24101,-12.21235],[23.25485,-12.19801],[23.26451,-12.17619],[23.25476,-12.1546],[23.20828,-12.11516],[23.23726,-12.08797],[23.26229,-12.07169],[23.29646,-12.03872],[23.32911,-12.02176],[23.39483,-11.97812],[23.45263,-11.91857],[23.46813,-11.8961],[23.49644,-11.86661],[23.52695,-11.82852],[23.55996,-11.80011],[23.62788,-11.75238],[23.7168,-11.69808],[23.75533,-11.685],[23.80363,-11.65978],[23.8415,-11.64326],[23.88235,-11.62956],[23.91375,-11.61255],[23.92967,-11.58377],[23.92805,-11.55865],[23.92088,-11.53176],[23.907,-11.52981],[23.91115,-11.49947],[23.91834,-11.4748],[23.94652,-11.47555],[23.96729,-11.45583],[24.02121,-11.42078],[24.08111,-11.40134],[24.08212,-11.39773],[24.08144,-11.38439],[24.06031,-11.31374],[24.03705,-11.27553],[24.03474,-11.26287],[24.03743,-11.16926],[24.03513,-11.1497],[24.03165,-11.1382],[24.02676,-11.13382],[24.01093,-11.12896],[24.00651,-11.12597],[24.00558,-11.12137],[24.0077,-11.10987],[24.01867,-11.09562],[24.01915,-11.08251],[24.01151,-11.04961],[24.02559,-10.97902],[24.0256,-10.96936],[24.01514,-10.9606],[24.02028,-10.94773],[24.01563,-10.93898],[23.99099,-10.92054],[23.98658,-10.91341],[23.98659,-10.90375],[23.9957,-10.89157],[23.98708,-10.89225],[23.97962,-10.89683],[23.97309,-10.90533],[23.97027,-10.9212],[23.96046,-10.93843],[23.94461,-10.95497],[23.8896,-10.98822],[23.88466,-11.00222],[23.87231,-11.0174],[23.85203,-11.0277],[23.83037,-11.02996],[23.81547,-11.02785],[23.78083,-11.00616],[23.76338,-10.99737],[23.74547,-10.99227],[23.73732,-10.99294],[23.7175,-11.00485],[23.70794,-11.00782],[23.69305,-11.00479],[23.67208,-11.00818],[23.65067,-11.00306],[23.62906,-10.99058],[23.60041,-10.99418],[23.58528,-10.99321],[23.57621,-10.9895],[23.55833,-10.97243],[23.54045,-10.95949],[23.50557,-10.94627],[23.45904,-10.93852],[23.43553,-10.9382],[23.41758,-10.94504],[23.3646,-10.98006]]]}},{"type":"Feature","properties":{"ISOCSUID":"AO73","LANDFORM":"TH","LITHOLOGY":"IA1","SOILS":"LPq","WRB":"Lithic Leptosols","DOMSOILS":"LP","CODE_WRB":"LP-li"},"geometry":{"type":"Polygon","coordinates":[[[15.47592,-11.02493],[15.49531,-11.01948],[15.50595,-11.01049],[15.5076,-10.96537],[15.51351,-10.96088],[15.61477,-10.96625],[15.62533,-10.96468],[15.62896,-10.9533],[15.61855,-10.94002],[15.60459,-10.93126],[15.5526,-10.91856],[15.51568,-10.92206],[15.49817,-10.91611],[15.48426,-10.90277],[15.4687,-10.89797],[15.45959,-10.91043],[15.45538,-10.92066],[15.45874,-10.93442],[15.47719,-10.96153],[15.47885,-10.97012],[15.46212,-11.00131],[15.46205,-11.0076],[15.46664,-11.0168],[15.47592,-11.02493]]]}},{"type":"Feature","properties":{"ISOCSUID":"AO2","LANDFORM":"SP","LITHOLOGY":"SO2","SOILS":"CLp","WRB":"Petric Calcisols","DOMSOILS":"CL","CODE_WRB":"CL-pt"},"geometry":{"type":"Polygon","coordinates":[[[13.90946,-10.99015],[13.88651,-10.96169],[13.88268,-10.94448],[13.87306,-10.92373],[13.85158,-10.91246],[13.83585,-10.90758],[13.82953,-10.90808],[13.85112,-10.94599],[13.85949,-10.97532],[13.86506,-11.00848],[13.86076,-11.02738],[13.85523,-11.0357],[13.85294,-11.07598],[13.83584,-11.16699],[13.83696,-11.19482],[13.83423,-11.20612],[13.8346,-11.22567],[13.82448,-11.24737],[13.8234,-11.2598],[13.82818,-11.31155],[13.8303,-11.31499],[13.82402,-11.31779],[13.81166,-11.31856],[13.80103,-11.33335],[13.79605,-11.3564],[13.80249,-11.37845],[13.79808,-11.41621],[13.79393,-11.42521],[13.79663,-11.44476],[13.78837,-11.46667],[13.78801,-11.48209],[13.78273,-11.49639],[13.78141,-11.50814],[13.78798,-11.54929],[13.78385,-11.56082],[13.77085,-11.57241],[13.76995,-11.57679],[13.77259,-11.58758],[13.78609,-11.61719],[13.78274,-11.64045],[13.78307,-11.65541],[13.78939,-11.69219],[13.78594,-11.70164],[13.79546,-11.76372],[13.79342,-11.80745],[13.78217,-11.83298],[13.77691,-11.85634],[13.77963,-11.87911],[13.77712,-11.88856],[13.77787,-11.89638],[13.76797,-11.91922],[13.76213,-11.95585],[13.75471,-11.96648],[13.73913,-11.97923],[13.72687,-12.00048],[13.72218,-12.03663],[13.71247,-12.05418],[13.71089,-12.06293],[13.71065,-12.09976],[13.69493,-12.12885],[13.68303,-12.13513],[13.67326,-12.14416],[13.66691,-12.17641],[13.6542,-12.2041],[13.6544,-12.23701],[13.64931,-12.24601],[13.67784,-12.25864],[13.76202,-12.17091],[13.76616,-12.12319],[13.78324,-12.03776],[13.81742,-11.92754],[13.84219,-11.83015],[13.84646,-11.67722],[13.84219,-11.56701],[13.85073,-11.46107],[13.86782,-11.34147],[13.88491,-11.27397],[13.8932,-11.15333],[13.90061,-11.14082],[13.90135,-11.13112],[13.89167,-11.07722],[13.88879,-11.03831],[13.89204,-11.01837],[13.90351,-10.99687],[13.90946,-10.99015]]]}},{"type":"Feature","properties":{"ISOCSUID":"AO170","LANDFORM":"LL","LITHOLOGY":"SC2","SOILS":"ARg","WRB":"Areni-Gleyic Umbrisols","DOMSOILS":"AR","CODE_WRB":"AR-gl-ar"},"geometry":{"type":"Polygon","coordinates":[[[15.73921,-10.97531],[15.75683,-10.99154],[15.76017,-11.00929],[15.75479,-11.02122],[15.73996,-11.03931],[15.72524,-11.04769],[15.69649,-11.05132],[15.68824,-11.05635],[15.6874,-11.08148],[15.68952,-11.10379],[15.68653,-11.16832],[15.67792,-11.2082],[15.66772,-11.23149],[15.67039,-11.25724],[15.68478,-11.28428],[15.68276,-11.30996],[15.69544,-11.33184],[15.71814,-11.34871],[15.73989,-11.34385],[15.74949,-11.32111],[15.75258,-11.30516],[15.76259,-11.30129],[15.77781,-11.3032],[15.82273,-11.26606],[15.83025,-11.27701],[15.8117,-11.31563],[15.81323,-11.33907],[15.82475,-11.3615],[15.84328,-11.38573],[15.87562,-11.43927],[15.90785,-11.50594],[15.92408,-11.52728],[15.96203,-11.54774],[15.97534,-11.5679],[15.98042,-11.59024],[15.97671,-11.61133],[15.96836,-11.62608],[15.96406,-11.6466],[15.99975,-11.66017],[16.02973,-11.65539],[16.05038,-11.64307],[16.06046,-11.63119],[16.07299,-11.60849],[16.08344,-11.55376],[16.08492,-11.5195],[16.088,-11.50297],[16.09572,-11.49163],[16.11335,-11.48784],[16.12743,-11.48801],[16.14398,-11.47334],[16.14718,-11.44253],[16.1403,-11.42359],[16.13701,-11.39728],[16.1694,-11.38108],[16.14327,-11.3505],[16.13641,-11.32985],[16.1252,-11.26916],[16.11721,-11.24393],[16.10333,-11.22263],[16.08344,-11.21839],[16.03292,-11.23036],[16.01698,-11.24274],[15.96159,-11.27521],[15.93214,-11.28913],[15.91926,-11.28726],[15.91592,-11.26836],[15.92379,-11.24161],[15.9434,-11.21328],[15.95298,-11.19112],[15.94562,-11.16189],[15.92704,-11.14395],[15.91615,-11.11696],[15.91687,-11.10268],[15.92471,-11.07878],[15.92614,-11.05081],[15.9462,-10.97106],[15.94164,-10.95786],[15.91877,-10.96158],[15.90986,-10.97461],[15.89137,-11.01038],[15.84885,-11.10812],[15.83886,-11.112],[15.82489,-11.10211],[15.81982,-11.0809],[15.81711,-11.05801],[15.81907,-11.0369],[15.81486,-10.98771],[15.84093,-10.95604],[15.81887,-10.93577],[15.80548,-10.9276],[15.79433,-10.93031],[15.77942,-10.95755],[15.76822,-10.96483],[15.75476,-10.9663],[15.74528,-10.97539],[15.73921,-10.97531]]]}},{"type":"Feature","properties":{"ISOCSUID":"AO197","LANDFORM":"LP","LITHOLOGY":"UE","SOILS":"ARg","WRB":"Gleyic Arenosols","DOMSOILS":"AR","CODE_WRB":"AR-gl"},"geometry":{"type":"Polygon","coordinates":[[[21.39478,-11.19998],[21.43971,-11.2013],[21.48494,-11.19362],[21.52397,-11.19527],[21.53183,-11.18633],[21.53732,-11.14859],[21.53771,-11.12859],[21.5493,-11.11538],[21.56337,-11.11529],[21.61162,-11.13555],[21.62497,-11.1229],[21.63572,-11.02627],[21.63079,-11.00174],[21.60964,-10.99559],[21.58504,-10.99632],[21.51726,-11.01217],[21.49033,-11.01404],[21.47777,-10.98727],[21.47757,-10.96556],[21.46686,-10.94848],[21.4419,-10.97148],[21.39403,-10.98833],[21.37614,-11.01756],[21.37108,-11.04045],[21.35476,-11.04911],[21.32134,-11.04644],[21.29805,-11.06256],[21.28415,-11.08034],[21.25254,-11.08451],[21.23601,-11.06974],[21.23529,-11.05375],[21.15859,-11.05871],[21.13571,-11.05539],[21.11587,-11.06406],[21.10085,-11.08984],[21.08661,-11.13961],[21.06904,-11.14141],[21.05029,-11.14149],[21.04135,-11.12325],[21.00396,-11.13713],[20.97691,-11.12468],[20.9778,-11.08811],[20.96706,-11.06416],[20.92249,-11.05749],[20.89086,-11.05819],[20.89628,-11.0776],[20.89646,-11.10102],[20.86491,-11.11429],[20.83458,-11.13212],[20.82417,-11.15215],[20.80964,-11.16877],[20.77451,-11.17176],[20.76795,-11.15693],[20.72809,-11.15479],[20.68832,-11.16578],[20.61858,-11.16658],[20.57397,-11.15472],[20.5393,-11.14054],[20.42815,-11.07285],[20.38608,-11.09238],[20.31222,-11.08455],[20.26305,-11.09322],[20.23255,-11.08642],[20.21903,-11.07845],[20.16451,-11.07112],[20.14704,-11.09171],[20.18648,-11.12764],[20.24222,-11.14296],[20.32019,-11.14852],[20.3472,-11.15874],[20.40117,-11.16833],[20.42646,-11.18312],[20.44477,-11.2065],[20.47599,-11.23212],[20.49708,-11.22978],[20.53928,-11.22966],[20.58438,-11.22496],[20.60142,-11.23119],[20.61742,-11.25742],[20.63686,-11.27164],[20.6649,-11.25612],[20.67419,-11.24295],[20.69522,-11.23203],[20.67783,-11.26122],[20.66864,-11.28982],[20.68571,-11.29947],[20.71813,-11.32393],[20.75636,-11.34036],[20.81265,-11.34073],[20.82839,-11.32753],[20.84946,-11.32287],[20.86646,-11.32166],[20.88877,-11.32557],[20.91985,-11.32602],[20.94391,-11.32935],[20.9644,-11.32469],[20.97901,-11.31834],[20.97597,-11.30464],[20.95957,-11.307],[20.93903,-11.3048],[20.91553,-11.29862],[20.92129,-11.28431],[20.93229,-11.26655],[20.94623,-11.24936],[20.96325,-11.25214],[20.98784,-11.24803],[21.00644,-11.22796],[21.01912,-11.20048],[21.03191,-11.18785],[21.04659,-11.19121],[21.07144,-11.21966],[21.06347,-11.24941],[21.04783,-11.2729],[21.04038,-11.29408],[21.04939,-11.32089],[21.06814,-11.31851],[21.0955,-11.29554],[21.12915,-11.25196],[21.13722,-11.23592],[21.1952,-11.22992],[21.2333,-11.2303],[21.32113,-11.21955],[21.39478,-11.19998]]]}},{"type":"Feature","properties":{"ISOCSUID":"AO217","LANDFORM":"LP","LITHOLOGY":"UE","SOILS":"ARg","WRB":"Gleyic Arenosols","DOMSOILS":"AR","CODE_WRB":"AR-gl"},"geometry":{"type":"Polygon","coordinates":[[[23.16477,-11.09582],[23.16356,-11.1102],[23.14239,-11.14359],[23.11585,-11.17131],[23.09317,-11.18357],[23.06458,-11.19246],[22.9869,-11.17104],[22.9446,-11.1635],[22.90821,-11.15989],[22.72896,-11.16632],[22.69547,-11.16037],[22.66014,-11.14816],[22.62035,-11.15254],[22.59531,-11.16478],[22.59573,-11.19621],[22.61296,-11.25717],[22.61757,-11.2954],[22.61398,-11.33429],[22.58019,-11.39517],[22.55945,-11.42337],[22.52738,-11.43795],[22.46129,-11.45399],[22.43066,-11.44342],[22.39989,-11.42256],[22.37139,-11.39539],[22.35406,-11.36984],[22.3399,-11.36311],[22.32915,-11.39405],[22.31696,-11.40444],[22.28817,-11.40069],[22.21664,-11.35388],[22.17109,-11.32055],[22.13322,-11.29173],[22.0868,-11.25101],[22.08003,-11.25502],[22.05186,-11.25181],[22.01438,-11.25554],[22.00329,-11.26019],[21.98948,-11.28258],[21.9985,-11.30308],[22.03178,-11.34224],[22.02453,-11.37486],[22.00994,-11.38183],[21.99114,-11.37855],[21.97574,-11.36552],[21.9603,-11.34736],[21.92381,-11.33564],[21.90642,-11.35462],[21.90154,-11.39007],[21.91361,-11.42198],[21.93494,-11.44124],[21.96604,-11.44158],[21.99934,-11.4299],[22.02337,-11.428],[22.05203,-11.42092],[22.07965,-11.4247],[22.09335,-11.44288],[22.06949,-11.45963],[22.0146,-11.48234],[21.99725,-11.50476],[22.03938,-11.54556],[22.07743,-11.58811],[22.0993,-11.60165],[22.12401,-11.60716],[22.13764,-11.61848],[22.13949,-11.62589],[22.09746,-11.64565],[22.08994,-11.65485],[22.13786,-11.68703],[22.16622,-11.70222],[22.18308,-11.6878],[22.20082,-11.64938],[22.21366,-11.64356],[22.26063,-11.6443],[22.25405,-11.68206],[22.25617,-11.71175],[22.28155,-11.72296],[22.30258,-11.71363],[22.34176,-11.65388],[22.33992,-11.6002],[22.33603,-11.5711],[22.35097,-11.54525],[22.36772,-11.57024],[22.38718,-11.62491],[22.4167,-11.63836],[22.43495,-11.64219],[22.42586,-11.6657],[22.44903,-11.68777],[22.47856,-11.70063],[22.50387,-11.70554],[22.52044,-11.71624],[22.51322,-11.74772],[22.50304,-11.77752],[22.50677,-11.79349],[22.52171,-11.81277],[22.55425,-11.78618],[22.57151,-11.75917],[22.60446,-11.72001],[22.61885,-11.69873],[22.68419,-11.62439],[22.70147,-11.60023],[22.76631,-11.57786],[22.80158,-11.58207],[22.83472,-11.60115],[22.93657,-11.58236],[23.00945,-11.589],[23.02436,-11.6054],[23.01645,-11.62605],[22.9974,-11.64797],[22.96518,-11.65289],[22.88307,-11.65777],[22.88177,-11.69035],[22.89031,-11.71254],[22.95571,-11.72841],[22.98054,-11.73956],[22.97793,-11.76187],[22.95773,-11.78665],[22.92992,-11.81266],[22.89968,-11.83412],[22.87869,-11.8452],[22.86448,-11.83735],[22.86236,-11.81166],[22.83664,-11.8205],[22.78179,-11.88905],[22.759,-11.94012],[22.70964,-12.02573],[22.65342,-12.08455],[22.63043,-12.12362],[22.59791,-12.15421],[22.52911,-12.19884],[22.46172,-12.26401],[22.44036,-12.29562],[22.4254,-12.36772],[22.429,-12.41965],[22.42975,-12.47847],[22.44433,-12.51318],[22.45292,-12.54051],[22.47939,-12.58367],[22.52765,-12.67748],[22.56178,-12.72356],[22.58546,-12.76597],[22.61168,-12.83139],[22.63218,-12.86602],[22.63857,-12.9025],[22.64914,-12.94293],[22.65866,-13.00263],[22.79644,-13.00151],[22.80156,-12.98808],[22.81454,-12.93609],[22.81169,-12.92988],[22.80483,-12.86143],[22.79136,-12.8256],[22.79274,-12.79818],[22.78931,-12.76338],[22.79293,-12.72794],[22.80172,-12.68217],[22.79884,-12.56114],[22.81744,-12.54381],[22.91912,-12.53132],[23.01281,-12.4969],[23.00628,-12.49269],[23.01828,-12.46743],[23.03622,-12.44667],[23.08447,-12.40673],[23.10758,-12.37791],[23.12125,-12.34748],[23.12495,-12.32003],[23.14675,-12.24439],[23.14036,-12.21133],[23.12746,-12.17492],[23.11914,-12.13046],[23.10048,-12.10154],[23.0773,-12.04582],[23.06042,-11.97804],[23.07564,-11.93445],[23.10271,-11.89759],[23.1827,-11.82698],[23.20924,-11.79525],[23.24257,-11.74802],[23.29812,-11.69537],[23.3159,-11.66831],[23.33109,-11.58986],[23.32422,-11.56309],[23.30777,-11.52444],[23.29906,-11.49312],[23.26914,-11.41806],[23.26342,-11.38956],[23.23811,-11.30816],[23.21793,-11.25412],[23.21499,-11.2153],[23.21859,-11.1827],[23.23563,-11.14764],[23.29239,-11.10469],[23.34827,-11.04403],[23.36195,-11.01986],[23.3646,-10.98006],[23.33843,-11.00316],[23.334,-11.00384],[23.33166,-11.00705],[23.28895,-11.03103],[23.27235,-11.04614],[23.25204,-11.05916],[23.22537,-11.08711],[23.20317,-11.1022],[23.19664,-11.10447],[23.18267,-11.10234],[23.16477,-11.09582]]]}},{"type":"Feature","properties":{"ISOCSUID":"AO29","LANDFORM":"LL","LITHOLOGY":"SO2","SOILS":"CLl","WRB":"Luvic Calcisols","DOMSOILS":"CL","CODE_WRB":"CL-lv"},"geometry":{"type":"Polygon","coordinates":[[[14.0638,-11.00425],[14.03273,-11.01187],[13.98517,-11.01898],[13.96232,-11.01913],[13.93435,-11.01003],[13.91751,-11.00057],[13.90946,-10.99015],[13.90351,-10.99687],[13.89204,-11.01837],[13.88879,-11.03831],[13.88962,-11.05947],[13.90135,-11.13112],[13.90061,-11.14082],[13.8932,-11.15333],[13.88491,-11.27397],[13.86782,-11.34147],[13.85073,-11.46107],[13.84219,-11.56701],[13.84646,-11.67722],[13.84219,-11.83015],[13.81742,-11.92754],[13.78324,-12.03776],[13.76616,-12.12319],[13.76202,-12.17091],[13.81379,-12.11218],[13.84944,-12.01746],[13.85953,-11.97538],[13.86643,-11.91209],[13.87704,-11.87402],[13.87742,-11.8506],[13.88202,-11.82041],[13.89423,-11.7915],[13.9017,-11.76536],[13.90577,-11.73173],[13.89208,-11.7069],[13.88254,-11.67929],[13.87999,-11.65525],[13.88129,-11.57528],[13.88569,-11.55708],[13.89789,-11.52874],[13.90658,-11.4992],[13.94485,-11.41707],[13.95279,-11.32351],[13.97123,-11.27014],[13.98388,-11.24867],[14.00747,-11.23997],[14.02292,-11.22654],[14.02379,-11.20884],[13.99657,-11.18776],[13.99568,-11.17003],[14.04122,-11.14345],[14.05311,-11.13282],[14.05906,-11.08893],[14.06025,-11.01295],[14.0638,-11.00425]]]}},{"type":"Feature","properties":{"ISOCSUID":"AO216","LANDFORM":"LP","LITHOLOGY":"UE","SOILS":"ARg","WRB":"Gleyic Arenosols","DOMSOILS":"AR","CODE_WRB":"AR-gl"},"geometry":{"type":"Polygon","coordinates":[[[22.42555,-11.17889],[22.3459,-11.17827],[22.33566,-11.20728],[22.32201,-11.21666],[22.29969,-11.24397],[22.29008,-11.25103],[22.27821,-11.24956],[22.27194,-11.24606],[22.26083,-11.2318],[22.22559,-11.22069],[22.20061,-11.19005],[22.16117,-11.12582],[22.14059,-11.12027],[22.11127,-11.1188],[22.08595,-11.10814],[22.04892,-11.09758],[22.02326,-11.10864],[22.02654,-11.13946],[22.04912,-11.16671],[22.07513,-11.18593],[22.10357,-11.21198],[22.1074,-11.2388],[22.0868,-11.25101],[22.13322,-11.29173],[22.21664,-11.35388],[22.28817,-11.40069],[22.31696,-11.40444],[22.32915,-11.39405],[22.3399,-11.36311],[22.35406,-11.36984],[22.37139,-11.39539],[22.39989,-11.42256],[22.43066,-11.44342],[22.46129,-11.45399],[22.52738,-11.43795],[22.55945,-11.42337],[22.58019,-11.39517],[22.61398,-11.33429],[22.61757,-11.2954],[22.61296,-11.25717],[22.59573,-11.19621],[22.59531,-11.16478],[22.62035,-11.15254],[22.66014,-11.14816],[22.69547,-11.16037],[22.72896,-11.16632],[22.90821,-11.15989],[22.9446,-11.1635],[22.9869,-11.17104],[23.06458,-11.19246],[23.09317,-11.18357],[23.11585,-11.17131],[23.14239,-11.14359],[23.16356,-11.1102],[23.16477,-11.09582],[23.1522,-11.09323],[23.14194,-11.09548],[23.10223,-11.11899],[23.08404,-11.12396],[23.0731,-11.12276],[23.03193,-11.10944],[23.01428,-11.10015],[22.97607,-11.10065],[22.95862,-11.09825],[22.90374,-11.0814],[22.87937,-11.06654],[22.86728,-11.06187],[22.85913,-11.0616],[22.84134,-11.07737],[22.83317,-11.081],[22.81079,-11.08317],[22.80088,-11.10566],[22.79339,-11.11136],[22.74632,-11.11384],[22.72329,-11.11002],[22.69399,-11.10064],[22.69168,-11.09741],[22.65358,-11.08268],[22.60997,-11.05617],[22.58542,-11.036],[22.57265,-11.03062],[22.56217,-11.03055],[22.53368,-11.04117],[22.51188,-11.0423],[22.48948,-11.07593],[22.48985,-11.08181],[22.49788,-11.09797],[22.49731,-11.11292],[22.48716,-11.13217],[22.46728,-11.1433],[22.45177,-11.16206],[22.437,-11.17483],[22.42555,-11.17889]]]}},{"type":"Feature","properties":{"ISOCSUID":"AO73","LANDFORM":"TH","LITHOLOGY":"IA1","SOILS":"LPq","WRB":"Lithic Leptosols","DOMSOILS":"LP","CODE_WRB":"LP-li"},"geometry":{"type":"Polygon","coordinates":[[[15.24551,-11.14337],[15.22184,-11.11683],[15.20733,-11.08014],[15.19624,-11.07673],[15.18685,-11.11171],[15.17747,-11.1228],[15.16125,-11.11512],[15.13224,-11.08952],[15.11006,-11.0571],[15.09385,-11.04942],[15.08617,-11.06051],[15.08275,-11.07843],[15.08446,-11.09891],[15.08958,-11.11512],[15.12115,-11.1612],[15.15426,-11.2283],[15.19991,-11.28497],[15.20331,-11.29473],[15.21492,-11.30519],[15.23011,-11.30998],[15.24601,-11.30336],[15.2571,-11.30752],[15.25678,-11.28523],[15.24938,-11.2657],[15.24244,-11.25702],[15.2337,-11.2529],[15.22558,-11.24478],[15.20362,-11.21817],[15.17226,-11.19314],[15.1665,-11.18506],[15.16486,-11.17475],[15.16728,-11.16793],[15.17904,-11.16468],[15.21534,-11.16807],[15.23458,-11.17692],[15.26383,-11.18134],[15.27674,-11.18039],[15.29089,-11.17316],[15.30083,-11.17502],[15.30501,-11.16822],[15.30746,-11.15854],[15.28357,-11.14677],[15.26306,-11.14648],[15.24551,-11.14337]]]}},{"type":"Feature","properties":{"ISOCSUID":"AO73","LANDFORM":"TH","LITHOLOGY":"IA1","SOILS":"LPq","WRB":"Lithic Leptosols","DOMSOILS":"LP","CODE_WRB":"LP-li"},"geometry":{"type":"Polygon","coordinates":[[[15.41447,-11.34004],[15.42451,-11.33332],[15.42778,-11.30252],[15.42325,-11.28817],[15.4065,-11.26565],[15.39374,-11.2529],[15.37424,-11.21378],[15.37162,-11.18631],[15.38013,-11.15901],[15.37821,-11.1207],[15.37486,-11.1058],[15.36267,-11.09477],[15.34074,-11.06532],[15.33884,-11.07786],[15.34015,-11.11787],[15.33179,-11.13204],[15.32571,-11.15138],[15.33829,-11.17898],[15.33395,-11.20006],[15.3359,-11.23494],[15.36111,-11.2873],[15.38952,-11.31626],[15.39818,-11.32896],[15.41447,-11.34004]]]}},{"type":"Feature","properties":{"ISOCSUID":"AO198","LANDFORM":"LP","LITHOLOGY":"UE","SOILS":"ARg","WRB":"Gleyic Arenosols","DOMSOILS":"AR","CODE_WRB":"AR-gl"},"geometry":{"type":"Polygon","coordinates":[[[22.04253,-11.15876],[22.02683,-11.1646],[22.00622,-11.15562],[21.97917,-11.14783],[21.92909,-11.12307],[21.90956,-11.1055],[21.86468,-11.07383],[21.84059,-11.06658],[21.81777,-11.07017],[21.76478,-11.10025],[21.74741,-11.12094],[21.72103,-11.17654],[21.70484,-11.19778],[21.64748,-11.2633],[21.63178,-11.27654],[21.60497,-11.29214],[21.56878,-11.30836],[21.51903,-11.31838],[21.48386,-11.31859],[21.45933,-11.32902],[21.437,-11.32401],[21.41412,-11.33698],[21.36633,-11.33954],[21.31628,-11.33155],[21.24245,-11.33823],[21.15089,-11.39753],[21.11639,-11.41027],[21.08415,-11.41328],[21.06259,-11.42994],[21.03684,-11.43749],[21.00852,-11.49131],[20.94586,-11.50587],[20.8625,-11.49992],[20.83904,-11.50116],[20.81907,-11.49723],[20.80033,-11.50188],[20.80809,-11.52013],[20.83516,-11.53145],[20.84877,-11.54682],[20.81685,-11.5955],[20.79693,-11.59958],[20.7921,-11.58131],[20.78677,-11.57448],[20.77387,-11.57624],[20.75224,-11.57395],[20.75879,-11.60143],[20.77945,-11.61849],[20.89898,-11.6683],[20.94344,-11.72524],[20.9437,-11.7578],[20.94036,-11.78238],[20.91635,-11.79105],[20.89039,-11.77516],[20.87498,-11.75637],[20.84792,-11.74905],[20.8309,-11.75026],[20.80551,-11.7315],[20.79213,-11.74869],[20.7564,-11.76139],[20.753,-11.77911],[20.73678,-11.81116],[20.69434,-11.87357],[20.68683,-11.89187],[20.68707,-11.92671],[20.71478,-11.94033],[20.72544,-11.95286],[20.72269,-11.98029],[20.70828,-12.02032],[20.69058,-12.09578],[20.69669,-12.13002],[20.742,-12.21897],[20.76779,-12.28855],[20.76717,-12.34365],[20.79701,-12.34385],[20.91513,-12.40164],[20.94648,-12.42207],[20.96609,-12.44711],[21.027,-12.55592],[21.06504,-12.59972],[21.12974,-12.66051],[21.18866,-12.73103],[21.22009,-12.75428],[21.25696,-12.79349],[21.30627,-12.83776],[21.31257,-12.80036],[21.30489,-12.7466],[21.31599,-12.72356],[21.33561,-12.73124],[21.33135,-12.77391],[21.34329,-12.80804],[21.36206,-12.82766],[21.3851,-12.84302],[21.40046,-12.81572],[21.40473,-12.77391],[21.39278,-12.72783],[21.40046,-12.70479],[21.43118,-12.71247],[21.45422,-12.78159],[21.46531,-12.80036],[21.48494,-12.81998],[21.50798,-12.81998],[21.51907,-12.76964],[21.53102,-12.73551],[21.58477,-12.73124],[21.62317,-12.71247],[21.64621,-12.66639],[21.7341,-12.66639],[21.76823,-12.62458],[21.80321,-12.55546],[21.83734,-12.53584],[21.92182,-12.52475],[22.03275,-12.55888],[22.10613,-12.5785],[22.19743,-12.57424],[22.26313,-12.54352],[22.30494,-12.50512],[22.33566,-12.48208],[22.37406,-12.46672],[22.42975,-12.47847],[22.429,-12.41965],[22.4254,-12.36772],[22.44036,-12.29562],[22.46172,-12.26401],[22.52911,-12.19884],[22.59791,-12.15421],[22.63043,-12.12362],[22.65342,-12.08455],[22.70964,-12.02573],[22.759,-11.94012],[22.78179,-11.88905],[22.83664,-11.8205],[22.86236,-11.81166],[22.86448,-11.83735],[22.87869,-11.8452],[22.89968,-11.83412],[22.92992,-11.81266],[22.95773,-11.78665],[22.97793,-11.76187],[22.98054,-11.73956],[22.95571,-11.72841],[22.89031,-11.71254],[22.88177,-11.69035],[22.88307,-11.65777],[22.96518,-11.65289],[22.9974,-11.64797],[23.01645,-11.62605],[23.02436,-11.6054],[23.00945,-11.589],[22.97476,-11.58481],[22.93657,-11.58236],[22.83472,-11.60115],[22.80158,-11.58207],[22.76631,-11.57786],[22.70147,-11.60023],[22.68419,-11.62439],[22.61885,-11.69873],[22.60446,-11.72001],[22.57151,-11.75917],[22.55425,-11.78618],[22.52171,-11.81277],[22.50677,-11.79349],[22.50304,-11.77752],[22.51322,-11.74772],[22.52044,-11.71624],[22.50387,-11.70554],[22.47856,-11.70063],[22.44903,-11.68777],[22.42586,-11.6657],[22.43495,-11.64219],[22.4167,-11.63836],[22.38718,-11.62491],[22.36772,-11.57024],[22.35097,-11.54525],[22.33603,-11.5711],[22.33992,-11.6002],[22.34176,-11.65388],[22.30258,-11.71363],[22.28155,-11.72296],[22.25617,-11.71175],[22.25405,-11.68206],[22.26063,-11.6443],[22.21366,-11.64356],[22.20082,-11.64938],[22.18308,-11.6878],[22.16622,-11.70222],[22.13786,-11.68703],[22.08994,-11.65485],[22.09746,-11.64565],[22.13949,-11.62589],[22.13764,-11.61848],[22.12401,-11.60716],[22.0993,-11.60165],[22.07743,-11.58811],[22.03938,-11.54556],[21.99725,-11.50476],[22.0146,-11.48234],[22.06949,-11.45963],[22.09335,-11.44288],[22.07965,-11.4247],[22.05203,-11.42092],[22.02337,-11.428],[21.99934,-11.4299],[21.96604,-11.44158],[21.93494,-11.44124],[21.91361,-11.42198],[21.90154,-11.39007],[21.90642,-11.35462],[21.92381,-11.33564],[21.9603,-11.34736],[21.97574,-11.36552],[21.99114,-11.37855],[22.00994,-11.38183],[22.02453,-11.37486],[22.03178,-11.34224],[21.9985,-11.30308],[21.98948,-11.28258],[22.00329,-11.26019],[22.01438,-11.25554],[22.05186,-11.25181],[22.08003,-11.25502],[22.1074,-11.2388],[22.10357,-11.21198],[22.07513,-11.18593],[22.04912,-11.16671],[22.04253,-11.15876]]]}},{"type":"Feature","properties":{"ISOCSUID":"AO72","LANDFORM":"LV","LITHOLOGY":"UF","SOILS":"FLe","WRB":"Eutric Fluvisols","DOMSOILS":"FL","CODE_WRB":"FL-eu"},"geometry":{"type":"Polygon","coordinates":[[[15.21405,-11.58342],[15.16358,-11.58039],[15.1426,-11.56808],[15.08605,-11.48839],[15.0663,-11.47267],[15.02433,-11.45032],[14.98837,-11.4172],[14.97632,-11.39587],[14.96207,-11.36309],[14.94538,-11.33712],[14.9416,-11.31192],[14.93307,-11.29064],[14.92752,-11.26599],[14.91895,-11.24814],[14.90502,-11.23707],[14.89579,-11.2255],[14.89238,-11.21687],[14.90647,-11.21538],[14.95216,-11.21781],[14.989,-11.22466],[14.99828,-11.2328],[15.00272,-11.25287],[14.99821,-11.28594],[15.00207,-11.30599],[15.01227,-11.33415],[15.01448,-11.34561],[15.0125,-11.36329],[15.01752,-11.38394],[15.02794,-11.39495],[15.04132,-11.4043],[15.04811,-11.37698],[15.08273,-11.37521],[15.11434,-11.37969],[15.13301,-11.38797],[15.14288,-11.39668],[15.15091,-11.41166],[15.15959,-11.42207],[15.17041,-11.44966],[15.18145,-11.45839],[15.19196,-11.46254],[15.20777,-11.46563],[15.21952,-11.46409],[15.23252,-11.45571],[15.24515,-11.42904],[15.2401,-11.40897],[15.23431,-11.40203],[15.21895,-11.41209],[15.21356,-11.42172],[15.20363,-11.41758],[15.19562,-11.40089],[15.17941,-11.38237],[15.17554,-11.36232],[15.17759,-11.33778],[15.17363,-11.32572],[15.17155,-11.30341],[15.16171,-11.29241],[15.14959,-11.32537],[15.13088,-11.32109],[15.12311,-11.33297],[15.10539,-11.34413],[15.07371,-11.34537],[15.06033,-11.33659],[15.0569,-11.32911],[15.0654,-11.30525],[15.06088,-11.29147],[15.04814,-11.27813],[15.0467,-11.2524],[15.05496,-11.24795],[15.07483,-11.25282],[15.08609,-11.24271],[15.08678,-11.23415],[15.04948,-11.21644],[15.01749,-11.19653],[14.9994,-11.18939],[14.95373,-11.18583],[14.91867,-11.17786],[14.89233,-11.17516],[14.85442,-11.16028],[14.832,-11.17192],[14.83765,-11.18801],[14.85895,-11.21863],[14.88727,-11.29564],[14.89931,-11.31754],[14.91181,-11.34859],[14.92387,-11.36878],[14.93232,-11.39634],[14.95464,-11.44068],[14.95561,-11.49398],[14.965,-11.57334],[14.97012,-11.59893],[14.9778,-11.61088],[14.98718,-11.60405],[14.98804,-11.56566],[14.98471,-11.47599],[15.00388,-11.49114],[15.01659,-11.50676],[15.03574,-11.5242],[15.05725,-11.54052],[15.07926,-11.56485],[15.10776,-11.58584],[15.13054,-11.59533],[15.14911,-11.61274],[15.18067,-11.62464],[15.21066,-11.61993],[15.27762,-11.61577],[15.29845,-11.64177],[15.319,-11.6415],[15.32764,-11.6559],[15.34251,-11.69154],[15.37137,-11.73594],[15.39086,-11.72535],[15.3863,-11.71272],[15.37761,-11.70289],[15.37364,-11.68969],[15.35402,-11.65971],[15.34887,-11.64764],[15.34556,-11.62874],[15.34632,-11.61275],[15.35107,-11.60825],[15.39471,-11.59001],[15.42768,-11.58019],[15.46247,-11.56467],[15.49145,-11.5445],[15.50221,-11.52522],[15.51111,-11.51621],[15.48117,-11.51808],[15.44582,-11.5313],[15.42508,-11.5493],[15.39692,-11.5489],[15.38101,-11.55497],[15.3556,-11.57117],[15.33617,-11.57661],[15.30919,-11.57451],[15.28561,-11.58389],[15.25866,-11.58007],[15.21405,-11.58342]]]}},{"type":"Feature","properties":{"ISOCSUID":"AO70","LANDFORM":"TM","LITHOLOGY":"IA1","SOILS":"FRh","WRB":"Acric Ferralsols","DOMSOILS":"FR","CODE_WRB":"FR-ac"},"geometry":{"type":"Polygon","coordinates":[[[14.61705,-11.20442],[14.59382,-11.21666],[14.5759,-11.28663],[14.58102,-11.33612],[14.5742,-11.37793],[14.58038,-11.44093],[14.60435,-11.44647],[14.66291,-11.4543],[14.67087,-11.47272],[14.67102,-11.50528],[14.70159,-11.50064],[14.73474,-11.4789],[14.74511,-11.44936],[14.7614,-11.41534],[14.78052,-11.43279],[14.79806,-11.43707],[14.84041,-11.4286],[14.86532,-11.40728],[14.87316,-11.39027],[14.86303,-11.35754],[14.86291,-11.32097],[14.84262,-11.2578],[14.83716,-11.22628],[14.82324,-11.21464],[14.81141,-11.22302],[14.78796,-11.26835],[14.77148,-11.27266],[14.76416,-11.24969],[14.74564,-11.23225],[14.70067,-11.21951],[14.61705,-11.20442]]]}},{"type":"Feature","properties":{"ISOCSUID":"AO81","LANDFORM":"LL","LITHOLOGY":"MA2","SOILS":"FRx","WRB":"Xanthic Ferralsols","DOMSOILS":"FR","CODE_WRB":"FR-xa"},"geometry":{"type":"Polygon","coordinates":[[[16.51436,-11.21299],[16.46325,-11.2192],[16.43624,-11.2252],[16.40803,-11.23633],[16.36615,-11.26901],[16.35312,-11.28658],[16.33032,-11.32774],[16.33287,-11.32636],[16.37056,-11.38104],[16.38163,-11.3903],[16.43014,-11.41311],[16.44891,-11.4133],[16.46523,-11.42662],[16.49549,-11.4595],[16.5253,-11.47466],[16.54112,-11.47711],[16.56285,-11.47333],[16.577,-11.46434],[16.58825,-11.44903],[16.61916,-11.38992],[16.63098,-11.37633],[16.67519,-11.34363],[16.69466,-11.32554],[16.7049,-11.28393],[16.705,-11.26908],[16.66581,-11.25612],[16.59896,-11.25946],[16.57024,-11.25802],[16.54625,-11.25263],[16.52523,-11.24042],[16.51307,-11.21973],[16.51436,-11.21299]]]}},{"type":"Feature","properties":{"ISOCSUID":"AO133","LANDFORM":"LP","LITHOLOGY":"MA4","SOILS":"FRh","WRB":"Abrupti-Acric Ferralsols","DOMSOILS":"FR","CODE_WRB":"FR-ac-ap"},"geometry":{"type":"Polygon","coordinates":[[[18.00006,-11.27494],[17.9549,-11.34978],[17.92675,-11.37879],[17.93955,-11.41633],[17.92675,-11.44193],[17.88579,-11.45132],[17.88579,-11.49227],[17.91053,-11.51105],[17.95234,-11.52385],[17.9805,-11.52726],[18.01805,-11.52385],[18.02829,-11.54262],[18.04023,-11.54944],[18.07522,-11.552],[18.0974,-11.54944],[18.14177,-11.55883],[18.16993,-11.56822],[18.18273,-11.58443],[18.16993,-11.59381],[18.16993,-11.60576],[18.15457,-11.64075],[18.15457,-11.68512],[18.19553,-11.71669],[18.20833,-11.73631],[18.18273,-11.75508],[18.15116,-11.75508],[18.13239,-11.73887],[18.123,-11.71669],[18.09399,-11.72607],[18.09143,-11.75765],[18.10338,-11.77386],[18.07863,-11.77044],[18.06583,-11.78666],[18.08204,-11.79604],[18.09399,-11.80884],[18.09399,-11.84041],[18.04365,-11.8626],[17.93613,-11.8626],[17.90115,-11.8498],[17.84739,-11.84041],[17.81326,-11.82164],[17.78766,-11.79007],[17.77827,-11.78324],[17.71769,-11.71669],[17.71513,-11.61259],[17.68612,-11.55883],[17.67673,-11.55542],[17.67418,-11.5904],[17.65455,-11.62539],[17.62298,-11.66634],[17.60557,-11.72726],[17.60435,-11.74153],[17.62892,-11.76626],[17.63999,-11.79261],[17.64994,-11.80125],[17.64934,-11.80524],[17.66568,-11.83791],[17.66791,-11.8722],[17.71172,-11.88137],[17.7467,-11.90697],[17.76548,-11.95134],[17.77486,-11.9667],[17.79705,-11.97609],[17.82521,-11.98291],[17.84483,-11.99827],[17.85422,-12.01107],[17.88133,-12.03424],[17.90725,-11.99991],[17.92374,-11.9863],[17.99313,-11.96841],[18.02661,-11.97373],[18.06954,-11.95739],[18.08605,-11.92835],[18.13902,-11.87435],[18.15725,-11.8613],[18.18603,-11.86716],[18.26238,-11.87266],[18.28295,-11.87047],[18.29999,-11.86369],[18.31234,-11.84775],[18.32235,-11.82894],[18.34583,-11.84161],[18.3799,-11.84404],[18.41163,-11.82076],[18.43513,-11.81285],[18.44866,-11.79177],[18.43048,-11.76142],[18.44106,-11.73405],[18.4675,-11.71873],[18.49393,-11.69655],[18.53681,-11.64987],[18.50218,-11.6406],[18.46989,-11.64562],[18.43995,-11.65464],[18.38121,-11.69781],[18.36183,-11.70687],[18.34598,-11.70052],[18.19884,-11.56445],[18.13094,-11.46815],[18.08231,-11.43819],[18.04778,-11.40373],[18.04201,-11.35857],[18.04034,-11.314],[18.04244,-11.27976],[18.01872,-11.28132],[18.00006,-11.27494]]]}},{"type":"Feature","properties":{"ISOCSUID":"AO78","LANDFORM":"LL","LITHOLOGY":"MA2","SOILS":"FRh","WRB":"Acric Ferralsols","DOMSOILS":"FR","CODE_WRB":"FR-ac"},"geometry":{"type":"Polygon","coordinates":[[[16.99545,-11.42945],[17.02397,-11.38305],[17.04948,-11.31051],[16.98479,-11.34537],[16.95416,-11.36853],[16.84666,-11.46115],[16.85504,-11.46703],[16.91359,-11.48585],[16.93583,-11.49576],[16.96914,-11.51834],[16.97782,-11.53898],[16.97997,-11.57328],[16.9692,-11.60975],[16.96615,-11.62914],[16.95901,-11.64679],[16.92547,-11.66077],[16.88499,-11.65698],[16.84211,-11.66172],[16.78389,-11.67774],[16.7716,-11.68359],[16.77193,-11.80388],[16.76881,-11.83241],[16.77151,-11.87014],[16.78293,-11.92109],[16.7946,-11.93377],[16.81922,-11.94314],[16.84504,-11.94852],[16.8974,-11.93758],[16.90647,-11.89367],[16.91755,-11.80923],[16.93079,-11.75451],[16.94091,-11.73061],[17.00134,-11.63402],[17.01799,-11.59589],[17.02695,-11.56684],[17.02608,-11.51256],[16.99182,-11.45055],[16.99545,-11.42945]]]}},{"type":"Feature","properties":{"ISOCSUID":"AO83","LANDFORM":"LL","LITHOLOGY":"MA2","SOILS":"FRh","WRB":"Acric Ferralsols","DOMSOILS":"FR","CODE_WRB":"FR-ac"},"geometry":{"type":"Polygon","coordinates":[[[17.04948,-11.31051],[17.02397,-11.38305],[17.00434,-11.41467],[17.0267,-11.40173],[17.04299,-11.42529],[17.05111,-11.54876],[17.05788,-11.59852],[17.07328,-11.68206],[17.0917,-11.75077],[17.11094,-11.77778],[17.15129,-11.81125],[17.16164,-11.82612],[17.1665,-11.8228],[17.18027,-11.76978],[17.20288,-11.70999],[17.23541,-11.66112],[17.25487,-11.64299],[17.27776,-11.64374],[17.3,-11.65763],[17.32029,-11.71377],[17.32895,-11.74526],[17.34116,-11.77163],[17.34808,-11.80081],[17.36091,-11.8209],[17.39114,-11.89425],[17.41803,-11.92587],[17.43085,-11.94938],[17.44605,-11.96948],[17.45712,-11.99127],[17.44472,-12.00717],[17.4299,-12.0362],[17.41607,-12.11206],[17.39419,-12.13989],[17.3689,-12.14141],[17.33894,-12.13548],[17.30371,-12.12492],[17.28084,-12.11275],[17.26865,-12.08124],[17.26702,-12.05324],[17.27595,-12.0276],[17.29193,-12.00545],[17.312,-11.98504],[17.32503,-11.96172],[17.33043,-11.93892],[17.32284,-11.92629],[17.29051,-11.93061],[17.26877,-11.93044],[17.25475,-11.91319],[17.24914,-11.85831],[17.23805,-11.84451],[17.22102,-11.84266],[17.19751,-11.84533],[17.17498,-11.85487],[17.17629,-11.86058],[17.16619,-11.88221],[17.06002,-11.96243],[17.03816,-11.98452],[17.01329,-12.01743],[17.00615,-12.03394],[17.01008,-12.06596],[17.02924,-12.10896],[17.02902,-12.1478],[17.03594,-12.17299],[17.03343,-12.2021],[17.00653,-12.28012],[16.99288,-12.30113],[16.98156,-12.32616],[16.98951,-12.37649],[16.9983,-12.38285],[17.00104,-12.41885],[16.99262,-12.45076],[16.99598,-12.48049],[17.0094,-12.50231],[17.01687,-12.53493],[17.02441,-12.55555],[17.01781,-12.57662],[16.99361,-12.58726],[16.97423,-12.57852],[16.94008,-12.57765],[16.87994,-12.59024],[16.85982,-12.60605],[16.84259,-12.63101],[16.83837,-12.64639],[16.84691,-12.69501],[16.87681,-12.7187],[16.8955,-12.74513],[16.91778,-12.76418],[16.92057,-12.7899],[16.92933,-12.80311],[16.93447,-12.83113],[16.94888,-12.86947],[16.95961,-12.96724],[16.97619,-13.01624],[16.9924,-13.03245],[17.01971,-13.02477],[17.03848,-12.99747],[17.05469,-12.95907],[17.07407,-12.92558],[17.09736,-12.89821],[17.10571,-12.87943],[17.10479,-12.83032],[17.10907,-12.80238],[17.11917,-12.78591],[17.13571,-12.77805],[17.15081,-12.78217],[17.15343,-12.7702],[17.17012,-12.73208],[17.18792,-12.7071],[17.20101,-12.68037],[17.23664,-12.62184],[17.25094,-12.58655],[17.25995,-12.55007],[17.30214,-12.4872],[17.31836,-12.45136],[17.36443,-12.38908],[17.39686,-12.35068],[17.49499,-12.32081],[17.54177,-12.29402],[17.58253,-12.24747],[17.60917,-12.20024],[17.63768,-12.11876],[17.66257,-12.05952],[17.68278,-11.99282],[17.67227,-11.9739],[17.65348,-11.96807],[17.61177,-11.96608],[17.60536,-11.95061],[17.60882,-11.9051],[17.57743,-11.87673],[17.56461,-11.84751],[17.55712,-11.81033],[17.55603,-11.78633],[17.54852,-11.75543],[17.52515,-11.7227],[17.49474,-11.69335],[17.43582,-11.60267],[17.41423,-11.57452],[17.38633,-11.5109],[17.36474,-11.48445],[17.33195,-11.46992],[17.31095,-11.44576],[17.27439,-11.43096],[17.22736,-11.38569],[17.20278,-11.37464],[17.15887,-11.36057],[17.14016,-11.34956],[17.07109,-11.32555],[17.04948,-11.31051]]]}},{"type":"Feature","properties":{"ISOCSUID":"AO82","LANDFORM":"LL","LITHOLOGY":"MA2","SOILS":"PHl","WRB":"Chromi-Luvic Phaeozems","DOMSOILS":"PH","CODE_WRB":"PH-lv-cr"},"geometry":{"type":"Polygon","coordinates":[[[16.70832,-11.3868],[16.69532,-11.4021],[16.66745,-11.44696],[16.63298,-11.51289],[16.60475,-11.52289],[16.5537,-11.52237],[16.51562,-11.51513],[16.47868,-11.51188],[16.44992,-11.51329],[16.41949,-11.50269],[16.41173,-11.51974],[16.40976,-11.54772],[16.41304,-11.5786],[16.40992,-11.60371],[16.42559,-11.62673],[16.42892,-11.6519],[16.40296,-11.66876],[16.37306,-11.66444],[16.36177,-11.68145],[16.35507,-11.71223],[16.34491,-11.73611],[16.33302,-11.75369],[16.31643,-11.77236],[16.30906,-11.81284],[16.29424,-11.82982],[16.27004,-11.84497],[16.24177,-11.8538],[16.24928,-11.8693],[16.26615,-11.89006],[16.27424,-11.90671],[16.29758,-11.92697],[16.35029,-11.94868],[16.40145,-11.94295],[16.40954,-11.96074],[16.39774,-11.9669],[16.35603,-11.96531],[16.24368,-11.98006],[16.23882,-11.99829],[16.28162,-12.01133],[16.31398,-12.00712],[16.3368,-12.01994],[16.35483,-12.04355],[16.37891,-12.04667],[16.3909,-12.09249],[16.38713,-12.1233],[16.37694,-12.14889],[16.38081,-12.18092],[16.40263,-12.17316],[16.41988,-12.1465],[16.43175,-12.13291],[16.46195,-12.10296],[16.4891,-12.08954],[16.49804,-12.07249],[16.48174,-12.05062],[16.46356,-12.04471],[16.43845,-12.02331],[16.4503,-12.01145],[16.46916,-12.00307],[16.48855,-12.00385],[16.50043,-11.98683],[16.4817,-11.9775],[16.45086,-11.93662],[16.44106,-11.91138],[16.44243,-11.88512],[16.46473,-11.88878],[16.48169,-11.89924],[16.49449,-11.91537],[16.50374,-11.93603],[16.53639,-11.97121],[16.5558,-11.96913],[16.5641,-11.95836],[16.56541,-11.93895],[16.55927,-11.89376],[16.55505,-11.82745],[16.5576,-11.79834],[16.57246,-11.77336],[16.60085,-11.74508],[16.62969,-11.73509],[16.67303,-11.73497],[16.69942,-11.66836],[16.71605,-11.63939],[16.76338,-11.57976],[16.77174,-11.56259],[16.78599,-11.54766],[16.79918,-11.54272],[16.81234,-11.54477],[16.81329,-11.56076],[16.79694,-11.59366],[16.78648,-11.6073],[16.77102,-11.67077],[16.7716,-11.68359],[16.78389,-11.67774],[16.84211,-11.66172],[16.88499,-11.65698],[16.92547,-11.66077],[16.95901,-11.64679],[16.96615,-11.62914],[16.9692,-11.60975],[16.97997,-11.57328],[16.97782,-11.53898],[16.96914,-11.51834],[16.93583,-11.49576],[16.91359,-11.48585],[16.85504,-11.46703],[16.827,-11.44735],[16.77966,-11.42119],[16.75935,-11.38672],[16.70832,-11.3868]]]}},{"type":"Feature","properties":{"ISOCSUID":"AO237","LANDFORM":"SH","LITHOLOGY":"MB2","SOILS":"LPq","WRB":"Lithic Leptosols","DOMSOILS":"LP","CODE_WRB":"LP-li"},"geometry":{"type":"Polygon","coordinates":[[[24.08111,-11.40134],[24.02121,-11.42078],[23.96729,-11.45583],[23.94652,-11.47555],[23.91834,-11.4748],[23.91115,-11.49947],[23.907,-11.52981],[23.93288,-11.53344],[23.97897,-11.51851],[24.02919,-11.48324],[24.02677,-11.457],[24.03753,-11.43425],[24.0464,-11.42759],[24.0709,-11.41842],[24.07837,-11.41107],[24.08111,-11.40134]]]}},{"type":"Feature","properties":{"ISOCSUID":"AO80","LANDFORM":"LL","LITHOLOGY":"SC2","SOILS":"ARo","WRB":"Ferralic Arenosols","DOMSOILS":"AR","CODE_WRB":"AR-fl"},"geometry":{"type":"Polygon","coordinates":[[[17.05111,-11.54876],[17.04299,-11.42529],[17.0267,-11.40173],[17.00434,-11.41467],[16.99545,-11.42945],[16.99182,-11.45055],[17.02608,-11.51256],[17.02695,-11.56684],[17.01799,-11.59589],[17.00134,-11.63402],[16.94091,-11.73061],[16.93079,-11.75451],[16.91755,-11.80923],[16.90647,-11.89367],[16.8974,-11.93758],[16.84504,-11.94852],[16.81922,-11.94314],[16.7946,-11.93377],[16.78293,-11.92109],[16.77662,-11.89647],[16.77151,-11.87014],[16.76881,-11.83241],[16.77193,-11.80388],[16.77112,-11.74675],[16.77308,-11.71649],[16.77102,-11.67077],[16.78648,-11.6073],[16.79694,-11.59366],[16.81329,-11.56076],[16.81234,-11.54477],[16.79918,-11.54272],[16.78599,-11.54766],[16.77174,-11.56259],[16.76338,-11.57976],[16.71605,-11.63939],[16.69942,-11.66836],[16.67435,-11.72925],[16.67133,-11.74236],[16.6711,-11.77549],[16.67612,-11.81552],[16.69515,-11.86884],[16.70027,-11.89345],[16.70895,-11.9141],[16.72294,-11.93023],[16.72394,-11.95652],[16.73845,-11.98407],[16.73301,-12.00801],[16.73934,-12.02807],[16.7139,-12.05352],[16.70368,-12.08827],[16.68653,-12.10353],[16.6677,-12.10505],[16.66524,-12.12159],[16.67686,-12.1417],[16.70263,-12.15737],[16.71249,-12.17746],[16.70934,-12.20884],[16.69619,-12.24185],[16.58408,-12.37609],[16.57227,-12.38111],[16.55296,-12.3655],[16.53901,-12.34194],[16.5441,-12.28945],[16.55017,-12.26266],[16.55797,-12.24104],[16.55383,-12.23308],[16.51354,-12.28513],[16.50698,-12.29706],[16.49552,-12.33578],[16.49171,-12.37344],[16.49508,-12.3946],[16.4888,-12.44822],[16.48234,-12.45908],[16.49282,-12.46197],[16.50864,-12.47241],[16.56329,-12.48611],[16.59791,-12.50188],[16.61252,-12.5163],[16.62058,-12.54265],[16.61133,-12.60252],[16.59936,-12.63038],[16.60277,-12.64755],[16.63219,-12.65184],[16.65222,-12.65147],[16.64737,-12.67198],[16.62367,-12.69116],[16.60942,-12.70815],[16.59395,-12.72912],[16.58259,-12.75299],[16.59315,-12.84274],[16.59174,-12.87698],[16.57798,-12.98875],[16.58663,-13.01624],[16.60649,-13.0427],[16.62749,-13.0766],[16.64446,-13.0956],[16.67328,-13.10787],[16.69985,-13.10471],[16.7294,-13.097],[16.75905,-13.07159],[16.78157,-13.05639],[16.81241,-13.02814],[16.84499,-13.0056],[16.88103,-12.99509],[16.92643,-12.99435],[16.95833,-12.9855],[16.95961,-12.96724],[16.94888,-12.86947],[16.93447,-12.83113],[16.92933,-12.80311],[16.92057,-12.7899],[16.91778,-12.76418],[16.8955,-12.74513],[16.87681,-12.7187],[16.84691,-12.69501],[16.83837,-12.64639],[16.84259,-12.63101],[16.85982,-12.60605],[16.87994,-12.59024],[16.94008,-12.57765],[16.97423,-12.57852],[16.99361,-12.58726],[17.01781,-12.57662],[17.02441,-12.55555],[17.01687,-12.53493],[17.0094,-12.50231],[16.99598,-12.48049],[16.99262,-12.45076],[17.00104,-12.41885],[16.9983,-12.38285],[16.98951,-12.37649],[16.98156,-12.32616],[16.99288,-12.30113],[17.00653,-12.28012],[17.02563,-12.22888],[17.03343,-12.2021],[17.03594,-12.17299],[17.02902,-12.1478],[17.02924,-12.10896],[17.01008,-12.06596],[17.00615,-12.03394],[17.01329,-12.01743],[17.03816,-11.98452],[17.06002,-11.96243],[17.16619,-11.88221],[17.17629,-11.86058],[17.17169,-11.84055],[17.15129,-11.81125],[17.11094,-11.77778],[17.0917,-11.75077],[17.07328,-11.68206],[17.05788,-11.59852],[17.05111,-11.54876]]]}},{"type":"Feature","properties":{"ISOCSUID":"AO84","LANDFORM":"LP","LITHOLOGY":"MA2","SOILS":"ACh","WRB":"Chromic Acrisols","DOMSOILS":"AC","CODE_WRB":"AC-cr"},"geometry":{"type":"Polygon","coordinates":[[[17.37908,-11.50201],[17.38633,-11.5109],[17.41423,-11.57452],[17.43582,-11.60267],[17.49474,-11.69335],[17.52515,-11.7227],[17.54852,-11.75543],[17.55603,-11.78633],[17.55712,-11.81033],[17.56461,-11.84751],[17.57743,-11.87673],[17.61374,-11.90954],[17.6425,-11.91716],[17.65723,-11.90297],[17.66791,-11.8722],[17.66568,-11.83791],[17.64934,-11.80524],[17.64994,-11.80125],[17.63999,-11.79261],[17.62892,-11.76626],[17.60435,-11.74153],[17.60557,-11.72726],[17.61359,-11.6945],[17.62298,-11.66634],[17.65455,-11.62539],[17.67418,-11.5904],[17.67673,-11.55542],[17.67076,-11.52726],[17.62639,-11.50849],[17.61018,-11.49569],[17.59482,-11.46668],[17.56922,-11.45132],[17.45744,-11.42742],[17.42075,-11.48886],[17.37908,-11.50201]]]}},{"type":"Feature","properties":{"ISOCSUID":"AO215","LANDFORM":"LP","LITHOLOGY":"IB3","SOILS":"FRr","WRB":"Rhodi-Acric Ferralsols","DOMSOILS":"FR","CODE_WRB":"FR-ac-ro"},"geometry":{"type":"Polygon","coordinates":[[[20.75879,-11.60143],[20.74786,-11.54891],[20.72539,-11.52443],[20.69649,-11.50282],[20.62152,-11.43451],[20.56872,-11.43296],[20.49489,-11.44402],[20.48206,-11.4572],[20.49976,-11.47372],[20.52156,-11.48794],[20.52049,-11.50451],[20.51055,-11.51025],[20.4947,-11.50858],[20.43729,-11.52301],[20.44389,-11.54756],[20.5338,-11.56902],[20.55111,-11.61467],[20.55207,-11.67351],[20.56628,-11.69175],[20.62608,-11.679],[20.67536,-11.67484],[20.69476,-11.67877],[20.71666,-11.70383],[20.72085,-11.71581],[20.70571,-11.73415],[20.66292,-11.74457],[20.62652,-11.74583],[20.59372,-11.75736],[20.58158,-11.78767],[20.59056,-11.81335],[20.59851,-11.86131],[20.60747,-11.88356],[20.61119,-11.91496],[20.56758,-11.89339],[20.53687,-11.86835],[20.47565,-11.84681],[20.42107,-11.85438],[20.37539,-11.87848],[20.36902,-11.89392],[20.39089,-11.91671],[20.40617,-11.9399],[20.47697,-11.96676],[20.50232,-11.97926],[20.53598,-12.00544],[20.57028,-12.03904],[20.60231,-12.08349],[20.67428,-12.20664],[20.71846,-12.30129],[20.72426,-12.3405],[20.74114,-12.3469],[20.76717,-12.34365],[20.76779,-12.28855],[20.742,-12.21897],[20.69669,-12.13002],[20.69058,-12.09578],[20.70828,-12.02032],[20.72269,-11.98029],[20.72544,-11.95286],[20.71478,-11.94033],[20.68707,-11.92671],[20.68683,-11.89187],[20.69434,-11.87357],[20.73678,-11.81116],[20.753,-11.77911],[20.7564,-11.76139],[20.79213,-11.74869],[20.80551,-11.7315],[20.8309,-11.75026],[20.84792,-11.74905],[20.87498,-11.75637],[20.89039,-11.77516],[20.91635,-11.79105],[20.94036,-11.78238],[20.9437,-11.7578],[20.94344,-11.72524],[20.89898,-11.6683],[20.77945,-11.61849],[20.75879,-11.60143]]]}},{"type":"Feature","properties":{"ISOCSUID":"AO76","LANDFORM":"LV","LITHOLOGY":"IA1","SOILS":"FRx","WRB":"Xanthi-Acric Ferralsols","DOMSOILS":"FR","CODE_WRB":"FR-ac-xa"},"geometry":{"type":"Polygon","coordinates":[[[15.21405,-11.58342],[15.25866,-11.58007],[15.28561,-11.58389],[15.30919,-11.57451],[15.33617,-11.57661],[15.3556,-11.57117],[15.38101,-11.55497],[15.39692,-11.5489],[15.42508,-11.5493],[15.44582,-11.5313],[15.48117,-11.51808],[15.51111,-11.51621],[15.50221,-11.52522],[15.49145,-11.5445],[15.46247,-11.56467],[15.42768,-11.58019],[15.39471,-11.59001],[15.35107,-11.60825],[15.34632,-11.61275],[15.34556,-11.62874],[15.34887,-11.64764],[15.35402,-11.65971],[15.37364,-11.68969],[15.37761,-11.70289],[15.3863,-11.71272],[15.39086,-11.72535],[15.37137,-11.73594],[15.35511,-11.7717],[15.35722,-11.79344],[15.35516,-11.81969],[15.34776,-11.851],[15.34312,-11.89778],[15.35338,-11.92592],[15.36508,-11.98378],[15.37415,-12.01304],[15.39383,-12.04074],[15.41652,-12.06162],[15.48719,-12.1043],[15.55603,-12.1555],[15.55403,-12.20046],[15.55957,-12.21038],[15.58652,-12.21988],[15.61827,-12.22088],[15.63933,-12.23144],[15.64374,-12.2612],[15.65175,-12.28301],[15.66677,-12.30948],[15.67767,-12.33761],[15.68068,-12.38848],[15.69043,-12.41374],[15.69939,-12.45897],[15.69971,-12.48639],[15.6936,-12.50802],[15.64958,-12.55256],[15.63573,-12.58264],[15.63546,-12.60891],[15.64345,-12.63357],[15.66591,-12.62587],[15.74155,-12.54119],[15.76313,-12.50149],[15.78089,-12.49201],[15.82434,-12.50341],[15.82622,-12.49144],[15.83696,-12.47672],[15.85635,-12.48096],[15.8733,-12.49374],[15.89321,-12.50426],[15.91031,-12.50162],[15.91401,-12.48396],[15.89246,-12.45857],[15.82251,-12.44856],[15.77592,-12.39828],[15.76319,-12.37641],[15.74808,-12.35737],[15.74594,-12.33507],[15.76491,-12.32103],[15.78792,-12.31447],[15.82485,-12.32807],[15.84063,-12.33912],[15.86236,-12.34339],[15.87603,-12.32929],[15.87736,-12.31274],[15.85816,-12.29022],[15.80978,-12.24449],[15.76044,-12.23701],[15.73523,-12.22869],[15.66967,-12.19757],[15.66935,-12.17186],[15.6929,-12.16931],[15.71224,-12.17584],[15.73152,-12.18809],[15.7931,-12.20487],[15.81439,-12.19314],[15.82399,-12.17385],[15.8376,-12.16488],[15.85938,-12.16172],[15.86889,-12.15099],[15.89776,-12.14563],[15.89681,-12.12163],[15.90751,-12.10806],[15.93163,-12.10664],[15.96463,-12.09904],[15.98059,-12.08953],[15.97487,-12.07118],[15.94805,-12.04743],[15.93163,-12.04323],[15.9116,-12.0487],[15.83252,-12.08084],[15.8113,-12.08743],[15.7581,-12.11703],[15.72116,-12.10684],[15.69647,-12.10595],[15.69145,-12.07961],[15.69514,-12.06309],[15.67272,-12.07137],[15.65908,-12.08319],[15.6449,-12.08985],[15.60007,-12.10468],[15.56886,-12.10883],[15.54775,-12.10398],[15.52379,-12.09052],[15.49463,-12.06898],[15.46829,-12.05834],[15.4538,-12.03929],[15.44228,-12.01742],[15.41672,-11.93709],[15.42602,-11.89266],[15.42351,-11.85378],[15.44584,-11.85295],[15.46512,-11.86235],[15.4881,-11.85639],[15.4971,-11.8388],[15.49493,-11.82163],[15.50437,-11.81776],[15.51606,-11.82306],[15.53254,-11.81986],[15.54555,-11.81147],[15.55904,-11.81279],[15.55887,-11.82936],[15.53391,-11.85644],[15.54442,-11.86344],[15.59796,-11.85445],[15.62476,-11.87651],[15.63097,-11.84346],[15.62123,-11.81934],[15.63535,-11.81781],[15.65882,-11.81983],[15.67931,-11.82696],[15.6958,-11.8226],[15.71931,-11.82062],[15.74644,-11.80955],[15.74898,-11.78959],[15.7344,-11.77969],[15.74504,-11.7724],[15.76143,-11.77832],[15.77155,-11.7636],[15.76403,-11.75208],[15.73005,-11.74421],[15.7171,-11.74747],[15.69873,-11.76437],[15.6633,-11.7839],[15.5982,-11.77561],[15.57998,-11.77651],[15.57011,-11.76552],[15.60394,-11.73113],[15.59002,-11.71495],[15.58026,-11.69311],[15.59266,-11.68642],[15.60983,-11.67236],[15.61233,-11.65812],[15.59767,-11.65621],[15.58234,-11.66343],[15.57163,-11.67642],[15.51506,-11.69622],[15.46192,-11.72406],[15.45358,-11.73537],[15.43247,-11.73279],[15.44353,-11.68724],[15.44427,-11.67354],[15.4309,-11.66136],[15.39119,-11.64252],[15.3879,-11.62191],[15.42216,-11.60239],[15.54633,-11.57096],[15.56402,-11.56263],[15.58275,-11.56745],[15.59844,-11.58252],[15.60236,-11.60085],[15.62045,-11.61023],[15.64391,-11.61169],[15.66626,-11.60798],[15.67871,-11.59558],[15.68418,-11.57679],[15.69492,-11.55865],[15.70834,-11.56683],[15.72776,-11.56136],[15.7349,-11.55174],[15.75166,-11.51825],[15.75187,-11.49654],[15.74388,-11.47416],[15.71658,-11.44695],[15.69371,-11.44609],[15.65072,-11.46209],[15.62661,-11.46805],[15.599,-11.47169],[15.52314,-11.48895],[15.48906,-11.49305],[15.35912,-11.51809],[15.30741,-11.52535],[15.27678,-11.5352],[15.24493,-11.54902],[15.22601,-11.56131],[15.21405,-11.58342]]]}},{"type":"Feature","properties":{"ISOCSUID":"AO81","LANDFORM":"LL","LITHOLOGY":"MA2","SOILS":"FRx","WRB":"Xanthic Ferralsols","DOMSOILS":"FR","CODE_WRB":"FR-xa"},"geometry":{"type":"Polygon","coordinates":[[[16.26998,-11.89794],[16.26615,-11.89006],[16.24928,-11.8693],[16.24177,-11.8538],[16.27004,-11.84497],[16.29424,-11.82982],[16.30906,-11.81284],[16.31643,-11.77236],[16.33302,-11.75369],[16.34491,-11.73611],[16.35507,-11.71223],[16.36177,-11.68145],[16.37306,-11.66444],[16.40296,-11.66876],[16.42892,-11.6519],[16.42559,-11.62673],[16.40992,-11.60371],[16.41304,-11.5786],[16.40976,-11.54772],[16.41349,-11.51587],[16.40316,-11.48995],[16.38799,-11.47893],[16.33219,-11.48746],[16.30513,-11.49631],[16.2834,-11.49949],[16.25575,-11.50775],[16.25197,-11.5397],[16.26288,-11.57011],[16.26155,-11.58837],[16.24564,-11.59676],[16.22259,-11.6165],[16.2071,-11.64432],[16.19747,-11.67277],[16.19247,-11.70813],[16.19287,-11.73099],[16.18769,-11.7892],[16.18108,-11.80626],[16.15096,-11.82591],[16.14552,-11.84413],[16.15482,-11.85566],[16.18769,-11.92916],[16.19879,-11.93671],[16.21353,-11.9306],[16.21366,-11.9146],[16.22894,-11.91477],[16.26998,-11.89794]]]}},{"type":"Feature","properties":{"ISOCSUID":"AO233","LANDFORM":"LL","LITHOLOGY":"MB2","SOILS":"FRx","WRB":"Xanthi-Acric Ferralsols","DOMSOILS":"FR","CODE_WRB":"FR-ac-xa"},"geometry":{"type":"Polygon","coordinates":[[[24.02919,-11.48324],[23.97897,-11.51851],[23.93288,-11.53344],[23.92088,-11.53176],[23.92805,-11.55865],[23.92967,-11.58377],[23.91375,-11.61255],[23.88235,-11.62956],[23.8415,-11.64326],[23.80363,-11.65978],[23.75533,-11.685],[23.7168,-11.69808],[23.62788,-11.75238],[23.55996,-11.80011],[23.52695,-11.82852],[23.49644,-11.86661],[23.46813,-11.8961],[23.45263,-11.91857],[23.39483,-11.97812],[23.32911,-12.02176],[23.29646,-12.03872],[23.26229,-12.07169],[23.23726,-12.08797],[23.20828,-12.11516],[23.25476,-12.1546],[23.26451,-12.17619],[23.25485,-12.19801],[23.24101,-12.21235],[23.25146,-12.20719],[23.26063,-12.22936],[23.23482,-12.27193],[23.19869,-12.29462],[23.17553,-12.31888],[23.17262,-12.35946],[23.15794,-12.39961],[23.12516,-12.45082],[23.10756,-12.49328],[23.09766,-12.53965],[23.07047,-12.5725],[23.02785,-12.59696],[23.00989,-12.61715],[22.98582,-12.66252],[22.97186,-12.71521],[22.96495,-12.76667],[22.96332,-12.8158],[22.9521,-12.85475],[22.92763,-12.87499],[22.89213,-12.86566],[22.87482,-12.851],[22.86757,-12.7974],[22.87366,-12.76993],[22.89355,-12.7189],[22.90848,-12.69133],[22.93329,-12.65567],[22.96114,-12.62624],[22.99892,-12.55216],[23.02569,-12.53074],[23.03066,-12.50841],[23.01281,-12.4969],[22.91912,-12.53132],[22.81744,-12.54381],[22.79884,-12.56114],[22.80172,-12.68217],[22.79293,-12.72794],[22.78931,-12.76338],[22.79274,-12.79818],[22.79136,-12.8256],[22.80483,-12.86143],[22.81169,-12.92988],[22.82081,-12.94977],[22.83754,-12.96501],[22.8671,-12.97041],[22.98379,-12.92578],[23.03215,-12.89075],[23.03395,-12.84929],[23.0502,-12.79258],[23.08292,-12.73511],[23.13821,-12.65112],[23.1766,-12.58101],[23.21136,-12.50522],[23.24352,-12.45345],[23.27128,-12.38401],[23.2895,-12.34496],[23.29961,-12.31457],[23.33628,-12.25244],[23.35585,-12.22536],[23.3866,-12.19871],[23.45815,-12.11386],[23.52125,-12.05367],[23.55105,-12.00702],[23.56686,-11.96797],[23.5903,-11.92882],[23.62382,-11.89526],[23.65923,-11.86966],[23.69534,-11.85147],[23.77176,-11.82017],[23.83104,-11.78395],[23.95357,-11.67313],[23.97229,-11.6592],[23.97117,-11.65566],[23.97655,-11.64877],[23.98589,-11.6458],[23.9908,-11.63683],[23.99575,-11.60694],[24.00349,-11.58395],[24.02664,-11.54718],[24.03647,-11.52396],[24.02919,-11.48324]]]}},{"type":"Feature","properties":{"ISOCSUID":"AO213","LANDFORM":"LP","LITHOLOGY":"UE","SOILS":"ARo","WRB":"Rubi-Ferralic Arenosols","DOMSOILS":"AR","CODE_WRB":"AR-fl-ru"},"geometry":{"type":"Polygon","coordinates":[[[20.11407,-11.89726],[20.14109,-11.89664],[20.16163,-11.89318],[20.18154,-11.88058],[20.19201,-11.86],[20.18127,-11.82689],[20.1641,-11.7995],[20.14344,-11.78011],[20.12392,-11.75101],[20.11144,-11.72132],[20.10079,-11.70306],[20.09124,-11.67165],[20.07542,-11.67682],[20.04152,-11.70828],[20.02984,-11.72257],[20.01287,-11.73402],[19.97948,-11.75119],[19.96465,-11.71979],[19.96222,-11.6998],[19.96213,-11.67866],[19.97251,-11.63695],[19.96594,-11.61239],[19.95764,-11.59298],[19.9382,-11.57529],[19.90894,-11.59473],[19.89085,-11.61988],[19.86922,-11.64218],[19.85054,-11.66618],[19.836,-11.70047],[19.83494,-11.7296],[19.84915,-11.75872],[19.87866,-11.79526],[19.91105,-11.81752],[19.96108,-11.84089],[19.997,-11.86085],[20.11407,-11.89726]]]}},{"type":"Feature","properties":{"ISOCSUID":"AO70","LANDFORM":"TM","LITHOLOGY":"IA1","SOILS":"FRh","WRB":"Acric Ferralsols","DOMSOILS":"FR","CODE_WRB":"FR-ac"},"geometry":{"type":"Polygon","coordinates":[[[14.73477,-11.78628],[14.69963,-11.82164],[14.66976,-11.86772],[14.66379,-11.90868],[14.65611,-11.9411],[14.62625,-11.95475],[14.61771,-11.98718],[14.60662,-12.01704],[14.59139,-12.04729],[14.5982,-12.06454],[14.59494,-12.0879],[14.58089,-12.12594],[14.56784,-12.17714],[14.57094,-12.20746],[14.56714,-12.22739],[14.57103,-12.24345],[14.5875,-12.286],[14.61594,-12.27162],[14.63363,-12.26848],[14.65181,-12.27278],[14.67574,-12.28688],[14.70446,-12.29478],[14.73862,-12.2919],[14.75054,-12.2801],[14.77477,-12.27192],[14.82714,-12.27104],[14.87121,-12.2746],[14.89118,-12.27719],[14.91515,-12.28842],[14.91146,-12.30093],[14.88887,-12.32],[14.85505,-12.34117],[14.86247,-12.35956],[14.87113,-12.37227],[14.93469,-12.37212],[14.94679,-12.39229],[14.96614,-12.44457],[14.94708,-12.46255],[14.86045,-12.47034],[14.81811,-12.46681],[14.77941,-12.45534],[14.74242,-12.44847],[14.7127,-12.42571],[14.64582,-12.36693],[14.62068,-12.35509],[14.59421,-12.35408],[14.51281,-12.36814],[14.46113,-12.4021],[14.45085,-12.42135],[14.45352,-12.44024],[14.47438,-12.46345],[14.52328,-12.50254],[14.55453,-12.54133],[14.55359,-12.56645],[14.54851,-12.59263],[14.5222,-12.62132],[14.4991,-12.63064],[14.45754,-12.65392],[14.46959,-12.67639],[14.49768,-12.68944],[14.51397,-12.70399],[14.5321,-12.71286],[14.58444,-12.72002],[14.59995,-12.70599],[14.60598,-12.69582],[14.60156,-12.67461],[14.60927,-12.67074],[14.63628,-12.67747],[14.66346,-12.67106],[14.70347,-12.67514],[14.69551,-12.69729],[14.66665,-12.69681],[14.66759,-12.71453],[14.6845,-12.72737],[14.70189,-12.74821],[14.71772,-12.75475],[14.72869,-12.79657],[14.74201,-12.78884],[14.86646,-12.73485],[14.88547,-12.72259],[14.89799,-12.71079],[14.905,-12.66978],[14.91348,-12.65164],[14.93519,-12.65769],[14.95586,-12.65401],[14.96786,-12.63649],[14.98481,-12.59963],[15.02918,-12.53577],[15.0632,-12.49802],[15.09471,-12.47279],[15.12487,-12.46068],[15.14313,-12.45981],[15.14834,-12.46649],[15.20477,-12.45478],[15.25085,-12.44112],[15.27815,-12.43771],[15.31701,-12.43949],[15.38706,-12.49131],[15.41642,-12.49857],[15.44069,-12.48635],[15.4557,-12.45971],[15.46302,-12.43582],[15.46386,-12.41242],[15.47805,-12.4069],[15.51144,-12.42106],[15.55143,-12.42389],[15.59621,-12.41878],[15.61991,-12.40425],[15.59328,-12.36163],[15.61332,-12.35789],[15.62771,-12.33181],[15.618,-12.3037],[15.58914,-12.30674],[15.55985,-12.29549],[15.5442,-12.27301],[15.54148,-12.25184],[15.5441,-12.22731],[15.539,-12.20896],[15.55403,-12.20046],[15.55603,-12.1555],[15.52074,-12.13011],[15.50742,-12.13713],[15.47674,-12.14699],[15.45916,-12.14104],[15.43446,-12.14127],[15.4191,-12.14848],[15.39462,-12.18127],[15.38859,-12.19547],[15.38601,-12.21542],[15.36415,-12.22425],[15.33524,-12.23241],[15.30876,-12.23375],[15.22977,-12.2486],[15.22089,-12.25304],[15.18498,-12.25538],[15.16422,-12.26992],[15.16173,-12.28131],[15.18572,-12.29309],[15.22498,-12.30622],[15.2555,-12.31238],[15.2596,-12.31623],[15.24956,-12.31686],[15.23642,-12.33438],[15.18692,-12.34051],[15.17212,-12.34829],[15.16068,-12.36983],[15.13798,-12.39862],[15.10533,-12.42212],[15.0694,-12.37589],[15.01311,-12.35961],[15.00228,-12.33089],[15.01026,-12.30417],[15.02767,-12.27644],[15.04978,-12.24822],[15.05424,-12.21973],[15.02706,-12.23017],[15.02377,-12.21127],[15.02359,-12.17813],[15.01494,-12.14474],[15.00862,-12.15163],[14.98448,-12.15411],[14.97541,-12.12713],[14.95318,-12.11822],[14.93289,-12.14189],[14.90206,-12.16198],[14.88079,-12.16964],[14.85381,-12.16465],[14.85021,-12.1246],[14.85043,-12.01607],[14.81864,-11.92988],[14.82776,-11.9066],[14.85594,-11.90819],[14.87487,-11.8982],[14.84901,-11.8081],[14.83077,-11.76497],[14.82349,-11.73743],[14.825,-11.71174],[14.81938,-11.6928],[14.80847,-11.67377],[14.8245,-11.65974],[14.83534,-11.63877],[14.83507,-11.6142],[14.78079,-11.59105],[14.76205,-11.5879],[14.74494,-11.59448],[14.72393,-11.58614],[14.7009,-11.59662],[14.69413,-11.61993],[14.71056,-11.66362],[14.71765,-11.7043],[14.7326,-11.72854],[14.74717,-11.7362],[14.76221,-11.75358],[14.77139,-11.7703],[14.7735,-11.78862],[14.75874,-11.79409],[14.73477,-11.78628]]]}},{"type":"Feature","properties":{"ISOCSUID":"AO85","LANDFORM":"LL","LITHOLOGY":"MA2","SOILS":"CMo","WRB":"Chromi-Ferralic Cambisols","DOMSOILS":"CM","CODE_WRB":"CM-fl-cr"},"geometry":{"type":"Polygon","coordinates":[[[17.16164,-11.82612],[17.17169,-11.84055],[17.17498,-11.85487],[17.19751,-11.84533],[17.22102,-11.84266],[17.23805,-11.84451],[17.24914,-11.85831],[17.25475,-11.91319],[17.26877,-11.93044],[17.29051,-11.93061],[17.32284,-11.92629],[17.33043,-11.93892],[17.32503,-11.96172],[17.312,-11.98504],[17.29193,-12.00545],[17.27595,-12.0276],[17.26702,-12.05324],[17.26865,-12.08124],[17.28084,-12.11275],[17.30371,-12.12492],[17.33894,-12.13548],[17.3689,-12.14141],[17.39419,-12.13989],[17.41607,-12.11206],[17.4299,-12.0362],[17.44472,-12.00717],[17.45712,-11.99127],[17.44605,-11.96948],[17.43085,-11.94938],[17.41803,-11.92587],[17.39114,-11.89425],[17.36091,-11.8209],[17.34808,-11.80081],[17.34116,-11.77163],[17.32895,-11.74526],[17.32029,-11.71377],[17.3,-11.65763],[17.27776,-11.64374],[17.25487,-11.64299],[17.23541,-11.66112],[17.20288,-11.70999],[17.18027,-11.76978],[17.1665,-11.8228],[17.16164,-11.82612]]]}},{"type":"Feature","properties":{"ISOCSUID":"AO235","LANDFORM":"SH","LITHOLOGY":"IB3","SOILS":"FRr","WRB":"Rhodi-Acric Ferralsols","DOMSOILS":"FR","CODE_WRB":"FR-ac-ro"},"geometry":{"type":"Polygon","coordinates":[[[23.97229,-11.6592],[23.95357,-11.67313],[23.83104,-11.78395],[23.77176,-11.82017],[23.69534,-11.85147],[23.65923,-11.86966],[23.62382,-11.89526],[23.5903,-11.92882],[23.56686,-11.96797],[23.55105,-12.00702],[23.52125,-12.05367],[23.45815,-12.11386],[23.3866,-12.19871],[23.35585,-12.22536],[23.33628,-12.25244],[23.29961,-12.31457],[23.2895,-12.34496],[23.27128,-12.38401],[23.24352,-12.45345],[23.21136,-12.50522],[23.1766,-12.58101],[23.13821,-12.65112],[23.08292,-12.73511],[23.0502,-12.79258],[23.03395,-12.84929],[23.03215,-12.89075],[23.05789,-12.87358],[23.08323,-12.83389],[23.11996,-12.80722],[23.14043,-12.79728],[23.23654,-12.76191],[23.28078,-12.72713],[23.32021,-12.68725],[23.37904,-12.60888],[23.4352,-12.51225],[23.4927,-12.39217],[23.52428,-12.34436],[23.55367,-12.30686],[23.58936,-12.29498],[23.63275,-12.25158],[23.66075,-12.20267],[23.70466,-12.15639],[23.75734,-12.10828],[23.81778,-12.06747],[23.8124,-12.06241],[23.8732,-11.94332],[23.90078,-11.90809],[23.98084,-11.85098],[24.02061,-11.83326],[24.02461,-11.82252],[24.02323,-11.81309],[24.01624,-11.79812],[24.00882,-11.76614],[24.00043,-11.75624],[23.9981,-11.74795],[23.99536,-11.71091],[23.98279,-11.6895],[23.97979,-11.66787],[23.97229,-11.6592]]]}},{"type":"Feature","properties":{"ISOCSUID":"AO73","LANDFORM":"TH","LITHOLOGY":"IA1","SOILS":"LPq","WRB":"Lithic Leptosols","DOMSOILS":"LP","CODE_WRB":"LP-li"},"geometry":{"type":"Polygon","coordinates":[[[15.14902,-11.81784],[15.15326,-11.80705],[15.14834,-11.7767],[15.16476,-11.77865],[15.17645,-11.78283],[15.19393,-11.79508],[15.24538,-11.81469],[15.2595,-11.8126],[15.26491,-11.8024],[15.26031,-11.79319],[15.24866,-11.78503],[15.23229,-11.7785],[15.21249,-11.76507],[15.1914,-11.76019],[15.16864,-11.74843],[15.1612,-11.73176],[15.13371,-11.72278],[15.10193,-11.72859],[15.09479,-11.73648],[15.09288,-11.74902],[15.08683,-11.76378],[15.03857,-11.77219],[15.03543,-11.78871],[15.04044,-11.81164],[15.05036,-11.81636],[15.09038,-11.81011],[15.14902,-11.81784]]]}},{"type":"Feature","properties":{"ISOCSUID":"AO230","LANDFORM":"LP","LITHOLOGY":"SC2","SOILS":"ARl","WRB":"Dystri-Hypoluvic Arenosols","DOMSOILS":"AR","CODE_WRB":"AR-lvw-dy"},"geometry":{"type":"Polygon","coordinates":[[[23.91465,-11.89845],[23.92517,-11.92432],[23.93108,-11.95966],[23.93254,-12.04132],[23.90712,-12.09937],[23.87002,-12.16272],[23.85938,-12.19314],[23.86782,-12.23815],[23.88808,-12.25272],[23.90664,-12.27131],[23.91598,-12.29974],[23.92997,-12.35838],[23.93209,-12.37834],[23.93207,-12.44288],[23.92839,-12.46806],[23.90972,-12.47746],[23.8921,-12.47942],[23.86838,-12.40321],[23.84079,-12.34019],[23.81097,-12.31775],[23.78027,-12.31189],[23.74915,-12.31516],[23.7228,-12.32294],[23.72146,-12.34751],[23.73258,-12.37821],[23.74819,-12.39628],[23.77175,-12.3971],[23.78904,-12.41001],[23.80361,-12.43551],[23.80232,-12.46294],[23.81171,-12.4948],[23.84526,-12.49434],[23.84857,-12.51485],[23.8291,-12.54653],[23.80138,-12.57775],[23.77908,-12.61631],[23.75491,-12.64862],[23.73975,-12.69222],[23.72275,-12.73128],[23.69201,-12.75967],[23.65978,-12.77037],[23.63264,-12.76844],[23.6278,-12.76108],[23.60157,-12.74314],[23.57464,-12.71836],[23.54818,-12.72156],[23.52493,-12.70529],[23.49554,-12.67368],[23.47053,-12.65686],[23.44595,-12.6309],[23.46429,-12.59926],[23.52203,-12.56542],[23.55074,-12.55649],[23.58503,-12.52921],[23.61595,-12.51224],[23.64207,-12.48963],[23.63515,-12.46345],[23.58554,-12.41897],[23.56085,-12.38502],[23.5784,-12.29863],[23.55367,-12.30686],[23.52428,-12.34436],[23.4927,-12.39217],[23.4352,-12.51225],[23.37904,-12.60888],[23.32021,-12.68725],[23.28078,-12.72713],[23.23654,-12.76191],[23.14043,-12.79728],[23.11996,-12.80722],[23.08323,-12.83389],[23.05789,-12.87358],[22.98379,-12.92578],[22.8671,-12.97041],[22.83754,-12.96501],[22.82081,-12.94977],[22.81454,-12.93609],[22.79644,-13.00151],[23.64626,-12.99464],[23.65108,-12.95263],[23.66696,-12.91588],[23.69011,-12.89045],[23.72697,-12.87398],[23.81677,-12.85164],[23.85947,-12.83279],[23.87327,-12.81318],[23.88584,-12.75762],[23.91856,-12.70863],[23.93264,-12.70052],[23.9278,-12.67414],[23.9304,-12.66103],[23.95506,-12.62266],[23.96024,-12.60933],[23.96216,-12.57966],[23.95565,-12.55182],[23.95872,-12.53964],[23.96739,-12.53252],[23.9714,-12.51458],[23.99132,-12.5068],[23.99579,-12.48955],[24.01243,-12.48061],[24.01972,-12.45831],[24.02629,-12.44958],[24.05394,-12.42615],[24.06987,-12.41904],[24.07597,-12.40387],[24.07812,-12.36638],[24.07674,-12.35189],[24.07417,-12.34337],[24.05337,-12.32747],[24.0686,-12.31277],[24.07329,-12.30358],[24.0642,-12.27596],[24.06866,-12.26539],[24.05347,-12.2518],[24.0404,-12.23407],[24.02076,-12.22461],[24.01423,-12.21563],[24.00305,-12.18203],[23.98579,-12.15417],[23.98305,-12.11138],[23.989,-12.0456],[23.98612,-11.94553],[23.98992,-11.90229],[24.00262,-11.84733],[24.01403,-11.8362],[23.98084,-11.85098],[23.91465,-11.89845]]]}},{"type":"Feature","properties":{"ISOCSUID":"AO130","LANDFORM":"LP","LITHOLOGY":"MA2","SOILS":"FRh","WRB":"Abrupti-Acric Ferralsols","DOMSOILS":"FR","CODE_WRB":"FR-ac-ap"},"geometry":{"type":"Polygon","coordinates":[[[17.60882,-11.9051],[17.60536,-11.95061],[17.61177,-11.96608],[17.65348,-11.96807],[17.67227,-11.9739],[17.68278,-11.99282],[17.66257,-12.05952],[17.63768,-12.11876],[17.60917,-12.20024],[17.58253,-12.24747],[17.54177,-12.29402],[17.57605,-12.28839],[17.60933,-12.30204],[17.63919,-12.31825],[17.66906,-12.31825],[17.73706,-12.29989],[17.76544,-12.25152],[17.80974,-12.18954],[17.82633,-12.14394],[17.83702,-12.10631],[17.84824,-12.08924],[17.85595,-12.06415],[17.88133,-12.03424],[17.85422,-12.01107],[17.84483,-11.99827],[17.82521,-11.98291],[17.79705,-11.97609],[17.77486,-11.9667],[17.76548,-11.95134],[17.7467,-11.90697],[17.71172,-11.88137],[17.66791,-11.8722],[17.65723,-11.90297],[17.6425,-11.91716],[17.61374,-11.90954],[17.60882,-11.9051]]]}},{"type":"Feature","properties":{"ISOCSUID":"AO73","LANDFORM":"TH","LITHOLOGY":"IA1","SOILS":"LPq","WRB":"Lithic Leptosols","DOMSOILS":"LP","CODE_WRB":"LP-li"},"geometry":{"type":"Polygon","coordinates":[[[15.20012,-11.96827],[15.22306,-11.96632],[15.23255,-11.95846],[15.23566,-11.94365],[15.20813,-11.9364],[15.18829,-11.92468],[15.14797,-11.90637],[15.13497,-11.91247],[15.11861,-11.9048],[15.09415,-11.88672],[15.08538,-11.88373],[15.02284,-11.90506],[15.01333,-11.91349],[15.03023,-11.92517],[15.05951,-11.93361],[15.09945,-11.93479],[15.11069,-11.92867],[15.11891,-11.92879],[15.13293,-11.93529],[15.14511,-11.94918],[15.16202,-11.96028],[15.20012,-11.96827]]]}},{"type":"Feature","properties":{"ISOCSUID":"AO236","LANDFORM":"LP","LITHOLOGY":"SC1","SOILS":"FRr","WRB":"Rhodi-Acric Ferralsols","DOMSOILS":"FR","CODE_WRB":"FR-ac-ro"},"geometry":{"type":"Polygon","coordinates":[[[23.91465,-11.89845],[23.90078,-11.90809],[23.8732,-11.94332],[23.8124,-12.06241],[23.81778,-12.06747],[23.75734,-12.10828],[23.70466,-12.15639],[23.66075,-12.20267],[23.63275,-12.25158],[23.58936,-12.29498],[23.5784,-12.29863],[23.56085,-12.38502],[23.58554,-12.41897],[23.63515,-12.46345],[23.64207,-12.48963],[23.61595,-12.51224],[23.58503,-12.52921],[23.55074,-12.55649],[23.52203,-12.56542],[23.46429,-12.59926],[23.44595,-12.6309],[23.47053,-12.65686],[23.49554,-12.67368],[23.52493,-12.70529],[23.54818,-12.72156],[23.57464,-12.71836],[23.60157,-12.74314],[23.6278,-12.76108],[23.63264,-12.76844],[23.65978,-12.77037],[23.69201,-12.75967],[23.72275,-12.73128],[23.73975,-12.69222],[23.75491,-12.64862],[23.77908,-12.61631],[23.80138,-12.57775],[23.8291,-12.54653],[23.84857,-12.51485],[23.84526,-12.49434],[23.81171,-12.4948],[23.80232,-12.46294],[23.80361,-12.43551],[23.78904,-12.41001],[23.77175,-12.3971],[23.74819,-12.39628],[23.73258,-12.37821],[23.72146,-12.34751],[23.7228,-12.32294],[23.74915,-12.31516],[23.78027,-12.31189],[23.81097,-12.31775],[23.84079,-12.34019],[23.86838,-12.40321],[23.8921,-12.47942],[23.90972,-12.47746],[23.92839,-12.46806],[23.93207,-12.44288],[23.93209,-12.37834],[23.92997,-12.35838],[23.91598,-12.29974],[23.90664,-12.27131],[23.88808,-12.25272],[23.86782,-12.23815],[23.85938,-12.19314],[23.87002,-12.16272],[23.90712,-12.09937],[23.93254,-12.04132],[23.93108,-11.95966],[23.92517,-11.92432],[23.91465,-11.89845]]]}},{"type":"Feature","properties":{"ISOCSUID":"AO77","LANDFORM":"SH","LITHOLOGY":"IA1","SOILS":"FRh","WRB":"Acric Ferralsols","DOMSOILS":"FR","CODE_WRB":"FR-ac"},"geometry":{"type":"Polygon","coordinates":[[[15.52074,-12.13011],[15.48719,-12.1043],[15.41652,-12.06162],[15.39383,-12.04074],[15.37415,-12.01304],[15.36508,-11.98378],[15.35338,-11.92592],[15.34564,-11.90469],[15.3205,-11.92431],[15.23252,-12.01159],[15.20536,-12.02262],[15.16304,-12.02256],[15.1224,-12.02939],[15.08289,-12.04022],[15.05798,-12.0587],[15.04475,-12.08306],[15.02412,-12.13473],[15.01494,-12.14474],[15.02359,-12.17813],[15.02377,-12.21127],[15.02706,-12.23017],[15.05424,-12.21973],[15.04978,-12.24822],[15.02767,-12.27644],[15.01026,-12.30417],[15.00228,-12.33089],[15.01311,-12.35961],[15.0694,-12.37589],[15.10533,-12.42212],[15.13798,-12.39862],[15.16068,-12.36983],[15.17212,-12.34829],[15.18692,-12.34051],[15.23642,-12.33438],[15.24956,-12.31686],[15.2596,-12.31623],[15.2555,-12.31238],[15.22498,-12.30622],[15.18572,-12.29309],[15.16173,-12.28131],[15.16422,-12.26992],[15.18498,-12.25538],[15.22089,-12.25304],[15.22977,-12.2486],[15.30876,-12.23375],[15.33524,-12.23241],[15.36415,-12.22425],[15.38601,-12.21542],[15.38859,-12.19547],[15.39462,-12.18127],[15.4191,-12.14848],[15.43446,-12.14127],[15.45916,-12.14104],[15.47674,-12.14699],[15.50742,-12.13713],[15.52074,-12.13011]]]}},{"type":"Feature","properties":{"ISOCSUID":"AO64","LANDFORM":"SH","LITHOLOGY":"IA1","SOILS":"ACh","WRB":"Chromic Acrisols","DOMSOILS":"AC","CODE_WRB":"AC-cr"},"geometry":{"type":"Polygon","coordinates":[[[14.59139,-12.04729],[14.57088,-12.04237],[14.54574,-12.03281],[14.44835,-12.01973],[14.42086,-12.01012],[14.39752,-11.99887],[14.38017,-11.97914],[14.38175,-11.95117],[14.38856,-11.9273],[14.38165,-11.91804],[14.36472,-11.91032],[14.31235,-11.91569],[14.26085,-11.94106],[14.2448,-11.95334],[14.24453,-11.97104],[14.25853,-11.97815],[14.29501,-11.97537],[14.31082,-11.97907],[14.31767,-11.9929],[14.3045,-12.00924],[14.28675,-12.01692],[14.24199,-12.02299],[14.18391,-12.04472],[14.24712,-12.07335],[14.29835,-12.10739],[14.31914,-12.13289],[14.33169,-12.15882],[14.32137,-12.18091],[14.27045,-12.20401],[14.20367,-12.2251],[14.17577,-12.24174],[14.14107,-12.27995],[14.12564,-12.32708],[14.12543,-12.34038],[14.13456,-12.35923],[14.13954,-12.37989],[14.16276,-12.40087],[14.17285,-12.39534],[14.17477,-12.38509],[14.16738,-12.36782],[14.16993,-12.3553],[14.18584,-12.35387],[14.22147,-12.37108],[14.23912,-12.37139],[14.28662,-12.38251],[14.30586,-12.39485],[14.3092,-12.40804],[14.28885,-12.4311],[14.24782,-12.45894],[14.22533,-12.46653],[14.22016,-12.46614],[14.21941,-12.50755],[14.2118,-12.54397],[14.21363,-12.57884],[14.21024,-12.60791],[14.21573,-12.63428],[14.23305,-12.658],[14.27792,-12.69021],[14.30233,-12.71291],[14.32141,-12.7378],[14.32396,-12.76468],[14.33871,-12.84318],[14.33476,-12.87166],[14.35668,-12.90402],[14.37378,-12.90431],[14.39283,-12.89151],[14.41123,-12.88269],[14.43614,-12.87227],[14.46336,-12.86474],[14.50818,-12.86378],[14.60106,-12.8819],[14.62409,-12.87885],[14.65902,-12.86801],[14.69566,-12.86118],[14.72124,-12.84389],[14.72611,-12.83198],[14.72869,-12.79657],[14.71772,-12.75475],[14.70189,-12.74821],[14.6845,-12.72737],[14.66759,-12.71453],[14.66665,-12.69681],[14.69551,-12.69729],[14.70347,-12.67514],[14.66346,-12.67106],[14.63628,-12.67747],[14.60927,-12.67074],[14.60156,-12.67461],[14.60598,-12.69582],[14.59995,-12.70599],[14.58444,-12.72002],[14.5321,-12.71286],[14.51397,-12.70399],[14.49768,-12.68944],[14.46959,-12.67639],[14.45754,-12.65392],[14.4991,-12.63064],[14.5222,-12.62132],[14.54851,-12.59263],[14.55359,-12.56645],[14.55453,-12.54133],[14.52328,-12.50254],[14.47438,-12.46345],[14.45352,-12.44024],[14.45085,-12.42135],[14.46113,-12.4021],[14.51281,-12.36814],[14.59421,-12.35408],[14.62068,-12.35509],[14.64582,-12.36693],[14.7127,-12.42571],[14.74242,-12.44847],[14.77941,-12.45534],[14.81811,-12.46681],[14.86045,-12.47034],[14.94708,-12.46255],[14.96614,-12.44457],[14.94679,-12.39229],[14.93469,-12.37212],[14.87113,-12.37227],[14.86247,-12.35956],[14.85505,-12.34117],[14.88887,-12.32],[14.91146,-12.30093],[14.91515,-12.28842],[14.89118,-12.27719],[14.82714,-12.27104],[14.77477,-12.27192],[14.75054,-12.2801],[14.73862,-12.2919],[14.70446,-12.29478],[14.67574,-12.28688],[14.65181,-12.27278],[14.63363,-12.26848],[14.61594,-12.27162],[14.5875,-12.286],[14.57103,-12.24345],[14.56714,-12.22739],[14.57094,-12.20746],[14.56784,-12.17714],[14.58089,-12.12594],[14.59494,-12.0879],[14.5982,-12.06454],[14.59139,-12.04729]]]}},{"type":"Feature","properties":{"ISOCSUID":"AO35","LANDFORM":"LL","LITHOLOGY":"MA2","SOILS":"LPq","WRB":"Lithic Leptosols","DOMSOILS":"LP","CODE_WRB":"LP-li"},"geometry":{"type":"Polygon","coordinates":[[[13.97492,-12.02314],[13.96291,-12.01561],[13.95253,-12.00284],[13.93627,-11.99054],[13.9085,-11.96317],[13.87685,-11.922],[13.86585,-11.91741],[13.85953,-11.97538],[13.84944,-12.01746],[13.81379,-12.11218],[13.76644,-12.16668],[13.73715,-12.19468],[13.67784,-12.25864],[13.64824,-12.37345],[13.63817,-12.4812],[13.63894,-12.50464],[13.62906,-12.53186],[13.60736,-12.56113],[13.53963,-12.62946],[13.50888,-12.66996],[13.43557,-12.75072],[13.36543,-12.78469],[13.3294,-12.78908],[13.23661,-12.83512],[13.22273,-12.85253],[13.19236,-12.901],[13.13069,-12.95108],[13.11811,-12.98073],[13.10254,-13.0053],[13.07991,-13.0168],[13.00664,-13.01513],[12.99297,-13.05186],[12.99981,-13.09116],[12.99981,-13.12106],[12.97674,-13.15096],[12.93061,-13.17403],[12.86739,-13.22017],[12.78793,-13.2868],[12.70848,-13.37907],[12.65551,-13.43546],[12.61621,-13.50808],[12.59229,-13.56788],[12.60254,-13.61402],[12.62561,-13.6704],[12.63244,-13.71654],[12.56922,-13.85238],[12.54615,-13.91218],[12.51967,-13.9327],[12.52287,-13.93192],[12.51792,-13.94208],[12.51522,-13.958],[12.48687,-14.01154],[12.47935,-14.03133],[12.47511,-14.06433],[12.47629,-14.09231],[12.48117,-14.11353],[12.48077,-14.13235],[12.48391,-14.15182],[12.47997,-14.17055],[12.48111,-14.20024],[12.47251,-14.21488],[12.46975,-14.23364],[12.45027,-14.25828],[12.44582,-14.27244],[12.42752,-14.29078],[12.43286,-14.29723],[12.42964,-14.30913],[12.42743,-14.30961],[12.45986,-14.33508],[12.47439,-14.35046],[12.49318,-14.36328],[12.51904,-14.39749],[12.57913,-14.35653],[12.59849,-14.33758],[12.6119,-14.31907],[12.61197,-14.28713],[12.6065,-14.26533],[12.61637,-14.24616],[12.62854,-14.23047],[12.65379,-14.21222],[12.68421,-14.20207],[12.69931,-14.18758],[12.71394,-14.16681],[12.71447,-14.14058],[12.72619,-14.11745],[12.74623,-14.0928],[12.77078,-14.07909],[12.7883,-14.06123],[12.79064,-14.03332],[12.76963,-13.98892],[12.75912,-13.92363],[12.76549,-13.90095],[12.76792,-13.86848],[12.77876,-13.82935],[12.7798,-13.71866],[12.78612,-13.69826],[12.79177,-13.68972],[12.79477,-13.65075],[12.81869,-13.62085],[12.85799,-13.58753],[12.88789,-13.52431],[12.93061,-13.45511],[12.95367,-13.43546],[12.96051,-13.40898],[12.97076,-13.38933],[12.98016,-13.35601],[12.99725,-13.33294],[13.04338,-13.3261],[13.05705,-13.31585],[13.06987,-13.2962],[13.09293,-13.29279],[13.12625,-13.29279],[13.17639,-13.29979],[13.17525,-13.28091],[13.18271,-13.26052],[13.19836,-13.24429],[13.20216,-13.2301],[13.18631,-13.22577],[13.17587,-13.21584],[13.17265,-13.19865],[13.18816,-13.15844],[13.20085,-13.14215],[13.25159,-13.1101],[13.25608,-13.09078],[13.24936,-13.07122],[13.25362,-13.06389],[13.26486,-13.06241],[13.27777,-13.06611],[13.2943,-13.06531],[13.30895,-13.07076],[13.33471,-13.06468],[13.37401,-13.02879],[13.4005,-13.02196],[13.42698,-12.99206],[13.4902,-12.93225],[13.53105,-12.91883],[13.555,-12.89761],[13.57209,-12.86369],[13.57617,-12.83236],[13.58575,-12.78972],[13.60418,-12.74611],[13.62029,-12.70017],[13.64007,-12.68058],[13.68602,-12.61066],[13.71372,-12.57465],[13.72595,-12.54747],[13.74659,-12.51074],[13.77304,-12.44214],[13.78435,-12.39895],[13.79536,-12.40944],[13.82019,-12.40307],[13.83226,-12.38445],[13.83883,-12.34287],[13.84692,-12.31561],[13.86324,-12.18054],[13.89266,-12.10683],[13.91196,-12.07692],[13.94761,-12.05359],[13.98077,-12.03822],[13.97492,-12.02314]]]}},{"type":"Feature","properties":{"ISOCSUID":"AO213","LANDFORM":"LP","LITHOLOGY":"UE","SOILS":"ARo","WRB":"Rubi-Ferralic Arenosols","DOMSOILS":"AR","CODE_WRB":"AR-fl-ru"},"geometry":{"type":"Polygon","coordinates":[[[20.72426,-12.3405],[20.71846,-12.30129],[20.67428,-12.20664],[20.60231,-12.08349],[20.57028,-12.03904],[20.53598,-12.00544],[20.50232,-11.97926],[20.47697,-11.96676],[20.40617,-11.9399],[20.3618,-11.96647],[20.33665,-11.98824],[20.32502,-12.01054],[20.33342,-12.04079],[20.3483,-12.07218],[20.36093,-12.12184],[20.35228,-12.1527],[20.32147,-12.21503],[20.30701,-12.25903],[20.26568,-12.33736],[20.22729,-12.42139],[20.21564,-12.44482],[20.18119,-12.49799],[20.15128,-12.52089],[20.12837,-12.53006],[20.09193,-12.54382],[20.06015,-12.545],[20.02127,-12.54162],[19.99707,-12.52795],[19.95157,-12.48916],[19.91975,-12.48119],[19.88686,-12.49892],[19.84694,-12.52636],[19.85126,-12.57547],[19.87207,-12.6257],[19.8982,-12.67765],[19.93018,-12.71702],[19.9574,-12.74497],[20.00351,-12.77976],[20.09986,-12.84244],[20.13649,-12.85894],[20.16963,-12.88572],[20.21098,-12.90221],[20.24411,-12.92384],[20.2837,-12.94032],[20.33036,-12.95507],[20.37874,-12.96181],[20.50566,-12.98546],[20.53995,-13.00078],[20.56131,-13.01956],[20.60501,-13.11933],[20.60168,-13.15131],[20.5777,-13.1822],[20.52764,-13.19776],[20.45801,-13.19738],[20.40959,-13.19179],[20.33368,-13.12461],[20.26505,-13.08879],[20.23254,-13.07629],[20.19829,-13.06779],[20.16996,-13.06499],[20.134,-13.06904],[20.10106,-13.08736],[20.08652,-13.13076],[20.10562,-13.17469],[20.16619,-13.24994],[20.22911,-13.31832],[20.27416,-13.35134],[20.31569,-13.38721],[20.35357,-13.40311],[20.42475,-13.45773],[20.46805,-13.48672],[20.49068,-13.51748],[20.50333,-13.55625],[20.5162,-13.62868],[20.55009,-13.66111],[20.55334,-13.70732],[20.57958,-13.74205],[20.59648,-13.79449],[20.60464,-13.86692],[20.61847,-13.90167],[20.61104,-13.94049],[20.61903,-13.98496],[20.61636,-14.02832],[20.63253,-14.05736],[20.64113,-14.10296],[20.65664,-14.12173],[20.81182,-14.13374],[20.85915,-14.12899],[20.90752,-14.10713],[20.94284,-14.08189],[20.9639,-14.05043],[20.98184,-13.99959],[20.982,-13.94482],[20.97287,-13.91292],[20.95844,-13.88274],[20.9375,-13.85145],[20.89808,-13.80027],[20.88953,-13.76493],[20.868,-13.73192],[20.82122,-13.64138],[20.78273,-13.54908],[20.77179,-13.50632],[20.76377,-13.45955],[20.76708,-13.42701],[20.78437,-13.36759],[20.8311,-13.29893],[20.88488,-13.22908],[20.93169,-13.17695],[20.9369,-13.16437],[20.93537,-13.11813],[20.91471,-13.03944],[20.89502,-13.0104],[20.86948,-12.98596],[20.8333,-12.95755],[20.79955,-12.9377],[20.7576,-12.92472],[20.72622,-12.90599],[20.61979,-12.85724],[20.57955,-12.83281],[20.52279,-12.80386],[20.48261,-12.78627],[20.42994,-12.74872],[20.38544,-12.69573],[20.361,-12.64496],[20.36602,-12.59756],[20.37572,-12.54386],[20.39376,-12.50784],[20.43821,-12.45919],[20.4654,-12.38202],[20.50164,-12.34195],[20.52621,-12.32017],[20.5602,-12.30009],[20.60545,-12.29195],[20.62551,-12.30046],[20.65978,-12.32319],[20.68633,-12.33396],[20.71282,-12.33615],[20.72426,-12.3405]]]}},{"type":"Feature","properties":{"ISOCSUID":"AO60","LANDFORM":"SH","LITHOLOGY":"IA1","SOILS":"LXh","WRB":"Chromi-Abruptic Lixisols","DOMSOILS":"LX","CODE_WRB":"LX-ap-cr"},"geometry":{"type":"Polygon","coordinates":[[[14.18391,-12.04472],[14.12546,-12.02531],[14.05834,-12.07278],[14.02588,-12.14198],[14.00879,-12.15907],[13.98914,-12.23853],[13.95924,-12.28124],[13.9524,-12.32738],[13.93617,-12.4],[13.89003,-12.50252],[13.86013,-12.52217],[13.83706,-12.59222],[13.76103,-12.61871],[13.73796,-12.63494],[13.68157,-12.79043],[13.65167,-12.80068],[13.62519,-12.80068],[13.60554,-12.8135],[13.57327,-12.85468],[13.57209,-12.86369],[13.555,-12.89761],[13.53105,-12.91883],[13.52693,-12.95187],[13.52916,-12.99303],[13.54466,-13.01732],[13.56498,-13.036],[13.58057,-13.05572],[13.59249,-13.0828],[13.59566,-13.10398],[13.59182,-13.12161],[13.54982,-13.16188],[13.52262,-13.16476],[13.49876,-13.1797],[13.45284,-13.1954],[13.46487,-13.22697],[13.46048,-13.24173],[13.51527,-13.24065],[13.55452,-13.24492],[13.60572,-13.27137],[13.63985,-13.2927],[13.66972,-13.3183],[13.73456,-13.35243],[13.81895,-13.37323],[13.84885,-13.31443],[13.86893,-13.28733],[13.84698,-13.24817],[13.85512,-13.22578],[13.80708,-13.23371],[13.78943,-13.23052],[13.77661,-13.22056],[13.77163,-13.20106],[13.77175,-13.15824],[13.77495,-13.14289],[13.80657,-13.051],[13.82289,-13.02676],[13.83845,-13.01278],[13.85362,-13.02278],[13.85323,-13.04675],[13.84662,-13.09002],[13.85236,-13.09983],[13.87002,-13.10662],[13.87787,-13.09118],[13.89655,-13.06698],[13.92218,-13.05091],[13.94191,-13.03415],[13.96832,-13.00552],[14.0106,-12.90524],[14.04774,-12.83054],[14.06373,-12.78744],[14.08956,-12.69418],[14.06471,-12.68751],[14.04882,-12.68608],[14.03442,-12.66526],[14.03654,-12.64302],[14.03955,-12.63851],[14.06805,-12.62418],[14.08513,-12.62449],[14.11619,-12.6342],[14.13639,-12.62314],[14.18522,-12.62688],[14.21258,-12.61914],[14.21024,-12.60791],[14.21363,-12.57884],[14.2118,-12.54397],[14.21941,-12.50755],[14.22016,-12.46614],[14.20593,-12.46504],[14.1864,-12.47155],[14.16564,-12.48203],[14.15455,-12.47554],[14.14665,-12.45312],[14.12571,-12.43732],[14.11225,-12.43194],[14.074,-12.39354],[14.0766,-12.3776],[14.07906,-12.37079],[14.10007,-12.34433],[14.11911,-12.33039],[14.12543,-12.34038],[14.12564,-12.32708],[14.14107,-12.27995],[14.17577,-12.24174],[14.20367,-12.2251],[14.27045,-12.20401],[14.32137,-12.18091],[14.33169,-12.15882],[14.31914,-12.13289],[14.29835,-12.10739],[14.24712,-12.07335],[14.18391,-12.04472]]]}},{"type":"Feature","properties":{"ISOCSUID":"AO74","LANDFORM":"SH","LITHOLOGY":"MB3","SOILS":"FRh","WRB":"Acric Ferralsols","DOMSOILS":"FR","CODE_WRB":"FR-ac"},"geometry":{"type":"Polygon","coordinates":[[[15.38706,-12.49131],[15.31701,-12.43949],[15.27815,-12.43771],[15.25085,-12.44112],[15.20477,-12.45478],[15.14834,-12.46649],[15.16403,-12.48468],[15.18098,-12.49463],[15.21433,-12.51226],[15.23313,-12.51539],[15.25188,-12.52365],[15.27817,-12.54116],[15.28894,-12.57787],[15.27642,-12.59083],[15.32423,-12.56826],[15.37097,-12.5619],[15.39038,-12.56389],[15.41336,-12.56249],[15.4346,-12.55822],[15.48078,-12.5897],[15.48677,-12.58064],[15.47593,-12.54851],[15.48306,-12.54233],[15.4925,-12.54017],[15.52518,-12.56746],[15.53933,-12.56594],[15.54774,-12.55063],[15.56084,-12.53653],[15.57492,-12.54129],[15.58231,-12.56651],[15.57821,-12.62071],[15.56325,-12.64278],[15.54719,-12.65799],[15.4914,-12.6972],[15.4545,-12.73153],[15.43602,-12.75126],[15.40669,-12.79254],[15.38987,-12.82143],[15.37946,-12.85668],[15.39063,-12.91166],[15.36703,-12.91361],[15.33998,-12.90752],[15.34609,-12.94129],[15.35823,-12.96202],[15.34579,-12.96755],[15.33106,-12.96677],[15.30763,-12.95274],[15.27527,-12.94657],[15.27204,-12.97107],[15.28405,-13.00379],[15.30498,-13.02978],[15.3173,-13.03566],[15.34918,-13.03269],[15.37571,-13.03363],[15.39315,-13.05671],[15.40543,-13.06602],[15.41483,-13.06958],[15.42606,-13.06745],[15.42463,-13.0366],[15.43657,-13.02363],[15.45877,-12.98911],[15.4799,-12.94372],[15.49003,-12.93358],[15.49775,-12.92855],[15.51327,-12.9653],[15.52957,-12.98494],[15.54795,-12.9201],[15.54729,-12.87098],[15.53732,-12.81089],[15.55017,-12.76653],[15.55216,-12.74485],[15.54999,-12.72712],[15.55312,-12.71003],[15.56966,-12.70569],[15.58847,-12.70994],[15.63153,-12.7048],[15.64677,-12.71242],[15.62177,-12.79432],[15.628,-12.81838],[15.63666,-12.83563],[15.64838,-12.84206],[15.66606,-12.8423],[15.69711,-12.80273],[15.6991,-12.78106],[15.72265,-12.72426],[15.72982,-12.7135],[15.75455,-12.71496],[15.7823,-12.70903],[15.81536,-12.70146],[15.87799,-12.68168],[15.94461,-12.67622],[15.96505,-12.64421],[15.99833,-12.56059],[16.00344,-12.5111],[15.99833,-12.46502],[15.98467,-12.44625],[16.00344,-12.3814],[16.01454,-12.32167],[16.0171,-12.2261],[16.00857,-12.20221],[16.00344,-12.17746],[15.98723,-12.13394],[15.96463,-12.09904],[15.93163,-12.10664],[15.90751,-12.10806],[15.89681,-12.12163],[15.89776,-12.14563],[15.86889,-12.15099],[15.85938,-12.16172],[15.8376,-12.16488],[15.82399,-12.17385],[15.81439,-12.19314],[15.7931,-12.20487],[15.73152,-12.18809],[15.71224,-12.17584],[15.6929,-12.16931],[15.66935,-12.17186],[15.66967,-12.19757],[15.73523,-12.22869],[15.76044,-12.23701],[15.80978,-12.24449],[15.85816,-12.29022],[15.87736,-12.31274],[15.87603,-12.32929],[15.86236,-12.34339],[15.84063,-12.33912],[15.82485,-12.32807],[15.78792,-12.31447],[15.76491,-12.32103],[15.74594,-12.33507],[15.74808,-12.35737],[15.76319,-12.37641],[15.77592,-12.39828],[15.82251,-12.44856],[15.89246,-12.45857],[15.91401,-12.48396],[15.91031,-12.50162],[15.89321,-12.50426],[15.8733,-12.49374],[15.85635,-12.48096],[15.83696,-12.47672],[15.82622,-12.49144],[15.82434,-12.50341],[15.78089,-12.49201],[15.76313,-12.50149],[15.74155,-12.54119],[15.66591,-12.62587],[15.64345,-12.63357],[15.63546,-12.60891],[15.63573,-12.58264],[15.64958,-12.55256],[15.6936,-12.50802],[15.69971,-12.48639],[15.69939,-12.45897],[15.69043,-12.41374],[15.68068,-12.38848],[15.67767,-12.33761],[15.66677,-12.30948],[15.65175,-12.28301],[15.64374,-12.2612],[15.63933,-12.23144],[15.61827,-12.22088],[15.58652,-12.21988],[15.55957,-12.21038],[15.55403,-12.20046],[15.539,-12.20896],[15.5441,-12.22731],[15.54148,-12.25184],[15.5442,-12.27301],[15.55985,-12.29549],[15.58914,-12.30674],[15.618,-12.3037],[15.62771,-12.33181],[15.61332,-12.35789],[15.59328,-12.36163],[15.61991,-12.40425],[15.59621,-12.41878],[15.55143,-12.42389],[15.51144,-12.42106],[15.47805,-12.4069],[15.46386,-12.41242],[15.46302,-12.43582],[15.4557,-12.45971],[15.44069,-12.48635],[15.41642,-12.49857],[15.38706,-12.49131]]]}},{"type":"Feature","properties":{"ISOCSUID":"AO234","LANDFORM":"SH","LITHOLOGY":"MA1","SOILS":"FRh","WRB":"Chromi-Acric Ferralsols","DOMSOILS":"FR","CODE_WRB":"FR-ac-cr"},"geometry":{"type":"Polygon","coordinates":[[[23.25146,-12.20719],[23.18782,-12.23763],[23.1461,-12.24654],[23.12495,-12.32003],[23.12125,-12.34748],[23.10758,-12.37791],[23.08447,-12.40673],[23.03622,-12.44667],[23.01828,-12.46743],[23.00628,-12.49269],[23.03066,-12.50841],[23.02569,-12.53074],[22.99892,-12.55216],[22.96114,-12.62624],[22.93329,-12.65567],[22.90848,-12.69133],[22.89355,-12.7189],[22.87366,-12.76993],[22.86757,-12.7974],[22.87482,-12.851],[22.89213,-12.86566],[22.92763,-12.87499],[22.9521,-12.85475],[22.96332,-12.8158],[22.96495,-12.76667],[22.97186,-12.71521],[22.98582,-12.66252],[23.00989,-12.61715],[23.02785,-12.59696],[23.07047,-12.5725],[23.09766,-12.53965],[23.10756,-12.49328],[23.12516,-12.45082],[23.15794,-12.39961],[23.17262,-12.35946],[23.17553,-12.31888],[23.19869,-12.29462],[23.23482,-12.27193],[23.26063,-12.22936],[23.25146,-12.20719]]]}},{"type":"Feature","properties":{"ISOCSUID":"AO79","LANDFORM":"SR","LITHOLOGY":"MA2","SOILS":"FRp","WRB":"Plinthic Ferralsols","DOMSOILS":"FR","CODE_WRB":"FR-pl"},"geometry":{"type":"Polygon","coordinates":[[[16.43876,-12.52822],[16.4888,-12.44822],[16.49508,-12.3946],[16.49171,-12.37344],[16.49365,-12.35004],[16.50036,-12.31755],[16.50698,-12.29706],[16.51354,-12.28513],[16.55383,-12.23308],[16.54811,-12.22209],[16.51871,-12.22122],[16.50865,-12.22911],[16.4896,-12.2609],[16.47296,-12.283],[16.45501,-12.32393],[16.44762,-12.36783],[16.44246,-12.42717],[16.43883,-12.44141],[16.42567,-12.46812],[16.38765,-12.51397],[16.34494,-12.5552],[16.34658,-12.57121],[16.36656,-12.57542],[16.39544,-12.57231],[16.43876,-12.52822]]]}},{"type":"Feature","properties":{"ISOCSUID":"AO4","LANDFORM":"SH","LITHOLOGY":"SO2","SOILS":"LPe","WRB":"Eutric Leptosols","DOMSOILS":"LP","CODE_WRB":"LP-eu"},"geometry":{"type":"Polygon","coordinates":[[[13.64931,-12.24601],[13.63628,-12.25851],[13.6291,-12.27213],[13.61327,-12.28718],[13.6061,-12.30217],[13.59843,-12.31073],[13.58313,-12.33774],[13.57194,-12.34586],[13.56002,-12.35006],[13.56472,-12.35211],[13.56543,-12.35486],[13.56264,-12.35787],[13.55427,-12.35597],[13.54886,-12.36919],[13.53927,-12.41298],[13.5442,-12.43421],[13.55984,-12.4488],[13.57847,-12.4606],[13.57057,-12.47472],[13.53957,-12.49752],[13.50809,-12.51288],[13.43837,-12.56002],[13.413,-12.59548],[13.3964,-12.602],[13.36281,-12.60302],[13.36035,-12.60109],[13.34667,-12.61871],[13.31421,-12.64519],[13.27405,-12.70073],[13.13565,-12.80666],[13.07585,-12.8434],[13.00921,-12.85622],[12.95291,-12.89285],[12.9993,-12.88429],[13.05293,-12.88488],[13.07703,-12.88883],[13.09984,-12.89845],[13.11437,-12.90962],[13.12763,-12.92589],[13.1353,-12.94746],[13.19236,-12.901],[13.22273,-12.85253],[13.23661,-12.83512],[13.3294,-12.78908],[13.36543,-12.78469],[13.43557,-12.75072],[13.50888,-12.66996],[13.53963,-12.62946],[13.60736,-12.56113],[13.62906,-12.53186],[13.63894,-12.50464],[13.63817,-12.4812],[13.64824,-12.37345],[13.67784,-12.25864],[13.64931,-12.24601]]]}},{"type":"Feature","properties":{"ISOCSUID":"AO131","LANDFORM":"LP","LITHOLOGY":"MA2","SOILS":"ARg","WRB":"Gleyic Arenosols","DOMSOILS":"AR","CODE_WRB":"AR-gl"},"geometry":{"type":"Polygon","coordinates":[[[17.54177,-12.29402],[17.49499,-12.32081],[17.39686,-12.35068],[17.36443,-12.38908],[17.31836,-12.45136],[17.30214,-12.4872],[17.25995,-12.55007],[17.25094,-12.58655],[17.23664,-12.62184],[17.20101,-12.68037],[17.18792,-12.7071],[17.17012,-12.73208],[17.1576,-12.76053],[17.15081,-12.78217],[17.16476,-12.80462],[17.18354,-12.81316],[17.20231,-12.81316],[17.23473,-12.83961],[17.26801,-12.85582],[17.32433,-12.86179],[17.36017,-12.83961],[17.38059,-12.83422],[17.38132,-12.80282],[17.41571,-12.75112],[17.48765,-12.73736],[17.52717,-12.72508],[17.54021,-12.70405],[17.54562,-12.67553],[17.55927,-12.64879],[17.57536,-12.5975],[17.592,-12.55593],[17.67787,-12.40745],[17.68973,-12.38068],[17.73706,-12.29989],[17.66906,-12.31825],[17.63919,-12.31825],[17.60933,-12.30204],[17.57605,-12.28839],[17.54177,-12.29402]]]}},{"type":"Feature","properties":{"ISOCSUID":"AO214","LANDFORM":"LP","LITHOLOGY":"UE","SOILS":"ARh","WRB":"Dystric Arenosols","DOMSOILS":"AR","CODE_WRB":"AR-dy"},"geometry":{"type":"Polygon","coordinates":[[[20.76717,-12.34365],[20.74114,-12.3469],[20.71282,-12.33615],[20.68633,-12.33396],[20.65978,-12.32319],[20.62551,-12.30046],[20.60545,-12.29195],[20.5602,-12.30009],[20.52621,-12.32017],[20.50164,-12.34195],[20.4654,-12.38202],[20.43821,-12.45919],[20.39376,-12.50784],[20.37572,-12.54386],[20.36602,-12.59756],[20.361,-12.64496],[20.38544,-12.69573],[20.42994,-12.74872],[20.48261,-12.78627],[20.52279,-12.80386],[20.57955,-12.83281],[20.61979,-12.85724],[20.72622,-12.90599],[20.7576,-12.92472],[20.79955,-12.9377],[20.8333,-12.95755],[20.86948,-12.98596],[20.89502,-13.0104],[20.91471,-13.03944],[20.93537,-13.11813],[20.93659,-13.15508],[20.94877,-13.17345],[20.97879,-13.23839],[20.99161,-13.29256],[21.06051,-13.41725],[21.08022,-13.44456],[21.10641,-13.46897],[21.14146,-13.49277],[21.21108,-13.55235],[21.30947,-13.6517],[21.36156,-13.72559],[21.36723,-13.76265],[21.38025,-13.89265],[21.37942,-13.93031],[21.36348,-13.99828],[21.35973,-14.04108],[21.37012,-14.07582],[21.40084,-14.07051],[21.44093,-14.05374],[21.45604,-14.02456],[21.46399,-13.98972],[21.47224,-13.92407],[21.50102,-13.90279],[21.52906,-13.92773],[21.54493,-13.97726],[21.53919,-14.05544],[21.52895,-14.09771],[21.5134,-14.14229],[21.49017,-14.18863],[21.48291,-14.23429],[21.49044,-14.27759],[21.48861,-14.33406],[21.49989,-14.39728],[21.51383,-14.42913],[21.52621,-14.48379],[21.52421,-14.52143],[21.53349,-14.56128],[21.53263,-14.59435],[21.53596,-14.63081],[21.53063,-14.6924],[21.47587,-14.7332],[21.44219,-14.74764],[21.39418,-14.75191],[21.34906,-14.74817],[21.32059,-14.74832],[21.25511,-14.72359],[21.21951,-14.72263],[21.19588,-14.73415],[21.17712,-14.75932],[21.16494,-14.79186],[21.17649,-14.82429],[21.20278,-14.84468],[21.24108,-14.88096],[21.27097,-14.90473],[21.30142,-14.92566],[21.32647,-14.93863],[21.35114,-14.97439],[21.37471,-15.01928],[21.38535,-15.07733],[21.39646,-15.1217],[21.39537,-15.13424],[21.45224,-15.11626],[21.48604,-15.11093],[21.51502,-15.09766],[21.55114,-15.08718],[21.58008,-15.07048],[21.60261,-15.06635],[21.61248,-15.04464],[21.62046,-15.01155],[21.62189,-14.97678],[21.66033,-14.96229],[21.74743,-14.94576],[21.81432,-14.92821],[21.82721,-14.91273],[21.84107,-14.8773],[21.87595,-14.86509],[21.90444,-14.86545],[21.93271,-14.84644],[21.93955,-14.82074],[21.92845,-14.78321],[21.91454,-14.75994],[21.83349,-14.72576],[21.81255,-14.70938],[21.78727,-14.67478],[21.77802,-14.64178],[21.78358,-14.60697],[21.79979,-14.57038],[21.84403,-14.49595],[21.83176,-14.45727],[21.80109,-14.41586],[21.78173,-14.37893],[21.73656,-14.36556],[21.70927,-14.36175],[21.68765,-14.33338],[21.68909,-14.3003],[21.6975,-14.25519],[21.69297,-14.21758],[21.72255,-14.2151],[21.75104,-14.22118],[21.81672,-14.21674],[21.89373,-14.21904],[21.92766,-14.23533],[21.94263,-14.25005],[21.96256,-14.28412],[22.00054,-14.33487],[22.00064,-14.2142],[21.9949,-14.21145],[21.9608,-14.18034],[21.93183,-14.1315],[21.9117,-14.07804],[21.89293,-13.98634],[21.88267,-13.96759],[21.8534,-13.94213],[21.78792,-13.90436],[21.77575,-13.87193],[21.75255,-13.86011],[21.69225,-13.86223],[21.66779,-13.84185],[21.66091,-13.80538],[21.64924,-13.76266],[21.63168,-13.7217],[21.57721,-13.653],[21.54559,-13.62295],[21.53633,-13.58306],[21.57385,-13.55373],[21.66238,-13.54403],[21.6989,-13.53352],[21.70342,-13.51352],[21.68538,-13.48282],[21.65496,-13.45391],[21.62059,-13.44272],[21.58233,-13.45552],[21.50729,-13.51305],[21.47632,-13.48698],[21.43904,-13.417],[21.40381,-13.37554],[21.42715,-13.34573],[21.44654,-13.27222],[21.44654,-13.23724],[21.41241,-13.18007],[21.3851,-13.14935],[21.36206,-13.11095],[21.36633,-13.07256],[21.36633,-13.03416],[21.37401,-12.99235],[21.33135,-12.91128],[21.30627,-12.83776],[21.25696,-12.79349],[21.22009,-12.75428],[21.18866,-12.73103],[21.12974,-12.66051],[21.06504,-12.59972],[21.027,-12.55592],[20.96609,-12.44711],[20.94648,-12.42207],[20.91513,-12.40164],[20.79701,-12.34385],[20.76717,-12.34365]]]}},{"type":"Feature","properties":{"ISOCSUID":"AO10","LANDFORM":"LV","LITHOLOGY":"UF","SOILS":"FLe","WRB":"Eutric Fluvisols","DOMSOILS":"FL","CODE_WRB":"FL-eu"},"geometry":{"type":"Polygon","coordinates":[[[13.54412,-12.35337],[13.55321,-12.34711],[13.55316,-12.33836],[13.56807,-12.32494],[13.58406,-12.3146],[13.58504,-12.3118],[13.58323,-12.31082],[13.55876,-12.32682],[13.53565,-12.34651],[13.51704,-12.36962],[13.51151,-12.38461],[13.48571,-12.42202],[13.48295,-12.43101],[13.48625,-12.43375],[13.49309,-12.42139],[13.49487,-12.42566],[13.49257,-12.43257],[13.48674,-12.43835],[13.48112,-12.4393],[13.47951,-12.44414],[13.48211,-12.44735],[13.49075,-12.44271],[13.49311,-12.44568],[13.48915,-12.45054],[13.47978,-12.45059],[13.47768,-12.45267],[13.4817,-12.45863],[13.4853,-12.47403],[13.48347,-12.48301],[13.467,-12.5137],[13.45558,-12.52411],[13.4217,-12.54269],[13.41377,-12.54963],[13.40053,-12.57179],[13.36035,-12.60109],[13.36281,-12.60302],[13.3964,-12.602],[13.413,-12.59548],[13.43837,-12.56002],[13.50809,-12.51288],[13.53957,-12.49752],[13.57057,-12.47472],[13.57847,-12.4606],[13.55984,-12.4488],[13.5442,-12.43421],[13.53927,-12.41298],[13.54886,-12.36919],[13.55427,-12.35597],[13.54926,-12.35127],[13.54603,-12.36072],[13.54346,-12.36143],[13.54412,-12.35337]]]}},{"type":"Feature","properties":{"ISOCSUID":"AO62","LANDFORM":"TM","LITHOLOGY":"IA1","SOILS":"LPq","WRB":"Lithic Leptosols","DOMSOILS":"LP","CODE_WRB":"LP-li"},"geometry":{"type":"Polygon","coordinates":[[[14.20593,-12.46504],[14.22533,-12.46653],[14.24782,-12.45894],[14.28885,-12.4311],[14.3092,-12.40804],[14.30586,-12.39485],[14.28662,-12.38251],[14.23912,-12.37139],[14.22147,-12.37108],[14.18584,-12.35387],[14.16993,-12.3553],[14.16738,-12.36782],[14.17477,-12.38509],[14.17285,-12.39534],[14.16276,-12.40087],[14.13954,-12.37989],[14.13456,-12.35923],[14.11911,-12.33039],[14.10007,-12.34433],[14.07906,-12.37079],[14.074,-12.39354],[14.10065,-12.42088],[14.11225,-12.43194],[14.12571,-12.43732],[14.14665,-12.45312],[14.15455,-12.47554],[14.16564,-12.48203],[14.1864,-12.47155],[14.20593,-12.46504]]]}},{"type":"Feature","properties":{"ISOCSUID":"AO215","LANDFORM":"LP","LITHOLOGY":"IB3","SOILS":"FRr","WRB":"Rhodi-Acric Ferralsols","DOMSOILS":"FR","CODE_WRB":"FR-ac-ro"},"geometry":{"type":"Polygon","coordinates":[[[20.85419,-12.67427],[20.89933,-12.64554],[20.90862,-12.62838],[20.90259,-12.60956],[20.89184,-12.59018],[20.87759,-12.57482],[20.87216,-12.55771],[20.87026,-12.54002],[20.87491,-12.53143],[20.89542,-12.51936],[20.90289,-12.4942],[20.90281,-12.48449],[20.88749,-12.48227],[20.87151,-12.47034],[20.80603,-12.45118],[20.77365,-12.45016],[20.75551,-12.46507],[20.75624,-12.48448],[20.79996,-12.58826],[20.81981,-12.64586],[20.8335,-12.66408],[20.85419,-12.67427]]]}},{"type":"Feature","properties":{"ISOCSUID":"AO91","LANDFORM":"LP","LITHOLOGY":"IA1","SOILS":"FRx","WRB":"Xanthi-Acric Ferralsols","DOMSOILS":"FR","CODE_WRB":"FR-ac-xa"},"geometry":{"type":"Polygon","coordinates":[[[16.48234,-12.45908],[16.43876,-12.52822],[16.39544,-12.57231],[16.36656,-12.57542],[16.34658,-12.57121],[16.34566,-12.56228],[16.326,-12.56756],[16.28771,-12.56885],[16.28611,-12.54884],[16.27562,-12.53559],[16.2811,-12.51281],[16.29889,-12.49701],[16.28719,-12.48775],[16.23043,-12.51795],[16.21094,-12.52459],[16.18679,-12.5266],[16.16025,-12.53143],[16.14077,-12.53806],[16.11601,-12.5412],[16.09711,-12.54784],[16.07814,-12.56246],[16.05236,-12.61527],[16.05631,-12.63473],[16.07454,-12.63723],[16.10131,-12.60728],[16.12557,-12.59385],[16.17985,-12.58191],[16.19699,-12.57354],[16.21873,-12.57893],[16.22093,-12.5978],[16.21317,-12.61027],[16.1972,-12.61923],[16.17946,-12.62702],[16.14287,-12.63688],[16.13387,-12.65619],[16.14192,-12.67856],[16.15467,-12.70326],[16.16866,-12.72112],[16.17498,-12.73947],[16.17223,-12.78569],[16.16308,-12.82213],[16.15283,-12.84999],[16.12181,-12.89245],[16.11111,-12.90261],[16.09691,-12.90872],[16.08098,-12.91025],[16.07476,-12.87992],[16.07728,-12.86167],[16.07566,-12.84567],[16.07705,-12.82113],[16.06977,-12.77822],[16.06342,-12.76273],[16.05644,-12.75294],[16.00294,-12.73917],[15.98123,-12.72977],[15.96723,-12.71476],[15.95744,-12.69065],[15.94461,-12.67622],[15.87799,-12.68168],[15.81536,-12.70146],[15.7823,-12.70903],[15.75455,-12.71496],[15.72982,-12.7135],[15.72265,-12.72426],[15.6991,-12.78106],[15.69711,-12.80273],[15.66606,-12.8423],[15.64838,-12.84206],[15.63666,-12.83563],[15.628,-12.81838],[15.62177,-12.79432],[15.64677,-12.71242],[15.63153,-12.7048],[15.58847,-12.70994],[15.56966,-12.70569],[15.55312,-12.71003],[15.54999,-12.72712],[15.55216,-12.74485],[15.55017,-12.76653],[15.53732,-12.81089],[15.54729,-12.87098],[15.54795,-12.9201],[15.53507,-12.96731],[15.52957,-12.98494],[15.51327,-12.9653],[15.49775,-12.92855],[15.49003,-12.93358],[15.4799,-12.94372],[15.45877,-12.98911],[15.43657,-13.02363],[15.42463,-13.0366],[15.42606,-13.06745],[15.41483,-13.06958],[15.38908,-13.09986],[15.37884,-13.12205],[15.37516,-13.13582],[15.38081,-13.15816],[15.39233,-13.18287],[15.4074,-13.20763],[15.42259,-13.22211],[15.43667,-13.22916],[15.46326,-13.22667],[15.49277,-13.17113],[15.53498,-13.14202],[15.55611,-13.15257],[15.56931,-13.18758],[15.59092,-13.20841],[15.62181,-13.2465],[15.62928,-13.26544],[15.65604,-13.30346],[15.6742,-13.3174],[15.70005,-13.32972],[15.73193,-13.33013],[15.7527,-13.31898],[15.76229,-13.30426],[15.77438,-13.27588],[15.78115,-13.24742],[15.8,-13.19114],[15.78262,-13.15724],[15.80282,-13.1438],[15.84136,-13.12373],[15.86752,-13.10236],[15.90247,-13.08624],[15.9105,-13.11146],[15.93025,-13.14367],[15.94956,-13.16103],[15.97013,-13.17041],[16.00673,-13.16857],[16.03276,-13.16088],[16.08351,-13.16034],[16.11298,-13.16297],[16.15062,-13.17767],[16.16091,-13.21661],[16.1596,-13.23201],[16.14768,-13.245],[16.12696,-13.25275],[16.10344,-13.24278],[16.08745,-13.24887],[16.10676,-13.26793],[16.14111,-13.32313],[16.15583,-13.32729],[16.17658,-13.31668],[16.21004,-13.26911],[16.22387,-13.23902],[16.22863,-13.23336],[16.24923,-13.24044],[16.2634,-13.23946],[16.27292,-13.23043],[16.26828,-13.22068],[16.25539,-13.20854],[16.23744,-13.16724],[16.19266,-13.16046],[16.17329,-13.14825],[16.16578,-13.12932],[16.16192,-13.09788],[16.1679,-13.08824],[16.18274,-13.077],[16.2013,-13.0441],[16.19791,-13.02693],[16.17306,-13.03578],[16.15703,-13.04873],[16.13874,-13.04909],[16.12396,-13.05348],[16.09924,-13.04806],[16.10117,-13.02867],[16.11134,-13.0128],[16.11681,-12.99403],[16.13603,-12.95257],[16.14852,-12.94015],[16.20119,-12.91677],[16.23087,-12.89256],[16.24816,-12.86877],[16.27456,-12.81082],[16.28651,-12.7904],[16.30543,-12.78319],[16.33253,-12.78291],[16.35784,-12.78775],[16.37478,-12.80621],[16.39766,-12.82016],[16.42943,-12.82678],[16.44843,-12.80871],[16.46382,-12.79859],[16.50214,-12.79613],[16.56055,-12.78702],[16.58671,-12.78753],[16.58259,-12.75299],[16.59395,-12.72912],[16.62367,-12.69116],[16.64737,-12.67198],[16.65222,-12.65147],[16.63219,-12.65184],[16.60277,-12.64755],[16.59936,-12.63038],[16.61133,-12.60252],[16.62058,-12.54265],[16.61252,-12.5163],[16.59791,-12.50188],[16.56329,-12.48611],[16.50864,-12.47241],[16.49282,-12.46197],[16.48234,-12.45908]]]}},{"type":"Feature","properties":{"ISOCSUID":"AO68","LANDFORM":"TM","LITHOLOGY":"IA1","SOILS":"FRx","WRB":"Xanthic Ferralsols","DOMSOILS":"FR","CODE_WRB":"FR-xa"},"geometry":{"type":"Polygon","coordinates":[[[15.27642,-12.59083],[15.28894,-12.57787],[15.27817,-12.54116],[15.26416,-12.53068],[15.23313,-12.51539],[15.21433,-12.51226],[15.18098,-12.49463],[15.16403,-12.48468],[15.14313,-12.45981],[15.12487,-12.46068],[15.09471,-12.47279],[15.0632,-12.49802],[15.02918,-12.53577],[14.98481,-12.59963],[14.96786,-12.63649],[14.95586,-12.65401],[14.93519,-12.65769],[14.91348,-12.65164],[14.905,-12.66978],[14.89799,-12.71079],[14.88547,-12.72259],[14.86646,-12.73485],[14.74201,-12.78884],[14.72869,-12.79657],[14.72611,-12.83198],[14.72124,-12.84389],[14.7147,-12.84831],[14.71747,-12.86096],[14.73037,-12.86574],[14.74924,-12.86547],[14.76226,-12.86168],[14.80171,-12.8646],[14.80108,-12.91255],[14.82736,-12.94686],[14.83441,-12.93364],[14.84638,-12.92012],[14.85606,-12.90143],[14.86038,-12.88608],[14.88442,-12.85049],[14.89694,-12.83926],[14.91884,-12.83161],[14.93598,-12.82845],[14.94682,-12.83133],[14.95559,-12.81562],[14.95807,-12.80595],[14.94058,-12.79083],[14.96218,-12.75976],[14.9945,-12.72028],[15.01516,-12.7166],[15.04181,-12.75298],[15.05622,-12.77946],[15.07727,-12.79291],[15.17678,-12.8001],[15.20673,-12.79785],[15.21622,-12.78928],[15.24045,-12.74678],[15.24484,-12.72457],[15.2515,-12.70868],[15.24585,-12.68804],[15.18072,-12.66596],[15.16531,-12.67373],[15.15341,-12.6844],[15.14383,-12.69683],[15.13832,-12.71445],[15.12514,-12.73253],[15.10806,-12.73227],[15.09932,-12.72415],[15.09429,-12.70123],[15.09271,-12.63724],[15.09647,-12.61845],[15.10893,-12.61122],[15.16689,-12.59037],[15.17945,-12.57457],[15.20072,-12.5686],[15.21829,-12.57685],[15.22992,-12.58901],[15.24516,-12.59494],[15.26165,-12.59518],[15.27642,-12.59083]]]}},{"type":"Feature","properties":{"ISOCSUID":"AO62","LANDFORM":"TM","LITHOLOGY":"IA1","SOILS":"LPq","WRB":"Lithic Leptosols","DOMSOILS":"LP","CODE_WRB":"LP-li"},"geometry":{"type":"Polygon","coordinates":[[[14.00414,-12.60587],[14.0137,-12.59748],[14.03792,-12.55509],[14.0535,-12.53767],[14.07653,-12.49583],[14.08148,-12.4805],[14.07761,-12.46443],[14.04518,-12.46784],[14.03442,-12.47792],[14.0241,-12.49772],[14.01046,-12.54145],[13.99916,-12.54866],[13.99212,-12.54682],[13.95143,-12.55063],[13.9383,-12.56124],[13.94334,-12.57789],[13.95856,-12.58332],[13.9702,-12.5921],[14.00414,-12.60587]]]}},{"type":"Feature","properties":{"ISOCSUID":"AO199","LANDFORM":"LP","LITHOLOGY":"UE","SOILS":"ARg","WRB":"Gleyic Arenosols","DOMSOILS":"AR","CODE_WRB":"AR-gl"},"geometry":{"type":"Polygon","coordinates":[[[22.42975,-12.47847],[22.37406,-12.46672],[22.33566,-12.48208],[22.30494,-12.50512],[22.26313,-12.54352],[22.19743,-12.57424],[22.10613,-12.5785],[22.03275,-12.55888],[21.92182,-12.52475],[21.83734,-12.53584],[21.80321,-12.55546],[21.76823,-12.62458],[21.7341,-12.66639],[21.64621,-12.66639],[21.62317,-12.71247],[21.58477,-12.73124],[21.53102,-12.73551],[21.51907,-12.76964],[21.50798,-12.81998],[21.48494,-12.81998],[21.46531,-12.80036],[21.45422,-12.78159],[21.43118,-12.71247],[21.40046,-12.70479],[21.39278,-12.72783],[21.40473,-12.77391],[21.40046,-12.81572],[21.3851,-12.84302],[21.36206,-12.82766],[21.34329,-12.80804],[21.33135,-12.77391],[21.33561,-12.73124],[21.31599,-12.72356],[21.30489,-12.7466],[21.31257,-12.80036],[21.30627,-12.83776],[21.33135,-12.91128],[21.37401,-12.99235],[21.36633,-13.03416],[21.36633,-13.07256],[21.36206,-13.11095],[21.3851,-13.14935],[21.41241,-13.18007],[21.44654,-13.23724],[21.44654,-13.27222],[21.42715,-13.34573],[21.40381,-13.37554],[21.43904,-13.417],[21.47632,-13.48698],[21.50729,-13.51305],[21.58233,-13.45552],[21.62059,-13.44272],[21.65496,-13.45391],[21.68538,-13.48282],[21.70342,-13.51352],[21.6989,-13.53352],[21.66238,-13.54403],[21.57385,-13.55373],[21.53633,-13.58306],[21.54559,-13.62295],[21.57721,-13.653],[21.63168,-13.7217],[21.64924,-13.76266],[21.66091,-13.80538],[21.66779,-13.84185],[21.69225,-13.86223],[21.75255,-13.86011],[21.77575,-13.87193],[21.78792,-13.90436],[21.8534,-13.94213],[21.88267,-13.96759],[21.89293,-13.98634],[21.9117,-14.07804],[21.93183,-14.1315],[21.9608,-14.18034],[21.9949,-14.21145],[22.00064,-14.2142],[21.9999,-13.00471],[22.65866,-13.00263],[22.64914,-12.94293],[22.63857,-12.9025],[22.63218,-12.86602],[22.61168,-12.83139],[22.58546,-12.76597],[22.56178,-12.72356],[22.52765,-12.67748],[22.47939,-12.58367],[22.45292,-12.54051],[22.44433,-12.51318],[22.42975,-12.47847]]]}},{"type":"Feature","properties":{"ISOCSUID":"AO71","LANDFORM":"TM","LITHOLOGY":"IA1","SOILS":"LPq","WRB":"Lithic Leptosols","DOMSOILS":"LP","CODE_WRB":"LP-li"},"geometry":{"type":"Polygon","coordinates":[[[15.27642,-12.59083],[15.26165,-12.59518],[15.24516,-12.59494],[15.22992,-12.58901],[15.21829,-12.57685],[15.20072,-12.5686],[15.17945,-12.57457],[15.16689,-12.59037],[15.10893,-12.61122],[15.09647,-12.61845],[15.09271,-12.63724],[15.09282,-12.67722],[15.09429,-12.70123],[15.09932,-12.72415],[15.10806,-12.73227],[15.12514,-12.73253],[15.13832,-12.71445],[15.14383,-12.69683],[15.15341,-12.6844],[15.16531,-12.67373],[15.18072,-12.66596],[15.24585,-12.68804],[15.2515,-12.70868],[15.24484,-12.72457],[15.24045,-12.74678],[15.21239,-12.79475],[15.19197,-12.81117],[15.19343,-12.83746],[15.20743,-12.84966],[15.24003,-12.83414],[15.2619,-12.82875],[15.30897,-12.83513],[15.31762,-12.85181],[15.31632,-12.86265],[15.28541,-12.88562],[15.30242,-12.89271],[15.31997,-12.90495],[15.36703,-12.91361],[15.39063,-12.91166],[15.37946,-12.85668],[15.38987,-12.82143],[15.40669,-12.79254],[15.43602,-12.75126],[15.4545,-12.73153],[15.4914,-12.6972],[15.54719,-12.65799],[15.56325,-12.64278],[15.57821,-12.62071],[15.58231,-12.56651],[15.57492,-12.54129],[15.56084,-12.53653],[15.54774,-12.55063],[15.53933,-12.56594],[15.52518,-12.56746],[15.4925,-12.54017],[15.48306,-12.54233],[15.47593,-12.54851],[15.48677,-12.58064],[15.48078,-12.5897],[15.4346,-12.55822],[15.41336,-12.56249],[15.39038,-12.56389],[15.37097,-12.5619],[15.32423,-12.56826],[15.27642,-12.59083]]]}},{"type":"Feature","properties":{"ISOCSUID":"AO5","LANDFORM":"SR","LITHOLOGY":"SO1","SOILS":"CLh","WRB":"Hypercalci-Endoskeletic Calcisols","DOMSOILS":"CL","CODE_WRB":"CL-skn-cch"},"geometry":{"type":"Polygon","coordinates":[[[12.95291,-12.89285],[13.00921,-12.85622],[13.07585,-12.8434],[13.13565,-12.80666],[13.27405,-12.70073],[13.31421,-12.64519],[13.34667,-12.61871],[13.36035,-12.60109],[13.34493,-12.60772],[13.32407,-12.60827],[13.30432,-12.59571],[13.29978,-12.57847],[13.28272,-12.58821],[13.26441,-12.5807],[13.26044,-12.58463],[13.26516,-12.59059],[13.26355,-12.59911],[13.23482,-12.62064],[13.2306,-12.61973],[13.22424,-12.61263],[13.21629,-12.61611],[13.20268,-12.61249],[13.19818,-12.60399],[13.19908,-12.5934],[13.19486,-12.59457],[13.18528,-12.60175],[13.17806,-12.61098],[13.16356,-12.61932],[13.15844,-12.62809],[13.14396,-12.63896],[13.14117,-12.64541],[13.13914,-12.66521],[13.12582,-12.67584],[13.11646,-12.67841],[13.11108,-12.68326],[13.0971,-12.70379],[13.08001,-12.70938],[13.05854,-12.73569],[13.04449,-12.74241],[13.02534,-12.76227],[13.01339,-12.76691],[12.99261,-12.79114],[12.97928,-12.80108],[12.97299,-12.81491],[12.947,-12.82604],[12.94115,-12.83112],[12.93534,-12.84678],[12.93585,-12.86036],[12.94627,-12.88632],[12.9593,-12.87644],[12.95168,-12.89021],[12.95291,-12.89285]]]}},{"type":"Feature","properties":{"ISOCSUID":"AO62","LANDFORM":"TM","LITHOLOGY":"IA1","SOILS":"LPq","WRB":"Lithic Leptosols","DOMSOILS":"LP","CODE_WRB":"LP-li"},"geometry":{"type":"Polygon","coordinates":[[[14.24637,-12.66811],[14.23305,-12.658],[14.21573,-12.63428],[14.21258,-12.61914],[14.18522,-12.62688],[14.13639,-12.62314],[14.11619,-12.6342],[14.08513,-12.62449],[14.06805,-12.62418],[14.03955,-12.63851],[14.03654,-12.64302],[14.03442,-12.66526],[14.04882,-12.68608],[14.06471,-12.68751],[14.11342,-12.69925],[14.12887,-12.69097],[14.12934,-12.66014],[14.14879,-12.65935],[14.16878,-12.66199],[14.21746,-12.676],[14.24637,-12.66811]]]}},{"type":"Feature","properties":{"ISOCSUID":"AO61","LANDFORM":"SH","LITHOLOGY":"IA1","SOILS":"FRh","WRB":"Acric Ferralsols","DOMSOILS":"FR","CODE_WRB":"FR-ac"},"geometry":{"type":"Polygon","coordinates":[[[14.24637,-12.66811],[14.21746,-12.676],[14.16878,-12.66199],[14.14879,-12.65935],[14.12934,-12.66014],[14.12887,-12.69097],[14.11342,-12.69925],[14.08956,-12.69418],[14.06373,-12.78744],[14.04774,-12.83054],[14.0106,-12.90524],[13.96832,-13.00552],[13.94191,-13.03415],[13.92218,-13.05091],[13.89655,-13.06698],[13.87787,-13.09118],[13.86751,-13.11154],[13.86177,-13.1377],[13.87734,-13.16026],[13.87389,-13.19102],[13.85873,-13.21585],[13.84698,-13.24817],[13.87681,-13.30126],[13.90768,-13.32696],[13.95488,-13.32899],[14.02345,-13.32398],[14.05119,-13.32449],[14.06089,-13.34579],[14.043,-13.35688],[14.02101,-13.36617],[14.01782,-13.38153],[14.02403,-13.39934],[14.00563,-13.40528],[13.98624,-13.39921],[13.96528,-13.41709],[13.9649,-13.44106],[13.99109,-13.50262],[14.01803,-13.55448],[14.03798,-13.60108],[14.07693,-13.67998],[14.08409,-13.71321],[14.11651,-13.75773],[14.13636,-13.77407],[14.15536,-13.76871],[14.15511,-13.74645],[14.14131,-13.72166],[14.13461,-13.69586],[14.12434,-13.67171],[14.107,-13.64685],[14.09906,-13.62502],[14.1139,-13.62072],[14.14387,-13.63211],[14.16228,-13.66497],[14.18601,-13.69792],[14.22031,-13.73563],[14.23665,-13.75018],[14.26248,-13.76262],[14.28963,-13.76595],[14.30843,-13.7737],[14.31004,-13.78514],[14.30604,-13.79135],[14.3306,-13.79406],[14.35181,-13.79956],[14.38375,-13.79897],[14.40399,-13.78962],[14.42309,-13.77739],[14.44611,-13.73898],[14.47608,-13.6693],[14.48875,-13.65125],[14.51313,-13.64326],[14.52977,-13.63425],[14.54435,-13.60596],[14.53413,-13.53388],[14.51453,-13.45764],[14.51487,-13.43367],[14.54563,-13.38852],[14.56719,-13.36662],[14.57821,-13.33826],[14.60262,-13.32382],[14.60779,-13.33418],[14.60934,-13.35019],[14.62222,-13.3584],[14.63593,-13.34892],[14.64026,-13.33472],[14.63934,-13.31529],[14.62226,-13.26992],[14.60592,-13.25595],[14.58995,-13.25854],[14.56758,-13.25417],[14.54746,-13.25783],[14.52846,-13.2655],[14.50778,-13.26744],[14.46125,-13.28181],[14.49278,-13.32598],[14.49491,-13.34257],[14.49306,-13.34768],[14.46519,-13.35634],[14.44634,-13.35317],[14.40815,-13.33996],[14.40306,-13.32446],[14.41171,-13.29572],[14.38982,-13.2868],[14.37274,-13.26972],[14.31721,-13.19368],[14.29397,-13.13484],[14.30363,-13.14233],[14.32188,-13.14493],[14.34155,-13.13157],[14.39528,-13.08797],[14.41123,-13.08653],[14.42324,-13.07189],[14.40736,-13.02766],[14.37372,-12.94885],[14.36409,-12.90415],[14.35668,-12.90402],[14.33476,-12.87166],[14.33871,-12.84318],[14.32396,-12.76468],[14.32141,-12.7378],[14.30233,-12.71291],[14.27792,-12.69021],[14.24637,-12.66811]]]}},{"type":"Feature","properties":{"ISOCSUID":"AO231","LANDFORM":"LP","LITHOLOGY":"UE","SOILS":"ARl","WRB":"Dystri-Hypoluvic Arenosols","DOMSOILS":"AR","CODE_WRB":"AR-lvw-dy"},"geometry":{"type":"Polygon","coordinates":[[[23.93264,-12.70052],[23.91856,-12.70863],[23.88584,-12.75762],[23.87327,-12.81318],[23.85947,-12.83279],[23.81677,-12.85164],[23.72697,-12.87398],[23.69011,-12.89045],[23.66696,-12.91588],[23.65108,-12.95263],[23.64626,-12.99464],[24.04029,-12.99056],[24.03233,-12.97904],[24.02931,-12.95443],[24.02534,-12.94661],[24.01082,-12.93486],[23.97734,-12.89824],[23.97125,-12.89432],[23.95929,-12.89361],[23.94383,-12.88507],[23.93096,-12.87493],[23.92582,-12.86135],[23.91294,-12.85351],[23.90499,-12.84544],[23.9036,-12.83371],[23.90927,-12.8121],[23.91313,-12.75346],[23.91691,-12.73806],[23.93007,-12.71554],[23.93264,-12.70052]]]}},{"type":"Feature","properties":{"ISOCSUID":"AO215","LANDFORM":"LP","LITHOLOGY":"IB3","SOILS":"FRr","WRB":"Rhodi-Acric Ferralsols","DOMSOILS":"FR","CODE_WRB":"FR-ac-ro"},"geometry":{"type":"Polygon","coordinates":[[[20.80731,-12.86973],[20.83081,-12.85879],[20.83074,-12.85023],[20.818,-12.79946],[20.81202,-12.78863],[20.8089,-12.76409],[20.79806,-12.73159],[20.7844,-12.71622],[20.77084,-12.71513],[20.75029,-12.72491],[20.73154,-12.73982],[20.71217,-12.75017],[20.70281,-12.76105],[20.71469,-12.77471],[20.73007,-12.78265],[20.74491,-12.79744],[20.7521,-12.81512],[20.76999,-12.8436],[20.78664,-12.8641],[20.80731,-12.86973]]]}},{"type":"Feature","properties":{"ISOCSUID":"AO92","LANDFORM":"LP","LITHOLOGY":"IA1","SOILS":"FRx","WRB":"Xanthi-Acric Ferralsols","DOMSOILS":"FR","CODE_WRB":"FR-ac-xa"},"geometry":{"type":"Polygon","coordinates":[[[14.94682,-12.83133],[14.98054,-12.84683],[14.99808,-12.85795],[15.03595,-12.89393],[15.05589,-12.9028],[15.06535,-12.90008],[15.07843,-12.89114],[15.08037,-12.8769],[15.08996,-12.86448],[15.1141,-12.86655],[15.13636,-12.8783],[15.18252,-12.91267],[15.19232,-12.93109],[15.19679,-12.95228],[15.19253,-12.96364],[15.17538,-12.96738],[15.17246,-12.96513],[15.17341,-12.98505],[15.19453,-13.0436],[15.19611,-13.06018],[15.19064,-13.0738],[15.17443,-13.09297],[15.18559,-13.10113],[15.21391,-13.10097],[15.23695,-13.09788],[15.25402,-13.10156],[15.26802,-13.11546],[15.28733,-13.12887],[15.33981,-13.13132],[15.37516,-13.13582],[15.37884,-13.12205],[15.38908,-13.09986],[15.41483,-13.06958],[15.40543,-13.06602],[15.39315,-13.05671],[15.37571,-13.03363],[15.34918,-13.03269],[15.3173,-13.03566],[15.30498,-13.02978],[15.28405,-13.00379],[15.27204,-12.97107],[15.27527,-12.94657],[15.30763,-12.95274],[15.33106,-12.96677],[15.34579,-12.96755],[15.35823,-12.96202],[15.34609,-12.94129],[15.33998,-12.90752],[15.31997,-12.90495],[15.30242,-12.89271],[15.28541,-12.88562],[15.31632,-12.86265],[15.31762,-12.85181],[15.30897,-12.83513],[15.2619,-12.82875],[15.24003,-12.83414],[15.20743,-12.84966],[15.19343,-12.83746],[15.19197,-12.81117],[15.20673,-12.79785],[15.17678,-12.8001],[15.07727,-12.79291],[15.05622,-12.77946],[15.04181,-12.75298],[15.01516,-12.7166],[14.9945,-12.72028],[14.96218,-12.75976],[14.94058,-12.79083],[14.95807,-12.80595],[14.95559,-12.81562],[14.94682,-12.83133]]]}},{"type":"Feature","properties":{"ISOCSUID":"AO130","LANDFORM":"LP","LITHOLOGY":"MA2","SOILS":"FRh","WRB":"Abrupti-Acric Ferralsols","DOMSOILS":"FR","CODE_WRB":"FR-ac-ap"},"geometry":{"type":"Polygon","coordinates":[[[17.15081,-12.78217],[17.13571,-12.77805],[17.11917,-12.78591],[17.10907,-12.80238],[17.10479,-12.83032],[17.10571,-12.87943],[17.09736,-12.89821],[17.07407,-12.92558],[17.07477,-12.93284],[17.06511,-12.97615],[17.05342,-13.06511],[17.0358,-13.15687],[17.02266,-13.18644],[17.01015,-13.20746],[16.98877,-13.23182],[16.96277,-13.25236],[16.97028,-13.26419],[16.99146,-13.27693],[17.03933,-13.25772],[17.07773,-13.24748],[17.11271,-13.23127],[17.16882,-13.21964],[17.18715,-13.21293],[17.22697,-13.15446],[17.25241,-13.13982],[17.30087,-13.12193],[17.33403,-13.09478],[17.36071,-13.06359],[17.39044,-13.00957],[17.39823,-12.98108],[17.39255,-12.93023],[17.38445,-12.89591],[17.38059,-12.83422],[17.36017,-12.83961],[17.32433,-12.86179],[17.26801,-12.85582],[17.23473,-12.83961],[17.20231,-12.81316],[17.18354,-12.81316],[17.16476,-12.80462],[17.15081,-12.78217]]]}},{"type":"Feature","properties":{"ISOCSUID":"AO125","LANDFORM":"LP","LITHOLOGY":"IA1","SOILS":"FRh","WRB":"Acric Ferralsols","DOMSOILS":"FR","CODE_WRB":"FR-ac"},"geometry":{"type":"Polygon","coordinates":[[[16.95961,-12.96724],[16.95833,-12.9855],[16.92643,-12.99435],[16.88103,-12.99509],[16.84499,-13.0056],[16.81241,-13.02814],[16.78157,-13.05639],[16.75905,-13.07159],[16.7294,-13.097],[16.69985,-13.10471],[16.67328,-13.10787],[16.64446,-13.0956],[16.62749,-13.0766],[16.60649,-13.0427],[16.58663,-13.01624],[16.57798,-12.98875],[16.59174,-12.87698],[16.59315,-12.84274],[16.58671,-12.78753],[16.56055,-12.78702],[16.50214,-12.79613],[16.46382,-12.79859],[16.44843,-12.80871],[16.42943,-12.82678],[16.39766,-12.82016],[16.37478,-12.80621],[16.35784,-12.78775],[16.33253,-12.78291],[16.30543,-12.78319],[16.28651,-12.7904],[16.27456,-12.81082],[16.24816,-12.86877],[16.23087,-12.89256],[16.20119,-12.91677],[16.14852,-12.94015],[16.13603,-12.95257],[16.11681,-12.99403],[16.11134,-13.0128],[16.10117,-13.02867],[16.09924,-13.04806],[16.12396,-13.05348],[16.13874,-13.04909],[16.15703,-13.04873],[16.17306,-13.03578],[16.19791,-13.02693],[16.2013,-13.0441],[16.18274,-13.077],[16.1679,-13.08824],[16.16192,-13.09788],[16.16578,-13.12932],[16.17329,-13.14825],[16.19266,-13.16046],[16.23744,-13.16724],[16.25539,-13.20854],[16.26828,-13.22068],[16.35927,-13.27393],[16.43606,-13.28502],[16.5103,-13.29953],[16.5522,-13.30122],[16.55278,-13.29448],[16.57888,-13.27705],[16.60315,-13.26702],[16.66818,-13.25168],[16.69835,-13.24056],[16.74148,-13.23412],[16.76985,-13.2264],[16.83938,-13.24474],[16.87292,-13.26046],[16.91713,-13.26942],[16.9609,-13.25383],[16.98877,-13.23182],[17.01015,-13.20746],[17.02266,-13.18644],[17.0358,-13.15687],[17.04244,-13.1301],[17.06511,-12.97615],[17.07477,-12.93284],[17.07407,-12.92558],[17.05469,-12.95907],[17.03848,-12.99747],[17.01971,-13.02477],[16.9924,-13.03245],[16.97619,-13.01624],[16.95961,-12.96724]]]}},{"type":"Feature","properties":{"ISOCSUID":"AO65","LANDFORM":"TH","LITHOLOGY":"IA1","SOILS":"LPe","WRB":"Eutric Leptosols","DOMSOILS":"LP","CODE_WRB":"LP-eu"},"geometry":{"type":"Polygon","coordinates":[[[14.98054,-12.84683],[14.93598,-12.82845],[14.91884,-12.83161],[14.89694,-12.83926],[14.88442,-12.85049],[14.86038,-12.88608],[14.85606,-12.90143],[14.84638,-12.92012],[14.83441,-12.93364],[14.82736,-12.94686],[14.83122,-12.95243],[14.83736,-12.97879],[14.83234,-13.00212],[14.82132,-13.03335],[14.80679,-13.06167],[14.78917,-13.14531],[14.78912,-13.19441],[14.79477,-13.21334],[14.79906,-13.24595],[14.79228,-13.26753],[14.78811,-13.27089],[14.76151,-13.27332],[14.74361,-13.28787],[14.73619,-13.31344],[14.71522,-13.33594],[14.65246,-13.34919],[14.63783,-13.34269],[14.63593,-13.34892],[14.62222,-13.3584],[14.60934,-13.35019],[14.60779,-13.33418],[14.60262,-13.32382],[14.57821,-13.33826],[14.56719,-13.36662],[14.54563,-13.38852],[14.51487,-13.43367],[14.51453,-13.45764],[14.53081,-13.51841],[14.53963,-13.56308],[14.54435,-13.60596],[14.53748,-13.61928],[14.55117,-13.62547],[14.56682,-13.64685],[14.58378,-13.66026],[14.60575,-13.65263],[14.63328,-13.62798],[14.65154,-13.58947],[14.65968,-13.55536],[14.66704,-13.5355],[14.68373,-13.52493],[14.72438,-13.53358],[14.73681,-13.53149],[14.7419,-13.50418],[14.74547,-13.45858],[14.74985,-13.43981],[14.76482,-13.42407],[14.77159,-13.4042],[14.78477,-13.38957],[14.80739,-13.37566],[14.82896,-13.35203],[14.85045,-13.3341],[14.8745,-13.30023],[14.88483,-13.27755],[14.88713,-13.23649],[14.87226,-13.15348],[14.87899,-13.13474],[14.87646,-13.10216],[14.88616,-13.08176],[14.90177,-13.06088],[14.89883,-13.01401],[14.91824,-13.01774],[14.92402,-13.02697],[14.92659,-13.05669],[14.93544,-13.10308],[14.94345,-13.12318],[14.99727,-13.15998],[15.03902,-13.17146],[15.04514,-13.15328],[15.03997,-13.14178],[15.03192,-13.12511],[14.99285,-13.08854],[14.97334,-13.04486],[14.95799,-12.99951],[14.9571,-12.97609],[14.93853,-12.95239],[14.92165,-12.93557],[14.91429,-12.91148],[14.94618,-12.90683],[14.96796,-12.90945],[15.02008,-12.93766],[15.06239,-12.94972],[15.10313,-12.94462],[15.12269,-12.93577],[15.14339,-12.93094],[15.14968,-12.94759],[15.17538,-12.96738],[15.19253,-12.96364],[15.19679,-12.95228],[15.19232,-12.93109],[15.18252,-12.91267],[15.13636,-12.8783],[15.1141,-12.86655],[15.08996,-12.86448],[15.08037,-12.8769],[15.07843,-12.89114],[15.06535,-12.90008],[15.05589,-12.9028],[15.03595,-12.89393],[14.99808,-12.85795],[14.98054,-12.84683]]]}},{"type":"Feature","properties":{"ISOCSUID":"AO63","LANDFORM":"SH","LITHOLOGY":"IA1","SOILS":"FRh","WRB":"Acric Ferralsols","DOMSOILS":"FR","CODE_WRB":"FR-ac"},"geometry":{"type":"Polygon","coordinates":[[[14.7147,-12.84831],[14.69566,-12.86118],[14.65902,-12.86801],[14.61261,-12.88037],[14.61681,-12.89415],[14.61829,-12.91473],[14.60659,-12.95108],[14.59634,-12.96747],[14.57909,-12.97803],[14.55599,-12.98564],[14.5425,-12.98028],[14.53495,-12.97216],[14.5266,-12.93718],[14.52685,-12.91892],[14.51789,-12.86576],[14.48461,-12.86282],[14.46336,-12.86474],[14.43614,-12.87227],[14.41123,-12.88269],[14.39283,-12.89151],[14.37378,-12.90431],[14.36409,-12.90415],[14.37372,-12.94885],[14.40736,-13.02766],[14.42324,-13.07189],[14.41123,-13.08653],[14.39528,-13.08797],[14.34155,-13.13157],[14.32188,-13.14493],[14.30363,-13.14233],[14.29397,-13.13484],[14.31721,-13.19368],[14.37274,-13.26972],[14.38982,-13.2868],[14.41171,-13.29572],[14.50778,-13.26744],[14.52846,-13.2655],[14.54746,-13.25783],[14.56758,-13.25417],[14.58995,-13.25854],[14.60592,-13.25595],[14.62226,-13.26992],[14.63934,-13.31529],[14.64026,-13.33472],[14.63783,-13.34269],[14.65246,-13.34919],[14.71522,-13.33594],[14.73619,-13.31344],[14.74361,-13.28787],[14.76151,-13.27332],[14.78811,-13.27089],[14.79228,-13.26753],[14.79906,-13.24595],[14.79477,-13.21334],[14.78912,-13.19441],[14.78917,-13.14531],[14.80679,-13.06167],[14.82132,-13.03335],[14.83234,-13.00212],[14.83736,-12.97879],[14.83122,-12.95243],[14.80108,-12.91255],[14.80171,-12.8646],[14.76226,-12.86168],[14.74924,-12.86547],[14.73037,-12.86574],[14.71747,-12.86096],[14.7147,-12.84831]]]}},{"type":"Feature","properties":{"ISOCSUID":"AO62","LANDFORM":"TM","LITHOLOGY":"IA1","SOILS":"LPq","WRB":"Lithic Leptosols","DOMSOILS":"LP","CODE_WRB":"LP-li"},"geometry":{"type":"Polygon","coordinates":[[[14.61261,-12.88037],[14.60106,-12.8819],[14.51789,-12.86576],[14.53102,-12.95781],[14.53495,-12.97216],[14.5425,-12.98028],[14.55599,-12.98564],[14.57909,-12.97803],[14.59634,-12.96747],[14.60659,-12.95108],[14.61829,-12.91473],[14.61681,-12.89415],[14.61261,-12.88037]]]}},{"type":"Feature","properties":{"ISOCSUID":"AO10","LANDFORM":"LV","LITHOLOGY":"UF","SOILS":"FLe","WRB":"Eutric Fluvisols","DOMSOILS":"FL","CODE_WRB":"FL-eu"},"geometry":{"type":"Polygon","coordinates":[[[13.1353,-12.94746],[13.12763,-12.92589],[13.11437,-12.90962],[13.09984,-12.89845],[13.07703,-12.88883],[13.05293,-12.88488],[12.9993,-12.88429],[12.95291,-12.89285],[12.95221,-12.90977],[12.95929,-12.92148],[12.96681,-12.92192],[12.97267,-12.91934],[12.97448,-12.92276],[12.96544,-12.93296],[12.96475,-12.93711],[12.97522,-12.95766],[12.98502,-12.95193],[13.03845,-12.93311],[13.0651,-12.9274],[13.08486,-12.9421],[13.11811,-12.98073],[13.13069,-12.95108],[13.1353,-12.94746]]]}},{"type":"Feature","properties":{"ISOCSUID":"AO66","LANDFORM":"SH","LITHOLOGY":"IA1","SOILS":"FRh","WRB":"Acric Ferralsols","DOMSOILS":"FR","CODE_WRB":"FR-ac"},"geometry":{"type":"Polygon","coordinates":[[[15.17443,-13.09297],[15.19064,-13.0738],[15.19611,-13.06018],[15.19453,-13.0436],[15.17341,-12.98505],[15.17246,-12.96513],[15.14968,-12.94759],[15.14339,-12.93094],[15.12269,-12.93577],[15.10313,-12.94462],[15.06239,-12.94972],[15.02008,-12.93766],[14.96796,-12.90945],[14.94618,-12.90683],[14.91429,-12.91148],[14.92165,-12.93557],[14.93853,-12.95239],[14.9571,-12.97609],[14.95799,-12.99951],[14.97334,-13.04486],[14.99285,-13.08854],[15.03192,-13.12511],[15.03997,-13.14178],[15.04514,-13.15328],[15.03902,-13.17146],[14.99727,-13.15998],[14.94345,-13.12318],[14.93544,-13.10308],[14.92659,-13.05669],[14.92402,-13.02697],[14.91824,-13.01774],[14.89883,-13.01401],[14.90177,-13.06088],[14.88616,-13.08176],[14.87646,-13.10216],[14.87899,-13.13474],[14.87226,-13.15348],[14.88713,-13.23649],[14.88483,-13.27755],[14.8745,-13.30023],[14.85045,-13.3341],[14.82896,-13.35203],[14.80739,-13.37566],[14.78477,-13.38957],[14.77159,-13.4042],[14.76482,-13.42407],[14.74985,-13.43981],[14.74547,-13.45858],[14.7419,-13.50418],[14.73681,-13.53149],[14.72438,-13.53358],[14.68373,-13.52493],[14.66704,-13.5355],[14.65968,-13.55536],[14.65154,-13.58947],[14.63328,-13.62798],[14.60575,-13.65263],[14.58378,-13.66026],[14.56682,-13.64685],[14.55117,-13.62547],[14.53748,-13.61928],[14.52977,-13.63425],[14.51313,-13.64326],[14.54135,-13.69322],[14.56278,-13.72439],[14.58063,-13.75893],[14.6084,-13.76053],[14.65307,-13.73615],[14.67864,-13.72573],[14.69548,-13.70432],[14.707,-13.68282],[14.72922,-13.61298],[14.74811,-13.57049],[14.78428,-13.51627],[14.81899,-13.48201],[14.8328,-13.4651],[14.8507,-13.45112],[14.86364,-13.45474],[14.87061,-13.46456],[14.87735,-13.49149],[14.87185,-13.55133],[14.88056,-13.56288],[14.89821,-13.56886],[14.91892,-13.56633],[14.94212,-13.55413],[14.98543,-13.53939],[15.00261,-13.53622],[15.04095,-13.5408],[15.08031,-13.55965],[15.10504,-13.56687],[15.13286,-13.56272],[15.14534,-13.55605],[15.14082,-13.53944],[15.13914,-13.48234],[15.12118,-13.40445],[15.11792,-13.38043],[15.12323,-13.33199],[15.13294,-13.30987],[15.14532,-13.2621],[15.1468,-13.237],[15.15056,-13.21879],[15.14503,-13.18788],[15.14422,-13.15704],[15.16243,-13.11449],[15.17443,-13.09297]]]}},{"type":"Feature","properties":{"ISOCSUID":"AO41","LANDFORM":"SH","LITHOLOGY":"MA2","SOILS":"LPq","WRB":"Lithic Leptosols","DOMSOILS":"LP","CODE_WRB":"LP-li"},"geometry":{"type":"Polygon","coordinates":[[[13.30895,-13.07076],[13.33394,-13.09126],[13.35345,-13.08938],[13.407,-13.09676],[13.42275,-13.10679],[13.43291,-13.13269],[13.44559,-13.1495],[13.44689,-13.17579],[13.45284,-13.1954],[13.49876,-13.1797],[13.52262,-13.16476],[13.54982,-13.16188],[13.59182,-13.12161],[13.59566,-13.10398],[13.59249,-13.0828],[13.58057,-13.05572],[13.56498,-13.036],[13.54466,-13.01732],[13.52916,-12.99303],[13.52693,-12.95187],[13.53105,-12.91883],[13.4902,-12.93225],[13.42698,-12.99206],[13.4005,-13.02196],[13.37401,-13.02879],[13.33471,-13.06468],[13.30895,-13.07076]]]}},{"type":"Feature","properties":{"ISOCSUID":"AO3","LANDFORM":"SP","LITHOLOGY":"SO2","SOILS":"LPe","WRB":"Eutric Leptosols","DOMSOILS":"LP","CODE_WRB":"LP-eu"},"geometry":{"type":"Polygon","coordinates":[[[13.11811,-12.98073],[13.08486,-12.9421],[13.0651,-12.9274],[13.03845,-12.93311],[12.98502,-12.95193],[12.97522,-12.95766],[12.97871,-12.96858],[12.97826,-12.97617],[12.97383,-12.98378],[12.96468,-12.98358],[12.96001,-12.99073],[12.94667,-13.00228],[12.94014,-13.01449],[12.93076,-13.0182],[12.92093,-13.02721],[12.91768,-13.03619],[12.90761,-13.04381],[12.90505,-13.05095],[12.89849,-13.05419],[12.8917,-13.06204],[12.88962,-13.0701],[12.8826,-13.07794],[12.87282,-13.10327],[12.86319,-13.10376],[12.8557,-13.10931],[12.84303,-13.11302],[12.8353,-13.11926],[12.83181,-13.13169],[12.82737,-13.13768],[12.81375,-13.13772],[12.79783,-13.15318],[12.79268,-13.16194],[12.78757,-13.18196],[12.78266,-13.18888],[12.77845,-13.1928],[12.7707,-13.19351],[12.76366,-13.19836],[12.75826,-13.19768],[12.75099,-13.20115],[12.74657,-13.21704],[12.73157,-13.22881],[12.71958,-13.22723],[12.7139,-13.21137],[12.71107,-13.20953],[12.70897,-13.2123],[12.70901,-13.22886],[12.7055,-13.23439],[12.69494,-13.23741],[12.67313,-13.25379],[12.66209,-13.25428],[12.6581,-13.25704],[12.65413,-13.2658],[12.65461,-13.27224],[12.66146,-13.28441],[12.65395,-13.28995],[12.63984,-13.28515],[12.63773,-13.28654],[12.65213,-13.31365],[12.64863,-13.32286],[12.65052,-13.32906],[12.65477,-13.32824],[12.63927,-13.34312],[12.61954,-13.34937],[12.60712,-13.36481],[12.60104,-13.37862],[12.58603,-13.392],[12.57968,-13.39178],[12.57076,-13.39732],[12.56584,-13.40515],[12.56325,-13.40561],[12.55736,-13.39573],[12.5529,-13.39919],[12.54682,-13.41507],[12.53412,-13.4128],[12.53249,-13.41901],[12.5358,-13.43004],[12.52924,-13.44225],[12.53701,-13.44959],[12.53983,-13.44959],[12.54031,-13.45304],[12.53517,-13.46777],[12.53611,-13.47122],[12.54011,-13.47259],[12.54012,-13.47581],[12.53544,-13.48571],[12.53615,-13.48801],[12.5458,-13.49144],[12.551,-13.50477],[12.5449,-13.51422],[12.5475,-13.52019],[12.54117,-13.53239],[12.54165,-13.53722],[12.55014,-13.54779],[12.55508,-13.54893],[12.55556,-13.55307],[12.55345,-13.55606],[12.54217,-13.55884],[12.55159,-13.56572],[12.55277,-13.5694],[12.54998,-13.58321],[12.53401,-13.59519],[12.53732,-13.60324],[12.53144,-13.60601],[12.53616,-13.61543],[12.53123,-13.61889],[12.53053,-13.62349],[12.53736,-13.62762],[12.54045,-13.64303],[12.53553,-13.65131],[12.53648,-13.65821],[12.5332,-13.66236],[12.53133,-13.67248],[12.53253,-13.68214],[12.53607,-13.68765],[12.52698,-13.73228],[12.52793,-13.73711],[12.53194,-13.74078],[12.52467,-13.75391],[12.52656,-13.7585],[12.52351,-13.76587],[12.52519,-13.78058],[12.52261,-13.78611],[12.52592,-13.79415],[12.5224,-13.80037],[12.52996,-13.81346],[12.52855,-13.81553],[12.52125,-13.81624],[12.52055,-13.819],[12.52551,-13.82474],[12.52035,-13.83395],[12.52178,-13.84176],[12.52719,-13.84244],[12.52814,-13.84474],[12.52368,-13.85096],[12.52487,-13.85854],[12.51172,-13.87926],[12.50677,-13.87559],[12.49853,-13.8779],[12.48699,-13.87631],[12.4945,-13.8648],[12.47496,-13.86621],[12.46979,-13.87266],[12.46225,-13.87037],[12.43377,-13.87639],[12.42576,-13.87572],[12.42201,-13.88469],[12.42062,-13.89895],[12.42499,-13.9162],[12.47268,-13.91389],[12.50002,-13.92671],[12.51967,-13.9327],[12.54615,-13.91218],[12.56922,-13.85238],[12.63244,-13.71654],[12.62561,-13.6704],[12.60254,-13.61402],[12.59229,-13.56788],[12.61621,-13.50808],[12.65551,-13.43546],[12.70848,-13.37907],[12.78793,-13.2868],[12.86739,-13.22017],[12.93061,-13.17403],[12.97674,-13.15096],[12.99981,-13.12106],[12.99981,-13.09116],[12.99297,-13.05186],[13.00664,-13.01513],[13.07991,-13.0168],[13.10254,-13.0053],[13.11811,-12.98073]]]}},{"type":"Feature","properties":{"ISOCSUID":"AO62","LANDFORM":"TM","LITHOLOGY":"IA1","SOILS":"LPq","WRB":"Lithic Leptosols","DOMSOILS":"LP","CODE_WRB":"LP-li"},"geometry":{"type":"Polygon","coordinates":[[[13.85512,-13.22578],[13.85873,-13.21585],[13.87389,-13.19102],[13.87734,-13.16026],[13.86177,-13.1377],[13.87002,-13.10662],[13.85236,-13.09983],[13.84662,-13.09002],[13.85323,-13.04675],[13.85362,-13.02278],[13.83845,-13.01278],[13.82289,-13.02676],[13.80657,-13.051],[13.77495,-13.14289],[13.77175,-13.15824],[13.77163,-13.20106],[13.77661,-13.22056],[13.78943,-13.23052],[13.80708,-13.23371],[13.85512,-13.22578]]]}},{"type":"Feature","properties":{"ISOCSUID":"AO40","LANDFORM":"TH","LITHOLOGY":"MA2","SOILS":"LPe","WRB":"Eutric Leptosols","DOMSOILS":"LP","CODE_WRB":"LP-eu"},"geometry":{"type":"Polygon","coordinates":[[[13.46487,-13.22697],[13.44689,-13.17579],[13.44559,-13.1495],[13.43291,-13.13269],[13.42275,-13.10679],[13.407,-13.09676],[13.35345,-13.08938],[13.33394,-13.09126],[13.30895,-13.07076],[13.2943,-13.06531],[13.27777,-13.06611],[13.26486,-13.06241],[13.25362,-13.06389],[13.24936,-13.07122],[13.25608,-13.09078],[13.25159,-13.1101],[13.20085,-13.14215],[13.18816,-13.15844],[13.17265,-13.19865],[13.17587,-13.21584],[13.18631,-13.22577],[13.20216,-13.2301],[13.19836,-13.24429],[13.18271,-13.26052],[13.17525,-13.28091],[13.1766,-13.30321],[13.1909,-13.32806],[13.20218,-13.3243],[13.225,-13.30366],[13.23414,-13.28844],[13.24157,-13.26975],[13.24939,-13.26192],[13.26989,-13.27035],[13.28207,-13.28259],[13.27827,-13.29621],[13.28367,-13.32373],[13.28935,-13.3364],[13.28285,-13.36881],[13.28612,-13.38372],[13.30434,-13.38809],[13.31587,-13.40375],[13.33012,-13.39948],[13.35431,-13.40054],[13.36621,-13.38892],[13.33029,-13.32526],[13.32541,-13.30119],[13.3285,-13.29151],[13.31164,-13.26972],[13.31164,-13.23725],[13.30823,-13.20052],[13.32446,-13.18685],[13.36461,-13.20052],[13.40924,-13.23258],[13.41523,-13.23053],[13.43928,-13.23901],[13.46048,-13.24173],[13.46487,-13.22697]]]}},{"type":"Feature","properties":{"ISOCSUID":"AO93","LANDFORM":"LP","LITHOLOGY":"IA1","SOILS":"FRh","WRB":"Acric Ferralsols","DOMSOILS":"FR","CODE_WRB":"FR-ac"},"geometry":{"type":"Polygon","coordinates":[[[15.37516,-13.13582],[15.33981,-13.13132],[15.28733,-13.12887],[15.26802,-13.11546],[15.25402,-13.10156],[15.23695,-13.09788],[15.21391,-13.10097],[15.18559,-13.10113],[15.17443,-13.09297],[15.16243,-13.11449],[15.14422,-13.15704],[15.14503,-13.18788],[15.15056,-13.21879],[15.1468,-13.237],[15.14532,-13.2621],[15.13294,-13.30987],[15.12323,-13.33199],[15.11792,-13.38043],[15.12118,-13.40445],[15.13914,-13.48234],[15.14082,-13.53944],[15.14534,-13.55605],[15.13286,-13.56272],[15.10504,-13.56687],[15.08031,-13.55965],[15.04095,-13.5408],[15.00261,-13.53622],[14.98543,-13.53939],[14.94212,-13.55413],[14.91892,-13.56633],[14.89821,-13.56886],[14.88056,-13.56288],[14.87185,-13.55133],[14.87735,-13.49149],[14.87061,-13.46456],[14.86364,-13.45474],[14.8507,-13.45112],[14.8328,-13.4651],[14.81899,-13.48201],[14.78428,-13.51627],[14.74811,-13.57049],[14.72922,-13.61298],[14.707,-13.68282],[14.69548,-13.70432],[14.67864,-13.72573],[14.65307,-13.73615],[14.6084,-13.76053],[14.58063,-13.75893],[14.56278,-13.72439],[14.54135,-13.69322],[14.51313,-13.64326],[14.48875,-13.65125],[14.47608,-13.6693],[14.45654,-13.71291],[14.46218,-13.73184],[14.4805,-13.7738],[14.48658,-13.80301],[14.49634,-13.82371],[14.48784,-13.83955],[14.39067,-13.85159],[14.36514,-13.85799],[14.30035,-13.87969],[14.23062,-13.91441],[14.21109,-13.91463],[14.20922,-13.91673],[14.21836,-13.94272],[14.23516,-13.96641],[14.2914,-14.00391],[14.31531,-14.02772],[14.32851,-14.05533],[14.34132,-14.10975],[14.32043,-14.16129],[14.29878,-14.22309],[14.29489,-14.24584],[14.28199,-14.27698],[14.26215,-14.29602],[14.2352,-14.31551],[14.22515,-14.35297],[14.19245,-14.43793],[14.16765,-14.47056],[14.13842,-14.52136],[14.11498,-14.54147],[14.05288,-14.56999],[14.02045,-14.59562],[13.98592,-14.60468],[13.87364,-14.61684],[13.83006,-14.63426],[13.79794,-14.63993],[13.74053,-14.70382],[13.71828,-14.72106],[13.70238,-14.74926],[13.65557,-14.76932],[13.74054,-14.81837],[13.87812,-14.88599],[13.93757,-14.88026],[13.96542,-14.88362],[13.99096,-14.88239],[14.0808,-14.90625],[14.09893,-14.92368],[14.10684,-14.93681],[14.11795,-14.92231],[14.15207,-14.86536],[14.1767,-14.84642],[14.21702,-14.84884],[14.24196,-14.84758],[14.28898,-14.83871],[14.33071,-14.82575],[14.36656,-14.80927],[14.39457,-14.8012],[14.43019,-14.78714],[14.42983,-14.78357],[14.44273,-14.75357],[14.43654,-14.68905],[14.42186,-14.67911],[14.39691,-14.68154],[14.37963,-14.68694],[14.36923,-14.66852],[14.37957,-14.65103],[14.394,-14.63702],[14.47588,-14.62566],[14.47088,-14.61096],[14.46945,-14.58699],[14.45652,-14.53774],[14.45465,-14.50293],[14.48021,-14.37391],[14.4997,-14.29497],[14.51521,-14.20341],[14.53146,-14.18486],[14.57962,-14.17083],[14.64702,-14.17821],[14.6888,-14.19714],[14.72224,-14.22049],[14.76229,-14.23653],[14.79837,-14.23996],[14.85728,-14.21864],[14.90257,-14.19653],[14.94455,-14.20117],[14.96202,-14.21737],[14.96653,-14.19523],[14.99667,-14.10614],[15.02389,-14.05921],[15.07443,-13.99151],[15.10606,-13.92067],[15.17398,-13.93023],[15.21245,-13.92851],[15.25039,-13.92164],[15.27582,-13.92257],[15.30106,-13.94005],[15.32319,-13.9706],[15.35482,-13.999],[15.43292,-14.0623],[15.44922,-14.02427],[15.48899,-13.90386],[15.49838,-13.8555],[15.49218,-13.82745],[15.49297,-13.80864],[15.5163,-13.78442],[15.56212,-13.75651],[15.57769,-13.73788],[15.61881,-13.70647],[15.69281,-13.63725],[15.72574,-13.59488],[15.80431,-13.47546],[15.82751,-13.45863],[15.8743,-13.44437],[15.93919,-13.45259],[16.00729,-13.43229],[16.0345,-13.42747],[16.05928,-13.43062],[16.09804,-13.45505],[16.12216,-13.46674],[16.15634,-13.47569],[16.16561,-13.473],[16.16352,-13.46379],[16.16373,-13.43925],[16.16985,-13.41478],[16.17586,-13.40172],[16.18599,-13.39099],[16.1919,-13.39106],[16.19538,-13.39795],[16.19588,-13.4088],[16.20985,-13.43293],[16.21563,-13.4484],[16.23667,-13.47489],[16.24301,-13.49437],[16.24073,-13.50098],[16.25709,-13.50537],[16.29017,-13.50573],[16.33459,-13.49138],[16.36956,-13.47521],[16.39511,-13.45665],[16.45222,-13.40189],[16.47544,-13.37645],[16.4904,-13.34921],[16.53499,-13.30571],[16.5522,-13.30122],[16.5103,-13.29953],[16.43606,-13.28502],[16.35927,-13.27393],[16.26828,-13.22068],[16.27292,-13.23043],[16.2634,-13.23946],[16.24923,-13.24044],[16.22863,-13.23336],[16.22387,-13.23902],[16.21004,-13.26911],[16.17658,-13.31668],[16.15583,-13.32729],[16.14111,-13.32313],[16.10676,-13.26793],[16.08745,-13.24887],[16.10344,-13.24278],[16.12696,-13.25275],[16.14768,-13.245],[16.1596,-13.23201],[16.16091,-13.21661],[16.15062,-13.17767],[16.11298,-13.16297],[16.08351,-13.16034],[16.03276,-13.16088],[16.00673,-13.16857],[15.97013,-13.17041],[15.94956,-13.16103],[15.93025,-13.14367],[15.9105,-13.11146],[15.90247,-13.08624],[15.86752,-13.10236],[15.84136,-13.12373],[15.80282,-13.1438],[15.78262,-13.15724],[15.8,-13.19114],[15.78115,-13.24742],[15.77438,-13.27588],[15.76229,-13.30426],[15.7527,-13.31898],[15.73193,-13.33013],[15.70005,-13.32972],[15.6742,-13.3174],[15.65604,-13.30346],[15.62928,-13.26544],[15.62181,-13.2465],[15.59092,-13.20841],[15.56931,-13.18758],[15.55611,-13.15257],[15.53498,-13.14202],[15.49277,-13.17113],[15.46326,-13.22667],[15.43667,-13.22916],[15.42259,-13.22211],[15.4074,-13.20763],[15.39233,-13.18287],[15.38081,-13.15816],[15.37516,-13.13582]]]}},{"type":"Feature","properties":{"ISOCSUID":"AO215","LANDFORM":"LP","LITHOLOGY":"IB3","SOILS":"FRr","WRB":"Rhodi-Acric Ferralsols","DOMSOILS":"FR","CODE_WRB":"FR-ac-ro"},"geometry":{"type":"Polygon","coordinates":[[[21.11209,-13.15788],[21.15811,-13.15823],[21.16982,-13.14789],[21.1887,-13.1478],[21.204,-13.14373],[21.21807,-13.13338],[21.22794,-13.11507],[21.23075,-13.09849],[21.20653,-13.09462],[21.15816,-13.09429],[21.13627,-13.08698],[21.11509,-13.09393],[21.10221,-13.10598],[21.09525,-13.11971],[21.09663,-13.14425],[21.11209,-13.15788]]]}},{"type":"Feature","properties":{"ISOCSUID":"AO47","LANDFORM":"SH","LITHOLOGY":"IA1","SOILS":"ARo","WRB":"Ferrali-Hypoluvic Arenosols","DOMSOILS":"AR","CODE_WRB":"AR-lvw-fl"},"geometry":{"type":"Polygon","coordinates":[[[13.40924,-13.23258],[13.36461,-13.20052],[13.32446,-13.18685],[13.30823,-13.20052],[13.31164,-13.23725],[13.31164,-13.26972],[13.3285,-13.29151],[13.32541,-13.30119],[13.33029,-13.32526],[13.36621,-13.38892],[13.36663,-13.40536],[13.36152,-13.44332],[13.37586,-13.45008],[13.40425,-13.48092],[13.42249,-13.51839],[13.43713,-13.55864],[13.45901,-13.59105],[13.49384,-13.62656],[13.51807,-13.66072],[13.56041,-13.70723],[13.6313,-13.77882],[13.67075,-13.85834],[13.70141,-13.89888],[13.71098,-13.92759],[13.70887,-14.01713],[13.71251,-14.04744],[13.68434,-14.068],[13.67452,-14.08834],[13.69246,-14.11265],[13.71893,-14.15766],[13.73922,-14.18315],[13.76741,-14.26811],[13.76369,-14.3131],[13.73093,-14.35866],[13.7201,-14.40351],[13.74651,-14.40965],[13.7832,-14.41136],[13.85771,-14.43534],[13.85488,-14.34395],[13.84635,-14.23217],[13.84208,-14.09479],[13.82501,-14.02653],[13.84208,-13.90621],[13.85488,-13.86355],[13.87621,-13.80723],[13.88474,-13.7475],[13.88048,-13.68777],[13.85061,-13.63146],[13.81648,-13.58879],[13.78576,-13.50261],[13.71323,-13.44715],[13.63985,-13.2927],[13.60572,-13.27137],[13.55452,-13.24492],[13.51527,-13.24065],[13.46048,-13.24173],[13.43928,-13.23901],[13.41523,-13.23053],[13.40924,-13.23258]]]}},{"type":"Feature","properties":{"ISOCSUID":"AO129","LANDFORM":"LP","LITHOLOGY":"IA1","SOILS":"FRh","WRB":"Acric Ferralsols","DOMSOILS":"FR","CODE_WRB":"FR-ac"},"geometry":{"type":"Polygon","coordinates":[[[16.99146,-13.27693],[16.97028,-13.26419],[16.96277,-13.25236],[16.91713,-13.26942],[16.87292,-13.26046],[16.83938,-13.24474],[16.76985,-13.2264],[16.74148,-13.23412],[16.69835,-13.24056],[16.66818,-13.25168],[16.60315,-13.26702],[16.57888,-13.27705],[16.55278,-13.29448],[16.5522,-13.30122],[16.58633,-13.30909],[16.60917,-13.335],[16.62178,-13.38878],[16.63008,-13.46991],[16.62675,-13.52409],[16.61465,-13.56449],[16.61081,-13.60611],[16.61112,-13.64606],[16.59678,-13.70462],[16.60842,-13.69453],[16.62325,-13.68669],[16.63378,-13.70334],[16.64116,-13.74735],[16.64553,-13.79932],[16.67386,-14.01573],[16.69082,-14.0097],[16.70977,-14.00817],[16.7263,-14.01404],[16.76635,-14.04237],[16.79295,-14.04718],[16.82216,-14.01323],[16.84874,-13.92676],[16.85102,-13.84463],[16.84324,-13.76411],[16.8471,-13.71337],[16.8951,-13.59625],[16.913,-13.56731],[16.92378,-13.54287],[16.93228,-13.50414],[16.91656,-13.46462],[16.91442,-13.42807],[16.97886,-13.31335],[16.98902,-13.29061],[16.99146,-13.27693]]]}},{"type":"Feature","properties":{"ISOCSUID":"AO41","LANDFORM":"SH","LITHOLOGY":"MA2","SOILS":"LPq","WRB":"Lithic Leptosols","DOMSOILS":"LP","CODE_WRB":"LP-li"},"geometry":{"type":"Polygon","coordinates":[[[13.17639,-13.29979],[13.12625,-13.29279],[13.09293,-13.29279],[13.06987,-13.2962],[13.05705,-13.31585],[13.04338,-13.3261],[12.99725,-13.33294],[12.98016,-13.35601],[12.97076,-13.38933],[12.96051,-13.40898],[12.95367,-13.43546],[12.93061,-13.45511],[12.88789,-13.52431],[12.85799,-13.58753],[12.81869,-13.62085],[12.79477,-13.65075],[12.79177,-13.68972],[12.81768,-13.6573],[12.84338,-13.64303],[12.92052,-13.62762],[12.95829,-13.63073],[12.97843,-13.62831],[13.02065,-13.61496],[13.05709,-13.59463],[13.08668,-13.59242],[13.11613,-13.59761],[13.13862,-13.59581],[13.16831,-13.58845],[13.23193,-13.56753],[13.27007,-13.55006],[13.29938,-13.5307],[13.32443,-13.51752],[13.33767,-13.50409],[13.34639,-13.47973],[13.35925,-13.45431],[13.36443,-13.42929],[13.36621,-13.38892],[13.35431,-13.40054],[13.33012,-13.39948],[13.31587,-13.40375],[13.30434,-13.38809],[13.28612,-13.38372],[13.28285,-13.36881],[13.28935,-13.3364],[13.28367,-13.32373],[13.27827,-13.29621],[13.28207,-13.28259],[13.26989,-13.27035],[13.24939,-13.26192],[13.24157,-13.26975],[13.23414,-13.28844],[13.225,-13.30366],[13.20218,-13.3243],[13.1909,-13.32806],[13.17639,-13.29979]]]}},{"type":"Feature","properties":{"ISOCSUID":"AO62","LANDFORM":"TM","LITHOLOGY":"IA1","SOILS":"LPq","WRB":"Lithic Leptosols","DOMSOILS":"LP","CODE_WRB":"LP-li"},"geometry":{"type":"Polygon","coordinates":[[[14.46125,-13.28181],[14.41171,-13.29572],[14.40306,-13.32446],[14.40815,-13.33996],[14.44634,-13.35317],[14.46519,-13.35634],[14.49306,-13.34768],[14.49491,-13.34257],[14.49278,-13.32598],[14.46125,-13.28181]]]}},{"type":"Feature","properties":{"ISOCSUID":"AO50","LANDFORM":"TE","LITHOLOGY":"IA1","SOILS":"LPq","WRB":"Lithic Leptosols","DOMSOILS":"LP","CODE_WRB":"LP-li"},"geometry":{"type":"Polygon","coordinates":[[[13.86893,-13.28733],[13.84885,-13.31443],[13.81895,-13.37323],[13.851,-13.39896],[13.87879,-13.43316],[13.91021,-13.49883],[13.92119,-13.51444],[13.95322,-13.54301],[13.99204,-13.5911],[14.0068,-13.62904],[14.02612,-13.71557],[14.04028,-13.75463],[14.04478,-13.80722],[14.07383,-13.91559],[14.08028,-13.95678],[14.08938,-13.98034],[14.15798,-14.06031],[14.22419,-14.18242],[14.23247,-14.22192],[14.22929,-14.27548],[14.2201,-14.29585],[14.19256,-14.31475],[14.16549,-14.34165],[14.14077,-14.36915],[14.10388,-14.41753],[14.04782,-14.47696],[14.01274,-14.47791],[13.95045,-14.46767],[13.7832,-14.41136],[13.74651,-14.40965],[13.7201,-14.40351],[13.68629,-14.4057],[13.64919,-14.35765],[13.60575,-14.3682],[13.56316,-14.36451],[13.56816,-14.38343],[13.58508,-14.39859],[13.5955,-14.41305],[13.59455,-14.43356],[13.61052,-14.46923],[13.63053,-14.47761],[13.64165,-14.48581],[13.65086,-14.50196],[13.63042,-14.51866],[13.58075,-14.51141],[13.51679,-14.5415],[13.50156,-14.53094],[13.47531,-14.5401],[13.45314,-14.55334],[13.44281,-14.56739],[13.43224,-14.59454],[13.42828,-14.6167],[13.44099,-14.66884],[13.43492,-14.70976],[13.44622,-14.74135],[13.42078,-14.77047],[13.38859,-14.77894],[13.35856,-14.79885],[13.35107,-14.81922],[13.33761,-14.84117],[13.31818,-14.86471],[13.27584,-14.87581],[13.24189,-14.91386],[13.21171,-14.9725],[13.20836,-14.99295],[13.21405,-15.03752],[13.2334,-15.08294],[13.25437,-15.10744],[13.284,-15.07715],[13.30025,-15.06552],[13.34744,-15.05054],[13.36622,-15.0304],[13.39904,-15.02195],[13.40891,-15.00107],[13.43809,-14.99653],[13.49113,-15.05287],[13.49195,-15.0734],[13.51389,-15.10917],[13.51054,-15.13076],[13.50438,-15.14317],[13.50951,-15.15523],[13.52768,-15.16927],[13.55593,-15.18464],[13.57445,-15.19024],[13.57526,-15.16622],[13.5687,-15.13362],[13.57221,-15.0693],[13.57087,-15.01001],[13.54468,-14.97929],[13.51739,-14.97818],[13.48867,-14.99071],[13.46882,-14.9715],[13.46347,-14.93834],[13.46218,-14.91096],[13.465,-14.88594],[13.4739,-14.85306],[13.48995,-14.81804],[13.52101,-14.80669],[13.54555,-14.79464],[13.57582,-14.7941],[13.60914,-14.78905],[13.70238,-14.74926],[13.71828,-14.72106],[13.74053,-14.70382],[13.79794,-14.63993],[13.83006,-14.63426],[13.87364,-14.61684],[13.98592,-14.60468],[14.02045,-14.59562],[14.05288,-14.56999],[14.11498,-14.54147],[14.13842,-14.52136],[14.16765,-14.47056],[14.19245,-14.43793],[14.22515,-14.35297],[14.2352,-14.31551],[14.26215,-14.29602],[14.28199,-14.27698],[14.29489,-14.24584],[14.29878,-14.22309],[14.32043,-14.16129],[14.34132,-14.10975],[14.32851,-14.05533],[14.31531,-14.02772],[14.2914,-14.00391],[14.23516,-13.96641],[14.21836,-13.94272],[14.20645,-13.90885],[14.17512,-13.86892],[14.17906,-13.84274],[14.20408,-13.8312],[14.22416,-13.8327],[14.24495,-13.82679],[14.26953,-13.80497],[14.30459,-13.7936],[14.31004,-13.78514],[14.30843,-13.7737],[14.28963,-13.76595],[14.26248,-13.76262],[14.23665,-13.75018],[14.22031,-13.73563],[14.18601,-13.69792],[14.16228,-13.66497],[14.14387,-13.63211],[14.1139,-13.62072],[14.09906,-13.62502],[14.107,-13.64685],[14.12434,-13.67171],[14.13461,-13.69586],[14.14131,-13.72166],[14.15511,-13.74645],[14.15536,-13.76871],[14.13636,-13.77407],[14.11651,-13.75773],[14.08409,-13.71321],[14.07693,-13.67998],[14.03798,-13.60108],[14.01803,-13.55448],[13.99109,-13.50262],[13.9649,-13.44106],[13.96528,-13.41709],[13.98624,-13.39921],[14.00563,-13.40528],[14.02403,-13.39934],[14.01782,-13.38153],[14.02101,-13.36617],[14.043,-13.35688],[14.06089,-13.34579],[14.05119,-13.32449],[14.02345,-13.32398],[13.95488,-13.32899],[13.90768,-13.32696],[13.87681,-13.30126],[13.86893,-13.28733]]]}},{"type":"Feature","properties":{"ISOCSUID":"AO46","LANDFORM":"SH","LITHOLOGY":"IA1","SOILS":"LVh","WRB":"Haplic Luvisols","DOMSOILS":"LV","CODE_WRB":"LV-ha"},"geometry":{"type":"Polygon","coordinates":[[[13.63985,-13.2927],[13.71323,-13.44715],[13.78576,-13.50261],[13.81648,-13.58879],[13.85061,-13.63146],[13.88048,-13.68777],[13.88474,-13.7475],[13.87621,-13.80723],[13.85488,-13.86355],[13.84208,-13.90621],[13.82501,-14.02653],[13.84208,-14.09479],[13.84635,-14.23217],[13.85488,-14.34395],[13.85771,-14.43534],[13.95045,-14.46767],[14.01274,-14.47791],[14.04782,-14.47696],[14.10388,-14.41753],[14.14077,-14.36915],[14.16549,-14.34165],[14.19256,-14.31475],[14.2201,-14.29585],[14.22929,-14.27548],[14.23247,-14.22192],[14.22419,-14.18242],[14.15798,-14.06031],[14.08938,-13.98034],[14.08028,-13.95678],[14.07383,-13.91559],[14.04478,-13.80722],[14.04028,-13.75463],[14.02612,-13.71557],[14.0068,-13.62904],[13.99204,-13.5911],[13.95322,-13.54301],[13.92119,-13.51444],[13.91021,-13.49883],[13.87879,-13.43316],[13.851,-13.39896],[13.81895,-13.37323],[13.73456,-13.35243],[13.66972,-13.3183],[13.63985,-13.2927]]]}},{"type":"Feature","properties":{"ISOCSUID":"AO118","LANDFORM":"LP","LITHOLOGY":"IA1","SOILS":"FRx","WRB":"Xanthic Ferralsols","DOMSOILS":"FR","CODE_WRB":"FR-xa"},"geometry":{"type":"Polygon","coordinates":[[[16.63008,-13.46991],[16.62178,-13.38878],[16.60917,-13.335],[16.58633,-13.30909],[16.5522,-13.30122],[16.53499,-13.30571],[16.4904,-13.34921],[16.47544,-13.37645],[16.45222,-13.40189],[16.39511,-13.45665],[16.36956,-13.47521],[16.33459,-13.49138],[16.29017,-13.50573],[16.25709,-13.50537],[16.24073,-13.50098],[16.23635,-13.51369],[16.22803,-13.51988],[16.21499,-13.5243],[16.2014,-13.52529],[16.17501,-13.50216],[16.16684,-13.49065],[16.16561,-13.473],[16.15634,-13.47569],[16.12216,-13.46674],[16.09804,-13.45505],[16.05928,-13.43062],[16.0345,-13.42747],[16.00729,-13.43229],[15.93919,-13.45259],[15.8743,-13.44437],[15.85002,-13.45149],[15.82751,-13.45863],[15.80431,-13.47546],[15.72574,-13.59488],[15.69281,-13.63725],[15.61881,-13.70647],[15.57769,-13.73788],[15.56212,-13.75651],[15.5163,-13.78442],[15.49297,-13.80864],[15.49218,-13.82745],[15.49838,-13.8555],[15.48899,-13.90386],[15.44922,-14.02427],[15.43292,-14.0623],[15.48686,-14.10008],[15.52321,-14.13194],[15.54189,-14.15729],[15.55519,-14.18713],[15.58276,-14.26734],[15.63483,-14.38664],[15.67625,-14.45048],[15.69088,-14.46891],[15.70237,-14.47934],[15.73125,-14.46853],[15.74746,-14.47791],[15.76026,-14.49754],[15.75429,-14.51375],[15.74313,-14.51824],[15.76731,-14.5309],[15.80081,-14.55982],[15.81383,-14.56227],[15.85393,-14.52286],[15.8675,-14.5293],[15.86009,-14.49413],[15.84729,-14.47194],[15.85071,-14.45231],[15.87289,-14.4489],[15.88569,-14.45231],[15.90191,-14.45231],[15.91986,-14.47878],[15.92619,-14.46616],[15.97282,-14.42168],[15.95733,-14.43118],[15.98733,-14.39049],[16.00119,-14.36556],[16.00853,-14.33999],[16.01496,-14.28361],[16.02052,-14.25915],[16.01548,-14.22601],[16.01758,-14.19125],[16.01131,-14.16437],[16.01106,-14.12672],[16.00722,-14.09302],[15.98957,-14.01637],[15.99168,-13.97932],[16.01322,-13.95276],[16.04057,-13.93826],[16.0743,-13.93751],[16.08738,-13.94866],[16.1105,-13.92424],[16.13635,-13.87547],[16.14706,-13.79971],[16.1413,-13.78139],[16.14565,-13.75805],[16.13711,-13.71972],[16.13763,-13.71379],[16.12653,-13.71218],[16.12011,-13.70298],[16.12218,-13.66876],[16.12535,-13.64369],[16.13732,-13.62671],[16.15279,-13.61376],[16.15768,-13.59441],[16.17824,-13.60949],[16.20125,-13.61317],[16.21358,-13.62301],[16.22072,-13.61738],[16.23553,-13.61299],[16.2473,-13.61882],[16.25604,-13.63376],[16.27128,-13.64876],[16.3089,-13.67485],[16.3153,-13.68691],[16.29921,-13.70385],[16.30137,-13.72841],[16.31006,-13.75133],[16.31578,-13.77536],[16.30796,-13.79182],[16.26115,-13.80328],[16.23911,-13.82244],[16.22297,-13.84394],[16.21082,-13.8826],[16.18609,-13.9388],[16.1717,-14.03162],[16.17652,-14.09043],[16.18639,-14.11335],[16.1969,-14.13058],[16.19317,-14.15108],[16.19885,-14.18023],[16.20466,-14.19284],[16.20727,-14.23507],[16.18584,-14.24852],[16.15962,-14.2423],[16.17259,-14.2746],[16.17247,-14.28829],[16.16633,-14.31388],[16.15481,-14.33117],[16.20719,-14.31548],[16.23625,-14.31125],[16.28661,-14.30952],[16.31735,-14.31727],[16.34085,-14.34148],[16.37568,-14.35665],[16.37597,-14.32019],[16.37145,-14.29162],[16.36607,-14.22313],[16.37083,-14.14504],[16.3831,-14.08985],[16.40883,-14.05362],[16.42845,-14.04071],[16.45272,-14.04096],[16.47395,-14.05031],[16.50176,-13.99751],[16.53078,-13.88147],[16.53333,-13.82088],[16.56576,-13.62378],[16.59818,-13.52394],[16.63008,-13.46991]]]}},{"type":"Feature","properties":{"ISOCSUID":"AO123","LANDFORM":"LP","LITHOLOGY":"IA1","SOILS":"ARg","WRB":"Gleyic Arenosols","DOMSOILS":"AR","CODE_WRB":"AR-gl"},"geometry":{"type":"Polygon","coordinates":[[[16.16352,-13.46379],[16.16684,-13.49065],[16.17501,-13.50216],[16.2014,-13.52529],[16.21499,-13.5243],[16.22803,-13.51988],[16.23635,-13.51369],[16.24301,-13.49437],[16.23667,-13.47489],[16.21563,-13.4484],[16.20985,-13.43293],[16.19588,-13.4088],[16.19538,-13.39795],[16.1919,-13.39106],[16.18599,-13.39099],[16.17586,-13.40172],[16.16985,-13.41478],[16.16373,-13.43925],[16.16352,-13.46379]]]}},{"type":"Feature","properties":{"ISOCSUID":"AO204","LANDFORM":"LV","LITHOLOGY":"UE","SOILS":"ARg","WRB":"Albi-Gleyic Arenosols","DOMSOILS":"AR","CODE_WRB":"AR-gl-ab"},"geometry":{"type":"Polygon","coordinates":[[[18.84494,-14.02828],[18.79966,-13.95956],[18.76178,-13.91324],[18.72509,-13.84182],[18.66891,-13.74466],[18.62221,-13.72738],[18.54655,-13.7157],[18.52114,-13.69564],[18.46798,-13.63838],[18.44496,-13.60576],[18.43376,-13.57034],[18.39014,-13.46288],[18.36538,-13.4194],[18.32935,-13.42381],[18.32461,-13.44262],[18.32576,-13.46488],[18.34753,-13.54601],[18.37934,-13.63631],[18.44429,-13.70961],[18.48152,-13.73429],[18.51461,-13.74982],[18.64408,-13.79307],[18.68074,-13.83027],[18.70558,-13.88284],[18.73221,-13.94909],[18.75175,-14.00848],[18.80862,-14.13412],[18.84892,-14.21351],[18.87979,-14.3225],[18.88634,-14.36244],[18.90061,-14.4212],[18.92258,-14.48226],[18.94397,-14.53305],[18.97368,-14.59925],[19.01763,-14.66261],[19.0521,-14.71968],[19.08184,-14.7773],[19.09912,-14.82521],[19.13957,-14.88853],[19.15986,-14.95581],[19.21786,-15.17637],[19.27394,-15.2898],[19.24431,-15.33361],[19.23965,-15.38144],[19.22906,-15.43723],[19.26683,-15.58418],[19.24332,-15.72987],[19.22855,-15.7879],[19.21558,-15.85219],[19.21038,-15.93583],[19.20692,-15.99727],[19.22431,-16.05931],[19.23454,-16.10767],[19.24122,-16.16911],[19.22886,-16.24928],[19.2122,-16.27258],[19.186,-16.29415],[19.10609,-16.29174],[19.07089,-16.28144],[19.03451,-16.27966],[18.99633,-16.26593],[18.92231,-16.18159],[18.8644,-16.06598],[18.8602,-16.01705],[18.83694,-15.96749],[18.81069,-15.898],[18.78804,-15.85184],[18.74692,-15.73904],[18.76418,-15.74251],[18.7731,-15.7135],[18.79213,-15.6851],[18.8165,-15.618],[18.84324,-15.56911],[18.85274,-15.53896],[18.88303,-15.48096],[18.91029,-15.36259],[18.915,-15.31818],[18.91081,-15.2783],[18.9191,-15.24016],[18.93568,-15.18438],[18.94815,-15.17245],[18.93977,-15.11318],[18.92129,-15.02826],[18.89628,-14.94102],[18.88022,-14.90508],[18.8499,-14.82294],[18.83327,-14.78699],[18.72763,-14.61969],[18.69738,-14.56088],[18.67545,-14.53116],[18.65826,-14.48721],[18.64048,-14.45465],[18.61797,-14.40212],[18.59961,-14.35417],[18.56645,-14.29817],[18.53568,-14.25415],[18.50134,-14.23292],[18.47646,-14.24024],[18.48237,-14.26706],[18.49656,-14.30418],[18.51726,-14.37041],[18.54271,-14.41782],[18.58417,-14.4881],[18.60728,-14.51897],[18.64165,-14.5778],[18.69917,-14.64297],[18.71815,-14.69661],[18.80839,-14.8764],[18.82919,-14.92489],[18.86073,-15.03494],[18.87858,-15.08797],[18.87742,-15.12386],[18.86972,-15.16371],[18.85193,-15.21094],[18.83767,-15.20236],[18.81746,-15.18294],[18.77704,-15.12187],[18.73009,-15.02717],[18.7093,-14.97639],[18.69742,-14.91881],[18.66003,-14.82466],[18.64401,-14.77104],[18.62088,-14.71624],[18.5705,-14.62772],[18.53848,-14.60252],[18.52484,-14.62128],[18.52898,-14.64068],[18.53134,-14.67831],[18.54495,-14.73821],[18.59654,-14.84268],[18.6262,-14.88325],[18.65112,-14.95285],[18.67131,-14.99622],[18.71763,-15.09321],[18.78837,-15.22558],[18.80562,-15.2729],[18.81396,-15.31108],[18.8128,-15.36177],[18.80155,-15.45569],[18.78373,-15.5103],[18.77839,-15.55128],[18.76413,-15.59337],[18.72785,-15.63425],[18.71892,-15.62056],[18.71534,-15.56476],[18.70463,-15.5317],[18.70463,-15.51178],[18.69689,-15.48328],[18.6838,-15.38359],[18.63922,-15.32081],[18.61129,-15.27173],[18.5513,-15.2026],[18.5222,-15.17402],[18.50321,-15.13806],[18.48246,-15.07588],[18.44629,-14.99826],[18.43025,-15.00731],[18.42548,-15.03977],[18.44619,-15.13613],[18.5067,-15.27307],[18.56136,-15.32794],[18.60532,-15.42547],[18.63742,-15.52067],[18.65705,-15.56685],[18.69215,-15.66488],[18.70288,-15.79468],[18.71956,-15.87611],[18.73258,-15.90949],[18.75949,-15.95134],[18.78393,-15.99636],[18.80302,-16.04534],[18.8227,-16.08351],[18.84417,-16.1103],[18.86685,-16.15472],[18.88536,-16.20141],[18.98204,-16.29263],[19.06441,-16.34284],[19.09305,-16.3446],[19.12882,-16.33727],[19.17,-16.34985],[19.1939,-16.3732],[19.17611,-16.43002],[19.16066,-16.46809],[19.13567,-16.51579],[19.09999,-16.59872],[19.08458,-16.67825],[19.07928,-16.72995],[19.08532,-16.77485],[19.11173,-16.85784],[19.13152,-16.90048],[19.15489,-16.93517],[19.17286,-16.95905],[19.25188,-17.01937],[19.29515,-17.06103],[19.2878,-17.03758],[19.27097,-16.99895],[19.26851,-16.966],[19.28401,-16.94501],[19.29622,-16.93968],[19.21273,-16.86369],[19.15943,-16.79373],[19.148,-16.74825],[19.14136,-16.70563],[19.14306,-16.65449],[19.19064,-16.54771],[19.21919,-16.49717],[19.26313,-16.38921],[19.30996,-16.25507],[19.32061,-16.21585],[19.32708,-16.17775],[19.31324,-16.11971],[19.29584,-16.07021],[19.27668,-16.02581],[19.26404,-15.96321],[19.26995,-15.93875],[19.27343,-15.89551],[19.27096,-15.85454],[19.28979,-15.74814],[19.30218,-15.70148],[19.31274,-15.63205],[19.30647,-15.48516],[19.29925,-15.44928],[19.32575,-15.33371],[19.33161,-15.2967],[19.31845,-15.26137],[19.29876,-15.22604],[19.28204,-15.18671],[19.26352,-15.13314],[19.27709,-15.09271],[19.30435,-15.06198],[19.32742,-15.02327],[19.35408,-15.0005],[19.37599,-14.9766],[19.39011,-14.92362],[19.39236,-14.87347],[19.38464,-14.78947],[19.3766,-14.73839],[19.35276,-14.69391],[19.34023,-14.65913],[19.33354,-14.58559],[19.32389,-14.5166],[19.30482,-14.46584],[19.29697,-14.39912],[19.26974,-14.40992],[19.26278,-14.48403],[19.26167,-14.52052],[19.27006,-14.56727],[19.27373,-14.62086],[19.29771,-14.74059],[19.32287,-14.85118],[19.30053,-14.94746],[19.26919,-15.0044],[19.24372,-15.03285],[19.23065,-15.03112],[19.2389,-14.99866],[19.22935,-14.97187],[19.22866,-14.92343],[19.21079,-14.88865],[19.19646,-14.84019],[19.17324,-14.79741],[19.10725,-14.71124],[19.08402,-14.64507],[19.05132,-14.57604],[19.03169,-14.5264],[19.01385,-14.47562],[18.99003,-14.37865],[18.91817,-14.17547],[18.89564,-14.13663],[18.87429,-14.0784],[18.84494,-14.02828]]]}},{"type":"Feature","properties":{"ISOCSUID":"AO48","LANDFORM":"LP","LITHOLOGY":"IA1","SOILS":"ARl","WRB":"Ferrali-Hypoluvic Arenosols","DOMSOILS":"AR","CODE_WRB":"AR-lvw-fl"},"geometry":{"type":"Polygon","coordinates":[[[13.36152,-13.44332],[13.35925,-13.45431],[13.34639,-13.47973],[13.33767,-13.50409],[13.32443,-13.51752],[13.29152,-13.53589],[13.33141,-13.58844],[13.35845,-13.62952],[13.4238,-13.70961],[13.45132,-13.75754],[13.47507,-13.85275],[13.49899,-13.90458],[13.51365,-13.94596],[13.51696,-13.99281],[13.51355,-14.0863],[13.51558,-14.13883],[13.52773,-14.1887],[13.52584,-14.22916],[13.51988,-14.26497],[13.50084,-14.30285],[13.59719,-14.2663],[13.64412,-14.10759],[13.67452,-14.08834],[13.68434,-14.068],[13.71251,-14.04744],[13.70887,-14.01713],[13.71098,-13.92759],[13.70141,-13.89888],[13.67075,-13.85834],[13.6313,-13.77882],[13.56041,-13.70723],[13.51807,-13.66072],[13.49384,-13.62656],[13.45901,-13.59105],[13.43713,-13.55864],[13.42249,-13.51839],[13.40425,-13.48092],[13.37586,-13.45008],[13.36152,-13.44332]]]}},{"type":"Feature","properties":{"ISOCSUID":"AO127","LANDFORM":"LP","LITHOLOGY":"IA1","SOILS":"FRh","WRB":"Acric Ferralsols","DOMSOILS":"FR","CODE_WRB":"FR-ac"},"geometry":{"type":"Polygon","coordinates":[[[16.58491,-13.75992],[16.61112,-13.64606],[16.61081,-13.60611],[16.61465,-13.56449],[16.62675,-13.52409],[16.63008,-13.46991],[16.59818,-13.52394],[16.56576,-13.62378],[16.53333,-13.82088],[16.53078,-13.88147],[16.50176,-13.99751],[16.47395,-14.05031],[16.48087,-14.07434],[16.48479,-14.10518],[16.47489,-14.16268],[16.47287,-14.1946],[16.47549,-14.23968],[16.47096,-14.29153],[16.45568,-14.35353],[16.46481,-14.40096],[16.46172,-14.41746],[16.45158,-14.43818],[16.47958,-14.50948],[16.52309,-14.5786],[16.54101,-14.62212],[16.58368,-14.70915],[16.61013,-14.774],[16.66645,-14.82605],[16.6929,-14.91735],[16.72276,-14.98732],[16.76628,-15.04364],[16.80553,-15.10849],[16.84905,-15.14774],[16.89659,-15.21044],[16.90441,-15.19513],[16.90217,-15.17232],[16.91611,-15.12573],[16.91897,-15.046],[16.91567,-15.0021],[16.93373,-14.95952],[16.95387,-14.96711],[16.97631,-14.98725],[16.99517,-15.01191],[17.01299,-15.01035],[17.019,-14.99673],[17.02095,-14.96769],[17.01815,-14.93746],[16.99662,-14.86206],[17.00382,-14.84844],[17.00403,-14.81083],[17.01371,-14.77843],[17.01866,-14.74313],[17.01888,-14.70324],[17.02326,-14.66337],[17.02289,-14.6229],[17.01715,-14.55556],[16.99752,-14.4361],[16.96851,-14.35589],[16.91993,-14.28959],[16.91128,-14.25074],[16.91026,-14.22278],[16.92425,-14.1596],[16.94837,-14.0851],[16.95975,-14.06238],[16.96782,-13.998],[16.96854,-13.97519],[16.96578,-13.94036],[16.95588,-13.91461],[16.94603,-13.87858],[16.9299,-13.80541],[16.92716,-13.76944],[16.90242,-13.75438],[16.87458,-13.76269],[16.85677,-13.77451],[16.84581,-13.78971],[16.85102,-13.84463],[16.84874,-13.92676],[16.82216,-14.01323],[16.79295,-14.04718],[16.76635,-14.04237],[16.7263,-14.01404],[16.70977,-14.00817],[16.69082,-14.0097],[16.67386,-14.01573],[16.67747,-14.05863],[16.67525,-14.12477],[16.66366,-14.17542],[16.65011,-14.22013],[16.66251,-14.25582],[16.66941,-14.28612],[16.68227,-14.31247],[16.70813,-14.34181],[16.72642,-14.35396],[16.78668,-14.37904],[16.86948,-14.40262],[16.89552,-14.40741],[16.94283,-14.42323],[16.95457,-14.44272],[16.96147,-14.47813],[16.9548,-14.50544],[16.93285,-14.50752],[16.90198,-14.51523],[16.87771,-14.51102],[16.82978,-14.49804],[16.81138,-14.50129],[16.79581,-14.52623],[16.81201,-14.58909],[16.81598,-14.61763],[16.80923,-14.65291],[16.78955,-14.67097],[16.77281,-14.69134],[16.75495,-14.70143],[16.70765,-14.67989],[16.66287,-14.63613],[16.63951,-14.5846],[16.60341,-14.49188],[16.59241,-14.45471],[16.58554,-14.421],[16.57824,-14.36391],[16.56962,-14.32676],[16.56797,-14.30849],[16.57123,-14.2669],[16.57427,-14.26236],[16.55179,-14.25301],[16.54913,-14.21192],[16.53752,-14.1793],[16.54688,-14.1138],[16.55328,-14.04656],[16.54953,-13.99176],[16.5496,-13.89991],[16.55639,-13.86062],[16.58491,-13.75992]]]}},{"type":"Feature","properties":{"ISOCSUID":"AO46","LANDFORM":"SH","LITHOLOGY":"IA1","SOILS":"LVh","WRB":"Haplic Luvisols","DOMSOILS":"LV","CODE_WRB":"LV-ha"},"geometry":{"type":"Polygon","coordinates":[[[13.29152,-13.53589],[13.27007,-13.55006],[13.23193,-13.56753],[13.16831,-13.58845],[13.13343,-13.59623],[13.13599,-13.61002],[13.14849,-13.63654],[13.16881,-13.65638],[13.19427,-13.65406],[13.21644,-13.63798],[13.24807,-13.62152],[13.25761,-13.64912],[13.269,-13.67218],[13.25754,-13.71703],[13.25529,-13.74266],[13.28456,-13.82317],[13.27413,-13.84349],[13.25989,-13.84605],[13.20373,-13.8443],[13.16092,-13.85652],[13.14092,-13.85039],[13.12412,-13.83177],[13.10979,-13.8075],[13.08949,-13.78652],[13.07523,-13.75939],[13.05851,-13.73678],[13.03764,-13.71521],[13.0183,-13.70623],[12.9531,-13.68484],[12.9233,-13.66706],[12.93216,-13.637],[12.93647,-13.62924],[12.92052,-13.62762],[12.86798,-13.63892],[12.89472,-13.69689],[12.92719,-13.75926],[12.94086,-13.80881],[12.95111,-13.86519],[12.95367,-13.91816],[12.95367,-13.9549],[12.94428,-14.12662],[12.96393,-14.15311],[13.00066,-14.15311],[13.0468,-14.15994],[13.116,-14.15653],[13.14932,-14.14969],[13.17922,-14.13688],[13.20268,-14.12222],[13.245,-14.11039],[13.28516,-14.08391],[13.31506,-14.06084],[13.35778,-14.03435],[13.47739,-13.9848],[13.51566,-13.97438],[13.51365,-13.94596],[13.49899,-13.90458],[13.47507,-13.85275],[13.45132,-13.75754],[13.4238,-13.70961],[13.35845,-13.62952],[13.33141,-13.58844],[13.29152,-13.53589]]]}},{"type":"Feature","properties":{"ISOCSUID":"AO44","LANDFORM":"TM","LITHOLOGY":"IA1","SOILS":"LPq","WRB":"Lithic Leptosols","DOMSOILS":"LP","CODE_WRB":"LP-li"},"geometry":{"type":"Polygon","coordinates":[[[13.13343,-13.59623],[13.11613,-13.59761],[13.08668,-13.59242],[13.05709,-13.59463],[13.02065,-13.61496],[13.00398,-13.62145],[12.97843,-13.62831],[12.95829,-13.63073],[12.93647,-13.62924],[12.93216,-13.637],[12.9233,-13.66706],[12.9531,-13.68484],[13.0183,-13.70623],[13.03764,-13.71521],[13.05851,-13.73678],[13.07523,-13.75939],[13.08949,-13.78652],[13.10979,-13.8075],[13.12412,-13.83177],[13.14092,-13.85039],[13.16092,-13.85652],[13.20373,-13.8443],[13.25989,-13.84605],[13.27413,-13.84349],[13.28456,-13.82317],[13.25529,-13.74266],[13.25754,-13.71703],[13.269,-13.67218],[13.25761,-13.64912],[13.24807,-13.62152],[13.21644,-13.63798],[13.19427,-13.65406],[13.16881,-13.65638],[13.14849,-13.63654],[13.13599,-13.61002],[13.13343,-13.59623]]]}},{"type":"Feature","properties":{"ISOCSUID":"AO123","LANDFORM":"LP","LITHOLOGY":"IA1","SOILS":"ARg","WRB":"Gleyic Arenosols","DOMSOILS":"AR","CODE_WRB":"AR-gl"},"geometry":{"type":"Polygon","coordinates":[[[16.21358,-13.62301],[16.20125,-13.61317],[16.17824,-13.60949],[16.15768,-13.59441],[16.15279,-13.61376],[16.13732,-13.62671],[16.12535,-13.64369],[16.12011,-13.70298],[16.12653,-13.71218],[16.14365,-13.71466],[16.1555,-13.71137],[16.17197,-13.72069],[16.1851,-13.706],[16.17694,-13.69279],[16.17948,-13.67227],[16.21358,-13.62301]]]}},{"type":"Feature","properties":{"ISOCSUID":"AO124","LANDFORM":"LP","LITHOLOGY":"IA1","SOILS":"FRx","WRB":"Xanthic Ferralsols","DOMSOILS":"FR","CODE_WRB":"FR-xa"},"geometry":{"type":"Polygon","coordinates":[[[16.21358,-13.62301],[16.17948,-13.67227],[16.17694,-13.69279],[16.1851,-13.706],[16.17197,-13.72069],[16.1555,-13.71137],[16.14365,-13.71466],[16.13763,-13.71379],[16.13711,-13.71972],[16.14565,-13.75805],[16.1413,-13.78139],[16.14706,-13.79971],[16.13635,-13.87547],[16.1105,-13.92424],[16.08738,-13.94866],[16.11364,-13.97048],[16.1307,-13.98152],[16.13173,-14.00036],[16.122,-14.02991],[16.10296,-14.04224],[16.05365,-14.01418],[16.05107,-14.02053],[16.05027,-14.04447],[16.05833,-14.06967],[16.07339,-14.10635],[16.09159,-14.1231],[16.09908,-14.14772],[16.0977,-14.16995],[16.08979,-14.19324],[16.10735,-14.21682],[16.12973,-14.23077],[16.15962,-14.2423],[16.18584,-14.24852],[16.20727,-14.23507],[16.20466,-14.19284],[16.19885,-14.18023],[16.19317,-14.15108],[16.1969,-14.13058],[16.18639,-14.11335],[16.17652,-14.09043],[16.1717,-14.03162],[16.18609,-13.9388],[16.21082,-13.8826],[16.22297,-13.84394],[16.23911,-13.82244],[16.26115,-13.80328],[16.30796,-13.79182],[16.31578,-13.77536],[16.31006,-13.75133],[16.30137,-13.72841],[16.29921,-13.70385],[16.3153,-13.68691],[16.3089,-13.67485],[16.27128,-13.64876],[16.25604,-13.63376],[16.2473,-13.61882],[16.23553,-13.61299],[16.22072,-13.61738],[16.21358,-13.62301]]]}},{"type":"Feature","properties":{"ISOCSUID":"AO42","LANDFORM":"SP","LITHOLOGY":"SO1","SOILS":"CLl","WRB":"Areni-Calcic Luvisols","DOMSOILS":"CL","CODE_WRB":"LV-cc-ar"},"geometry":{"type":"Polygon","coordinates":[[[12.86798,-13.63892],[12.84338,-13.64303],[12.81768,-13.6573],[12.79953,-13.67801],[12.78612,-13.69826],[12.7798,-13.71866],[12.77876,-13.82935],[12.76792,-13.86848],[12.76549,-13.90095],[12.75912,-13.92363],[12.76963,-13.98892],[12.79064,-14.03332],[12.7883,-14.06123],[12.77078,-14.07909],[12.74623,-14.0928],[12.72619,-14.11745],[12.71447,-14.14058],[12.71394,-14.16681],[12.69931,-14.18758],[12.68421,-14.20207],[12.65379,-14.21222],[12.62854,-14.23047],[12.61637,-14.24616],[12.6065,-14.26533],[12.61197,-14.28713],[12.6119,-14.31907],[12.59849,-14.33758],[12.57913,-14.35653],[12.51482,-14.4001],[12.50781,-14.42332],[12.50619,-14.44381],[12.50906,-14.47639],[12.51113,-14.49069],[12.52657,-14.51785],[12.5365,-14.55287],[12.53419,-14.57848],[12.52909,-14.59546],[12.51433,-14.62021],[12.48151,-14.65765],[12.47268,-14.68253],[12.4698,-14.70641],[12.48061,-14.72832],[12.53615,-14.73931],[12.56663,-14.75711],[12.57804,-14.76048],[12.57435,-14.81181],[12.57008,-14.83231],[12.55213,-14.86392],[12.54274,-14.91176],[12.51625,-14.92287],[12.52052,-14.9878],[12.53334,-15.05786],[12.55546,-15.13073],[12.58827,-15.14233],[12.67009,-15.17952],[12.69668,-15.18696],[12.73285,-15.19062],[12.77565,-15.18987],[12.80432,-15.18253],[12.84008,-15.17706],[12.9019,-15.17557],[12.93469,-15.17002],[12.99829,-15.16912],[13.05603,-15.18027],[13.06621,-15.15918],[13.12012,-15.07372],[13.15139,-15.05387],[13.15954,-15.05489],[13.16857,-15.0246],[13.17013,-15.00468],[13.1682,-14.98128],[13.1573,-14.9611],[13.1164,-14.92604],[13.11242,-14.88606],[13.11287,-14.86213],[13.09918,-14.83333],[13.09145,-14.80296],[13.09265,-14.8008],[13.04252,-14.75517],[12.98588,-14.70834],[12.92307,-14.67447],[12.89277,-14.67666],[12.86732,-14.70403],[12.86258,-14.73357],[12.87701,-14.8137],[12.87886,-14.83996],[12.87353,-14.86949],[12.86372,-14.88523],[12.8284,-14.8702],[12.80942,-14.84014],[12.79063,-14.80039],[12.76447,-14.75757],[12.7703,-14.7492],[12.7752,-14.71225],[12.76165,-14.67831],[12.75301,-14.66557],[12.73162,-14.63829],[12.70283,-14.6251],[12.64452,-14.60553],[12.64214,-14.57697],[12.70553,-14.57955],[12.72523,-14.57315],[12.73386,-14.55738],[12.73713,-14.54205],[12.7287,-14.51905],[12.72447,-14.49387],[12.73536,-14.48328],[12.75317,-14.48197],[12.77262,-14.45788],[12.79313,-14.44009],[12.79712,-14.47782],[12.82203,-14.47723],[12.84762,-14.4721],[12.87132,-14.47262],[12.8875,-14.49351],[12.89603,-14.51194],[12.91828,-14.52612],[12.94735,-14.52504],[12.97591,-14.51996],[13.00732,-14.52007],[13.05998,-14.55656],[13.07862,-14.57407],[13.08602,-14.59019],[13.07803,-14.60484],[13.05586,-14.61691],[13.02915,-14.61805],[13.01922,-14.64064],[13.03246,-14.66145],[13.08054,-14.69042],[13.09527,-14.69587],[13.11926,-14.71348],[13.14104,-14.72249],[13.18138,-14.75413],[13.20674,-14.76207],[13.23799,-14.74049],[13.29814,-14.66364],[13.30812,-14.63705],[13.29143,-14.60933],[13.28134,-14.57777],[13.28533,-14.52197],[13.27629,-14.4659],[13.26528,-14.45198],[13.25433,-14.44693],[13.23147,-14.45356],[13.20241,-14.45466],[13.16233,-14.44241],[13.14472,-14.43349],[13.11841,-14.41468],[13.09936,-14.38804],[13.05741,-14.35064],[13.04768,-14.33275],[13.05642,-14.30955],[13.08591,-14.28566],[13.10209,-14.27573],[13.13964,-14.26342],[13.16157,-14.26274],[13.20096,-14.24646],[13.21729,-14.22855],[13.2273,-14.19967],[13.22994,-14.18489],[13.24233,-14.15549],[13.23622,-14.13368],[13.20268,-14.12222],[13.17922,-14.13688],[13.14932,-14.14969],[13.116,-14.15653],[13.0468,-14.15994],[13.00066,-14.15311],[12.96393,-14.15311],[12.94428,-14.12662],[12.95367,-13.9549],[12.95367,-13.91816],[12.95111,-13.86519],[12.94086,-13.80881],[12.92719,-13.75926],[12.89472,-13.69689],[12.86798,-13.63892]]]}},{"type":"Feature","properties":{"ISOCSUID":"AO128","LANDFORM":"LP","LITHOLOGY":"UE","SOILS":"ARo","WRB":"Rubi-Ferralic Arenosols","DOMSOILS":"AR","CODE_WRB":"AR-fl-ru"},"geometry":{"type":"Polygon","coordinates":[[[16.67386,-14.01573],[16.64553,-13.79932],[16.64116,-13.74735],[16.63378,-13.70334],[16.62325,-13.68669],[16.60842,-13.69453],[16.59678,-13.70462],[16.58491,-13.75992],[16.55639,-13.86062],[16.5496,-13.89991],[16.54953,-13.99176],[16.55328,-14.04656],[16.54688,-14.1138],[16.53752,-14.1793],[16.54913,-14.21192],[16.55179,-14.25301],[16.57427,-14.26236],[16.57123,-14.2669],[16.56797,-14.30849],[16.56962,-14.32676],[16.57824,-14.36391],[16.58554,-14.421],[16.59241,-14.45471],[16.60341,-14.49188],[16.63951,-14.5846],[16.66287,-14.63613],[16.70765,-14.67989],[16.75495,-14.70143],[16.77281,-14.69134],[16.78955,-14.67097],[16.80923,-14.65291],[16.81598,-14.61763],[16.81201,-14.58909],[16.79581,-14.52623],[16.81138,-14.50129],[16.82978,-14.49804],[16.87771,-14.51102],[16.90198,-14.51523],[16.93285,-14.50752],[16.9548,-14.50544],[16.96147,-14.47813],[16.95457,-14.44272],[16.94283,-14.42323],[16.89552,-14.40741],[16.86948,-14.40262],[16.78668,-14.37904],[16.72642,-14.35396],[16.70813,-14.34181],[16.68227,-14.31247],[16.66941,-14.28612],[16.66251,-14.25582],[16.65011,-14.22013],[16.66366,-14.17542],[16.67525,-14.12477],[16.67747,-14.05863],[16.67386,-14.01573]]]}},{"type":"Feature","properties":{"ISOCSUID":"AO67","LANDFORM":"SH","LITHOLOGY":"IA1","SOILS":"ACh","WRB":"Chromic Acrisols","DOMSOILS":"AC","CODE_WRB":"AC-cr"},"geometry":{"type":"Polygon","coordinates":[[[14.45654,-13.71291],[14.44611,-13.73898],[14.42309,-13.77739],[14.40399,-13.78962],[14.38375,-13.79897],[14.35181,-13.79956],[14.3306,-13.79406],[14.30604,-13.79135],[14.30459,-13.7936],[14.26953,-13.80497],[14.24495,-13.82679],[14.22416,-13.8327],[14.20408,-13.8312],[14.17906,-13.84274],[14.17512,-13.86892],[14.20645,-13.90885],[14.20922,-13.91673],[14.21109,-13.91463],[14.23062,-13.91441],[14.30035,-13.87969],[14.36514,-13.85799],[14.39067,-13.85159],[14.48784,-13.83955],[14.49634,-13.82371],[14.48658,-13.80301],[14.4805,-13.7738],[14.46218,-13.73184],[14.45654,-13.71291]]]}},{"type":"Feature","properties":{"ISOCSUID":"AO204","LANDFORM":"LV","LITHOLOGY":"UE","SOILS":"ARg","WRB":"Albi-Gleyic Arenosols","DOMSOILS":"AR","CODE_WRB":"AR-gl-ab"},"geometry":{"type":"Polygon","coordinates":[[[18.21727,-13.82703],[18.21776,-13.80106],[18.21423,-13.79191],[18.17936,-13.77919],[18.15391,-13.79618],[18.1385,-13.81608],[18.12603,-13.8434],[18.11952,-13.85021],[18.08994,-13.85463],[18.0882,-13.83636],[18.04988,-13.78139],[18.02037,-13.75499],[17.98724,-13.76565],[17.98128,-13.78673],[18.00132,-13.81251],[18.02254,-13.84743],[18.03726,-13.87717],[18.06262,-13.91096],[18.06604,-13.97088],[18.06244,-14.00052],[18.05471,-14.01588],[18.04988,-14.05978],[18.04156,-14.0797],[18.01841,-14.10809],[17.98881,-14.11193],[17.98175,-14.09078],[17.95814,-14.06784],[17.93279,-14.02435],[17.91033,-14.01509],[17.8825,-14.02178],[17.89782,-14.04696],[17.91073,-14.08924],[17.91125,-14.11891],[17.92009,-14.1355],[17.93595,-14.18407],[17.94538,-14.20009],[17.95361,-14.22694],[17.93691,-14.27304],[17.92089,-14.28435],[17.89721,-14.28022],[17.87773,-14.25673],[17.86537,-14.22871],[17.85123,-14.20411],[17.83529,-14.18519],[17.82174,-14.16401],[17.781,-14.1284],[17.75559,-14.11342],[17.73425,-14.12127],[17.76478,-14.20416],[17.78303,-14.23963],[17.84859,-14.30161],[17.86216,-14.31937],[17.87807,-14.34968],[17.87082,-14.40381],[17.87726,-14.43007],[17.87306,-14.45058],[17.87481,-14.46085],[17.87195,-14.46439],[17.89021,-14.46265],[17.93643,-14.46747],[17.95664,-14.4734],[17.96668,-14.4551],[17.98515,-14.41187],[18.00479,-14.37434],[18.01911,-14.32994],[18.05781,-14.23548],[18.07395,-14.158],[18.08704,-14.1267],[18.16125,-13.99703],[18.17964,-13.96974],[18.20163,-13.90367],[18.21727,-13.82703]]]}},{"type":"Feature","properties":{"ISOCSUID":"AO223","LANDFORM":"LP","LITHOLOGY":"UE","SOILS":"ARo","WRB":"Rubi-Ferralic Arenosols","DOMSOILS":"AR","CODE_WRB":"AR-fl-ru"},"geometry":{"type":"Polygon","coordinates":[[[18.86641,-14.27527],[18.83476,-14.2916],[18.79923,-14.31488],[18.76725,-14.31136],[18.73467,-14.31526],[18.71216,-14.3055],[18.68373,-14.25123],[18.67899,-14.22841],[18.6405,-14.13817],[18.62038,-14.1016],[18.56535,-14.05749],[18.49909,-14.01732],[18.48313,-13.99729],[18.46896,-13.95446],[18.4347,-13.87845],[18.41934,-13.85614],[18.39039,-13.8292],[18.34724,-13.81647],[18.30763,-13.80945],[18.28279,-13.80991],[18.24435,-13.81715],[18.21727,-13.82703],[18.20163,-13.90367],[18.17964,-13.96974],[18.16125,-13.99703],[18.08704,-14.1267],[18.07395,-14.158],[18.05781,-14.23548],[18.01911,-14.32994],[18.00479,-14.37434],[17.95358,-14.47897],[17.932,-14.57919],[17.92717,-14.61393],[17.9247,-14.6504],[17.92509,-14.73419],[17.91844,-14.78089],[17.89628,-14.86112],[17.8784,-14.89096],[17.87581,-14.96984],[17.87924,-15.01658],[17.872,-15.06098],[17.86889,-15.1128],[17.86044,-15.16061],[17.85737,-15.19534],[17.85013,-15.23573],[17.83039,-15.28175],[17.80044,-15.36188],[17.78014,-15.3908],[17.74617,-15.41564],[17.72746,-15.43628],[17.7246,-15.46847],[17.7144,-15.49744],[17.70002,-15.52867],[17.66892,-15.57686],[17.64802,-15.5995],[17.63005,-15.63411],[17.61804,-15.66477],[17.6102,-15.69374],[17.60472,-15.72672],[17.58978,-15.7437],[17.56778,-15.73786],[17.52926,-15.6949],[17.51623,-15.67717],[17.47238,-15.63303],[17.43024,-15.60711],[17.41782,-15.58994],[17.35129,-15.56839],[17.34743,-15.56422],[17.33464,-15.56712],[17.31431,-15.5886],[17.31894,-15.61596],[17.36394,-15.6664],[17.40003,-15.71277],[17.48111,-15.82547],[17.5077,-15.87802],[17.52236,-15.93445],[17.52929,-15.99026],[17.52904,-16.0094],[17.57274,-16.0008],[17.61148,-15.99707],[17.65026,-15.98083],[17.6837,-15.95658],[17.76245,-15.92009],[17.82213,-15.87891],[17.85249,-15.88136],[17.9166,-15.95968],[17.96286,-16.04642],[17.98182,-16.09431],[18.00438,-16.12799],[18.00725,-16.14427],[18.01152,-16.13428],[18.01218,-16.10699],[18.02417,-16.07519],[18.06425,-16.00145],[18.0929,-15.97542],[18.12034,-15.95564],[18.14838,-15.93132],[18.3136,-15.86059],[18.33669,-15.84227],[18.35101,-15.82185],[18.37014,-15.73997],[18.36899,-15.70468],[18.34111,-15.6169],[18.32689,-15.56162],[18.27944,-15.45778],[18.25752,-15.40017],[18.2463,-15.35058],[18.25052,-15.30617],[18.28265,-15.28297],[18.31654,-15.27059],[18.34921,-15.27585],[18.38604,-15.3005],[18.43293,-15.36903],[18.50301,-15.49173],[18.58802,-15.62469],[18.60051,-15.66572],[18.61359,-15.72325],[18.61656,-15.77221],[18.63024,-15.86729],[18.65287,-15.91858],[18.69933,-15.93978],[18.73258,-15.90949],[18.71956,-15.87611],[18.70288,-15.79468],[18.69215,-15.66488],[18.65705,-15.56685],[18.63742,-15.52067],[18.60532,-15.42547],[18.56136,-15.32794],[18.5067,-15.27307],[18.44619,-15.13613],[18.42548,-15.03977],[18.43025,-15.00731],[18.44629,-14.99826],[18.48246,-15.07588],[18.50321,-15.13806],[18.5222,-15.17402],[18.5513,-15.2026],[18.61129,-15.27173],[18.63922,-15.32081],[18.6838,-15.38359],[18.69689,-15.48328],[18.70463,-15.51178],[18.70463,-15.5317],[18.71534,-15.56476],[18.71892,-15.62056],[18.72785,-15.63425],[18.76413,-15.59337],[18.77839,-15.55128],[18.78373,-15.5103],[18.80155,-15.45569],[18.8128,-15.36177],[18.81396,-15.31108],[18.80562,-15.2729],[18.78837,-15.22558],[18.71763,-15.09321],[18.67131,-14.99622],[18.65112,-14.95285],[18.6262,-14.88325],[18.59654,-14.84268],[18.54495,-14.73821],[18.53134,-14.67831],[18.52898,-14.64068],[18.52484,-14.62128],[18.53848,-14.60252],[18.5705,-14.62772],[18.62088,-14.71624],[18.64401,-14.77104],[18.66003,-14.82466],[18.69742,-14.91881],[18.7093,-14.97639],[18.73009,-15.02717],[18.77704,-15.12187],[18.81746,-15.18294],[18.83767,-15.20236],[18.85193,-15.21094],[18.86972,-15.16371],[18.87742,-15.12386],[18.87858,-15.08797],[18.86073,-15.03494],[18.82919,-14.92489],[18.80839,-14.8764],[18.71815,-14.69661],[18.69917,-14.64297],[18.64165,-14.5778],[18.60728,-14.51897],[18.58417,-14.4881],[18.51726,-14.37041],[18.49656,-14.30418],[18.48237,-14.26706],[18.47646,-14.24024],[18.50134,-14.23292],[18.53568,-14.25415],[18.56645,-14.29817],[18.59961,-14.35417],[18.61797,-14.40212],[18.64048,-14.45465],[18.65826,-14.48721],[18.67545,-14.53116],[18.69738,-14.56088],[18.72763,-14.61969],[18.73118,-14.61115],[18.73355,-14.58493],[18.72939,-14.5644],[18.73235,-14.5416],[18.74835,-14.51144],[18.76376,-14.49666],[18.80466,-14.51274],[18.84024,-14.54704],[18.86753,-14.5779],[18.94175,-14.69322],[18.96138,-14.74856],[18.96734,-14.78163],[18.99414,-14.86945],[19.00914,-15.00965],[19.01177,-15.22101],[18.98809,-15.29614],[18.96929,-15.50338],[18.98479,-15.54212],[19.01636,-15.57635],[19.05983,-15.6049],[19.08783,-15.6357],[19.09739,-15.66019],[19.12598,-15.67504],[19.12378,-15.79229],[19.12564,-15.83668],[19.12985,-15.86116],[19.11451,-15.88592],[19.13348,-15.89929],[19.171,-15.89935],[19.21418,-15.87465],[19.21558,-15.85219],[19.22855,-15.7879],[19.24332,-15.72987],[19.26683,-15.58418],[19.22906,-15.43723],[19.23965,-15.38144],[19.24431,-15.33361],[19.27394,-15.2898],[19.21786,-15.17637],[19.15986,-14.95581],[19.13957,-14.88853],[19.09912,-14.82521],[19.08184,-14.7773],[19.0521,-14.71968],[19.01763,-14.66261],[18.97368,-14.59925],[18.92258,-14.48226],[18.90061,-14.4212],[18.88634,-14.36244],[18.87979,-14.3225],[18.86641,-14.27527]]]}},{"type":"Feature","properties":{"ISOCSUID":"AO7","LANDFORM":"LL","LITHOLOGY":"SO2","SOILS":"CLh","WRB":"Eutri-Aridic Cambisols","DOMSOILS":"CL","CODE_WRB":"CM-ad-eu"},"geometry":{"type":"Polygon","coordinates":[[[12.52287,-13.93192],[12.50002,-13.92671],[12.47268,-13.91389],[12.42499,-13.9162],[12.42844,-13.93412],[12.42492,-13.94355],[12.42589,-13.94833],[12.42329,-13.9516],[12.42022,-13.95023],[12.4088,-13.96422],[12.40307,-13.97946],[12.39442,-14.02775],[12.38761,-14.03834],[12.38725,-14.0437],[12.38337,-14.04455],[12.37537,-14.05353],[12.3676,-14.05469],[12.36478,-14.05883],[12.3615,-14.07654],[12.35727,-14.08436],[12.35655,-14.09975],[12.37275,-14.15284],[12.36494,-14.17816],[12.35811,-14.1853],[12.34562,-14.18715],[12.34373,-14.18439],[12.3466,-14.17915],[12.34474,-14.17809],[12.33713,-14.18417],[12.33548,-14.18946],[12.33927,-14.20601],[12.33905,-14.21659],[12.35913,-14.2453],[12.35609,-14.2637],[12.35751,-14.26806],[12.36247,-14.27036],[12.37956,-14.26384],[12.3811,-14.27149],[12.36689,-14.27647],[12.37169,-14.28828],[12.37169,-14.29288],[12.36604,-14.29794],[12.37063,-14.31107],[12.41059,-14.31325],[12.42964,-14.30913],[12.43286,-14.29723],[12.42752,-14.29078],[12.44582,-14.27244],[12.45027,-14.25828],[12.46975,-14.23364],[12.47251,-14.21488],[12.48111,-14.20024],[12.47997,-14.17055],[12.48391,-14.15182],[12.48077,-14.13235],[12.48117,-14.11353],[12.47629,-14.09231],[12.47532,-14.05406],[12.47935,-14.03133],[12.48687,-14.01154],[12.51522,-13.958],[12.51792,-13.94208],[12.52287,-13.93192]]]}},{"type":"Feature","properties":{"ISOCSUID":"AO94","LANDFORM":"LP","LITHOLOGY":"IA1","SOILS":"FRh","WRB":"Acric Ferralsols","DOMSOILS":"FR","CODE_WRB":"FR-ac"},"geometry":{"type":"Polygon","coordinates":[[[14.96202,-14.21737],[14.98221,-14.26734],[15.00072,-14.30241],[15.00263,-14.33893],[15.0415,-14.40567],[15.08862,-14.47708],[15.10415,-14.51552],[15.11614,-14.55389],[15.12991,-14.54212],[15.1378,-14.52741],[15.15922,-14.47128],[15.18086,-14.44594],[15.2369,-14.36692],[15.27114,-14.32635],[15.32084,-14.27972],[15.37777,-14.22121],[15.39942,-14.19128],[15.40628,-14.16],[15.40832,-14.13608],[15.41681,-14.11794],[15.43292,-14.0623],[15.35482,-13.999],[15.32319,-13.9706],[15.30106,-13.94005],[15.27582,-13.92257],[15.25039,-13.92164],[15.21245,-13.92851],[15.17398,-13.93023],[15.10606,-13.92067],[15.07443,-13.99151],[15.02389,-14.05921],[14.99667,-14.10614],[14.96653,-14.19523],[14.96202,-14.21737]]]}},{"type":"Feature","properties":{"ISOCSUID":"AO116","LANDFORM":"LP","LITHOLOGY":"IA1","SOILS":"FRx","WRB":"Xanthic Ferralsols","DOMSOILS":"FR","CODE_WRB":"FR-xa"},"geometry":{"type":"Polygon","coordinates":[[[16.08986,-13.95077],[16.0743,-13.93751],[16.04057,-13.93826],[16.01322,-13.95276],[15.99168,-13.97932],[15.98957,-14.01637],[16.00722,-14.09302],[16.01106,-14.12672],[16.01131,-14.16437],[16.01758,-14.19125],[16.01548,-14.22601],[16.02052,-14.25915],[16.01496,-14.28361],[16.00853,-14.33999],[16.00119,-14.36556],[15.98733,-14.39049],[15.95733,-14.43118],[15.97282,-14.42168],[15.92619,-14.46616],[15.91169,-14.49506],[15.91859,-14.51738],[15.91405,-14.55951],[15.92028,-14.59037],[15.91831,-14.61087],[15.89975,-14.63003],[15.88676,-14.63485],[15.87936,-14.65372],[15.7907,-14.7444],[15.75585,-14.78898],[15.74617,-14.8071],[15.69678,-14.82129],[15.65044,-14.82638],[15.61726,-14.82196],[15.5916,-14.83587],[15.55953,-14.8383],[15.48691,-14.80369],[15.462,-14.80336],[15.43779,-14.79219],[15.42911,-14.7727],[15.43584,-14.75398],[15.43845,-14.73293],[15.43743,-14.71752],[15.41774,-14.72808],[15.39824,-14.72154],[15.43026,-14.66897],[15.4669,-14.62672],[15.49129,-14.61907],[15.51695,-14.60459],[15.56281,-14.58525],[15.58595,-14.58328],[15.61498,-14.58537],[15.62369,-14.59019],[15.62505,-14.58664],[15.64943,-14.58012],[15.66084,-14.56545],[15.67541,-14.532],[15.69158,-14.51567],[15.70069,-14.4947],[15.70237,-14.47934],[15.69088,-14.46891],[15.67625,-14.45048],[15.63483,-14.38664],[15.58276,-14.26734],[15.55519,-14.18713],[15.54189,-14.15729],[15.52321,-14.13194],[15.48686,-14.10008],[15.43292,-14.0623],[15.41681,-14.11794],[15.40832,-14.13608],[15.40628,-14.16],[15.39942,-14.19128],[15.37777,-14.22121],[15.32084,-14.27972],[15.27114,-14.32635],[15.2369,-14.36692],[15.18086,-14.44594],[15.15922,-14.47128],[15.1378,-14.52741],[15.12991,-14.54212],[15.11614,-14.55389],[15.11437,-14.54824],[15.08702,-14.57945],[15.05972,-14.60249],[15.0343,-14.63066],[15.03684,-14.63766],[15.05206,-14.65328],[15.1092,-14.64942],[15.13822,-14.63918],[15.17661,-14.64601],[15.20904,-14.6554],[15.22525,-14.68099],[15.26706,-14.73646],[15.29949,-14.76547],[15.30546,-14.80045],[15.28669,-14.88408],[15.30887,-14.95831],[15.31826,-14.97452],[15.30887,-14.98732],[15.27957,-14.98748],[15.28936,-15.00611],[15.29496,-15.03525],[15.30116,-15.11511],[15.28574,-15.16445],[15.27601,-15.18426],[15.27337,-15.207],[15.31267,-15.19959],[15.34325,-15.22679],[15.35896,-15.25606],[15.37773,-15.27797],[15.39775,-15.29533],[15.42103,-15.28597],[15.43372,-15.26678],[15.44631,-15.25727],[15.46819,-15.26668],[15.48688,-15.29655],[15.47633,-15.39152],[15.49212,-15.41622],[15.51096,-15.43299],[15.52379,-15.45651],[15.52828,-15.48106],[15.52918,-15.5084],[15.52356,-15.55582],[15.55094,-15.5867],[15.55773,-15.6756],[15.56767,-15.69224],[15.591,-15.68059],[15.60609,-15.66087],[15.62741,-15.67082],[15.64445,-15.69097],[15.65672,-15.7139],[15.66299,-15.74016],[15.67701,-15.76596],[15.6898,-15.79629],[15.69082,-15.81567],[15.70458,-15.80615],[15.72448,-15.78136],[15.74093,-15.74401],[15.76153,-15.70841],[15.83412,-15.71102],[15.84519,-15.73507],[15.83792,-15.74569],[15.89279,-15.73736],[15.94572,-15.74255],[16.10051,-15.73925],[16.19716,-15.71359],[16.23663,-15.69126],[16.26897,-15.666],[16.31227,-15.61125],[16.35153,-15.53652],[16.36246,-15.50874],[16.36517,-15.46663],[16.36582,-15.38464],[16.37806,-15.33978],[16.38372,-15.30111],[16.40082,-15.24205],[16.44565,-15.12859],[16.45785,-15.08656],[16.50329,-15.04601],[16.54787,-15.03962],[16.59648,-15.05208],[16.63253,-15.07693],[16.65306,-15.11359],[16.6581,-15.15808],[16.6715,-15.19637],[16.72473,-15.23277],[16.79296,-15.24822],[16.838,-15.26857],[16.86937,-15.28936],[16.92631,-15.30867],[16.96198,-15.30671],[16.97647,-15.29449],[16.98595,-15.27217],[16.97718,-15.24817],[16.89659,-15.21044],[16.84905,-15.14774],[16.80553,-15.10849],[16.76628,-15.04364],[16.72276,-14.98732],[16.6929,-14.91735],[16.66645,-14.82605],[16.61013,-14.774],[16.58368,-14.70915],[16.54101,-14.62212],[16.52309,-14.5786],[16.46615,-14.61672],[16.42038,-14.63082],[16.34653,-14.67165],[16.27814,-14.69371],[16.21992,-14.70617],[16.16304,-14.69869],[16.13939,-14.6893],[16.11997,-14.67198],[16.10404,-14.66324],[16.09414,-14.64261],[16.05876,-14.61996],[16.04046,-14.61006],[15.98185,-14.60024],[15.96666,-14.57611],[15.97324,-14.5055],[15.9848,-14.47257],[16.01476,-14.43643],[16.08943,-14.36945],[16.15481,-14.33117],[16.16633,-14.31388],[16.17247,-14.28829],[16.17259,-14.2746],[16.15962,-14.2423],[16.12973,-14.23077],[16.10735,-14.21682],[16.08979,-14.19324],[16.0977,-14.16995],[16.09908,-14.14772],[16.09159,-14.1231],[16.07339,-14.10635],[16.05027,-14.04447],[16.05107,-14.02053],[16.05771,-13.99619],[16.07777,-13.95763],[16.08986,-13.95077]]]}},{"type":"Feature","properties":{"ISOCSUID":"AO123","LANDFORM":"LP","LITHOLOGY":"IA1","SOILS":"ARg","WRB":"Gleyic Arenosols","DOMSOILS":"AR","CODE_WRB":"AR-gl"},"geometry":{"type":"Polygon","coordinates":[[[16.08986,-13.95077],[16.07777,-13.95763],[16.05771,-13.99619],[16.05365,-14.01418],[16.10296,-14.04224],[16.122,-14.02991],[16.13173,-14.00036],[16.1307,-13.98152],[16.08986,-13.95077]]]}},{"type":"Feature","properties":{"ISOCSUID":"AO45","LANDFORM":"SH","LITHOLOGY":"IA1","SOILS":"LVh","WRB":"Haplic Luvisols","DOMSOILS":"LV","CODE_WRB":"LV-ha"},"geometry":{"type":"Polygon","coordinates":[[[13.20268,-14.12222],[13.23622,-14.13368],[13.24233,-14.15549],[13.22994,-14.18489],[13.2273,-14.19967],[13.21729,-14.22855],[13.20096,-14.24646],[13.18604,-14.25299],[13.16157,-14.26274],[13.13964,-14.26342],[13.12237,-14.26818],[13.10209,-14.27573],[13.08591,-14.28566],[13.05642,-14.30955],[13.04768,-14.33275],[13.05741,-14.35064],[13.09936,-14.38804],[13.11841,-14.41468],[13.14472,-14.43349],[13.16233,-14.44241],[13.20714,-14.45533],[13.23147,-14.45356],[13.25433,-14.44693],[13.27053,-14.42472],[13.29698,-14.40417],[13.31373,-14.39539],[13.33271,-14.39464],[13.341,-14.39481],[13.37166,-14.40342],[13.41734,-14.36785],[13.44601,-14.35475],[13.46567,-14.34887],[13.49047,-14.32028],[13.50756,-14.29154],[13.51988,-14.26497],[13.52584,-14.22916],[13.52773,-14.1887],[13.51558,-14.13883],[13.51355,-14.0863],[13.51696,-13.99281],[13.51566,-13.97438],[13.47739,-13.9848],[13.35778,-14.03435],[13.31506,-14.06084],[13.28516,-14.08391],[13.245,-14.11039],[13.20268,-14.12222]]]}},{"type":"Feature","properties":{"ISOCSUID":"AO228","LANDFORM":"LP","LITHOLOGY":"IA1","SOILS":"FRh","WRB":"Acric Ferralsols","DOMSOILS":"FR","CODE_WRB":"FR-ac"},"geometry":{"type":"Polygon","coordinates":[[[17.95664,-14.4734],[17.93643,-14.46747],[17.89021,-14.46265],[17.87195,-14.46439],[17.84508,-14.49488],[17.83025,-14.50107],[17.80713,-14.50321],[17.78758,-14.4991],[17.77462,-14.4745],[17.76821,-14.43854],[17.75054,-14.40308],[17.71931,-14.35157],[17.69213,-14.3303],[17.66669,-14.32044],[17.64363,-14.30832],[17.61402,-14.30527],[17.55487,-14.28548],[17.52709,-14.27103],[17.5017,-14.25089],[17.48755,-14.23654],[17.47819,-14.20739],[17.47718,-14.16461],[17.50039,-14.13283],[17.5485,-14.09039],[17.56516,-14.06769],[17.57003,-14.03064],[17.55947,-14.00833],[17.521,-14.01034],[17.42612,-14.05929],[17.38039,-14.09432],[17.35789,-14.097],[17.34087,-14.06493],[17.33451,-14.03123],[17.32512,-14.01462],[17.28086,-13.98918],[17.25297,-14.00664],[17.24281,-14.02824],[17.26693,-14.05752],[17.2839,-14.09872],[17.30981,-14.1263],[17.35675,-14.21905],[17.36436,-14.23849],[17.36004,-14.27895],[17.36169,-14.30747],[17.34197,-14.34496],[17.3377,-14.3723],[17.34174,-14.39685],[17.35943,-14.41637],[17.40134,-14.4526],[17.41849,-14.46185],[17.43148,-14.47278],[17.4509,-14.50598],[17.44128,-14.53898],[17.43823,-14.55777],[17.42321,-14.60555],[17.42666,-14.63009],[17.43844,-14.65012],[17.47052,-14.63496],[17.49794,-14.60038],[17.56188,-14.46685],[17.57854,-14.45043],[17.60226,-14.44432],[17.64258,-14.43831],[17.71418,-14.46957],[17.73187,-14.49647],[17.74488,-14.50853],[17.75548,-14.52969],[17.75837,-14.55422],[17.78544,-14.61994],[17.7907,-14.64392],[17.80491,-14.65369],[17.81492,-14.67826],[17.83622,-14.69435],[17.8629,-14.69679],[17.89496,-14.68557],[17.92483,-14.66212],[17.92717,-14.61393],[17.932,-14.57919],[17.95358,-14.47897],[17.95664,-14.4734]]]}},{"type":"Feature","properties":{"ISOCSUID":"AO121","LANDFORM":"LP","LITHOLOGY":"IA1","SOILS":"ARb","WRB":"Dystric Arenosols","DOMSOILS":"AR","CODE_WRB":"AR-dy"},"geometry":{"type":"Polygon","coordinates":[[[16.47395,-14.05031],[16.45272,-14.04096],[16.42845,-14.04071],[16.40883,-14.05362],[16.3831,-14.08985],[16.37083,-14.14504],[16.36884,-14.17183],[16.36607,-14.22313],[16.37145,-14.29162],[16.37597,-14.32019],[16.37568,-14.35665],[16.39223,-14.36256],[16.40514,-14.37809],[16.40975,-14.39468],[16.45158,-14.43818],[16.46172,-14.41746],[16.46481,-14.40096],[16.45568,-14.35353],[16.47096,-14.29153],[16.47549,-14.23968],[16.47287,-14.1946],[16.47489,-14.16268],[16.48479,-14.10518],[16.48087,-14.07434],[16.47395,-14.05031]]]}},{"type":"Feature","properties":{"ISOCSUID":"AO49","LANDFORM":"SH","LITHOLOGY":"IA1","SOILS":"CMe","WRB":"Eutric Cambisols","DOMSOILS":"CM","CODE_WRB":"CM-eu"},"geometry":{"type":"Polygon","coordinates":[[[13.50084,-14.30285],[13.49047,-14.32028],[13.46567,-14.34887],[13.44601,-14.35475],[13.41734,-14.36785],[13.37166,-14.40342],[13.341,-14.39481],[13.31373,-14.39539],[13.29698,-14.40417],[13.27053,-14.42472],[13.25433,-14.44693],[13.26528,-14.45198],[13.27629,-14.4659],[13.28533,-14.52197],[13.28134,-14.57777],[13.29143,-14.60933],[13.30812,-14.63705],[13.29814,-14.66364],[13.23799,-14.74049],[13.20674,-14.76207],[13.1953,-14.75849],[13.19064,-14.79822],[13.17885,-14.82533],[13.15843,-14.83801],[13.10608,-14.81353],[13.09265,-14.8008],[13.09145,-14.80296],[13.09918,-14.83333],[13.11287,-14.86213],[13.11242,-14.88606],[13.1164,-14.92604],[13.1573,-14.9611],[13.1682,-14.98128],[13.17013,-15.00468],[13.16857,-15.0246],[13.15954,-15.05489],[13.17864,-15.05729],[13.17926,-15.0875],[13.17813,-15.11597],[13.16672,-15.18581],[13.16584,-15.23195],[13.18017,-15.29149],[13.22373,-15.34652],[13.35153,-15.44542],[13.38866,-15.46383],[13.42534,-15.47482],[13.47403,-15.47922],[13.48129,-15.47679],[13.4736,-15.4701],[13.47001,-15.43756],[13.47178,-15.40513],[13.47588,-15.3756],[13.49337,-15.3281],[13.48845,-15.30832],[13.47762,-15.31126],[13.45708,-15.32965],[13.44794,-15.342],[13.41607,-15.36186],[13.38527,-15.38858],[13.36813,-15.38253],[13.30677,-15.32432],[13.28563,-15.31021],[13.26473,-15.28357],[13.24659,-15.26782],[13.25661,-15.24068],[13.26943,-15.22214],[13.27397,-15.20173],[13.25698,-15.18884],[13.26498,-15.17362],[13.26707,-15.15714],[13.23249,-15.13192],[13.25437,-15.10744],[13.2334,-15.08294],[13.21405,-15.03752],[13.20836,-14.99295],[13.21171,-14.9725],[13.24189,-14.91386],[13.27584,-14.87581],[13.31818,-14.86471],[13.33761,-14.84117],[13.35107,-14.81922],[13.35856,-14.79885],[13.38859,-14.77894],[13.42078,-14.77047],[13.44622,-14.74135],[13.43492,-14.70976],[13.44099,-14.66884],[13.42828,-14.6167],[13.43224,-14.59454],[13.44281,-14.56739],[13.45314,-14.55334],[13.47531,-14.5401],[13.50156,-14.53094],[13.51679,-14.5415],[13.58075,-14.51141],[13.63042,-14.51866],[13.65086,-14.50196],[13.64165,-14.48581],[13.63053,-14.47761],[13.61052,-14.46923],[13.59455,-14.43356],[13.5955,-14.41305],[13.58508,-14.39859],[13.56816,-14.38343],[13.56316,-14.36451],[13.60575,-14.3682],[13.64919,-14.35765],[13.68629,-14.4057],[13.7201,-14.40351],[13.73093,-14.35866],[13.76369,-14.3131],[13.76741,-14.26811],[13.73922,-14.18315],[13.71893,-14.15766],[13.69246,-14.11265],[13.67452,-14.08834],[13.64412,-14.10759],[13.59719,-14.2663],[13.50084,-14.30285]]]}},{"type":"Feature","properties":{"ISOCSUID":"AO126","LANDFORM":"SH","LITHOLOGY":"MB2","SOILS":"LPq","WRB":"Lithic Leptosols","DOMSOILS":"LP","CODE_WRB":"LP-li"},"geometry":{"type":"Polygon","coordinates":[[[15.92872,-14.25919],[15.95198,-14.24179],[15.96994,-14.21977],[15.97486,-14.20043],[15.96864,-14.16842],[15.95799,-14.16772],[15.93064,-14.18051],[15.91877,-14.18322],[15.90816,-14.17795],[15.8876,-14.16116],[15.87337,-14.16327],[15.87266,-14.17524],[15.86728,-14.18144],[15.8436,-14.18115],[15.82991,-14.18782],[15.83749,-14.1999],[15.85636,-14.20812],[15.88992,-14.22849],[15.91095,-14.25897],[15.92872,-14.25919]]]}},{"type":"Feature","properties":{"ISOCSUID":"AO95","LANDFORM":"LP","LITHOLOGY":"IA1","SOILS":"FRh","WRB":"Acric Ferralsols","DOMSOILS":"FR","CODE_WRB":"FR-ac"},"geometry":{"type":"Polygon","coordinates":[[[15.11437,-14.54824],[15.10415,-14.51552],[15.08862,-14.47708],[15.0415,-14.40567],[15.00263,-14.33893],[15.00072,-14.30241],[14.98221,-14.26734],[14.96202,-14.21737],[14.94455,-14.20117],[14.90257,-14.19653],[14.85728,-14.21864],[14.79837,-14.23996],[14.76229,-14.23653],[14.72224,-14.22049],[14.6888,-14.19714],[14.64702,-14.17821],[14.57962,-14.17083],[14.53146,-14.18486],[14.51521,-14.20341],[14.4997,-14.29497],[14.48021,-14.37391],[14.45465,-14.50293],[14.45652,-14.53774],[14.46945,-14.58699],[14.47088,-14.61096],[14.47588,-14.62566],[14.48671,-14.62377],[14.56804,-14.57495],[14.598,-14.55207],[14.62087,-14.52793],[14.62364,-14.4989],[14.63706,-14.47118],[14.72188,-14.42237],[14.77663,-14.405],[14.83012,-14.3933],[14.84362,-14.4032],[14.8661,-14.45146],[14.89297,-14.48152],[14.90868,-14.50457],[14.93337,-14.52092],[15.00235,-14.55105],[15.01282,-14.56717],[15.0343,-14.63066],[15.05972,-14.60249],[15.08702,-14.57945],[15.11437,-14.54824]]]}},{"type":"Feature","properties":{"ISOCSUID":"AO200","LANDFORM":"LP","LITHOLOGY":"UE","SOILS":"ARg","WRB":"Gleyic Arenosols","DOMSOILS":"AR","CODE_WRB":"AR-gl"},"geometry":{"type":"Polygon","coordinates":[[[22.00054,-14.33487],[21.96256,-14.28412],[21.94263,-14.25005],[21.92766,-14.23533],[21.89373,-14.21904],[21.81672,-14.21674],[21.75104,-14.22118],[21.72255,-14.2151],[21.69297,-14.21758],[21.6975,-14.25519],[21.68909,-14.3003],[21.68765,-14.33338],[21.70927,-14.36175],[21.73656,-14.36556],[21.78173,-14.37893],[21.80109,-14.41586],[21.83176,-14.45727],[21.84403,-14.49595],[21.79979,-14.57038],[21.78358,-14.60697],[21.77802,-14.64178],[21.78727,-14.67478],[21.81255,-14.70938],[21.83349,-14.72576],[21.91454,-14.75994],[21.92845,-14.78321],[21.93955,-14.82074],[21.93271,-14.84644],[21.90444,-14.86545],[21.87595,-14.86509],[21.84107,-14.8773],[21.82721,-14.91273],[21.81432,-14.92821],[21.74743,-14.94576],[21.66033,-14.96229],[21.62189,-14.97678],[21.62046,-15.01155],[21.61248,-15.04464],[21.60261,-15.06635],[21.58008,-15.07048],[21.55114,-15.08718],[21.51502,-15.09766],[21.48604,-15.11093],[21.45224,-15.11626],[21.39537,-15.13424],[21.39163,-15.17756],[21.38313,-15.22146],[21.36864,-15.26085],[21.35756,-15.28369],[21.34542,-15.32021],[21.33994,-15.32915],[21.38643,-15.38319],[21.40642,-15.42294],[21.44925,-15.48647],[21.51361,-15.62103],[21.53351,-15.64823],[21.5445,-15.67663],[21.58489,-15.72761],[21.61968,-15.75414],[21.64244,-15.76709],[21.7372,-15.83419],[21.76023,-15.87103],[21.78377,-15.90046],[21.79604,-15.93394],[21.81535,-15.95657],[21.82525,-15.99064],[21.83566,-16.01617],[21.85268,-16.04734],[21.91909,-16.12366],[21.97739,-16.16589],[21.99972,-16.16738],[21.99941,-16.04607],[22.002,-16.0],[21.99968,-15.33022],[22.00054,-14.33487]]]}},{"type":"Feature","properties":{"ISOCSUID":"AO126","LANDFORM":"SH","LITHOLOGY":"MB2","SOILS":"LPq","WRB":"Lithic Leptosols","DOMSOILS":"LP","CODE_WRB":"LP-li"},"geometry":{"type":"Polygon","coordinates":[[[15.6976,-14.33214],[15.70713,-14.32714],[15.7251,-14.30684],[15.72652,-14.28347],[15.72427,-14.27147],[15.71669,-14.25996],[15.70247,-14.26035],[15.69236,-14.26478],[15.66091,-14.27065],[15.65017,-14.27849],[15.65234,-14.29791],[15.67171,-14.31527],[15.6976,-14.33214]]]}},{"type":"Feature","properties":{"ISOCSUID":"AO122","LANDFORM":"LP","LITHOLOGY":"MB2","SOILS":"FRx","WRB":"Xanthic Ferralsols","DOMSOILS":"FR","CODE_WRB":"FR-xa"},"geometry":{"type":"Polygon","coordinates":[[[16.39223,-14.36256],[16.34085,-14.34148],[16.31735,-14.31727],[16.28661,-14.30952],[16.23625,-14.31125],[16.20719,-14.31548],[16.15255,-14.33197],[16.08943,-14.36945],[16.01476,-14.43643],[15.9848,-14.47257],[15.97324,-14.5055],[15.96666,-14.57611],[15.98185,-14.60024],[16.04046,-14.61006],[16.09414,-14.64261],[16.10404,-14.66324],[16.11997,-14.67198],[16.13939,-14.6893],[16.16304,-14.69869],[16.21992,-14.70617],[16.27814,-14.69371],[16.34653,-14.67165],[16.42038,-14.63082],[16.46615,-14.61672],[16.52309,-14.5786],[16.47958,-14.50948],[16.45158,-14.43818],[16.40975,-14.39468],[16.40514,-14.37809],[16.39223,-14.36256]]]}},{"type":"Feature","properties":{"ISOCSUID":"AO37","LANDFORM":"LL","LITHOLOGY":"MB2","SOILS":"CLl","WRB":"Luvic Calcisols","DOMSOILS":"CL","CODE_WRB":"CL-lv"},"geometry":{"type":"Polygon","coordinates":[[[12.40482,-14.31328],[12.40386,-14.32335],[12.41532,-14.36925],[12.41674,-14.38583],[12.38916,-14.40115],[12.38103,-14.42091],[12.37368,-14.45952],[12.36164,-14.49517],[12.33618,-14.52136],[12.34182,-14.56199],[12.34072,-14.58534],[12.34398,-14.5991],[12.35328,-14.60788],[12.36734,-14.61619],[12.36326,-14.64004],[12.35697,-14.657],[12.3535,-14.70398],[12.42398,-14.71185],[12.45559,-14.72295],[12.47929,-14.72564],[12.4698,-14.70641],[12.47268,-14.68253],[12.48151,-14.65765],[12.51433,-14.62021],[12.52909,-14.59546],[12.53419,-14.57848],[12.5365,-14.55287],[12.52657,-14.51785],[12.51113,-14.49069],[12.50619,-14.44381],[12.50781,-14.42332],[12.51482,-14.4001],[12.51904,-14.39749],[12.49318,-14.36328],[12.47439,-14.35046],[12.45986,-14.33508],[12.42743,-14.30961],[12.40482,-14.31328]]]}},{"type":"Feature","properties":{"ISOCSUID":"AO6","LANDFORM":"LL","LITHOLOGY":"SO2","SOILS":"CLh","WRB":"Sodi-Endosalic Calcisols","DOMSOILS":"CL","CODE_WRB":"CL-szn-so"},"geometry":{"type":"Polygon","coordinates":[[[12.37063,-14.31107],[12.36843,-14.31932],[12.36065,-14.32347],[12.3543,-14.3391],[12.3588,-14.34944],[12.36071,-14.37312],[12.35532,-14.3968],[12.35722,-14.40531],[12.35276,-14.42439],[12.34923,-14.4306],[12.34594,-14.44647],[12.34382,-14.4444],[12.34075,-14.44555],[12.33889,-14.4644],[12.33182,-14.47889],[12.33042,-14.48717],[12.32547,-14.492],[12.32149,-14.51913],[12.31607,-14.52856],[12.31538,-14.5474],[12.31114,-14.55476],[12.31021,-14.56649],[12.30361,-14.57293],[12.30527,-14.57959],[12.30011,-14.61683],[12.29398,-14.62258],[12.29778,-14.64395],[12.29566,-14.65085],[12.29733,-14.66096],[12.29568,-14.66602],[12.28742,-14.67131],[12.27775,-14.6835],[12.27445,-14.69384],[12.27493,-14.70373],[12.2844,-14.72394],[12.28205,-14.72923],[12.28938,-14.73979],[12.28916,-14.75128],[12.28137,-14.75956],[12.27837,-14.7668],[12.30003,-14.76568],[12.31894,-14.76898],[12.33712,-14.77911],[12.35953,-14.75797],[12.36054,-14.73862],[12.35305,-14.70081],[12.35697,-14.657],[12.36326,-14.64004],[12.36734,-14.61619],[12.35328,-14.60788],[12.34398,-14.5991],[12.34072,-14.58534],[12.34182,-14.56199],[12.33618,-14.52136],[12.36164,-14.49517],[12.37368,-14.45952],[12.38103,-14.42091],[12.38916,-14.40115],[12.41674,-14.38583],[12.41532,-14.36925],[12.40386,-14.32335],[12.40482,-14.31328],[12.37063,-14.31107]]]}},{"type":"Feature","properties":{"ISOCSUID":"AO211","LANDFORM":"LP","LITHOLOGY":"UE","SOILS":"ARl","WRB":"Ferrali-Hypoluvic Arenosols","DOMSOILS":"AR","CODE_WRB":"AR-lvw-fl"},"geometry":{"type":"Polygon","coordinates":[[[19.30482,-14.46584],[19.32389,-14.5166],[19.33354,-14.58559],[19.34023,-14.65913],[19.35276,-14.69391],[19.3766,-14.73839],[19.38464,-14.78947],[19.39236,-14.87347],[19.39011,-14.92362],[19.37599,-14.9766],[19.35408,-15.0005],[19.32742,-15.02327],[19.31354,-15.04656],[19.35899,-15.06489],[19.38869,-15.07119],[19.43144,-15.06552],[19.45159,-15.05015],[19.45846,-14.95786],[19.45292,-14.88435],[19.4342,-14.76295],[19.43353,-14.73559],[19.44292,-14.69741],[19.45353,-14.66949],[19.46769,-14.64499],[19.49902,-14.61024],[19.51617,-14.59485],[19.55169,-14.57663],[19.58129,-14.56466],[19.61509,-14.56638],[19.63647,-14.57664],[19.6395,-14.59831],[19.62312,-14.66329],[19.61846,-14.69122],[19.6286,-14.70832],[19.68271,-14.74765],[19.77842,-14.79949],[19.85998,-14.86669],[19.93459,-14.96636],[19.94359,-14.988],[19.94312,-15.01592],[19.92535,-15.02619],[19.9051,-15.01139],[19.86706,-15.00116],[19.8321,-15.01942],[19.83158,-15.03708],[19.83824,-15.06955],[19.86808,-15.10428],[19.9567,-15.13155],[19.98645,-15.14406],[20.00434,-15.15942],[20.0367,-15.21805],[20.04648,-15.27557],[20.03174,-15.30178],[20.0009,-15.31435],[19.95519,-15.32692],[19.89169,-15.35033],[19.85547,-15.3606],[19.79732,-15.38967],[19.77663,-15.41986],[19.75935,-15.47595],[19.78462,-15.48819],[19.80487,-15.49387],[19.88995,-15.50293],[19.92504,-15.5029],[19.9655,-15.50742],[20.02379,-15.50736],[20.06546,-15.51528],[20.1066,-15.53572],[20.16989,-15.58231],[20.20809,-15.60501],[20.24991,-15.63739],[20.27802,-15.66352],[20.31854,-15.67197],[20.46017,-15.67221],[20.56844,-15.66565],[20.62798,-15.67116],[20.66732,-15.67957],[20.70971,-15.69879],[20.81235,-15.73656],[20.85298,-15.7569],[20.87753,-15.77558],[20.90238,-15.78572],[20.98221,-15.7632],[21.01,-15.74032],[21.04433,-15.71626],[21.06441,-15.69739],[21.08297,-15.63867],[21.09774,-15.62665],[21.11925,-15.6368],[21.13841,-15.65094],[21.1694,-15.65648],[21.21161,-15.65172],[21.24004,-15.6362],[21.26825,-15.59678],[21.23147,-15.54231],[21.21563,-15.49912],[21.21525,-15.45585],[21.23878,-15.42783],[21.26969,-15.42653],[21.30568,-15.46108],[21.32886,-15.49193],[21.33026,-15.48258],[21.31691,-15.45305],[21.29334,-15.4116],[21.27572,-15.36955],[21.25232,-15.34519],[21.21387,-15.29868],[21.0959,-15.19274],[21.07125,-15.15811],[21.00009,-15.09975],[20.96537,-15.06571],[20.93019,-15.04706],[20.84502,-15.01378],[20.78197,-14.99749],[20.72907,-14.9897],[20.68463,-15.00182],[20.64009,-15.00139],[20.54204,-14.98744],[20.51116,-14.98696],[20.46245,-14.98196],[20.2367,-14.95569],[20.13628,-14.93591],[20.07319,-14.90124],[20.05398,-14.94295],[20.05398,-14.96684],[20.04886,-15.00609],[20.01473,-15.00609],[19.97548,-14.94295],[19.92684,-14.84909],[19.88674,-14.80045],[19.81336,-14.69209],[19.7596,-14.62809],[19.6956,-14.5402],[19.67598,-14.50607],[19.6171,-14.47109],[19.6026,-14.42757],[19.6026,-14.38832],[19.59748,-14.35333],[19.57785,-14.34395],[19.56334,-14.36357],[19.54799,-14.40282],[19.53348,-14.43184],[19.50873,-14.44719],[19.48484,-14.45146],[19.4601,-14.41733],[19.45498,-14.37808],[19.43023,-14.37296],[19.41573,-14.40282],[19.40549,-14.44719],[19.38159,-14.4617],[19.30482,-14.46584]]]}},{"type":"Feature","properties":{"ISOCSUID":"AO96","LANDFORM":"LP","LITHOLOGY":"IA1","SOILS":"FRh","WRB":"Acric Ferralsols","DOMSOILS":"FR","CODE_WRB":"FR-ac"},"geometry":{"type":"Polygon","coordinates":[[[14.48671,-14.62377],[14.394,-14.63702],[14.37957,-14.65103],[14.36923,-14.66852],[14.37963,-14.68694],[14.39691,-14.68154],[14.42186,-14.67911],[14.43654,-14.68905],[14.44273,-14.75357],[14.42983,-14.78357],[14.43019,-14.78714],[14.44255,-14.80658],[14.44938,-14.82721],[14.45614,-14.85184],[14.45986,-14.88211],[14.47621,-14.90062],[14.5282,-14.87641],[14.5486,-14.8608],[14.56013,-14.88492],[14.55783,-14.89054],[14.57431,-14.88972],[14.60038,-14.893],[14.63449,-14.91521],[14.71029,-14.92898],[14.75939,-14.94173],[14.80126,-14.96234],[14.84272,-14.96983],[14.9116,-14.96918],[14.97346,-14.96044],[14.98647,-14.96406],[15.04549,-14.94444],[15.08296,-14.92451],[15.08955,-14.93426],[15.109,-14.94538],[15.12692,-14.93653],[15.13724,-14.9173],[15.14128,-14.87804],[15.09683,-14.82381],[15.06491,-14.76577],[15.05581,-14.73428],[15.05376,-14.70803],[15.05531,-14.67898],[15.05206,-14.65328],[15.03684,-14.63766],[15.01282,-14.56717],[15.00235,-14.55105],[14.93337,-14.52092],[14.90868,-14.50457],[14.89297,-14.48152],[14.8661,-14.45146],[14.84362,-14.4032],[14.83012,-14.3933],[14.77663,-14.405],[14.72188,-14.42237],[14.63706,-14.47118],[14.62364,-14.4989],[14.62087,-14.52793],[14.598,-14.55207],[14.56804,-14.57495],[14.48671,-14.62377]]]}},{"type":"Feature","properties":{"ISOCSUID":"AO229","LANDFORM":"LP","LITHOLOGY":"IA1","SOILS":"FRx","WRB":"Xanthi-Acric Ferralsols","DOMSOILS":"FR","CODE_WRB":"FR-ac-xa"},"geometry":{"type":"Polygon","coordinates":[[[17.19309,-14.97196],[17.20801,-14.95613],[17.22062,-14.92603],[17.22367,-14.91124],[17.22379,-14.88673],[17.21754,-14.8297],[17.20706,-14.79086],[17.2031,-14.75036],[17.20521,-14.68597],[17.20947,-14.66263],[17.20672,-14.621],[17.20759,-14.56457],[17.19955,-14.5132],[17.17672,-14.45714],[17.15201,-14.42273],[17.13602,-14.42089],[17.12049,-14.443],[17.11549,-14.49199],[17.12723,-14.6272],[17.12932,-14.68023],[17.14315,-14.75786],[17.14595,-14.7898],[17.15636,-14.84117],[17.15918,-14.8714],[17.16619,-14.89311],[17.16669,-14.91078],[17.17656,-14.95474],[17.18301,-14.96903],[17.19309,-14.97196]]]}},{"type":"Feature","properties":{"ISOCSUID":"AO43","LANDFORM":"TM","LITHOLOGY":"IA1","SOILS":"LPq","WRB":"Lithic Leptosols","DOMSOILS":"LP","CODE_WRB":"LP-li"},"geometry":{"type":"Polygon","coordinates":[[[13.1953,-14.75849],[13.18138,-14.75413],[13.14104,-14.72249],[13.11926,-14.71348],[13.09527,-14.69587],[13.08054,-14.69042],[13.03246,-14.66145],[13.01922,-14.64064],[13.02915,-14.61805],[13.05586,-14.61691],[13.07803,-14.60484],[13.08602,-14.59019],[13.07862,-14.57407],[13.05998,-14.55656],[13.00732,-14.52007],[12.97591,-14.51996],[12.94735,-14.52504],[12.91828,-14.52612],[12.89603,-14.51194],[12.8875,-14.49351],[12.87132,-14.47262],[12.84762,-14.4721],[12.82203,-14.47723],[12.79712,-14.47782],[12.79313,-14.44009],[12.77262,-14.45788],[12.75317,-14.48197],[12.73536,-14.48328],[12.72447,-14.49387],[12.7287,-14.51905],[12.73713,-14.54205],[12.73386,-14.55738],[12.72523,-14.57315],[12.70553,-14.57955],[12.64214,-14.57697],[12.64452,-14.60553],[12.70283,-14.6251],[12.73162,-14.63829],[12.75301,-14.66557],[12.76165,-14.67831],[12.7752,-14.71225],[12.7703,-14.7492],[12.76447,-14.75757],[12.7682,-14.76511],[12.79063,-14.80039],[12.80942,-14.84014],[12.8284,-14.8702],[12.86372,-14.88523],[12.87353,-14.86949],[12.87886,-14.83996],[12.87701,-14.8137],[12.86258,-14.73357],[12.86732,-14.70403],[12.89277,-14.67666],[12.92307,-14.67447],[12.98588,-14.70834],[13.04252,-14.75517],[13.10608,-14.81353],[13.15843,-14.83801],[13.17885,-14.82533],[13.19064,-14.79822],[13.1953,-14.75849]]]}},{"type":"Feature","properties":{"ISOCSUID":"AO121","LANDFORM":"LP","LITHOLOGY":"IA1","SOILS":"ARb","WRB":"Dystric Arenosols","DOMSOILS":"AR","CODE_WRB":"AR-dy"},"geometry":{"type":"Polygon","coordinates":[[[15.8675,-14.5293],[15.88368,-14.57339],[15.88754,-14.60366],[15.88848,-14.63046],[15.88676,-14.63485],[15.89975,-14.63003],[15.91831,-14.61087],[15.92028,-14.59037],[15.91405,-14.55951],[15.91859,-14.51738],[15.91169,-14.49506],[15.91986,-14.47878],[15.90191,-14.45231],[15.88569,-14.45231],[15.87289,-14.4489],[15.85071,-14.45231],[15.84729,-14.47194],[15.86009,-14.49413],[15.8675,-14.5293]]]}},{"type":"Feature","properties":{"ISOCSUID":"AO121","LANDFORM":"LP","LITHOLOGY":"IA1","SOILS":"ARb","WRB":"Dystric Arenosols","DOMSOILS":"AR","CODE_WRB":"AR-dy"},"geometry":{"type":"Polygon","coordinates":[[[15.70237,-14.47934],[15.70069,-14.4947],[15.69158,-14.51567],[15.67541,-14.532],[15.66084,-14.56545],[15.64943,-14.58012],[15.62505,-14.58664],[15.61895,-14.60253],[15.59506,-14.61931],[15.57725,-14.62136],[15.52493,-14.63434],[15.51523,-14.65359],[15.51733,-14.67871],[15.53505,-14.68635],[15.56953,-14.67826],[15.59336,-14.66832],[15.62488,-14.66018],[15.65229,-14.64743],[15.67024,-14.6317],[15.68464,-14.61535],[15.69851,-14.59216],[15.7118,-14.56839],[15.71732,-14.55021],[15.74313,-14.51824],[15.75429,-14.51375],[15.76026,-14.49754],[15.74746,-14.47791],[15.73125,-14.46853],[15.70237,-14.47934]]]}},{"type":"Feature","properties":{"ISOCSUID":"AO212","LANDFORM":"LP","LITHOLOGY":"UE","SOILS":"PZc","WRB":"Carbic Podzols","DOMSOILS":"PZ","CODE_WRB":"PZ-cb"},"geometry":{"type":"Polygon","coordinates":[[[19.11084,-15.89185],[19.12985,-15.86116],[19.12564,-15.83668],[19.12378,-15.79229],[19.12598,-15.67504],[19.09739,-15.66019],[19.08783,-15.6357],[19.05983,-15.6049],[19.01636,-15.57635],[18.98479,-15.54212],[18.96929,-15.50338],[18.98809,-15.29614],[19.01177,-15.22101],[19.00914,-15.00965],[18.99414,-14.86945],[18.96734,-14.78163],[18.96138,-14.74856],[18.94175,-14.69322],[18.86753,-14.5779],[18.84024,-14.54704],[18.80466,-14.51274],[18.76376,-14.49666],[18.74835,-14.51144],[18.73235,-14.5416],[18.72939,-14.5644],[18.73355,-14.58493],[18.73118,-14.61115],[18.72763,-14.61969],[18.83327,-14.78699],[18.8499,-14.82294],[18.88022,-14.90508],[18.89628,-14.94102],[18.92129,-15.02826],[18.93977,-15.11318],[18.94815,-15.17245],[18.93568,-15.18438],[18.9191,-15.24016],[18.91081,-15.2783],[18.915,-15.31818],[18.91029,-15.36259],[18.88303,-15.48096],[18.85274,-15.53896],[18.84324,-15.56911],[18.8165,-15.618],[18.79213,-15.6851],[18.7731,-15.7135],[18.76418,-15.74251],[18.74692,-15.73904],[18.78804,-15.85184],[18.81069,-15.898],[18.83694,-15.96749],[18.8602,-16.01705],[18.8607,-16.0229],[18.89595,-16.01714],[18.92934,-16.04908],[18.96333,-16.07589],[18.99372,-16.06913],[19.02768,-16.06579],[19.05447,-16.04992],[19.08961,-16.03462],[19.09255,-16.00846],[19.08595,-15.97488],[19.07398,-15.93503],[19.08465,-15.90034],[19.11084,-15.89185]]]}},{"type":"Feature","properties":{"ISOCSUID":"AO96","LANDFORM":"LP","LITHOLOGY":"IA1","SOILS":"FRh","WRB":"Acric Ferralsols","DOMSOILS":"FR","CODE_WRB":"FR-ac"},"geometry":{"type":"Polygon","coordinates":[[[15.8675,-14.5293],[15.85393,-14.52286],[15.81383,-14.56227],[15.80081,-14.55982],[15.76731,-14.5309],[15.74313,-14.51824],[15.71732,-14.55021],[15.7118,-14.56839],[15.68464,-14.61535],[15.65229,-14.64743],[15.62488,-14.66018],[15.59336,-14.66832],[15.56953,-14.67826],[15.53505,-14.68635],[15.51733,-14.67871],[15.51523,-14.65359],[15.52493,-14.63434],[15.57725,-14.62136],[15.59506,-14.61931],[15.61895,-14.60253],[15.62369,-14.59019],[15.61498,-14.58537],[15.58595,-14.58328],[15.56281,-14.58525],[15.51695,-14.60459],[15.49129,-14.61907],[15.4669,-14.62672],[15.43026,-14.66897],[15.39824,-14.72154],[15.41774,-14.72808],[15.43743,-14.71752],[15.43845,-14.73293],[15.43584,-14.75398],[15.42911,-14.7727],[15.43779,-14.79219],[15.462,-14.80336],[15.48691,-14.80369],[15.55953,-14.8383],[15.5916,-14.83587],[15.61726,-14.82196],[15.65044,-14.82638],[15.69678,-14.82129],[15.74617,-14.8071],[15.75585,-14.78898],[15.7907,-14.7444],[15.87936,-14.65372],[15.88848,-14.63046],[15.88754,-14.60366],[15.88368,-14.57339],[15.8675,-14.5293]]]}},{"type":"Feature","properties":{"ISOCSUID":"AO204","LANDFORM":"LV","LITHOLOGY":"UE","SOILS":"ARg","WRB":"Albi-Gleyic Arenosols","DOMSOILS":"AR","CODE_WRB":"AR-gl-ab"},"geometry":{"type":"Polygon","coordinates":[[[21.38643,-15.38319],[21.3083,-15.29136],[21.2859,-15.24534],[21.21027,-15.15915],[21.12588,-15.08493],[21.10128,-15.05486],[21.05474,-15.02829],[20.9987,-15.00062],[20.92664,-14.97187],[20.90287,-14.96968],[20.86063,-14.95674],[20.76729,-14.93829],[20.7197,-14.92421],[20.67277,-14.9181],[20.61576,-14.91429],[20.56228,-14.90533],[20.51777,-14.90546],[20.48449,-14.89928],[20.4471,-14.89938],[20.41853,-14.88635],[20.38876,-14.86989],[20.31427,-14.81535],[20.29274,-14.78519],[20.27892,-14.7533],[20.25677,-14.71744],[20.22154,-14.67362],[20.19769,-14.64858],[20.16198,-14.62242],[20.10416,-14.56208],[20.08584,-14.57408],[20.08129,-14.61228],[20.09448,-14.64247],[20.1327,-14.69656],[20.19168,-14.74605],[20.22449,-14.78133],[20.26456,-14.83882],[20.28487,-14.86385],[20.29272,-14.8872],[20.28329,-14.89975],[20.25544,-14.90835],[20.2198,-14.90329],[20.18889,-14.89423],[20.16153,-14.88288],[20.07945,-14.84482],[20.05164,-14.86138],[20.05706,-14.87961],[20.07319,-14.90124],[20.13628,-14.93591],[20.2367,-14.95569],[20.46245,-14.98196],[20.51116,-14.98696],[20.54204,-14.98744],[20.64009,-15.00139],[20.68463,-15.00182],[20.72907,-14.9897],[20.78197,-14.99749],[20.84502,-15.01378],[20.93019,-15.04706],[20.96537,-15.06571],[21.00009,-15.09975],[21.07125,-15.15811],[21.0959,-15.19274],[21.21387,-15.29868],[21.25232,-15.34519],[21.27572,-15.36955],[21.29334,-15.4116],[21.31691,-15.45305],[21.33026,-15.48258],[21.32852,-15.49415],[21.37042,-15.58029],[21.38383,-15.6138],[21.3927,-15.67182],[21.39713,-15.76343],[21.38628,-15.81187],[21.36585,-15.8216],[21.3973,-15.84425],[21.49856,-15.84765],[21.55106,-15.85758],[21.5857,-15.86704],[21.62225,-15.889],[21.65833,-15.92291],[21.67108,-15.94616],[21.68557,-15.94606],[21.67129,-15.90917],[21.6507,-15.87573],[21.63562,-15.85705],[21.62941,-15.83262],[21.65075,-15.82281],[21.67607,-15.85337],[21.711,-15.89013],[21.747,-15.91493],[21.79604,-15.93394],[21.78377,-15.90046],[21.76023,-15.87103],[21.7372,-15.83419],[21.64244,-15.76709],[21.61968,-15.75414],[21.58489,-15.72761],[21.5445,-15.67663],[21.53351,-15.64823],[21.51361,-15.62103],[21.44925,-15.48647],[21.40642,-15.42294],[21.38643,-15.38319]]]}},{"type":"Feature","properties":{"ISOCSUID":"AO212","LANDFORM":"LP","LITHOLOGY":"UE","SOILS":"PZc","WRB":"Carbic Podzols","DOMSOILS":"PZ","CODE_WRB":"PZ-cb"},"geometry":{"type":"Polygon","coordinates":[[[19.75135,-15.4956],[19.77663,-15.41986],[19.79732,-15.38967],[19.85547,-15.3606],[19.89169,-15.35033],[19.95519,-15.32692],[20.0009,-15.31435],[20.03174,-15.30178],[20.04648,-15.27557],[20.0367,-15.21805],[20.00434,-15.15942],[19.98645,-15.14406],[19.9567,-15.13155],[19.86808,-15.10428],[19.83824,-15.06955],[19.83158,-15.03708],[19.8321,-15.01942],[19.86706,-15.00116],[19.9051,-15.01139],[19.92535,-15.02619],[19.94312,-15.01592],[19.94359,-14.988],[19.93459,-14.96636],[19.85998,-14.86669],[19.77842,-14.79949],[19.68271,-14.74765],[19.6286,-14.70832],[19.61846,-14.69122],[19.62312,-14.66329],[19.6395,-14.59831],[19.63647,-14.57664],[19.61509,-14.56638],[19.58129,-14.56466],[19.55169,-14.57663],[19.51617,-14.59485],[19.49902,-14.61024],[19.46769,-14.64499],[19.45353,-14.66949],[19.44292,-14.69741],[19.43353,-14.73559],[19.4342,-14.76295],[19.45292,-14.88435],[19.45846,-14.95786],[19.45159,-15.05015],[19.43144,-15.06552],[19.38869,-15.07119],[19.35899,-15.06489],[19.31354,-15.04656],[19.30435,-15.06198],[19.27709,-15.09271],[19.26352,-15.13314],[19.28204,-15.18671],[19.29876,-15.22604],[19.31845,-15.26137],[19.33161,-15.2967],[19.32575,-15.33371],[19.29925,-15.44928],[19.30647,-15.48516],[19.31274,-15.63205],[19.31042,-15.65709],[19.30218,-15.70148],[19.28979,-15.74814],[19.27096,-15.85454],[19.27166,-15.86615],[19.27871,-15.85967],[19.30131,-15.84661],[19.34469,-15.80967],[19.36906,-15.79376],[19.38866,-15.77386],[19.45522,-15.73008],[19.53431,-15.70565],[19.57535,-15.6994],[19.61044,-15.69087],[19.63836,-15.67665],[19.66389,-15.65786],[19.70713,-15.60492],[19.72544,-15.56791],[19.73598,-15.52293],[19.75135,-15.4956]]]}},{"type":"Feature","properties":{"ISOCSUID":"AO115","LANDFORM":"LP","LITHOLOGY":"IA1","SOILS":"LXh","WRB":"Haplic Lixisols","DOMSOILS":"LX","CODE_WRB":"LX-ha"},"geometry":{"type":"Polygon","coordinates":[[[15.05206,-14.65328],[15.05531,-14.67898],[15.05376,-14.70803],[15.05581,-14.73428],[15.06491,-14.76577],[15.09683,-14.82381],[15.14128,-14.87804],[15.14766,-14.8901],[15.19257,-14.90671],[15.25679,-14.9481],[15.27957,-14.98748],[15.30887,-14.98732],[15.31826,-14.97452],[15.30887,-14.95831],[15.28669,-14.88408],[15.30546,-14.80045],[15.29949,-14.76547],[15.26706,-14.73646],[15.22525,-14.68099],[15.20904,-14.6554],[15.17661,-14.64601],[15.13822,-14.63918],[15.1092,-14.64942],[15.05206,-14.65328]]]}},{"type":"Feature","properties":{"ISOCSUID":"AO227","LANDFORM":"LP","LITHOLOGY":"UE","SOILS":"LPe","WRB":"Petric Plinthosols","DOMSOILS":"LP","CODE_WRB":"PT-pt"},"geometry":{"type":"Polygon","coordinates":[[[17.92483,-14.66212],[17.89496,-14.68557],[17.8629,-14.69679],[17.83622,-14.69435],[17.83088,-14.69032],[17.8297,-14.6926],[17.82606,-14.72279],[17.82777,-14.74446],[17.81742,-14.83957],[17.82033,-14.85669],[17.83624,-14.89553],[17.857,-14.90192],[17.8784,-14.89096],[17.89628,-14.86112],[17.91844,-14.78089],[17.92509,-14.73419],[17.92483,-14.66212]]]}},{"type":"Feature","properties":{"ISOCSUID":"AO36","LANDFORM":"LL","LITHOLOGY":"MB2","SOILS":"LPq","WRB":"Lithic Leptosols","DOMSOILS":"LP","CODE_WRB":"LP-li"},"geometry":{"type":"Polygon","coordinates":[[[12.47929,-14.72564],[12.45559,-14.72295],[12.42398,-14.71185],[12.3535,-14.70398],[12.36054,-14.73862],[12.35953,-14.75797],[12.33712,-14.77911],[12.34739,-14.79816],[12.35792,-14.83262],[12.3574,-14.85655],[12.35238,-14.86897],[12.34321,-14.90865],[12.33222,-14.92264],[12.33603,-14.93869],[12.3503,-14.96525],[12.33311,-14.99105],[12.3223,-15.02385],[12.32464,-15.05297],[12.3198,-15.0842],[12.33265,-15.0942],[12.43141,-15.08741],[12.47345,-15.09352],[12.50587,-15.10567],[12.54345,-15.12648],[12.55546,-15.13073],[12.53334,-15.05786],[12.52052,-14.9878],[12.51625,-14.92287],[12.54274,-14.91176],[12.55213,-14.86392],[12.57008,-14.83231],[12.57435,-14.81181],[12.57804,-14.76048],[12.56663,-14.75711],[12.53615,-14.73931],[12.48061,-14.72832],[12.47929,-14.72564]]]}},{"type":"Feature","properties":{"ISOCSUID":"AO117","LANDFORM":"LP","LITHOLOGY":"MA2","SOILS":"FRh","WRB":"Acric Ferralsols","DOMSOILS":"FR","CODE_WRB":"FR-ac"},"geometry":{"type":"Polygon","coordinates":[[[16.3946,-14.89558],[16.40004,-14.88367],[16.396,-14.86881],[16.39249,-14.86194],[16.36544,-14.83088],[16.34674,-14.79363],[16.34452,-14.77537],[16.33809,-14.76333],[16.32097,-14.75231],[16.30022,-14.75038],[16.27478,-14.74269],[16.2558,-14.74191],[16.19661,-14.72643],[16.17409,-14.7239],[16.15925,-14.72487],[16.15264,-14.73562],[16.15491,-14.74762],[16.16906,-14.75747],[16.19689,-14.76405],[16.22477,-14.76379],[16.2757,-14.77519],[16.30053,-14.78629],[16.31169,-14.79952],[16.30799,-14.81772],[16.27413,-14.82191],[16.25575,-14.81942],[16.24447,-14.82044],[16.24559,-14.829],[16.25624,-14.83311],[16.27817,-14.8362],[16.29412,-14.84492],[16.3101,-14.85022],[16.33078,-14.86128],[16.34374,-14.87339],[16.37446,-14.89138],[16.3946,-14.89558]]]}},{"type":"Feature","properties":{"ISOCSUID":"AO8","LANDFORM":"SP","LITHOLOGY":"SO2","SOILS":"LPq","WRB":"Lithic Leptosols","DOMSOILS":"LP","CODE_WRB":"LP-li"},"geometry":{"type":"Polygon","coordinates":[[[12.33712,-14.77911],[12.31894,-14.76898],[12.30003,-14.76568],[12.27837,-14.7668],[12.27122,-14.77313],[12.26462,-14.78555],[12.26227,-14.79842],[12.2526,-14.82117],[12.23843,-14.83244],[12.22354,-14.83222],[12.21197,-14.84487],[12.2075,-14.87405],[12.21343,-14.89059],[12.21225,-14.8945],[12.20351,-14.90025],[12.19809,-14.93334],[12.19007,-14.95012],[12.18652,-14.95357],[12.17564,-14.95334],[12.17187,-14.95633],[12.16785,-14.96254],[12.16644,-14.97448],[12.15935,-14.99057],[12.17,-15.00871],[12.16836,-15.02342],[12.1485,-15.0425],[12.1459,-15.04916],[12.13692,-15.05812],[12.13574,-15.06341],[12.13787,-15.06708],[12.14634,-15.07127],[12.14594,-15.07376],[12.13646,-15.07489],[12.13409,-15.08064],[12.12913,-15.08317],[12.12186,-15.10415],[12.14949,-15.1029],[12.18833,-15.09301],[12.22048,-15.0898],[12.26907,-15.09496],[12.29152,-15.10062],[12.313,-15.09658],[12.3198,-15.0842],[12.32464,-15.05297],[12.3223,-15.02385],[12.33311,-14.99105],[12.3503,-14.96525],[12.33603,-14.93869],[12.33222,-14.92264],[12.34321,-14.90865],[12.35238,-14.86897],[12.3574,-14.85655],[12.35792,-14.83262],[12.34739,-14.79816],[12.33712,-14.77911]]]}},{"type":"Feature","properties":{"ISOCSUID":"AO98","LANDFORM":"LP","LITHOLOGY":"IA1","SOILS":"FRx","WRB":"Xanthic Ferralsols","DOMSOILS":"FR","CODE_WRB":"FR-xa"},"geometry":{"type":"Polygon","coordinates":[[[13.65557,-14.76932],[13.60914,-14.78905],[13.57582,-14.7941],[13.54555,-14.79464],[13.52101,-14.80669],[13.48995,-14.81804],[13.4739,-14.85306],[13.465,-14.88594],[13.46218,-14.91096],[13.46347,-14.93834],[13.46882,-14.9715],[13.48867,-14.99071],[13.51739,-14.97818],[13.54468,-14.97929],[13.57087,-15.01001],[13.57097,-15.01474],[13.57974,-15.01189],[13.63667,-15.01643],[13.65751,-15.01285],[13.66199,-15.00734],[13.67503,-15.03028],[13.69186,-15.0534],[13.7311,-15.08607],[13.74821,-15.09267],[13.7629,-15.09436],[13.76764,-15.03207],[13.77887,-14.9998],[13.79177,-14.9744],[13.80827,-14.94622],[13.82885,-14.9221],[13.85293,-14.90204],[13.87812,-14.88599],[13.74054,-14.81837],[13.65557,-14.76932]]]}},{"type":"Feature","properties":{"ISOCSUID":"AO97","LANDFORM":"LP","LITHOLOGY":"IA1","SOILS":"FRh","WRB":"Acric Ferralsols","DOMSOILS":"FR","CODE_WRB":"FR-ac"},"geometry":{"type":"Polygon","coordinates":[[[14.46239,-14.88497],[14.45986,-14.88211],[14.45614,-14.85184],[14.44938,-14.82721],[14.44255,-14.80658],[14.43019,-14.78714],[14.39457,-14.8012],[14.36656,-14.80927],[14.33071,-14.82575],[14.28898,-14.83871],[14.24196,-14.84758],[14.21702,-14.84884],[14.1767,-14.84642],[14.15207,-14.86536],[14.11795,-14.92231],[14.10684,-14.93681],[14.09893,-14.92368],[14.0808,-14.90625],[13.99096,-14.88239],[13.96542,-14.88362],[13.93757,-14.88026],[13.87812,-14.88599],[13.85293,-14.90204],[13.82885,-14.9221],[13.80827,-14.94622],[13.79177,-14.9744],[13.77887,-14.9998],[13.76764,-15.03207],[13.76229,-15.10319],[13.77907,-15.12973],[13.83678,-15.16045],[13.86669,-15.18437],[13.87757,-15.20907],[13.88888,-15.24403],[13.89194,-15.27485],[13.90228,-15.29669],[13.9196,-15.29189],[13.94185,-15.27578],[13.95944,-15.25389],[13.99812,-15.21358],[14.0061,-15.19778],[14.00843,-15.17984],[14.02002,-15.18208],[14.04945,-15.16211],[14.06752,-15.14648],[14.11792,-15.11435],[14.14717,-15.10519],[14.1389,-15.14036],[14.12841,-15.16581],[14.13346,-15.1847],[14.15392,-15.20615],[14.17072,-15.19562],[14.20028,-15.16652],[14.20899,-15.14104],[14.22668,-15.11115],[14.25591,-15.02392],[14.2717,-15.00083],[14.3127,-14.95938],[14.33971,-14.93933],[14.46239,-14.88497]]]}},{"type":"Feature","properties":{"ISOCSUID":"AO102","LANDFORM":"LP","LITHOLOGY":"IA1","SOILS":"FRx","WRB":"Xanthi-Acric Ferralsols","DOMSOILS":"FR","CODE_WRB":"FR-ac-xa"},"geometry":{"type":"Polygon","coordinates":[[[14.54783,-14.91492],[14.56013,-14.88492],[14.5486,-14.8608],[14.5282,-14.87641],[14.47621,-14.90062],[14.46239,-14.88497],[14.33971,-14.93933],[14.3127,-14.95938],[14.2717,-15.00083],[14.25591,-15.02392],[14.22668,-15.11115],[14.20899,-15.14104],[14.20028,-15.16652],[14.17072,-15.19562],[14.15392,-15.20615],[14.13346,-15.1847],[14.12841,-15.16581],[14.1389,-15.14036],[14.14717,-15.10519],[14.11792,-15.11435],[14.06752,-15.14648],[14.04945,-15.16211],[14.02002,-15.18208],[14.00843,-15.17984],[14.0061,-15.19778],[13.99812,-15.21358],[13.95944,-15.25389],[13.94185,-15.27578],[13.9196,-15.29189],[13.91998,-15.29433],[13.92935,-15.30773],[13.98937,-15.31482],[14.03194,-15.32927],[14.07338,-15.33971],[14.15156,-15.32004],[14.19516,-15.32482],[14.20226,-15.30898],[14.21747,-15.28646],[14.24205,-15.23334],[14.26331,-15.20238],[14.27806,-15.17017],[14.32374,-15.09462],[14.34734,-15.06539],[14.3744,-15.04307],[14.40841,-15.03168],[14.44026,-15.00601],[14.46602,-14.98992],[14.50084,-14.96372],[14.54783,-14.91492]]]}},{"type":"Feature","properties":{"ISOCSUID":"AO121","LANDFORM":"LP","LITHOLOGY":"IA1","SOILS":"ARb","WRB":"Dystric Arenosols","DOMSOILS":"AR","CODE_WRB":"AR-dy"},"geometry":{"type":"Polygon","coordinates":[[[16.18379,-14.97875],[16.22246,-14.96893],[16.23504,-14.95597],[16.24636,-14.95096],[16.25356,-14.94135],[16.2367,-14.899],[16.22256,-14.88687],[16.20602,-14.87757],[16.18467,-14.87505],[16.17211,-14.88631],[16.16546,-14.90048],[16.16108,-14.92721],[16.16326,-14.94946],[16.17143,-14.96551],[16.18379,-14.97875]]]}},{"type":"Feature","properties":{"ISOCSUID":"AO112","LANDFORM":"LP","LITHOLOGY":"UE","SOILS":"ARl","WRB":"Ferrali-Hypoluvic Arenosols","DOMSOILS":"AR","CODE_WRB":"AR-lvw-fl"},"geometry":{"type":"Polygon","coordinates":[[[15.14128,-14.87804],[15.13724,-14.9173],[15.12692,-14.93653],[15.109,-14.94538],[15.08955,-14.93426],[15.08296,-14.92451],[15.04549,-14.94444],[14.98647,-14.96406],[14.97346,-14.96044],[14.9116,-14.96918],[14.84272,-14.96983],[14.80126,-14.96234],[14.75939,-14.94173],[14.71029,-14.92898],[14.63449,-14.91521],[14.60038,-14.893],[14.57431,-14.88972],[14.55783,-14.89054],[14.54783,-14.91492],[14.50084,-14.96372],[14.46602,-14.98992],[14.44026,-15.00601],[14.40841,-15.03168],[14.3744,-15.04307],[14.34734,-15.06539],[14.32374,-15.09462],[14.27806,-15.17017],[14.26331,-15.20238],[14.24205,-15.23334],[14.21747,-15.28646],[14.20226,-15.30898],[14.1868,-15.34801],[14.15232,-15.38612],[14.14553,-15.40252],[14.13632,-15.53561],[14.14488,-15.55911],[14.1705,-15.59487],[14.16899,-15.61591],[14.10846,-15.64322],[14.10546,-15.64817],[14.10201,-15.66674],[14.10167,-15.69177],[14.12711,-15.70626],[14.13734,-15.73775],[14.15436,-15.83027],[14.1687,-15.86524],[14.17654,-15.89725],[14.17988,-15.95137],[14.17916,-16.03615],[14.18371,-16.08914],[14.17989,-16.105],[14.16426,-16.11326],[14.13676,-16.12269],[14.1395,-16.13387],[14.15106,-16.1574],[14.17637,-16.17776],[14.20552,-16.18225],[14.25841,-16.15417],[14.29977,-16.17878],[14.32387,-16.20195],[14.34379,-16.22561],[14.36615,-16.2459],[14.40751,-16.27163],[14.43398,-16.29653],[14.46594,-16.31356],[14.49262,-16.33667],[14.50206,-16.33236],[14.53972,-16.32673],[14.55918,-16.34241],[14.58649,-16.35139],[14.60179,-16.36642],[14.62751,-16.36172],[14.65756,-16.34571],[14.66918,-16.32486],[14.69559,-16.31277],[14.74869,-16.31191],[14.76892,-16.31564],[14.77458,-16.33791],[14.79465,-16.35358],[14.82697,-16.34612],[14.842,-16.33669],[14.86119,-16.28353],[14.87748,-16.22406],[14.88333,-16.18718],[14.88688,-16.14343],[14.88064,-16.11888],[14.86792,-16.08853],[14.8957,-16.06108],[14.9282,-16.03597],[14.94813,-16.01522],[14.96166,-15.98243],[14.98856,-15.97487],[14.99484,-15.99659],[14.9835,-16.04535],[14.99895,-16.04899],[15.00865,-16.03548],[15.0203,-16.00949],[15.04088,-15.98362],[15.07548,-15.93178],[15.08923,-15.928],[15.1075,-15.94364],[15.12127,-15.98652],[15.13864,-15.97937],[15.14608,-15.95501],[15.16136,-15.87386],[15.17783,-15.84109],[15.18874,-15.82474],[15.22141,-15.73186],[15.26476,-15.68979],[15.26744,-15.71488],[15.25744,-15.75515],[15.23184,-15.80601],[15.2159,-15.84448],[15.20602,-15.87394],[15.20378,-15.91203],[15.20825,-15.93714],[15.229,-15.99604],[15.2357,-16.03369],[15.29,-16.18066],[15.30455,-16.23047],[15.31105,-16.21679],[15.31551,-16.19126],[15.31568,-16.17704],[15.32134,-16.15096],[15.32105,-16.12478],[15.32774,-16.11293],[15.35617,-16.12869],[15.37346,-16.12836],[15.38871,-16.09785],[15.398,-16.06669],[15.42538,-16.06991],[15.44684,-16.12254],[15.45943,-16.17049],[15.49388,-16.23637],[15.5392,-16.38249],[15.55202,-16.37477],[15.61665,-16.35514],[15.6437,-16.33559],[15.68058,-16.28773],[15.69104,-16.25602],[15.69858,-16.21914],[15.69658,-16.18158],[15.69821,-16.13894],[15.70572,-16.10376],[15.73266,-16.06814],[15.73647,-16.00914],[15.71539,-15.9736],[15.71091,-15.94566],[15.69806,-15.92046],[15.68896,-15.87823],[15.69229,-15.84356],[15.6898,-15.79629],[15.67701,-15.76596],[15.66299,-15.74016],[15.65672,-15.7139],[15.64445,-15.69097],[15.62741,-15.67082],[15.60609,-15.66087],[15.591,-15.68059],[15.56767,-15.69224],[15.55773,-15.6756],[15.55094,-15.5867],[15.52356,-15.55582],[15.52918,-15.5084],[15.52828,-15.48106],[15.52379,-15.45651],[15.51096,-15.43299],[15.49212,-15.41622],[15.47633,-15.39152],[15.48688,-15.29655],[15.46819,-15.26668],[15.44631,-15.25727],[15.43372,-15.26678],[15.42103,-15.28597],[15.39775,-15.29533],[15.37773,-15.27797],[15.35896,-15.25606],[15.34325,-15.22679],[15.31267,-15.19959],[15.27337,-15.207],[15.27601,-15.18426],[15.28574,-15.16445],[15.30116,-15.11511],[15.29876,-15.06607],[15.28936,-15.00611],[15.25679,-14.9481],[15.19257,-14.90671],[15.14766,-14.8901],[15.14128,-14.87804]]]}},{"type":"Feature","properties":{"ISOCSUID":"AO100","LANDFORM":"LL","LITHOLOGY":"SC5","SOILS":"LPe","WRB":"Petric Plinthosols","DOMSOILS":"LP","CODE_WRB":"PT-pt"},"geometry":{"type":"Polygon","coordinates":[[[13.50438,-15.14317],[13.51054,-15.13076],[13.51389,-15.10917],[13.49195,-15.0734],[13.49113,-15.05287],[13.43809,-14.99653],[13.40891,-15.00107],[13.40129,-15.01718],[13.41586,-15.04395],[13.4323,-15.05454],[13.44734,-15.07707],[13.44934,-15.09819],[13.46589,-15.10251],[13.4711,-15.11002],[13.46899,-15.12878],[13.48051,-15.14896],[13.50438,-15.14317]]]}},{"type":"Feature","properties":{"ISOCSUID":"AO101","LANDFORM":"LP","LITHOLOGY":"MA1","SOILS":"ARb","WRB":"Dystric Arenosols","DOMSOILS":"AR","CODE_WRB":"AR-dy"},"geometry":{"type":"Polygon","coordinates":[[[13.66199,-15.00734],[13.65751,-15.01285],[13.63667,-15.01643],[13.57974,-15.01189],[13.57097,-15.01474],[13.57221,-15.0693],[13.5687,-15.13362],[13.57526,-15.16622],[13.57041,-15.24019],[13.57364,-15.2704],[13.65294,-15.38251],[13.70553,-15.4365],[13.71496,-15.45186],[13.80495,-15.35866],[13.85793,-15.31865],[13.87528,-15.30029],[13.88182,-15.28672],[13.89194,-15.27485],[13.88888,-15.24403],[13.87757,-15.20907],[13.86669,-15.18437],[13.83678,-15.16045],[13.77907,-15.12973],[13.76229,-15.10319],[13.7629,-15.09436],[13.74821,-15.09267],[13.7311,-15.08607],[13.69186,-15.0534],[13.67503,-15.03028],[13.66199,-15.00734]]]}},{"type":"Feature","properties":{"ISOCSUID":"AO99","LANDFORM":"LL","LITHOLOGY":"MA1","SOILS":"FRx","WRB":"Xanthic Ferralsols","DOMSOILS":"FR","CODE_WRB":"FR-xa"},"geometry":{"type":"Polygon","coordinates":[[[13.40129,-15.01718],[13.39904,-15.02195],[13.36622,-15.0304],[13.34744,-15.05054],[13.30025,-15.06552],[13.284,-15.07715],[13.26403,-15.09668],[13.23249,-15.13192],[13.26707,-15.15714],[13.26498,-15.17362],[13.25698,-15.18884],[13.27397,-15.20173],[13.26943,-15.22214],[13.25661,-15.24068],[13.24659,-15.26782],[13.26473,-15.28357],[13.28563,-15.31021],[13.30677,-15.32432],[13.36813,-15.38253],[13.38527,-15.38858],[13.41607,-15.36186],[13.44794,-15.342],[13.45708,-15.32965],[13.47762,-15.31126],[13.51465,-15.30118],[13.54044,-15.28802],[13.54429,-15.27215],[13.56067,-15.2531],[13.57187,-15.25385],[13.57041,-15.24019],[13.57445,-15.19024],[13.55593,-15.18464],[13.52768,-15.16927],[13.50951,-15.15523],[13.50438,-15.14317],[13.48051,-15.14896],[13.46899,-15.12878],[13.4711,-15.11002],[13.46589,-15.10251],[13.44934,-15.09819],[13.44734,-15.07707],[13.4323,-15.05454],[13.41586,-15.04395],[13.40129,-15.01718]]]}},{"type":"Feature","properties":{"ISOCSUID":"AO226","LANDFORM":"LP","LITHOLOGY":"UE","SOILS":"ARo","WRB":"Rubi-Ferralic Arenosols","DOMSOILS":"AR","CODE_WRB":"AR-fl-ru"},"geometry":{"type":"Polygon","coordinates":[[[16.97647,-15.29449],[16.96198,-15.30671],[16.92631,-15.30867],[16.86937,-15.28936],[16.838,-15.26857],[16.79296,-15.24822],[16.72473,-15.23277],[16.6715,-15.19637],[16.6581,-15.15808],[16.65306,-15.11359],[16.63253,-15.07693],[16.59648,-15.05208],[16.54787,-15.03962],[16.50329,-15.04601],[16.45785,-15.08656],[16.44565,-15.12859],[16.40082,-15.24205],[16.38372,-15.30111],[16.37806,-15.33978],[16.36582,-15.38464],[16.36517,-15.46663],[16.36246,-15.50874],[16.35153,-15.53652],[16.31227,-15.61125],[16.26897,-15.666],[16.23663,-15.69126],[16.19716,-15.71359],[16.10051,-15.73925],[15.94572,-15.74255],[15.89279,-15.73736],[15.83792,-15.74569],[15.82587,-15.76329],[15.79283,-15.79304],[15.78013,-15.8128],[15.76432,-15.84618],[15.77255,-15.91685],[15.82138,-16.03866],[15.82516,-16.07853],[15.83477,-16.13269],[15.83792,-16.17653],[15.85832,-16.22399],[15.86781,-16.25587],[15.88244,-16.25841],[15.97039,-16.29074],[16.0149,-16.31516],[16.07109,-16.35445],[16.07489,-16.34315],[16.08084,-16.27725],[16.08766,-16.24833],[16.11807,-16.18099],[16.14212,-16.15681],[16.29328,-16.11526],[16.33751,-16.09924],[16.37281,-16.08255],[16.41996,-16.0728],[16.4518,-16.039],[16.4942,-16.02749],[16.52577,-16.02838],[16.5591,-16.03327],[16.5894,-16.04552],[16.62519,-16.04075],[16.65974,-16.04165],[16.69086,-16.02261],[16.72202,-15.99446],[16.73828,-15.96901],[16.78192,-15.8539],[16.80419,-15.81598],[16.83717,-15.77929],[16.86109,-15.76243],[16.91715,-15.74472],[16.94864,-15.75524],[16.96695,-15.77874],[16.98224,-15.81131],[17.00772,-15.83316],[17.03342,-15.81574],[17.08017,-15.75922],[17.10948,-15.73214],[17.14873,-15.73986],[17.17186,-15.75541],[17.19435,-15.78121],[17.22105,-15.79906],[17.25082,-15.79873],[17.26937,-15.77838],[17.27841,-15.75682],[17.28812,-15.71762],[17.29955,-15.69153],[17.3276,-15.67409],[17.36394,-15.6664],[17.31894,-15.61596],[17.31431,-15.5886],[17.33464,-15.56712],[17.34743,-15.56422],[17.33057,-15.54603],[17.27301,-15.51598],[17.20959,-15.47221],[17.18235,-15.45035],[17.16167,-15.42399],[17.16069,-15.41744],[17.12128,-15.41569],[17.0934,-15.4035],[17.06379,-15.38276],[17.03894,-15.36204],[16.97647,-15.29449]]]}},{"type":"Feature","properties":{"ISOCSUID":"AO51","LANDFORM":"LP","LITHOLOGY":"IA1","SOILS":"CMe","WRB":"Eutric Cambisols","DOMSOILS":"CM","CODE_WRB":"CM-eu"},"geometry":{"type":"Polygon","coordinates":[[[13.17864,-15.05729],[13.15139,-15.05387],[13.12012,-15.07372],[13.06621,-15.15918],[13.04278,-15.20369],[13.02772,-15.24496],[13.02164,-15.28243],[13.02872,-15.31619],[13.06136,-15.34993],[13.22692,-15.49353],[13.2935,-15.5604],[13.32523,-15.58212],[13.34707,-15.59168],[13.44391,-15.59991],[13.46879,-15.6061],[13.50763,-15.59663],[13.53183,-15.57433],[13.54054,-15.55287],[13.53151,-15.52478],[13.51405,-15.50337],[13.48129,-15.47679],[13.47403,-15.47922],[13.42534,-15.47482],[13.38866,-15.46383],[13.35153,-15.44542],[13.22373,-15.34652],[13.18017,-15.29149],[13.16584,-15.23195],[13.16672,-15.18581],[13.17813,-15.11597],[13.17864,-15.05729]]]}},{"type":"Feature","properties":{"ISOCSUID":"AO52","LANDFORM":"TM","LITHOLOGY":"MA2","SOILS":"RO","WRB":"ROCK","DOMSOILS":"RO","CODE_WRB":"RO"},"geometry":{"type":"Polygon","coordinates":[[[12.26056,-15.09416],[12.25925,-15.10954],[12.24837,-15.11783],[12.19158,-15.13252],[12.17451,-15.14073],[12.16853,-15.15013],[12.16768,-15.16123],[12.1728,-15.16892],[12.18818,-15.17576],[12.19672,-15.18348],[12.25579,-15.19087],[12.25189,-15.2011],[12.23141,-15.21005],[12.23842,-15.21901],[12.25196,-15.25181],[12.26681,-15.27895],[12.27952,-15.29577],[12.32133,-15.31386],[12.36519,-15.32003],[12.40595,-15.33238],[12.423,-15.34133],[12.44641,-15.35839],[12.45859,-15.37292],[12.47007,-15.39255],[12.47446,-15.40974],[12.4656,-15.41278],[12.47847,-15.41667],[12.50477,-15.43836],[12.57913,-15.46627],[12.61562,-15.48476],[12.6944,-15.50078],[12.74667,-15.5048],[12.75302,-15.51406],[12.7608,-15.59965],[12.75541,-15.63085],[12.77058,-15.67503],[12.777,-15.71047],[12.82196,-15.72457],[12.86583,-15.73407],[13.01112,-15.73211],[13.05417,-15.72278],[13.13955,-15.70922],[13.17725,-15.69863],[13.18709,-15.71363],[13.19313,-15.74052],[13.18839,-15.77116],[13.18183,-15.8029],[13.16056,-15.82579],[13.16229,-15.85998],[13.1385,-15.92095],[13.1332,-15.94873],[13.13933,-15.97105],[13.15442,-15.99242],[13.17804,-16.00373],[13.17402,-16.02698],[13.15889,-16.03918],[13.13191,-16.04772],[13.07509,-16.05846],[13.04467,-16.05952],[13.01358,-16.06455],[12.97827,-16.07232],[12.94348,-16.08352],[12.87767,-16.12533],[12.82715,-16.14754],[12.77614,-16.16405],[12.76648,-16.14051],[12.74798,-16.14181],[12.72571,-16.15212],[12.7056,-16.17329],[12.65678,-16.19836],[12.64323,-16.19066],[12.6328,-16.1762],[12.60808,-16.13183],[12.61091,-16.11084],[12.60662,-16.08798],[12.61385,-16.05572],[12.60616,-16.02424],[12.61154,-15.99477],[12.59321,-15.95964],[12.55842,-15.91388],[12.54519,-15.89195],[12.53183,-15.76299],[12.51131,-15.74772],[12.47777,-15.72929],[12.44732,-15.73314],[12.37059,-15.75753],[12.32841,-15.78044],[12.27868,-15.82196],[12.22787,-15.88393],[12.21897,-15.90933],[12.22249,-15.93844],[12.22199,-15.98794],[12.23374,-16.02237],[12.24687,-16.04829],[12.26607,-16.06981],[12.31395,-16.14207],[12.33877,-16.23425],[12.33762,-16.25982],[12.32796,-16.29202],[12.29159,-16.34576],[12.26789,-16.3924],[12.24495,-16.40437],[12.18254,-16.41993],[12.16656,-16.46732],[12.16786,-16.48896],[12.16538,-16.5196],[12.15806,-16.55297],[12.12843,-16.62275],[12.10171,-16.74003],[12.17878,-16.77403],[12.22879,-16.78205],[12.28285,-16.76913],[12.32449,-16.76883],[12.32254,-16.81212],[12.30514,-16.89638],[12.28551,-16.94648],[12.26995,-16.97395],[12.25943,-16.96291],[12.24151,-16.96248],[12.21355,-17.00954],[12.19823,-17.02621],[12.187,-17.04696],[12.19308,-17.06926],[12.18408,-17.09687],[12.16619,-17.12087],[12.1503,-17.13582],[12.13606,-17.13093],[12.11189,-17.11501],[12.10206,-17.12062],[12.08891,-17.1156],[12.07834,-17.11772],[12.06141,-17.12406],[12.0466,-17.14099],[12.02122,-17.15157],[11.98314,-17.15791],[11.97256,-17.17695],[12.00201,-17.17109],[12.01923,-17.16202],[12.04645,-17.15224],[12.05603,-17.1542],[12.06935,-17.1531],[12.08304,-17.14413],[12.0881,-17.14458],[12.10942,-17.159],[12.12609,-17.15888],[12.13926,-17.16365],[12.15185,-17.1587],[12.16751,-17.15859],[12.17264,-17.16875],[12.17975,-17.17355],[12.18802,-17.19728],[12.19409,-17.19821],[12.2099,-17.21257],[12.23224,-17.22171],[12.24388,-17.23466],[12.25562,-17.23727],[12.27132,-17.23156],[12.29101,-17.23867],[12.30169,-17.23348],[12.33627,-17.22822],[12.34763,-17.2205],[12.35334,-17.21928],[12.36903,-17.23033],[12.3762,-17.23047],[12.38688,-17.21969],[12.39828,-17.22031],[12.40194,-17.20901],[12.41289,-17.20611],[12.42447,-17.20904],[12.43478,-17.21661],[12.43948,-17.25971],[12.44143,-17.26244],[12.45078,-17.26415],[12.45524,-17.25881],[12.46765,-17.25773],[12.47595,-17.25348],[12.48796,-17.24161],[12.49762,-17.24837],[12.51576,-17.24674],[12.52917,-17.24862],[12.53411,-17.24304],[12.54396,-17.24635],[12.5484,-17.23986],[12.56564,-17.24214],[12.57988,-17.23002],[12.59536,-17.23231],[12.60321,-17.23045],[12.60735,-17.22707],[12.61504,-17.20846],[12.64565,-17.19337],[12.65393,-17.18486],[12.66585,-17.18167],[12.67437,-17.17398],[12.6829,-17.17461],[12.69795,-17.16641],[12.70993,-17.16858],[12.71896,-17.15738],[12.74587,-17.14101],[12.75462,-17.13977],[12.76803,-17.12852],[12.7736,-17.12731],[12.77751,-17.12115],[12.80572,-17.11509],[12.82252,-17.08636],[12.8263,-17.08401],[12.84251,-17.08261],[12.8455,-17.07636],[12.86568,-17.06962],[12.87085,-17.06472],[12.87553,-17.04582],[12.88001,-17.04276],[12.89671,-17.04227],[12.91805,-17.02058],[12.94568,-17.0176],[12.94896,-17.01411],[12.94982,-17.00836],[12.96761,-17.00279],[12.97299,-16.99673],[12.97428,-16.98867],[12.98326,-16.98371],[12.99252,-16.98149],[13.01329,-16.98183],[13.02302,-16.97915],[13.05045,-16.97869],[13.06658,-16.97359],[13.0797,-16.97337],[13.09529,-16.97792],[13.10047,-16.97393],[13.14243,-16.95989],[13.16755,-16.96313],[13.18389,-16.96927],[13.19427,-16.96358],[13.19984,-16.96784],[13.20048,-16.97609],[13.20532,-16.98349],[13.22719,-16.98167],[13.25082,-16.99246],[13.26958,-16.99603],[13.28774,-16.98583],[13.32987,-16.9818],[13.3405,-16.97437],[13.37895,-16.97582],[13.38745,-16.98347],[13.41377,-16.99835],[13.46085,-17.01307],[13.48272,-17.03147],[13.49252,-17.0547],[13.52064,-17.08583],[13.52395,-17.09541],[13.5179,-17.1139],[13.50723,-17.12117],[13.51117,-17.1249],[13.50944,-17.13033],[13.51161,-17.13396],[13.54172,-17.14613],[13.56988,-17.16319],[13.61255,-17.19562],[13.63473,-17.2033],[13.64412,-17.21866],[13.67654,-17.24511],[13.69105,-17.24682],[13.70811,-17.25791],[13.71665,-17.269],[13.75078,-17.2818],[13.79941,-17.30996],[13.81307,-17.32361],[13.84123,-17.333],[13.84976,-17.33982],[13.88048,-17.35092],[13.8856,-17.3586],[13.89925,-17.36628],[13.90437,-17.37396],[13.91461,-17.38164],[13.91802,-17.39273],[13.92741,-17.40382],[13.93067,-17.41787],[13.94105,-17.42178],[13.95204,-17.43095],[13.95689,-17.43337],[13.97222,-17.43418],[13.99298,-17.43165],[14.01901,-17.41982],[14.03692,-17.42341],[14.02879,-17.38944],[14.01733,-17.32055],[14.02679,-17.29064],[14.04624,-17.27225],[14.05507,-17.24403],[14.07565,-17.22907],[14.15941,-17.22999],[14.18123,-17.21164],[14.19932,-17.20093],[14.19292,-17.1914],[14.19742,-17.17104],[14.21923,-17.15325],[14.23853,-17.14336],[14.25685,-17.1187],[14.2606,-17.06879],[14.25103,-17.03],[14.23609,-16.98998],[14.24646,-16.97709],[14.23988,-16.93835],[14.23132,-16.9115],[14.23613,-16.87068],[14.23175,-16.84447],[14.2167,-16.81296],[14.21936,-16.79539],[14.24509,-16.793],[14.23824,-16.77242],[14.21528,-16.74986],[14.19016,-16.75169],[14.16522,-16.74216],[14.13632,-16.71891],[14.18571,-16.69251],[14.1872,-16.67321],[14.18272,-16.6538],[14.16277,-16.63128],[14.11609,-16.59976],[14.10633,-16.57514],[14.09054,-16.52004],[14.06762,-16.53181],[14.03951,-16.53472],[14.02365,-16.51908],[13.99752,-16.47369],[13.9809,-16.4677],[13.96406,-16.47592],[13.9461,-16.47957],[13.9367,-16.47086],[13.92518,-16.48146],[13.85827,-16.48533],[13.84323,-16.49244],[13.80786,-16.53726],[13.72032,-16.59472],[13.69153,-16.60213],[13.68545,-16.53948],[13.62933,-16.53953],[13.60005,-16.50712],[13.57103,-16.42639],[13.55717,-16.40052],[13.53475,-16.31876],[13.50009,-16.25551],[13.57558,-16.16769],[13.59736,-16.11521],[13.60575,-16.07896],[13.62816,-16.05834],[13.66002,-16.04246],[13.69975,-16.01876],[13.72891,-15.98631],[13.76681,-15.92956],[13.78869,-15.90323],[13.80222,-15.87787],[13.81475,-15.84111],[13.81712,-15.80587],[13.78833,-15.71197],[13.7727,-15.68605],[13.76763,-15.66887],[13.75992,-15.63172],[13.74581,-15.58647],[13.74526,-15.54888],[13.73809,-15.51571],[13.71826,-15.45724],[13.70553,-15.4365],[13.65294,-15.38251],[13.57364,-15.2704],[13.57187,-15.25385],[13.56067,-15.2531],[13.54429,-15.27215],[13.54044,-15.28802],[13.51465,-15.30118],[13.48845,-15.30832],[13.49337,-15.3281],[13.47588,-15.3756],[13.47178,-15.40513],[13.47001,-15.43756],[13.4736,-15.4701],[13.51405,-15.50337],[13.53151,-15.52478],[13.54054,-15.55287],[13.53183,-15.57433],[13.50763,-15.59663],[13.46879,-15.6061],[13.44391,-15.59991],[13.34707,-15.59168],[13.32523,-15.58212],[13.2935,-15.5604],[13.22692,-15.49353],[13.18599,-15.45623],[13.06136,-15.34993],[13.02872,-15.31619],[13.02164,-15.28243],[13.02772,-15.24496],[13.04278,-15.20369],[13.05603,-15.18027],[12.99829,-15.16912],[12.93469,-15.17002],[12.9019,-15.17557],[12.84008,-15.17706],[12.80432,-15.18253],[12.77565,-15.18987],[12.73285,-15.19062],[12.69668,-15.18696],[12.67009,-15.17952],[12.58827,-15.14233],[12.54345,-15.12648],[12.50587,-15.10567],[12.47345,-15.09352],[12.43141,-15.08741],[12.33265,-15.0942],[12.3198,-15.0842],[12.313,-15.09658],[12.29152,-15.10062],[12.26056,-15.09416]]]}},{"type":"Feature","properties":{"ISOCSUID":"AO10","LANDFORM":"LV","LITHOLOGY":"UF","SOILS":"FLe","WRB":"Eutric Fluvisols","DOMSOILS":"FL","CODE_WRB":"FL-eu"},"geometry":{"type":"Polygon","coordinates":[[[12.25925,-15.10954],[12.26056,-15.09416],[12.22048,-15.0898],[12.18833,-15.09301],[12.14949,-15.1029],[12.12186,-15.10415],[12.11509,-15.13064],[12.12156,-15.14043],[12.12513,-15.13991],[12.13767,-15.12796],[12.14169,-15.12934],[12.15235,-15.15184],[12.15627,-15.16819],[12.15138,-15.18429],[12.14575,-15.19384],[12.14103,-15.19487],[12.15568,-15.19821],[12.18157,-15.20966],[12.23141,-15.21005],[12.25189,-15.2011],[12.25579,-15.19087],[12.19672,-15.18348],[12.18818,-15.17576],[12.1728,-15.16892],[12.16768,-15.16123],[12.16853,-15.15013],[12.17451,-15.14073],[12.19158,-15.13252],[12.24837,-15.11783],[12.25925,-15.10954]]]}},{"type":"Feature","properties":{"ISOCSUID":"AO229","LANDFORM":"LP","LITHOLOGY":"IA1","SOILS":"FRx","WRB":"Xanthi-Acric Ferralsols","DOMSOILS":"FR","CODE_WRB":"FR-ac-xa"},"geometry":{"type":"Polygon","coordinates":[[[17.15707,-15.39321],[17.16167,-15.42399],[17.18235,-15.45035],[17.24278,-15.49582],[17.27301,-15.51598],[17.33057,-15.54603],[17.35129,-15.56839],[17.41782,-15.58994],[17.43024,-15.60711],[17.47238,-15.63303],[17.51623,-15.67717],[17.52926,-15.6949],[17.56778,-15.73786],[17.58978,-15.7437],[17.60472,-15.72672],[17.6102,-15.69374],[17.61804,-15.66477],[17.63005,-15.63411],[17.64802,-15.5995],[17.66892,-15.57686],[17.70002,-15.52867],[17.7144,-15.49744],[17.7246,-15.46847],[17.72832,-15.42123],[17.72063,-15.40865],[17.6897,-15.41358],[17.63888,-15.4924],[17.59885,-15.54395],[17.58804,-15.57007],[17.57427,-15.59445],[17.56053,-15.6103],[17.54323,-15.61986],[17.52596,-15.626],[17.50463,-15.60365],[17.49108,-15.57054],[17.45446,-15.50537],[17.44392,-15.46772],[17.43694,-15.43065],[17.44389,-15.33276],[17.44875,-15.30773],[17.44644,-15.29006],[17.45906,-15.25768],[17.45494,-15.2474],[17.4628,-15.21556],[17.45992,-15.19219],[17.46121,-15.16827],[17.44296,-15.12769],[17.42041,-15.12411],[17.39657,-15.14331],[17.38933,-15.16718],[17.37223,-15.27186],[17.35798,-15.27062],[17.34326,-15.24032],[17.33806,-15.20838],[17.32986,-15.18155],[17.31985,-15.16324],[17.30212,-15.1426],[17.28376,-15.1305],[17.25045,-15.14049],[17.2408,-15.17004],[17.24838,-15.20029],[17.26367,-15.23287],[17.30555,-15.29927],[17.33139,-15.3661],[17.33248,-15.38888],[17.32946,-15.39911],[17.31687,-15.42122],[17.27709,-15.40896],[17.25398,-15.39284],[17.2035,-15.38276],[17.17913,-15.38142],[17.15707,-15.39321]]]}},{"type":"Feature","properties":{"ISOCSUID":"AO117","LANDFORM":"LP","LITHOLOGY":"MA2","SOILS":"FRh","WRB":"Acric Ferralsols","DOMSOILS":"FR","CODE_WRB":"FR-ac"},"geometry":{"type":"Polygon","coordinates":[[[16.03183,-15.37064],[16.06223,-15.36075],[16.07421,-15.35063],[16.08747,-15.33029],[16.09977,-15.28372],[16.10061,-15.25525],[16.0948,-15.24095],[16.07418,-15.2202],[16.05465,-15.212],[16.01455,-15.17906],[16.00578,-15.163],[15.98927,-15.15027],[15.97035,-15.13979],[15.95199,-15.13387],[15.93832,-15.13542],[15.92764,-15.13358],[15.91094,-15.14135],[15.89539,-15.15199],[15.88754,-15.16556],[15.90399,-15.18513],[15.92529,-15.19394],[15.97331,-15.20591],[15.98987,-15.21351],[16.01582,-15.2349],[16.03044,-15.2607],[16.03391,-15.27156],[16.03721,-15.30122],[16.02318,-15.34035],[16.0212,-15.36197],[16.03183,-15.37064]]]}},{"type":"Feature","properties":{"ISOCSUID":"AO7","LANDFORM":"LL","LITHOLOGY":"SO2","SOILS":"CLh","WRB":"Eutri-Aridic Cambisols","DOMSOILS":"CL","CODE_WRB":"CM-ad-eu"},"geometry":{"type":"Polygon","coordinates":[[[12.21032,-15.21063],[12.18157,-15.20966],[12.15568,-15.19821],[12.14103,-15.19487],[12.13525,-15.19067],[12.12215,-15.18857],[12.11427,-15.19642],[12.10835,-15.19688],[12.10291,-15.20309],[12.09274,-15.20148],[12.07618,-15.21733],[12.06979,-15.2194],[12.066,-15.22537],[12.05819,-15.23043],[12.05535,-15.24099],[12.05205,-15.28463],[12.05182,-15.33034],[12.05443,-15.34251],[12.03998,-15.36869],[12.03762,-15.38913],[12.03241,-15.40016],[12.03218,-15.41945],[12.02744,-15.44677],[12.03171,-15.46331],[12.02981,-15.48581],[12.02508,-15.49959],[12.02555,-15.50602],[12.01797,-15.54],[12.01608,-15.57146],[12.00919,-15.58721],[12.01367,-15.58777],[12.03743,-15.5633],[12.04911,-15.54708],[12.05722,-15.53019],[12.06712,-15.48715],[12.06882,-15.43877],[12.07463,-15.41841],[12.11779,-15.40352],[12.14183,-15.39214],[12.16277,-15.38638],[12.18444,-15.37438],[12.19198,-15.35633],[12.20045,-15.2426],[12.20636,-15.21767],[12.21032,-15.21063]]]}},{"type":"Feature","properties":{"ISOCSUID":"AO38","LANDFORM":"LL","LITHOLOGY":"SC2","SOILS":"CLp","WRB":"Petric Calcisols","DOMSOILS":"CL","CODE_WRB":"CL-pt"},"geometry":{"type":"Polygon","coordinates":[[[12.23141,-15.21005],[12.21032,-15.21063],[12.20636,-15.21767],[12.20045,-15.2426],[12.19198,-15.35633],[12.18444,-15.37438],[12.16277,-15.38638],[12.14183,-15.39214],[12.11779,-15.40352],[12.07463,-15.41841],[12.06882,-15.43877],[12.06712,-15.48715],[12.05927,-15.52288],[12.06976,-15.52822],[12.12071,-15.53801],[12.16371,-15.55728],[12.17698,-15.57582],[12.19584,-15.61045],[12.2116,-15.62449],[12.24794,-15.62529],[12.24768,-15.60771],[12.25284,-15.58961],[12.26976,-15.55072],[12.29072,-15.51762],[12.3448,-15.46537],[12.45109,-15.41774],[12.47446,-15.40974],[12.47007,-15.39255],[12.45859,-15.37292],[12.44641,-15.35839],[12.423,-15.34133],[12.40595,-15.33238],[12.36519,-15.32003],[12.32133,-15.31386],[12.27952,-15.29577],[12.26681,-15.27895],[12.25196,-15.25181],[12.23842,-15.21901],[12.23141,-15.21005]]]}},{"type":"Feature","properties":{"ISOCSUID":"AO117","LANDFORM":"LP","LITHOLOGY":"MA2","SOILS":"FRh","WRB":"Acric Ferralsols","DOMSOILS":"FR","CODE_WRB":"FR-ac"},"geometry":{"type":"Polygon","coordinates":[[[15.9427,-15.36503],[15.95346,-15.35889],[15.95123,-15.34292],[15.94371,-15.32061],[15.91747,-15.26733],[15.88932,-15.22825],[15.85494,-15.21871],[15.79322,-15.21111],[15.77826,-15.22231],[15.78053,-15.2326],[15.82885,-15.27478],[15.84539,-15.28467],[15.87606,-15.30954],[15.90251,-15.34062],[15.92021,-15.35507],[15.9427,-15.36503]]]}},{"type":"Feature","properties":{"ISOCSUID":"AO222","LANDFORM":"LP","LITHOLOGY":"UE","SOILS":"FRx","WRB":"Xanthi-Arenic Ferralsols","DOMSOILS":"FR","CODE_WRB":"FR-ar-xa"},"geometry":{"type":"Polygon","coordinates":[[[18.30532,-15.91812],[18.25973,-15.95289],[18.23171,-15.96699],[18.20249,-15.9862],[18.17149,-16.00141],[18.11899,-16.03927],[18.09927,-16.06819],[18.08908,-16.09715],[18.08307,-16.12271],[18.0854,-16.15003],[18.09549,-16.17454],[18.11391,-16.20307],[18.17936,-16.28016],[18.21745,-16.32924],[18.2371,-16.35037],[18.28417,-16.39152],[18.30623,-16.40299],[18.34559,-16.41339],[18.35575,-16.4015],[18.35936,-16.37081],[18.36062,-16.30372],[18.37857,-16.24863],[18.38576,-16.20715],[18.39953,-16.15317],[18.42044,-16.08784],[18.42465,-16.08079],[18.48843,-15.99936],[18.51108,-15.99433],[18.51588,-16.01373],[18.54146,-16.00126],[18.60282,-16.00034],[18.6248,-16.00452],[18.62844,-15.9754],[18.63797,-15.95324],[18.66001,-15.9351],[18.6618,-15.92266],[18.65287,-15.91858],[18.63024,-15.86729],[18.61656,-15.77221],[18.61359,-15.72325],[18.60051,-15.66572],[18.58802,-15.62469],[18.50301,-15.49173],[18.43293,-15.36903],[18.38604,-15.3005],[18.34921,-15.27585],[18.31654,-15.27059],[18.28265,-15.28297],[18.25052,-15.30617],[18.2463,-15.35058],[18.25752,-15.40017],[18.27944,-15.45778],[18.32689,-15.56162],[18.34111,-15.6169],[18.36899,-15.70468],[18.37014,-15.73997],[18.35101,-15.82185],[18.33669,-15.84227],[18.3136,-15.86059],[18.36048,-15.86912],[18.35511,-15.88105],[18.33901,-15.89805],[18.30532,-15.91812]]]}},{"type":"Feature","properties":{"ISOCSUID":"AO103","LANDFORM":"LP","LITHOLOGY":"IB1","SOILS":"VRk","WRB":"Pelli-Calcic Vertisols","DOMSOILS":"VR","CODE_WRB":"VR-cc-pe"},"geometry":{"type":"Polygon","coordinates":[[[13.9196,-15.29189],[13.90228,-15.29669],[13.89194,-15.27485],[13.88182,-15.28672],[13.87528,-15.30029],[13.85793,-15.31865],[13.80495,-15.35866],[13.71496,-15.45186],[13.73809,-15.51571],[13.74526,-15.54888],[13.74581,-15.58647],[13.75992,-15.63172],[13.76763,-15.66887],[13.7727,-15.68605],[13.78833,-15.71197],[13.81712,-15.80587],[13.81475,-15.84111],[13.80222,-15.87787],[13.78869,-15.90323],[13.76681,-15.92956],[13.72891,-15.98631],[13.69975,-16.01876],[13.66002,-16.04246],[13.62816,-16.05834],[13.60575,-16.07896],[13.59736,-16.11521],[13.57558,-16.16769],[13.50009,-16.25551],[13.53475,-16.31876],[13.55717,-16.40052],[13.57103,-16.42639],[13.60005,-16.50712],[13.62933,-16.53953],[13.68545,-16.53948],[13.69153,-16.60213],[13.72032,-16.59472],[13.80786,-16.53726],[13.84323,-16.49244],[13.85827,-16.48533],[13.92518,-16.48146],[13.94275,-16.46529],[13.95874,-16.43602],[13.96761,-16.40434],[13.95724,-16.3814],[13.91394,-16.32999],[13.87503,-16.26614],[13.8557,-16.24473],[13.84119,-16.22114],[13.78212,-16.15233],[13.77217,-16.10606],[13.79999,-16.1174],[13.828,-16.11792],[13.83147,-16.12288],[13.83725,-16.09932],[13.83727,-16.02649],[13.84585,-15.94073],[13.85831,-15.87153],[13.86591,-15.84435],[13.88195,-15.8105],[13.90385,-15.78245],[13.9279,-15.76753],[13.98524,-15.71963],[14.00428,-15.71998],[13.99771,-15.758],[14.00008,-15.98114],[13.992,-16.00205],[13.97849,-16.02684],[13.96727,-16.05736],[13.96718,-16.06305],[13.98881,-16.08905],[13.99252,-16.11756],[13.99874,-16.13873],[13.99355,-16.1648],[13.99788,-16.19218],[14.02051,-16.19373],[14.03382,-16.18203],[14.05752,-16.19099],[14.07388,-16.24988],[14.08965,-16.27064],[14.1055,-16.28684],[14.13214,-16.29983],[14.14494,-16.31997],[14.14398,-16.34327],[14.16026,-16.37085],[14.16711,-16.39087],[14.18609,-16.39804],[14.21651,-16.39857],[14.24713,-16.38603],[14.31651,-16.33491],[14.33003,-16.32004],[14.3068,-16.30631],[14.2815,-16.28312],[14.25515,-16.25081],[14.22754,-16.2236],[14.206,-16.18966],[14.20552,-16.18225],[14.17637,-16.17776],[14.15106,-16.1574],[14.1395,-16.13387],[14.13676,-16.12269],[14.10567,-16.08661],[14.09962,-16.05407],[14.08053,-15.98033],[14.02181,-15.77779],[14.018,-15.75552],[14.02355,-15.7431],[14.05747,-15.70671],[14.09821,-15.6898],[14.10167,-15.69177],[14.10201,-15.66674],[14.10546,-15.64817],[14.10846,-15.64322],[14.09947,-15.64712],[14.0764,-15.63874],[14.07458,-15.60283],[14.06673,-15.57251],[14.04053,-15.49915],[14.03002,-15.47861],[14.06549,-15.46316],[14.11708,-15.43447],[14.13034,-15.42332],[14.14432,-15.42255],[14.14553,-15.40252],[14.15232,-15.38612],[14.1868,-15.34801],[14.19516,-15.32482],[14.15156,-15.32004],[14.07338,-15.33971],[14.03194,-15.32927],[13.98937,-15.31482],[13.92935,-15.30773],[13.9196,-15.29189]]]}},{"type":"Feature","properties":{"ISOCSUID":"AO53","LANDFORM":"LP","LITHOLOGY":"MA2","SOILS":"LPq","WRB":"Lithic Leptosols","DOMSOILS":"LP","CODE_WRB":"LP-li"},"geometry":{"type":"Polygon","coordinates":[[[12.55981,-15.45942],[12.50477,-15.43836],[12.47847,-15.41667],[12.4656,-15.41278],[12.3448,-15.46537],[12.29072,-15.51762],[12.26976,-15.55072],[12.25284,-15.58961],[12.24768,-15.60771],[12.24815,-15.64018],[12.21265,-15.68431],[12.16035,-15.76048],[12.15802,-15.7849],[12.163,-15.85504],[12.16681,-15.87107],[12.16301,-15.88368],[12.22262,-15.8989],[12.22787,-15.88393],[12.27868,-15.82196],[12.32841,-15.78044],[12.37059,-15.75753],[12.44732,-15.73314],[12.47777,-15.72929],[12.51827,-15.7529],[12.54274,-15.76184],[12.58289,-15.74988],[12.64611,-15.76184],[12.69737,-15.76184],[12.73155,-15.74988],[12.72556,-15.7157],[12.69139,-15.68153],[12.65124,-15.65846],[12.5658,-15.59609],[12.53163,-15.5679],[12.51454,-15.53885],[12.52565,-15.49357],[12.55981,-15.45942]]]}},{"type":"Feature","properties":{"ISOCSUID":"AO106","LANDFORM":"LP","LITHOLOGY":"IB1","SOILS":"CLl","WRB":"Areni-Calcic Luvisols","DOMSOILS":"CL","CODE_WRB":"LV-cc-ar"},"geometry":{"type":"Polygon","coordinates":[[[14.14432,-15.42255],[14.13034,-15.42332],[14.11708,-15.43447],[14.06549,-15.46316],[14.03002,-15.47861],[14.04053,-15.49915],[14.06673,-15.57251],[14.07458,-15.60283],[14.0764,-15.63874],[14.09947,-15.64712],[14.16899,-15.61591],[14.1705,-15.59487],[14.14488,-15.55911],[14.13632,-15.53561],[14.14432,-15.42255]]]}},{"type":"Feature","properties":{"ISOCSUID":"AO212","LANDFORM":"LP","LITHOLOGY":"UE","SOILS":"PZc","WRB":"Carbic Podzols","DOMSOILS":"PZ","CODE_WRB":"PZ-cb"},"geometry":{"type":"Polygon","coordinates":[[[21.32886,-15.49193],[21.30568,-15.46108],[21.26969,-15.42653],[21.23878,-15.42783],[21.21525,-15.45585],[21.21563,-15.49912],[21.23147,-15.54231],[21.26825,-15.59678],[21.24004,-15.6362],[21.21161,-15.65172],[21.1694,-15.65648],[21.13841,-15.65094],[21.11925,-15.6368],[21.09774,-15.62665],[21.08297,-15.63867],[21.06441,-15.69739],[21.04433,-15.71626],[21.01,-15.74032],[20.98221,-15.7632],[20.90238,-15.78572],[20.92591,-15.79531],[20.94984,-15.81001],[21.12226,-15.85136],[21.15617,-15.84778],[21.21037,-15.84922],[21.24845,-15.84618],[21.28349,-15.83633],[21.3192,-15.83443],[21.35604,-15.82627],[21.38628,-15.81187],[21.39713,-15.76343],[21.3927,-15.67182],[21.38383,-15.6138],[21.37042,-15.58029],[21.32886,-15.49193]]]}},{"type":"Feature","properties":{"ISOCSUID":"AO54","LANDFORM":"LP","LITHOLOGY":"MA2","SOILS":"CLh","WRB":"Calcic Luvisols","DOMSOILS":"CL","CODE_WRB":"LV-cc"},"geometry":{"type":"Polygon","coordinates":[[[12.55981,-15.45942],[12.52565,-15.49357],[12.51454,-15.53885],[12.53163,-15.5679],[12.5658,-15.59609],[12.65124,-15.65846],[12.69139,-15.68153],[12.72556,-15.7157],[12.73155,-15.74988],[12.69737,-15.76184],[12.64611,-15.76184],[12.58289,-15.74988],[12.54274,-15.76184],[12.51827,-15.7529],[12.53183,-15.76299],[12.54519,-15.89195],[12.55842,-15.91388],[12.59321,-15.95964],[12.61154,-15.99477],[12.60616,-16.02424],[12.61385,-16.05572],[12.60662,-16.08798],[12.61091,-16.11084],[12.60808,-16.13183],[12.6328,-16.1762],[12.64323,-16.19066],[12.65678,-16.19836],[12.7056,-16.17329],[12.72571,-16.15212],[12.74798,-16.14181],[12.76648,-16.14051],[12.77614,-16.16405],[12.82715,-16.14754],[12.87767,-16.12533],[12.94348,-16.08352],[12.97827,-16.07232],[13.01358,-16.06455],[13.04467,-16.05952],[13.07509,-16.05846],[13.13191,-16.04772],[13.15889,-16.03918],[13.17402,-16.02698],[13.17804,-16.00373],[13.15442,-15.99242],[13.13933,-15.97105],[13.1332,-15.94873],[13.1385,-15.92095],[13.16229,-15.85998],[13.16056,-15.82579],[13.18183,-15.8029],[13.18839,-15.77116],[13.19313,-15.74052],[13.18709,-15.71363],[13.17725,-15.69863],[13.13955,-15.70922],[13.05417,-15.72278],[13.01112,-15.73211],[12.86583,-15.73407],[12.82196,-15.72457],[12.777,-15.71047],[12.77058,-15.67503],[12.75541,-15.63085],[12.7608,-15.59965],[12.75302,-15.51406],[12.74667,-15.5048],[12.6944,-15.50078],[12.61562,-15.48476],[12.57913,-15.46627],[12.55981,-15.45942]]]}},{"type":"Feature","properties":{"ISOCSUID":"AO202","LANDFORM":"LP","LITHOLOGY":"UE","SOILS":"ARg","WRB":"Gleyic Arenosols","DOMSOILS":"AR","CODE_WRB":"AR-gl"},"geometry":{"type":"Polygon","coordinates":[[[20.92591,-15.79531],[20.87753,-15.77558],[20.85298,-15.7569],[20.81235,-15.73656],[20.70971,-15.69879],[20.66732,-15.67957],[20.62798,-15.67116],[20.56844,-15.66565],[20.46017,-15.67221],[20.31854,-15.67197],[20.27802,-15.66352],[20.24991,-15.63739],[20.20809,-15.60501],[20.16989,-15.58231],[20.1066,-15.53572],[20.06546,-15.51528],[20.02379,-15.50736],[19.9655,-15.50742],[19.92504,-15.5029],[19.88995,-15.50293],[19.80487,-15.49387],[19.78462,-15.48819],[19.75935,-15.47595],[19.75135,-15.4956],[19.73598,-15.52293],[19.72544,-15.56791],[19.70713,-15.60492],[19.66389,-15.65786],[19.63836,-15.67665],[19.61044,-15.69087],[19.57535,-15.6994],[19.53431,-15.70565],[19.45522,-15.73008],[19.38866,-15.77386],[19.36906,-15.79376],[19.34469,-15.80967],[19.30131,-15.84661],[19.27871,-15.85967],[19.27166,-15.86615],[19.27343,-15.89551],[19.26995,-15.93875],[19.26404,-15.96321],[19.27668,-16.02581],[19.28596,-16.0473],[19.30408,-16.02129],[19.34988,-15.98778],[19.39446,-15.94856],[19.426,-15.93777],[19.54742,-15.90996],[19.58853,-15.91339],[19.63323,-15.92136],[19.68743,-15.92193],[19.74284,-15.92648],[19.90316,-15.95086],[20.03078,-15.98317],[20.13806,-15.99098],[20.20413,-15.98064],[20.26844,-15.9754],[20.31958,-15.95993],[20.37016,-15.95015],[20.55258,-15.88026],[20.67353,-15.88956],[20.72766,-15.88085],[20.78125,-15.87895],[20.83374,-15.89071],[20.85731,-15.90349],[20.88764,-15.89948],[20.92177,-15.89095],[20.9559,-15.84317],[20.96634,-15.81417],[20.94984,-15.81001],[20.92591,-15.79531]]]}},{"type":"Feature","properties":{"ISOCSUID":"AO6","LANDFORM":"LL","LITHOLOGY":"SO2","SOILS":"CLh","WRB":"Sodi-Endosalic Calcisols","DOMSOILS":"CL","CODE_WRB":"CL-szn-so"},"geometry":{"type":"Polygon","coordinates":[[[12.05927,-15.52288],[12.04911,-15.54708],[12.03743,-15.5633],[12.01367,-15.58777],[12.00919,-15.58721],[11.98265,-15.64148],[11.95847,-15.65892],[11.93903,-15.67063],[11.93073,-15.67315],[11.91864,-15.68876],[11.91176,-15.70528],[11.91222,-15.7264],[11.90949,-15.72891],[11.94611,-15.75578],[11.98272,-15.76921],[12.05873,-15.77792],[12.08192,-15.80582],[12.09218,-15.82599],[12.0967,-15.83692],[12.09862,-15.86137],[12.11433,-15.87378],[12.13994,-15.87383],[12.16301,-15.88368],[12.16681,-15.87107],[12.163,-15.85504],[12.15802,-15.7849],[12.16035,-15.76048],[12.21265,-15.68431],[12.24815,-15.64018],[12.24794,-15.62529],[12.2116,-15.62449],[12.19584,-15.61045],[12.17698,-15.57582],[12.16371,-15.55728],[12.12071,-15.53801],[12.06976,-15.52822],[12.05927,-15.52288]]]}},{"type":"Feature","properties":{"ISOCSUID":"AO225","LANDFORM":"LP","LITHOLOGY":"UE","SOILS":"ARo","WRB":"Rubi-Ferralic Arenosols","DOMSOILS":"AR","CODE_WRB":"AR-fl-ru"},"geometry":{"type":"Polygon","coordinates":[[[17.5259,-16.09605],[17.52929,-15.99026],[17.52236,-15.93445],[17.5077,-15.87802],[17.48111,-15.82547],[17.40003,-15.71277],[17.36394,-15.6664],[17.3276,-15.67409],[17.29955,-15.69153],[17.28812,-15.71762],[17.27841,-15.75682],[17.26937,-15.77838],[17.25082,-15.79873],[17.22105,-15.79906],[17.19435,-15.78121],[17.17186,-15.75541],[17.14873,-15.73986],[17.10948,-15.73214],[17.08017,-15.75922],[17.03342,-15.81574],[17.00772,-15.83316],[16.98224,-15.81131],[16.96695,-15.77874],[16.94864,-15.75524],[16.91715,-15.74472],[16.86109,-15.76243],[16.83717,-15.77929],[16.80419,-15.81598],[16.78192,-15.8539],[16.73828,-15.96901],[16.72202,-15.99446],[16.69086,-16.02261],[16.65974,-16.04165],[16.62519,-16.04075],[16.5894,-16.04552],[16.5591,-16.03327],[16.52577,-16.02838],[16.4942,-16.02749],[16.4518,-16.039],[16.41996,-16.0728],[16.37281,-16.08255],[16.33751,-16.09924],[16.29328,-16.11526],[16.14212,-16.15681],[16.11807,-16.18099],[16.08766,-16.24833],[16.08084,-16.27725],[16.07489,-16.34315],[16.07109,-16.35445],[16.13697,-16.40584],[16.21774,-16.45053],[16.25647,-16.45607],[16.2828,-16.4639],[16.35699,-16.42247],[16.42637,-16.40103],[16.46172,-16.3815],[16.57467,-16.3525],[16.60877,-16.33976],[16.63274,-16.32351],[16.66563,-16.31018],[16.71039,-16.30663],[16.74146,-16.29839],[16.77291,-16.322],[16.7601,-16.36567],[16.736,-16.40183],[16.69825,-16.42649],[16.55923,-16.50813],[16.50713,-16.53148],[16.45497,-16.56164],[16.40046,-16.58552],[16.36386,-16.60957],[16.32837,-16.64216],[16.30593,-16.68454],[16.31392,-16.72952],[16.3354,-16.80702],[16.3338,-16.857],[16.31922,-16.88695],[16.29322,-16.92303],[16.25828,-16.95616],[16.23048,-16.99277],[16.19926,-17.07818],[16.18423,-17.15695],[16.17559,-17.18751],[16.17707,-17.22443],[16.18277,-17.25742],[16.19032,-17.28304],[16.19597,-17.32284],[16.1923,-17.35043],[16.15,-17.38427],[16.12462,-17.39441],[17.0,-17.39589],[17.0592,-17.39812],[17.0796,-17.39651],[17.10487,-17.39898],[17.11622,-17.39638],[17.34275,-17.39887],[17.57545,-17.39574],[17.45936,-17.36312],[17.35571,-17.3187],[17.2436,-17.25312],[17.17803,-17.22562],[17.09934,-17.17092],[17.0991,-17.10506],[17.11253,-17.05463],[17.14679,-17.0214],[17.23141,-16.95676],[17.27936,-16.92987],[17.33625,-16.90644],[17.52235,-16.84585],[17.58276,-16.83036],[17.70244,-16.77432],[17.7115,-16.74256],[17.68057,-16.70486],[17.65078,-16.68478],[17.62042,-16.65958],[17.58764,-16.64345],[17.55798,-16.59153],[17.53964,-16.54878],[17.53384,-16.50554],[17.52946,-16.40318],[17.53263,-16.35601],[17.53642,-16.15073],[17.5259,-16.09605]]]}},{"type":"Feature","properties":{"ISOCSUID":"AO108","LANDFORM":"LP","LITHOLOGY":"UE","SOILS":"LVh","WRB":"Chromic Luvisols","DOMSOILS":"LV","CODE_WRB":"LV-cr"},"geometry":{"type":"Polygon","coordinates":[[[14.49262,-16.33667],[14.53615,-16.36762],[14.64607,-16.40012],[14.68711,-16.40931],[14.73098,-16.42991],[14.76165,-16.45655],[14.83849,-16.51233],[14.87139,-16.55207],[14.89069,-16.58306],[14.93709,-16.67061],[14.96648,-16.63196],[14.97443,-16.6173],[14.99437,-16.59884],[15.02538,-16.5544],[15.0471,-16.5354],[15.07361,-16.51589],[15.10903,-16.49879],[15.14919,-16.48459],[15.19065,-16.46189],[15.22373,-16.43962],[15.24911,-16.41326],[15.2613,-16.39068],[15.27062,-16.35954],[15.27344,-16.32205],[15.26963,-16.29128],[15.2617,-16.25534],[15.25749,-16.20751],[15.24605,-16.16696],[15.21478,-16.08971],[15.20222,-16.04288],[15.21736,-16.02262],[15.23377,-16.02285],[15.229,-15.99604],[15.20825,-15.93714],[15.20378,-15.91203],[15.20602,-15.87394],[15.2159,-15.84448],[15.23184,-15.80601],[15.25744,-15.75515],[15.26744,-15.71488],[15.26476,-15.68979],[15.22141,-15.73186],[15.18874,-15.82474],[15.17783,-15.84109],[15.16136,-15.87386],[15.14608,-15.95501],[15.13864,-15.97937],[15.12127,-15.98652],[15.1075,-15.94364],[15.08923,-15.928],[15.07548,-15.93178],[15.04088,-15.98362],[15.0203,-16.00949],[15.00865,-16.03548],[14.99895,-16.04899],[14.9835,-16.04535],[14.99484,-15.99659],[14.98856,-15.97487],[14.96166,-15.98243],[14.94813,-16.01522],[14.9282,-16.03597],[14.8957,-16.06108],[14.86792,-16.08853],[14.88064,-16.11888],[14.88688,-16.14343],[14.88333,-16.18718],[14.87242,-16.24617],[14.842,-16.33669],[14.82697,-16.34612],[14.79465,-16.35358],[14.77458,-16.33791],[14.76892,-16.31564],[14.74869,-16.31191],[14.69559,-16.31277],[14.66918,-16.32486],[14.65756,-16.34571],[14.62751,-16.36172],[14.60179,-16.36642],[14.58649,-16.35139],[14.55918,-16.34241],[14.53972,-16.32673],[14.50206,-16.33236],[14.49262,-16.33667]]]}},{"type":"Feature","properties":{"ISOCSUID":"AO106","LANDFORM":"LP","LITHOLOGY":"IB1","SOILS":"CLl","WRB":"Areni-Calcic Luvisols","DOMSOILS":"CL","CODE_WRB":"LV-cc-ar"},"geometry":{"type":"Polygon","coordinates":[[[14.12711,-15.70626],[14.09821,-15.6898],[14.05747,-15.70671],[14.02355,-15.7431],[14.018,-15.75552],[14.02181,-15.77779],[14.08053,-15.98033],[14.09962,-16.05407],[14.10567,-16.08661],[14.13676,-16.12269],[14.16426,-16.11326],[14.17989,-16.105],[14.18371,-16.08914],[14.17916,-16.03615],[14.17988,-15.95137],[14.17654,-15.89725],[14.1687,-15.86524],[14.15436,-15.83027],[14.14404,-15.76633],[14.12711,-15.70626]]]}},{"type":"Feature","properties":{"ISOCSUID":"AO114","LANDFORM":"LP","LITHOLOGY":"UE","SOILS":"LVk","WRB":"Calcic Luvisols","DOMSOILS":"LV","CODE_WRB":"LV-cc"},"geometry":{"type":"Polygon","coordinates":[[[15.82587,-15.76329],[15.84519,-15.73507],[15.83412,-15.71102],[15.76153,-15.70841],[15.74093,-15.74401],[15.72448,-15.78136],[15.70458,-15.80615],[15.69082,-15.81567],[15.69229,-15.84356],[15.68896,-15.87823],[15.69806,-15.92046],[15.71091,-15.94566],[15.71539,-15.9736],[15.73647,-16.00914],[15.73251,-16.04778],[15.73276,-16.08192],[15.73007,-16.11261],[15.73275,-16.14165],[15.72882,-16.17687],[15.73188,-16.22753],[15.73993,-16.25721],[15.74983,-16.28065],[15.77061,-16.29058],[15.81343,-16.30249],[15.85523,-16.29732],[15.87276,-16.27251],[15.85832,-16.22399],[15.83792,-16.17653],[15.83477,-16.13269],[15.82516,-16.07853],[15.82138,-16.03866],[15.77255,-15.91685],[15.76432,-15.84618],[15.78013,-15.8128],[15.79283,-15.79304],[15.82587,-15.76329]]]}},{"type":"Feature","properties":{"ISOCSUID":"AO104","LANDFORM":"LP","LITHOLOGY":"IB1","SOILS":"LPq","WRB":"Lithic Leptosols","DOMSOILS":"LP","CODE_WRB":"LP-li"},"geometry":{"type":"Polygon","coordinates":[[[13.83147,-16.12288],[13.828,-16.11792],[13.79999,-16.1174],[13.77217,-16.10606],[13.78212,-16.15233],[13.84119,-16.22114],[13.8557,-16.24473],[13.87503,-16.26614],[13.91394,-16.32999],[13.95724,-16.3814],[13.96761,-16.40434],[13.95874,-16.43602],[13.94275,-16.46529],[13.9367,-16.47086],[13.9461,-16.47957],[13.96406,-16.47592],[13.9809,-16.4677],[13.99752,-16.47369],[14.02365,-16.51908],[14.03951,-16.53472],[14.06762,-16.53181],[14.09054,-16.52004],[14.08705,-16.51056],[14.08799,-16.48897],[14.12785,-16.45898],[14.15533,-16.4191],[14.17709,-16.40072],[14.17984,-16.39568],[14.16711,-16.39087],[14.16026,-16.37085],[14.14398,-16.34327],[14.14494,-16.31997],[14.13214,-16.29983],[14.1055,-16.28684],[14.08965,-16.27064],[14.07388,-16.24988],[14.05752,-16.19099],[14.03382,-16.18203],[14.02051,-16.19373],[13.99788,-16.19218],[13.99355,-16.1648],[13.99874,-16.13873],[13.99252,-16.11756],[13.98881,-16.08905],[13.96718,-16.06305],[13.96727,-16.05736],[13.97849,-16.02684],[13.992,-16.00205],[14.00008,-15.98114],[13.99771,-15.758],[14.00428,-15.71998],[13.98524,-15.71963],[13.9279,-15.76753],[13.90385,-15.78245],[13.88195,-15.8105],[13.86591,-15.84435],[13.85831,-15.87153],[13.84585,-15.94073],[13.83727,-16.02649],[13.83725,-16.09932],[13.83147,-16.12288]]]}},{"type":"Feature","properties":{"ISOCSUID":"AO10","LANDFORM":"LV","LITHOLOGY":"UF","SOILS":"FLe","WRB":"Eutric Fluvisols","DOMSOILS":"FL","CODE_WRB":"FL-eu"},"geometry":{"type":"Polygon","coordinates":[[[11.89349,-15.75888],[11.9257,-15.78837],[11.94984,-15.80028],[12.00145,-15.80896],[12.02858,-15.82045],[12.05494,-15.83988],[12.08626,-15.87708],[12.10184,-15.87291],[12.09688,-15.85514],[12.0967,-15.83692],[12.09218,-15.82599],[12.08192,-15.80582],[12.05873,-15.77792],[11.98272,-15.76921],[11.94611,-15.75578],[11.90949,-15.72891],[11.907,-15.74522],[11.89349,-15.75888]]]}},{"type":"Feature","properties":{"ISOCSUID":"AO58","LANDFORM":"LP","LITHOLOGY":"UE","SOILS":"CLh","WRB":"Areni-Endoskeletic Calcisols","DOMSOILS":"CL","CODE_WRB":"CL-skn-ar"},"geometry":{"type":"Polygon","coordinates":[[[11.9257,-15.78837],[11.89349,-15.75888],[11.88303,-15.77918],[11.87568,-15.78653],[11.85741,-15.79294],[11.8261,-15.79614],[11.81235,-15.79199],[11.819,-15.78465],[11.82991,-15.78122],[11.85244,-15.77986],[11.84604,-15.77365],[11.80666,-15.78258],[11.79504,-15.78326],[11.78508,-15.78004],[11.77464,-15.78576],[11.76752,-15.7931],[11.74804,-15.82155],[11.7416,-15.86033],[11.73233,-15.88144],[11.73516,-15.89131],[11.7463,-15.91014],[11.77237,-15.94436],[11.80329,-16.0],[11.80955,-16.01985],[11.7941,-16.10646],[11.79466,-16.13784],[11.81954,-16.1237],[11.83423,-16.08253],[11.85075,-16.01352],[11.864,-15.98199],[11.89863,-15.95383],[11.90724,-15.91648],[11.91977,-15.89004],[11.92403,-15.86055],[11.91814,-15.83193],[11.92528,-15.8065],[11.9257,-15.78837]]]}},{"type":"Feature","properties":{"ISOCSUID":"AO39","LANDFORM":"LP","LITHOLOGY":"UE","SOILS":"DU","WRB":"Protic Arenosols","DOMSOILS":"DU","CODE_WRB":"AR-pr"},"geometry":{"type":"Polygon","coordinates":[[[12.09862,-15.86137],[12.10184,-15.87291],[12.08626,-15.87708],[12.05494,-15.83988],[12.02858,-15.82045],[12.00145,-15.80896],[11.94984,-15.80028],[11.9257,-15.78837],[11.92528,-15.8065],[11.91814,-15.83193],[11.92403,-15.86055],[11.91977,-15.89004],[11.90724,-15.91648],[11.89863,-15.95383],[11.864,-15.98199],[11.85075,-16.01352],[11.83423,-16.08253],[11.81954,-16.1237],[11.79466,-16.13784],[11.79616,-16.16584],[11.82004,-16.33443],[11.82616,-16.3947],[11.82627,-16.42705],[11.83223,-16.47264],[11.82668,-16.57549],[11.82868,-16.58418],[11.8259,-16.59087],[11.82718,-16.59934],[11.82368,-16.60557],[11.82588,-16.61083],[11.82466,-16.63035],[11.82862,-16.64407],[11.82813,-16.66542],[11.83062,-16.6748],[11.82901,-16.68033],[11.83295,-16.69245],[11.82421,-16.74302],[11.81801,-16.76465],[11.81338,-16.79912],[11.80588,-16.81182],[11.79951,-16.81739],[11.79073,-16.82137],[11.77882,-16.82172],[11.77766,-16.82448],[11.77901,-16.84007],[11.78462,-16.8515],[11.78938,-16.87325],[11.78059,-16.92154],[11.77023,-16.95721],[11.76931,-16.98362],[11.76087,-17.02088],[11.75699,-17.10631],[11.76062,-17.13382],[11.7593,-17.14384],[11.77371,-17.1481],[11.78404,-17.16654],[11.80081,-17.16582],[11.81253,-17.15078],[11.82146,-17.12772],[11.83,-17.04501],[11.82517,-16.97103],[11.84643,-16.88122],[11.85713,-16.8582],[11.86203,-16.82763],[11.87741,-16.78369],[11.899,-16.75467],[11.91763,-16.72444],[11.97061,-16.62969],[11.99266,-16.60579],[12.02005,-16.58315],[12.03963,-16.5626],[12.06316,-16.49949],[12.0975,-16.43323],[12.12289,-16.41849],[12.15302,-16.40557],[12.1834,-16.38128],[12.20184,-16.35727],[12.2334,-16.30626],[12.25851,-16.27672],[12.25422,-16.255],[12.22936,-16.2197],[12.21664,-16.17502],[12.21183,-16.14987],[12.21107,-16.13051],[12.1895,-16.0822],[12.18244,-16.0513],[12.18646,-15.92448],[12.1729,-15.89171],[12.17478,-15.88712],[12.13994,-15.87383],[12.11433,-15.87378],[12.09862,-15.86137]]]}},{"type":"Feature","properties":{"ISOCSUID":"AO201","LANDFORM":"LP","LITHOLOGY":"UE","SOILS":"ARg","WRB":"Gleyic Arenosols","DOMSOILS":"AR","CODE_WRB":"AR-gl"},"geometry":{"type":"Polygon","coordinates":[[[21.28811,-15.83608],[21.24845,-15.84618],[21.21037,-15.84922],[21.15617,-15.84778],[21.12226,-15.85136],[20.96634,-15.81417],[20.9559,-15.84317],[20.92177,-15.89095],[20.88764,-15.89948],[20.85731,-15.90349],[20.86604,-15.90822],[20.89447,-15.96615],[20.9186,-16.00474],[20.94388,-16.03706],[20.98641,-16.0659],[21.01343,-16.09024],[21.00727,-16.13919],[20.99129,-16.15291],[20.93951,-16.16336],[20.82981,-16.16209],[20.79161,-16.1554],[20.74403,-16.16979],[20.73646,-16.19484],[20.76197,-16.26073],[20.76037,-16.28689],[20.73672,-16.31427],[20.70048,-16.33486],[20.64816,-16.35948],[20.61183,-16.36869],[20.5689,-16.37166],[20.51752,-16.35816],[20.44448,-16.31514],[20.36827,-16.23742],[20.26856,-16.21317],[20.16891,-16.19629],[20.13488,-16.1861],[20.144,-16.22249],[20.14232,-16.24296],[20.1365,-16.27027],[20.12163,-16.27939],[20.09651,-16.26351],[20.06429,-16.26014],[20.04829,-16.28006],[20.06153,-16.30506],[20.06396,-16.31416],[20.04941,-16.38923],[20.0853,-16.40908],[20.22075,-16.41228],[20.37765,-16.41082],[20.40994,-16.42325],[20.42932,-16.47039],[20.45062,-16.53798],[20.47045,-16.55896],[20.56437,-16.5894],[20.5812,-16.60697],[20.5832,-16.63936],[20.55581,-16.6508],[20.51348,-16.66058],[20.47466,-16.65898],[20.44856,-16.68689],[20.45469,-16.71245],[20.48765,-16.72998],[20.50451,-16.75152],[20.52491,-16.76681],[20.5442,-16.79232],[20.5396,-16.82131],[20.51936,-16.83273],[20.4632,-16.83288],[20.41533,-16.82107],[20.36263,-16.80074],[20.24282,-16.73962],[20.19915,-16.72833],[20.16694,-16.73634],[20.14084,-16.77104],[20.11825,-16.7921],[20.10408,-16.82564],[20.09825,-16.85519],[20.07681,-16.86999],[20.03023,-16.87629],[19.96442,-16.85875],[19.92137,-16.85311],[19.87885,-16.82985],[19.84533,-16.81453],[19.84042,-16.78329],[19.84215,-16.76908],[19.87972,-16.75258],[19.92089,-16.74289],[19.99375,-16.73998],[20.04083,-16.71834],[20.05446,-16.69616],[20.05014,-16.66775],[20.01843,-16.65358],[19.96286,-16.64512],[19.84393,-16.61907],[19.78049,-16.57988],[19.76012,-16.56],[19.73259,-16.53954],[19.67775,-16.56172],[19.65516,-16.58957],[19.63619,-16.62764],[19.62856,-16.66799],[19.63047,-16.70436],[19.63956,-16.74073],[19.65827,-16.79754],[19.68168,-16.83106],[19.70513,-16.87082],[19.72079,-16.90604],[19.7364,-16.92478],[19.77174,-16.94522],[19.80765,-16.95713],[19.84473,-16.96222],[19.87932,-16.94232],[19.93069,-16.93433],[19.96689,-17.00984],[19.98626,-17.06206],[20.01456,-17.10291],[20.04338,-17.12786],[20.08359,-17.15563],[20.13758,-17.18621],[20.1851,-17.23552],[20.20982,-17.27067],[20.22503,-17.31776],[20.25168,-17.37503],[20.26203,-17.40565],[20.27126,-17.44989],[20.26844,-17.48167],[20.25118,-17.50043],[20.20997,-17.52093],[20.16748,-17.52724],[20.09901,-17.5443],[20.12087,-17.54943],[20.17799,-17.58962],[20.25846,-17.62521],[20.32148,-17.64437],[20.36477,-17.67037],[20.4351,-17.7065],[20.50113,-17.72277],[20.57812,-17.76395],[20.68441,-17.79141],[20.74582,-17.82749],[20.80534,-17.84939],[20.86677,-17.88487],[20.92204,-17.89769],[21.04895,-17.86938],[21.15091,-17.87231],[21.21764,-17.8907],[21.29451,-17.90221],[21.3522,-17.91551],[21.37834,-17.92884],[21.36769,-17.90409],[21.32239,-17.86975],[21.31383,-17.85165],[21.3184,-17.82668],[21.329,-17.80679],[21.33965,-17.79142],[21.37264,-17.79294],[21.4051,-17.8024],[21.47884,-17.80198],[21.50567,-17.78765],[21.52781,-17.72288],[21.5449,-17.69385],[21.5796,-17.68797],[21.59138,-17.66748],[21.56966,-17.65287],[21.54966,-17.6303],[21.55538,-17.60418],[21.59368,-17.5994],[21.63847,-17.58608],[21.66012,-17.59388],[21.70553,-17.58224],[21.83303,-17.57344],[21.87051,-17.54992],[21.92934,-17.56141],[21.95863,-17.55553],[21.992,-17.54053],[22.02948,-17.51869],[22.07,-17.50136],[22.09971,-17.48127],[22.14093,-17.47301],[22.187,-17.4698],[22.24095,-17.47447],[22.2878,-17.48486],[22.31769,-17.4812],[22.33992,-17.48668],[22.38206,-17.50334],[22.42654,-17.51543],[22.46132,-17.51909],[22.49306,-17.51881],[22.52052,-17.51175],[22.57593,-17.49025],[22.62097,-17.45578],[22.64338,-17.4306],[22.65452,-17.41347],[22.69318,-17.39494],[22.75566,-17.41078],[22.78685,-17.41444],[22.80854,-17.42387],[22.82857,-17.4424],[22.84896,-17.44446],[22.871,-17.43686],[22.89419,-17.42527],[22.96588,-17.4143],[23.02698,-17.41649],[23.06351,-17.42096],[23.04236,-17.40441],[23.02141,-17.36491],[22.97779,-17.33075],[22.92912,-17.31821],[22.78529,-17.30492],[22.71946,-17.30557],[22.62724,-17.31154],[22.60598,-17.32313],[22.56523,-17.31953],[22.5372,-17.32717],[22.4903,-17.31114],[22.45852,-17.30632],[22.38013,-17.27204],[22.29994,-17.26115],[22.24113,-17.24802],[22.19682,-17.24554],[22.09772,-17.21398],[22.05252,-17.18594],[21.97434,-17.15076],[21.93697,-17.12605],[21.90629,-17.11038],[21.83208,-17.10636],[21.80268,-17.09748],[21.72735,-17.09969],[21.69218,-17.11128],[21.66367,-17.1302],[21.63133,-17.12586],[21.58872,-17.11136],[21.55503,-17.09226],[21.5196,-17.07715],[21.47955,-17.07852],[21.44974,-17.08834],[21.40497,-17.09655],[21.3644,-17.10699],[21.26468,-17.12455],[21.21343,-17.14582],[21.16758,-17.16989],[21.13774,-17.17741],[21.08266,-17.17312],[21.03885,-17.15515],[21.00034,-17.1275],[21.00908,-17.09907],[21.0401,-17.08985],[21.06941,-17.09029],[21.10598,-17.10091],[21.19088,-17.09767],[21.22544,-17.08387],[21.27018,-17.07115],[21.39751,-17.00402],[21.43814,-17.00096],[21.48561,-17.02567],[21.58823,-17.0631],[21.62247,-17.07822],[21.71144,-17.06516],[21.7308,-17.03039],[21.75511,-17.01148],[21.7897,-17.0033],[21.85271,-17.02444],[21.88877,-17.04123],[21.9089,-17.02291],[21.89779,-16.99232],[21.86963,-16.93288],[21.83514,-16.8945],[21.81812,-16.86849],[21.78678,-16.84428],[21.74444,-16.79627],[21.70161,-16.75678],[21.64642,-16.73384],[21.60094,-16.72561],[21.57157,-16.71499],[21.50656,-16.66424],[21.48184,-16.63938],[21.40195,-16.58925],[21.37844,-16.56495],[21.28607,-16.51656],[21.19692,-16.49143],[21.1503,-16.48313],[21.12384,-16.45995],[21.05866,-16.37156],[21.00952,-16.34391],[20.9844,-16.33549],[20.95218,-16.33335],[20.90255,-16.31763],[20.85419,-16.31213],[20.85883,-16.29392],[20.88316,-16.2779],[20.93664,-16.25437],[20.99035,-16.25983],[21.03935,-16.27156],[21.08127,-16.29242],[21.11604,-16.31443],[21.15276,-16.35349],[21.21465,-16.40436],[21.20413,-16.3612],[21.20178,-16.29753],[21.1967,-16.26173],[21.19754,-16.22134],[21.21657,-16.21556],[21.2406,-16.23705],[21.25217,-16.26372],[21.2525,-16.30012],[21.25724,-16.36321],[21.27283,-16.43875],[21.29871,-16.46306],[21.34355,-16.47191],[21.4039,-16.48011],[21.43918,-16.48787],[21.46981,-16.50815],[21.51377,-16.54712],[21.56306,-16.58092],[21.59033,-16.62168],[21.63898,-16.64922],[21.69056,-16.67105],[21.79596,-16.69876],[21.82971,-16.72694],[21.85996,-16.76139],[21.89334,-16.80774],[21.96062,-16.94472],[21.97987,-17.00762],[22.00677,-17.05853],[22.02711,-17.11062],[22.07161,-17.13129],[22.12067,-17.13261],[22.18061,-17.14292],[22.23296,-17.16747],[22.27284,-17.1995],[22.33387,-17.20012],[22.36675,-17.19814],[22.41717,-17.21018],[22.46471,-17.23133],[22.51943,-17.25127],[22.5721,-17.25192],[22.62286,-17.24463],[22.6755,-17.24299],[22.73335,-17.22937],[22.83363,-17.25449],[22.8664,-17.2445],[22.84763,-17.23487],[22.76145,-17.17344],[22.72789,-17.13972],[22.70597,-17.11212],[22.69426,-17.08725],[22.67171,-17.0568],[22.64377,-17.02527],[22.61192,-16.97048],[22.59836,-16.9405],[22.5293,-16.91615],[22.48656,-16.89325],[22.45174,-16.88164],[22.40063,-16.85766],[22.35239,-16.824],[22.35801,-16.79611],[22.31908,-16.74133],[22.30304,-16.70055],[22.28535,-16.67115],[22.26755,-16.63266],[22.23419,-16.59088],[22.20581,-16.5644],[22.1505,-16.53774],[22.11637,-16.50787],[22.10101,-16.48483],[22.08906,-16.44985],[22.08381,-16.425],[22.0532,-16.37857],[22.00038,-16.35055],[21.99908,-16.34798],[21.9804,-16.37685],[21.95622,-16.40148],[21.92483,-16.42218],[21.89409,-16.44798],[21.8698,-16.46351],[21.75677,-16.49669],[21.71328,-16.50437],[21.68342,-16.50172],[21.6913,-16.45619],[21.67224,-16.40288],[21.61894,-16.32475],[21.54597,-16.24445],[21.49011,-16.20327],[21.44263,-16.16316],[21.39325,-16.11054],[21.33238,-15.97206],[21.32066,-15.92889],[21.29202,-15.85734],[21.28811,-15.83608]]]}},{"type":"Feature","properties":{"ISOCSUID":"AO200","LANDFORM":"LP","LITHOLOGY":"UE","SOILS":"ARg","WRB":"Gleyic Arenosols","DOMSOILS":"AR","CODE_WRB":"AR-gl"},"geometry":{"type":"Polygon","coordinates":[[[21.36585,-15.8216],[21.35604,-15.82627],[21.3192,-15.83443],[21.28811,-15.83608],[21.29202,-15.85734],[21.32066,-15.92889],[21.33238,-15.97206],[21.34939,-16.00782],[21.37014,-16.06118],[21.39325,-16.11054],[21.44263,-16.16316],[21.49011,-16.20327],[21.54597,-16.24445],[21.61894,-16.32475],[21.67224,-16.40288],[21.6913,-16.45619],[21.68342,-16.50172],[21.71328,-16.50437],[21.75677,-16.49669],[21.8698,-16.46351],[21.89409,-16.44798],[21.92483,-16.42218],[21.95622,-16.40148],[21.9804,-16.37685],[21.99908,-16.34798],[21.98573,-16.32166],[21.98299,-16.29097],[21.97614,-16.26543],[21.95427,-16.22976],[21.89491,-16.20062],[21.87621,-16.18142],[21.85174,-16.12414],[21.83114,-16.09357],[21.76553,-16.03315],[21.7384,-16.00375],[21.70003,-15.98011],[21.68557,-15.94606],[21.67108,-15.94616],[21.65833,-15.92291],[21.62225,-15.889],[21.5857,-15.86704],[21.55106,-15.85758],[21.49856,-15.84765],[21.3973,-15.84425],[21.36585,-15.8216]]]}},{"type":"Feature","properties":{"ISOCSUID":"AO208","LANDFORM":"LV","LITHOLOGY":"UF","SOILS":"FLe","WRB":"Eutric Fluvisols","DOMSOILS":"FL","CODE_WRB":"FL-eu"},"geometry":{"type":"Polygon","coordinates":[[[21.79604,-15.93394],[21.747,-15.91493],[21.711,-15.89013],[21.67607,-15.85337],[21.65075,-15.82281],[21.62941,-15.83262],[21.63562,-15.85705],[21.6507,-15.87573],[21.67129,-15.90917],[21.70003,-15.98011],[21.7384,-16.00375],[21.76553,-16.03315],[21.83114,-16.09357],[21.85174,-16.12414],[21.87621,-16.18142],[21.89491,-16.20062],[21.95427,-16.22976],[21.97614,-16.26543],[21.98299,-16.29097],[21.98573,-16.32166],[22.00038,-16.35055],[22.0532,-16.37857],[22.08381,-16.425],[22.08906,-16.44985],[22.10101,-16.48483],[22.11637,-16.50787],[22.1505,-16.53774],[22.20581,-16.5644],[22.23419,-16.59088],[22.26755,-16.63266],[22.28535,-16.67115],[22.30304,-16.70055],[22.31908,-16.74133],[22.35801,-16.79611],[22.35239,-16.824],[22.40063,-16.85766],[22.45174,-16.88164],[22.48656,-16.89325],[22.5293,-16.91615],[22.59836,-16.9405],[22.61192,-16.97048],[22.64377,-17.02527],[22.67171,-17.0568],[22.69426,-17.08725],[22.70597,-17.11212],[22.72789,-17.13972],[22.76145,-17.17344],[22.84763,-17.23487],[22.8664,-17.2445],[22.83363,-17.25449],[22.73335,-17.22937],[22.6755,-17.24299],[22.62286,-17.24463],[22.5721,-17.25192],[22.51943,-17.25127],[22.46471,-17.23133],[22.41717,-17.21018],[22.37414,-17.1999],[22.36327,-17.20612],[22.34558,-17.2267],[22.3717,-17.25713],[22.38136,-17.27421],[22.45852,-17.30632],[22.4903,-17.31114],[22.5372,-17.32717],[22.56523,-17.31953],[22.60598,-17.32313],[22.62724,-17.31154],[22.71946,-17.30557],[22.78529,-17.30492],[22.92912,-17.31821],[22.97779,-17.33075],[23.02141,-17.36491],[23.04236,-17.40441],[23.07812,-17.43239],[23.13017,-17.46814],[23.21596,-17.52158],[23.20786,-17.51017],[23.19708,-17.50214],[23.18724,-17.48287],[23.18365,-17.47989],[23.17144,-17.47531],[23.14679,-17.47165],[23.14176,-17.46798],[23.14726,-17.4604],[23.13601,-17.45306],[23.12954,-17.44572],[23.12881,-17.42873],[23.12594,-17.42644],[23.10465,-17.42438],[23.09268,-17.41842],[23.08478,-17.41016],[23.07281,-17.38491],[23.06012,-17.34474],[23.04793,-17.34313],[23.04004,-17.33808],[23.02659,-17.31843],[23.01062,-17.30572],[23.00919,-17.2885],[22.99796,-17.28436],[22.99461,-17.27725],[22.98409,-17.26692],[22.97334,-17.26324],[22.97071,-17.25842],[22.92174,-17.23016],[22.91266,-17.22304],[22.90288,-17.20857],[22.88998,-17.20259],[22.83052,-17.18394],[22.80644,-17.17241],[22.80284,-17.16348],[22.8093,-17.14972],[22.78999,-17.12123],[22.73705,-17.08122],[22.73491,-17.07662],[22.73635,-17.07043],[22.72443,-17.06467],[22.72016,-17.04676],[22.69273,-17.03937],[22.68869,-17.03339],[22.69419,-17.02583],[22.693,-17.02147],[22.63752,-16.97017],[22.62109,-16.95935],[22.61683,-16.94603],[22.58306,-16.90716],[22.55355,-16.88368],[22.52737,-16.86823],[22.51596,-16.85718],[22.49696,-16.83647],[22.49678,-16.81788],[22.48179,-16.81072],[22.46705,-16.79966],[22.38445,-16.71333],[22.37709,-16.70802],[22.35521,-16.69922],[22.35644,-16.69143],[22.35361,-16.68362],[22.33937,-16.67209],[22.31571,-16.63597],[22.29409,-16.62647],[22.28315,-16.62413],[22.26989,-16.60847],[22.26782,-16.5931],[22.26333,-16.58642],[22.25146,-16.57926],[22.22577,-16.57685],[22.2142,-16.55867],[22.19047,-16.54663],[22.17863,-16.53418],[22.16802,-16.51624],[22.15431,-16.50011],[22.13123,-16.50114],[22.12516,-16.49802],[22.13725,-16.48717],[22.13966,-16.48145],[22.12889,-16.45066],[22.13295,-16.44609],[22.13327,-16.4305],[22.13004,-16.41327],[22.12096,-16.37653],[22.10855,-16.3432],[22.09577,-16.33419],[22.0866,-16.31694],[22.06938,-16.29506],[22.07541,-16.27858],[22.075,-16.26711],[22.05723,-16.26013],[22.04616,-16.24493],[22.03172,-16.23613],[22.00316,-16.20798],[21.99966,-16.19787],[21.99972,-16.16738],[21.97739,-16.16589],[21.91909,-16.12366],[21.85268,-16.04734],[21.83566,-16.01617],[21.82525,-15.99064],[21.81535,-15.95657],[21.79604,-15.93394]]]}},{"type":"Feature","properties":{"ISOCSUID":"AO204","LANDFORM":"LV","LITHOLOGY":"UE","SOILS":"ARg","WRB":"Albi-Gleyic Arenosols","DOMSOILS":"AR","CODE_WRB":"AR-gl-ab"},"geometry":{"type":"Polygon","coordinates":[[[18.30532,-15.91812],[18.33901,-15.89805],[18.35511,-15.88105],[18.36048,-15.86912],[18.3136,-15.86059],[18.14838,-15.93132],[18.12034,-15.95564],[18.0929,-15.97542],[18.06425,-16.00145],[18.02417,-16.07519],[18.01218,-16.10699],[18.01152,-16.13428],[18.00725,-16.14427],[18.00909,-16.15475],[18.03109,-16.1816],[18.04588,-16.23286],[18.06368,-16.2739],[18.08031,-16.30697],[18.09697,-16.3298],[18.16187,-16.3938],[18.19525,-16.41158],[18.22507,-16.42082],[18.25546,-16.44313],[18.32346,-16.46504],[18.34194,-16.47819],[18.35404,-16.4957],[18.39027,-16.48237],[18.41656,-16.4478],[18.43631,-16.36885],[18.43457,-16.3154],[18.43936,-16.28926],[18.47819,-16.17794],[18.49192,-16.14728],[18.50922,-16.11947],[18.5194,-16.02792],[18.51108,-15.99433],[18.48843,-15.99936],[18.42044,-16.08784],[18.39953,-16.15317],[18.38576,-16.20715],[18.37857,-16.24863],[18.36062,-16.30372],[18.35936,-16.37081],[18.35575,-16.4015],[18.34559,-16.41339],[18.30623,-16.40299],[18.28417,-16.39152],[18.2371,-16.35037],[18.21745,-16.32924],[18.17936,-16.28016],[18.11391,-16.20307],[18.09549,-16.17454],[18.0854,-16.15003],[18.08307,-16.12271],[18.08908,-16.09715],[18.09927,-16.06819],[18.11899,-16.03927],[18.17149,-16.00141],[18.20249,-15.9862],[18.23171,-15.96699],[18.25973,-15.95289],[18.30532,-15.91812]]]}},{"type":"Feature","properties":{"ISOCSUID":"AO222","LANDFORM":"LP","LITHOLOGY":"UE","SOILS":"FRx","WRB":"Xanthi-Arenic Ferralsols","DOMSOILS":"FR","CODE_WRB":"FR-ar-xa"},"geometry":{"type":"Polygon","coordinates":[[[19.21418,-15.87465],[19.171,-15.89935],[19.13348,-15.89929],[19.11451,-15.88592],[19.11084,-15.89185],[19.08465,-15.90034],[19.07398,-15.93503],[19.08595,-15.97488],[19.09255,-16.00846],[19.08961,-16.03462],[19.05447,-16.04992],[19.02768,-16.06579],[18.99372,-16.06913],[18.96333,-16.07589],[18.92934,-16.04908],[18.89595,-16.01714],[18.8607,-16.0229],[18.8644,-16.06598],[18.92231,-16.18159],[18.99633,-16.26593],[19.03451,-16.27966],[19.07089,-16.28144],[19.10609,-16.29174],[19.186,-16.29415],[19.2122,-16.27258],[19.22886,-16.24928],[19.24122,-16.16911],[19.23454,-16.10767],[19.22431,-16.05931],[19.20692,-15.99727],[19.21418,-15.87465]]]}},{"type":"Feature","properties":{"ISOCSUID":"AO224","LANDFORM":"LP","LITHOLOGY":"UE","SOILS":"ARh","WRB":"Dystric Arenosols","DOMSOILS":"AR","CODE_WRB":"AR-dy"},"geometry":{"type":"Polygon","coordinates":[[[18.00909,-16.15475],[18.00438,-16.12799],[17.98182,-16.09431],[17.96286,-16.04642],[17.9166,-15.95968],[17.85249,-15.88136],[17.82213,-15.87891],[17.76245,-15.92009],[17.6837,-15.95658],[17.65026,-15.98083],[17.61148,-15.99707],[17.57274,-16.0008],[17.52904,-16.0094],[17.5259,-16.09605],[17.53642,-16.15073],[17.53263,-16.35601],[17.52946,-16.40318],[17.53384,-16.50554],[17.53964,-16.54878],[17.55798,-16.59153],[17.58764,-16.64345],[17.62042,-16.65958],[17.65078,-16.68478],[17.68057,-16.70486],[17.7115,-16.74256],[17.70244,-16.77432],[17.70049,-16.77522],[17.78402,-16.82577],[17.93634,-16.92308],[18.22912,-17.13624],[18.21623,-17.11565],[18.1912,-17.06386],[18.16675,-17.02456],[18.13996,-16.96537],[18.09942,-16.9078],[18.06186,-16.8633],[18.02612,-16.81199],[17.9487,-16.71498],[17.8994,-16.6107],[17.87207,-16.5611],[17.85789,-16.51214],[17.84965,-16.47002],[17.81651,-16.37374],[17.80234,-16.32533],[17.77271,-16.2643],[17.76029,-16.22897],[17.74073,-16.19472],[17.7408,-16.17083],[17.76473,-16.14425],[17.80399,-16.17065],[17.82594,-16.20661],[17.85558,-16.26764],[17.87218,-16.30584],[17.88933,-16.35768],[17.91232,-16.46242],[17.92474,-16.50626],[17.93781,-16.53248],[17.9562,-16.5792],[17.99306,-16.64362],[18.05971,-16.74853],[18.10858,-16.80445],[18.14255,-16.85178],[18.16698,-16.8945],[18.18606,-16.91958],[18.20458,-16.92478],[18.22551,-16.91409],[18.25662,-16.89207],[18.30329,-16.8457],[18.3284,-16.83218],[18.35408,-16.84592],[18.35284,-16.88227],[18.3295,-16.91625],[18.28222,-16.96092],[18.24095,-16.98516],[18.23075,-17.0101],[18.24743,-17.04992],[18.31965,-17.15586],[18.34832,-17.19004],[18.38418,-17.22766],[18.40928,-17.26182],[18.46249,-17.32049],[18.49718,-17.3734],[18.54624,-17.43203],[18.64502,-17.52315],[18.66778,-17.55613],[18.69473,-17.58117],[18.82178,-17.67909],[18.86374,-17.69905],[18.98124,-17.72995],[19.00461,-17.73341],[19.05616,-17.73124],[19.07775,-17.74149],[19.14248,-17.73759],[19.15084,-17.72744],[19.1694,-17.71329],[19.16926,-17.63503],[19.15121,-17.58736],[19.1188,-17.5493],[19.09241,-17.52769],[19.06599,-17.47885],[19.0408,-17.44873],[19.00963,-17.41575],[18.95511,-17.37818],[18.91138,-17.34233],[18.8515,-17.30245],[18.80361,-17.27508],[18.75214,-17.24712],[18.69769,-17.22595],[18.64983,-17.19741],[18.61573,-17.17118],[18.59181,-17.14385],[18.55894,-17.08582],[18.53505,-17.01305],[18.49322,-16.97712],[18.47111,-16.96227],[18.4192,-16.85868],[18.38049,-16.72785],[18.37879,-16.63238],[18.36809,-16.58402],[18.36637,-16.51354],[18.34194,-16.47819],[18.32346,-16.46504],[18.25546,-16.44313],[18.22507,-16.42082],[18.19525,-16.41158],[18.16187,-16.3938],[18.09697,-16.3298],[18.08031,-16.30697],[18.06368,-16.2739],[18.04588,-16.23286],[18.03109,-16.1816],[18.00909,-16.15475]]]}},{"type":"Feature","properties":{"ISOCSUID":"AO218","LANDFORM":"LP","LITHOLOGY":"UE","SOILS":"ARh","WRB":"Dystric Arenosols","DOMSOILS":"AR","CODE_WRB":"AR-dy"},"geometry":{"type":"Polygon","coordinates":[[[20.86604,-15.90822],[20.83374,-15.89071],[20.78125,-15.87895],[20.72766,-15.88085],[20.67353,-15.88956],[20.55258,-15.88026],[20.37016,-15.95015],[20.31958,-15.95993],[20.26844,-15.9754],[20.20413,-15.98064],[20.13806,-15.99098],[20.03078,-15.98317],[19.90316,-15.95086],[19.74284,-15.92648],[19.68743,-15.92193],[19.63323,-15.92136],[19.58853,-15.91339],[19.54742,-15.90996],[19.426,-15.93777],[19.39446,-15.94856],[19.34988,-15.98778],[19.30408,-16.02129],[19.28596,-16.0473],[19.31324,-16.11971],[19.32708,-16.17775],[19.32061,-16.21585],[19.30996,-16.25507],[19.26313,-16.38921],[19.21919,-16.49717],[19.19064,-16.54771],[19.14306,-16.65449],[19.14136,-16.70563],[19.148,-16.74825],[19.15943,-16.79373],[19.21273,-16.86369],[19.29356,-16.93707],[19.34987,-16.99222],[19.499,-17.0866],[19.62846,-17.17465],[19.75796,-17.25184],[19.80842,-17.30063],[19.87266,-17.34884],[19.90214,-17.384],[19.97128,-17.45147],[20.03738,-17.50019],[20.0777,-17.53928],[20.09901,-17.5443],[20.16748,-17.52724],[20.20997,-17.52093],[20.25118,-17.50043],[20.26844,-17.48167],[20.27126,-17.44989],[20.26203,-17.40565],[20.25168,-17.37503],[20.22503,-17.31776],[20.20982,-17.27067],[20.1851,-17.23552],[20.13758,-17.18621],[20.08359,-17.15563],[20.04338,-17.12786],[20.01456,-17.10291],[19.98626,-17.06206],[19.96689,-17.00984],[19.93069,-16.93433],[19.87932,-16.94232],[19.84473,-16.96222],[19.80765,-16.95713],[19.77174,-16.94522],[19.7364,-16.92478],[19.72079,-16.90604],[19.70513,-16.87082],[19.68168,-16.83106],[19.65827,-16.79754],[19.63956,-16.74073],[19.63047,-16.70436],[19.62856,-16.66799],[19.63619,-16.62764],[19.65516,-16.58957],[19.67775,-16.56172],[19.73259,-16.53954],[19.76012,-16.56],[19.78049,-16.57988],[19.84393,-16.61907],[19.96286,-16.64512],[20.01843,-16.65358],[20.05014,-16.66775],[20.05446,-16.69616],[20.04083,-16.71834],[19.99375,-16.73998],[19.92089,-16.74289],[19.87972,-16.75258],[19.84215,-16.76908],[19.84042,-16.78329],[19.84533,-16.81453],[19.87885,-16.82985],[19.92137,-16.85311],[19.96442,-16.85875],[20.03023,-16.87629],[20.07681,-16.86999],[20.09825,-16.85519],[20.10408,-16.82564],[20.11825,-16.7921],[20.14084,-16.77104],[20.16694,-16.73634],[20.19915,-16.72833],[20.24282,-16.73962],[20.36263,-16.80074],[20.41533,-16.82107],[20.4632,-16.83288],[20.51936,-16.83273],[20.5396,-16.82131],[20.5442,-16.79232],[20.52491,-16.76681],[20.50451,-16.75152],[20.48765,-16.72998],[20.45469,-16.71245],[20.44856,-16.68689],[20.47466,-16.65898],[20.51348,-16.66058],[20.55581,-16.6508],[20.5832,-16.63936],[20.5812,-16.60697],[20.56437,-16.5894],[20.47045,-16.55896],[20.45062,-16.53798],[20.42932,-16.47039],[20.40994,-16.42325],[20.37765,-16.41082],[20.22075,-16.41228],[20.0853,-16.40908],[20.04941,-16.38923],[20.06396,-16.31416],[20.06153,-16.30506],[20.04829,-16.28006],[20.06429,-16.26014],[20.09651,-16.26351],[20.12163,-16.27939],[20.1365,-16.27027],[20.14232,-16.24296],[20.144,-16.22249],[20.13488,-16.1861],[20.16891,-16.19629],[20.26856,-16.21317],[20.36827,-16.23742],[20.44448,-16.31514],[20.51752,-16.35816],[20.5689,-16.37166],[20.61183,-16.36869],[20.64816,-16.35948],[20.70048,-16.33486],[20.73672,-16.31427],[20.76037,-16.28689],[20.76197,-16.26073],[20.73646,-16.19484],[20.74403,-16.16979],[20.79161,-16.1554],[20.82981,-16.16209],[20.93951,-16.16336],[20.99129,-16.15291],[21.00727,-16.13919],[21.01343,-16.09024],[20.98641,-16.0659],[20.94388,-16.03706],[20.9186,-16.00474],[20.89447,-15.96615],[20.86604,-15.90822]]]}},{"type":"Feature","properties":{"ISOCSUID":"AO56","LANDFORM":"LP","LITHOLOGY":"SC2","SOILS":"LPq","WRB":"Lithic Leptosols","DOMSOILS":"LP","CODE_WRB":"LP-li"},"geometry":{"type":"Polygon","coordinates":[[[12.22262,-15.8989],[12.17478,-15.88712],[12.1729,-15.89171],[12.18646,-15.92448],[12.18244,-16.0513],[12.1895,-16.0822],[12.21107,-16.13051],[12.21183,-16.14987],[12.21664,-16.17502],[12.22936,-16.2197],[12.25422,-16.255],[12.25851,-16.27672],[12.2334,-16.30626],[12.20184,-16.35727],[12.1834,-16.38128],[12.15302,-16.40557],[12.12289,-16.41849],[12.0975,-16.43323],[12.06316,-16.49949],[12.03963,-16.5626],[12.02005,-16.58315],[11.99266,-16.60579],[11.97061,-16.62969],[11.91763,-16.72444],[11.899,-16.75467],[11.87741,-16.78369],[11.86203,-16.82763],[11.85713,-16.8582],[11.84643,-16.88122],[11.82517,-16.97103],[11.83,-17.04501],[11.82146,-17.12772],[11.81253,-17.15078],[11.80081,-17.16582],[11.78404,-17.16654],[11.77371,-17.1481],[11.7593,-17.14384],[11.7573,-17.1591],[11.75944,-17.20431],[11.75755,-17.25208],[11.77201,-17.25669],[11.79044,-17.26795],[11.80416,-17.26898],[11.82057,-17.26372],[11.82659,-17.25592],[11.82856,-17.24716],[11.8371,-17.23692],[11.85834,-17.2402],[11.88158,-17.23112],[11.90543,-17.20539],[11.93136,-17.19571],[11.94744,-17.182],[11.95949,-17.18158],[11.97256,-17.17695],[11.98248,-17.15889],[11.95734,-17.14349],[11.88929,-17.0925],[11.87529,-17.05182],[11.87062,-16.99603],[11.86139,-16.9566],[11.8617,-16.94354],[11.86807,-16.92666],[11.89144,-16.9244],[11.91267,-16.93686],[11.93587,-16.94198],[11.96042,-16.94032],[11.98218,-16.93006],[11.99149,-16.91495],[12.00254,-16.87658],[11.99682,-16.86564],[11.99961,-16.8481],[12.01214,-16.79726],[12.01959,-16.78494],[12.04488,-16.77646],[12.05846,-16.78362],[12.08437,-16.77402],[12.09863,-16.75163],[12.12843,-16.62275],[12.15806,-16.55297],[12.16538,-16.5196],[12.16786,-16.48896],[12.16656,-16.46732],[12.18254,-16.41993],[12.24495,-16.40437],[12.26789,-16.3924],[12.29159,-16.34576],[12.32796,-16.29202],[12.33762,-16.25982],[12.33877,-16.23425],[12.31395,-16.14207],[12.26607,-16.06981],[12.24687,-16.04829],[12.23374,-16.02237],[12.22199,-15.98794],[12.22249,-15.93844],[12.21897,-15.90933],[12.22262,-15.8989]]]}},{"type":"Feature","properties":{"ISOCSUID":"AO221","LANDFORM":"LP","LITHOLOGY":"UE","SOILS":"ARh","WRB":"Dystric Arenosols","DOMSOILS":"AR","CODE_WRB":"AR-dy"},"geometry":{"type":"Polygon","coordinates":[[[18.73258,-15.90949],[18.69933,-15.93978],[18.6618,-15.92266],[18.66001,-15.9351],[18.63797,-15.95324],[18.62844,-15.9754],[18.6248,-16.00452],[18.63022,-16.00556],[18.65286,-16.02668],[18.67491,-16.06145],[18.67968,-16.08934],[18.67849,-16.11323],[18.70114,-16.18724],[18.72798,-16.24647],[18.73753,-16.28005],[18.73873,-16.30508],[18.73396,-16.31587],[18.70295,-16.31577],[18.6779,-16.31854],[18.65405,-16.32528],[18.65166,-16.35826],[18.66657,-16.40152],[18.67313,-16.43053],[18.6658,-16.46079],[18.67492,-16.46351],[18.71789,-16.49036],[18.73043,-16.51257],[18.89524,-16.62499],[18.92273,-16.64779],[18.94365,-16.67512],[18.97296,-16.72405],[18.96402,-16.73994],[18.9473,-16.74388],[18.88877,-16.74942],[18.89597,-16.79319],[18.91213,-16.82731],[18.91396,-16.86822],[18.90801,-16.90172],[18.91402,-16.93241],[18.92719,-16.95857],[18.96606,-16.97967],[19.0079,-16.97295],[19.04252,-16.93439],[19.06816,-16.89412],[19.08424,-16.85438],[19.08959,-16.83508],[19.09999,-16.81916],[19.08532,-16.77485],[19.07928,-16.72995],[19.08458,-16.67825],[19.09999,-16.59872],[19.13567,-16.51579],[19.16066,-16.46809],[19.17611,-16.43002],[19.1939,-16.3732],[19.17,-16.34985],[19.12882,-16.33727],[19.09305,-16.3446],[19.06441,-16.34284],[18.98204,-16.29263],[18.88536,-16.20141],[18.86685,-16.15472],[18.84417,-16.1103],[18.8227,-16.08351],[18.80302,-16.04534],[18.78393,-15.99636],[18.75949,-15.95134],[18.73258,-15.90949]]]}},{"type":"Feature","properties":{"ISOCSUID":"AO212","LANDFORM":"LP","LITHOLOGY":"UE","SOILS":"PZc","WRB":"Carbic Podzols","DOMSOILS":"PZ","CODE_WRB":"PZ-cb"},"geometry":{"type":"Polygon","coordinates":[[[18.63022,-16.00556],[18.60282,-16.00034],[18.54146,-16.00126],[18.51588,-16.01373],[18.5194,-16.02792],[18.50922,-16.11947],[18.49192,-16.14728],[18.47819,-16.17794],[18.43936,-16.28926],[18.43457,-16.3154],[18.43631,-16.36885],[18.43178,-16.38862],[18.45835,-16.42124],[18.51978,-16.46582],[18.5872,-16.49505],[18.63793,-16.49522],[18.66239,-16.47655],[18.67313,-16.43053],[18.66657,-16.40152],[18.65166,-16.35826],[18.65405,-16.32528],[18.6779,-16.31854],[18.70295,-16.31577],[18.73396,-16.31587],[18.73873,-16.30508],[18.73753,-16.28005],[18.72798,-16.24647],[18.70114,-16.18724],[18.67849,-16.11323],[18.67968,-16.08934],[18.67491,-16.06145],[18.65286,-16.02668],[18.63022,-16.00556]]]}},{"type":"Feature","properties":{"ISOCSUID":"AO120","LANDFORM":"LP","LITHOLOGY":"UE","SOILS":"ARg","WRB":"Gleyic Arenosols","DOMSOILS":"AR","CODE_WRB":"AR-gl"},"geometry":{"type":"Polygon","coordinates":[[[16.85993,-16.33246],[16.90793,-16.30138],[16.99667,-16.25104],[17.02909,-16.22714],[17.05042,-16.20325],[17.06237,-16.18277],[17.06834,-16.15291],[17.0709,-16.12048],[17.06834,-16.03771],[17.0564,-16.02236],[17.04445,-16.02236],[17.03848,-16.0343],[17.03848,-16.05819],[17.03251,-16.08464],[17.02056,-16.10854],[17.01117,-16.12304],[16.99069,-16.13243],[16.97278,-16.12646],[16.95827,-16.11195],[16.93779,-16.07014],[16.93779,-16.05478],[16.92584,-16.04881],[16.91049,-16.04881],[16.89854,-16.05819],[16.89001,-16.08208],[16.89257,-16.11195],[16.89001,-16.14096],[16.88659,-16.17424],[16.87806,-16.20922],[16.85417,-16.23653],[16.82772,-16.25701],[16.8243,-16.27749],[16.83028,-16.31333],[16.85993,-16.33246]]]}},{"type":"Feature","properties":{"ISOCSUID":"AO110","LANDFORM":"LV","LITHOLOGY":"UF","SOILS":"FLe","WRB":"Eutric Fluvisols","DOMSOILS":"FL","CODE_WRB":"FL-eu"},"geometry":{"type":"Polygon","coordinates":[[[15.23377,-16.02285],[15.21736,-16.02262],[15.20222,-16.04288],[15.21478,-16.08971],[15.24605,-16.16696],[15.25749,-16.20751],[15.2617,-16.25534],[15.26963,-16.29128],[15.27344,-16.32205],[15.27062,-16.35954],[15.2613,-16.39068],[15.24911,-16.41326],[15.22373,-16.43962],[15.19065,-16.46189],[15.14919,-16.48459],[15.10903,-16.49879],[15.07361,-16.51589],[15.02538,-16.5544],[14.99437,-16.59884],[14.97443,-16.6173],[14.96648,-16.63196],[14.93709,-16.67061],[14.95225,-16.71699],[14.96367,-16.71148],[14.99508,-16.68354],[15.04811,-16.59851],[15.08884,-16.53886],[15.1436,-16.50271],[15.19678,-16.49779],[15.23098,-16.48236],[15.26889,-16.45618],[15.29982,-16.41283],[15.31818,-16.37329],[15.32214,-16.34036],[15.31227,-16.26572],[15.30377,-16.22693],[15.29,-16.18066],[15.26107,-16.10574],[15.2357,-16.03369],[15.23377,-16.02285]]]}},{"type":"Feature","properties":{"ISOCSUID":"AO119","LANDFORM":"LP","LITHOLOGY":"UE","SOILS":"ARh","WRB":"Eutric Arenosols","DOMSOILS":"AR","CODE_WRB":"AR-eu"},"geometry":{"type":"Polygon","coordinates":[[[15.30455,-16.23047],[15.31227,-16.26572],[15.32214,-16.34036],[15.31818,-16.37329],[15.29982,-16.41283],[15.26889,-16.45618],[15.23098,-16.48236],[15.19678,-16.49779],[15.18096,-16.4985],[15.24573,-16.53774],[15.29266,-16.54968],[15.31911,-16.57358],[15.37543,-16.61197],[15.47014,-16.62989],[15.51451,-16.65293],[15.52902,-16.68024],[15.56486,-16.70669],[15.59296,-16.73342],[15.60172,-16.69546],[15.60344,-16.64547],[15.61198,-16.57226],[15.58867,-16.51909],[15.57375,-16.46261],[15.54288,-16.39284],[15.52724,-16.34885],[15.51352,-16.29464],[15.49388,-16.23637],[15.45943,-16.17049],[15.44684,-16.12254],[15.42538,-16.06991],[15.398,-16.06669],[15.38871,-16.09785],[15.37346,-16.12836],[15.35617,-16.12869],[15.32774,-16.11293],[15.32105,-16.12478],[15.32134,-16.15096],[15.31568,-16.17704],[15.31551,-16.19126],[15.31105,-16.21679],[15.30455,-16.23047]]]}},{"type":"Feature","properties":{"ISOCSUID":"AO113","LANDFORM":"LP","LITHOLOGY":"UF","SOILS":"CLl","WRB":"Luvic Calcisols","DOMSOILS":"CL","CODE_WRB":"CL-lv"},"geometry":{"type":"Polygon","coordinates":[[[15.86781,-16.25587],[15.87276,-16.27251],[15.85523,-16.29732],[15.81343,-16.30249],[15.77061,-16.29058],[15.74983,-16.28065],[15.73993,-16.25721],[15.73188,-16.22753],[15.72882,-16.17687],[15.73275,-16.14165],[15.73007,-16.11261],[15.73266,-16.06814],[15.70572,-16.10376],[15.69821,-16.13894],[15.69658,-16.18158],[15.69858,-16.21914],[15.69104,-16.25602],[15.68058,-16.28773],[15.6437,-16.33559],[15.61665,-16.35514],[15.55202,-16.37477],[15.5392,-16.38249],[15.57375,-16.46261],[15.58867,-16.51909],[15.61198,-16.57226],[15.60344,-16.64547],[15.60172,-16.69546],[15.59296,-16.73342],[15.56292,-16.74894],[15.52888,-16.74906],[15.49021,-16.78832],[15.45107,-16.8162],[15.41607,-16.84754],[15.41203,-16.88725],[15.4511,-16.9213],[15.52695,-16.98082],[15.58765,-17.00718],[15.63038,-17.03727],[15.66342,-17.08029],[15.68394,-17.11973],[15.72575,-17.18443],[15.72409,-17.22926],[15.73794,-17.27995],[15.75486,-17.32274],[15.7664,-17.36602],[15.76838,-17.39312],[16.12462,-17.39441],[16.10558,-17.38639],[16.05904,-17.35677],[16.04212,-17.33139],[16.03997,-17.2995],[16.02596,-17.2613],[16.01794,-17.22147],[15.99783,-17.19626],[15.99179,-17.13884],[15.97366,-17.09434],[15.99601,-17.07018],[16.03364,-17.0746],[16.07625,-17.05805],[16.10868,-17.04252],[16.13222,-17.01667],[16.14201,-16.99122],[16.14182,-16.94464],[16.1594,-16.84713],[16.17486,-16.78708],[16.17948,-16.73656],[16.19482,-16.68786],[16.22513,-16.63535],[16.2756,-16.59725],[16.32776,-16.56997],[16.37821,-16.53071],[16.39399,-16.49791],[16.36426,-16.48395],[16.3345,-16.47397],[16.28624,-16.46492],[16.25647,-16.45607],[16.21774,-16.45053],[16.13697,-16.40584],[16.0558,-16.34293],[16.0149,-16.31516],[15.97039,-16.29074],[15.88244,-16.25841],[15.86781,-16.25587]]]}},{"type":"Feature","properties":{"ISOCSUID":"AO206","LANDFORM":"LV","LITHOLOGY":"UF","SOILS":"CLp","WRB":"Petric Calcisols","DOMSOILS":"CL","CODE_WRB":"CL-pt"},"geometry":{"type":"Polygon","coordinates":[[[18.21623,-17.11565],[18.35297,-17.32346],[18.37387,-17.36724],[18.38358,-17.3942],[18.42165,-17.39358],[18.4336,-17.4115],[18.4481,-17.42174],[18.45407,-17.44051],[18.47285,-17.45587],[18.4737,-17.4755],[18.47711,-17.48318],[18.48309,-17.48915],[18.49247,-17.49],[18.5121,-17.5028],[18.52063,-17.51901],[18.53108,-17.52639],[18.53362,-17.51936],[18.52884,-17.49381],[18.53963,-17.47683],[18.58374,-17.46517],[18.54624,-17.43203],[18.49718,-17.3734],[18.46249,-17.32049],[18.40928,-17.26182],[18.38418,-17.22766],[18.34832,-17.19004],[18.31965,-17.15586],[18.24743,-17.04992],[18.23075,-17.0101],[18.24095,-16.98516],[18.28222,-16.96092],[18.3295,-16.91625],[18.35284,-16.88227],[18.35408,-16.84592],[18.3284,-16.83218],[18.30329,-16.8457],[18.25662,-16.89207],[18.22551,-16.91409],[18.20458,-16.92478],[18.18606,-16.91958],[18.16698,-16.8945],[18.14255,-16.85178],[18.10858,-16.80445],[18.05971,-16.74853],[17.99306,-16.64362],[17.9562,-16.5792],[17.93781,-16.53248],[17.92474,-16.50626],[17.91232,-16.46242],[17.88933,-16.35768],[17.87218,-16.30584],[17.85558,-16.26764],[17.82594,-16.20661],[17.80399,-16.17065],[17.76473,-16.14425],[17.7408,-16.17083],[17.74073,-16.19472],[17.76029,-16.22897],[17.77271,-16.2643],[17.80234,-16.32533],[17.81651,-16.37374],[17.84965,-16.47002],[17.85789,-16.51214],[17.87207,-16.5611],[17.8994,-16.6107],[17.9487,-16.71498],[18.02612,-16.81199],[18.06186,-16.8633],[18.09942,-16.9078],[18.13996,-16.96537],[18.16675,-17.02456],[18.1912,-17.06386],[18.21623,-17.11565]]]}},{"type":"Feature","properties":{"ISOCSUID":"AO109","LANDFORM":"LV","LITHOLOGY":"UF","SOILS":"VRk","WRB":"Calcic Vertisols","DOMSOILS":"VR","CODE_WRB":"VR-cc"},"geometry":{"type":"Polygon","coordinates":[[[14.20552,-16.18225],[14.206,-16.18966],[14.22754,-16.2236],[14.25515,-16.25081],[14.2815,-16.28312],[14.3068,-16.30631],[14.37957,-16.34623],[14.43769,-16.36939],[14.46323,-16.37721],[14.50115,-16.39547],[14.53305,-16.41761],[14.61568,-16.48264],[14.6483,-16.49738],[14.68453,-16.5099],[14.7124,-16.52342],[14.73611,-16.53574],[14.75975,-16.55317],[14.78708,-16.56269],[14.81847,-16.58194],[14.82899,-16.59859],[14.84606,-16.61704],[14.85331,-16.65581],[14.86859,-16.6748],[14.85715,-16.7269],[14.83893,-16.74992],[14.81576,-16.78536],[14.79815,-16.80611],[14.79004,-16.83212],[14.7742,-16.8546],[14.74171,-16.87113],[14.72645,-16.89418],[14.74522,-16.92061],[14.73402,-16.95338],[14.69767,-17.03176],[14.67866,-17.0661],[14.6681,-17.09432],[14.65827,-17.11291],[14.64581,-17.14848],[14.6275,-17.17487],[14.60474,-17.21936],[14.62356,-17.24237],[14.67356,-17.21819],[14.73226,-17.12601],[14.74708,-17.0916],[14.79628,-16.94641],[14.82841,-16.86737],[14.84806,-16.82734],[14.88937,-16.7757],[14.91299,-16.75106],[14.95225,-16.71699],[14.94311,-16.68503],[14.93094,-16.65586],[14.89069,-16.58306],[14.87139,-16.55207],[14.83849,-16.51233],[14.76165,-16.45655],[14.73098,-16.42991],[14.68711,-16.40931],[14.64607,-16.40012],[14.53615,-16.36762],[14.4954,-16.33908],[14.46594,-16.31356],[14.43398,-16.29653],[14.40751,-16.27163],[14.36615,-16.2459],[14.34379,-16.22561],[14.32387,-16.20195],[14.29977,-16.17878],[14.25841,-16.15417],[14.20552,-16.18225]]]}},{"type":"Feature","properties":{"ISOCSUID":"AO104","LANDFORM":"LP","LITHOLOGY":"IB1","SOILS":"LPq","WRB":"Lithic Leptosols","DOMSOILS":"LP","CODE_WRB":"LP-li"},"geometry":{"type":"Polygon","coordinates":[[[13.61672,-16.33856],[13.63227,-16.33659],[13.65411,-16.3154],[13.67148,-16.31119],[13.68452,-16.31599],[13.69529,-16.31392],[13.70288,-16.28904],[13.69062,-16.27345],[13.71145,-16.27613],[13.72442,-16.28491],[13.73754,-16.28459],[13.74239,-16.28013],[13.74768,-16.24952],[13.73899,-16.23456],[13.73997,-16.21183],[13.73556,-16.1907],[13.7048,-16.17645],[13.70974,-16.20158],[13.71113,-16.22493],[13.70784,-16.24307],[13.68124,-16.2289],[13.67043,-16.23381],[13.66492,-16.24167],[13.65349,-16.24771],[13.62,-16.25331],[13.61395,-16.25775],[13.60832,-16.27299],[13.60927,-16.28666],[13.61869,-16.29424],[13.61609,-16.30613],[13.61672,-16.33856]]]}},{"type":"Feature","properties":{"ISOCSUID":"AO203","LANDFORM":"LV","LITHOLOGY":"UE","SOILS":"ARg","WRB":"Gleyic Arenosols","DOMSOILS":"AR","CODE_WRB":"AR-gl"},"geometry":{"type":"Polygon","coordinates":[[[22.37414,-17.1999],[22.36675,-17.19814],[22.33387,-17.20012],[22.27284,-17.1995],[22.23296,-17.16747],[22.18061,-17.14292],[22.12067,-17.13261],[22.07161,-17.13129],[22.02711,-17.11062],[22.00677,-17.05853],[21.97987,-17.00762],[21.96062,-16.94472],[21.89334,-16.80774],[21.85996,-16.76139],[21.82971,-16.72694],[21.79596,-16.69876],[21.69056,-16.67105],[21.63898,-16.64922],[21.59033,-16.62168],[21.56306,-16.58092],[21.51377,-16.54712],[21.46981,-16.50815],[21.43918,-16.48787],[21.4039,-16.48011],[21.34355,-16.47191],[21.29871,-16.46306],[21.27283,-16.43875],[21.25724,-16.36321],[21.2525,-16.30012],[21.25217,-16.26372],[21.2406,-16.23705],[21.21657,-16.21556],[21.19754,-16.22134],[21.1967,-16.26173],[21.20178,-16.29753],[21.20413,-16.3612],[21.21465,-16.40436],[21.15276,-16.35349],[21.11604,-16.31443],[21.08127,-16.29242],[21.03935,-16.27156],[20.99035,-16.25983],[20.93664,-16.25437],[20.88316,-16.2779],[20.85883,-16.29392],[20.85419,-16.31213],[20.90255,-16.31763],[20.95218,-16.33335],[20.9844,-16.33549],[21.00952,-16.34391],[21.05866,-16.37156],[21.12384,-16.45995],[21.1503,-16.48313],[21.19692,-16.49143],[21.28607,-16.51656],[21.37844,-16.56495],[21.40195,-16.58925],[21.48184,-16.63938],[21.50656,-16.66424],[21.57157,-16.71499],[21.60094,-16.72561],[21.64642,-16.73384],[21.70161,-16.75678],[21.74444,-16.79627],[21.78678,-16.84428],[21.81812,-16.86849],[21.83514,-16.8945],[21.86963,-16.93288],[21.89779,-16.99232],[21.9089,-17.02291],[21.88877,-17.04123],[21.85271,-17.02444],[21.7897,-17.0033],[21.75511,-17.01148],[21.7308,-17.03039],[21.71144,-17.06516],[21.62247,-17.07822],[21.58823,-17.0631],[21.48561,-17.02567],[21.43814,-17.00096],[21.39751,-17.00402],[21.27018,-17.07115],[21.22544,-17.08387],[21.19088,-17.09767],[21.10598,-17.10091],[21.06941,-17.09029],[21.0401,-17.08985],[21.00908,-17.09907],[21.00034,-17.1275],[21.03885,-17.15515],[21.08266,-17.17312],[21.13774,-17.17741],[21.16758,-17.16989],[21.21343,-17.14582],[21.26468,-17.12455],[21.3644,-17.10699],[21.40497,-17.09655],[21.44974,-17.08834],[21.47955,-17.07852],[21.5196,-17.07715],[21.55503,-17.09226],[21.58872,-17.11136],[21.63133,-17.12586],[21.66367,-17.1302],[21.69218,-17.11128],[21.72735,-17.09969],[21.80268,-17.09748],[21.83208,-17.10636],[21.90629,-17.11038],[21.93697,-17.12605],[21.97434,-17.15076],[22.05252,-17.18594],[22.09772,-17.21398],[22.19682,-17.24554],[22.24113,-17.24802],[22.29994,-17.26115],[22.38013,-17.27204],[22.3717,-17.25713],[22.34558,-17.2267],[22.36327,-17.20612],[22.37414,-17.1999]]]}},{"type":"Feature","properties":{"ISOCSUID":"AO119","LANDFORM":"LP","LITHOLOGY":"UE","SOILS":"ARh","WRB":"Eutric Arenosols","DOMSOILS":"AR","CODE_WRB":"AR-eu"},"geometry":{"type":"Polygon","coordinates":[[[16.2828,-16.4639],[16.3345,-16.47397],[16.36426,-16.48395],[16.39399,-16.49791],[16.37821,-16.53071],[16.32776,-16.56997],[16.2756,-16.59725],[16.22513,-16.63535],[16.19482,-16.68786],[16.17948,-16.73656],[16.17486,-16.78708],[16.1594,-16.84713],[16.14182,-16.94464],[16.14201,-16.99122],[16.13222,-17.01667],[16.10868,-17.04252],[16.07625,-17.05805],[16.03364,-17.0746],[15.99601,-17.07018],[15.97366,-17.09434],[15.99179,-17.13884],[15.99783,-17.19626],[16.01794,-17.22147],[16.02596,-17.2613],[16.03997,-17.2995],[16.04212,-17.33139],[16.05904,-17.35677],[16.10558,-17.38639],[16.12462,-17.39441],[16.15,-17.38427],[16.1923,-17.35043],[16.19597,-17.32284],[16.19032,-17.28304],[16.18277,-17.25742],[16.17707,-17.22443],[16.17559,-17.18751],[16.18423,-17.15695],[16.19926,-17.07818],[16.23048,-16.99277],[16.25828,-16.95616],[16.29322,-16.92303],[16.31922,-16.88695],[16.3338,-16.857],[16.3354,-16.80702],[16.31392,-16.72952],[16.30593,-16.68454],[16.32837,-16.64216],[16.36386,-16.60957],[16.40046,-16.58552],[16.45497,-16.56164],[16.50713,-16.53148],[16.55923,-16.50813],[16.69825,-16.42649],[16.736,-16.40183],[16.7601,-16.36567],[16.77291,-16.322],[16.74146,-16.29839],[16.71039,-16.30663],[16.66563,-16.31018],[16.63274,-16.32351],[16.60877,-16.33976],[16.57467,-16.3525],[16.46172,-16.3815],[16.42637,-16.40103],[16.35699,-16.42247],[16.2828,-16.4639]]]}},{"type":"Feature","properties":{"ISOCSUID":"AO107","LANDFORM":"LP","LITHOLOGY":"UE","SOILS":"ARo","WRB":"Rubi-Ferralic Arenosols","DOMSOILS":"AR","CODE_WRB":"AR-fl-ru"},"geometry":{"type":"Polygon","coordinates":[[[14.40983,-16.35755],[14.37957,-16.34623],[14.33003,-16.32004],[14.31651,-16.33491],[14.24713,-16.38603],[14.21651,-16.39857],[14.21134,-16.39848],[14.21283,-16.44343],[14.22031,-16.50041],[14.23262,-16.51541],[14.25205,-16.5328],[14.26251,-16.55175],[14.25749,-16.56758],[14.23927,-16.58772],[14.22944,-16.60574],[14.22429,-16.63009],[14.23582,-16.65701],[14.2818,-16.69646],[14.29451,-16.72509],[14.31139,-16.83392],[14.32968,-16.88934],[14.32924,-16.91888],[14.33788,-16.94004],[14.33273,-16.96495],[14.31869,-16.98402],[14.29864,-17.00526],[14.27084,-17.02466],[14.2587,-17.03695],[14.25311,-17.03843],[14.2606,-17.06879],[14.25685,-17.1187],[14.23853,-17.14336],[14.21923,-17.15325],[14.19742,-17.17104],[14.19292,-17.1914],[14.21105,-17.2184],[14.23933,-17.20754],[14.23412,-17.19666],[14.27042,-17.20922],[14.32865,-17.19659],[14.37733,-17.2224],[14.43627,-17.24213],[14.48905,-17.2748],[14.53029,-17.27889],[14.59335,-17.26346],[14.62226,-17.24077],[14.60474,-17.21936],[14.61457,-17.20035],[14.60329,-17.19492],[14.58615,-17.17988],[14.58709,-17.15605],[14.59239,-17.11922],[14.60613,-17.07799],[14.61954,-17.01744],[14.61884,-16.98164],[14.60916,-16.86219],[14.59414,-16.82558],[14.60788,-16.78319],[14.61218,-16.73269],[14.58832,-16.6874],[14.54448,-16.62075],[14.4808,-16.56513],[14.44648,-16.54409],[14.41529,-16.514],[14.38953,-16.48002],[14.37691,-16.44512],[14.38272,-16.41566],[14.39492,-16.39767],[14.40983,-16.35755]]]}},{"type":"Feature","properties":{"ISOCSUID":"AO108","LANDFORM":"LP","LITHOLOGY":"UE","SOILS":"LVh","WRB":"Chromic Luvisols","DOMSOILS":"LV","CODE_WRB":"LV-cr"},"geometry":{"type":"Polygon","coordinates":[[[14.61457,-17.20035],[14.6275,-17.17487],[14.64581,-17.14848],[14.65827,-17.11291],[14.6681,-17.09432],[14.67866,-17.0661],[14.69767,-17.03176],[14.73402,-16.95338],[14.74522,-16.92061],[14.72645,-16.89418],[14.74171,-16.87113],[14.7742,-16.8546],[14.79004,-16.83212],[14.79815,-16.80611],[14.81576,-16.78536],[14.83893,-16.74992],[14.85715,-16.7269],[14.86859,-16.6748],[14.85331,-16.65581],[14.84606,-16.61704],[14.82899,-16.59859],[14.81847,-16.58194],[14.78708,-16.56269],[14.75975,-16.55317],[14.73611,-16.53574],[14.7124,-16.52342],[14.68453,-16.5099],[14.6483,-16.49738],[14.61568,-16.48264],[14.53305,-16.41761],[14.50115,-16.39547],[14.46323,-16.37721],[14.40983,-16.35755],[14.39492,-16.39767],[14.38272,-16.41566],[14.37691,-16.44512],[14.38953,-16.48002],[14.41529,-16.514],[14.44648,-16.54409],[14.4808,-16.56513],[14.54448,-16.62075],[14.58832,-16.6874],[14.61218,-16.73269],[14.60788,-16.78319],[14.59414,-16.82558],[14.60916,-16.86219],[14.61884,-16.98164],[14.61954,-17.01744],[14.60613,-17.07799],[14.59239,-17.11922],[14.58709,-17.15605],[14.58615,-17.17988],[14.60329,-17.19492],[14.61457,-17.20035]]]}},{"type":"Feature","properties":{"ISOCSUID":"AO220","LANDFORM":"LP","LITHOLOGY":"UE","SOILS":"ARh","WRB":"Dystric Arenosols","DOMSOILS":"AR","CODE_WRB":"AR-dy"},"geometry":{"type":"Polygon","coordinates":[[[18.6658,-16.46079],[18.66239,-16.47655],[18.63793,-16.49522],[18.5872,-16.49505],[18.51978,-16.46582],[18.45835,-16.42124],[18.43178,-16.38862],[18.41656,-16.4478],[18.40461,-16.46594],[18.39027,-16.48237],[18.35404,-16.4957],[18.36637,-16.51354],[18.36809,-16.58402],[18.37879,-16.63238],[18.38049,-16.72785],[18.4192,-16.85868],[18.47111,-16.96227],[18.49322,-16.97712],[18.53505,-17.01305],[18.55894,-17.08582],[18.59181,-17.14385],[18.61573,-17.17118],[18.64983,-17.19741],[18.69769,-17.22595],[18.75214,-17.24712],[18.80361,-17.27508],[18.8515,-17.30245],[18.91138,-17.34233],[18.95511,-17.37818],[19.00963,-17.41575],[19.06599,-17.47885],[19.09241,-17.52769],[19.1188,-17.5493],[19.15121,-17.58736],[19.16926,-17.63503],[19.1694,-17.71329],[19.15084,-17.72744],[19.14248,-17.73759],[19.19881,-17.73546],[19.33311,-17.75604],[19.57892,-17.77492],[19.71143,-17.78343],[19.81453,-17.78283],[19.99385,-17.80083],[20.05208,-17.81551],[20.1306,-17.81257],[20.22827,-17.8022],[20.29179,-17.79811],[20.35426,-17.81839],[20.41979,-17.84885],[20.51245,-17.89793],[20.54914,-17.91484],[20.58338,-17.92381],[20.66495,-17.92356],[20.64078,-17.89699],[20.58728,-17.87902],[20.49469,-17.84129],[20.42849,-17.81125],[20.289,-17.72951],[20.10277,-17.64249],[20.05111,-17.61419],[20.01023,-17.58588],[19.96875,-17.55189],[19.83825,-17.42661],[19.69237,-17.31486],[19.66059,-17.2984],[19.61322,-17.26945],[19.57247,-17.25127],[19.53052,-17.22912],[19.48919,-17.21264],[19.40109,-17.15296],[19.33281,-17.11202],[19.29515,-17.06103],[19.25188,-17.01937],[19.17286,-16.95905],[19.13152,-16.90048],[19.11173,-16.85784],[19.09999,-16.81916],[19.08959,-16.83508],[19.08424,-16.85438],[19.06816,-16.89412],[19.04252,-16.93439],[19.0079,-16.97295],[18.96606,-16.97967],[18.92719,-16.95857],[18.91402,-16.93241],[18.90801,-16.90172],[18.91396,-16.86822],[18.91213,-16.82731],[18.89597,-16.79319],[18.88877,-16.74942],[18.9473,-16.74388],[18.96402,-16.73994],[18.97296,-16.72405],[18.94365,-16.67512],[18.92273,-16.64779],[18.86776,-16.6056],[18.84328,-16.59133],[18.73043,-16.51257],[18.71789,-16.49036],[18.67492,-16.46351],[18.6658,-16.46079]]]}},{"type":"Feature","properties":{"ISOCSUID":"AO105","LANDFORM":"LP","LITHOLOGY":"IB1","SOILS":"VRk","WRB":"Calcic Vertisols","DOMSOILS":"VR","CODE_WRB":"VR-cc"},"geometry":{"type":"Polygon","coordinates":[[[14.21134,-16.39848],[14.18609,-16.39804],[14.17984,-16.39568],[14.17709,-16.40072],[14.15533,-16.4191],[14.12785,-16.45898],[14.08799,-16.48897],[14.08705,-16.51056],[14.09735,-16.5386],[14.10633,-16.57514],[14.11609,-16.59976],[14.16277,-16.63128],[14.18272,-16.6538],[14.1872,-16.67321],[14.18571,-16.69251],[14.13632,-16.71891],[14.16522,-16.74216],[14.19016,-16.75169],[14.21528,-16.74986],[14.23824,-16.77242],[14.24509,-16.793],[14.21936,-16.79539],[14.2167,-16.81296],[14.23175,-16.84447],[14.23613,-16.87068],[14.23132,-16.9115],[14.23988,-16.93835],[14.24646,-16.97709],[14.23609,-16.98998],[14.25311,-17.03843],[14.2587,-17.03695],[14.27084,-17.02466],[14.29864,-17.00526],[14.31869,-16.98402],[14.33273,-16.96495],[14.33788,-16.94004],[14.32924,-16.91888],[14.32968,-16.88934],[14.31139,-16.83392],[14.29451,-16.72509],[14.2818,-16.69646],[14.23582,-16.65701],[14.22429,-16.63009],[14.22944,-16.60574],[14.23927,-16.58772],[14.25749,-16.56758],[14.26251,-16.55175],[14.25205,-16.5328],[14.23262,-16.51541],[14.22031,-16.50041],[14.21283,-16.44343],[14.21134,-16.39848]]]}},{"type":"Feature","properties":{"ISOCSUID":"AO111","LANDFORM":"LP","LITHOLOGY":"UF","SOILS":"SNk","WRB":"Calcic Solonetz","DOMSOILS":"SN","CODE_WRB":"SN-cc"},"geometry":{"type":"Polygon","coordinates":[[[15.18096,-16.4985],[15.1436,-16.50271],[15.08884,-16.53886],[15.04811,-16.59851],[14.99508,-16.68354],[14.96367,-16.71148],[14.95225,-16.71699],[14.91299,-16.75106],[14.88937,-16.7757],[14.84806,-16.82734],[14.80867,-16.91365],[14.77766,-16.99724],[14.74708,-17.0916],[14.73226,-17.12601],[14.67356,-17.21819],[14.62356,-17.24237],[14.62226,-17.24077],[14.59335,-17.26346],[14.5457,-17.2758],[14.55205,-17.30536],[14.57334,-17.29375],[14.6015,-17.29631],[14.60577,-17.31508],[14.5345,-17.38873],[15.48223,-17.39029],[15.76838,-17.39312],[15.7664,-17.36602],[15.75486,-17.32274],[15.73794,-17.27995],[15.72409,-17.22926],[15.72575,-17.18443],[15.68394,-17.11973],[15.66342,-17.08029],[15.63038,-17.03727],[15.58765,-17.00718],[15.52695,-16.98082],[15.4511,-16.9213],[15.41203,-16.88725],[15.41607,-16.84754],[15.45107,-16.8162],[15.49021,-16.78832],[15.52888,-16.74906],[15.56292,-16.74894],[15.59296,-16.73342],[15.56486,-16.70669],[15.52902,-16.68024],[15.51451,-16.65293],[15.47014,-16.62989],[15.37543,-16.61197],[15.31911,-16.57358],[15.29266,-16.54968],[15.24573,-16.53774],[15.18096,-16.4985]]]}},{"type":"Feature","properties":{"ISOCSUID":"AO103","LANDFORM":"LP","LITHOLOGY":"IB1","SOILS":"VRk","WRB":"Pelli-Calcic Vertisols","DOMSOILS":"VR","CODE_WRB":"VR-cc-pe"},"geometry":{"type":"Polygon","coordinates":[[[13.39249,-16.66218],[13.40923,-16.66138],[13.41489,-16.64558],[13.42659,-16.62592],[13.45472,-16.58953],[13.45158,-16.56503],[13.44421,-16.54327],[13.4343,-16.53],[13.37813,-16.50044],[13.36315,-16.50355],[13.32275,-16.52305],[13.31848,-16.54441],[13.31421,-16.59311],[13.28601,-16.62558],[13.27576,-16.65291],[13.27747,-16.68282],[13.29456,-16.69392],[13.31848,-16.69136],[13.33984,-16.68282],[13.35265,-16.67427],[13.3629,-16.68709],[13.38683,-16.68538],[13.39249,-16.66218]]]}},{"type":"Feature","properties":{"ISOCSUID":"AO1","LANDFORM":"LP","LITHOLOGY":"UE","SOILS":"DU","WRB":"Protic Arenosols","DOMSOILS":"DU","CODE_WRB":"AR-pr"},"geometry":{"type":"Polygon","coordinates":[[[11.76834,-16.79933],[11.77349,-16.79078],[11.77196,-16.78116],[11.76302,-16.76931],[11.7531,-16.732],[11.7468,-16.72173],[11.74739,-16.68593],[11.73883,-16.66398],[11.73595,-16.63877],[11.73744,-16.62223],[11.73322,-16.60506],[11.73459,-16.59908],[11.73023,-16.59178],[11.72918,-16.58192],[11.73355,-16.56766],[11.72771,-16.55441],[11.72946,-16.5397],[11.72643,-16.52229],[11.72091,-16.51776],[11.71472,-16.51758],[11.70122,-16.52275],[11.684,-16.53736],[11.68027,-16.54566],[11.68084,-16.57869],[11.70815,-16.66793],[11.71912,-16.69285],[11.73485,-16.74112],[11.7602,-16.79596],[11.76834,-16.79933]]]}},{"type":"Feature","properties":{"ISOCSUID":"AO55","LANDFORM":"LP","LITHOLOGY":"SC2","SOILS":"CLp","WRB":"Lepti-Petric Calcisols (Arenic)","DOMSOILS":"CL","CODE_WRB":"CL-pt-le"},"geometry":{"type":"Polygon","coordinates":[[[12.32449,-16.76883],[12.28285,-16.76913],[12.22879,-16.78205],[12.17878,-16.77403],[12.10171,-16.74003],[12.09863,-16.75163],[12.08437,-16.77402],[12.05846,-16.78362],[12.04488,-16.77646],[12.01959,-16.78494],[12.01214,-16.79726],[11.99961,-16.8481],[11.99682,-16.86564],[12.00254,-16.87658],[11.99149,-16.91495],[11.98218,-16.93006],[11.96042,-16.94032],[11.93587,-16.94198],[11.91267,-16.93686],[11.89144,-16.9244],[11.86807,-16.92666],[11.8617,-16.94354],[11.86139,-16.9566],[11.87062,-16.99603],[11.87529,-17.05182],[11.88929,-17.0925],[11.95734,-17.14349],[11.98248,-17.15889],[12.02122,-17.15157],[12.0466,-17.14099],[12.06141,-17.12406],[12.06987,-17.11983],[12.08891,-17.1156],[12.10206,-17.12062],[12.11189,-17.11501],[12.13606,-17.13093],[12.1503,-17.13582],[12.16619,-17.12087],[12.18408,-17.09687],[12.19308,-17.06926],[12.187,-17.04696],[12.19823,-17.02621],[12.21355,-17.00954],[12.24151,-16.96248],[12.25943,-16.96291],[12.26995,-16.97395],[12.28551,-16.94648],[12.30514,-16.89638],[12.32254,-16.81212],[12.32449,-16.76883]]]}},{"type":"Feature","properties":{"ISOCSUID":"AO238","LANDFORM":"LP","LITHOLOGY":"UE","SOILS":"ARo","WRB":"Rubi-Ferralic Arenosols","DOMSOILS":"AR","CODE_WRB":"AR-fl-ru"},"geometry":{"type":"Polygon","coordinates":[[[17.70049,-16.77522],[17.58276,-16.83036],[17.52235,-16.84585],[17.33625,-16.90644],[17.27936,-16.92987],[17.23141,-16.95676],[17.14679,-17.0214],[17.11253,-17.05463],[17.0991,-17.10506],[17.09934,-17.17092],[17.17803,-17.22562],[17.2436,-17.25312],[17.35571,-17.3187],[17.45936,-17.36312],[17.57545,-17.39574],[18.10527,-17.39361],[18.36196,-17.39589],[18.38358,-17.3942],[18.37387,-17.36724],[18.35297,-17.32346],[18.22912,-17.13624],[17.93634,-16.92308],[17.78402,-16.82577],[17.70049,-16.77522]]]}},{"type":"Feature","properties":{"ISOCSUID":"AO205","LANDFORM":"LV","LITHOLOGY":"UF","SOILS":"CLp","WRB":"Petric Calcisols","DOMSOILS":"CL","CODE_WRB":"CL-pt"},"geometry":{"type":"Polygon","coordinates":[[[19.29622,-16.93968],[19.28401,-16.94501],[19.26851,-16.966],[19.27097,-16.99895],[19.29779,-17.06658],[19.33281,-17.11202],[19.40109,-17.15296],[19.48919,-17.21264],[19.53052,-17.22912],[19.57247,-17.25127],[19.61322,-17.26945],[19.66059,-17.2984],[19.69237,-17.31486],[19.83825,-17.42661],[19.96875,-17.55189],[20.01023,-17.58588],[20.05111,-17.61419],[20.10277,-17.64249],[20.289,-17.72951],[20.42849,-17.81125],[20.41823,-17.78989],[20.4071,-17.73322],[20.42377,-17.7156],[20.44422,-17.70875],[20.4351,-17.7065],[20.36477,-17.67037],[20.32148,-17.64437],[20.25846,-17.62521],[20.17799,-17.58962],[20.12087,-17.54943],[20.0777,-17.53928],[20.03738,-17.50019],[19.97128,-17.45147],[19.90214,-17.384],[19.87266,-17.34884],[19.80842,-17.30063],[19.75796,-17.25184],[19.62846,-17.17465],[19.499,-17.0866],[19.34987,-16.99222],[19.29622,-16.93968]]]}},{"type":"Feature","properties":{"ISOCSUID":"AO57","LANDFORM":"SH","LITHOLOGY":"MA2","SOILS":"RO","WRB":"ROCK","DOMSOILS":"RO","CODE_WRB":"RO"},"geometry":{"type":"Polygon","coordinates":[[[14.5457,-17.2758],[14.53029,-17.27889],[14.48905,-17.2748],[14.43627,-17.24213],[14.37733,-17.2224],[14.32865,-17.19659],[14.27042,-17.20922],[14.23412,-17.19666],[14.23933,-17.20754],[14.21105,-17.2184],[14.19932,-17.20093],[14.18123,-17.21164],[14.15941,-17.22999],[14.07565,-17.22907],[14.05507,-17.24403],[14.04624,-17.27225],[14.02679,-17.29064],[14.01733,-17.32055],[14.02879,-17.38944],[14.03692,-17.42341],[14.04943,-17.43113],[14.06223,-17.43198],[14.08953,-17.44137],[14.09892,-17.44222],[14.10404,-17.43881],[14.11172,-17.42686],[14.1339,-17.43283],[14.13817,-17.42942],[14.15694,-17.42515],[14.16377,-17.41833],[14.18081,-17.41203],[14.20503,-17.40677],[14.21345,-17.39905],[14.21432,-17.38406],[14.39479,-17.38809],[14.42392,-17.37581],[14.48738,-17.34197],[14.52334,-17.3187],[14.55205,-17.30536],[14.5457,-17.2758]]]}},{"type":"Feature","properties":{"ISOCSUID":"AO107","LANDFORM":"LP","LITHOLOGY":"UE","SOILS":"ARo","WRB":"Rubi-Ferralic Arenosols","DOMSOILS":"AR","CODE_WRB":"AR-fl-ru"},"geometry":{"type":"Polygon","coordinates":[[[14.39479,-17.38809],[14.5345,-17.38873],[14.60577,-17.31508],[14.6015,-17.29631],[14.57334,-17.29375],[14.52334,-17.3187],[14.48738,-17.34197],[14.42392,-17.37581],[14.39479,-17.38809]]]}},{"type":"Feature","properties":{"ISOCSUID":"AO219","LANDFORM":"LP","LITHOLOGY":"UE","SOILS":"ARh","WRB":"Dystric Arenosols","DOMSOILS":"AR","CODE_WRB":"AR-dy"},"geometry":{"type":"Polygon","coordinates":[[[23.06351,-17.42096],[23.02698,-17.41649],[22.96588,-17.4143],[22.89419,-17.42527],[22.871,-17.43686],[22.84896,-17.44446],[22.82857,-17.4424],[22.80854,-17.42387],[22.78685,-17.41444],[22.75566,-17.41078],[22.69318,-17.39494],[22.65452,-17.41347],[22.64338,-17.4306],[22.62097,-17.45578],[22.57593,-17.49025],[22.52052,-17.51175],[22.49306,-17.51881],[22.46132,-17.51909],[22.42654,-17.51543],[22.38206,-17.50334],[22.33992,-17.48668],[22.31769,-17.4812],[22.2878,-17.48486],[22.24095,-17.47447],[22.187,-17.4698],[22.14093,-17.47301],[22.09971,-17.48127],[22.07,-17.50136],[22.02948,-17.51869],[21.992,-17.54053],[21.95863,-17.55553],[21.92934,-17.56141],[21.87051,-17.54992],[21.83303,-17.57344],[21.70553,-17.58224],[21.66012,-17.59388],[21.63847,-17.58608],[21.59368,-17.5994],[21.55538,-17.60418],[21.54966,-17.6303],[21.56966,-17.65287],[21.59138,-17.66748],[21.5796,-17.68797],[21.5449,-17.69385],[21.52781,-17.72288],[21.50567,-17.78765],[21.47884,-17.80198],[21.4051,-17.8024],[21.37264,-17.79294],[21.33965,-17.79142],[21.3184,-17.82668],[21.31383,-17.85165],[21.32239,-17.86975],[21.36769,-17.90409],[21.37834,-17.92884],[21.47755,-17.97659],[21.52122,-18.00916],[22.92918,-17.73939],[23.37831,-17.64932],[23.36273,-17.62716],[23.29371,-17.58315],[23.25087,-17.54983],[23.24071,-17.54985],[23.23136,-17.5432],[23.22729,-17.53907],[23.2256,-17.52714],[23.13017,-17.46814],[23.06351,-17.42096]]]}},{"type":"Feature","properties":{"ISOCSUID":"AO207","LANDFORM":"LV","LITHOLOGY":"UF","SOILS":"FLe","WRB":"Eutric Fluvisols","DOMSOILS":"FL","CODE_WRB":"FL-eu"},"geometry":{"type":"Polygon","coordinates":[[[18.58374,-17.46517],[18.53963,-17.47683],[18.52884,-17.49381],[18.53362,-17.51936],[18.53108,-17.52639],[18.53514,-17.52925],[18.5377,-17.53523],[18.54026,-17.54888],[18.54794,-17.5668],[18.55903,-17.57619],[18.56756,-17.58813],[18.59999,-17.5924],[18.61535,-17.61117],[18.61535,-17.62738],[18.61876,-17.63762],[18.62473,-17.64445],[18.62985,-17.64445],[18.69811,-17.69735],[18.73054,-17.71783],[18.73993,-17.72978],[18.7459,-17.74257],[18.75272,-17.74599],[18.76211,-17.74684],[18.76979,-17.74172],[18.77662,-17.74257],[18.78515,-17.76135],[18.79624,-17.77244],[18.80989,-17.77671],[18.83635,-17.77841],[18.84317,-17.78353],[18.84403,-17.79036],[18.84915,-17.79719],[18.85682,-17.79719],[18.86877,-17.81084],[18.88328,-17.80657],[18.90034,-17.82022],[18.91656,-17.82449],[18.94813,-17.82278],[18.96349,-17.82961],[18.98652,-17.83473],[18.99335,-17.83046],[19.00103,-17.83046],[19.02663,-17.83644],[19.10854,-17.83985],[19.11793,-17.83644],[19.12646,-17.81766],[19.13329,-17.81425],[19.16401,-17.81766],[19.17083,-17.81425],[19.19217,-17.82364],[19.20923,-17.8262],[19.22288,-17.83132],[19.22971,-17.83132],[19.23824,-17.82364],[19.24763,-17.82022],[19.26384,-17.8279],[19.27067,-17.82534],[19.28347,-17.83132],[19.29115,-17.83814],[19.30395,-17.83558],[19.3176,-17.84241],[19.32528,-17.83985],[19.3321,-17.8407],[19.33381,-17.84753],[19.32016,-17.85265],[19.32357,-17.85862],[19.3449,-17.85521],[19.3577,-17.86203],[19.36197,-17.85265],[19.37221,-17.8535],[19.39013,-17.86545],[19.40719,-17.87057],[19.42255,-17.86801],[19.43108,-17.86971],[19.45839,-17.86289],[19.48484,-17.87227],[19.49423,-17.86801],[19.49935,-17.87313],[19.50361,-17.87227],[19.50617,-17.86374],[19.51215,-17.86289],[19.54969,-17.87227],[19.57017,-17.87313],[19.5787,-17.86716],[19.59577,-17.86459],[19.61369,-17.8663],[19.62393,-17.86033],[19.64953,-17.8535],[19.66318,-17.8535],[19.67768,-17.85862],[19.70243,-17.88934],[19.71181,-17.88678],[19.70499,-17.88166],[19.70414,-17.87825],[19.7212,-17.88251],[19.72803,-17.89446],[19.73315,-17.89702],[19.73571,-17.90555],[19.74765,-17.91323],[19.75789,-17.91409],[19.76728,-17.90726],[19.77155,-17.89531],[19.78264,-17.88934],[19.79117,-17.88081],[19.79885,-17.87654],[19.81592,-17.87483],[19.84919,-17.88422],[19.87564,-17.88507],[19.8893,-17.88337],[19.91319,-17.8663],[19.92087,-17.8663],[19.95585,-17.8791],[19.96865,-17.89275],[19.99681,-17.88934],[20.01729,-17.90129],[20.02753,-17.90299],[20.0591,-17.8919],[20.08299,-17.89531],[20.10859,-17.91153],[20.11371,-17.91238],[20.12139,-17.90811],[20.12907,-17.90726],[20.15296,-17.89105],[20.16576,-17.88934],[20.17003,-17.88081],[20.19136,-17.88763],[20.20331,-17.88678],[20.22037,-17.89105],[20.23402,-17.88934],[20.24085,-17.89617],[20.25024,-17.89275],[20.2528,-17.88934],[20.2528,-17.88337],[20.25962,-17.87398],[20.2673,-17.87057],[20.27669,-17.87057],[20.28778,-17.87825],[20.2929,-17.8791],[20.29973,-17.86886],[20.31679,-17.86459],[20.32618,-17.86886],[20.34751,-17.88593],[20.37311,-17.89958],[20.37738,-17.89702],[20.39017,-17.89787],[20.39274,-17.90043],[20.40127,-17.90043],[20.41578,-17.90896],[20.44052,-17.91153],[20.45247,-17.9175],[20.45758,-17.92347],[20.46356,-17.93798],[20.47294,-17.94907],[20.48148,-17.94907],[20.49342,-17.95334],[20.51305,-17.96869],[20.54718,-17.9832],[20.58131,-17.98235],[20.5924,-17.97637],[20.60435,-17.97552],[20.61374,-17.98576],[20.6163,-17.97808],[20.62056,-17.97723],[20.63336,-17.98235],[20.64616,-17.97808],[20.65725,-17.98576],[20.67859,-17.99259],[20.68712,-18.00709],[20.70504,-18.01733],[20.7093,-18.01733],[20.71442,-18.01307],[20.72125,-18.01562],[20.73063,-18.01477],[20.74258,-18.00795],[20.75026,-18.0088],[20.75282,-18.01136],[20.75197,-18.02074],[20.75367,-18.02331],[20.76221,-18.02587],[20.76989,-18.02245],[20.78268,-18.02928],[20.79548,-18.02928],[20.81255,-18.04122],[20.83815,-18.04122],[20.84754,-18.03781],[20.85948,-18.03781],[20.86801,-18.03354],[20.86972,-18.02587],[20.86545,-18.0216],[20.86972,-18.0088],[20.87825,-18.00539],[20.89105,-18.00539],[20.89447,-17.99344],[20.89788,-17.99429],[20.92774,-17.98491],[20.93542,-17.97979],[20.94396,-17.96699],[20.98065,-17.95504],[20.99857,-17.95931],[21.03355,-17.95675],[21.03782,-17.95419],[21.05915,-17.95419],[21.06598,-17.94736],[21.07109,-17.94651],[21.10096,-17.95078],[21.10693,-17.94907],[21.11802,-17.93798],[21.1385,-17.94139],[21.14192,-17.93798],[21.1513,-17.93798],[21.15728,-17.93456],[21.17861,-17.93798],[21.18544,-17.93542],[21.21957,-17.93371],[21.22895,-17.93968],[21.24175,-17.95504],[21.27503,-17.96869],[21.281,-17.96528],[21.29551,-17.97467],[21.30916,-17.97637],[21.32196,-17.98576],[21.35695,-17.98661],[21.36804,-17.99088],[21.37572,-17.99856],[21.38084,-18.00795],[21.40644,-18.01051],[21.41668,-18.01392],[21.42691,-18.02416],[21.43715,-18.02501],[21.52122,-18.00916],[21.47755,-17.97659],[21.3522,-17.91551],[21.29451,-17.90221],[21.21764,-17.8907],[21.15091,-17.87231],[21.04895,-17.86938],[20.92204,-17.89769],[20.86677,-17.88487],[20.80534,-17.84939],[20.74582,-17.82749],[20.68441,-17.79141],[20.57812,-17.76395],[20.50113,-17.72277],[20.44422,-17.70875],[20.42377,-17.7156],[20.4071,-17.73322],[20.41823,-17.78989],[20.42849,-17.81125],[20.49469,-17.84129],[20.58728,-17.87902],[20.64078,-17.89699],[20.66495,-17.92356],[20.58338,-17.92381],[20.54914,-17.91484],[20.51245,-17.89793],[20.41979,-17.84885],[20.35426,-17.81839],[20.29179,-17.79811],[20.22827,-17.8022],[20.1306,-17.81257],[20.05208,-17.81551],[19.99385,-17.80083],[19.81453,-17.78283],[19.71143,-17.78343],[19.46741,-17.76693],[19.33311,-17.75604],[19.19881,-17.73546],[19.07775,-17.74149],[19.05616,-17.73124],[19.00461,-17.73341],[18.98124,-17.72995],[18.86374,-17.69905],[18.82178,-17.67909],[18.69473,-17.58117],[18.66778,-17.55613],[18.64502,-17.52315],[18.58374,-17.46517]]]}},{"type":"Feature","properties":{"ISOCSUID":"AO208","LANDFORM":"LV","LITHOLOGY":"UF","SOILS":"FLe","WRB":"Eutric Fluvisols","DOMSOILS":"FL","CODE_WRB":"FL-eu"},"geometry":{"type":"Polygon","coordinates":[[[23.25087,-17.54983],[23.29371,-17.58315],[23.36273,-17.62716],[23.37831,-17.64932],[23.42815,-17.63928],[23.42401,-17.61244],[23.40457,-17.59412],[23.39161,-17.58244],[23.38202,-17.57786],[23.3643,-17.57928],[23.33767,-17.55453],[23.32618,-17.55455],[23.31327,-17.56192],[23.30368,-17.55367],[23.28451,-17.5452],[23.25087,-17.54983]]]}}]}